1544844000000,84.19000000,84.19000000,84.19000000,84.19000000,0.13448000,1544844299999,11.32187120,1,0.13448000,11.32187120,0
1544844300000,84.19000000,84.19000000,84.19000000,84.19000000,0.00000000,1544844599999,0.00000000,0,0.00000000,0.00000000,0
1544844600000,84.19000000,84.19000000,84.19000000,84.19000000,0.00000000,1544844899999,0.00000000,0,0.00000000,0.00000000,0
1544844900000,84.19000000,84.19000000,84.19000000,84.19000000,0.00000000,1544845199999,0.00000000,0,0.00000000,0.00000000,0
1544845200000,84.19000000,84.19000000,84.19000000,84.19000000,0.00000000,1544845499999,0.00000000,0,0.00000000,0.00000000,0
1544845500000,90.27000000,90.27000000,90.27000000,90.27000000,0.01575000,1544845799999,1.42175250,1,0.01575000,1.42175250,0
1544845800000,83.61000000,83.61000000,83.61000000,83.61000000,1.00370000,1544846099999,83.91935700,1,0.00000000,0.00000000,0
1544846100000,83.61000000,83.61000000,83.61000000,83.61000000,0.00000000,1544846399999,0.00000000,0,0.00000000,0.00000000,0
1544846400000,84.02000000,84.02000000,84.02000000,84.02000000,6.55659000,1544846699999,550.88469180,1,6.55659000,550.88469180,0
1544846700000,84.02000000,84.02000000,84.02000000,84.02000000,0.59450000,1544846999999,49.94989000,1,0.59450000,49.94989000,0
1544847000000,84.02000000,84.02000000,84.02000000,84.02000000,0.00000000,1544847299999,0.00000000,0,0.00000000,0.00000000,0
1544847300000,83.71000000,83.71000000,83.71000000,83.71000000,2.31009000,1544847599999,193.37763390,2,2.31009000,193.37763390,0
1544847600000,84.04000000,84.04000000,84.04000000,84.04000000,0.01575000,1544847899999,1.32363000,1,0.01575000,1.32363000,0
1544847900000,84.04000000,84.04000000,84.04000000,84.04000000,0.57104000,1544848199999,47.99020160,1,0.00000000,0.00000000,0
1544848200000,83.45000000,83.45000000,83.45000000,83.45000000,4.13110000,1544848499999,344.74029500,1,0.00000000,0.00000000,0
1544848500000,83.45000000,83.45000000,83.45000000,83.45000000,20.92918000,1544848799999,1746.54007100,1,0.00000000,0.00000000,0
1544848800000,83.45000000,83.45000000,83.45000000,83.45000000,0.00000000,1544849099999,0.00000000,0,0.00000000,0.00000000,0
1544849100000,83.45000000,83.45000000,83.45000000,83.45000000,0.00000000,1544849399999,0.00000000,0,0.00000000,0.00000000,0
1544849400000,83.45000000,83.45000000,83.45000000,83.45000000,0.00000000,1544849699999,0.00000000,0,0.00000000,0.00000000,0
1544849700000,83.97000000,83.97000000,83.91000000,83.91000000,0.03150000,1544849999999,2.64411000,2,0.03150000,2.64411000,0
1544850000000,83.91000000,83.91000000,83.91000000,83.91000000,1.00000000,1544850299999,83.91000000,1,1.00000000,83.91000000,0
1544850300000,83.85000000,83.85000000,83.85000000,83.85000000,0.01575000,1544850599999,1.32063750,1,0.01575000,1.32063750,0
1544850600000,83.88000000,83.88000000,83.56000000,83.56000000,1.04564000,1544850899999,87.37871840,2,0.01575000,1.32111000,0
1544850900000,83.56000000,83.56000000,83.56000000,83.56000000,0.00000000,1544851199999,0.00000000,0,0.00000000,0.00000000,0
1544851200000,83.32000000,83.79000000,83.32000000,83.79000000,3.79579000,1544851499999,316.27262530,2,0.01575000,1.31969250,0
1544851500000,83.79000000,83.79000000,83.79000000,83.79000000,0.00000000,1544851799999,0.00000000,0,0.00000000,0.00000000,0
1544851800000,83.79000000,83.79000000,83.79000000,83.79000000,0.00000000,1544852099999,0.00000000,0,0.00000000,0.00000000,0
1544852100000,83.79000000,83.79000000,83.79000000,83.79000000,0.00000000,1544852399999,0.00000000,0,0.00000000,0.00000000,0
1544852400000,83.79000000,83.79000000,83.79000000,83.79000000,0.00000000,1544852699999,0.00000000,0,0.00000000,0.00000000,0
1544852700000,83.99000000,83.99000000,83.99000000,83.99000000,0.01575000,1544852999999,1.32284250,1,0.01575000,1.32284250,0
1544853000000,83.99000000,83.99000000,83.99000000,83.99000000,0.01575000,1544853299999,1.32284250,1,0.01575000,1.32284250,0
1544853300000,83.99000000,83.99000000,83.99000000,83.99000000,0.00000000,1544853599999,0.00000000,0,0.00000000,0.00000000,0
1544853600000,84.06000000,84.06000000,84.06000000,84.06000000,1.70000000,1544853899999,142.90200000,1,1.70000000,142.90200000,0
1544853900000,84.06000000,84.06000000,84.06000000,84.06000000,0.00000000,1544854199999,0.00000000,0,0.00000000,0.00000000,0
1544854200000,84.06000000,84.06000000,84.06000000,84.06000000,0.00000000,1544854499999,0.00000000,0,0.00000000,0.00000000,0
1544854500000,84.06000000,84.06000000,84.06000000,84.06000000,0.00000000,1544854799999,0.00000000,0,0.00000000,0.00000000,0
1544854800000,84.06000000,84.06000000,84.06000000,84.06000000,0.00000000,1544855099999,0.00000000,0,0.00000000,0.00000000,0
1544855100000,83.99000000,83.99000000,83.99000000,83.99000000,0.03150000,1544855399999,2.64568500,2,0.03150000,2.64568500,0
1544855400000,83.99000000,83.99000000,83.99000000,83.99000000,0.00000000,1544855699999,0.00000000,0,0.00000000,0.00000000,0
1544855700000,83.99000000,83.99000000,83.99000000,83.99000000,0.00000000,1544855999999,0.00000000,0,0.00000000,0.00000000,0
1544856000000,83.99000000,83.99000000,83.99000000,83.99000000,0.00000000,1544856299999,0.00000000,0,0.00000000,0.00000000,0
1544856300000,83.96000000,83.96000000,83.95000000,83.95000000,0.03150000,1544856599999,2.64458250,2,0.03150000,2.64458250,0
1544856600000,83.51000000,83.51000000,83.51000000,83.51000000,0.36225000,1544856899999,30.25149750,1,0.00000000,0.00000000,0
1544856900000,83.51000000,83.51000000,83.51000000,83.51000000,0.00000000,1544857199999,0.00000000,0,0.00000000,0.00000000,0
1544857200000,83.35000000,83.35000000,83.35000000,83.35000000,17.05821000,1544857499999,1421.80180350,3,15.89049000,1324.47234150,0
1544857500000,83.35000000,83.35000000,83.35000000,83.35000000,0.00000000,1544857799999,0.00000000,0,0.00000000,0.00000000,0
1544857800000,82.00000000,83.54000000,82.00000000,83.54000000,2.03150000,1544858099999,168.94725500,3,2.03150000,168.94725500,0
1544858100000,83.54000000,83.54000000,83.54000000,83.54000000,0.00000000,1544858399999,0.00000000,0,0.00000000,0.00000000,0
1544858400000,83.54000000,83.54000000,83.54000000,83.54000000,0.00000000,1544858699999,0.00000000,0,0.00000000,0.00000000,0
1544858700000,83.54000000,83.54000000,83.54000000,83.54000000,0.00000000,1544858999999,0.00000000,0,0.00000000,0.00000000,0
1544859000000,83.54000000,83.54000000,83.54000000,83.54000000,0.00000000,1544859299999,0.00000000,0,0.00000000,0.00000000,0
1544859300000,83.54000000,83.54000000,83.54000000,83.54000000,0.00000000,1544859599999,0.00000000,0,0.00000000,0.00000000,0
1544859600000,83.54000000,83.54000000,83.54000000,83.54000000,0.00000000,1544859899999,0.00000000,0,0.00000000,0.00000000,0
1544859900000,83.53000000,83.54000000,83.52000000,83.52000000,7.10156000,1544860199999,593.22935030,6,3.76927000,314.88316660,0
1544860200000,83.53000000,83.53000000,83.53000000,83.53000000,0.01575000,1544860499999,1.31559750,1,0.01575000,1.31559750,0
1544860500000,83.51000000,83.51000000,83.51000000,83.51000000,0.01575000,1544860799999,1.31528250,1,0.01575000,1.31528250,0
1544860800000,83.51000000,83.51000000,83.51000000,83.51000000,0.00000000,1544861099999,0.00000000,0,0.00000000,0.00000000,0
1544861100000,83.49000000,83.49000000,83.24000000,83.24000000,60.03050000,1544861399999,4996.94275750,2,0.01575000,1.31496750,0
1544861400000,83.24000000,83.24000000,83.24000000,83.24000000,0.00000000,1544861699999,0.00000000,0,0.00000000,0.00000000,0
1544861700000,83.24000000,83.24000000,83.24000000,83.24000000,0.00000000,1544861999999,0.00000000,0,0.00000000,0.00000000,0
1544862000000,83.24000000,83.24000000,83.24000000,83.24000000,0.00000000,1544862299999,0.00000000,0,0.00000000,0.00000000,0
1544862300000,83.24000000,83.24000000,83.24000000,83.24000000,0.00000000,1544862599999,0.00000000,0,0.00000000,0.00000000,0
1544862600000,83.55000000,83.55000000,83.55000000,83.55000000,0.57015000,1544862899999,47.63603250,1,0.00000000,0.00000000,0
1544862900000,83.57000000,83.57000000,83.20000000,83.56000000,2.83626000,1544863199999,235.98832950,3,0.03150000,2.63229750,0
1544863200000,83.56000000,83.56000000,83.56000000,83.56000000,0.00000000,1544863499999,0.00000000,0,0.00000000,0.00000000,0
1544863500000,83.56000000,83.56000000,83.56000000,83.56000000,0.00000000,1544863799999,0.00000000,0,0.00000000,0.00000000,0
1544863800000,83.59000000,83.59000000,83.59000000,83.59000000,0.01575000,1544864099999,1.31654250,1,0.01575000,1.31654250,0
1544864100000,83.59000000,83.59000000,83.59000000,83.59000000,0.00000000,1544864399999,0.00000000,0,0.00000000,0.00000000,0
1544864400000,83.59000000,83.59000000,83.59000000,83.59000000,0.00000000,1544864699999,0.00000000,0,0.00000000,0.00000000,0
1544864700000,83.44000000,83.44000000,83.44000000,83.44000000,1.22700000,1544864999999,102.38088000,1,1.22700000,102.38088000,0
1544865000000,83.44000000,83.44000000,83.44000000,83.44000000,0.00000000,1544865299999,0.00000000,0,0.00000000,0.00000000,0
1544865300000,82.44000000,83.44000000,82.44000000,83.44000000,0.13827000,1544865599999,11.41472880,2,0.13827000,11.41472880,0
1544865600000,83.05000000,83.05000000,83.05000000,83.05000000,0.01575000,1544865899999,1.30803750,1,0.01575000,1.30803750,0
1544865900000,82.92000000,82.92000000,82.92000000,82.92000000,0.01575000,1544866199999,1.30599000,1,0.01575000,1.30599000,0
1544866200000,82.92000000,82.92000000,82.92000000,82.92000000,0.00000000,1544866499999,0.00000000,0,0.00000000,0.00000000,0
1544866500000,82.75000000,82.75000000,82.15000000,82.69000000,6.69677000,1544866799999,553.96482050,5,5.84193000,483.41876250,0
1544866800000,82.69000000,82.69000000,82.69000000,82.69000000,0.00000000,1544867099999,0.00000000,0,0.00000000,0.00000000,0
1544867100000,82.74000000,82.87000000,82.22000000,82.22000000,0.76299000,1544867399999,62.76705780,5,0.06300000,5.21388000,0
1544867400000,82.89000000,82.89000000,82.89000000,82.89000000,0.01575000,1544867699999,1.30551750,1,0.01575000,1.30551750,0
1544867700000,82.75000000,82.75000000,82.75000000,82.75000000,1.33130000,1544867999999,110.16507500,1,1.33130000,110.16507500,0
1544868000000,82.80000000,82.80000000,82.80000000,82.80000000,0.01575000,1544868299999,1.30410000,1,0.01575000,1.30410000,0
1544868300000,82.61000000,82.61000000,82.61000000,82.61000000,0.03150000,1544868599999,2.60221500,2,0.03150000,2.60221500,0
1544868600000,82.24000000,82.52000000,82.13000000,82.52000000,0.19655000,1544868899999,16.19867350,5,0.06300000,5.17812750,0
1544868900000,81.61000000,82.66000000,81.61000000,82.66000000,5.32703000,1544869199999,436.45372580,9,4.60238000,377.31503930,0
1544869200000,82.66000000,82.66000000,82.65000000,82.66000000,0.06300000,1544869499999,5.20742250,4,0.06300000,5.20742250,0
1544869500000,82.73000000,82.77000000,82.70000000,82.75000000,0.07875000,1544869799999,6.51498750,5,0.07875000,6.51498750,0
1544869800000,82.77000000,82.77000000,82.64000000,82.64000000,0.09450000,1544870099999,7.81326000,6,0.09450000,7.81326000,0
1544870100000,82.66000000,82.69000000,82.63000000,82.69000000,0.11025000,1544870399999,9.11326500,7,0.11025000,9.11326500,0
1544870400000,82.77000000,82.77000000,82.59000000,82.63000000,0.31078000,1544870699999,25.71459810,5,0.31078000,25.71459810,0
1544870700000,82.64000000,82.66000000,82.56000000,82.56000000,0.07875000,1544870999999,6.50632500,5,0.07875000,6.50632500,0
1544871000000,82.60000000,82.60000000,82.50000000,82.51000000,0.04725000,1544871299999,3.89985750,3,0.04725000,3.89985750,0
1544871300000,82.45000000,82.50000000,82.45000000,82.50000000,0.06300000,1544871599999,5.19671250,4,0.06300000,5.19671250,0
1544871600000,82.51000000,82.51000000,81.65000000,81.65000000,1.24952000,1544871899999,102.07717300,5,0.06300000,5.19781500,0
1544871900000,82.49000000,82.71000000,82.44000000,82.71000000,0.04725000,1544872199999,3.90033000,3,0.04725000,3.90033000,0
1544872200000,82.60000000,83.14000000,81.61000000,83.14000000,1.70158000,1544872499999,139.78961590,6,0.69653000,57.76748540,0
1544872500000,83.13000000,83.15000000,83.13000000,83.15000000,0.06300000,1544872799999,5.23750500,4,0.06300000,5.23750500,0
1544872800000,83.13000000,83.15000000,82.99000000,83.15000000,0.06300000,1544873099999,5.23530000,4,0.06300000,5.23530000,0
1544873100000,83.13000000,83.14000000,83.13000000,83.14000000,0.03150000,1544873399999,2.61875250,2,0.03150000,2.61875250,0
1544873400000,83.13000000,83.13000000,83.13000000,83.13000000,0.04725000,1544873699999,3.92789250,3,0.04725000,3.92789250,0
1544873700000,83.13000000,83.13000000,83.13000000,83.13000000,0.03150000,1544873999999,2.61859500,2,0.03150000,2.61859500,0
1544874000000,83.12000000,83.12000000,83.12000000,83.12000000,0.01575000,1544874299999,1.30914000,1,0.01575000,1.30914000,0
1544874300000,83.12000000,83.12000000,83.12000000,83.12000000,0.01575000,1544874599999,1.30914000,1,0.01575000,1.30914000,0
1544874600000,83.12000000,83.13000000,83.12000000,83.13000000,0.03150000,1544874899999,2.61843750,2,0.03150000,2.61843750,0
1544874900000,83.08000000,83.09000000,83.08000000,83.09000000,0.03150000,1544875199999,2.61717750,2,0.03150000,2.61717750,0
1544875200000,83.10000000,83.10000000,83.10000000,83.10000000,0.01575000,1544875499999,1.30882500,1,0.01575000,1.30882500,0
1544875500000,82.95000000,82.95000000,81.77000000,81.77000000,0.20375000,1544875799999,16.67922250,2,0.01575000,1.30646250,0
1544875800000,82.95000000,82.97000000,82.95000000,82.97000000,0.06300000,1544876099999,5.22663750,4,0.06300000,5.22663750,0
1544876100000,82.95000000,82.95000000,82.95000000,82.95000000,0.01575000,1544876399999,1.30646250,1,0.01575000,1.30646250,0
1544876400000,82.96000000,82.97000000,82.70000000,82.97000000,2.58816000,1544876699999,214.04917950,4,0.03150000,2.61339750,0
1544876700000,82.96000000,82.97000000,82.96000000,82.96000000,0.06300000,1544876999999,5.22663750,4,0.06300000,5.22663750,0
1544877000000,82.96000000,82.96000000,82.96000000,82.96000000,0.03150000,1544877299999,2.61324000,2,0.03150000,2.61324000,0
1544877300000,82.97000000,82.97000000,82.96000000,82.97000000,0.06300000,1544877599999,5.22679500,4,0.06300000,5.22679500,0
1544877600000,82.98000000,83.00000000,82.98000000,82.99000000,0.04725000,1544877899999,3.92127750,3,0.04725000,3.92127750,0
1544877900000,82.99000000,82.99000000,82.98000000,82.98000000,0.06300000,1544878199999,5.22789750,4,0.06300000,5.22789750,0
1544878200000,82.98000000,82.98000000,82.83000000,82.83000000,0.07875000,1544878499999,6.52758750,5,0.07875000,6.52758750,0
1544878500000,82.84000000,82.84000000,82.65000000,82.65000000,0.07875000,1544878799999,6.51798000,5,0.07875000,6.51798000,0
1544878800000,82.61000000,82.61000000,82.54000000,82.56000000,0.07875000,1544879099999,6.50270250,5,0.07875000,6.50270250,0
1544879100000,82.60000000,83.22000000,82.54000000,83.22000000,3.06300000,1544879399999,253.02978750,5,3.06300000,253.02978750,0
1544879400000,83.19000000,83.19000000,82.94000000,82.94000000,0.06300000,1544879699999,5.23514250,4,0.06300000,5.23514250,0
1544879700000,83.31000000,83.31000000,82.94000000,82.95000000,0.06300000,1544879999999,5.23215000,4,0.06300000,5.23215000,0
1544880000000,82.89000000,82.89000000,82.81000000,82.81000000,0.03150000,1544880299999,2.60977500,2,0.03150000,2.60977500,0
1544880300000,81.74000000,83.06000000,81.74000000,82.68000000,2.16687000,1544880599999,178.72790760,5,0.15000000,12.40200000,0
1544880600000,82.00000000,82.00000000,82.00000000,82.00000000,0.69200000,1544880899999,56.74400000,1,0.00000000,0.00000000,0
1544880900000,82.03000000,82.03000000,82.03000000,82.03000000,1.64999000,1544881199999,135.34867970,1,0.00000000,0.00000000,0
1544881200000,82.03000000,82.03000000,82.03000000,82.03000000,0.00000000,1544881499999,0.00000000,0,0.00000000,0.00000000,0
1544881500000,82.04000000,82.04000000,82.04000000,82.04000000,104.92113000,1544881799999,8607.72950520,1,0.00000000,0.00000000,0
1544881800000,82.04000000,82.82000000,82.04000000,82.82000000,14.00000000,1544882099999,1149.34000000,2,1.00000000,82.82000000,0
1544882100000,82.89000000,82.89000000,82.89000000,82.89000000,0.01575000,1544882399999,1.30551750,1,0.01575000,1.30551750,0
1544882400000,82.56000000,82.56000000,82.56000000,82.56000000,0.01575000,1544882699999,1.30032000,1,0.01575000,1.30032000,0
1544882700000,82.46000000,82.46000000,82.46000000,82.46000000,6.05583000,1544882999999,499.36374180,1,6.05583000,499.36374180,0
1544883000000,82.46000000,82.46000000,82.46000000,82.46000000,0.00000000,1544883299999,0.00000000,0,0.00000000,0.00000000,0
1544883300000,82.46000000,82.46000000,82.46000000,82.46000000,0.00000000,1544883599999,0.00000000,0,0.00000000,0.00000000,0
1544883600000,82.46000000,82.46000000,82.46000000,82.46000000,0.00000000,1544883899999,0.00000000,0,0.00000000,0.00000000,0
1544883900000,82.23000000,82.84000000,82.00000000,82.57000000,0.65700000,1544884199999,53.89983000,4,0.04725000,3.90033000,0
1544884200000,82.90000000,82.90000000,82.54000000,82.54000000,0.04725000,1544884499999,3.91088250,3,0.04725000,3.91088250,0
1544884500000,82.50000000,82.50000000,82.04000000,82.49000000,0.67909000,1544884799999,55.73396360,4,0.04725000,3.89781000,0
1544884800000,82.50000000,83.01000000,82.50000000,82.63000000,0.04725000,1544885099999,3.90820500,3,0.04725000,3.90820500,0
1544885100000,82.11000000,82.12000000,82.11000000,82.11000000,0.07875000,1544885399999,6.46632000,5,0.07875000,6.46632000,0
1544885400000,82.07000000,82.78000000,82.07000000,82.78000000,97.48135000,1544885699999,8000.32847150,7,0.48624000,39.93979380,0
1544885700000,82.79000000,83.05000000,82.12000000,82.97000000,176.06300000,1544885999999,14458.34081000,5,0.06300000,5.22081000,0
1544886000000,82.95000000,82.95000000,82.85000000,82.85000000,0.03150000,1544886299999,2.61135000,2,0.03150000,2.61135000,0
1544886300000,83.84000000,83.84000000,82.85000000,83.18000000,0.09450000,1544886599999,7.88067000,6,0.09450000,7.88067000,0
1544886600000,82.68000000,83.74000000,82.51000000,82.51000000,0.06300000,1544886899999,5.22112500,4,0.06300000,5.22112500,0
1544886900000,82.52000000,82.52000000,82.52000000,82.52000000,0.01575000,1544887199999,1.29969000,1,0.01575000,1.29969000,0
1544887200000,82.37000000,83.79000000,81.31000000,81.43000000,2.37266000,1544887499999,193.28729960,8,2.07875000,169.38947750,0
1544887500000,82.20000000,82.20000000,82.20000000,82.20000000,0.01575000,1544887799999,1.29465000,1,0.01575000,1.29465000,0
1544887800000,82.17000000,82.17000000,82.07000000,82.07000000,0.03150000,1544888099999,2.58678000,2,0.03150000,2.58678000,0
1544888100000,81.88000000,82.00000000,81.88000000,82.00000000,0.03150000,1544888399999,2.58111000,2,0.03150000,2.58111000,0
1544888400000,82.09000000,82.09000000,82.09000000,82.09000000,0.01575000,1544888699999,1.29291750,1,0.01575000,1.29291750,0
1544888700000,82.12000000,82.12000000,81.93000000,81.93000000,0.04725000,1544888999999,3.87418500,3,0.04725000,3.87418500,0
1544889000000,81.92000000,82.01000000,81.19000000,81.65000000,32.70272000,1544889299999,2655.44535350,6,0.04725000,3.86788500,0
1544889300000,81.52000000,81.73000000,81.23000000,81.73000000,8.29252000,1544889599999,673.61384210,6,0.03150000,2.57118750,0
1544889600000,81.70000000,81.70000000,81.70000000,81.70000000,0.01575000,1544889899999,1.28677500,1,0.01575000,1.28677500,0
1544889900000,81.73000000,81.73000000,81.72000000,81.72000000,1.51069000,1544890199999,123.46853620,2,1.51069000,123.46853620,0
1544890200000,81.72000000,81.72000000,81.56000000,81.56000000,2.27675000,1544890499999,185.71282000,5,0.04725000,3.86127000,0
1544890500000,81.72000000,81.73000000,81.72000000,81.72000000,0.26440000,1544890799999,21.60909700,3,0.26440000,21.60909700,0
1544890800000,82.03000000,82.03000000,82.03000000,82.03000000,0.01575000,1544891099999,1.29197250,1,0.01575000,1.29197250,0
1544891100000,81.71000000,81.71000000,81.71000000,81.71000000,0.01575000,1544891399999,1.28693250,1,0.01575000,1.28693250,0
1544891400000,81.73000000,81.73000000,81.73000000,81.73000000,0.50000000,1544891699999,40.86500000,1,0.50000000,40.86500000,0
1544891700000,81.73000000,81.73000000,81.73000000,81.73000000,0.00000000,1544891999999,0.00000000,0,0.00000000,0.00000000,0
1544892000000,81.73000000,81.73000000,81.73000000,81.73000000,0.00000000,1544892299999,0.00000000,0,0.00000000,0.00000000,0
1544892300000,82.35000000,82.35000000,82.35000000,82.35000000,0.01575000,1544892599999,1.29701250,1,0.01575000,1.29701250,0
1544892600000,82.31000000,82.31000000,82.17000000,82.17000000,0.03150000,1544892899999,2.59056000,2,0.03150000,2.59056000,0
1544892900000,82.17000000,82.17000000,82.17000000,82.17000000,0.00000000,1544893199999,0.00000000,0,0.00000000,0.00000000,0
1544893200000,82.37000000,82.97000000,82.37000000,82.97000000,0.03150000,1544893499999,2.60410500,2,0.03150000,2.60410500,0
1544893500000,82.61000000,83.33000000,82.58000000,82.65000000,0.06300000,1544893799999,5.21592750,4,0.06300000,5.21592750,0
1544893800000,82.23000000,82.41000000,82.23000000,82.27000000,0.06300000,1544894099999,5.18647500,4,0.06300000,5.18647500,0
1544894100000,82.31000000,82.55000000,82.31000000,82.44000000,0.06300000,1544894399999,5.19482250,4,0.06300000,5.19482250,0
1544894400000,82.32000000,82.59000000,82.32000000,82.59000000,0.06300000,1544894699999,5.19293250,4,0.06300000,5.19293250,0
1544894700000,82.38000000,82.56000000,82.38000000,82.56000000,0.04725000,1544894999999,3.89781000,3,0.04725000,3.89781000,0
1544895000000,82.53000000,82.62000000,82.38000000,82.53000000,0.11025000,1544895299999,9.09720000,7,0.11025000,9.09720000,0
1544895300000,82.64000000,82.64000000,82.62000000,82.62000000,0.03150000,1544895599999,2.60284500,2,0.03150000,2.60284500,0
1544895600000,82.52000000,82.52000000,82.36000000,82.39000000,0.06300000,1544895899999,5.19324750,4,0.06300000,5.19324750,0
1544895900000,82.47000000,82.66000000,82.36000000,82.36000000,0.06300000,1544896199999,5.19513750,4,0.06300000,5.19513750,0
1544896200000,82.33000000,82.51000000,82.33000000,82.51000000,0.03150000,1544896499999,2.59623000,2,0.03150000,2.59623000,0
1544896500000,82.51000000,82.51000000,82.51000000,82.51000000,0.00000000,1544896799999,0.00000000,0,0.00000000,0.00000000,0
1544896800000,82.33000000,82.33000000,82.33000000,82.33000000,0.01575000,1544897099999,1.29669750,1,0.01575000,1.29669750,0
1544897100000,82.28000000,82.66000000,82.28000000,82.66000000,0.03150000,1544897399999,2.59780500,2,0.03150000,2.59780500,0
1544897400000,82.33000000,82.33000000,81.79000000,81.79000000,0.20473000,1544897699999,16.75337170,2,0.01575000,1.29669750,0
1544897700000,81.79000000,81.79000000,81.79000000,81.79000000,0.00000000,1544897999999,0.00000000,0,0.00000000,0.00000000,0
1544898000000,82.76000000,82.76000000,82.38000000,82.38000000,0.03150000,1544898299999,2.60095500,2,0.03150000,2.60095500,0
1544898300000,82.25000000,82.68000000,82.25000000,82.41000000,0.70344000,1544898599999,57.86723250,3,0.70344000,57.86723250,0
1544898600000,82.40000000,82.40000000,81.90000000,81.90000000,0.34678000,1544898899999,28.40915700,2,0.01575000,1.29780000,0
1544898900000,82.56000000,82.56000000,82.16000000,82.45000000,0.04725000,1544899199999,3.89292750,3,0.04725000,3.89292750,0
1544899200000,82.45000000,82.45000000,82.45000000,82.45000000,0.00000000,1544899499999,0.00000000,0,0.00000000,0.00000000,0
1544899500000,82.09000000,82.42000000,81.91000000,82.29000000,0.11025000,1544899799999,9.05688000,7,0.11025000,9.05688000,0
1544899800000,82.29000000,82.29000000,82.29000000,82.29000000,0.00000000,1544900099999,0.00000000,0,0.00000000,0.00000000,0
1544900100000,82.62000000,82.62000000,82.36000000,82.36000000,1.08590000,1544900399999,89.43881900,3,0.03150000,2.59843500,0
1544900400000,82.36000000,82.36000000,82.36000000,82.36000000,0.00000000,1544900699999,0.00000000,0,0.00000000,0.00000000,0
1544900700000,82.44000000,82.44000000,82.44000000,82.44000000,0.01575000,1544900999999,1.29843000,1,0.01575000,1.29843000,0
1544901000000,82.44000000,82.44000000,82.44000000,82.44000000,0.00000000,1544901299999,0.00000000,0,0.00000000,0.00000000,0
1544901300000,82.36000000,82.44000000,82.33000000,82.44000000,0.91826000,1544901599999,75.63426930,4,0.91826000,75.63426930,0
1544901600000,82.55000000,82.77000000,82.55000000,82.77000000,19.18994000,1544901899999,1586.69289900,6,19.18994000,1586.69289900,0
1544901900000,82.77000000,82.77000000,82.77000000,82.77000000,0.00000000,1544902199999,0.00000000,0,0.00000000,0.00000000,0
1544902200000,82.77000000,82.77000000,82.77000000,82.77000000,0.00000000,1544902499999,0.00000000,0,0.00000000,0.00000000,0
1544902500000,82.71000000,82.71000000,82.26000000,82.26000000,0.11025000,1544902799999,9.09531000,7,0.11025000,9.09531000,0
1544902800000,82.19000000,82.64000000,81.99000000,82.64000000,10.48909000,1544903099999,860.04975120,5,10.48909000,860.04975120,0
1544903100000,82.44000000,82.70000000,81.86000000,81.86000000,0.18692000,1544903399999,15.34442620,5,0.06300000,5.20033500,0
1544903400000,82.44000000,82.57000000,82.44000000,82.56000000,0.16998000,1544903699999,14.03304360,4,0.04725000,3.89922750,0
1544903700000,82.53000000,82.53000000,82.53000000,82.53000000,0.01575000,1544903999999,1.29984750,1,0.01575000,1.29984750,0
1544904000000,82.48000000,82.54000000,82.48000000,82.54000000,0.04725000,1544904299999,3.89907000,3,0.04725000,3.89907000,0
1544904300000,82.54000000,82.54000000,82.54000000,82.54000000,0.00000000,1544904599999,0.00000000,0,0.00000000,0.00000000,0
1544904600000,82.38000000,82.38000000,82.38000000,82.38000000,2.10073000,1544904899999,173.05813740,1,0.00000000,0.00000000,0
1544904900000,82.65000000,82.82000000,82.65000000,82.82000000,9.27866000,1544905199999,768.16097910,5,9.27866000,768.16097910,0
1544905200000,83.81000000,83.81000000,82.80000000,82.96000000,19.96227000,1544905499999,1652.90446350,5,0.06300000,5.24490750,0
1544905500000,82.85000000,83.29000000,82.85000000,82.95000000,0.12600000,1544905799999,10.46020500,8,0.12600000,10.46020500,0
1544905800000,82.95000000,83.47000000,82.86000000,82.86000000,13.08471000,1544906099999,1084.21009560,3,0.03150000,2.62111500,0
1544906100000,83.93000000,83.93000000,83.93000000,83.93000000,0.01575000,1544906399999,1.32189750,1,0.01575000,1.32189750,0
1544906400000,83.38000000,83.78000000,83.38000000,83.73000000,0.04725000,1544906699999,3.95151750,3,0.04725000,3.95151750,0
1544906700000,83.22000000,83.91000000,83.11000000,83.91000000,700.10330000,1544906999999,58262.60875350,11,0.04725000,3.94427250,0
1544907000000,83.65000000,83.65000000,83.65000000,83.65000000,0.01575000,1544907299999,1.31748750,1,0.01575000,1.31748750,0
1544907300000,83.65000000,83.65000000,83.65000000,83.65000000,0.00000000,1544907599999,0.00000000,0,0.00000000,0.00000000,0
1544907600000,83.65000000,83.65000000,83.65000000,83.65000000,0.00000000,1544907899999,0.00000000,0,0.00000000,0.00000000,0
1544907900000,83.65000000,83.65000000,83.65000000,83.65000000,0.00000000,1544908199999,0.00000000,0,0.00000000,0.00000000,0
1544908200000,83.65000000,83.65000000,83.65000000,83.65000000,0.00000000,1544908499999,0.00000000,0,0.00000000,0.00000000,0
1544908500000,83.65000000,83.65000000,83.65000000,83.65000000,0.00000000,1544908799999,0.00000000,0,0.00000000,0.00000000,0
1544908800000,82.97000000,82.97000000,82.97000000,82.97000000,6.41141000,1544909099999,531.95468770,1,0.00000000,0.00000000,0
1544909100000,82.97000000,82.97000000,82.97000000,82.97000000,5.30995000,1544909399999,440.56655150,1,5.30995000,440.56655150,0
1544909400000,81.27000000,81.27000000,81.27000000,81.27000000,0.26030000,1544909699999,21.15458100,1,0.00000000,0.00000000,0
1544909700000,81.27000000,81.27000000,81.27000000,81.27000000,0.00000000,1544909999999,0.00000000,0,0.00000000,0.00000000,0
1544910000000,82.96000000,82.96000000,82.95000000,82.95000000,12.39836000,1544910299999,1028.50395250,3,0.00000000,0.00000000,0
1544910300000,83.11000000,83.11000000,83.11000000,83.11000000,2.23517000,1544910599999,185.76497870,1,0.00000000,0.00000000,0
1544910600000,83.11000000,83.11000000,83.11000000,83.11000000,0.00000000,1544910899999,0.00000000,0,0.00000000,0.00000000,0
1544910900000,83.80000000,83.80000000,83.80000000,83.80000000,1.19000000,1544911199999,99.72200000,1,0.00000000,0.00000000,0
1544911200000,83.80000000,83.80000000,83.80000000,83.80000000,3.74631000,1544911499999,313.94077800,2,0.00000000,0.00000000,0
1544911500000,83.80000000,83.80000000,83.80000000,83.80000000,5.42184000,1544911799999,454.35019200,1,0.00000000,0.00000000,0
1544911800000,83.80000000,83.80000000,83.80000000,83.80000000,1.00000000,1544912099999,83.80000000,1,0.00000000,0.00000000,0
1544912100000,83.80000000,83.80000000,83.80000000,83.80000000,0.00000000,1544912399999,0.00000000,0,0.00000000,0.00000000,0
1544912400000,83.80000000,83.80000000,83.80000000,83.80000000,0.00000000,1544912699999,0.00000000,0,0.00000000,0.00000000,0
1544912700000,83.80000000,83.80000000,83.80000000,83.80000000,0.00000000,1544912999999,0.00000000,0,0.00000000,0.00000000,0
1544913000000,83.80000000,83.80000000,83.80000000,83.80000000,0.00000000,1544913299999,0.00000000,0,0.00000000,0.00000000,0
1544913300000,83.80000000,83.80000000,83.80000000,83.80000000,0.00000000,1544913599999,0.00000000,0,0.00000000,0.00000000,0
1544913600000,83.80000000,83.80000000,83.19000000,83.19000000,7.31681000,1544913899999,609.04938040,2,0.00000000,0.00000000,0
1544913900000,83.19000000,83.19000000,83.19000000,83.19000000,0.00000000,1544914199999,0.00000000,0,0.00000000,0.00000000,0
1544914200000,83.19000000,83.19000000,83.19000000,83.19000000,19.89561000,1544914499999,1655.11579590,4,19.89561000,1655.11579590,0
1544914500000,83.19000000,83.19000000,83.19000000,83.19000000,0.00000000,1544914799999,0.00000000,0,0.00000000,0.00000000,0
1544914800000,83.19000000,83.19000000,83.19000000,83.19000000,0.00000000,1544915099999,0.00000000,0,0.00000000,0.00000000,0
1544915100000,82.64000000,82.64000000,82.52000000,82.57000000,19.47113000,1544915399999,1608.14080510,3,0.00000000,0.00000000,0
1544915400000,82.57000000,82.57000000,82.57000000,82.57000000,0.00000000,1544915699999,0.00000000,0,0.00000000,0.00000000,0
1544915700000,82.57000000,82.57000000,82.57000000,82.57000000,0.00000000,1544915999999,0.00000000,0,0.00000000,0.00000000,0
1544916000000,82.57000000,82.57000000,82.57000000,82.57000000,26.63525000,1544916299999,2199.27259250,5,26.63525000,2199.27259250,0
1544916300000,82.65000000,82.79000000,82.65000000,82.79000000,258.24440000,1544916599999,21343.92366440,2,0.00000000,0.00000000,0
1544916600000,82.79000000,82.79000000,82.79000000,82.79000000,0.00000000,1544916899999,0.00000000,0,0.00000000,0.00000000,0
1544916900000,82.79000000,82.79000000,82.79000000,82.79000000,0.00000000,1544917199999,0.00000000,0,0.00000000,0.00000000,0
1544917200000,82.79000000,82.79000000,82.79000000,82.79000000,0.00000000,1544917499999,0.00000000,0,0.00000000,0.00000000,0
1544917500000,82.79000000,82.79000000,82.79000000,82.79000000,0.00000000,1544917799999,0.00000000,0,0.00000000,0.00000000,0
1544917800000,83.07000000,83.07000000,83.07000000,83.07000000,5.27409000,1544918099999,438.11865630,1,0.00000000,0.00000000,0
1544918100000,82.92000000,83.07000000,82.92000000,82.98000000,35.64048000,1544918399999,2959.00460580,5,0.00000000,0.00000000,0
1544918400000,82.99000000,83.27000000,82.99000000,83.27000000,9.69303000,1544918699999,804.42896970,4,0.01575000,1.31150250,0
1544918700000,83.45000000,83.75000000,83.45000000,83.75000000,0.03150000,1544918999999,2.63340000,2,0.03150000,2.63340000,0
1544919000000,83.81000000,83.81000000,83.81000000,83.81000000,0.01575000,1544919299999,1.32000750,1,0.01575000,1.32000750,0
1544919300000,83.81000000,83.81000000,83.81000000,83.81000000,0.00000000,1544919599999,0.00000000,0,0.00000000,0.00000000,0
1544919600000,83.86000000,83.86000000,83.86000000,83.86000000,0.01575000,1544919899999,1.32079500,1,0.01575000,1.32079500,0
1544919900000,83.45000000,83.45000000,83.45000000,83.45000000,0.01575000,1544920199999,1.31433750,1,0.01575000,1.31433750,0
1544920200000,83.70000000,83.70000000,83.35000000,83.62000000,0.09450000,1544920499999,7.89232500,6,0.09450000,7.89232500,0
1544920500000,83.71000000,83.71000000,83.41000000,83.41000000,0.06300000,1544920799999,5.26239000,4,0.06300000,5.26239000,0
1544920800000,83.63000000,83.73000000,83.52000000,83.73000000,0.04725000,1544921099999,3.95136000,3,0.04725000,3.95136000,0
1544921100000,83.78000000,83.78000000,83.78000000,83.78000000,0.01575000,1544921399999,1.31953500,1,0.01575000,1.31953500,0
1544921400000,83.64000000,83.75000000,83.64000000,83.75000000,0.03150000,1544921699999,2.63639250,2,0.03150000,2.63639250,0
1544921700000,83.54000000,83.67000000,83.54000000,83.67000000,0.16818000,1544921999999,14.05180470,2,0.16818000,14.05180470,0
1544922000000,83.37000000,83.52000000,83.37000000,83.52000000,0.03150000,1544922299999,2.62851750,2,0.03150000,2.62851750,0
1544922300000,83.70000000,83.72000000,83.32000000,83.72000000,17.64727000,1544922599999,1470.38912140,5,0.04725000,3.95545500,0
1544922600000,83.84000000,83.84000000,83.62000000,83.69000000,0.04725000,1544922899999,3.95561250,3,0.04725000,3.95561250,0
1544922900000,83.25000000,83.77000000,83.25000000,83.77000000,9.19048000,1544923199999,765.12289500,3,0.03150000,2.63781000,0
1544923200000,83.79000000,83.79000000,83.79000000,83.79000000,0.01575000,1544923499999,1.31969250,1,0.01575000,1.31969250,0
1544923500000,83.58000000,83.68000000,83.58000000,83.68000000,0.03150000,1544923799999,2.63434500,2,0.03150000,2.63434500,0
1544923800000,83.72000000,83.72000000,83.52000000,83.52000000,0.03150000,1544924099999,2.63403000,2,0.03150000,2.63403000,0
1544924100000,83.70000000,83.84000000,83.15000000,83.84000000,3.03599000,1544924399999,252.46209850,3,0.03150000,2.63875500,0
1544924400000,83.52000000,83.75000000,83.52000000,83.75000000,0.03150000,1544924699999,2.63450250,2,0.03150000,2.63450250,0
1544924700000,83.40000000,83.79000000,83.40000000,83.79000000,0.03150000,1544924999999,2.63324250,2,0.03150000,2.63324250,0
1544925000000,83.75000000,83.75000000,83.75000000,83.75000000,0.01575000,1544925299999,1.31906250,1,0.01575000,1.31906250,0
1544925300000,83.56000000,83.71000000,83.17000000,83.29000000,0.27630000,1544925599999,23.00921970,4,0.03150000,2.63450250,0
1544925600000,83.28000000,83.80000000,83.28000000,83.51000000,0.67318000,1544925899999,56.07424290,3,0.67318000,56.07424290,0
1544925900000,83.98000000,83.98000000,83.92000000,83.92000000,0.03150000,1544926199999,2.64442500,2,0.03150000,2.64442500,0
1544926200000,83.76000000,84.60000000,83.76000000,84.60000000,119.56922000,1544926499999,10061.82304250,10,119.56922000,10061.82304250,0
1544926500000,84.60000000,85.17000000,84.60000000,85.17000000,12.16060000,1544926799999,1028.79573750,3,0.01575000,1.34142750,0
1544926800000,85.25000000,85.25000000,85.25000000,85.25000000,0.01575000,1544927099999,1.34268750,1,0.01575000,1.34268750,0
1544927100000,85.64000000,86.59000000,85.64000000,85.98000000,1158.29065000,1544927399999,99451.32863300,96,1138.73895000,97768.66775680,0
1544927400000,86.20000000,86.36000000,85.98000000,86.36000000,21.28644000,1544927699999,1831.40341780,9,0.01575000,1.36017000,0
1544927700000,86.25000000,86.27000000,86.10000000,86.10000000,0.04725000,1544927999999,4.07326500,3,0.04725000,4.07326500,0
1544928000000,86.24000000,86.24000000,85.86000000,85.86000000,0.04725000,1544928299999,4.06728000,3,0.04725000,4.06728000,0
1544928300000,85.24000000,86.15000000,85.24000000,85.89000000,0.63849000,1544928599999,54.44945760,3,0.03150000,2.70963000,0
1544928600000,86.15000000,86.15000000,85.86000000,85.86000000,0.03150000,1544928899999,2.70915750,2,0.03150000,2.70915750,0
1544928900000,85.99000000,85.99000000,85.99000000,85.99000000,0.01575000,1544929199999,1.35434250,1,0.01575000,1.35434250,0
1544929200000,85.99000000,85.99000000,85.99000000,85.99000000,0.00000000,1544929499999,0.00000000,0,0.00000000,0.00000000,0
1544929500000,86.19000000,86.19000000,86.19000000,86.19000000,0.01527000,1544929799999,1.31612130,1,0.01527000,1.31612130,0
1544929800000,86.34000000,86.35000000,86.34000000,86.35000000,0.03051000,1544930099999,2.63438580,2,0.03051000,2.63438580,0
1544930100000,86.35000000,86.35000000,86.35000000,86.35000000,234.00000000,1544930399999,20205.90000000,1,0.00000000,0.00000000,0
1544930400000,86.35000000,86.35000000,86.35000000,86.35000000,0.00000000,1544930699999,0.00000000,0,0.00000000,0.00000000,0
1544930700000,86.35000000,86.35000000,86.35000000,86.35000000,0.00000000,1544930999999,0.00000000,0,0.00000000,0.00000000,0
1544931000000,86.05000000,86.24000000,86.05000000,86.20000000,3.30248000,1544931299999,284.65710730,4,0.00000000,0.00000000,0
1544931300000,86.20000000,86.20000000,86.20000000,86.20000000,0.00000000,1544931599999,0.00000000,0,0.00000000,0.00000000,0
1544931600000,86.33000000,86.33000000,85.58000000,85.58000000,0.57562000,1544931899999,49.28394080,3,0.03045000,2.62829220,0
1544931900000,86.02000000,86.02000000,86.02000000,86.02000000,0.01534000,1544932199999,1.31954680,1,0.01534000,1.31954680,0
1544932200000,86.24000000,86.24000000,86.18000000,86.18000000,0.03069000,1544932499999,2.64578520,2,0.03069000,2.64578520,0
1544932500000,85.53000000,86.34000000,85.53000000,86.34000000,0.19698000,1544932799999,16.86012480,2,0.01534000,1.32445560,0
1544932800000,86.25000000,86.42000000,85.99000000,85.99000000,26.41104000,1544933099999,2281.93842330,10,25.59707000,2211.94514300,0
1544933100000,86.06000000,86.06000000,86.06000000,86.06000000,0.11840000,1544933399999,10.18950400,1,0.00000000,0.00000000,0
1544933400000,86.42000000,86.42000000,86.16000000,86.16000000,60.75460000,1544933699999,5249.37854650,5,56.62160000,4893.23867200,0
1544933700000,85.99000000,86.05000000,85.91000000,86.04000000,42.82774000,1544933999999,3682.06318200,8,29.76087000,2558.44303070,0
1544934000000,86.05000000,86.05000000,85.86000000,85.86000000,62.04635000,1544934299999,5338.31050780,4,58.44772000,5029.33213600,0
1544934300000,85.96000000,86.14000000,85.96000000,86.14000000,4.26286000,1544934599999,366.60988360,2,0.96910000,83.47827400,0
1544934600000,86.10000000,86.15000000,86.07000000,86.15000000,22.97432000,1544934899999,1977.50860040,3,0.01525000,1.31378750,0
1544934900000,85.85000000,85.85000000,85.78000000,85.80000000,16.76056000,1544935199999,1438.49814690,3,0.00000000,0.00000000,0
1544935200000,86.08000000,86.08000000,86.02000000,86.02000000,0.03058000,1544935499999,2.63140840,2,0.03058000,2.63140840,0
1544935500000,85.86000000,85.86000000,85.86000000,85.86000000,0.53215000,1544935799999,45.69039900,3,0.01526000,1.31022360,0
1544935800000,86.06000000,86.06000000,86.06000000,86.06000000,0.01530000,1544936099999,1.31671800,1,0.01530000,1.31671800,0
1544936100000,85.57000000,85.82000000,85.51000000,85.51000000,85.88413000,1544936399999,7345.65102430,11,0.01530000,1.31304600,0
1544936400000,85.43000000,85.66000000,85.43000000,85.66000000,104.11522000,1544936699999,8894.56677970,3,0.01537000,1.31659420,0
1544936700000,85.76000000,85.81000000,85.47000000,85.81000000,6.63951000,1544936999999,567.95083800,4,0.03074000,2.63703090,0
1544937000000,85.81000000,85.81000000,85.81000000,85.81000000,0.01537000,1544937299999,1.31889970,1,0.01537000,1.31889970,0
1544937300000,85.98000000,85.98000000,85.98000000,85.98000000,0.01535000,1544937599999,1.31979300,1,0.01535000,1.31979300,0
1544937600000,85.82000000,85.90000000,85.82000000,85.90000000,0.03064000,1544937899999,2.63074800,2,0.03064000,2.63074800,0
1544937900000,85.90000000,85.90000000,85.90000000,85.90000000,0.00000000,1544938199999,0.00000000,0,0.00000000,0.00000000,0
1544938200000,85.44000000,85.44000000,85.44000000,85.44000000,3.30821000,1544938499999,282.65346240,1,0.00000000,0.00000000,0
1544938500000,85.58000000,85.58000000,85.58000000,85.58000000,0.01537000,1544938799999,1.31536460,1,0.01537000,1.31536460,0
1544938800000,85.58000000,85.58000000,85.39000000,85.39000000,3.32552000,1544939099999,283.96907310,2,0.01537000,1.31536460,0
1544939100000,85.69000000,85.69000000,85.69000000,85.69000000,0.01537000,1544939399999,1.31705530,1,0.01537000,1.31705530,0
1544939400000,85.83000000,85.83000000,85.83000000,85.83000000,0.01538000,1544939699999,1.32006540,1,0.01538000,1.32006540,0
1544939700000,85.70000000,85.70000000,85.70000000,85.70000000,0.01530000,1544939999999,1.31121000,1,0.01530000,1.31121000,0
1544940000000,86.01000000,86.01000000,86.01000000,86.01000000,0.01533000,1544940299999,1.31853330,1,0.01533000,1.31853330,0
1544940300000,85.89000000,85.89000000,85.53000000,85.53000000,6.63285000,1544940599999,567.31316850,3,0.01530000,1.31411700,0
1544940600000,85.90000000,86.02000000,85.77000000,85.77000000,12.40882000,1544940899999,1065.21399240,5,0.01529000,1.31524580,0
1544940900000,85.94000000,86.14000000,85.61000000,85.61000000,245.87565000,1544941199999,21050.29841220,8,0.03059000,2.63196460,0
1544941200000,85.97000000,85.97000000,85.97000000,85.97000000,1.01530000,1544941499999,87.28534100,2,0.01530000,1.31534100,0
1544941500000,86.07000000,86.07000000,85.75000000,85.91000000,26.77508000,1544941799999,2300.68698020,4,15.18620000,1306.01427380,0
1544941800000,85.91000000,85.91000000,85.91000000,85.91000000,5.78904000,1544942099999,497.33642640,3,0.00000000,0.00000000,0
1544942100000,85.78000000,85.78000000,85.78000000,85.78000000,0.21123000,1544942399999,18.11930940,1,0.00000000,0.00000000,0
1544942400000,85.78000000,85.78000000,85.53000000,85.53000000,6.83804000,1544942699999,585.74048620,2,0.00000000,0.00000000,0
1544942700000,85.61000000,85.61000000,85.61000000,85.61000000,3.30325000,1544942999999,282.79123250,1,0.00000000,0.00000000,0
1544943000000,86.08000000,86.08000000,86.08000000,86.08000000,11.85851000,1544943299999,1020.78054080,2,0.01534000,1.32046720,0
1544943300000,85.69000000,86.09000000,85.63000000,86.09000000,6.61792000,1544943599999,566.89752400,4,0.01527000,1.31459430,0
1544943600000,86.16000000,86.22000000,85.45000000,85.58000000,7.68342000,1544943899999,658.76659950,5,2.41912000,208.53800580,0
1544943900000,85.58000000,85.58000000,85.58000000,85.58000000,0.00000000,1544944199999,0.00000000,0,0.00000000,0.00000000,0
1544944200000,85.99000000,85.99000000,85.72000000,85.76000000,6.06799000,1544944499999,520.27326440,3,0.01532000,1.31736680,0
1544944500000,85.61000000,85.75000000,85.60000000,85.75000000,7.50249000,1544944799999,642.80838990,3,0.00000000,0.00000000,0
1544944800000,86.09000000,86.09000000,86.09000000,86.09000000,0.01532000,1544945099999,1.31889880,1,0.01532000,1.31889880,0
1544945100000,85.86000000,85.86000000,85.53000000,85.70000000,24.02658000,1544945399999,2061.30383520,3,17.42345000,1495.97741700,0
1544945400000,85.72000000,85.72000000,85.72000000,85.72000000,0.01531000,1544945699999,1.31237320,1,0.01531000,1.31237320,0
1544945700000,85.72000000,85.72000000,85.72000000,85.72000000,0.00000000,1544945999999,0.00000000,0,0.00000000,0.00000000,0
1544946000000,85.72000000,85.72000000,85.72000000,85.72000000,0.00000000,1544946299999,0.00000000,0,0.00000000,0.00000000,0
1544946300000,85.13000000,85.13000000,85.13000000,85.13000000,0.65757000,1544946599999,55.97893410,1,0.00000000,0.00000000,0
1544946600000,85.28000000,85.45000000,85.28000000,85.45000000,0.03086000,1544946899999,2.63436390,2,0.03086000,2.63436390,0
1544946900000,85.22000000,85.22000000,85.22000000,85.22000000,1.00000000,1544947199999,85.22000000,1,0.00000000,0.00000000,0
1544947200000,85.22000000,85.22000000,85.22000000,85.22000000,0.00000000,1544947499999,0.00000000,0,0.00000000,0.00000000,0
1544947500000,85.22000000,85.22000000,85.22000000,85.22000000,0.72327000,1544947799999,61.63706940,1,0.72327000,61.63706940,0
1544947800000,85.22000000,85.22000000,85.22000000,85.22000000,0.00000000,1544948099999,0.00000000,0,0.00000000,0.00000000,0
1544948100000,85.21000000,85.21000000,85.21000000,85.21000000,0.90799000,1544948399999,77.36982790,1,0.00000000,0.00000000,0
1544948400000,85.53000000,85.53000000,85.53000000,85.53000000,0.15137000,1544948699999,12.94667610,1,0.15137000,12.94667610,0
1544948700000,85.38000000,85.38000000,85.38000000,85.38000000,19.91603000,1544948999999,1700.43064140,4,11.00000000,939.18000000,0
1544949000000,85.38000000,85.38000000,85.38000000,85.38000000,0.00000000,1544949299999,0.00000000,0,0.00000000,0.00000000,0
1544949300000,85.38000000,85.38000000,85.38000000,85.38000000,0.00000000,1544949599999,0.00000000,0,0.00000000,0.00000000,0
1544949600000,85.26000000,85.42000000,85.26000000,85.42000000,0.52537000,1544949899999,44.79550700,2,0.01538000,1.31375960,0
1544949900000,85.42000000,85.42000000,85.42000000,85.42000000,0.00000000,1544950199999,0.00000000,0,0.00000000,0.00000000,0
1544950200000,85.25000000,85.25000000,85.25000000,85.25000000,0.01540000,1544950499999,1.31285000,1,0.01540000,1.31285000,0
1544950500000,85.25000000,85.25000000,85.25000000,85.25000000,0.00000000,1544950799999,0.00000000,0,0.00000000,0.00000000,0
1544950800000,85.16000000,85.27000000,85.16000000,85.27000000,0.64099000,1544951099999,54.58948330,3,0.64099000,54.58948330,0
1544951100000,85.04000000,85.04000000,85.04000000,85.04000000,8.10451000,1544951399999,689.20753040,3,0.00000000,0.00000000,0
1544951400000,85.33000000,85.33000000,85.14000000,85.14000000,0.14542000,1544951699999,12.38399240,2,0.01544000,1.31749520,0
1544951700000,85.14000000,85.14000000,85.14000000,85.14000000,1.07740000,1544951999999,91.72983600,1,0.00000000,0.00000000,0
1544952000000,85.40000000,85.40000000,85.12000000,85.12000000,4.77074000,1544952299999,406.08970920,3,0.01543000,1.31772200,0
1544952300000,85.12000000,85.12000000,85.07000000,85.07000000,85.32903000,1544952599999,7262.28555440,4,0.00000000,0.00000000,0
1544952600000,85.22000000,85.22000000,85.22000000,85.22000000,0.01543000,1544952899999,1.31494460,1,0.01543000,1.31494460,0
1544952900000,84.89000000,84.94000000,84.89000000,84.94000000,45.35154000,1544953199999,3850.66130760,6,0.00000000,0.00000000,0
1544953200000,84.94000000,84.94000000,84.94000000,84.94000000,0.00000000,1544953499999,0.00000000,0,0.00000000,0.00000000,0
1544953500000,85.80000000,85.80000000,85.80000000,85.80000000,0.01547000,1544953799999,1.32732600,1,0.01547000,1.32732600,0
1544953800000,85.80000000,85.80000000,85.80000000,85.80000000,0.00000000,1544954099999,0.00000000,0,0.00000000,0.00000000,0
1544954100000,85.29000000,85.29000000,85.29000000,85.29000000,1.17261000,1544954399999,100.01190690,1,0.00000000,0.00000000,0
1544954400000,85.29000000,85.29000000,85.29000000,85.29000000,0.00000000,1544954699999,0.00000000,0,0.00000000,0.00000000,0
1544954700000,85.29000000,85.29000000,85.29000000,85.29000000,0.00000000,1544954999999,0.00000000,0,0.00000000,0.00000000,0
1544955000000,85.48000000,85.54000000,85.48000000,85.54000000,329.70680000,1544955299999,28203.10150520,5,0.00000000,0.00000000,0
1544955300000,85.54000000,85.54000000,85.54000000,85.54000000,0.00000000,1544955599999,0.00000000,0,0.00000000,0.00000000,0
1544955600000,85.72000000,85.72000000,85.56000000,85.70000000,7.07144000,1544955899999,605.56010740,3,0.01535000,1.31580200,0
1544955900000,85.70000000,85.70000000,85.70000000,85.70000000,0.00000000,1544956199999,0.00000000,0,0.00000000,0.00000000,0
1544956200000,85.69000000,85.69000000,85.69000000,85.69000000,3.29932000,1544956499999,282.71873080,1,0.00000000,0.00000000,0
1544956500000,85.69000000,85.69000000,85.69000000,85.69000000,0.00000000,1544956799999,0.00000000,0,0.00000000,0.00000000,0
1544956800000,85.69000000,85.69000000,85.69000000,85.69000000,0.00000000,1544957099999,0.00000000,0,0.00000000,0.00000000,0
1544957100000,85.69000000,85.69000000,85.69000000,85.69000000,0.00000000,1544957399999,0.00000000,0,0.00000000,0.00000000,0
1544957400000,85.69000000,85.69000000,85.69000000,85.69000000,0.00000000,1544957699999,0.00000000,0,0.00000000,0.00000000,0
1544957700000,85.69000000,85.69000000,85.69000000,85.69000000,0.00000000,1544957999999,0.00000000,0,0.00000000,0.00000000,0
1544958000000,85.32000000,85.32000000,85.32000000,85.32000000,0.60244000,1544958299999,51.40018080,1,0.00000000,0.00000000,0
1544958300000,85.32000000,85.32000000,85.32000000,85.32000000,0.00000000,1544958599999,0.00000000,0,0.00000000,0.00000000,0
1544958600000,85.32000000,85.32000000,85.32000000,85.32000000,0.00000000,1544958899999,0.00000000,0,0.00000000,0.00000000,0
1544958900000,85.32000000,85.32000000,85.32000000,85.32000000,0.00000000,1544959199999,0.00000000,0,0.00000000,0.00000000,0
1544959200000,85.32000000,85.32000000,85.32000000,85.32000000,0.00000000,1544959499999,0.00000000,0,0.00000000,0.00000000,0
1544959500000,85.42000000,85.42000000,85.41000000,85.41000000,300.00000000,1544959799999,25623.21656820,2,0.00000000,0.00000000,0
1544959800000,85.41000000,85.41000000,85.41000000,85.41000000,0.00000000,1544960099999,0.00000000,0,0.00000000,0.00000000,0
1544960100000,85.41000000,85.41000000,85.41000000,85.41000000,0.00000000,1544960399999,0.00000000,0,0.00000000,0.00000000,0
1544960400000,85.64000000,85.64000000,85.64000000,85.64000000,0.15214000,1544960699999,13.02926960,1,0.00000000,0.00000000,0
1544960700000,85.72000000,85.72000000,85.72000000,85.72000000,0.01534000,1544960999999,1.31494480,1,0.01534000,1.31494480,0
1544961000000,85.80000000,85.87000000,85.80000000,85.87000000,583.27694000,1544961299999,50084.81774050,5,583.27694000,50084.81774050,0
1544961300000,85.88000000,85.88000000,85.88000000,85.88000000,0.15172000,1544961599999,13.02971360,1,0.00000000,0.00000000,0
1544961600000,85.88000000,85.88000000,85.88000000,85.88000000,0.00000000,1544961899999,0.00000000,0,0.00000000,0.00000000,0
1544961900000,85.78000000,85.78000000,85.70000000,85.70000000,479.81180000,1544962199999,41134.38004400,4,0.00000000,0.00000000,0
1544962200000,85.70000000,85.70000000,85.70000000,85.70000000,0.00000000,1544962499999,0.00000000,0,0.00000000,0.00000000,0
1544962500000,86.42000000,86.42000000,86.42000000,86.42000000,7.00000000,1544962799999,604.94000000,1,7.00000000,604.94000000,0
1544962800000,86.32000000,86.32000000,86.08000000,86.08000000,92.90811000,1544963099999,8005.29870870,5,0.00000000,0.00000000,0
1544963100000,86.32000000,86.32000000,86.32000000,86.32000000,0.01524000,1544963399999,1.31551680,1,0.01524000,1.31551680,0
1544963400000,86.32000000,86.51000000,86.32000000,86.51000000,12.93310000,1544963699999,1118.12194100,4,11.77758000,1018.37745460,0
1544963700000,86.32000000,86.32000000,86.32000000,86.32000000,9.41567000,1544963999999,812.76063440,5,0.00000000,0.00000000,0
1544964000000,86.32000000,86.32000000,86.32000000,86.32000000,0.00000000,1544964299999,0.00000000,0,0.00000000,0.00000000,0
1544964300000,85.91000000,85.91000000,85.82000000,85.82000000,174.24369000,1544964599999,14958.00966070,7,0.00000000,0.00000000,0
1544964600000,85.78000000,86.01000000,85.78000000,86.01000000,33.68842000,1544964899999,2889.79618430,2,0.01529000,1.31509290,0
1544964900000,85.74000000,85.74000000,85.74000000,85.74000000,3.68197000,1544965199999,315.69210780,2,0.00000000,0.00000000,0
1544965200000,86.16000000,86.16000000,85.54000000,85.54000000,2.21474000,1544965499999,189.46695340,4,0.03062000,2.63730060,0
1544965500000,86.00000000,86.17000000,86.00000000,86.07000000,2.37749000,1544965799999,204.83277350,3,2.37749000,204.83277350,0
1544965800000,86.07000000,86.07000000,86.07000000,86.07000000,0.00000000,1544966099999,0.00000000,0,0.00000000,0.00000000,0
1544966100000,86.17000000,86.17000000,85.84000000,85.84000000,4.08001000,1544966399999,350.23308760,2,0.01524000,1.31323080,0
1544966400000,85.71000000,85.71000000,85.71000000,85.71000000,101.71739000,1544966699999,8718.19749690,1,0.00000000,0.00000000,0
1544966700000,86.03000000,86.07000000,85.68000000,86.07000000,2.75072000,1544966999999,235.69301160,3,0.03060000,2.63313000,0
1544967000000,86.25000000,86.25000000,86.25000000,86.25000000,0.01533000,1544967299999,1.32221250,1,0.01533000,1.32221250,0
1544967300000,85.72000000,85.72000000,85.72000000,85.72000000,15.66006000,1544967599999,1342.38034320,2,0.00000000,0.00000000,0
1544967600000,86.09000000,86.09000000,86.09000000,86.09000000,0.01533000,1544967899999,1.31975970,1,0.01533000,1.31975970,0
1544967900000,85.98000000,86.26000000,85.98000000,86.17000000,5.06160000,1544968199999,435.66126700,4,2.63734000,226.76278280,0
1544968200000,86.17000000,86.17000000,86.17000000,86.17000000,0.00000000,1544968499999,0.00000000,0,0.00000000,0.00000000,0
1544968500000,86.13000000,86.13000000,86.13000000,86.13000000,0.01526000,1544968799999,1.31434380,1,0.01526000,1.31434380,0
1544968800000,86.13000000,86.13000000,86.13000000,86.13000000,0.00000000,1544969099999,0.00000000,0,0.00000000,0.00000000,0
1544969100000,85.69000000,85.74000000,85.69000000,85.74000000,52.39346000,1544969399999,4489.59634990,2,0.01525000,1.30753500,0
1544969400000,85.38000000,85.38000000,85.37000000,85.38000000,203.08107000,1544969699999,17337.08700200,7,0.00000000,0.00000000,0
1544969700000,85.38000000,85.38000000,85.10000000,85.25000000,2.33196000,1544969999999,198.78090840,4,1.54608000,131.80332000,0
1544970000000,85.15000000,85.15000000,85.07000000,85.07000000,0.98576000,1544970299999,83.92351840,2,0.17432000,14.82940240,0
1544970300000,84.96000000,84.96000000,84.96000000,84.96000000,1.17713000,1544970599999,100.00896480,2,0.00000000,0.00000000,0
1544970600000,84.74000000,84.74000000,84.74000000,84.74000000,31.41137000,1544970899999,2661.79949380,3,0.00000000,0.00000000,0
1544970900000,84.97000000,84.97000000,84.97000000,84.97000000,1.82890000,1544971199999,155.40163300,3,0.00000000,0.00000000,0
1544971200000,85.15000000,85.15000000,85.15000000,85.15000000,1.95728000,1544971499999,166.66239200,1,0.00000000,0.00000000,0
1544971500000,85.15000000,85.15000000,85.08000000,85.13000000,93.26654000,1544971799999,7936.26141630,5,2.63961000,224.70999930,0
1544971800000,85.13000000,85.13000000,85.13000000,85.13000000,0.00000000,1544972099999,0.00000000,0,0.00000000,0.00000000,0
1544972100000,85.13000000,85.13000000,85.13000000,85.13000000,0.00000000,1544972399999,0.00000000,0,0.00000000,0.00000000,0
1544972400000,85.13000000,85.13000000,85.13000000,85.13000000,0.00000000,1544972699999,0.00000000,0,0.00000000,0.00000000,0
1544972700000,85.11000000,85.11000000,85.11000000,85.11000000,0.01544000,1544972999999,1.31409840,1,0.01544000,1.31409840,0
1544973000000,85.11000000,85.11000000,85.11000000,85.11000000,0.00000000,1544973299999,0.00000000,0,0.00000000,0.00000000,0
1544973300000,85.11000000,85.11000000,85.11000000,85.11000000,0.00000000,1544973599999,0.00000000,0,0.00000000,0.00000000,0
1544973600000,85.11000000,85.11000000,85.11000000,85.11000000,0.00000000,1544973899999,0.00000000,0,0.00000000,0.00000000,0
1544973900000,85.20000000,85.20000000,85.20000000,85.20000000,0.21683000,1544974199999,18.47391600,1,0.00000000,0.00000000,0
1544974200000,85.20000000,85.20000000,85.20000000,85.20000000,0.00000000,1544974499999,0.00000000,0,0.00000000,0.00000000,0
1544974500000,85.20000000,85.20000000,85.20000000,85.20000000,0.00000000,1544974799999,0.00000000,0,0.00000000,0.00000000,0
1544974800000,85.31000000,85.31000000,85.31000000,85.31000000,14.40308000,1544975099999,1228.72675480,1,0.00000000,0.00000000,0
1544975100000,85.31000000,85.31000000,85.31000000,85.31000000,0.00000000,1544975399999,0.00000000,0,0.00000000,0.00000000,0
1544975400000,85.46000000,85.46000000,85.46000000,85.46000000,1.15000000,1544975699999,98.27900000,1,1.15000000,98.27900000,0
1544975700000,85.45000000,85.45000000,85.45000000,85.45000000,1.16782000,1544975999999,99.79021900,1,1.16782000,99.79021900,0
1544976000000,85.45000000,85.45000000,85.45000000,85.45000000,0.00000000,1544976299999,0.00000000,0,0.00000000,0.00000000,0
1544976300000,85.45000000,85.45000000,85.45000000,85.45000000,0.00000000,1544976599999,0.00000000,0,0.00000000,0.00000000,0
1544976600000,85.45000000,85.45000000,85.45000000,85.45000000,0.00000000,1544976899999,0.00000000,0,0.00000000,0.00000000,0
1544976900000,85.45000000,85.45000000,85.45000000,85.45000000,0.00000000,1544977199999,0.00000000,0,0.00000000,0.00000000,0
1544977200000,85.45000000,85.45000000,85.45000000,85.45000000,0.00000000,1544977499999,0.00000000,0,0.00000000,0.00000000,0
1544977500000,85.73000000,85.73000000,85.73000000,85.73000000,2.34800000,1544977799999,201.29404000,1,2.34800000,201.29404000,0
1544977800000,85.73000000,85.73000000,85.73000000,85.73000000,0.00000000,1544978099999,0.00000000,0,0.00000000,0.00000000,0
1544978100000,85.73000000,85.73000000,85.73000000,85.73000000,0.00000000,1544978399999,0.00000000,0,0.00000000,0.00000000,0
1544978400000,85.47000000,85.47000000,85.47000000,85.47000000,0.01532000,1544978699999,1.30940040,1,0.01532000,1.30940040,0
1544978700000,85.18000000,85.18000000,85.18000000,85.18000000,2.11208000,1544978999999,179.90697440,1,0.00000000,0.00000000,0
1544979000000,85.18000000,85.18000000,85.18000000,85.18000000,0.00000000,1544979299999,0.00000000,0,0.00000000,0.00000000,0
1544979300000,85.73000000,85.99000000,85.73000000,85.98000000,0.55832000,1544979599999,48.00844820,3,0.55832000,48.00844820,0
1544979600000,85.75000000,85.75000000,85.75000000,85.75000000,0.01527000,1544979899999,1.30940250,1,0.01527000,1.30940250,0
1544979900000,85.75000000,85.75000000,85.75000000,85.75000000,0.00000000,1544980199999,0.00000000,0,0.00000000,0.00000000,0
1544980200000,85.75000000,85.75000000,85.75000000,85.75000000,0.00000000,1544980499999,0.00000000,0,0.00000000,0.00000000,0
1544980500000,85.75000000,85.75000000,85.75000000,85.75000000,0.00000000,1544980799999,0.00000000,0,0.00000000,0.00000000,0
1544980800000,85.25000000,85.25000000,85.25000000,85.25000000,7.02100000,1544981099999,598.54025000,1,0.00000000,0.00000000,0
1544981100000,85.25000000,85.25000000,85.25000000,85.25000000,0.00000000,1544981399999,0.00000000,0,0.00000000,0.00000000,0
1544981400000,85.25000000,85.25000000,85.25000000,85.25000000,0.00000000,1544981699999,0.00000000,0,0.00000000,0.00000000,0
1544981700000,85.25000000,85.25000000,85.25000000,85.25000000,0.00000000,1544981999999,0.00000000,0,0.00000000,0.00000000,0
1544982000000,84.97000000,85.00000000,84.97000000,85.00000000,14.12059000,1544982299999,1199.99189860,2,5.51221000,468.53785000,0
1544982300000,85.00000000,85.00000000,85.00000000,85.00000000,0.00000000,1544982599999,0.00000000,0,0.00000000,0.00000000,0
1544982600000,85.00000000,85.00000000,85.00000000,85.00000000,0.00000000,1544982899999,0.00000000,0,0.00000000,0.00000000,0
1544982900000,85.10000000,85.10000000,85.10000000,85.10000000,39.65937000,1544983199999,3375.01238700,2,0.00000000,0.00000000,0
1544983200000,85.10000000,85.10000000,85.10000000,85.10000000,0.00000000,1544983499999,0.00000000,0,0.00000000,0.00000000,0
1544983500000,85.10000000,85.10000000,85.10000000,85.10000000,0.41128000,1544983799999,34.99992800,1,0.00000000,0.00000000,0
1544983800000,85.38000000,85.38000000,85.38000000,85.38000000,1.00000000,1544984099999,85.38000000,1,0.00000000,0.00000000,0
1544984100000,85.38000000,85.38000000,85.38000000,85.38000000,0.00000000,1544984399999,0.00000000,0,0.00000000,0.00000000,0
1544984400000,85.38000000,85.38000000,85.38000000,85.38000000,0.00000000,1544984699999,0.00000000,0,0.00000000,0.00000000,0
1544984700000,85.17000000,85.17000000,85.17000000,85.17000000,13.30452000,1544984999999,1133.14596840,1,0.00000000,0.00000000,0
1544985000000,85.17000000,85.17000000,85.17000000,85.17000000,0.00000000,1544985299999,0.00000000,0,0.00000000,0.00000000,0
1544985300000,85.17000000,85.17000000,85.17000000,85.17000000,0.00000000,1544985599999,0.00000000,0,0.00000000,0.00000000,0
1544985600000,85.17000000,85.17000000,85.17000000,85.17000000,0.00000000,1544985899999,0.00000000,0,0.00000000,0.00000000,0
1544985900000,85.17000000,85.17000000,85.17000000,85.17000000,0.00000000,1544986199999,0.00000000,0,0.00000000,0.00000000,0
1544986200000,85.17000000,85.17000000,85.17000000,85.17000000,0.00000000,1544986499999,0.00000000,0,0.00000000,0.00000000,0
1544986500000,85.05000000,85.05000000,85.05000000,85.05000000,2.10045000,1544986799999,178.64327250,2,0.00000000,0.00000000,0
1544986800000,85.05000000,85.05000000,85.05000000,85.05000000,0.00000000,1544987099999,0.00000000,0,0.00000000,0.00000000,0
1544987100000,85.05000000,85.05000000,85.05000000,85.05000000,0.00000000,1544987399999,0.00000000,0,0.00000000,0.00000000,0
1544987400000,85.32000000,85.32000000,85.32000000,85.32000000,0.01544000,1544987699999,1.31734080,1,0.01544000,1.31734080,0
1544987700000,86.04000000,86.04000000,86.04000000,86.04000000,0.01539000,1544987999999,1.32415560,1,0.01539000,1.32415560,0
1544988000000,86.04000000,86.04000000,86.04000000,86.04000000,0.00000000,1544988299999,0.00000000,0,0.00000000,0.00000000,0
1544988300000,85.86000000,85.86000000,85.86000000,85.86000000,0.11721000,1544988599999,10.06365060,1,0.00000000,0.00000000,0
1544988600000,85.76000000,85.86000000,85.76000000,85.86000000,421.75531000,1544988899999,36196.73882720,6,421.75531000,36196.73882720,0
1544988900000,85.77000000,85.77000000,85.77000000,85.77000000,20.35957000,1544989199999,1746.24031890,1,0.00000000,0.00000000,0
1544989200000,85.77000000,85.77000000,85.77000000,85.77000000,0.00000000,1544989499999,0.00000000,0,0.00000000,0.00000000,0
1544989500000,85.77000000,85.94000000,85.71000000,85.71000000,29.45185000,1544989799999,2526.24656000,6,29.20398000,2505.00162230,0
1544989800000,85.80000000,85.80000000,85.80000000,85.80000000,10.77815000,1544990099999,924.76527000,1,0.00000000,0.00000000,0
1544990100000,85.87000000,85.87000000,85.84000000,85.84000000,17.53581000,1544990399999,1505.37459810,2,14.18022000,1217.23008480,0
1544990400000,85.84000000,85.84000000,85.84000000,85.84000000,0.00000000,1544990699999,0.00000000,0,0.00000000,0.00000000,0
1544990700000,85.63000000,85.63000000,85.63000000,85.63000000,0.35786000,1544990999999,30.64355180,1,0.35786000,30.64355180,0
1544991000000,85.68000000,85.68000000,85.45000000,85.45000000,15.54072000,1544991299999,1328.64452400,2,3.00000000,257.04000000,0
1544991300000,85.53000000,85.53000000,85.53000000,85.53000000,0.01536000,1544991599999,1.31374080,1,0.01536000,1.31374080,0
1544991600000,85.53000000,85.53000000,85.53000000,85.53000000,0.00000000,1544991899999,0.00000000,0,0.00000000,0.00000000,0
1544991900000,85.53000000,85.53000000,85.53000000,85.53000000,0.00000000,1544992199999,0.00000000,0,0.00000000,0.00000000,0
1544992200000,85.53000000,85.53000000,85.53000000,85.53000000,0.00000000,1544992499999,0.00000000,0,0.00000000,0.00000000,0
1544992500000,85.66000000,85.66000000,85.47000000,85.47000000,17.61539000,1544992799999,1505.59030360,3,0.01537000,1.31659420,0
1544992800000,85.56000000,85.56000000,85.56000000,85.56000000,0.01537000,1544993099999,1.31505720,1,0.01537000,1.31505720,0
1544993100000,85.56000000,85.56000000,85.56000000,85.56000000,0.00000000,1544993399999,0.00000000,0,0.00000000,0.00000000,0
1544993400000,85.56000000,85.56000000,85.56000000,85.56000000,0.00000000,1544993699999,0.00000000,0,0.00000000,0.00000000,0
1544993700000,85.56000000,85.56000000,85.56000000,85.56000000,0.00000000,1544993999999,0.00000000,0,0.00000000,0.00000000,0
1544994000000,85.56000000,85.56000000,85.56000000,85.56000000,0.00000000,1544994299999,0.00000000,0,0.00000000,0.00000000,0
1544994300000,85.60000000,85.60000000,85.60000000,85.60000000,0.01537000,1544994599999,1.31567200,1,0.01537000,1.31567200,0
1544994600000,85.60000000,85.60000000,85.60000000,85.60000000,0.00000000,1544994899999,0.00000000,0,0.00000000,0.00000000,0
1544994900000,85.05000000,85.05000000,85.05000000,85.05000000,14.43266000,1544995199999,1227.49773300,2,0.00000000,0.00000000,0
1544995200000,85.48000000,85.48000000,85.48000000,85.48000000,0.01544000,1544995499999,1.31981120,1,0.01544000,1.31981120,0
1544995500000,85.39000000,85.39000000,85.39000000,85.39000000,0.01544000,1544995799999,1.31842160,1,0.01544000,1.31842160,0
1544995800000,85.15000000,85.15000000,84.89000000,84.89000000,7.75473000,1544996099999,658.60441010,2,0.00000000,0.00000000,0
1544996100000,84.89000000,84.89000000,84.89000000,84.89000000,0.63595000,1544996399999,53.98579550,1,0.63595000,53.98579550,0
1544996400000,84.89000000,84.89000000,84.89000000,84.89000000,0.00000000,1544996699999,0.00000000,0,0.00000000,0.00000000,0
1544996700000,84.89000000,84.89000000,84.89000000,84.89000000,0.00000000,1544996999999,0.00000000,0,0.00000000,0.00000000,0
1544997000000,84.89000000,84.89000000,84.89000000,84.89000000,0.00000000,1544997299999,0.00000000,0,0.00000000,0.00000000,0
1544997300000,84.74000000,84.92000000,84.73000000,84.82000000,8.19559000,1544997599999,694.49069510,6,0.06191000,5.25445490,0
1544997600000,84.27000000,84.27000000,84.07000000,84.07000000,0.06200000,1544997899999,5.21962500,4,0.06200000,5.21962500,0
1544997900000,84.05000000,84.05000000,84.04000000,84.04000000,0.03120000,1544998199999,2.62220400,2,0.03120000,2.62220400,0
1544998200000,83.81000000,84.25000000,83.81000000,84.25000000,0.58266000,1544998499999,48.83962940,2,0.58266000,48.83962940,0
1544998500000,83.89000000,83.90000000,83.86000000,83.90000000,69.72224000,1544998799999,5849.19888160,12,69.72224000,5849.19888160,0
1544998800000,83.90000000,83.90000000,83.90000000,83.90000000,0.00000000,1544999099999,0.00000000,0,0.00000000,0.00000000,0
1544999100000,83.90000000,83.90000000,83.90000000,83.90000000,0.00000000,1544999399999,0.00000000,0,0.00000000,0.00000000,0
1544999400000,83.90000000,83.90000000,83.90000000,83.90000000,0.00000000,1544999699999,0.00000000,0,0.00000000,0.00000000,0
1544999700000,83.90000000,83.90000000,83.90000000,83.90000000,0.00000000,1544999999999,0.00000000,0,0.00000000,0.00000000,0
1545000000000,84.00000000,84.04000000,84.00000000,84.04000000,9.00232000,1545000299999,756.55021080,4,9.00232000,756.55021080,0
1545000300000,84.04000000,84.08000000,84.04000000,84.08000000,6.48906000,1545000599999,545.51321040,4,6.48906000,545.51321040,0
1545000600000,84.08000000,84.08000000,84.08000000,84.08000000,0.00000000,1545000899999,0.00000000,0,0.00000000,0.00000000,0
1545000900000,84.13000000,84.13000000,84.13000000,84.13000000,0.01563000,1545001199999,1.31495190,1,0.01563000,1.31495190,0
1545001200000,84.13000000,84.13000000,84.13000000,84.13000000,0.00000000,1545001499999,0.00000000,0,0.00000000,0.00000000,0
1545001500000,84.32000000,84.32000000,84.32000000,84.32000000,0.94561000,1545001799999,79.73383520,2,0.94561000,79.73383520,0
1545001800000,84.26000000,84.26000000,84.26000000,84.26000000,0.01558000,1545002099999,1.31277080,1,0.01558000,1.31277080,0
1545002100000,84.21000000,84.21000000,84.21000000,84.21000000,0.01558000,1545002399999,1.31199180,1,0.01558000,1.31199180,0
1545002400000,84.20000000,84.30000000,84.20000000,84.30000000,9.73594000,1545002699999,819.85833790,4,9.73594000,819.85833790,0
1545002700000,84.27000000,84.27000000,84.27000000,84.27000000,0.01560000,1545002999999,1.31461200,1,0.01560000,1.31461200,0
1545003000000,84.25000000,84.25000000,84.25000000,84.25000000,0.01560000,1545003299999,1.31430000,1,0.01560000,1.31430000,0
1545003300000,84.25000000,84.25000000,84.25000000,84.25000000,0.00000000,1545003599999,0.00000000,0,0.00000000,0.00000000,0
1545003600000,84.07000000,84.07000000,84.07000000,84.07000000,0.31296000,1545003899999,26.31054720,2,0.01559000,1.31065130,0
1545003900000,83.84000000,83.84000000,83.84000000,83.84000000,7.21213000,1545004199999,604.66497920,1,0.00000000,0.00000000,0
1545004200000,83.86000000,83.86000000,83.80000000,83.80000000,7.21885000,1545004499999,605.37182140,2,7.21885000,605.37182140,0
1545004500000,83.55000000,83.79000000,83.55000000,83.79000000,25.13443000,1545004799999,2101.78941510,4,25.13443000,2101.78941510,0
1545004800000,83.79000000,84.30000000,83.79000000,84.30000000,518.69336000,1545005099999,43564.84260540,22,518.69336000,43564.84260540,0
1545005100000,84.12000000,84.20000000,84.12000000,84.20000000,0.03128000,1545005399999,2.63252480,2,0.03128000,2.63252480,0
1545005400000,84.02000000,84.07000000,84.02000000,84.07000000,0.03125000,1545005699999,2.62640700,2,0.03125000,2.62640700,0
1545005700000,84.09000000,84.26000000,84.09000000,84.26000000,0.03124000,1545005999999,2.62962700,2,0.03124000,2.62962700,0
1545006000000,84.27000000,84.30000000,84.27000000,84.30000000,0.96334000,1545006299999,81.20909400,2,0.96334000,81.20909400,0
1545006300000,84.28000000,84.28000000,84.25000000,84.25000000,1.35058000,1545006599999,113.78683240,6,1.35058000,113.78683240,0
1545006600000,84.47000000,84.63000000,84.47000000,84.62000000,8.70175000,1545006899999,735.29817940,7,8.70175000,735.29817940,0
1545006900000,84.64000000,84.68000000,84.64000000,84.68000000,0.04662000,1545007199999,3.94716000,3,0.04662000,3.94716000,0
1545007200000,84.68000000,84.68000000,84.68000000,84.68000000,0.03103000,1545007499999,2.62762040,2,0.03103000,2.62762040,0
1545007500000,84.63000000,84.63000000,84.63000000,84.63000000,0.01551000,1545007799999,1.31261130,1,0.01551000,1.31261130,0
1545007800000,84.63000000,84.63000000,84.63000000,84.63000000,0.00000000,1545008099999,0.00000000,0,0.00000000,0.00000000,0
1545008100000,84.51000000,84.55000000,84.51000000,84.55000000,0.03102000,1545008399999,2.62212060,2,0.03102000,2.62212060,0
1545008400000,84.54000000,84.54000000,84.46000000,84.46000000,0.03108000,1545008699999,2.62626000,2,0.03108000,2.62626000,0
1545008700000,84.39000000,84.39000000,84.39000000,84.39000000,0.01554000,1545008999999,1.31142060,1,0.01554000,1.31142060,0
1545009000000,84.45000000,84.45000000,84.45000000,84.45000000,0.01554000,1545009299999,1.31235300,1,0.01554000,1.31235300,0
1545009300000,83.91000000,84.27000000,83.76000000,84.27000000,87.93518000,1545009599999,7373.89225010,5,0.01555000,1.31039850,0
1545009600000,84.31000000,84.31000000,84.31000000,84.31000000,0.01555000,1545009899999,1.31102050,1,0.01555000,1.31102050,0
1545009900000,84.47000000,84.47000000,84.31000000,84.31000000,0.03124000,1545010199999,2.63635000,2,0.03124000,2.63635000,0
1545010200000,84.41000000,84.41000000,84.33000000,84.33000000,0.03114000,1545010499999,2.62728180,2,0.03114000,2.62728180,0
1545010500000,84.33000000,84.33000000,84.33000000,84.33000000,0.00000000,1545010799999,0.00000000,0,0.00000000,0.00000000,0
1545010800000,84.33000000,84.33000000,84.33000000,84.33000000,0.30000000,1545011099999,25.29900000,1,0.30000000,25.29900000,0
1545011100000,84.28000000,84.28000000,84.28000000,84.28000000,0.01557000,1545011399999,1.31223960,1,0.01557000,1.31223960,0
1545011400000,84.16000000,84.16000000,84.16000000,84.16000000,0.01558000,1545011699999,1.31121280,1,0.01558000,1.31121280,0
1545011700000,83.95000000,83.95000000,83.95000000,83.95000000,0.01558000,1545011999999,1.30794100,1,0.01558000,1.30794100,0
1545012000000,84.23000000,84.23000000,84.23000000,84.23000000,0.01563000,1545012299999,1.31651490,1,0.01563000,1.31651490,0
1545012300000,84.23000000,84.23000000,84.23000000,84.23000000,0.00000000,1545012599999,0.00000000,0,0.00000000,0.00000000,0
1545012600000,83.92000000,84.00000000,83.51000000,84.00000000,7.87217000,1545012899999,657.41897710,3,0.03124000,2.62291280,0
1545012900000,84.00000000,84.00000000,84.00000000,84.00000000,0.00000000,1545013199999,0.00000000,0,0.00000000,0.00000000,0
1545013200000,84.10000000,84.14000000,84.10000000,84.14000000,0.03146000,1545013499999,2.64641520,2,0.03146000,2.64641520,0
1545013500000,84.21000000,84.21000000,84.21000000,84.21000000,0.01561000,1545013799999,1.31451810,1,0.01561000,1.31451810,0
1545013800000,84.11000000,84.15000000,84.11000000,84.15000000,0.03122000,1545014099999,2.62653860,2,0.03122000,2.62653860,0
1545014100000,83.59000000,83.59000000,83.47000000,83.47000000,51.16000000,1545014399999,4274.58576440,4,0.00000000,0.00000000,0
1545014400000,83.47000000,83.47000000,83.47000000,83.47000000,0.00000000,1545014699999,0.00000000,0,0.00000000,0.00000000,0
1545014700000,83.47000000,83.47000000,83.47000000,83.47000000,0.00000000,1545014999999,0.00000000,0,0.00000000,0.00000000,0
1545015000000,84.08000000,84.08000000,84.08000000,84.08000000,0.01572000,1545015299999,1.32173760,1,0.01572000,1.32173760,0
1545015300000,83.63000000,84.05000000,83.63000000,84.05000000,0.55060000,1545015599999,46.05327200,2,0.01570000,1.31958500,0
1545015600000,84.15000000,84.24000000,84.15000000,84.24000000,0.03140000,1545015899999,2.64372300,2,0.03140000,2.64372300,0
1545015900000,84.23000000,84.23000000,83.81000000,83.81000000,0.54351000,1545016199999,45.56471910,3,0.03130000,2.63639900,0
1545016200000,84.22000000,84.22000000,83.84000000,83.84000000,6.71560000,1545016499999,563.04183200,2,0.01560000,1.31383200,0
1545016500000,84.20000000,84.20000000,84.20000000,84.20000000,0.01567000,1545016799999,1.31941400,1,0.01567000,1.31941400,0
1545016800000,84.15000000,84.15000000,84.15000000,84.15000000,0.01560000,1545017099999,1.31274000,1,0.01560000,1.31274000,0
1545017100000,84.23000000,84.23000000,84.23000000,84.23000000,0.01561000,1545017399999,1.31483030,1,0.01561000,1.31483030,0
1545017400000,84.22000000,84.22000000,84.22000000,84.22000000,0.01561000,1545017699999,1.31467420,1,0.01561000,1.31467420,0
1545017700000,84.24000000,84.29000000,83.86000000,84.29000000,0.57575000,1545017999999,48.30130460,4,0.04688000,3.95026640,0
1545018000000,84.28000000,84.29000000,84.28000000,84.29000000,0.03132000,1545018299999,2.63980620,2,0.03132000,2.63980620,0
1545018300000,84.30000000,84.30000000,84.30000000,84.30000000,0.03116000,1545018599999,2.62678800,2,0.03116000,2.62678800,0
1545018600000,84.27000000,84.27000000,84.27000000,84.27000000,0.01558000,1545018899999,1.31292660,1,0.01558000,1.31292660,0
1545018900000,84.24000000,84.24000000,84.24000000,84.24000000,0.01558000,1545019199999,1.31245920,1,0.01558000,1.31245920,0
1545019200000,84.24000000,84.24000000,84.24000000,84.24000000,0.00000000,1545019499999,0.00000000,0,0.00000000,0.00000000,0
1545019500000,84.23000000,84.23000000,84.20000000,84.20000000,2.09382000,1545019799999,176.34639450,4,1.57394000,132.57249850,0
1545019800000,84.20000000,84.20000000,84.20000000,84.20000000,0.00000000,1545020099999,0.00000000,0,0.00000000,0.00000000,0
1545020100000,84.20000000,84.20000000,84.20000000,84.20000000,0.01559000,1545020399999,1.31267800,1,0.01559000,1.31267800,0
1545020400000,84.26000000,84.26000000,84.26000000,84.26000000,0.01560000,1545020699999,1.31445600,1,0.01560000,1.31445600,0
1545020700000,84.26000000,84.26000000,84.26000000,84.26000000,0.00000000,1545020999999,0.00000000,0,0.00000000,0.00000000,0
1545021000000,84.18000000,84.18000000,84.18000000,84.18000000,0.01559000,1545021299999,1.31236620,1,0.01559000,1.31236620,0
1545021300000,84.18000000,84.18000000,84.18000000,84.18000000,0.00000000,1545021599999,0.00000000,0,0.00000000,0.00000000,0
1545021600000,84.27000000,84.27000000,84.24000000,84.24000000,4.02603000,1545021899999,339.27308040,2,4.02603000,339.27308040,0
1545021900000,84.29000000,84.29000000,84.29000000,84.29000000,0.01559000,1545022199999,1.31408110,1,0.01559000,1.31408110,0
1545022200000,84.29000000,84.30000000,84.29000000,84.30000000,0.03117000,1545022499999,2.62747510,2,0.03117000,2.62747510,0
1545022500000,84.30000000,84.30000000,84.30000000,84.30000000,0.01558000,1545022799999,1.31339400,1,0.01558000,1.31339400,0
1545022800000,84.33000000,84.46000000,84.33000000,84.38000000,5.40515000,1545023099999,455.81910390,7,5.40515000,455.81910390,0
1545023100000,84.42000000,84.42000000,84.42000000,84.42000000,0.01557000,1545023399999,1.31441940,1,0.01557000,1.31441940,0
1545023400000,84.38000000,84.38000000,84.38000000,84.38000000,0.01556000,1545023699999,1.31295280,1,0.01556000,1.31295280,0
1545023700000,84.32000000,84.32000000,84.32000000,84.32000000,0.01557000,1545023999999,1.31286240,1,0.01557000,1.31286240,0
1545024000000,84.27000000,84.27000000,84.27000000,84.27000000,0.01558000,1545024299999,1.31292660,1,0.01558000,1.31292660,0
1545024300000,84.27000000,84.27000000,84.27000000,84.27000000,0.00000000,1545024599999,0.00000000,0,0.00000000,0.00000000,0
1545024600000,84.32000000,84.32000000,84.32000000,84.32000000,0.60000000,1545024899999,50.59200000,1,0.60000000,50.59200000,0
1545024900000,84.32000000,84.32000000,84.32000000,84.32000000,0.00000000,1545025199999,0.00000000,0,0.00000000,0.00000000,0
1545025200000,84.25000000,84.25000000,84.25000000,84.25000000,32.05339000,1545025499999,2700.49810750,7,0.00000000,0.00000000,0
1545025500000,84.50000000,84.50000000,84.50000000,84.50000000,0.01559000,1545025799999,1.31735500,1,0.01559000,1.31735500,0
1545025800000,84.50000000,84.50000000,84.50000000,84.50000000,0.00000000,1545026099999,0.00000000,0,0.00000000,0.00000000,0
1545026100000,84.50000000,84.55000000,84.31000000,84.55000000,70.02821000,1545026399999,5920.79503120,3,68.71581000,5809.92173550,0
1545026400000,84.54000000,84.54000000,84.54000000,84.54000000,0.01554000,1545026699999,1.31375160,1,0.01554000,1.31375160,0
1545026700000,84.58000000,84.58000000,84.58000000,84.58000000,0.01553000,1545026999999,1.31352740,1,0.01553000,1.31352740,0
1545027000000,84.64000000,84.67000000,84.64000000,84.64000000,4.21106000,1545027299999,356.54951840,7,4.21106000,356.54951840,0
1545027300000,84.65000000,85.15000000,84.65000000,85.15000000,4.13002000,1545027599999,349.81888720,5,4.13002000,349.81888720,0
1545027600000,84.86000000,84.86000000,84.76000000,84.76000000,0.03102000,1545027899999,2.63080620,2,0.03102000,2.63080620,0
1545027900000,84.76000000,84.76000000,84.76000000,84.76000000,0.00000000,1545028199999,0.00000000,0,0.00000000,0.00000000,0
1545028200000,85.05000000,85.05000000,85.05000000,85.05000000,0.01549000,1545028499999,1.31742450,1,0.01549000,1.31742450,0
1545028500000,84.77000000,84.77000000,84.77000000,84.77000000,0.01544000,1545028799999,1.30884880,1,0.01544000,1.30884880,0
1545028800000,84.58000000,84.64000000,84.58000000,84.64000000,0.32547000,1545029099999,27.52918080,2,0.32547000,27.52918080,0
1545029100000,84.64000000,84.64000000,84.64000000,84.64000000,0.00000000,1545029399999,0.00000000,0,0.00000000,0.00000000,0
1545029400000,84.64000000,84.64000000,84.64000000,84.64000000,0.00000000,1545029699999,0.00000000,0,0.00000000,0.00000000,0
1545029700000,84.40000000,84.40000000,84.40000000,84.40000000,1.99983000,1545029999999,168.78565200,1,0.00000000,0.00000000,0
1545030000000,84.40000000,84.40000000,84.40000000,84.40000000,0.00000000,1545030299999,0.00000000,0,0.00000000,0.00000000,0
1545030300000,84.40000000,84.40000000,84.40000000,84.40000000,0.00000000,1545030599999,0.00000000,0,0.00000000,0.00000000,0
1545030600000,84.40000000,84.40000000,84.40000000,84.40000000,0.00000000,1545030899999,0.00000000,0,0.00000000,0.00000000,0
1545030900000,84.40000000,84.40000000,84.40000000,84.40000000,0.00000000,1545031199999,0.00000000,0,0.00000000,0.00000000,0
1545031200000,84.40000000,84.40000000,84.40000000,84.40000000,0.00000000,1545031499999,0.00000000,0,0.00000000,0.00000000,0
1545031500000,84.65000000,84.65000000,84.65000000,84.65000000,3.00000000,1545031799999,253.95000000,1,3.00000000,253.95000000,0
1545031800000,84.71000000,84.93000000,84.42000000,84.42000000,2.35462000,1545032099999,199.64921920,3,1.45082000,123.21814260,0
1545032100000,84.49000000,84.51000000,84.49000000,84.51000000,14.31236000,1545032399999,1209.53198780,2,0.00000000,0.00000000,0
1545032400000,84.51000000,84.51000000,84.51000000,84.51000000,0.00000000,1545032699999,0.00000000,0,0.00000000,0.00000000,0
1545032700000,84.90000000,84.90000000,84.90000000,84.90000000,0.01554000,1545032999999,1.31934600,1,0.01554000,1.31934600,0
1545033000000,85.08000000,85.30000000,85.08000000,85.30000000,16.68777000,1545033299999,1420.24621340,12,16.15068000,1374.53985440,0
1545033300000,85.50000000,85.65000000,85.36000000,85.36000000,18.67821000,1545033599999,1597.23644900,8,4.98336000,426.47155800,0
1545033600000,85.36000000,85.36000000,85.36000000,85.36000000,0.00000000,1545033899999,0.00000000,0,0.00000000,0.00000000,0
1545033900000,86.11000000,86.13000000,86.04000000,86.04000000,467.82762000,1545034199999,40293.80153810,3,467.82762000,40293.80153810,0
1545034200000,86.04000000,86.04000000,86.04000000,86.04000000,0.00000000,1545034499999,0.00000000,0,0.00000000,0.00000000,0
1545034500000,85.89000000,85.89000000,85.89000000,85.89000000,0.20000000,1545034799999,17.17800000,1,0.20000000,17.17800000,0
1545034800000,85.89000000,85.89000000,85.89000000,85.89000000,0.00000000,1545035099999,0.00000000,0,0.00000000,0.00000000,0
1545035100000,85.29000000,85.29000000,85.29000000,85.29000000,0.97600000,1545035399999,83.24304000,1,0.00000000,0.00000000,0
1545035400000,85.35000000,85.36000000,85.35000000,85.36000000,18.61939000,1545035699999,1589.20195720,3,0.00000000,0.00000000,0
1545035700000,85.36000000,85.36000000,85.36000000,85.36000000,0.00000000,1545035999999,0.00000000,0,0.00000000,0.00000000,0
1545036000000,85.36000000,85.36000000,85.36000000,85.36000000,0.00000000,1545036299999,0.00000000,0,0.00000000,0.00000000,0
1545036300000,85.36000000,85.36000000,85.36000000,85.36000000,0.00000000,1545036599999,0.00000000,0,0.00000000,0.00000000,0
1545036600000,85.36000000,85.36000000,85.36000000,85.36000000,0.00000000,1545036899999,0.00000000,0,0.00000000,0.00000000,0
1545036900000,85.36000000,85.36000000,85.36000000,85.36000000,0.00000000,1545037199999,0.00000000,0,0.00000000,0.00000000,0
1545037200000,85.36000000,85.36000000,85.36000000,85.36000000,0.00000000,1545037499999,0.00000000,0,0.00000000,0.00000000,0
1545037500000,85.36000000,85.36000000,85.36000000,85.36000000,0.00000000,1545037799999,0.00000000,0,0.00000000,0.00000000,0
1545037800000,85.36000000,85.36000000,85.36000000,85.36000000,0.00000000,1545038099999,0.00000000,0,0.00000000,0.00000000,0
1545038100000,85.82000000,85.82000000,85.82000000,85.82000000,1.21157000,1545038399999,103.97693740,1,1.21157000,103.97693740,0
1545038400000,85.46000000,85.46000000,85.46000000,85.46000000,20.33985000,1545038699999,1738.24358100,4,12.80886000,1094.64517560,0
1545038700000,85.46000000,85.46000000,85.46000000,85.46000000,0.00000000,1545038999999,0.00000000,0,0.00000000,0.00000000,0
1545039000000,85.46000000,85.46000000,85.46000000,85.46000000,0.00000000,1545039299999,0.00000000,0,0.00000000,0.00000000,0
1545039300000,85.46000000,85.46000000,85.46000000,85.46000000,0.00000000,1545039599999,0.00000000,0,0.00000000,0.00000000,0
1545039600000,85.46000000,85.46000000,85.46000000,85.46000000,0.00000000,1545039899999,0.00000000,0,0.00000000,0.00000000,0
1545039900000,85.69000000,85.69000000,85.69000000,85.69000000,2.00000000,1545040199999,171.38000000,1,2.00000000,171.38000000,0
1545040200000,85.35000000,85.35000000,85.35000000,85.35000000,68.62760000,1545040499999,5857.36566000,13,68.62760000,5857.36566000,0
1545040500000,85.35000000,85.35000000,85.35000000,85.35000000,0.00000000,1545040799999,0.00000000,0,0.00000000,0.00000000,0
1545040800000,85.35000000,85.35000000,85.35000000,85.35000000,0.00000000,1545041099999,0.00000000,0,0.00000000,0.00000000,0
1545041100000,85.35000000,85.35000000,85.35000000,85.35000000,0.00000000,1545041399999,0.00000000,0,0.00000000,0.00000000,0
1545041400000,85.35000000,85.35000000,85.35000000,85.35000000,0.00000000,1545041699999,0.00000000,0,0.00000000,0.00000000,0
1545041700000,84.92000000,84.92000000,84.92000000,84.92000000,1.08579000,1545041999999,92.20528680,1,0.00000000,0.00000000,0
1545042000000,85.08000000,85.08000000,85.08000000,85.08000000,1.17551000,1545042299999,100.01239080,1,0.00000000,0.00000000,0
1545042300000,85.08000000,85.08000000,85.08000000,85.08000000,0.00000000,1545042599999,0.00000000,0,0.00000000,0.00000000,0
1545042600000,85.08000000,85.08000000,85.08000000,85.08000000,0.00000000,1545042899999,0.00000000,0,0.00000000,0.00000000,0
1545042900000,85.28000000,85.33000000,85.28000000,85.33000000,0.16836000,1545043199999,14.36538680,2,0.16836000,14.36538680,0
1545043200000,84.81000000,84.81000000,84.81000000,84.81000000,0.15471000,1545043499999,13.12095510,1,0.00000000,0.00000000,0
1545043500000,84.81000000,84.81000000,84.81000000,84.81000000,0.00000000,1545043799999,0.00000000,0,0.00000000,0.00000000,0
1545043800000,84.81000000,84.81000000,84.81000000,84.81000000,0.00000000,1545044099999,0.00000000,0,0.00000000,0.00000000,0
1545044100000,84.81000000,84.81000000,84.81000000,84.81000000,0.00000000,1545044399999,0.00000000,0,0.00000000,0.00000000,0
1545044400000,85.08000000,85.08000000,85.08000000,85.08000000,0.31944000,1545044699999,27.17795520,1,0.00000000,0.00000000,0
1545044700000,85.08000000,85.08000000,85.08000000,85.08000000,0.00000000,1545044999999,0.00000000,0,0.00000000,0.00000000,0
1545045000000,85.08000000,85.08000000,85.08000000,85.08000000,0.00000000,1545045299999,0.00000000,0,0.00000000,0.00000000,0
1545045300000,85.12000000,85.55000000,85.12000000,85.55000000,95.57600000,1545045599999,8176.21216600,3,95.00000000,8127.18304600,0
1545045600000,85.08000000,85.13000000,85.08000000,85.13000000,1.88026000,1545045899999,159.98853380,3,0.00000000,0.00000000,0
1545045900000,85.13000000,85.13000000,85.13000000,85.13000000,0.00000000,1545046199999,0.00000000,0,0.00000000,0.00000000,0
1545046200000,84.75000000,84.75000000,84.75000000,84.75000000,7.45000000,1545046499999,631.38750000,1,0.00000000,0.00000000,0
1545046500000,84.75000000,84.75000000,84.75000000,84.75000000,0.00000000,1545046799999,0.00000000,0,0.00000000,0.00000000,0
1545046800000,84.75000000,84.75000000,84.75000000,84.75000000,0.00000000,1545047099999,0.00000000,0,0.00000000,0.00000000,0
1545047100000,84.75000000,84.75000000,84.75000000,84.75000000,0.00000000,1545047399999,0.00000000,0,0.00000000,0.00000000,0
1545047400000,84.75000000,84.75000000,84.75000000,84.75000000,0.00000000,1545047699999,0.00000000,0,0.00000000,0.00000000,0
1545047700000,85.24000000,85.33000000,85.24000000,85.33000000,1.25017000,1545047999999,106.58448610,2,0.00000000,0.00000000,0
1545048000000,85.32000000,85.61000000,85.32000000,85.61000000,9.60554000,1545048299999,821.81429690,2,9.60554000,821.81429690,0
1545048300000,85.61000000,85.61000000,85.61000000,85.61000000,2.68097000,1545048599999,229.51784170,1,2.68097000,229.51784170,0
1545048600000,85.64000000,89.00000000,85.64000000,89.00000000,156.94360000,1545048899999,13727.36304040,43,156.94360000,13727.36304040,0
1545048900000,88.99000000,89.00000000,88.51000000,88.98000000,170.80214000,1545049199999,15157.24407020,41,2.15220000,191.45472920,0
1545049200000,88.88000000,88.90000000,88.78000000,88.90000000,1.05918000,1545049499999,94.13888200,5,1.05918000,94.13888200,0
1545049500000,88.90000000,88.90000000,88.90000000,88.90000000,1.00000000,1545049799999,88.90000000,1,1.00000000,88.90000000,0
1545049800000,88.74000000,89.36000000,88.74000000,89.36000000,2.70774000,1545050099999,240.74358170,6,2.70774000,240.74358170,0
1545050100000,89.19000000,89.19000000,89.19000000,89.19000000,0.01477000,1545050399999,1.31733630,1,0.01477000,1.31733630,0
1545050400000,89.22000000,89.46000000,89.22000000,89.46000000,0.21139000,1545050699999,18.90622620,3,0.21139000,18.90622620,0
1545050700000,89.78000000,89.78000000,89.78000000,89.78000000,0.01469000,1545050999999,1.31886820,1,0.01469000,1.31886820,0
1545051000000,89.78000000,89.86000000,88.75000000,89.86000000,16.42140000,1545051299999,1467.21781390,8,14.21514000,1270.36877460,0
1545051300000,89.13000000,89.36000000,89.13000000,89.36000000,8.41798000,1545051599999,751.94316280,5,0.00000000,0.00000000,0
1545051600000,89.81000000,90.43000000,89.81000000,90.43000000,20.63629000,1545051899999,1857.69798940,9,20.63629000,1857.69798940,0
1545051900000,90.56000000,90.56000000,90.16000000,90.26000000,12.98276000,1545052199999,1173.76291760,3,12.98276000,1173.76291760,0
1545052200000,89.78000000,89.78000000,89.50000000,89.50000000,16.26113000,1545052499999,1455.37520340,10,16.26113000,1455.37520340,0
1545052500000,89.29000000,89.29000000,89.29000000,89.29000000,2.16325000,1545052799999,193.15659250,2,1.61841000,144.50782890,0
1545052800000,89.29000000,89.29000000,89.29000000,89.29000000,0.00000000,1545053099999,0.00000000,0,0.00000000,0.00000000,0
1545053100000,89.29000000,89.29000000,89.29000000,89.29000000,0.17463000,1545053399999,15.59271270,1,0.17463000,15.59271270,0
1545053400000,89.29000000,89.29000000,89.29000000,89.29000000,0.00000000,1545053699999,0.00000000,0,0.00000000,0.00000000,0
1545053700000,88.75000000,89.11000000,88.29000000,88.42000000,17.33670000,1545053999999,1531.40620950,4,0.01471000,1.31080810,0
1545054000000,89.09000000,89.09000000,88.72000000,89.09000000,1.70993000,1545054299999,152.08049150,4,0.01487000,1.32476830,0
1545054300000,89.34000000,89.34000000,89.23000000,89.23000000,0.02957000,1545054599999,2.64015910,2,0.02957000,2.64015910,0
1545054600000,88.65000000,89.04000000,88.65000000,89.04000000,0.32935000,1545054899999,29.20263780,2,0.01477000,1.31512080,0
1545054900000,88.78000000,89.48000000,88.78000000,89.00000000,80.01565000,1545055199999,7121.46304200,17,0.01479000,1.32340920,0
1545055200000,89.00000000,89.00000000,89.00000000,89.00000000,0.00000000,1545055499999,0.00000000,0,0.00000000,0.00000000,0
1545055500000,89.34000000,89.38000000,89.33000000,89.38000000,111.21248000,1545055799999,9939.37545860,20,111.21248000,9939.37545860,0
1545055800000,89.38000000,89.41000000,89.38000000,89.40000000,33.63582000,1545056099999,3007.04691080,15,4.51986000,403.98508680,0
1545056100000,89.01000000,89.50000000,89.01000000,89.50000000,2.97902000,1545056399999,265.16977320,2,0.01470000,1.31565000,0
1545056400000,89.69000000,89.69000000,89.69000000,89.69000000,0.01470000,1545056699999,1.31844300,1,0.01470000,1.31844300,0
1545056700000,89.58000000,89.58000000,89.02000000,89.02000000,5.60550000,1545056999999,500.58864880,3,2.80415000,251.19575700,0
1545057000000,89.02000000,89.02000000,89.02000000,89.02000000,0.00000000,1545057299999,0.00000000,0,0.00000000,0.00000000,0
1545057300000,89.02000000,89.41000000,89.02000000,89.40000000,3.12393000,1545057599999,279.22584030,3,2.92515000,261.53044470,0
1545057600000,89.14000000,89.54000000,89.00000000,89.00000000,67.83023000,1545057899999,6038.32339940,18,0.01469000,1.31534260,0
1545057900000,89.00000000,89.00000000,89.00000000,89.00000000,0.52700000,1545058199999,46.90300000,1,0.00000000,0.00000000,0
1545058200000,88.60000000,88.60000000,88.60000000,88.60000000,12.27658000,1545058499999,1087.70498800,1,0.00000000,0.00000000,0
1545058500000,88.60000000,88.60000000,88.60000000,88.60000000,1.75534000,1545058799999,155.52312400,1,0.00000000,0.00000000,0
1545058800000,89.17000000,89.17000000,89.17000000,89.17000000,0.02964000,1545059099999,2.64299880,2,0.02964000,2.64299880,0
1545059100000,89.26000000,89.26000000,89.26000000,89.26000000,0.02953000,1545059399999,2.63584780,2,0.02953000,2.63584780,0
1545059400000,89.26000000,89.26000000,89.26000000,89.26000000,2.31556000,1545059699999,206.68688560,1,0.00000000,0.00000000,0
1545059700000,89.26000000,89.26000000,89.26000000,89.26000000,0.00000000,1545059999999,0.00000000,0,0.00000000,0.00000000,0
1545060000000,89.23000000,89.23000000,88.97000000,88.97000000,0.21282000,1545060299999,18.93842000,2,0.01471000,1.31257330,0
1545060300000,88.97000000,88.97000000,88.95000000,88.95000000,5.84020000,1545060599999,519.60229880,4,5.84020000,519.60229880,0
1545060600000,88.95000000,88.95000000,88.78000000,88.78000000,0.32024000,1545060899999,28.43341640,2,0.01476000,1.31290200,0
1545060900000,88.97000000,89.01000000,88.97000000,89.01000000,4.07157000,1545061199999,362.39571130,2,0.36836000,32.77298920,0
1545061200000,88.76000000,88.76000000,88.59000000,88.59000000,18.91379000,1545061499999,1676.35785520,5,0.00000000,0.00000000,0
1545061500000,89.06000000,89.06000000,89.00000000,89.06000000,17.81035000,1545061799999,1586.17656200,11,17.59020000,1566.58321200,0
1545061800000,89.06000000,89.33000000,89.00000000,89.33000000,31.81435000,1545062099999,2831.78155880,14,2.92490000,260.62050880,0
1545062100000,89.33000000,89.33000000,89.33000000,89.33000000,0.00000000,1545062399999,0.00000000,0,0.00000000,0.00000000,0
1545062400000,89.76000000,90.00000000,89.76000000,89.98000000,26.21853000,1545062699999,2359.02277460,11,26.21853000,2359.02277460,0
1545062700000,89.41000000,90.00000000,89.41000000,90.00000000,14.11104000,1545062999999,1267.04080440,4,9.42540000,848.09773200,0
1545063000000,90.00000000,90.00000000,90.00000000,90.00000000,391.11038000,1545063299999,35199.93420000,13,16.26854000,1464.16860000,0
1545063300000,90.26000000,90.26000000,90.26000000,90.26000000,0.12343000,1545063599999,11.14079180,1,0.12343000,11.14079180,0
1545063600000,90.09000000,90.26000000,90.07000000,90.26000000,71.14888000,1545063899999,6413.31962160,6,25.00000000,2256.50000000,0
1545063900000,90.56000000,91.31000000,90.56000000,91.01000000,23.30098000,1545064199999,2119.65644860,11,22.90920000,2084.00205080,0
1545064200000,91.28000000,91.28000000,91.28000000,91.28000000,0.12310000,1545064499999,11.23656800,1,0.12310000,11.23656800,0
1545064500000,91.33000000,91.33000000,90.77000000,90.77000000,1.67439000,1545064799999,151.99246670,3,0.01444000,1.31880520,0
1545064800000,90.29000000,90.29000000,90.29000000,90.29000000,1.99779000,1545065099999,180.38045910,1,0.00000000,0.00000000,0
1545065100000,91.09000000,91.09000000,91.09000000,91.09000000,0.01451000,1545065399999,1.32171590,1,0.01451000,1.32171590,0
1545065400000,91.09000000,91.09000000,91.09000000,91.09000000,0.00000000,1545065699999,0.00000000,0,0.00000000,0.00000000,0
1545065700000,91.09000000,91.09000000,91.09000000,91.09000000,0.00000000,1545065999999,0.00000000,0,0.00000000,0.00000000,0
1545066000000,90.46000000,91.05000000,90.46000000,91.05000000,0.21640000,1545066299999,19.58411080,2,0.01452000,1.32204600,0
1545066300000,91.05000000,91.18000000,91.00000000,91.00000000,87.97320000,1545066599999,8005.71604070,34,0.01443000,1.31572740,0
1545066600000,91.00000000,91.45000000,91.00000000,91.00000000,389.71765000,1545066899999,35523.48502570,31,305.70789000,27878.00191570,0
1545066900000,91.00000000,91.00000000,90.53000000,90.53000000,94.12883000,1545067199999,8565.07932430,13,0.00000000,0.00000000,0
1545067200000,90.53000000,90.53000000,90.53000000,90.53000000,0.00000000,1545067499999,0.00000000,0,0.00000000,0.00000000,0
1545067500000,90.57000000,90.57000000,90.55000000,90.55000000,10.00282000,1545067799999,905.76176540,3,0.00000000,0.00000000,0
1545067800000,90.55000000,90.55000000,90.55000000,90.55000000,0.00000000,1545068099999,0.00000000,0,0.00000000,0.00000000,0
1545068100000,90.55000000,90.55000000,90.55000000,90.55000000,0.00000000,1545068399999,0.00000000,0,0.00000000,0.00000000,0
1545068400000,90.47000000,90.47000000,90.47000000,90.47000000,0.21455000,1545068699999,19.41033850,1,0.00000000,0.00000000,0
1545068700000,91.05000000,91.09000000,91.00000000,91.00000000,14.81681000,1545068999999,1348.34096600,5,0.13152000,11.97957600,0
1545069000000,91.00000000,91.43000000,91.00000000,91.43000000,94.09657000,1545069299999,8565.08368920,24,13.54456000,1234.85077920,0
1545069300000,91.40000000,91.51000000,91.40000000,91.51000000,21.43776000,1545069599999,1960.54288640,4,21.43776000,1960.54288640,0
1545069600000,90.83000000,91.48000000,90.83000000,91.48000000,1.36675000,1545069899999,124.86212200,2,1.10803000,101.36258440,0
1545069900000,91.48000000,91.48000000,90.86000000,90.86000000,1.19764000,1545070199999,109.31861100,4,0.30687000,28.07246760,0
1545070200000,91.76000000,92.50000000,91.76000000,92.50000000,85.34788000,1545070499999,7867.72772710,15,45.06341000,4157.74088480,0
1545070500000,92.30000000,92.88000000,91.95000000,92.30000000,192.92960000,1545070799999,17916.23364230,23,191.46357000,17781.03174880,0
1545070800000,92.88000000,92.88000000,92.88000000,92.88000000,10.62358000,1545071099999,986.71811040,2,10.62358000,986.71811040,0
1545071100000,92.87000000,92.88000000,92.62000000,92.62000000,55.05737000,1545071399999,5111.47235660,20,0.00000000,0.00000000,0
1545071400000,92.62000000,92.62000000,92.62000000,92.62000000,0.00000000,1545071699999,0.00000000,0,0.00000000,0.00000000,0
1545071700000,92.82000000,92.88000000,92.82000000,92.88000000,0.13554000,1545071999999,12.58167180,2,0.13554000,12.58167180,0
1545072000000,93.15000000,93.46000000,93.15000000,93.43000000,10.91205000,1545072299999,1018.10822890,8,10.91205000,1018.10822890,0
1545072300000,93.86000000,95.14000000,93.26000000,95.14000000,663.39117000,1545072599999,62914.91815580,70,624.85069000,59315.91713370,0
1545072600000,95.83000000,95.83000000,94.61000000,95.81000000,66.57294000,1545072899999,6333.35545700,21,2.10104000,200.80611260,0
1545072900000,95.08000000,95.33000000,94.89000000,94.89000000,39.99710000,1545073199999,3798.05017220,10,0.61434000,58.54101140,0
1545073200000,95.70000000,96.72000000,95.70000000,96.00000000,157.67481000,1545073499999,15222.63982490,13,153.70700000,14841.73006490,0
1545073500000,96.24000000,96.34000000,95.62000000,96.34000000,177.67846000,1545073799999,17104.73527540,31,177.17292000,17056.27854160,0
1545073800000,96.28000000,96.28000000,94.71000000,94.93000000,1100.06635000,1545074099999,105861.80537680,29,2.30821000,222.20216440,0
1545074100000,94.94000000,95.31000000,94.13000000,95.20000000,18.61322000,1545074399999,1764.89549080,9,0.14561000,13.83044670,0
1545074400000,95.20000000,95.20000000,94.40000000,94.40000000,53.77907000,1545074699999,5114.43725700,8,43.51954000,4141.12823530,0
1545074700000,94.85000000,95.50000000,94.81000000,95.50000000,9.68772000,1545074999999,920.21474290,13,6.32101000,600.71396390,0
1545075000000,94.83000000,95.99000000,94.83000000,95.77000000,71.52721000,1545075299999,6795.02370420,19,28.36061000,2701.32567330,0
1545075300000,95.77000000,95.77000000,95.00000000,95.60000000,7.79824000,1545075599999,745.13917630,7,5.58019000,534.23359630,0
1545075600000,95.45000000,95.67000000,94.92000000,95.67000000,0.30492000,1545075899999,29.02572610,4,0.14461000,13.80910090,0
1545075900000,94.94000000,94.95000000,94.93000000,94.95000000,40.71125000,1545076199999,3864.96783500,9,0.00000000,0.00000000,0
1545076200000,94.70000000,95.16000000,94.22000000,94.33000000,90.20944000,1545076499999,8520.35765980,13,0.01380000,1.31320800,0
1545076500000,94.33000000,95.45000000,94.28000000,94.53000000,44.24766000,1545076799999,4174.03061200,9,0.24866000,23.71469800,0
1545076800000,95.32000000,95.32000000,94.55000000,94.55000000,0.15427000,1545077099999,14.59694690,3,0.15427000,14.59694690,0
1545077100000,95.12000000,95.13000000,95.08000000,95.08000000,0.30738000,1545077399999,29.24023050,4,0.30738000,29.24023050,0
1545077400000,95.07000000,95.18000000,95.07000000,95.18000000,5.92746000,1545077699999,563.86361670,8,1.09581000,104.19875220,0
1545077700000,95.17000000,95.18000000,95.11000000,95.14000000,92.90261000,1545077999999,8842.32449110,26,49.90261000,4749.58449110,0
1545078000000,95.20000000,95.20000000,94.96000000,94.96000000,14.23583000,1545078299999,1353.82689080,5,8.30370000,790.51182600,0
1545078300000,94.96000000,94.96000000,94.96000000,94.96000000,0.00000000,1545078599999,0.00000000,0,0.00000000,0.00000000,0
1545078600000,94.96000000,95.00000000,94.96000000,95.00000000,17.64144000,1545078899999,1675.87791680,5,1.47208000,139.78871680,0
1545078900000,95.13000000,95.20000000,94.93000000,94.93000000,6.36497000,1545079199999,605.26135700,9,3.54441000,337.41068200,0
1545079200000,95.35000000,96.00000000,95.35000000,96.00000000,90.42295000,1545079499999,8628.03546490,36,9.44288000,906.51593550,0
1545079500000,95.55000000,95.67000000,95.45000000,95.45000000,434.96365000,1545079799999,41612.47918770,5,432.64241000,41390.81436470,0
1545079800000,95.45000000,95.45000000,95.45000000,95.45000000,0.00000000,1545080099999,0.00000000,0,0.00000000,0.00000000,0
1545080100000,95.01000000,95.01000000,95.01000000,95.01000000,6.73786000,1545080399999,640.16407860,1,0.00000000,0.00000000,0
1545080400000,94.92000000,95.30000000,94.80000000,95.30000000,268.24231000,1545080699999,25482.14165280,43,4.96719000,471.01461200,0
1545080700000,94.57000000,94.57000000,94.39000000,94.50000000,923.76983000,1545080999999,87299.63592090,197,0.00000000,0.00000000,0
1545081000000,94.00000000,94.00000000,93.28000000,93.28000000,2.27002000,1545081299999,212.46746560,2,0.00000000,0.00000000,0
1545081300000,93.68000000,93.86000000,92.83000000,92.85000000,37.98842000,1545081599999,3535.26301440,12,2.37267000,221.31500520,0
1545081600000,92.85000000,92.85000000,92.85000000,92.85000000,0.00000000,1545081899999,0.00000000,0,0.00000000,0.00000000,0
1545081900000,93.50000000,93.60000000,93.32000000,93.32000000,13.40536000,1545082199999,1253.76520130,19,0.51105000,47.78317500,0
1545082200000,93.33000000,93.58000000,93.33000000,93.37000000,17.76330000,1545082499999,1658.08688720,8,1.31643000,123.09932310,0
1545082500000,93.34000000,93.38000000,93.33000000,93.33000000,34.74726000,1545082799999,3243.24713610,13,31.55151000,2944.98030340,0
1545082800000,93.38000000,93.38000000,93.24000000,93.24000000,20.44430000,1545083099999,1908.13215770,7,0.00000000,0.00000000,0
1545083100000,93.25000000,93.25000000,93.25000000,93.25000000,4.71000000,1545083399999,439.20750000,1,0.00000000,0.00000000,0
1545083400000,93.86000000,93.86000000,93.71000000,93.71000000,5.77013000,1545083699999,540.73643230,2,5.77013000,540.73643230,0
1545083700000,93.50000000,93.50000000,93.50000000,93.50000000,5.00000000,1545083999999,467.50000000,1,0.00000000,0.00000000,0
1545084000000,93.86000000,94.06000000,93.86000000,94.06000000,3.38665000,1545084299999,318.46081250,4,3.38665000,318.46081250,0
1545084300000,93.92000000,94.38000000,93.92000000,94.38000000,59.36602000,1545084599999,5597.76547280,10,53.20044000,5017.66728530,0
1545084600000,94.39000000,94.50000000,94.39000000,94.50000000,17.37124000,1545084899999,1641.01391810,8,14.67470000,1386.19088810,0
1545084900000,94.03000000,94.03000000,93.74000000,93.74000000,12.03380000,1545085199999,1130.49137380,4,0.00000000,0.00000000,0
1545085200000,93.80000000,93.80000000,93.34000000,93.54000000,295.49475000,1545085499999,27665.28979340,88,293.67417000,27495.35685620,0
1545085500000,93.40000000,93.46000000,93.29000000,93.29000000,122.81037000,1545085799999,11477.25848020,23,120.42087000,11254.33609020,0
1545085800000,93.51000000,93.85000000,93.51000000,93.60000000,182.06850000,1545086099999,17028.70686590,14,156.62539000,14648.23496990,0
1545086100000,93.61000000,93.61000000,93.61000000,93.61000000,36.89800000,1545086399999,3454.02178000,7,0.00000000,0.00000000,0
1545086400000,93.86000000,94.04000000,93.86000000,94.04000000,6.65455000,1545086699999,624.81412940,6,6.65455000,624.81412940,0
1545086700000,93.61000000,93.63000000,93.59000000,93.63000000,0.94357000,1545086999999,88.32844770,4,0.94300000,88.27509000,0
1545087000000,93.63000000,93.63000000,93.31000000,93.31000000,1.38456000,1545087299999,129.52893350,4,0.00000000,0.00000000,0
1545087300000,92.99000000,92.99000000,92.99000000,92.99000000,0.49698000,1545087599999,46.21417020,1,0.00000000,0.00000000,0
1545087600000,93.20000000,93.20000000,93.20000000,93.20000000,0.18100000,1545087899999,16.86920000,1,0.00000000,0.00000000,0
1545087900000,93.20000000,93.20000000,93.20000000,93.20000000,0.00000000,1545088199999,0.00000000,0,0.00000000,0.00000000,0
1545088200000,93.20000000,93.20000000,93.20000000,93.20000000,0.00000000,1545088499999,0.00000000,0,0.00000000,0.00000000,0
1545088500000,93.25000000,93.32000000,93.25000000,93.32000000,8.41474000,1545088799999,784.70152500,9,8.02874000,748.68000500,0
1545088800000,93.86000000,93.86000000,93.86000000,93.86000000,1.11870000,1545089099999,105.00118200,2,0.11870000,11.14118200,0
1545089100000,93.86000000,93.86000000,93.86000000,93.86000000,0.00000000,1545089399999,0.00000000,0,0.00000000,0.00000000,0
1545089400000,93.86000000,93.86000000,93.86000000,93.86000000,0.00000000,1545089699999,0.00000000,0,0.00000000,0.00000000,0
1545089700000,93.86000000,93.86000000,93.86000000,93.86000000,0.00000000,1545089999999,0.00000000,0,0.00000000,0.00000000,0
1545090000000,94.10000000,94.10000000,94.10000000,94.10000000,0.76943000,1545090299999,72.40336300,4,0.76943000,72.40336300,0
1545090300000,94.10000000,94.10000000,94.10000000,94.10000000,0.00000000,1545090599999,0.00000000,0,0.00000000,0.00000000,0
1545090600000,93.82000000,93.82000000,93.82000000,93.82000000,4.96010000,1545090899999,465.35658200,5,0.00000000,0.00000000,0
1545090900000,93.88000000,93.88000000,93.88000000,93.88000000,0.53069000,1545091199999,49.82117720,1,0.00000000,0.00000000,0
1545091200000,93.88000000,94.01000000,93.88000000,94.01000000,0.86414000,1545091499999,81.17309260,2,0.36638000,34.44338380,0
1545091500000,94.10000000,94.41000000,94.10000000,94.41000000,1.00119000,1545091799999,94.48217850,3,0.24150000,22.75984560,0
1545091800000,94.69000000,94.69000000,94.69000000,94.69000000,2.85744000,1545092099999,270.57099360,1,2.85744000,270.57099360,0
1545092100000,94.69000000,94.69000000,94.69000000,94.69000000,0.00000000,1545092399999,0.00000000,0,0.00000000,0.00000000,0
1545092400000,94.69000000,94.69000000,94.69000000,94.69000000,0.00000000,1545092699999,0.00000000,0,0.00000000,0.00000000,0
1545092700000,94.74000000,95.25000000,94.74000000,95.25000000,14.33939000,1545092999999,1364.68200760,7,12.41934000,1181.91202060,0
1545093000000,95.05000000,95.05000000,94.71000000,94.71000000,13.91583000,1545093299999,1318.64362530,7,1.91700000,181.55907000,0
1545093300000,94.71000000,94.71000000,94.71000000,94.71000000,0.00000000,1545093599999,0.00000000,0,0.00000000,0.00000000,0
1545093600000,94.50000000,94.61000000,94.32000000,94.32000000,3.30300000,1545093899999,312.02309600,5,1.31247000,124.17278670,0
1545093900000,94.32000000,94.32000000,94.32000000,94.32000000,0.00000000,1545094199999,0.00000000,0,0.00000000,0.00000000,0
1545094200000,93.86000000,93.86000000,93.82000000,93.82000000,4.16770000,1545094499999,391.17205400,4,0.00000000,0.00000000,0
1545094500000,93.70000000,93.70000000,93.63000000,93.63000000,2.68266000,1545094799999,251.28435320,5,0.00000000,0.00000000,0
1545094800000,93.34000000,93.34000000,93.34000000,93.34000000,0.11800000,1545095099999,11.01412000,1,0.00000000,0.00000000,0
1545095100000,93.34000000,93.34000000,93.34000000,93.34000000,0.00000000,1545095399999,0.00000000,0,0.00000000,0.00000000,0
1545095400000,93.34000000,93.34000000,93.34000000,93.34000000,0.00000000,1545095699999,0.00000000,0,0.00000000,0.00000000,0
1545095700000,93.48000000,93.48000000,93.25000000,93.25000000,126.52653000,1545095999999,11802.83240770,33,17.76954000,1661.09659920,0
1545096000000,93.25000000,93.25000000,92.98000000,92.98000000,5.74400000,1545096299999,534.34712000,3,0.00000000,0.00000000,0
1545096300000,92.98000000,93.10000000,92.98000000,93.10000000,0.67685000,1545096599999,62.95234220,2,0.00000000,0.00000000,0
1545096600000,93.25000000,93.25000000,93.24000000,93.24000000,5.21639000,1545096899999,486.42710950,4,0.00000000,0.00000000,0
1545096900000,93.24000000,93.52000000,93.23000000,93.23000000,5.51540000,1545097199999,515.13515650,3,3.21750000,300.90060000,0
1545097200000,93.23000000,93.23000000,93.05000000,93.21000000,87.33635000,1545097499999,8142.04923870,28,0.00000000,0.00000000,0
1545097500000,93.21000000,93.21000000,93.21000000,93.21000000,78.27288000,1545097799999,7295.81514480,6,0.00000000,0.00000000,0
1545097800000,93.21000000,93.21000000,93.17000000,93.17000000,30.58580000,1545098099999,2849.70215920,7,0.57933000,53.99934930,0
1545098100000,93.28000000,93.30000000,93.22000000,93.30000000,104.87975000,1545098399999,9783.95957880,26,0.00000000,0.00000000,0
1545098400000,93.36000000,93.36000000,93.31000000,93.31000000,107.41301000,1545098699999,10023.50612810,9,0.00000000,0.00000000,0
1545098700000,93.45000000,93.52000000,93.45000000,93.52000000,102.38459000,1545098999999,9567.93132680,23,1.30559000,122.09877680,0
1545099000000,93.52000000,94.03000000,93.52000000,93.71000000,48.36861000,1545099299999,4538.59882060,8,47.96861000,4501.11482060,0
1545099300000,93.63000000,93.63000000,93.63000000,93.63000000,23.34917000,1545099599999,2186.18278710,1,23.34917000,2186.18278710,0
1545099600000,93.61000000,93.61000000,93.61000000,93.61000000,0.18936000,1545099899999,17.72598960,1,0.18936000,17.72598960,0
1545099900000,93.53000000,93.53000000,93.34000000,93.34000000,4.22326000,1545100199999,394.29629700,3,0.31194000,29.17574820,0
1545100200000,93.46000000,93.46000000,93.32000000,93.46000000,75.51696000,1545100499999,7047.95430600,16,0.68058000,63.60700680,0
1545100500000,93.46000000,93.46000000,93.46000000,93.46000000,0.00000000,1545100799999,0.00000000,0,0.00000000,0.00000000,0
1545100800000,93.38000000,93.48000000,93.38000000,93.48000000,22.12700000,1545101099999,2066.43196000,3,22.12700000,2066.43196000,0
1545101100000,93.30000000,93.30000000,93.30000000,93.30000000,0.11755000,1545101399999,10.96741500,1,0.00000000,0.00000000,0
1545101400000,93.23000000,93.41000000,93.14000000,93.41000000,4.61192000,1545101699999,430.42984120,4,2.88416000,269.40938560,0
1545101700000,93.35000000,93.35000000,93.35000000,93.35000000,1.27095000,1545101999999,118.64318250,1,1.27095000,118.64318250,0
1545102000000,93.35000000,93.35000000,93.35000000,93.35000000,0.00000000,1545102299999,0.00000000,0,0.00000000,0.00000000,0
1545102300000,93.31000000,93.49000000,93.31000000,93.49000000,155.94107000,1545102599999,14564.61135590,20,155.94107000,14564.61135590,0
1545102600000,93.80000000,93.91000000,93.80000000,93.91000000,14.10659000,1545102899999,1323.97393190,4,14.00000000,1313.96406500,0
1545102900000,93.56000000,93.56000000,93.56000000,93.56000000,0.30925000,1545103199999,28.93343000,1,0.00000000,0.00000000,0
1545103200000,93.56000000,93.56000000,93.56000000,93.56000000,0.00000000,1545103499999,0.00000000,0,0.00000000,0.00000000,0
1545103500000,93.35000000,93.35000000,93.35000000,93.35000000,1.07448000,1545103799999,100.30270800,1,0.00000000,0.00000000,0
1545103800000,93.35000000,93.35000000,93.35000000,93.35000000,0.00000000,1545104099999,0.00000000,0,0.00000000,0.00000000,0
1545104100000,94.00000000,94.00000000,94.00000000,94.00000000,17.08193000,1545104399999,1605.70142000,6,17.08193000,1605.70142000,0
1545104400000,94.00000000,94.00000000,94.00000000,94.00000000,6.27185000,1545104699999,589.55390000,3,6.27185000,589.55390000,0
1545104700000,94.00000000,94.00000000,94.00000000,94.00000000,0.56665000,1545104999999,53.26510000,2,0.56665000,53.26510000,0
1545105000000,94.39000000,94.65000000,94.39000000,94.65000000,7.11964000,1545105299999,673.84281960,2,7.11964000,673.84281960,0
1545105300000,94.39000000,94.86000000,94.39000000,94.60000000,56.55032000,1545105599999,5347.75900950,16,0.01390000,1.31855400,0
1545105600000,94.61000000,94.61000000,94.59000000,94.59000000,52.56664000,1545105899999,4972.28100840,4,46.54658000,4402.84100220,0
1545105900000,94.38000000,94.38000000,94.34000000,94.34000000,23.18774000,1545106199999,2187.65890120,4,0.00000000,0.00000000,0
1545106200000,94.34000000,94.34000000,94.34000000,94.34000000,0.00000000,1545106499999,0.00000000,0,0.00000000,0.00000000,0
1545106500000,94.40000000,94.40000000,94.25000000,94.25000000,21.12149000,1545106799999,1991.61777850,9,6.11564000,577.31641600,0
1545106800000,94.32000000,94.32000000,93.89000000,93.89000000,2.39932000,1545107099999,225.27814470,2,0.01393000,1.31387760,0
1545107100000,93.86000000,93.86000000,93.73000000,93.73000000,10.00000000,1545107399999,937.31555320,2,0.00000000,0.00000000,0
1545107400000,93.89000000,93.90000000,93.77000000,93.77000000,14.10700000,1545107699999,1324.56339000,3,14.00000000,1314.53000000,0
1545107700000,93.80000000,93.80000000,93.80000000,93.80000000,2.31701000,1545107999999,217.33553800,3,0.00000000,0.00000000,0
1545108000000,93.86000000,94.00000000,93.86000000,94.00000000,1.69044000,1545108299999,158.88638000,3,0.00000000,0.00000000,0
1545108300000,93.84000000,93.84000000,93.84000000,93.84000000,1.53688000,1545108599999,144.22081920,2,1.53688000,144.22081920,0
1545108600000,93.84000000,93.84000000,93.84000000,93.84000000,3.73098000,1545108899999,350.11516320,2,3.73098000,350.11516320,0
1545108900000,93.84000000,93.84000000,93.84000000,93.84000000,0.00000000,1545109199999,0.00000000,0,0.00000000,0.00000000,0
1545109200000,93.62000000,93.62000000,93.62000000,93.62000000,0.11958000,1545109499999,11.19507960,1,0.00000000,0.00000000,0
1545109500000,93.52000000,93.52000000,93.32000000,93.32000000,19.84304000,1545109799999,1852.87302430,23,2.43308000,227.20101040,0
1545109800000,93.32000000,93.36000000,93.00000000,93.25000000,242.12413000,1545110099999,22565.94585210,14,240.13160000,22380.23964210,0
1545110100000,93.08000000,93.15000000,92.92000000,92.92000000,20.63160000,1545110399999,1920.01110830,6,12.95516000,1206.50909100,0
1545110400000,92.83000000,92.83000000,92.83000000,92.83000000,2.60449000,1545110699999,241.77480670,3,1.29428000,120.14801240,0
1545110700000,92.98000000,92.98000000,92.98000000,92.98000000,0.87183000,1545110999999,81.06275340,2,0.00000000,0.00000000,0
1545111000000,92.86000000,92.92000000,92.82000000,92.82000000,86.49267000,1545111299999,8036.02752420,10,0.00000000,0.00000000,0
1545111300000,92.63000000,92.63000000,92.48000000,92.62000000,18.20802000,1545111599999,1686.17838800,7,4.97148000,460.35904800,0
1545111600000,92.62000000,92.62000000,92.62000000,92.62000000,0.20579000,1545111899999,19.06026980,1,0.00000000,0.00000000,0
1545111900000,92.63000000,92.63000000,92.51000000,92.56000000,12.34282000,1545112199999,1142.19864900,4,12.34282000,1142.19864900,0
1545112200000,92.50000000,92.50000000,92.30000000,92.30000000,3.19393000,1545112499999,295.41424700,4,0.00000000,0.00000000,0
1545112500000,92.12000000,92.31000000,92.12000000,92.31000000,1.02047000,1545112799999,94.14885000,2,0.00000000,0.00000000,0
1545112800000,92.31000000,92.51000000,92.31000000,92.51000000,15.07154000,1545113099999,1392.87036540,4,8.08254000,747.71577540,0
1545113100000,92.51000000,92.51000000,92.51000000,92.51000000,0.00000000,1545113399999,0.00000000,0,0.00000000,0.00000000,0
1545113400000,92.65000000,92.65000000,92.65000000,92.65000000,0.37100000,1545113699999,34.37315000,1,0.00000000,0.00000000,0
1545113700000,92.68000000,92.68000000,92.68000000,92.68000000,53.95615000,1545113999999,5000.65598200,3,0.00000000,0.00000000,0
1545114000000,92.59000000,92.59000000,92.51000000,92.51000000,3.16483000,1545114299999,292.98910970,3,0.00000000,0.00000000,0
1545114300000,92.51000000,92.54000000,92.51000000,92.54000000,9.38716000,1545114599999,868.65572600,3,1.06868000,98.86358680,0
1545114600000,92.60000000,92.60000000,92.60000000,92.60000000,26.00583000,1545114899999,2408.13985800,6,0.00000000,0.00000000,0
1545114900000,92.82000000,92.82000000,92.82000000,92.82000000,0.12023000,1545115199999,11.15974860,1,0.12023000,11.15974860,0
1545115200000,92.82000000,92.95000000,92.82000000,92.95000000,73.89905000,1545115499999,6864.28325610,12,73.89905000,6864.28325610,0
1545115500000,92.95000000,92.95000000,92.95000000,92.95000000,0.00000000,1545115799999,0.00000000,0,0.00000000,0.00000000,0
1545115800000,92.95000000,92.95000000,92.95000000,92.95000000,0.00000000,1545116099999,0.00000000,0,0.00000000,0.00000000,0
1545116100000,92.81000000,92.81000000,92.81000000,92.81000000,15.00000000,1545116399999,1392.15000000,6,15.00000000,1392.15000000,0
1545116400000,92.98000000,93.07000000,92.98000000,93.07000000,3.54398000,1545116699999,329.56145870,2,0.46887000,43.63773090,0
1545116700000,93.07000000,93.09000000,93.01000000,93.09000000,11.66789000,1545116999999,1085.85173250,16,6.95937000,647.73967930,0
1545117000000,93.05000000,93.05000000,93.05000000,93.05000000,23.05814000,1545117299999,2145.55992700,1,23.05814000,2145.55992700,0
1545117300000,93.05000000,93.05000000,93.05000000,93.05000000,0.00000000,1545117599999,0.00000000,0,0.00000000,0.00000000,0
1545117600000,93.05000000,93.05000000,93.05000000,93.05000000,0.00000000,1545117899999,0.00000000,0,0.00000000,0.00000000,0
1545117900000,93.28000000,93.28000000,93.28000000,93.28000000,0.01412000,1545118199999,1.31711360,1,0.01412000,1.31711360,0
1545118200000,93.34000000,93.34000000,93.34000000,93.34000000,0.12003000,1545118499999,11.20360020,1,0.12003000,11.20360020,0
1545118500000,93.35000000,93.49000000,93.35000000,93.49000000,33.24639000,1545118799999,3107.98553450,3,32.14039000,3004.74043450,0
1545118800000,93.49000000,93.60000000,93.49000000,93.60000000,22.90257000,1545119099999,2141.93126930,8,22.90257000,2141.93126930,0
1545119100000,93.42000000,93.42000000,93.42000000,93.42000000,3.64407000,1545119399999,340.42901940,1,3.64407000,340.42901940,0
1545119400000,93.35000000,93.64000000,93.35000000,93.64000000,16.57743000,1545119699999,1547.50717080,4,16.57743000,1547.50717080,0
1545119700000,93.64000000,93.64000000,93.64000000,93.64000000,0.00000000,1545119999999,0.00000000,0,0.00000000,0.00000000,0
1545120000000,92.87000000,92.93000000,92.87000000,92.93000000,4.63191000,1545120299999,430.43439630,20,4.48191000,416.50389630,0
1545120300000,92.93000000,92.93000000,92.93000000,92.93000000,5.70670000,1545120599999,530.32363100,7,5.70670000,530.32363100,0
1545120600000,92.93000000,92.93000000,92.93000000,92.93000000,12.53975000,1545120899999,1165.31896750,3,0.00000000,0.00000000,0
1545120900000,92.93000000,92.93000000,92.93000000,92.93000000,0.00000000,1545121199999,0.00000000,0,0.00000000,0.00000000,0
1545121200000,93.08000000,93.09000000,93.08000000,93.09000000,14.99400000,1545121499999,1395.64277360,2,14.99400000,1395.64277360,0
1545121500000,92.82000000,92.82000000,92.52000000,92.52000000,59.72797000,1545121799999,5528.20736120,19,40.83194000,3779.91065660,0
1545121800000,92.51000000,92.51000000,92.24000000,92.30000000,135.83285000,1545122099999,12535.14542190,23,65.05404000,6006.11149120,0
1545122100000,92.16000000,92.16000000,91.61000000,91.63000000,260.24971000,1545122399999,23862.35512400,78,249.39976000,22863.48310170,0
1545122400000,91.86000000,91.86000000,91.86000000,91.86000000,2.99221000,1545122699999,274.86441060,3,2.99221000,274.86441060,0
1545122700000,91.88000000,91.88000000,91.84000000,91.84000000,12.37944000,1545122999999,1137.26776960,2,3.87944000,356.28776960,0
1545123000000,91.74000000,91.84000000,91.74000000,91.84000000,6.07918000,1545123299999,557.84983520,3,6.07918000,557.84983520,0
1545123300000,91.84000000,91.84000000,91.84000000,91.84000000,0.00000000,1545123599999,0.00000000,0,0.00000000,0.00000000,0
1545123600000,91.73000000,91.78000000,91.61000000,91.61000000,20.58003000,1545123899999,1888.65832190,6,0.00000000,0.00000000,0
1545123900000,91.61000000,91.86000000,91.61000000,91.86000000,8.28365000,1545124199999,760.60215130,7,8.28282000,760.52611500,0
1545124200000,91.67000000,91.67000000,91.50000000,91.55000000,26.36816000,1545124499999,2415.01651290,10,17.75536000,1625.50320800,0
1545124500000,91.59000000,91.82000000,91.59000000,91.82000000,9.29458000,1545124799999,853.38046230,3,0.00000000,0.00000000,0
1545124800000,91.82000000,91.82000000,91.82000000,91.82000000,0.00000000,1545125099999,0.00000000,0,0.00000000,0.00000000,0
1545125100000,91.99000000,91.99000000,91.99000000,91.99000000,14.66960000,1545125399999,1349.45650400,4,0.00000000,0.00000000,0
1545125400000,92.20000000,92.29000000,92.20000000,92.29000000,3.29774000,1545125699999,304.21512920,2,1.81668000,167.66139720,0
1545125700000,92.30000000,92.40000000,92.30000000,92.40000000,386.87445000,1545125999999,35747.18714100,73,21.42532000,1979.68752900,0
1545126000000,92.20000000,92.20000000,92.20000000,92.20000000,0.86100000,1545126299999,79.38420000,1,0.86100000,79.38420000,0
1545126300000,92.20000000,92.20000000,92.20000000,92.20000000,0.00000000,1545126599999,0.00000000,0,0.00000000,0.00000000,0
1545126600000,91.85000000,91.85000000,91.61000000,91.61000000,11.43005000,1545126899999,1047.38021470,7,1.04860000,96.31391000,0
1545126900000,91.61000000,91.61000000,91.61000000,91.61000000,0.00000000,1545127199999,0.00000000,0,0.00000000,0.00000000,0
1545127200000,91.72000000,91.72000000,91.72000000,91.72000000,1.34700000,1545127499999,123.54684000,1,0.00000000,0.00000000,0
1545127500000,91.72000000,91.72000000,91.72000000,91.72000000,0.00000000,1545127799999,0.00000000,0,0.00000000,0.00000000,0
1545127800000,91.33000000,91.80000000,91.33000000,91.80000000,23.97330000,1545128099999,2197.54813660,5,17.41006000,1598.12742740,0
1545128100000,91.77000000,91.80000000,91.77000000,91.80000000,11.39644000,1545128399999,1046.01550140,7,5.47342000,502.45995600,0
1545128400000,91.82000000,91.82000000,91.82000000,91.82000000,0.54956000,1545128699999,50.46059920,1,0.54956000,50.46059920,0
1545128700000,91.82000000,91.82000000,91.82000000,91.82000000,0.00000000,1545128999999,0.00000000,0,0.00000000,0.00000000,0
1545129000000,91.82000000,91.82000000,91.82000000,91.82000000,0.00000000,1545129299999,0.00000000,0,0.00000000,0.00000000,0
1545129300000,91.82000000,91.82000000,91.82000000,91.82000000,0.00000000,1545129599999,0.00000000,0,0.00000000,0.00000000,0
1545129600000,91.82000000,91.82000000,91.82000000,91.82000000,0.00000000,1545129899999,0.00000000,0,0.00000000,0.00000000,0
1545129900000,92.30000000,92.44000000,92.30000000,92.39000000,4.96939000,1545130199999,459.30683850,3,4.96939000,459.30683850,0
1545130200000,92.39000000,92.39000000,92.39000000,92.39000000,0.00000000,1545130499999,0.00000000,0,0.00000000,0.00000000,0
1545130500000,92.38000000,92.38000000,92.38000000,92.38000000,0.01421000,1545130799999,1.31271980,1,0.01421000,1.31271980,0
1545130800000,92.25000000,92.25000000,92.25000000,92.25000000,20.00000000,1545131099999,1845.00000000,6,0.00000000,0.00000000,0
1545131100000,91.96000000,91.96000000,91.96000000,91.96000000,0.12094000,1545131399999,11.12164240,1,0.00000000,0.00000000,0
1545131400000,91.96000000,91.96000000,91.96000000,91.96000000,0.00000000,1545131699999,0.00000000,0,0.00000000,0.00000000,0
1545131700000,91.82000000,92.06000000,91.50000000,91.87000000,127.07545000,1545131999999,11649.60097310,32,10.94832000,1003.36335760,0
1545132000000,91.96000000,91.96000000,91.96000000,91.96000000,0.45000000,1545132299999,41.38200000,1,0.45000000,41.38200000,0
1545132300000,92.04000000,92.04000000,92.04000000,92.04000000,0.66900000,1545132599999,61.57476000,1,0.66900000,61.57476000,0
1545132600000,92.08000000,92.36000000,92.08000000,92.36000000,31.90897000,1545132899999,2940.27327100,10,31.90897000,2940.27327100,0
1545132900000,92.19000000,92.19000000,92.19000000,92.19000000,3.31560000,1545133199999,305.66516400,1,3.31560000,305.66516400,0
1545133200000,92.47000000,92.53000000,92.47000000,92.53000000,5.18925000,1545133499999,480.16044750,3,5.18925000,480.16044750,0
1545133500000,92.53000000,92.53000000,92.53000000,92.53000000,0.00000000,1545133799999,0.00000000,0,0.00000000,0.00000000,0
1545133800000,92.53000000,92.82000000,92.53000000,92.82000000,0.12172000,1545134099999,11.29784160,2,0.12172000,11.29784160,0
1545134100000,92.82000000,93.40000000,92.82000000,93.40000000,212.11021000,1545134399999,19759.52051490,25,212.11021000,19759.52051490,0
1545134400000,92.82000000,92.82000000,92.82000000,92.82000000,0.12003000,1545134699999,11.14118460,2,0.00000000,0.00000000,0
1545134700000,92.57000000,92.57000000,92.57000000,92.57000000,7.03378000,1545134999999,651.11701460,3,7.03378000,651.11701460,0
1545135000000,92.57000000,92.57000000,92.57000000,92.57000000,0.38353000,1545135299999,35.50337210,1,0.38353000,35.50337210,0
1545135300000,92.30000000,92.30000000,92.25000000,92.25000000,1.95432000,1545135599999,180.29208950,2,0.00000000,0.00000000,0
1545135600000,92.50000000,92.50000000,92.41000000,92.41000000,6.77263000,1545135899999,626.10940000,2,2.78513000,257.62452500,0
1545135900000,92.41000000,92.41000000,92.41000000,92.41000000,0.00000000,1545136199999,0.00000000,0,0.00000000,0.00000000,0
1545136200000,92.34000000,92.34000000,92.30000000,92.30000000,6.22471000,1545136499999,574.73212990,9,6.22471000,574.73212990,0
1545136500000,92.44000000,92.44000000,92.44000000,92.44000000,0.33966000,1545136799999,31.39817040,3,0.33966000,31.39817040,0
1545136800000,92.44000000,92.44000000,92.44000000,92.44000000,0.00000000,1545137099999,0.00000000,0,0.00000000,0.00000000,0
1545137100000,92.82000000,93.17000000,92.82000000,93.17000000,92.68791000,1545137399999,8625.52588870,17,92.68791000,8625.52588870,0
1545137400000,93.28000000,93.28000000,93.28000000,93.28000000,0.01411000,1545137699999,1.31618080,1,0.01411000,1.31618080,0
1545137700000,92.99000000,92.99000000,92.99000000,92.99000000,3.20000000,1545137999999,297.56800000,1,3.20000000,297.56800000,0
1545138000000,92.79000000,92.79000000,92.79000000,92.79000000,1.07532000,1545138299999,99.77894280,1,1.07532000,99.77894280,0
1545138300000,92.60000000,92.97000000,92.60000000,92.97000000,10.42295000,1545138599999,966.53402620,5,10.42295000,966.53402620,0
1545138600000,92.97000000,92.97000000,92.97000000,92.97000000,3.54594000,1545138899999,329.66604180,2,3.54594000,329.66604180,0
1545138900000,93.19000000,93.67000000,93.14000000,93.67000000,196.80123000,1545139199999,18341.23589580,36,196.68787000,18330.63900300,0
1545139200000,93.77000000,93.84000000,93.70000000,93.76000000,219.03960000,1545139499999,20550.39757020,49,219.03960000,20550.39757020,0
1545139500000,93.86000000,93.98000000,93.86000000,93.98000000,81.86970000,1545139799999,7694.10016200,14,81.86970000,7694.10016200,0
1545139800000,94.00000000,94.44000000,94.00000000,94.44000000,34.08490000,1545140099999,3214.44314520,9,34.08490000,3214.44314520,0
1545140100000,94.50000000,94.69000000,94.50000000,94.58000000,37.66154000,1545140399999,3562.00672050,8,18.80243000,1778.31209670,0
1545140400000,94.53000000,94.53000000,94.53000000,94.53000000,0.24478000,1545140699999,23.13905340,1,0.24478000,23.13905340,0
1545140700000,94.86000000,95.00000000,94.86000000,95.00000000,4.53176000,1545140999999,430.47103500,12,4.53176000,430.47103500,0
1545141000000,94.81000000,94.82000000,94.34000000,94.34000000,1216.49024000,1545141299999,114867.28525660,51,0.00000000,0.00000000,0
1545141300000,94.65000000,94.65000000,94.27000000,94.27000000,127.97592000,1545141599999,12081.11397530,42,127.97592000,12081.11397530,0
1545141600000,94.27000000,94.30000000,93.94000000,93.94000000,89.18409000,1545141899999,8406.53566200,29,88.18409000,8312.59566200,0
1545141900000,93.94000000,93.94000000,93.94000000,93.94000000,0.00000000,1545142199999,0.00000000,0,0.00000000,0.00000000,0
1545142200000,94.35000000,94.75000000,94.29000000,94.29000000,15.21117000,1545142499999,1435.60349730,9,15.06505000,1421.82584250,0
1545142500000,94.80000000,95.39000000,94.80000000,95.24000000,26.72547000,1545142799999,2538.66495150,10,26.72547000,2538.66495150,0
1545142800000,95.35000000,95.35000000,94.92000000,95.23000000,116.77377000,1545143099999,11113.52378420,27,97.89357000,9321.12068140,0
1545143100000,95.37000000,95.68000000,95.37000000,95.68000000,99.54001000,1545143399999,9516.24595050,12,99.54001000,9516.24595050,0
1545143400000,95.73000000,95.93000000,95.35000000,95.35000000,56.32349000,1545143699999,5392.53816480,13,56.05189000,5366.64110480,0
1545143700000,95.27000000,95.46000000,95.19000000,95.19000000,9.28005000,1545143999999,884.20732920,3,9.06458000,863.69673990,0
1545144000000,95.45000000,95.45000000,95.45000000,95.45000000,2.76109000,1545144299999,263.54604050,1,2.76109000,263.54604050,0
1545144300000,95.40000000,95.40000000,95.09000000,95.09000000,1427.05826000,1545144599999,135726.55661230,25,1400.15699000,133160.33655470,0
1545144600000,95.03000000,95.40000000,95.03000000,95.40000000,67.32849000,1545144899999,6404.75426180,8,8.70000000,829.81000000,0
1545144900000,95.09000000,95.09000000,95.09000000,95.09000000,8.50000000,1545145199999,808.26500000,3,0.00000000,0.00000000,0
1545145200000,95.40000000,95.64000000,95.26000000,95.56000000,1890.41214000,1545145499999,180532.14852110,17,1801.29092000,172023.11850950,0
1545145500000,95.48000000,95.67000000,94.74000000,94.74000000,136.59578000,1545145799999,12966.22252010,30,93.06926000,8831.36050900,0
1545145800000,94.47000000,94.53000000,94.39000000,94.53000000,165.92836000,1545146099999,15676.58446730,42,101.23617000,9565.12274280,0
1545146100000,94.25000000,94.29000000,94.25000000,94.29000000,3.86100000,1545146399999,364.01125040,2,0.00000000,0.00000000,0
1545146400000,94.53000000,94.53000000,94.53000000,94.53000000,2.95947000,1545146699999,279.75869910,2,2.95947000,279.75869910,0
1545146700000,94.53000000,94.53000000,94.53000000,94.53000000,0.00000000,1545146999999,0.00000000,0,0.00000000,0.00000000,0
1545147000000,94.53000000,94.53000000,94.53000000,94.53000000,0.00000000,1545147299999,0.00000000,0,0.00000000,0.00000000,0
1545147300000,94.80000000,94.83000000,94.53000000,94.53000000,30.66676000,1545147599999,2904.48128430,10,0.01387000,1.31529210,0
1545147600000,94.77000000,94.96000000,94.15000000,94.15000000,147.24401000,1545147899999,13960.38881030,15,137.62570000,13052.25049480,0
1545147900000,94.51000000,94.51000000,93.81000000,93.84000000,54.49455000,1545148199999,5131.34647720,19,27.41258000,2587.78205970,0
1545148200000,93.95000000,93.95000000,93.95000000,93.95000000,0.97654000,1545148499999,91.74593300,1,0.97654000,91.74593300,0
1545148500000,93.95000000,93.95000000,93.95000000,93.95000000,0.00000000,1545148799999,0.00000000,0,0.00000000,0.00000000,0
1545148800000,93.62000000,94.27000000,93.62000000,94.27000000,17.35248000,1545149099999,1633.59576400,10,17.12411000,1612.21576460,0
1545149100000,94.39000000,94.68000000,94.39000000,94.68000000,139.03088000,1545149399999,13149.71796030,23,139.03088000,13149.71796030,0
1545149400000,94.68000000,94.68000000,94.68000000,94.68000000,0.00000000,1545149699999,0.00000000,0,0.00000000,0.00000000,0
1545149700000,94.67000000,94.68000000,94.67000000,94.68000000,75.62872000,1545149999999,7160.47433840,2,75.62872000,7160.47433840,0
1545150000000,94.45000000,94.81000000,94.45000000,94.81000000,2.98677000,1545150299999,282.46042650,3,1.00000000,94.81000000,0
1545150300000,94.92000000,95.12000000,94.92000000,95.12000000,4.12961000,1545150599999,392.74313160,3,4.12961000,392.74313160,0
1545150600000,95.05000000,95.05000000,94.65000000,94.65000000,0.81260000,1545150899999,76.97259000,3,0.15000000,14.25750000,0
1545150900000,94.70000000,94.74000000,94.70000000,94.74000000,61.64137000,1545151199999,5839.30818500,12,0.00000000,0.00000000,0
1545151200000,94.72000000,94.79000000,94.34000000,94.79000000,29.46150000,1545151499999,2783.26129430,9,0.01389000,1.31663310,0
1545151500000,94.79000000,94.79000000,94.79000000,94.79000000,3.58209000,1545151799999,339.54631110,1,0.00000000,0.00000000,0
1545151800000,94.79000000,94.79000000,94.79000000,94.79000000,0.00000000,1545152099999,0.00000000,0,0.00000000,0.00000000,0
1545152100000,94.79000000,94.79000000,94.79000000,94.79000000,0.00000000,1545152399999,0.00000000,0,0.00000000,0.00000000,0
1545152400000,94.53000000,94.60000000,94.53000000,94.60000000,14.36378000,1545152699999,1358.00647450,10,14.36378000,1358.00647450,0
1545152700000,94.70000000,94.70000000,94.70000000,94.70000000,0.20365000,1545152999999,19.28565500,2,0.20365000,19.28565500,0
1545153000000,94.70000000,94.70000000,94.65000000,94.65000000,23.53293000,1545153299999,2228.06347850,6,10.91141000,1033.31052700,0
1545153300000,94.80000000,94.80000000,94.80000000,94.80000000,0.01387000,1545153599999,1.31487600,1,0.01387000,1.31487600,0
1545153600000,94.50000000,94.65000000,93.57000000,93.57000000,28.36545000,1545153899999,2659.62550640,16,0.04166000,3.93075680,0
1545153900000,94.06000000,94.06000000,93.47000000,93.47000000,12.59970000,1545154199999,1177.82096610,8,0.44682000,41.81580250,0
1545154200000,93.81000000,93.81000000,93.81000000,93.81000000,12.10946000,1545154499999,1135.98844260,1,0.00000000,0.00000000,0
1545154500000,93.81000000,93.81000000,93.81000000,93.81000000,0.00000000,1545154799999,0.00000000,0,0.00000000,0.00000000,0
1545154800000,94.08000000,94.08000000,94.08000000,94.08000000,1.06998000,1545155099999,100.66371840,2,1.06998000,100.66371840,0
1545155100000,94.05000000,94.05000000,94.05000000,94.05000000,1.46741000,1545155399999,138.00991050,1,0.00000000,0.00000000,0
1545155400000,94.00000000,94.00000000,93.96000000,93.96000000,13.27228000,1545155699999,1247.46342920,4,0.00000000,0.00000000,0
1545155700000,93.96000000,94.24000000,93.96000000,94.24000000,15.41185000,1545155999999,1448.13453720,3,0.13254000,12.49056960,0
1545156000000,94.24000000,94.24000000,94.24000000,94.24000000,0.00000000,1545156299999,0.00000000,0,0.00000000,0.00000000,0
1545156300000,94.24000000,94.24000000,94.24000000,94.24000000,0.00000000,1545156599999,0.00000000,0,0.00000000,0.00000000,0
1545156600000,93.79000000,93.79000000,93.45000000,93.45000000,2.55693000,1545156899999,239.16008400,5,0.50050000,46.94189500,0
1545156900000,93.34000000,93.34000000,93.24000000,93.24000000,0.94990000,1545157199999,88.58054600,2,0.00000000,0.00000000,0
1545157200000,93.60000000,93.60000000,93.28000000,93.28000000,17.50864000,1545157499999,1635.81082830,6,5.48455000,513.35388000,0
1545157500000,93.20000000,93.20000000,92.82000000,92.82000000,2.22449000,1545157799999,206.92756180,8,0.00000000,0.00000000,0
1545157800000,93.03000000,93.31000000,93.03000000,93.31000000,27.46900000,1545158099999,2556.84390300,15,26.39453000,2456.83223540,0
1545158100000,93.29000000,93.29000000,92.90000000,92.90000000,4.70025000,1545158399999,436.65872790,6,0.01411000,1.31632190,0
1545158400000,92.90000000,92.90000000,92.90000000,92.90000000,9.81358000,1545158699999,911.68158200,1,0.00000000,0.00000000,0
1545158700000,92.90000000,92.96000000,92.90000000,92.92000000,89.07459000,1545158999999,8276.63600080,17,71.28153000,6623.66072680,0
1545159000000,92.74000000,92.74000000,92.74000000,92.74000000,1.08908000,1545159299999,101.00127920,1,0.00000000,0.00000000,0
1545159300000,93.15000000,93.15000000,93.15000000,93.15000000,0.20300000,1545159599999,18.90945000,1,0.20300000,18.90945000,0
1545159600000,93.15000000,93.15000000,93.15000000,93.15000000,0.00000000,1545159899999,0.00000000,0,0.00000000,0.00000000,0
1545159900000,92.97000000,92.97000000,92.62000000,92.72000000,8.12474000,1545160199999,753.95217380,5,6.84154000,635.05539630,0
1545160200000,92.72000000,92.72000000,92.72000000,92.72000000,48.51003000,1545160499999,4497.84998160,21,48.51003000,4497.84998160,0
1545160500000,92.91000000,93.05000000,92.91000000,93.04000000,168.16487000,1545160799999,15645.32541170,27,6.64687000,617.56069170,0
1545160800000,93.09000000,93.16000000,92.93000000,92.93000000,164.89772000,1545161099999,15338.70411960,6,157.19800000,14621.96098000,0
1545161100000,92.93000000,92.93000000,92.93000000,92.93000000,0.18219000,1545161399999,16.93091670,1,0.18219000,16.93091670,0
1545161400000,92.93000000,92.93000000,92.93000000,92.93000000,0.00000000,1545161699999,0.00000000,0,0.00000000,0.00000000,0
1545161700000,93.04000000,93.10000000,93.04000000,93.10000000,19.95800000,1545161999999,1857.63866000,3,0.00000000,0.00000000,0
1545162000000,93.24000000,93.34000000,93.24000000,93.29000000,6.88935000,1545162299999,642.69254700,3,0.53835000,50.20775700,0
1545162300000,93.45000000,93.46000000,93.29000000,93.46000000,56.86184000,1545162599999,5305.52717100,14,48.53584000,4528.71137100,0
1545162600000,93.71000000,93.71000000,93.35000000,93.39000000,0.82797000,1545162899999,77.44888710,3,0.41600000,38.98336000,0
1545162900000,93.50000000,93.59000000,93.50000000,93.59000000,19.65526000,1545163199999,1837.95367340,7,0.00000000,0.00000000,0
1545163200000,93.61000000,94.00000000,93.61000000,93.99000000,112.74449000,1545163499999,10596.65548770,41,0.87404000,81.95189220,0
1545163500000,93.99000000,94.25000000,93.96000000,94.24000000,39.92578000,1545163799999,3756.62613510,8,36.36041000,3421.62068280,0
1545163800000,94.06000000,94.06000000,94.06000000,94.06000000,37.52891000,1545164099999,3529.96927460,15,3.44323000,323.87021380,0
1545164100000,94.06000000,94.06000000,94.06000000,94.06000000,0.00000000,1545164399999,0.00000000,0,0.00000000,0.00000000,0
1545164400000,94.06000000,94.06000000,94.06000000,94.06000000,0.00000000,1545164699999,0.00000000,0,0.00000000,0.00000000,0
1545164700000,93.55000000,93.55000000,93.55000000,93.55000000,0.83990000,1545164999999,78.57264500,1,0.83990000,78.57264500,0
1545165000000,93.50000000,93.52000000,93.34000000,93.34000000,0.34142000,1545165299999,31.90405880,3,0.01404000,1.31302080,0
1545165300000,93.36000000,93.36000000,93.10000000,93.11000000,20.36663000,1545165599999,1896.72373390,12,13.87700000,1292.50672000,0
1545165600000,93.00000000,93.00000000,93.00000000,93.00000000,3.24985000,1545165899999,302.23605000,1,3.24985000,302.23605000,0
1545165900000,93.66000000,93.66000000,93.66000000,93.66000000,0.01412000,1545166199999,1.32247920,1,0.01412000,1.32247920,0
1545166200000,92.82000000,92.82000000,92.44000000,92.64000000,65.58202000,1545166499999,6063.75941840,20,56.19299000,5194.78443760,0
1545166500000,92.64000000,92.64000000,92.64000000,92.64000000,0.00000000,1545166799999,0.00000000,0,0.00000000,0.00000000,0
1545166800000,92.64000000,93.00000000,92.57000000,92.90000000,32.54740000,1545167099999,3019.46337880,16,11.77486000,1092.63031170,0
1545167100000,93.34000000,93.34000000,93.29000000,93.29000000,3.50027000,1545167399999,326.54618830,2,0.12000000,11.20080000,0
1545167400000,93.29000000,93.29000000,93.29000000,93.29000000,0.11791000,1545167699999,10.99982390,1,0.00000000,0.00000000,0
1545167700000,93.34000000,93.68000000,93.34000000,93.68000000,1.85264000,1545167999999,173.49770740,3,1.85264000,173.49770740,0
1545168000000,93.66000000,93.94000000,93.65000000,93.94000000,19.07312000,1545168299999,1789.50522180,10,14.07283000,1321.17806040,0
1545168300000,93.59000000,93.59000000,93.59000000,93.59000000,1.89222000,1545168599999,177.09286980,1,0.00000000,0.00000000,0
1545168600000,93.40000000,93.40000000,93.34000000,93.38000000,29.26530000,1545168899999,2732.80597620,7,29.14660000,2721.72651820,0
1545168900000,93.38000000,93.86000000,93.38000000,93.86000000,85.75427000,1545169199999,8008.12155300,13,85.75427000,8008.12155300,0
1545169200000,93.86000000,93.86000000,93.72000000,93.72000000,2.65044000,1545169499999,248.75386660,3,0.00000000,0.00000000,0
1545169500000,93.88000000,93.88000000,93.74000000,93.74000000,1.24256000,1545169799999,116.62557400,5,1.24256000,116.62557400,0
1545169800000,93.73000000,94.00000000,93.73000000,93.82000000,31.26091000,1545170099999,2932.52416770,9,16.98591000,1593.15697770,0
1545170100000,93.75000000,93.75000000,93.70000000,93.70000000,2.05300000,1545170399999,192.38490000,2,0.00000000,0.00000000,0
1545170400000,93.70000000,93.70000000,93.70000000,93.70000000,0.00000000,1545170699999,0.00000000,0,0.00000000,0.00000000,0
1545170700000,94.07000000,95.25000000,94.07000000,94.79000000,655.49340000,1545170999999,62015.49838820,91,30.24951000,2869.42001120,0
1545171000000,94.69000000,94.74000000,94.69000000,94.70000000,27.20886000,1545171299999,2576.66060640,14,0.00000000,0.00000000,0
1545171300000,94.39000000,94.58000000,94.26000000,94.26000000,1.22323000,1545171599999,115.63663370,4,0.99873000,94.45988340,0
1545171600000,94.30000000,94.30000000,94.30000000,94.30000000,7.00000000,1545171899999,660.10000000,1,7.00000000,660.10000000,0
1545171900000,94.18000000,94.66000000,94.18000000,94.30000000,41.96167000,1545172199999,3955.34997220,8,0.01392000,1.31766720,0
1545172200000,94.53000000,94.53000000,94.35000000,94.36000000,24.77201000,1545172499999,2339.28538410,7,7.00000000,661.71000000,0
1545172500000,94.64000000,94.79000000,94.42000000,94.79000000,19.55646000,1545172799999,1850.14898480,7,8.11114000,768.51386930,0
1545172800000,94.92000000,95.08000000,94.92000000,95.08000000,0.12420000,1545173099999,11.79000640,2,0.12420000,11.79000640,0
1545173100000,94.75000000,94.78000000,94.72000000,94.78000000,56.12547000,1545173399999,5316.92622250,17,1.00000000,94.78000000,0
1545173400000,94.89000000,95.45000000,94.89000000,95.39000000,102.06355000,1545173699999,9715.04338420,21,79.78581000,7597.13303340,0
1545173700000,95.17000000,95.70000000,95.07000000,95.07000000,239.45731000,1545173999999,22799.95612870,53,0.01380000,1.32066000,0
1545174000000,95.07000000,95.31000000,95.07000000,95.24000000,157.64343000,1545174299999,15010.97226650,36,0.01380000,1.31527800,0
1545174300000,95.24000000,95.53000000,95.14000000,95.53000000,115.88600000,1545174599999,11044.32724000,20,36.20000000,3454.91000000,0
1545174600000,95.47000000,98.11000000,95.47000000,98.11000000,1037.01956000,1545174899999,99568.73387450,103,1030.27732000,98924.63944930,0
1545174900000,98.60000000,100.00000000,98.60000000,100.00000000,114.77415000,1545175199999,11395.12936860,27,89.49906000,8884.99799140,0
1545175200000,99.14000000,99.38000000,98.67000000,98.72000000,292.51695000,1545175499999,28937.09903680,31,275.90464000,27294.60879500,0
1545175500000,98.72000000,99.61000000,98.72000000,99.61000000,800.60121000,1545175799999,79378.73849910,42,800.60121000,79378.73849910,0
1545175800000,99.41000000,100.55000000,99.41000000,100.09000000,42.22262000,1545176099999,4223.87366100,21,33.03823000,3306.22171590,0
1545176100000,99.77000000,101.17000000,99.77000000,100.82000000,1843.82147000,1545176399999,186160.85855670,182,1322.66324000,133589.62516320,0
1545176400000,100.82000000,100.89000000,100.23000000,100.79000000,1558.73988000,1545176699999,156980.20188610,248,23.05414000,2322.31772170,0
1545176700000,100.34000000,100.34000000,97.72000000,100.29000000,38.70071000,1545176999999,3882.07984350,13,0.00000000,0.00000000,0
1545177000000,100.29000000,100.58000000,100.02000000,100.58000000,96.65148000,1545177299999,9709.39636820,12,79.10018000,7952.85599990,0
1545177300000,100.71000000,100.78000000,100.33000000,100.78000000,134.42495000,1545177599999,13543.12284430,19,123.23400000,12419.06752000,0
1545177600000,101.20000000,101.53000000,100.40000000,100.40000000,432.75174000,1545177899999,43732.87289800,71,72.12360000,7315.41598480,0
1545177900000,100.35000000,100.35000000,99.69000000,99.83000000,266.21527000,1545178199999,26609.94148370,50,262.04295000,26192.27845170,0
1545178200000,99.83000000,99.83000000,99.51000000,99.51000000,106.76528000,1545178499999,10657.06876700,3,101.76050000,10158.75071500,0
1545178500000,99.80000000,100.23000000,99.80000000,100.23000000,118.83995000,1545178799999,11874.17424590,12,116.67564000,11657.95857460,0
1545178800000,99.96000000,100.32000000,99.96000000,100.01000000,92.73553000,1545179099999,9282.17459890,37,3.19046000,319.31747360,0
1545179100000,99.81000000,99.81000000,99.81000000,99.81000000,1.50200000,1545179399999,149.91462000,1,1.50200000,149.91462000,0
1545179400000,99.85000000,100.04000000,99.85000000,100.04000000,8.09746000,1545179699999,809.86138100,5,8.09746000,809.86138100,0
1545179700000,99.82000000,100.30000000,99.69000000,100.30000000,285.59651000,1545179999999,28619.53008530,61,262.71740000,26335.58011950,0
1545180000000,100.32000000,100.46000000,100.20000000,100.29000000,5.08107000,1545180299999,509.91408740,6,1.50052000,150.60223920,0
1545180300000,100.34000000,100.43000000,100.34000000,100.43000000,40.85623000,1545180599999,4102.11245410,11,0.68779000,69.02660440,0
1545180600000,100.68000000,100.68000000,100.68000000,100.68000000,3.45290000,1545180899999,347.63797200,3,3.45290000,347.63797200,0
1545180900000,100.97000000,101.03000000,100.97000000,101.03000000,16.96282000,1545181199999,1713.29370460,6,16.96282000,1713.29370460,0
1545181200000,101.22000000,101.27000000,100.71000000,100.72000000,40.04755000,1545181499999,4053.49959450,12,33.53626000,3394.57922420,0
1545181500000,100.93000000,101.51000000,100.93000000,101.51000000,87.93640000,1545181799999,8908.95454830,11,87.93640000,8908.95454830,0
1545181800000,101.52000000,103.49000000,101.52000000,103.49000000,884.57784000,1545182099999,90854.32606130,67,884.33056000,90828.82718370,0
1545182100000,103.53000000,103.53000000,102.90000000,102.90000000,314.70293000,1545182399999,32492.34234400,23,3.47242000,359.33294260,0
1545182400000,102.82000000,103.03000000,102.53000000,103.03000000,588.68514000,1545182699999,60411.17169330,106,588.68514000,60411.17169330,0
1545182700000,102.81000000,102.81000000,102.81000000,102.81000000,75.63198000,1545182999999,7775.72386380,19,0.00000000,0.00000000,0
1545183000000,103.00000000,103.51000000,102.98000000,103.51000000,247.24462000,1545183299999,25536.16152990,25,199.31775000,20591.38217950,0
1545183300000,103.72000000,104.52000000,103.72000000,103.86000000,1150.35541000,1545183599999,119609.87623420,107,1137.60704000,118285.69632760,0
1545183600000,104.21000000,104.21000000,103.38000000,103.48000000,158.65513000,1545183899999,16439.46835930,19,156.89294000,16256.72801250,0
1545183900000,103.36000000,103.36000000,102.72000000,102.72000000,150.19218000,1545184199999,15502.44389890,19,148.60909000,15339.29199340,0
1545184200000,102.80000000,102.87000000,102.38000000,102.42000000,13.13336000,1545184499999,1345.40777120,9,2.69938000,276.83256060,0
1545184500000,102.91000000,102.98000000,102.48000000,102.97000000,174.25465000,1545184799999,17867.85488020,12,6.25465000,644.07171300,0
1545184800000,102.99000000,103.00000000,102.69000000,102.69000000,2.01023000,1545185099999,206.96257830,3,1.76922000,182.21326140,0
1545185100000,102.69000000,102.69000000,101.79000000,102.01000000,184.03444000,1545185399999,18745.23343570,16,11.03127000,1127.14011770,0
1545185400000,101.76000000,102.40000000,101.76000000,102.40000000,301.37778000,1545185699999,30816.86207830,77,301.23892000,30802.73168470,0
1545185700000,102.28000000,102.37000000,102.24000000,102.37000000,85.91789000,1545185999999,8785.40024980,24,6.58674000,673.99847380,0
1545186000000,102.41000000,103.20000000,102.40000000,103.20000000,87.40475000,1545186299999,8959.63436850,24,87.40475000,8959.63436850,0
1545186300000,102.99000000,102.99000000,102.73000000,102.73000000,21.01283000,1545186599999,2158.65136170,5,21.01283000,2158.65136170,0
1545186600000,102.99000000,103.20000000,102.97000000,102.97000000,11.69342000,1545186899999,1206.53678080,8,11.69342000,1206.53678080,0
1545186900000,102.97000000,102.97000000,102.97000000,102.97000000,0.00000000,1545187199999,0.00000000,0,0.00000000,0.00000000,0
1545187200000,103.39000000,104.02000000,103.23000000,103.81000000,130.85748000,1545187499999,13583.27000430,19,117.61296000,12213.73226420,0
1545187500000,104.08000000,104.36000000,104.08000000,104.36000000,3.56087000,1545187799999,371.04113680,4,3.56087000,371.04113680,0
1545187800000,103.87000000,104.45000000,103.81000000,104.22000000,18.29740000,1545188099999,1907.13913930,9,13.48226000,1405.84153980,0
1545188100000,104.05000000,104.05000000,103.34000000,103.34000000,147.00456000,1545188399999,15209.56573130,44,131.00226000,13549.74240360,0
1545188400000,103.10000000,103.11000000,102.98000000,103.11000000,2.10651000,1545188699999,217.04344780,5,1.36960000,141.06802680,0
1545188700000,102.92000000,103.16000000,102.92000000,103.16000000,2.03197000,1545188999999,209.43676040,2,2.03197000,209.43676040,0
1545189000000,102.94000000,104.24000000,102.94000000,104.24000000,896.59541000,1545189299999,92890.37894540,31,863.42753000,89476.07737820,0
1545189300000,104.10000000,104.31000000,103.40000000,103.40000000,29.67404000,1545189599999,3080.98759930,14,10.83547000,1128.67160770,0
1545189600000,103.88000000,103.88000000,103.44000000,103.44000000,1.77960000,1545189899999,184.08739000,3,0.01265000,1.31408200,0
1545189900000,104.27000000,104.27000000,104.11000000,104.16000000,1.44667000,1545190199999,150.61547390,6,0.03800000,3.95884020,0
1545190200000,104.03000000,104.03000000,103.40000000,103.64000000,8.77586000,1545190499999,907.44141280,12,0.03799000,3.94565480,0
1545190500000,103.00000000,103.53000000,101.24000000,102.98000000,338.56579000,1545190799999,34433.24604280,20,210.12967000,21342.54944750,0
1545190800000,102.98000000,103.21000000,102.98000000,103.19000000,34.13335000,1545191099999,3517.91231470,23,27.63340000,2847.57247120,0
1545191100000,103.33000000,103.48000000,103.24000000,103.47000000,24.34169000,1545191399999,2517.79761020,8,17.43443000,1804.10708330,0
1545191400000,103.63000000,103.63000000,103.63000000,103.63000000,13.44232000,1545191699999,1393.02762160,1,0.00000000,0.00000000,0
1545191700000,103.59000000,103.59000000,103.24000000,103.24000000,39.15051000,1545191999999,4046.56985440,24,38.48900000,3978.24056200,0
1545192000000,103.17000000,103.37000000,103.17000000,103.36000000,98.16965000,1545192299999,10131.40443760,21,97.39487000,10051.40840260,0
1545192300000,103.25000000,103.43000000,103.05000000,103.43000000,423.91596000,1545192599999,43704.17636840,88,423.91596000,43704.17636840,0
1545192600000,103.05000000,103.33000000,102.73000000,102.73000000,53.63488000,1545192899999,5517.46967740,23,51.66139000,5314.41304970,0
1545192900000,102.71000000,102.81000000,102.53000000,102.55000000,33.54271000,1545193199999,3443.19663840,16,21.38999000,2196.99017480,0
1545193200000,102.63000000,102.63000000,102.38000000,102.38000000,23.35217000,1545193499999,2396.12419830,6,21.12604000,2167.83456680,0
1545193500000,102.30000000,102.41000000,102.29000000,102.41000000,5.52529000,1545193799999,565.75842930,6,5.52529000,565.75842930,0
1545193800000,102.79000000,102.79000000,102.79000000,102.79000000,0.01283000,1545194099999,1.31879570,1,0.01283000,1.31879570,0
1545194100000,102.79000000,102.79000000,102.79000000,102.79000000,0.00000000,1545194399999,0.00000000,0,0.00000000,0.00000000,0
1545194400000,101.95000000,101.95000000,101.95000000,101.95000000,33.70592000,1545194699999,3436.31854400,3,0.00000000,0.00000000,0
1545194700000,102.30000000,102.31000000,102.25000000,102.25000000,3.93009000,1545194999999,402.05905670,5,3.93009000,402.05905670,0
1545195000000,102.00000000,102.00000000,101.61000000,101.61000000,2.20020000,1545195299999,223.64044290,2,0.00000000,0.00000000,0
1545195300000,101.67000000,101.68000000,101.10000000,101.10000000,8.56966000,1545195599999,869.92731600,8,2.35522000,239.45992890,0
1545195600000,101.85000000,101.85000000,101.30000000,101.30000000,6.62294000,1545195899999,673.90093900,3,6.51294000,662.75793900,0
1545195900000,101.30000000,101.30000000,101.30000000,101.30000000,0.00000000,1545196199999,0.00000000,0,0.00000000,0.00000000,0
1545196200000,102.00000000,102.00000000,101.99000000,101.99000000,0.71911000,1545196499999,73.34720020,3,0.40013000,40.81326000,0
1545196500000,101.99000000,101.99000000,101.99000000,101.99000000,0.00000000,1545196799999,0.00000000,0,0.00000000,0.00000000,0
1545196800000,101.89000000,101.99000000,101.63000000,101.99000000,39.62210000,1545197099999,4035.76817460,15,0.42939000,43.79348610,0
1545197100000,101.99000000,101.99000000,101.99000000,101.99000000,0.00000000,1545197399999,0.00000000,0,0.00000000,0.00000000,0
1545197400000,102.15000000,102.50000000,102.13000000,102.50000000,75.08089000,1545197699999,7678.37984020,28,69.73389000,7131.32727020,0
1545197700000,102.41000000,102.60000000,102.41000000,102.60000000,3.34986000,1545197999999,343.25034250,2,0.00000000,0.00000000,0
1545198000000,102.60000000,102.60000000,102.41000000,102.41000000,27.45074000,1545198299999,2813.93547560,11,0.10506000,10.75919460,0
1545198300000,102.38000000,102.38000000,102.38000000,102.38000000,18.31373000,1545198599999,1874.95967740,1,0.00000000,0.00000000,0
1545198600000,102.24000000,102.24000000,102.24000000,102.24000000,2.02476000,1545198899999,207.01146240,2,0.00000000,0.00000000,0
1545198900000,102.62000000,102.62000000,102.47000000,102.47000000,3.74262000,1545199199999,383.70341280,4,1.00194000,102.81908280,0
1545199200000,102.66000000,103.06000000,102.66000000,102.93000000,92.89974000,1545199499999,9563.90334010,35,7.52963000,775.54165460,0
1545199500000,102.93000000,102.93000000,102.69000000,102.70000000,104.98097000,1545199799999,10786.57443760,28,29.76636000,3056.99518870,0
1545199800000,102.70000000,103.27000000,102.70000000,103.27000000,1.41367000,1545200099999,145.81535960,4,0.85286000,88.07436200,0
1545200100000,103.27000000,103.29000000,102.71000000,102.72000000,24.39906000,1545200399999,2518.34615500,15,21.60657000,2231.20950710,0
1545200400000,102.63000000,102.68000000,102.63000000,102.68000000,7.63570000,1545200699999,783.76870100,3,7.63570000,783.76870100,0
1545200700000,102.68000000,102.72000000,102.36000000,102.36000000,112.21978000,1545200999999,11489.49687000,27,111.83524000,11450.13535560,0
1545201000000,102.15000000,102.15000000,102.03000000,102.03000000,4.81933000,1545201299999,491.73379950,4,4.81933000,491.73379950,0
1545201300000,101.94000000,101.94000000,101.94000000,101.94000000,0.78390000,1545201599999,79.91076600,1,0.78390000,79.91076600,0
1545201600000,101.93000000,101.93000000,101.93000000,101.93000000,4.70868000,1545201899999,479.95575240,4,4.70868000,479.95575240,0
1545201900000,101.91000000,101.91000000,101.71000000,101.71000000,12.54437000,1545202199999,1275.89045070,9,2.54023000,258.36937130,0
1545202200000,101.70000000,101.81000000,101.54000000,101.81000000,13.22477000,1545202499999,1344.31107740,8,6.91321000,703.41318140,0
1545202500000,101.80000000,101.80000000,101.80000000,101.80000000,0.20223000,1545202799999,20.58701400,1,0.00000000,0.00000000,0
1545202800000,101.80000000,101.80000000,101.23000000,101.23000000,29.35617000,1545203099999,2979.96253240,9,0.00000000,0.00000000,0
1545203100000,101.23000000,101.31000000,100.92000000,101.00000000,2.85018000,1545203399999,287.84379410,5,2.49358000,251.85557900,0
1545203400000,100.46000000,100.50000000,100.46000000,100.50000000,5.06864000,1545203699999,509.32052000,2,0.00000000,0.00000000,0
1545203700000,100.31000000,100.40000000,100.31000000,100.40000000,3.33797000,1545203999999,334.98606130,3,0.00000000,0.00000000,0
1545204000000,100.90000000,101.00000000,100.90000000,101.00000000,2.00954000,1545204299999,202.92508600,6,2.00954000,202.92508600,0
1545204300000,101.00000000,101.00000000,100.87000000,100.87000000,3.31779000,1545204599999,334.80169000,3,1.04779000,105.82679000,0
1545204600000,100.87000000,100.87000000,100.87000000,100.87000000,0.00000000,1545204899999,0.00000000,0,0.00000000,0.00000000,0
1545204900000,100.87000000,100.87000000,100.81000000,100.81000000,191.92487000,1545205199999,19347.99984410,3,0.89499000,90.27764130,0
1545205200000,100.97000000,100.97000000,100.97000000,100.97000000,0.58672000,1545205499999,59.24111840,1,0.58672000,59.24111840,0
1545205500000,100.41000000,100.41000000,100.41000000,100.41000000,0.18400000,1545205799999,18.47544000,1,0.00000000,0.00000000,0
1545205800000,100.37000000,100.37000000,100.37000000,100.37000000,1.05952000,1545206099999,106.34402240,1,0.00000000,0.00000000,0
1545206100000,100.60000000,101.07000000,100.60000000,101.07000000,59.04821000,1545206399999,5962.42789850,17,10.44616000,1054.27562470,0
1545206400000,101.07000000,101.27000000,100.94000000,101.08000000,87.22791000,1545206699999,8815.95977080,14,2.97034000,300.53785980,0
1545206700000,101.08000000,101.08000000,101.02000000,101.08000000,5.15868000,1545206999999,521.42985360,11,5.00000000,505.40000000,0
1545207000000,101.08000000,101.08000000,101.08000000,101.08000000,0.00000000,1545207299999,0.00000000,0,0.00000000,0.00000000,0
1545207300000,101.11000000,101.11000000,101.10000000,101.10000000,46.07600000,1545207599999,4658.28528000,9,0.00000000,0.00000000,0
1545207600000,100.96000000,100.96000000,100.92000000,100.92000000,3.04131000,1545207899999,306.98073480,2,0.00000000,0.00000000,0
1545207900000,100.92000000,100.92000000,100.92000000,100.92000000,0.00000000,1545208199999,0.00000000,0,0.00000000,0.00000000,0
1545208200000,100.84000000,100.84000000,100.84000000,100.84000000,0.60053000,1545208499999,60.55744520,1,0.60053000,60.55744520,0
1545208500000,100.49000000,100.99000000,100.49000000,100.68000000,19.65772000,1545208799999,1979.47779540,5,1.90057000,191.93856430,0
1545208800000,100.98000000,100.98000000,100.98000000,100.98000000,5.76264000,1545209099999,581.91138720,4,2.93374000,296.24906520,0
1545209100000,100.98000000,100.98000000,100.92000000,100.98000000,31.84000000,1545209399999,3214.19280000,15,15.00000000,1514.70000000,0
1545209400000,101.14000000,101.23000000,101.11000000,101.23000000,26.06748000,1545209699999,2636.28539720,18,26.06748000,2636.28539720,0
1545209700000,101.45000000,101.53000000,101.33000000,101.33000000,14.02101000,1545209999999,1422.57753970,6,9.61604000,975.69333320,0
1545210000000,101.33000000,101.33000000,101.33000000,101.33000000,0.00000000,1545210299999,0.00000000,0,0.00000000,0.00000000,0
1545210300000,101.33000000,101.92000000,101.33000000,101.92000000,10.29023000,1545210599999,1046.04291440,5,9.50191000,966.16244880,0
1545210600000,101.92000000,102.22000000,101.92000000,102.21000000,179.34443000,1545210899999,18329.25246210,32,5.32998000,543.23156160,0
1545210900000,102.42000000,102.56000000,101.92000000,102.23000000,121.85025000,1545211199999,12484.61650780,22,99.41675000,10189.62809180,0
1545211200000,101.98000000,102.21000000,101.95000000,102.08000000,225.77841000,1545211499999,23049.67912340,51,225.77841000,23049.67912340,0
1545211500000,102.25000000,102.40000000,102.25000000,102.40000000,62.24800000,1545211799999,6365.60255000,3,62.24800000,6365.60255000,0
1545211800000,102.10000000,102.10000000,101.86000000,101.86000000,1000.78419000,1545212099999,101940.06579900,2,0.00000000,0.00000000,0
1545212100000,101.85000000,101.85000000,101.85000000,101.85000000,1.92853000,1545212399999,196.42078050,1,1.92853000,196.42078050,0
1545212400000,101.78000000,101.88000000,101.46000000,101.46000000,9.71387000,1545212699999,985.70010820,3,0.01290000,1.31425200,0
1545212700000,101.91000000,101.91000000,101.81000000,101.81000000,10.54711000,1545212999999,1073.87375910,5,0.72490000,73.87455900,0
1545213000000,101.71000000,102.06000000,101.70000000,102.06000000,85.21154000,1545213299999,8693.53278000,10,80.76074000,8240.84978560,0
1545213300000,101.70000000,101.79000000,101.70000000,101.79000000,1.92346000,1545213599999,195.69899340,2,0.92346000,93.99899340,0
1545213600000,101.75000000,101.75000000,101.75000000,101.75000000,3.25225000,1545213899999,330.91643750,1,3.25225000,330.91643750,0
1545213900000,101.40000000,101.40000000,101.40000000,101.40000000,0.19875000,1545214199999,20.15325000,1,0.00000000,0.00000000,0
1545214200000,101.62000000,101.73000000,101.49000000,101.49000000,2.26735000,1545214499999,230.36305450,6,1.25723000,127.84597570,0
1545214500000,101.75000000,101.89000000,101.71000000,101.71000000,6.97645000,1545214799999,709.88370670,4,5.71854000,581.93404060,0
1545214800000,102.10000000,102.40000000,102.10000000,102.23000000,5.07506000,1545215099999,519.05379970,7,0.19943000,20.38180300,0
1545215100000,102.23000000,102.23000000,102.02000000,102.02000000,0.60800000,1545215399999,62.08440220,2,0.26782000,27.37923860,0
1545215400000,102.08000000,102.08000000,102.00000000,102.00000000,8.13244000,1545215699999,829.62745760,4,0.00000000,0.00000000,0
1545215700000,102.51000000,103.31000000,102.51000000,103.30000000,13.90025000,1545215999999,1435.20612040,10,12.30025000,1270.19812040,0
1545216000000,103.31000000,103.58000000,102.97000000,102.97000000,25.65009000,1545216299999,2651.61142770,7,10.84063000,1121.69627170,0
1545216300000,102.81000000,102.81000000,102.73000000,102.73000000,6.41409000,1545216599999,659.42403290,2,0.00000000,0.00000000,0
1545216600000,103.30000000,103.66000000,103.29000000,103.66000000,24.32704000,1545216899999,2516.07641680,8,24.32704000,2516.07641680,0
1545216900000,103.60000000,103.60000000,103.57000000,103.57000000,293.26971000,1545217199999,30373.94424570,2,293.26971000,30373.94424570,0
1545217200000,103.36000000,103.36000000,103.21000000,103.21000000,4.34991000,1545217499999,449.25421110,3,4.24991000,438.93321110,0
1545217500000,103.15000000,103.66000000,103.15000000,103.66000000,4.86922000,1545217799999,502.76048710,6,1.23413000,127.57283360,0
1545217800000,103.64000000,103.64000000,103.56000000,103.56000000,25.05340000,1545218099999,2594.63572230,3,0.72449000,75.08614360,0
1545218100000,103.62000000,103.62000000,102.85000000,102.85000000,52.65647000,1545218399999,5426.88154740,15,0.10942000,11.32842740,0
1545218400000,102.96000000,102.96000000,102.70000000,102.84000000,39.91201000,1545218699999,4104.54874600,5,0.00000000,0.00000000,0
1545218700000,102.78000000,103.12000000,102.78000000,103.12000000,20.88505000,1545218999999,2149.75889600,14,8.69705000,896.83979600,0
1545219000000,103.07000000,103.27000000,102.99000000,103.22000000,32.04941000,1545219299999,3307.81111390,14,2.45631000,253.17187170,0
1545219300000,103.92000000,103.92000000,103.03000000,103.03000000,6.62938000,1545219599999,683.03635110,2,0.01273000,1.32290160,0
1545219600000,102.96000000,103.25000000,102.96000000,103.03000000,22.82356000,1545219899999,2353.17754080,15,15.57206000,1606.38845220,0
1545219900000,103.30000000,104.30000000,103.30000000,104.09000000,104.67693000,1545220199999,10870.52032760,30,33.68758000,3482.09190300,0
1545220200000,104.27000000,104.27000000,103.94000000,103.94000000,1.74117000,1545220499999,181.22179590,2,0.74117000,77.28179590,0
1545220500000,104.27000000,104.27000000,103.68000000,103.68000000,1.49120000,1545220799999,155.30791240,10,0.00000000,0.00000000,0
1545220800000,103.97000000,103.97000000,102.90000000,103.09000000,34.35574000,1545221099999,3543.51776860,14,1.91536000,198.35558240,0
1545221100000,103.09000000,103.16000000,103.09000000,103.13000000,45.58404000,1545221399999,4701.78266060,12,43.08849000,4444.41658910,0
1545221400000,103.36000000,103.36000000,103.36000000,103.36000000,0.01273000,1545221699999,1.31577280,1,0.01273000,1.31577280,0
1545221700000,103.18000000,103.18000000,103.06000000,103.06000000,11.42389000,1545221999999,1177.50737020,3,0.95622000,98.66277960,0
1545222000000,103.06000000,103.06000000,103.06000000,103.06000000,0.00000000,1545222299999,0.00000000,0,0.00000000,0.00000000,0
1545222300000,103.77000000,103.77000000,103.77000000,103.77000000,0.01274000,1545222599999,1.32202980,1,0.01274000,1.32202980,0
1545222600000,103.77000000,103.77000000,103.77000000,103.77000000,0.00000000,1545222899999,0.00000000,0,0.00000000,0.00000000,0
1545222900000,103.79000000,103.97000000,103.69000000,103.69000000,125.73710000,1545223199999,13040.26580320,20,1.00380000,104.36508600,0
1545223200000,103.93000000,104.79000000,103.93000000,104.79000000,57.13057000,1545223499999,5954.74245290,23,56.51320000,5890.50940760,0
1545223500000,104.79000000,105.10000000,104.59000000,104.83000000,240.23862000,1545223799999,25179.71328350,59,1.20063000,125.81791440,0
1545223800000,104.83000000,105.20000000,104.83000000,105.20000000,18.51869000,1545224099999,1941.31890880,4,0.01253000,1.31815600,0
1545224100000,105.20000000,105.20000000,105.20000000,105.20000000,0.00000000,1545224399999,0.00000000,0,0.00000000,0.00000000,0
1545224400000,104.46000000,104.94000000,104.46000000,104.94000000,22.68562000,1545224699999,2376.87874020,15,21.63562000,2266.80724020,0
1545224700000,105.23000000,106.39000000,105.23000000,106.16000000,61.16270000,1545224999999,6466.40114100,24,61.16270000,6466.40114100,0
1545225000000,106.58000000,106.71000000,106.45000000,106.71000000,394.98547000,1545225299999,42078.78425680,72,110.47999000,11780.45158230,0
1545225300000,106.97000000,106.97000000,106.08000000,106.44000000,34.13164000,1545225599999,3628.49182970,9,15.81791000,1683.96271500,0
1545225600000,106.66000000,106.99000000,106.66000000,106.98000000,31.04084000,1545225899999,3320.86726880,8,31.04084000,3320.86726880,0
1545225900000,106.99000000,107.05000000,106.99000000,106.99000000,23.57531000,1545226199999,2522.56151690,15,19.21056000,2055.33781440,0
1545226200000,107.08000000,107.08000000,106.99000000,107.08000000,4.27146000,1545226499999,457.15103340,5,3.75146000,401.46943340,0
1545226500000,107.09000000,107.58000000,107.09000000,107.58000000,66.83497000,1545226799999,7175.57951290,22,33.18200000,3562.77553000,0
1545226800000,107.50000000,107.85000000,107.17000000,107.17000000,23.17861000,1545227099999,2489.05349780,20,1.78112000,191.41905770,0
1545227100000,107.08000000,107.08000000,106.56000000,106.69000000,44.49514000,1545227399999,4746.36083360,29,23.21739000,2476.78377410,0
1545227400000,106.65000000,107.11000000,105.71000000,105.94000000,103.15436000,1545227699999,10928.99465670,23,20.16308000,2153.45892490,0
1545227700000,105.44000000,105.50000000,105.31000000,105.49000000,4.83865000,1545227999999,510.21464470,7,3.48865000,368.00064470,0
1545228000000,105.70000000,106.01000000,105.48000000,105.70000000,11.66948000,1545228299999,1233.57226020,6,0.14315000,15.13095500,0
1545228300000,105.70000000,105.70000000,104.60000000,104.60000000,575.36119000,1545228599999,60402.79423240,97,418.21531000,43914.08174640,0
1545228600000,104.90000000,104.90000000,104.11000000,104.70000000,163.93845000,1545228899999,17188.44106020,84,9.09588000,951.92787750,0
1545228900000,104.73000000,105.47000000,104.73000000,104.85000000,254.08303000,1545229199999,26733.37356120,77,3.42510000,359.37964240,0
1545229200000,104.70000000,104.90000000,104.70000000,104.80000000,1196.64677000,1545229499999,125413.91141480,266,0.28256000,29.60663680,0
1545229500000,104.70000000,104.84000000,104.50000000,104.50000000,1087.48794000,1545229799999,113818.36278320,183,0.01253000,1.31364520,0
1545229800000,104.42000000,104.71000000,103.90000000,103.95000000,460.33426000,1545230099999,48084.30040010,188,3.54197000,368.29837110,0
1545230100000,103.95000000,104.18000000,103.76000000,104.14000000,123.60220000,1545230399999,12837.55527140,57,25.41719000,2644.21741200,0
1545230400000,104.04000000,104.50000000,104.04000000,104.50000000,70.06474000,1545230699999,7303.21002570,11,0.32223000,33.55102340,0
1545230700000,104.50000000,104.56000000,103.74000000,103.81000000,82.74520000,1545230999999,8610.35932110,23,34.69583000,3612.19135830,0
1545231000000,103.71000000,104.10000000,103.71000000,103.90000000,331.80827000,1545231299999,34507.49795440,52,0.00035000,0.03633350,0
1545231300000,104.00000000,104.36000000,103.70000000,104.08000000,350.82837000,1545231599999,36485.91510420,90,0.02526000,2.63259720,0
1545231600000,103.46000000,104.32000000,103.46000000,104.20000000,1620.61829000,1545231899999,167956.11294640,18,556.03063000,57799.05175120,0
1545231900000,103.91000000,103.91000000,103.90000000,103.90000000,56.40270000,1545232199999,5860.30653000,6,0.00000000,0.00000000,0
1545232200000,103.94000000,104.60000000,103.69000000,104.33000000,323.89244000,1545232499999,33806.15903620,21,302.80620000,31603.81450240,0
1545232500000,104.37000000,104.50000000,104.37000000,104.40000000,157.40398000,1545232799999,16443.01514410,56,2.01513000,210.58108500,0
1545232800000,104.40000000,104.70000000,104.34000000,104.70000000,14.10354000,1545233099999,1474.08562390,5,7.01257000,734.21338330,0
1545233100000,104.50000000,104.70000000,104.10000000,104.10000000,923.53270000,1545233399999,96342.48892530,236,7.54757000,787.62952690,0
1545233400000,104.10000000,104.10000000,102.70000000,102.70000000,283.62625000,1545233699999,29332.21792370,77,3.08231000,319.48206910,0
1545233700000,102.50000000,102.58000000,102.24000000,102.47000000,35.00238000,1545233999999,3582.44911020,14,13.73798000,1407.85216840,0
1545234000000,102.47000000,103.05000000,102.47000000,102.89000000,159.45783000,1545234299999,16374.92576700,36,159.45783000,16374.92576700,0
1545234300000,102.92000000,102.92000000,102.07000000,102.24000000,59.18096000,1545234599999,6047.32370120,11,1.51282000,154.67943440,0
1545234600000,102.07000000,102.58000000,101.92000000,102.58000000,844.39203000,1545234899999,86201.63403480,18,38.50565000,3940.85705150,0
1545234900000,102.35000000,102.60000000,102.35000000,102.60000000,31.04176000,1545235199999,3178.95438730,9,31.04176000,3178.95438730,0
1545235200000,102.51000000,102.51000000,102.23000000,102.40000000,555.76254000,1545235499999,56909.84958030,10,531.23768000,54398.85971090,0
1545235500000,102.40000000,103.26000000,102.40000000,103.26000000,101.46879000,1545235799999,10402.38752980,22,101.46879000,10402.38752980,0
1545235800000,103.26000000,103.38000000,103.09000000,103.13000000,206.54436000,1545236099999,21325.20043660,24,129.12461000,13338.51628660,0
1545236100000,103.12000000,103.15000000,102.85000000,102.85000000,4.49828000,1545236399999,463.14909920,7,1.37157000,141.34028850,0
1545236400000,103.04000000,103.53000000,102.83000000,103.53000000,263.03388000,1545236699999,27123.69822650,66,253.27505000,26120.00437160,0
1545236700000,103.40000000,103.67000000,103.27000000,103.67000000,7.48303000,1545236999999,773.70606850,13,2.54960000,263.76803220,0
1545237000000,103.44000000,103.67000000,103.29000000,103.29000000,41.77800000,1545237299999,4320.09676280,28,2.94596000,305.18224120,0
1545237300000,103.49000000,103.49000000,103.37000000,103.37000000,8.34731000,1545237599999,863.66394850,8,7.81952000,809.09793730,0
1545237600000,103.36000000,103.68000000,103.35000000,103.68000000,96.81536000,1545237899999,10018.77845280,29,8.05880000,834.02404670,0
1545237900000,103.68000000,103.81000000,103.51000000,103.75000000,17.61076000,1545238199999,1826.03468470,11,2.02415000,210.12701150,0
1545238200000,103.77000000,104.32000000,103.77000000,104.32000000,8.41989000,1545238499999,876.57135250,8,5.65376000,589.45870130,0
1545238500000,104.36000000,104.70000000,104.36000000,104.39000000,30.29199000,1545238799999,3164.15835940,10,26.75910000,2795.35997230,0
1545238800000,104.15000000,104.15000000,103.51000000,103.69000000,173.90442000,1545239099999,18087.35542910,65,78.12235000,8119.01398660,0
1545239100000,103.83000000,103.98000000,103.83000000,103.98000000,3.03241000,1545239399999,315.19607330,5,3.03241000,315.19607330,0
1545239400000,104.11000000,104.35000000,104.07000000,104.17000000,5.73090000,1545239699999,597.14238570,12,2.90811000,303.20260640,0
1545239700000,104.17000000,104.49000000,104.17000000,104.49000000,7.97907000,1545239999999,833.39734430,3,0.59133000,61.78807170,0
1545240000000,104.45000000,104.61000000,104.45000000,104.58000000,3.16411000,1545240299999,330.66701430,6,3.16411000,330.66701430,0
1545240300000,104.99000000,105.34000000,104.99000000,105.34000000,13.43276000,1545240599999,1411.45502240,6,13.43276000,1411.45502240,0
1545240600000,105.57000000,105.57000000,104.97000000,104.99000000,4.67934000,1545240899999,491.62322200,6,1.74151000,182.82791070,0
1545240900000,104.49000000,104.82000000,104.32000000,104.32000000,2.94198000,1545241199999,307.39825020,6,1.54084000,161.04276880,0
1545241200000,104.20000000,104.37000000,103.59000000,104.17000000,31.91404000,1545241499999,3321.00433570,11,0.29046000,30.26768350,0
1545241500000,104.13000000,104.13000000,103.49000000,103.50000000,86.04141000,1545241799999,8908.77238130,17,10.91197000,1131.65442920,0
1545241800000,103.47000000,103.82000000,103.34000000,103.50000000,3408.33259000,1545242099999,352886.71733190,81,389.87359000,40354.75952260,0
1545242100000,103.50000000,103.82000000,103.48000000,103.82000000,1113.39873000,1545242399999,115328.17511890,113,1041.76403000,107905.03813250,0
1545242400000,103.82000000,104.44000000,103.13000000,103.28000000,156.95506000,1545242699999,16279.16261910,60,144.07519000,14948.83737390,0
1545242700000,103.08000000,103.21000000,102.77000000,102.93000000,143.88046000,1545242999999,14817.07239660,69,140.87837000,14507.98739090,0
1545243000000,102.91000000,103.08000000,102.86000000,102.86000000,387.73433000,1545243299999,39906.05875470,89,386.47915000,39776.95093990,0
1545243300000,102.99000000,103.91000000,102.99000000,103.43000000,135.29916000,1545243599999,13977.27973950,23,113.75685000,11755.69742580,0
1545243600000,103.50000000,103.53000000,103.25000000,103.25000000,14.40559000,1545243899999,1487.94097250,9,1.95000000,201.85500000,0
1545243900000,103.28000000,103.33000000,103.17000000,103.33000000,40.25470000,1545244199999,4158.63634110,18,36.85472000,3807.86040450,0
1545244200000,103.33000000,104.37000000,103.33000000,103.85000000,73.09452000,1545244499999,7567.38595980,22,73.09452000,7567.38595980,0
1545244500000,103.60000000,103.85000000,103.60000000,103.75000000,16.18946000,1545244799999,1679.44302570,6,14.84946000,1540.41802570,0
1545244800000,103.75000000,103.75000000,103.71000000,103.71000000,3.22884000,1545245099999,334.94499720,4,2.04993000,212.68023750,0
1545245100000,104.06000000,104.82000000,104.06000000,104.82000000,1104.26713000,1545245399999,115056.65946400,29,1102.42348000,114864.64331650,0
1545245400000,105.52000000,105.52000000,104.97000000,105.22000000,254.05489000,1545245699999,26711.30007370,16,253.59015000,26662.51631590,0
1545245700000,105.28000000,105.49000000,104.70000000,105.26000000,191.54880000,1545245999999,20174.37500700,80,79.64330000,8379.17469840,0
1545246000000,104.99000000,104.99000000,104.64000000,104.64000000,1.53223000,1545246299999,160.33691520,3,0.01248000,1.31027520,0
1545246300000,104.55000000,104.81000000,104.55000000,104.70000000,4.33397000,1545246599999,453.12171050,10,4.33397000,453.12171050,0
1545246600000,104.31000000,104.31000000,104.31000000,104.31000000,1.14449000,1545246899999,119.38175190,3,0.00000000,0.00000000,0
1545246900000,104.13000000,104.13000000,103.78000000,103.78000000,97.57319000,1545247199999,10136.41678350,10,0.00000000,0.00000000,0
1545247200000,104.08000000,104.61000000,104.08000000,104.61000000,3.88229000,1545247499999,404.93555760,3,3.88229000,404.93555760,0
1545247500000,104.60000000,104.67000000,104.46000000,104.57000000,106.71690000,1545247799999,11148.95050380,6,106.71690000,11148.95050380,0
1545247800000,104.57000000,104.57000000,104.36000000,104.50000000,141.66406000,1545248099999,14801.41997220,35,121.48423000,12695.10165760,0
1545248100000,104.37000000,104.37000000,103.45000000,103.45000000,47.47234000,1545248399999,4925.12381030,19,0.00000000,0.00000000,0
1545248400000,103.57000000,103.75000000,103.57000000,103.73000000,11.41947000,1545248699999,1182.83058530,3,0.72391000,75.09143610,0
1545248700000,103.73000000,103.93000000,103.58000000,103.58000000,12.54738000,1545248999999,1302.35227350,9,11.85397000,1230.52886570,0
1545249000000,103.68000000,103.68000000,103.60000000,103.60000000,2.23568000,1545249299999,231.64593840,3,0.36863000,38.21955840,0
1545249300000,103.67000000,103.68000000,103.00000000,103.10000000,70.73106000,1545249599999,7296.54939810,13,11.10460000,1150.80992790,0
1545249600000,103.14000000,103.25000000,102.44000000,102.45000000,121.04997000,1545249899999,12464.03380400,37,9.17744000,943.74823270,0
1545249900000,102.31000000,102.32000000,102.30000000,102.30000000,51.26951000,1545250199999,5244.89334240,6,0.00000000,0.00000000,0
1545250200000,102.03000000,102.17000000,101.81000000,101.81000000,126.10152000,1545250499999,12855.80308620,18,119.67682000,12200.15631320,0
1545250500000,101.87000000,102.12000000,101.87000000,102.05000000,48.20669000,1545250799999,4921.15991580,27,7.00212000,713.39705070,0
1545250800000,102.00000000,102.00000000,101.04000000,101.20000000,179.12441000,1545251099999,18164.95210610,49,160.10944000,16238.29343980,0
1545251100000,101.50000000,101.69000000,101.32000000,101.64000000,104.27924000,1545251399999,10589.87802940,30,3.62519000,368.27237580,0
1545251400000,101.80000000,102.54000000,101.80000000,102.26000000,52.97189000,1545251699999,5408.64308260,5,35.37187000,3616.96104660,0
1545251700000,101.99000000,102.26000000,101.64000000,101.64000000,56.26340000,1545251999999,5730.38653960,18,7.47731000,761.46561180,0
1545252000000,101.64000000,101.84000000,101.49000000,101.55000000,464.12665000,1545252299999,47133.30470370,26,7.31958000,743.72373670,0
1545252300000,101.82000000,102.41000000,101.82000000,102.21000000,152.08074000,1545252599999,15488.85052760,24,45.32691000,4618.56577170,0
1545252600000,101.97000000,102.03000000,101.97000000,102.03000000,6.53189000,1545252899999,666.36089670,2,5.06789000,517.07681670,0
1545252900000,101.97000000,102.09000000,101.75000000,102.09000000,2348.94772000,1545253199999,239126.31094740,12,356.98211000,36443.23723670,0
1545253200000,102.09000000,102.09000000,101.87000000,101.90000000,204.91639000,1545253499999,20907.55204710,21,203.64711000,20778.25049350,0
1545253500000,101.87000000,101.87000000,101.61000000,101.61000000,27.61576000,1545253799999,2812.63863780,11,26.34113000,2683.02151310,0
1545253800000,101.39000000,101.61000000,101.25000000,101.25000000,40.44880000,1545254099999,4096.17957880,6,2.44181000,247.74365840,0
1545254100000,101.32000000,101.32000000,101.26000000,101.26000000,10.16427000,1545254399999,1029.76719480,6,9.18041000,930.14153120,0
1545254400000,101.10000000,101.13000000,100.88000000,100.88000000,1187.01655000,1545254699999,120031.74917250,26,1125.50718000,113822.49291750,0
1545254700000,100.88000000,100.97000000,100.55000000,100.55000000,455.05480000,1545254999999,45842.79920380,13,426.60439000,42980.50481630,0
1545255000000,100.11000000,100.11000000,97.81000000,98.60000000,800.14458000,1545255299999,79246.22105490,168,70.24776000,6982.19222610,0
1545255300000,98.77000000,99.19000000,98.76000000,98.98000000,174.80034000,1545255599999,17289.88487780,48,8.69017000,860.83593110,0
1545255600000,99.28000000,99.30000000,98.90000000,98.90000000,32.07814000,1545255899999,3173.13123880,9,0.40260000,39.97012800,0
1545255900000,99.11000000,99.20000000,99.11000000,99.20000000,3.96929000,1545256199999,393.64946680,3,2.81261000,279.01091200,0
1545256200000,98.98000000,98.98000000,98.18000000,98.18000000,236.18405000,1545256499999,23358.62280740,52,0.00000000,0.00000000,0
1545256500000,98.50000000,98.84000000,98.50000000,98.84000000,22.48359000,1545256799999,2217.71469780,13,12.29585000,1213.44962660,0
1545256800000,98.84000000,99.60000000,98.84000000,99.11000000,5.72486000,1545257099999,567.50501820,8,4.07708000,404.19073440,0
1545257100000,98.99000000,99.15000000,98.62000000,99.15000000,7.14717000,1545257399999,706.98019220,9,1.52065000,150.54634200,0
1545257400000,99.24000000,99.75000000,99.15000000,99.62000000,111.09445000,1545257699999,11071.58878610,18,109.97519000,10960.25044080,0
1545257700000,99.81000000,99.81000000,99.59000000,99.70000000,20.04821000,1545257999999,1998.45250270,11,9.11321000,908.76256290,0
1545258000000,99.79000000,100.63000000,99.62000000,100.63000000,15.19123000,1545258299999,1516.20351170,8,12.69995000,1268.02219810,0
1545258300000,100.94000000,100.94000000,100.17000000,100.17000000,43.74592000,1545258599999,4409.60885880,6,41.06842000,4141.40368380,0
1545258600000,100.26000000,100.33000000,100.09000000,100.33000000,102.94459000,1545258899999,10304.82545940,5,5.84724000,586.29791850,0
1545258900000,100.26000000,100.26000000,100.04000000,100.14000000,42.75290000,1545259199999,4279.85217450,4,1.00000000,100.14000000,0
1545259200000,99.76000000,99.76000000,99.76000000,99.76000000,0.99586000,1545259499999,99.34699360,1,0.99586000,99.34699360,0
1545259500000,99.78000000,100.43000000,99.78000000,100.28000000,28.58347000,1545259799999,2860.09412400,20,27.98670000,2800.25002840,0
1545259800000,100.57000000,100.60000000,100.57000000,100.59000000,117.46177000,1545260099999,11815.51113430,4,0.00000000,0.00000000,0
1545260100000,100.57000000,100.57000000,100.38000000,100.38000000,1.39069000,1545260399999,139.59751730,2,0.00000000,0.00000000,0
1545260400000,100.49000000,100.67000000,100.49000000,100.67000000,29.92825000,1545260699999,3012.48824220,19,29.92825000,3012.48824220,0
1545260700000,100.71000000,100.71000000,100.43000000,100.43000000,7.67067000,1545260999999,771.67303050,7,0.00000000,0.00000000,0
1545261000000,100.19000000,100.19000000,100.15000000,100.15000000,0.71946000,1545261299999,72.05444140,2,0.71946000,72.05444140,0
1545261300000,100.15000000,100.45000000,100.15000000,100.33000000,8.91279000,1545261599999,893.67411710,13,2.65120000,266.02393300,0
1545261600000,100.47000000,100.63000000,100.16000000,100.16000000,53.88115000,1545261899999,5412.26519080,12,48.51237000,4874.44175660,0
1545261900000,100.15000000,100.49000000,100.07000000,100.26000000,29.53796000,1545262199999,2961.20884950,14,5.77138000,579.94376030,0
1545262200000,100.59000000,100.59000000,100.52000000,100.57000000,345.80770000,1545262499999,34766.04078600,12,107.59747000,10821.08903410,0
1545262500000,100.56000000,100.84000000,100.19000000,100.26000000,117.13425000,1545262799999,11806.90541230,9,49.47224000,4984.64199760,0
1545262800000,100.26000000,100.27000000,99.48000000,99.48000000,9.36969000,1545263099999,936.80164700,14,0.01303000,1.30651810,0
1545263100000,99.53000000,99.53000000,99.40000000,99.46000000,10.17884000,1545263399999,1012.40697500,6,3.67884000,365.91697500,0
1545263400000,99.58000000,99.70000000,99.42000000,99.42000000,9.11125000,1545263699999,906.65901960,5,4.98859000,496.76537740,0
1545263700000,99.42000000,99.42000000,99.12000000,99.12000000,12.63528000,1545263999999,1253.38507910,9,2.00000000,198.84000000,0
1545264000000,99.12000000,99.12000000,98.70000000,98.71000000,15.74733000,1545264299999,1555.19368360,10,8.51600000,840.56909930,0
1545264300000,98.71000000,98.85000000,98.71000000,98.85000000,10.48519000,1545264599999,1036.46102170,2,10.48519000,1036.46102170,0
1545264600000,98.91000000,99.32000000,98.91000000,99.31000000,14.68627000,1545264899999,1458.41296650,10,14.13078000,1403.41848660,0
1545264900000,99.52000000,100.09000000,99.52000000,100.07000000,76.31961000,1545265199999,7622.73389700,11,68.02375000,6793.74656580,0
1545265200000,100.28000000,100.29000000,100.04000000,100.04000000,48.06658000,1545265499999,4820.08534820,7,46.27874000,4641.22983460,0
1545265500000,100.29000000,100.29000000,100.15000000,100.28000000,44.21637000,1545265799999,4430.67600580,13,43.04511000,4313.35130680,0
1545265800000,100.46000000,100.55000000,100.16000000,100.16000000,16.53276000,1545266099999,1657.89924500,13,3.41056000,342.87182420,0
1545266100000,100.14000000,100.30000000,100.01000000,100.15000000,51.17927000,1545266399999,5125.77245880,21,48.88599000,4896.14152600,0
1545266400000,100.32000000,100.44000000,100.32000000,100.44000000,11.77154000,1545266699999,1180.97389920,3,0.44172000,44.36635680,0
1545266700000,100.10000000,100.23000000,100.10000000,100.17000000,7.15772000,1545266999999,717.05537360,7,4.76800000,477.84440160,0
1545267000000,100.17000000,100.23000000,100.17000000,100.23000000,0.47511000,1545267299999,47.59255530,2,0.47511000,47.59255530,0
1545267300000,99.94000000,100.20000000,99.92000000,100.20000000,14.38630000,1545267599999,1437.71350660,6,0.76590000,76.73520300,0
1545267600000,100.34000000,100.34000000,100.12000000,100.12000000,4.57185000,1545267899999,457.90639900,4,4.57185000,457.90639900,0
1545267900000,100.37000000,100.57000000,100.33000000,100.57000000,34.87844000,1545268199999,3506.68422500,10,34.87844000,3506.68422500,0
1545268200000,100.57000000,100.57000000,100.44000000,100.47000000,5.89562000,1545268499999,592.44235490,7,0.75069000,75.40383930,0
1545268500000,100.65000000,101.10000000,100.38000000,101.10000000,94.26208000,1545268799999,9505.59820380,26,37.03556000,3729.17611740,0
1545268800000,101.25000000,101.26000000,101.05000000,101.05000000,6.40767000,1545269099999,648.43368520,5,3.71033000,375.68219980,0
1545269100000,101.05000000,101.24000000,101.00000000,101.00000000,30.58805000,1545269399999,3090.47847190,18,15.22568000,1538.87910190,0
1545269400000,101.07000000,101.47000000,101.07000000,101.47000000,37.83143000,1545269699999,3823.99250890,20,37.83143000,3823.99250890,0
1545269700000,102.00000000,102.21000000,101.64000000,101.64000000,59.59072000,1545269999999,6078.69334990,15,43.25727000,4418.42150710,0
1545270000000,101.64000000,101.64000000,101.64000000,101.64000000,0.00000000,1545270299999,0.00000000,0,0.00000000,0.00000000,0
1545270300000,101.66000000,101.66000000,101.35000000,101.35000000,331.12165000,1545270599999,33563.65774060,7,0.00000000,0.00000000,0
1545270600000,101.36000000,101.64000000,101.20000000,101.20000000,98.38687000,1545270899999,9965.92521460,12,7.73111000,783.98852050,0
1545270900000,100.75000000,101.12000000,100.74000000,101.12000000,565.44507000,1545271199999,57076.51909360,49,87.13646000,8809.18262440,0
1545271200000,101.17000000,101.30000000,101.17000000,101.30000000,32.68950000,1545271499999,3310.61058000,9,32.68950000,3310.61058000,0
1545271500000,101.52000000,101.52000000,101.52000000,101.52000000,41.10933000,1545271799999,4173.41918160,8,41.10933000,4173.41918160,0
1545271800000,101.65000000,101.89000000,101.49000000,101.89000000,181.43493000,1545272099999,18469.53892780,36,178.10579000,18131.64690930,0
1545272100000,101.89000000,101.89000000,101.61000000,101.71000000,38.80569000,1545272399999,3948.00071670,13,20.61649000,2097.09471790,0
1545272400000,101.71000000,101.71000000,101.55000000,101.55000000,2.33180000,1545272699999,236.90453340,5,0.85963000,87.37622650,0
1545272700000,101.37000000,101.37000000,101.37000000,101.37000000,1.27852000,1545272999999,129.60357240,1,0.00000000,0.00000000,0
1545273000000,101.47000000,101.47000000,101.36000000,101.39000000,39.55036000,1545273299999,4009.18727620,7,39.55036000,4009.18727620,0
1545273300000,101.39000000,101.39000000,101.39000000,101.39000000,0.00000000,1545273599999,0.00000000,0,0.00000000,0.00000000,0
1545273600000,101.10000000,101.10000000,100.91000000,100.91000000,4.91660000,1545273899999,496.54562890,4,2.75069000,277.57212790,0
1545273900000,100.73000000,100.83000000,100.73000000,100.83000000,0.60683000,1545274199999,61.12728690,2,0.01301000,1.31179830,0
1545274200000,100.56000000,100.62000000,100.56000000,100.62000000,1.59482000,1545274499999,160.43509920,3,1.00000000,100.62000000,0
1545274500000,100.83000000,100.95000000,100.56000000,100.92000000,3.82735000,1545274799999,386.01984410,6,3.29540000,332.52695210,0
1545274800000,100.75000000,100.75000000,100.20000000,100.20000000,21.26637000,1545275099999,2131.65332080,11,18.68789000,1872.54759900,0
1545275100000,100.20000000,100.20000000,100.20000000,100.20000000,0.00000000,1545275399999,0.00000000,0,0.00000000,0.00000000,0
1545275400000,100.14000000,100.35000000,100.14000000,100.35000000,1.49150000,1545275699999,149.51442360,4,1.49150000,149.51442360,0
1545275700000,100.09000000,100.22000000,100.09000000,100.22000000,5.36495000,1545275999999,537.21017110,3,1.78712000,179.10516640,0
1545276000000,100.66000000,100.66000000,100.18000000,100.50000000,1.83355000,1545276299999,184.01807810,4,0.70812000,71.16815920,0
1545276300000,100.50000000,100.50000000,100.46000000,100.46000000,8.97607000,1545276599999,901.89552560,3,0.00060000,0.06030000,0
1545276600000,100.70000000,100.76000000,100.70000000,100.76000000,1.22842000,1545276899999,123.76189460,3,1.22842000,123.76189460,0
1545276900000,100.79000000,101.15000000,100.79000000,101.15000000,229.37230000,1545277199999,23133.31316640,3,41.71802000,4219.63828520,0
1545277200000,100.80000000,100.80000000,100.80000000,100.80000000,0.59885000,1545277499999,60.36408000,1,0.00000000,0.00000000,0
1545277500000,100.80000000,100.80000000,100.68000000,100.68000000,2.43813000,1545277799999,245.63278560,4,0.00000000,0.00000000,0
1545277800000,100.57000000,100.57000000,100.57000000,100.57000000,3.10300000,1545278099999,312.06871000,3,3.10300000,312.06871000,0
1545278100000,100.31000000,100.40000000,100.31000000,100.40000000,98.63168000,1545278399999,9902.53337100,6,98.03532000,9842.71249940,0
1545278400000,100.25000000,100.48000000,100.13000000,100.48000000,1.60296000,1545278699999,160.77501300,6,0.80802000,81.12999600,0
1545278700000,100.41000000,100.41000000,100.41000000,100.41000000,0.39678000,1545278999999,39.84067980,1,0.00000000,0.00000000,0
1545279000000,100.41000000,100.41000000,100.41000000,100.41000000,0.00000000,1545279299999,0.00000000,0,0.00000000,0.00000000,0
1545279300000,100.56000000,100.56000000,100.56000000,100.56000000,0.39678000,1545279599999,39.90019680,1,0.39678000,39.90019680,0
1545279600000,100.76000000,100.76000000,100.76000000,100.76000000,26.24152000,1545279899999,2644.09555520,3,0.00000000,0.00000000,0
1545279900000,100.88000000,100.88000000,100.88000000,100.88000000,1.00000000,1545280199999,100.88000000,1,1.00000000,100.88000000,0
1545280200000,100.88000000,101.23000000,100.88000000,101.23000000,6.98086000,1545280499999,704.91130940,12,6.98086000,704.91130940,0
1545280500000,101.33000000,101.33000000,101.32000000,101.32000000,6.03064000,1545280799999,611.02631120,4,0.18664000,18.91223120,0
1545280800000,101.45000000,101.45000000,100.92000000,100.97000000,299.11522000,1545281099999,30187.87760260,19,7.42974000,750.18084780,0
1545281100000,100.91000000,101.26000000,100.90000000,101.21000000,30.11932000,1545281399999,3040.80447220,15,30.11932000,3040.80447220,0
1545281400000,101.20000000,101.31000000,101.12000000,101.19000000,14.62243000,1545281699999,1479.01648420,13,4.16262000,421.26534510,0
1545281700000,101.19000000,101.39000000,101.19000000,101.39000000,3.88694000,1545281999999,393.45885860,4,3.88694000,393.45885860,0
1545282000000,101.09000000,101.09000000,100.98000000,100.98000000,10.60228000,1545282299999,1071.38736030,4,0.00000000,0.00000000,0
1545282300000,101.03000000,101.23000000,101.03000000,101.10000000,7.47878000,1545282599999,756.56068180,10,7.47878000,756.56068180,0
1545282600000,101.17000000,101.17000000,101.17000000,101.17000000,0.11902000,1545282899999,12.04125340,1,0.11902000,12.04125340,0
1545282900000,101.17000000,101.20000000,101.17000000,101.20000000,0.34991000,1545283199999,35.40374900,3,0.34991000,35.40374900,0
1545283200000,101.20000000,101.20000000,101.20000000,101.20000000,3.27060000,1545283499999,330.98472000,4,3.27060000,330.98472000,0
1545283500000,101.21000000,101.21000000,100.90000000,100.90000000,3.62206000,1545283799999,365.95867860,8,0.13900000,14.06819000,0
1545283800000,100.90000000,100.90000000,100.57000000,100.59000000,0.55493000,1545284099999,55.81289230,4,0.55463000,55.78262230,0
1545284100000,100.58000000,100.58000000,100.57000000,100.57000000,3.06851000,1545284399999,308.62779260,3,0.00000000,0.00000000,0
1545284400000,100.65000000,100.65000000,100.34000000,100.34000000,28.98083000,1545284699999,2912.28661460,11,27.19246000,2732.84156880,0
1545284700000,100.19000000,100.19000000,99.82000000,99.82000000,13.26506000,1545284999999,1324.52128410,4,0.63576000,63.48567910,0
1545285000000,99.82000000,100.47000000,99.82000000,100.47000000,33.90179000,1545285299999,3386.19277470,26,33.77151000,3373.18822510,0
1545285300000,100.08000000,100.08000000,100.08000000,100.08000000,1.49417000,1545285599999,149.53653360,2,0.00000000,0.00000000,0
1545285600000,99.82000000,99.85000000,99.79000000,99.85000000,14.32133000,1545285899999,1429.53174980,7,13.02276000,1299.90849240,0
1545285900000,99.85000000,99.85000000,99.61000000,99.61000000,2.83950000,1545286199999,283.21182540,3,1.53846000,153.61523100,0
1545286200000,99.61000000,99.76000000,99.61000000,99.76000000,1.19300000,1545286499999,118.98473000,2,1.19300000,118.98473000,0
1545286500000,99.76000000,100.02000000,99.76000000,100.02000000,46.30555000,1545286799999,4620.26981060,13,46.30555000,4620.26981060,0
1545286800000,99.84000000,100.10000000,99.84000000,100.00000000,31.70045000,1545287099999,3170.09747380,12,2.01598000,201.75211540,0
1545287100000,99.84000000,100.08000000,99.84000000,100.08000000,3.20943000,1545287399999,321.15860650,7,3.08850000,309.08495530,0
1545287400000,100.08000000,100.08000000,99.87000000,99.87000000,5.38500000,1545287699999,538.00995000,3,1.00000000,100.08000000,0
1545287700000,100.08000000,100.08000000,100.08000000,100.08000000,4.48792000,1545287999999,449.15103360,9,4.48792000,449.15103360,0
1545288000000,100.08000000,100.32000000,99.99000000,99.99000000,22.66256000,1545288299999,2272.93731540,6,22.06356000,2213.04330540,0
1545288300000,100.28000000,100.72000000,100.28000000,100.72000000,3.46395000,1545288599999,348.62509540,4,3.46395000,348.62509540,0
1545288600000,100.38000000,100.38000000,100.38000000,100.38000000,0.49600000,1545288899999,49.78848000,1,0.00000000,0.00000000,0
1545288900000,100.38000000,100.38000000,100.20000000,100.20000000,7.03839000,1545289199999,705.26623660,3,0.00000000,0.00000000,0
1545289200000,100.33000000,100.35000000,99.94000000,99.94000000,15.99618000,1545289499999,1599.31610510,8,1.42548000,143.03572110,0
1545289500000,100.18000000,100.18000000,100.18000000,100.18000000,0.19911000,1545289799999,19.94683980,1,0.19911000,19.94683980,0
1545289800000,100.01000000,100.01000000,100.01000000,100.01000000,1.05392000,1545290099999,105.40253920,5,0.29725000,29.72797250,0
1545290100000,100.10000000,100.10000000,100.04000000,100.04000000,10.94479000,1545290399999,1094.91757940,5,10.94479000,1094.91757940,0
1545290400000,100.10000000,100.36000000,100.10000000,100.36000000,1.11442000,1545290699999,111.64651920,5,1.11442000,111.64651920,0
1545290700000,100.42000000,100.42000000,100.42000000,100.42000000,2.24401000,1545290999999,225.34348420,2,2.24401000,225.34348420,0
1545291000000,100.42000000,100.48000000,100.42000000,100.48000000,0.67454000,1545291299999,67.74418460,3,0.01309000,1.31528320,0
1545291300000,100.48000000,100.50000000,100.40000000,100.40000000,6.18162000,1545291599999,620.95572780,6,4.36926000,438.84979500,0
1545291600000,100.40000000,100.40000000,100.40000000,100.40000000,0.00000000,1545291899999,0.00000000,0,0.00000000,0.00000000,0
1545291900000,100.53000000,100.72000000,100.53000000,100.72000000,4.80547000,1545292199999,483.98793840,3,4.80547000,483.98793840,0
1545292200000,100.91000000,100.91000000,100.86000000,100.86000000,9.36636000,1545292499999,945.11985060,2,0.00000000,0.00000000,0
1545292500000,100.82000000,101.11000000,100.82000000,101.11000000,15.81988000,1545292799999,1596.36259400,15,0.89074000,89.96474000,0
1545292800000,101.27000000,101.72000000,101.27000000,101.72000000,75.83697000,1545293099999,7694.82533030,26,75.83697000,7694.82533030,0
1545293100000,101.99000000,103.07000000,101.99000000,103.07000000,152.81625000,1545293399999,15673.93280160,38,143.25688000,14697.06735840,0
1545293400000,103.10000000,104.33000000,103.10000000,103.87000000,40.79104000,1545293699999,4239.12289640,13,23.29227000,2420.39277420,0
1545293700000,104.13000000,105.51000000,104.12000000,105.51000000,186.56164000,1545293999999,19627.68668480,30,148.71023000,15682.99610200,0
1545294000000,105.87000000,106.97000000,105.36000000,105.67000000,171.70215000,1545294299999,18171.35725900,87,138.40444000,14646.62058960,0
1545294300000,105.67000000,106.43000000,105.36000000,106.43000000,31.53868000,1545294599999,3339.51878450,23,30.82415000,3263.91758820,0
1545294600000,106.30000000,107.00000000,105.72000000,107.00000000,43.10205000,1545294899999,4586.53268230,30,31.20865000,3323.83287830,0
1545294900000,107.14000000,108.45000000,107.04000000,107.38000000,97.32540000,1545295199999,10517.00651100,52,87.58708000,9466.69272760,0
1545295200000,107.45000000,107.70000000,107.12000000,107.12000000,153.49504000,1545295499999,16488.34850780,67,116.26762000,12492.48490510,0
1545295500000,107.33000000,107.96000000,107.33000000,107.46000000,193.02548000,1545295799999,20736.55957040,68,133.10396000,14295.73242620,0
1545295800000,107.47000000,107.47000000,107.15000000,107.15000000,19.35163000,1545296099999,2077.98561860,8,3.77824000,405.43809960,0
1545296100000,107.08000000,107.75000000,106.96000000,107.75000000,35.64248000,1545296399999,3816.80556360,24,11.82959000,1267.12713920,0
1545296400000,107.16000000,108.35000000,107.16000000,108.35000000,105.80599000,1545296699999,11427.46635620,34,80.11887000,8651.73705170,0
1545296700000,108.35000000,110.00000000,108.35000000,109.82000000,1464.45723000,1545296999999,160898.13714140,330,550.80216000,60544.11382980,0
1545297000000,109.81000000,109.82000000,108.28000000,108.69000000,172.63594000,1545297299999,18815.59134000,55,109.11490000,11884.10718100,0
1545297300000,108.69000000,109.04000000,108.51000000,108.64000000,48.29501000,1545297599999,5246.58206050,23,3.58021000,389.60275520,0
1545297600000,108.74000000,108.92000000,108.68000000,108.68000000,74.05057000,1545297899999,8060.45983410,25,59.77795000,6507.38870680,0
1545297900000,108.47000000,109.38000000,108.30000000,109.05000000,593.26207000,1545298199999,64390.21104930,41,32.64641000,3563.27229520,0
1545298200000,109.19000000,109.19000000,108.33000000,108.33000000,293.05896000,1545298499999,31841.79893420,99,7.00000000,762.65457800,0
1545298500000,108.43000000,108.43000000,107.99000000,107.99000000,73.03764000,1545298799999,7909.80962400,16,48.37038000,5240.84023580,0
1545298800000,107.97000000,108.44000000,107.97000000,108.18000000,19.42831000,1545299099999,2103.53408470,17,13.65672000,1478.52896780,0
1545299100000,108.18000000,108.54000000,108.18000000,108.54000000,33.47112000,1545299399999,3629.29078180,20,24.66091000,2675.42964310,0
1545299400000,108.56000000,109.08000000,108.56000000,109.08000000,32.62181000,1545299699999,3552.08957020,17,18.14936000,1975.48491510,0
1545299700000,109.08000000,110.00000000,109.08000000,109.95000000,399.68374000,1545299999999,43952.63592590,59,391.69692000,43078.55265440,0
1545300000000,109.95000000,110.47000000,109.28000000,109.30000000,446.20358000,1545300299999,49258.85376320,81,416.68057000,46002.51600820,0
1545300300000,109.21000000,109.21000000,108.37000000,108.89000000,36.71759000,1545300599999,3993.24867610,24,22.01871000,2396.57298060,0
1545300600000,108.87000000,108.98000000,108.59000000,108.59000000,22.33686000,1545300899999,2429.20721830,16,4.23706000,461.73149640,0
1545300900000,108.37000000,108.67000000,108.20000000,108.20000000,75.73820000,1545301199999,8213.16643070,18,38.20651000,4149.05135800,0
1545301200000,108.20000000,108.44000000,107.60000000,108.38000000,46.74696000,1545301499999,5053.88923240,21,11.31682000,1226.01598040,0
1545301500000,109.00000000,109.00000000,109.00000000,109.00000000,0.55100000,1545301799999,60.05900000,1,0.55100000,60.05900000,0
1545301800000,108.77000000,108.77000000,108.67000000,108.67000000,15.63253000,1545302099999,1699.15873320,8,6.88337000,748.01581790,0
1545302100000,108.67000000,108.82000000,108.58000000,108.82000000,55.64712000,1545302399999,6046.68555680,23,8.29138000,901.27197160,0
1545302400000,108.82000000,109.11000000,108.78000000,109.11000000,58.52258000,1545302699999,6366.17947420,5,0.57731000,62.89300360,0
1545302700000,108.86000000,108.86000000,108.44000000,108.61000000,13.05042000,1545302999999,1417.55251540,11,6.90622000,750.02774680,0
1545303000000,108.61000000,109.06000000,108.61000000,108.97000000,81.35653000,1545303299999,8857.51687160,40,21.77242000,2365.08466980,0
1545303300000,109.05000000,109.42000000,108.89000000,108.89000000,25.02869000,1545303599999,2729.75240860,20,12.18828000,1328.89864620,0
1545303600000,108.88000000,109.93000000,108.75000000,109.44000000,67.57555000,1545303899999,7401.48969460,25,62.32745000,6827.94121250,0
1545303900000,109.64000000,110.23000000,109.59000000,110.19000000,50.74549000,1545304199999,5583.51358130,37,17.37745000,1909.00122240,0
1545304200000,109.74000000,109.74000000,109.19000000,109.31000000,63.32871000,1545304499999,6920.10393650,21,40.98739000,4475.99328700,0
1545304500000,109.32000000,109.32000000,108.89000000,109.31000000,29.24751000,1545304799999,3194.96073070,17,17.39387000,1899.52944270,0
1545304800000,109.35000000,109.39000000,108.69000000,108.69000000,35.11892000,1545305099999,3837.97050800,19,30.33137000,3315.45853920,0
1545305100000,108.71000000,108.71000000,108.24000000,108.24000000,150.53895000,1545305399999,16342.54627260,48,138.15799000,15001.19455420,0
1545305400000,108.54000000,108.57000000,108.49000000,108.49000000,7.32178000,1545305699999,794.38471090,4,1.50178000,162.97291090,0
1545305700000,108.57000000,108.60000000,107.85000000,107.95000000,95.88532000,1545305999999,10346.69254630,14,3.56751000,387.31701530,0
1545306000000,107.83000000,108.06000000,107.83000000,107.98000000,15.06782000,1545306299999,1626.85682760,4,4.57584000,493.41282720,0
1545306300000,108.41000000,108.41000000,108.33000000,108.33000000,1.20727000,1545306599999,130.79464350,5,0.01217000,1.31934970,0
1545306600000,107.97000000,108.14000000,107.97000000,108.14000000,17.87476000,1545306899999,1930.43647800,9,17.69011000,1910.49981750,0
1545306900000,108.14000000,108.14000000,107.99000000,107.99000000,13.74228000,1545307199999,1485.94015920,10,8.39118000,907.42220520,0
1545307200000,108.20000000,108.92000000,108.20000000,108.92000000,5.57210000,1545307499999,606.66646050,5,5.20525000,566.82288200,0
1545307500000,108.96000000,109.04000000,108.96000000,108.96000000,23.78420000,1545307799999,2592.44920520,11,12.43420000,1354.84520520,0
1545307800000,109.05000000,109.18000000,108.88000000,108.88000000,54.57718000,1545308099999,5950.84991240,34,0.36586000,39.88971580,0
1545308100000,108.88000000,109.07000000,108.67000000,108.95000000,23.46029000,1545308399999,2553.61162610,17,13.04312000,1419.32310770,0
1545308400000,109.09000000,109.09000000,108.95000000,108.95000000,29.35864000,1545308699999,3199.10969030,10,3.25100000,354.65159000,0
1545308700000,108.82000000,108.82000000,108.74000000,108.74000000,8.05931000,1545308999999,876.54203940,10,0.00000000,0.00000000,0
1545309000000,108.91000000,108.91000000,108.59000000,108.75000000,8.20086000,1545309299999,891.70083380,3,8.20086000,891.70083380,0
1545309300000,108.74000000,109.01000000,108.74000000,109.00000000,172.92645000,1545309599999,18847.85639560,61,2.56389000,278.86896620,0
1545309600000,109.00000000,109.07000000,108.76000000,108.76000000,235.30435000,1545309899999,25648.05823000,26,1.80000000,196.32600000,0
1545309900000,109.00000000,109.09000000,109.00000000,109.00000000,48.64564000,1545310199999,5302.62508460,22,1.38586000,151.14872740,0
1545310200000,109.09000000,109.56000000,109.07000000,109.56000000,14.45635000,1545310499999,1581.83580970,16,6.60835000,722.00892970,0
1545310500000,109.30000000,109.30000000,109.29000000,109.30000000,605.57642000,1545310799999,66189.45969800,99,603.44050000,65956.00364200,0
1545310800000,109.20000000,110.14000000,109.20000000,109.21000000,378.34934000,1545311099999,41602.20592520,99,276.76762000,30450.25038000,0
1545311100000,109.21000000,109.21000000,107.66000000,108.00000000,131.83089000,1545311399999,14313.25306460,33,45.25935000,4889.92412340,0
1545311400000,108.00000000,108.00000000,107.85000000,108.00000000,294.84206000,1545311699999,31841.21880530,71,293.91759000,31741.51471580,0
1545311700000,108.00000000,108.00000000,107.16000000,107.16000000,375.07358000,1545311999999,40454.37121310,92,250.28952000,27027.51436130,0
1545312000000,107.16000000,107.16000000,106.96000000,106.96000000,393.00354000,1545312299999,42035.99369440,51,391.49966000,41875.05391880,0
1545312300000,107.27000000,107.43000000,107.07000000,107.12000000,14.65030000,1545312599999,1572.15426060,7,9.77696000,1050.13210230,0
1545312600000,107.11000000,107.26000000,106.89000000,107.00000000,2711.98402000,1545312899999,290245.21313420,96,700.23839000,74908.59853330,0
1545312900000,107.27000000,107.50000000,107.27000000,107.44000000,25.74404000,1545313199999,2766.76605740,10,8.79698000,944.95710740,0
1545313200000,107.69000000,107.91000000,107.56000000,107.91000000,2635.79300000,1545313499999,283549.06212680,198,1054.36923000,113450.45254600,0
1545313500000,107.80000000,107.80000000,107.39000000,107.40000000,163.78614000,1545313799999,17624.73070570,50,116.47806000,12541.28307780,0
1545313800000,107.33000000,107.55000000,107.22000000,107.52000000,1602.07405000,1545314099999,171823.15886250,141,395.70569000,42452.07591830,0
1545314100000,107.61000000,107.95000000,107.41000000,107.78000000,110.51725000,1545314399999,11878.76060470,38,110.51725000,11878.76060470,0
1545314400000,107.84000000,107.95000000,107.77000000,107.95000000,131.86972000,1545314699999,14234.72210720,5,131.86972000,14234.72210720,0
1545314700000,107.96000000,107.96000000,107.50000000,107.58000000,153.46411000,1545314999999,16546.32052690,39,149.16872000,16083.34875390,0
1545315000000,107.76000000,107.77000000,107.76000000,107.77000000,134.85047000,1545315299999,14532.82867290,11,134.85047000,14532.82867290,0
1545315300000,107.77000000,108.05000000,107.75000000,107.75000000,1023.38743000,1545315599999,110273.27979790,14,23.24446000,2507.40900340,0
1545315600000,108.01000000,108.07000000,107.80000000,108.07000000,487.87146000,1545315899999,52640.55484430,107,487.87146000,52640.55484430,0
1545315900000,108.07000000,108.41000000,107.99000000,108.41000000,1744.93549000,1545316199999,188663.66622090,29,1726.13203000,186629.40503380,0
1545316200000,108.35000000,108.36000000,108.00000000,108.08000000,37.70297000,1545316499999,4081.35164360,12,29.60067000,3204.81567340,0
1545316500000,108.08000000,108.23000000,107.75000000,107.75000000,458.36840000,1545316799999,49607.10040270,64,452.16967000,48937.75298360,0
1545316800000,107.83000000,107.83000000,107.50000000,107.80000000,821.12387000,1545317099999,88272.79656030,74,804.28425000,86461.52437530,0
1545317100000,107.72000000,107.72000000,107.71000000,107.71000000,69.49049000,1545317399999,7485.51381890,17,69.30545000,7465.58131010,0
1545317400000,107.72000000,107.90000000,107.72000000,107.90000000,730.82675000,1545317699999,78724.68286300,125,730.68590000,78709.48514800,0
1545317700000,107.90000000,108.56000000,107.90000000,108.42000000,74.78086000,1545317999999,8107.04263000,26,70.10746000,7602.11965840,0
1545318000000,108.41000000,109.53000000,108.41000000,109.53000000,78.03870000,1545318299999,8519.53238710,21,78.03870000,8519.53238710,0
1545318300000,109.53000000,109.53000000,109.08000000,109.08000000,178.69411000,1545318599999,19553.00712130,71,166.17903000,18185.09586420,0
1545318600000,109.08000000,109.34000000,108.95000000,109.24000000,85.16889000,1545318899999,9296.81157160,32,82.15894000,8968.48622560,0
1545318900000,109.24000000,109.35000000,108.88000000,108.93000000,42.23592000,1545319199999,4613.50033590,14,38.36193000,4190.90288640,0
1545319200000,108.76000000,109.08000000,108.37000000,108.82000000,818.73978000,1545319499999,88736.12426430,158,813.11246000,88125.83586390,0
1545319500000,108.82000000,108.82000000,108.53000000,108.73000000,8.77816000,1545319799999,954.93136490,9,7.80712000,849.46089340,0
1545319800000,108.76000000,109.72000000,108.76000000,109.33000000,65.70328000,1545320099999,7185.35929820,40,64.06524000,7006.13238500,0
1545320100000,109.26000000,109.31000000,108.91000000,108.91000000,76.48071000,1545320399999,8346.71394990,34,69.85220000,7622.59725730,0
1545320400000,108.91000000,108.91000000,107.91000000,108.01000000,133.80719000,1545320699999,14503.64936020,42,89.23937000,9679.36705640,0
1545320700000,108.20000000,108.20000000,107.80000000,107.82000000,156.08284000,1545320999999,16884.16032120,54,0.20000000,21.56400000,0
1545321000000,108.17000000,108.55000000,108.17000000,108.55000000,2.13127000,1545321299999,231.11885750,5,2.13127000,231.11885750,0
1545321300000,108.66000000,108.75000000,108.45000000,108.75000000,25.43998000,1545321599999,2764.69843170,9,24.79783000,2695.05726420,0
1545321600000,108.55000000,108.55000000,108.45000000,108.53000000,14.72829000,1545321899999,1598.41660390,6,11.95894000,1297.86522800,0
1545321900000,108.47000000,108.76000000,108.23000000,108.76000000,24.52657000,1545322199999,2658.89326370,16,15.73755000,1706.94834420,0
1545322200000,109.04000000,109.17000000,108.76000000,108.76000000,29.17446000,1545322499999,3178.79540210,21,6.24225000,680.41582930,0
1545322500000,109.00000000,109.08000000,108.70000000,108.72000000,33.38944000,1545322799999,3633.42581670,22,31.18945000,3394.21265100,0
1545322800000,108.82000000,109.10000000,108.82000000,109.00000000,8.41790000,1545323099999,916.88332660,8,4.26811000,465.27613020,0
1545323100000,109.32000000,113.32000000,109.32000000,113.00000000,781.85225000,1545323399999,87696.30571320,143,411.15998000,45810.83204420,0
1545323400000,113.00000000,117.96000000,113.00000000,114.40000000,5867.58303000,1545323699999,674703.57039420,492,1125.54611000,129283.89206440,0
1545323700000,114.93000000,115.00000000,113.30000000,113.30000000,957.82630000,1545323999999,109560.58035060,211,23.06437000,2644.98461390,0
1545324000000,113.30000000,115.00000000,113.30000000,114.93000000,261.17651000,1545324299999,29635.16155960,47,238.62936000,27076.40536310,0
1545324300000,114.85000000,115.00000000,113.49000000,114.60000000,144.37458000,1545324599999,16515.36817900,40,46.47207000,5315.70133120,0
1545324600000,114.90000000,116.08000000,114.90000000,115.22000000,134.66610000,1545324899999,15526.71958360,38,33.21206000,3825.28511010,0
1545324900000,115.59000000,115.99000000,115.29000000,115.29000000,88.23090000,1545325199999,10211.92674720,25,39.31259000,4551.41380220,0
1545325200000,115.32000000,116.98000000,115.29000000,115.96000000,61.75673000,1545325499999,7184.87891400,33,42.73255000,4972.51082770,0
1545325500000,115.96000000,116.22000000,114.87000000,116.22000000,1205.24523000,1545325799999,138964.10401200,133,50.62720000,5848.31379040,0
1545325800000,116.08000000,116.08000000,115.21000000,115.21000000,179.95309000,1545326099999,20735.27083250,37,8.51138000,983.24099040,0
1545326100000,114.77000000,115.08000000,113.43000000,113.43000000,108.01042000,1545326399999,12326.66755680,30,29.66194000,3407.68724060,0
1545326400000,113.42000000,114.02000000,113.00000000,113.56000000,161.76731000,1545326699999,18394.38893100,54,80.26106000,9123.25215910,0
1545326700000,113.61000000,114.53000000,113.31000000,114.26000000,15.46463000,1545326999999,1760.15243210,18,7.88777000,898.72103330,0
1545327000000,114.42000000,116.24000000,114.42000000,115.07000000,29.53661000,1545327299999,3399.46745310,27,5.09827000,585.93445240,0
1545327300000,115.84000000,115.85000000,114.13000000,114.13000000,75.01633000,1545327599999,8616.38570850,34,26.72234000,3059.57330470,0
1545327600000,114.53000000,115.51000000,114.48000000,114.70000000,156.61689000,1545327899999,17972.98122090,50,25.33172000,2903.19269070,0
1545327900000,114.70000000,114.86000000,113.75000000,113.75000000,420.92356000,1545328199999,48174.84590510,145,2.35712000,268.67673480,0
1545328200000,113.75000000,113.75000000,113.30000000,113.65000000,20.22868000,1545328499999,2297.25186590,28,4.04964000,459.85596120,0
1545328500000,113.83000000,113.83000000,113.83000000,113.83000000,3.03311000,1545328799999,345.25891130,4,3.03311000,345.25891130,0
1545328800000,113.61000000,114.38000000,113.31000000,113.31000000,28.16163000,1545329099999,3197.69963000,18,1.36876000,155.67071010,0
1545329100000,113.71000000,113.71000000,113.37000000,113.68000000,7.63471000,1545329399999,867.63066750,10,6.49171000,738.04875750,0
1545329400000,113.92000000,114.68000000,113.89000000,114.15000000,5.78606000,1545329699999,659.66686830,17,3.89247000,443.55438160,0
1545329700000,114.23000000,114.31000000,114.13000000,114.13000000,1.65885000,1545329999999,189.50010640,11,1.65826000,189.43276970,0
1545330000000,113.92000000,113.99000000,113.56000000,113.72000000,66.18256000,1545330299999,7527.64410670,19,44.65919000,5082.78760920,0
1545330300000,113.59000000,113.93000000,113.55000000,113.92000000,174.95509000,1545330599999,19880.56984810,21,26.66314000,3036.20188230,0
1545330600000,113.97000000,113.99000000,113.70000000,113.99000000,42.47147000,1545330899999,4830.04812500,5,2.51976000,287.18874300,0
1545330900000,113.99000000,113.99000000,113.24000000,113.24000000,36.43134000,1545331199999,4134.80815800,18,6.46840000,733.14339450,0
1545331200000,113.24000000,113.42000000,112.50000000,112.50000000,350.29493000,1545331499999,39461.61112980,95,294.44088000,33154.65730050,0
1545331500000,112.48000000,112.48000000,112.48000000,112.48000000,0.86846000,1545331799999,97.68438080,1,0.86846000,97.68438080,0
1545331800000,112.03000000,112.48000000,112.03000000,112.48000000,6.86035000,1545332099999,770.83903150,7,5.87535000,660.48948150,0
1545332100000,113.15000000,113.15000000,112.49000000,112.88000000,3.48396000,1545332399999,392.56022040,11,1.07169000,120.94969560,0
1545332400000,112.22000000,113.21000000,112.21000000,112.68000000,70.65887000,1545332699999,7932.30214920,13,7.65852000,862.20838890,0
1545332700000,112.63000000,113.22000000,112.00000000,112.53000000,3829.16533000,1545332999999,428933.46935290,284,3761.10274000,421272.39014140,0
1545333000000,112.52000000,112.62000000,112.17000000,112.17000000,80.24360000,1545333299999,9021.52583670,41,58.54978000,6584.96073800,0
1545333300000,112.45000000,113.12000000,112.45000000,112.99000000,19.63077000,1545333599999,2216.12424840,13,18.19812000,2054.99779120,0
1545333600000,112.92000000,113.44000000,112.92000000,113.37000000,36.96737000,1545333899999,4185.92664360,26,33.60957000,3806.71934720,0
1545333900000,113.37000000,113.77000000,113.09000000,113.57000000,56.58849000,1545334199999,6426.46181320,34,52.39266000,5951.25284660,0
1545334200000,113.57000000,113.57000000,113.15000000,113.18000000,32.22983000,1545334499999,3649.28565500,22,6.74622000,764.48986020,0
1545334500000,113.14000000,113.69000000,112.59000000,112.97000000,116.95916000,1545334799999,13243.84463100,44,115.21980000,13047.35852780,0
1545334800000,112.92000000,113.27000000,112.54000000,112.86000000,48.35883000,1545335099999,5452.10357510,40,44.99467000,5073.24886470,0
1545335100000,112.69000000,112.71000000,112.29000000,112.53000000,91.91538000,1545335399999,10345.22226330,52,83.22107000,9366.81854720,0
1545335400000,112.37000000,112.66000000,112.02000000,112.65000000,82.88416000,1545335699999,9316.29919480,35,68.09653000,7659.11852460,0
1545335700000,112.66000000,112.69000000,112.55000000,112.69000000,30.34991000,1545335999999,3418.18039260,25,30.34991000,3418.18039260,0
1545336000000,112.78000000,113.53000000,112.69000000,113.00000000,68.34838000,1545336299999,7714.84915890,25,61.34838000,6926.01915890,0
1545336300000,112.89000000,113.00000000,110.14000000,111.12000000,203.36403000,1545336599999,22746.49869060,52,41.42661000,4642.47222540,0
1545336600000,110.90000000,110.90000000,109.02000000,110.36000000,107.99622000,1545336899999,11886.88119550,23,18.52006000,2047.49253700,0
1545336900000,109.81000000,110.37000000,109.15000000,109.70000000,135.46662000,1545337199999,14835.77655260,53,41.58099000,4564.86560470,0
1545337200000,109.98000000,110.15000000,109.83000000,109.83000000,36.76981000,1545337499999,4047.12242290,29,5.44862000,599.23922760,0
1545337500000,110.00000000,110.05000000,109.60000000,110.05000000,44.22531000,1545337799999,4858.76453180,29,27.40519000,3013.20184460,0
1545337800000,110.05000000,110.32000000,109.77000000,110.10000000,14.57056000,1545338099999,1605.37097840,11,11.36637000,1253.18837840,0
1545338100000,110.10000000,110.16000000,109.69000000,109.69000000,21.94142000,1545338399999,2413.81734260,15,6.34508000,698.63675080,0
1545338400000,109.61000000,109.96000000,109.00000000,109.33000000,127.66651000,1545338699999,13983.46427420,67,27.25325000,2986.49445790,0
1545338700000,109.44000000,109.98000000,108.84000000,108.98000000,127.20748000,1545338999999,13864.41555900,57,66.62977000,7264.12472630,0
1545339000000,108.71000000,109.14000000,108.67000000,109.08000000,54.21389000,1545339299999,5907.29198900,45,42.62691000,4646.89225950,0
1545339300000,109.13000000,109.13000000,108.96000000,108.96000000,17.52502000,1545339599999,1910.70211060,13,7.74304000,844.84385120,0
1545339600000,108.78000000,110.25000000,108.78000000,110.07000000,47.05004000,1545339899999,5154.94659430,25,25.90412000,2841.56131480,0
1545339900000,110.00000000,110.49000000,110.00000000,110.49000000,44.90168000,1545340199999,4959.02959230,11,44.69968000,4936.80959230,0
1545340200000,110.49000000,110.69000000,110.29000000,110.36000000,136.20010000,1545340499999,15037.73703150,12,19.88972000,2198.27999790,0
1545340500000,110.22000000,110.39000000,110.18000000,110.18000000,24.26786000,1545340799999,2677.82300920,15,19.35991000,2136.51790940,0
1545340800000,110.18000000,110.25000000,109.74000000,110.25000000,54.13826000,1545341099999,5947.80326030,10,14.75343000,1625.13395830,0
1545341100000,110.16000000,110.26000000,110.11000000,110.17000000,82.77298000,1545341399999,9118.39031130,27,74.73463000,8232.98281830,0
1545341400000,110.11000000,111.97000000,109.97000000,111.34000000,86.38688000,1545341699999,9591.23940090,24,78.18619000,8687.91007240,0
1545341700000,111.50000000,111.63000000,111.30000000,111.60000000,125.12316000,1545341999999,13948.00844840,29,37.19202000,4148.87393140,0
1545342000000,111.60000000,111.90000000,111.60000000,111.80000000,271.79024000,1545342299999,30342.76604230,81,46.27835000,5166.48219830,0
1545342300000,111.80000000,111.80000000,111.40000000,111.60000000,128.95300000,1545342599999,14395.08455250,82,10.70860000,1194.82088120,0
1545342600000,111.60000000,111.91000000,111.60000000,111.90000000,321.85522000,1545342899999,35952.28193030,54,57.53363000,6426.59010630,0
1545342900000,111.90000000,114.00000000,111.90000000,114.00000000,123.08450000,1545343199999,13816.80765030,49,51.31549000,5779.24296310,0
1545343200000,114.40000000,115.00000000,114.29000000,115.00000000,37.57649000,1545343499999,4301.36554590,25,13.54859000,1554.68452890,0
1545343500000,114.72000000,114.93000000,114.12000000,114.12000000,29.76140000,1545343799999,3411.73565200,38,17.41162000,1998.21557320,0
1545343800000,114.15000000,114.19000000,114.01000000,114.07000000,16.62798000,1545344099999,1896.77108770,10,14.64472000,1670.31210830,0
1545344100000,114.01000000,114.50000000,114.01000000,114.50000000,10.67450000,1545344399999,1217.59092930,8,5.68076000,648.09618580,0
1545344400000,114.50000000,114.50000000,114.30000000,114.30000000,106.04597000,1545344699999,12131.54472450,37,5.00887000,573.01472800,0
1545344700000,114.30000000,114.30000000,114.02000000,114.07000000,24.12351000,1545344999999,2753.23138300,10,18.07500000,2062.18013000,0
1545345000000,114.39000000,114.68000000,114.39000000,114.49000000,5.66220000,1545345299999,648.50211400,11,4.18188000,479.02027720,0
1545345300000,114.49000000,114.49000000,113.83000000,113.83000000,1140.74385000,1545345599999,130584.48191560,144,1132.58339000,129653.99500570,0
1545345600000,113.69000000,113.70000000,112.61000000,112.61000000,24.43256000,1545345899999,2767.30850630,12,21.78938000,2468.64001670,0
1545345900000,112.00000000,113.73000000,112.00000000,112.75000000,27.71321000,1545346199999,3114.92464130,18,24.00306000,2696.75309020,0
1545346200000,112.80000000,113.85000000,112.75000000,112.86000000,34.34574000,1545346499999,3884.37693060,20,22.07032000,2498.43427530,0
1545346500000,113.15000000,113.59000000,113.15000000,113.59000000,4.25532000,1545346799999,482.28446230,4,4.25532000,482.28446230,0
1545346800000,113.50000000,113.50000000,112.93000000,112.93000000,111.82953000,1545347099999,12652.37605180,33,39.96338000,4527.88215310,0
1545347100000,112.93000000,113.27000000,112.75000000,112.89000000,112.94610000,1545347399999,12737.30885510,16,5.15724000,583.26808960,0
1545347400000,113.20000000,113.99000000,113.20000000,113.75000000,5.98148000,1545347699999,678.57345790,12,3.97012000,449.78125790,0
1545347700000,113.44000000,113.95000000,113.34000000,113.34000000,23.00166000,1545347999999,2614.67419180,18,8.77210000,998.92782780,0
1545348000000,113.35000000,113.35000000,113.00000000,113.00000000,524.33957000,1545348299999,59258.79729380,65,522.24500000,59021.39873000,0
1545348300000,112.80000000,113.06000000,112.72000000,112.72000000,9.56037000,1545348599999,1079.75739600,4,5.63100000,636.64086000,0
1545348600000,113.05000000,113.61000000,113.05000000,113.18000000,16.61017000,1545348899999,1883.54405880,11,11.50634000,1305.48441620,0
1545348900000,112.96000000,113.95000000,112.94000000,113.95000000,15.07423000,1545349199999,1705.02310310,11,8.94792000,1013.06646030,0
1545349200000,113.32000000,114.49000000,113.32000000,114.48000000,71.67296000,1545349499999,8194.87732890,27,68.33255000,7814.28058070,0
1545349500000,114.15000000,114.15000000,114.14000000,114.14000000,14.84849000,1545349799999,1694.95501860,11,10.14083000,1157.57562960,0
1545349800000,114.41000000,114.74000000,114.41000000,114.74000000,30.92216000,1545350099999,3542.10839520,11,30.92216000,3542.10839520,0
1545350100000,114.74000000,114.83000000,114.40000000,114.53000000,27.15071000,1545350399999,3113.52964550,16,17.62750000,2022.54200550,0
1545350400000,114.29000000,114.29000000,113.00000000,113.00000000,128.04107000,1545350699999,14492.93926500,30,11.64268000,1328.91085420,0
1545350700000,113.21000000,114.05000000,113.21000000,114.00000000,17.11545000,1545350999999,1940.70422230,13,17.11545000,1940.70422230,0
1545351000000,114.12000000,114.12000000,113.69000000,113.69000000,5.71223000,1545351299999,649.80563570,6,4.13495000,470.39003570,0
1545351300000,113.74000000,113.74000000,113.44000000,113.44000000,15.08243000,1545351599999,1711.88602780,12,3.26229000,371.00934620,0
1545351600000,113.38000000,113.64000000,113.37000000,113.64000000,25.22493000,1545351899999,2864.54724200,13,24.46043000,2777.83500700,0
1545351900000,113.55000000,113.55000000,113.10000000,113.10000000,20.86256000,1545352199999,2360.47734540,12,19.10239000,2161.17362780,0
1545352200000,113.13000000,113.13000000,111.30000000,111.85000000,39.27413000,1545352499999,4386.38615170,22,18.54817000,2070.53961660,0
1545352500000,112.07000000,113.00000000,112.07000000,112.44000000,111.54055000,1545352799999,12561.08497720,28,13.11809000,1480.08291120,0
1545352800000,111.72000000,112.07000000,111.72000000,112.07000000,5.45067000,1545353099999,609.26138810,3,0.89663000,100.48403930,0
1545353100000,112.15000000,112.51000000,112.15000000,112.50000000,23.78783000,1545353399999,2673.84090380,9,23.78783000,2673.84090380,0
1545353400000,112.50000000,112.74000000,112.36000000,112.50000000,27.21688000,1545353699999,3062.23600100,12,16.13947000,1817.48023240,0
1545353700000,112.50000000,114.18000000,112.50000000,114.18000000,127.87389000,1545353999999,14471.60068700,66,127.87389000,14471.60068700,0
1545354000000,114.18000000,114.18000000,113.98000000,114.04000000,5.46353000,1545354299999,623.20338440,7,0.00000000,0.00000000,0
1545354300000,113.90000000,114.13000000,113.89000000,114.07000000,44.32959000,1545354599999,5056.82221110,20,39.75840000,4536.18308800,0
1545354600000,114.16000000,114.17000000,113.32000000,113.38000000,17.89928000,1545354899999,2036.40663240,23,14.46935000,1645.80620400,0
1545354900000,113.31000000,113.64000000,113.22000000,113.64000000,12.10326000,1545355199999,1373.73333370,7,11.22337000,1274.03299780,0
1545355200000,113.44000000,113.50000000,113.44000000,113.50000000,1.87796000,1545355499999,213.09578240,2,1.00000000,113.50000000,0
1545355500000,113.64000000,114.87000000,113.61000000,114.87000000,22.50705000,1545355799999,2567.22355450,20,21.45581000,2447.79217810,0
1545355800000,114.90000000,116.22000000,114.86000000,116.22000000,46.68355000,1545356099999,5401.37263220,26,15.09296000,1748.45187390,0
1545356100000,116.07000000,117.99000000,116.03000000,117.99000000,103.26847000,1545356399999,12056.01146650,46,86.17620000,10069.22830580,0
1545356400000,118.00000000,118.16000000,116.97000000,118.15000000,88.89633000,1545356699999,10442.36826110,46,54.78090000,6441.75707830,0
1545356700000,118.18000000,118.63000000,117.42000000,117.64000000,63.93727000,1545356999999,7539.04319900,35,16.64882000,1958.11392180,0
1545357000000,117.66000000,118.08000000,117.32000000,117.32000000,28.38156000,1545357299999,3341.78593230,22,5.91649000,698.55429610,0
1545357300000,117.33000000,117.70000000,117.09000000,117.57000000,47.72752000,1545357599999,5599.55643900,13,5.89362000,692.92370520,0
1545357600000,117.26000000,118.27000000,117.11000000,117.80000000,93.11585000,1545357899999,10947.86209730,52,74.72283000,8789.48853540,0
1545357900000,117.80000000,117.80000000,111.80000000,115.76000000,137.45370000,1545358199999,15979.70503710,44,5.37521000,632.45356970,0
1545358200000,115.11000000,115.11000000,114.64000000,114.64000000,47.54628000,1545358499999,5459.27042970,22,10.00598000,1149.96612970,0
1545358500000,115.14000000,115.25000000,115.04000000,115.25000000,31.21177000,1545358799999,3594.30125500,20,24.54184000,2826.09659890,0
1545358800000,115.31000000,115.32000000,114.95000000,114.95000000,41.04981000,1545359099999,4730.44669230,15,5.45607000,628.56397770,0
1545359100000,114.71000000,114.71000000,113.97000000,114.03000000,16.09220000,1545359399999,1839.52224920,11,12.26522000,1401.75010340,0
1545359400000,113.79000000,114.58000000,113.78000000,114.58000000,33.71997000,1545359699999,3850.69815040,16,9.74561000,1110.99921280,0
1545359700000,114.53000000,114.53000000,114.43000000,114.50000000,2.26982000,1545359999999,259.86998540,3,1.05064000,120.29828000,0
1545360000000,114.73000000,114.74000000,114.51000000,114.55000000,16.25669000,1545360299999,1863.03201460,10,9.45963000,1084.47065950,0
1545360300000,114.49000000,114.97000000,114.49000000,114.81000000,6.88250000,1545360599999,789.96015470,7,6.88250000,789.96015470,0
1545360600000,114.66000000,115.00000000,114.49000000,115.00000000,18.06344000,1545360899999,2072.21770280,12,10.53030000,1209.71850420,0
1545360900000,115.04000000,115.52000000,115.04000000,115.52000000,0.36409000,1545361199999,41.98683200,3,0.36409000,41.98683200,0
1545361200000,115.52000000,115.52000000,115.49000000,115.49000000,9.33187000,1545361499999,1077.81870420,5,0.00000000,0.00000000,0
1545361500000,114.83000000,114.84000000,114.52000000,114.52000000,3.06295000,1545361799999,351.56029880,4,2.53911000,291.57014200,0
1545361800000,114.51000000,114.51000000,114.01000000,114.01000000,32.41352000,1545362099999,3698.76911040,8,0.00000000,0.00000000,0
1545362100000,113.93000000,113.93000000,112.57000000,112.57000000,29.11376000,1545362399999,3288.23790680,11,15.00000000,1694.25000000,0
1545362400000,112.41000000,112.63000000,112.18000000,112.34000000,42.42015000,1545362699999,4765.68714600,20,26.12292000,2935.78996230,0
1545362700000,112.93000000,113.46000000,112.78000000,113.46000000,2.70152000,1545362999999,306.26326860,4,2.41912000,274.41419660,0
1545363000000,113.67000000,113.69000000,113.59000000,113.69000000,8.56615000,1545363299999,973.69687930,6,8.56615000,973.69687930,0
1545363300000,113.69000000,114.50000000,113.69000000,114.41000000,15.02852000,1545363599999,1710.89549340,14,14.59252000,1661.08249340,0
1545363600000,114.32000000,114.73000000,113.81000000,113.81000000,24.59768000,1545363899999,2811.81672100,17,7.30543000,832.99636710,0
1545363900000,113.87000000,113.87000000,113.83000000,113.83000000,4.93733000,1545364199999,562.04806690,6,0.18950000,21.57836500,0
1545364200000,113.74000000,113.88000000,113.58000000,113.88000000,13.08927000,1545364499999,1487.76536180,7,3.74927000,426.92816180,0
1545364500000,113.69000000,114.13000000,113.63000000,114.07000000,2.01207000,1545364799999,229.34213360,15,1.85907000,211.95674360,0
1545364800000,114.12000000,114.41000000,114.06000000,114.06000000,13.86580000,1545365099999,1582.11212350,48,3.83465000,437.89001540,0
1545365100000,113.48000000,113.48000000,113.06000000,113.06000000,94.45127000,1545365399999,10679.92652500,37,91.51928000,10348.33244780,0
1545365400000,113.06000000,113.06000000,112.73000000,112.73000000,58.67307000,1545365699999,6620.09900840,16,24.41458000,2754.29238070,0
1545365700000,112.73000000,112.73000000,112.36000000,112.50000000,271.38949000,1545365999999,30562.03223200,65,177.33046000,19961.11734690,0
1545366000000,112.50000000,113.18000000,112.50000000,113.18000000,304.70828000,1545366299999,34282.59325930,93,304.70828000,34282.59325930,0
1545366300000,113.16000000,113.20000000,113.10000000,113.20000000,9.82134000,1545366599999,1111.47086620,9,3.45094000,390.64640800,0
1545366600000,113.21000000,113.65000000,113.21000000,113.57000000,36.70531000,1545366899999,4169.81691580,15,16.85193000,1915.05540720,0
1545366900000,113.50000000,113.50000000,113.19000000,113.19000000,16.46316000,1545367199999,1868.11704080,19,0.00000000,0.00000000,0
1545367200000,113.20000000,113.43000000,113.18000000,113.43000000,3.68815000,1545367499999,417.72024760,7,1.05570000,119.74805100,0
1545367500000,113.42000000,113.42000000,113.42000000,113.42000000,0.28400000,1545367799999,32.21128000,1,0.28400000,32.21128000,0
1545367800000,113.43000000,113.59000000,113.43000000,113.59000000,1.40441000,1545368099999,159.52690470,3,0.00017000,0.01928310,0
1545368100000,113.54000000,113.56000000,113.03000000,113.09000000,59.71300000,1545368399999,6755.00215460,26,58.30406000,6595.51014660,0
1545368400000,112.88000000,113.29000000,112.76000000,113.29000000,36.93354000,1545368699999,4172.33989670,25,35.52099000,4012.89125270,0
1545368700000,112.98000000,112.98000000,112.66000000,112.66000000,14.60227000,1545368999999,1646.10323800,10,0.56435000,63.64174950,0
1545369000000,112.39000000,112.40000000,111.98000000,112.13000000,35.32059000,1545369299999,3958.57480420,31,26.92633000,3017.43925480,0
1545369300000,112.32000000,112.71000000,112.23000000,112.47000000,37.51168000,1545369599999,4221.60846820,20,30.95685000,3483.38459890,0
1545369600000,112.71000000,112.84000000,112.71000000,112.74000000,4.19723000,1545369899999,473.36901930,8,3.01000000,339.52867000,0
1545369900000,112.77000000,113.03000000,112.36000000,112.65000000,48.37518000,1545370199999,5443.58241980,47,34.71813000,3907.79807140,0
1545370200000,112.69000000,112.69000000,112.45000000,112.50000000,13.83833000,1545370499999,1556.81744050,7,3.65483000,411.54818550,0
1545370500000,112.50000000,112.58000000,112.18000000,112.32000000,11.19456000,1545370799999,1259.23899800,9,9.32856000,1049.91111800,0
1545370800000,112.18000000,112.18000000,110.99000000,111.00000000,23.75941000,1545371099999,2639.81005060,16,15.11707000,1679.77642820,0
1545371100000,110.39000000,110.39000000,109.72000000,110.21000000,74.09320000,1545371399999,8161.00424580,27,24.51016000,2701.40601120,0
1545371400000,110.62000000,111.44000000,110.62000000,111.20000000,44.41655000,1545371699999,4933.36985340,8,18.13058000,2019.76998940,0
1545371700000,111.26000000,111.48000000,111.24000000,111.48000000,19.14432000,1545371999999,2131.77076400,15,12.75589000,1421.11367880,0
1545372000000,111.40000000,111.57000000,111.40000000,111.57000000,35.66168000,1545372299999,3974.42229060,20,35.66168000,3974.42229060,0
1545372300000,111.57000000,112.24000000,111.57000000,112.24000000,5.47325000,1545372599999,613.87082620,4,5.47325000,613.87082620,0
1545372600000,112.12000000,112.12000000,111.86000000,111.87000000,19.51244000,1545372899999,2187.09460280,18,18.27844000,2049.01624280,0
1545372900000,111.56000000,111.56000000,111.50000000,111.52000000,1.33259000,1545373199999,148.61452640,5,1.13259000,126.30252640,0
1545373200000,112.00000000,112.32000000,111.98000000,112.32000000,1.57005000,1545373499999,175.97764060,4,0.42141000,47.33277120,0
1545373500000,112.35000000,112.35000000,112.35000000,112.35000000,13.89942000,1545373799999,1561.59983700,6,0.00000000,0.00000000,0
1545373800000,112.16000000,112.70000000,112.09000000,112.70000000,29.66076000,1545374099999,3330.37536770,12,20.92847000,2350.79015040,0
1545374100000,113.20000000,113.42000000,113.20000000,113.25000000,13.32200000,1545374399999,1509.19515540,5,13.32200000,1509.19515540,0
1545374400000,113.12000000,113.64000000,113.12000000,113.64000000,20.50278000,1545374699999,2323.73996810,8,20.50278000,2323.73996810,0
1545374700000,113.31000000,113.54000000,112.87000000,113.00000000,67.51675000,1545374999999,7635.22044910,55,64.60755000,7305.54990510,0
1545375000000,112.88000000,112.91000000,112.70000000,112.84000000,28.48137000,1545375299999,3213.16845020,32,28.48137000,3213.16845020,0
1545375300000,112.66000000,112.66000000,112.66000000,112.66000000,0.19861000,1545375599999,22.37540260,1,0.19861000,22.37540260,0
1545375600000,112.70000000,112.72000000,112.70000000,112.70000000,20.74814000,1545375899999,2338.47427990,6,0.00000000,0.00000000,0
1545375900000,112.80000000,112.80000000,112.80000000,112.80000000,257.12824000,1545376199999,29004.06547200,99,0.00000000,0.00000000,0
1545376200000,112.80000000,112.80000000,112.25000000,112.34000000,106.48415000,1545376499999,12008.13571560,69,7.19429000,808.23950760,0
1545376500000,112.42000000,112.47000000,112.42000000,112.47000000,0.20720000,1545376799999,23.29923200,2,0.20720000,23.29923200,0
1545376800000,112.47000000,112.47000000,112.47000000,112.47000000,0.00000000,1545377099999,0.00000000,0,0.00000000,0.00000000,0
1545377100000,112.85000000,112.96000000,112.81000000,112.95000000,12.60814000,1545377399999,1423.69062900,6,12.60814000,1423.69062900,0
1545377400000,112.68000000,112.68000000,112.45000000,112.45000000,6.93583000,1545377699999,780.56562330,9,6.93583000,780.56562330,0
1545377700000,112.32000000,112.49000000,112.32000000,112.37000000,9.46314000,1545377999999,1063.53625670,13,8.75614000,984.12601670,0
1545378000000,112.30000000,112.35000000,111.88000000,111.88000000,132.16189000,1545378299999,14818.79956740,27,26.08416000,2928.86346880,0
1545378300000,112.14000000,112.14000000,112.14000000,112.14000000,4.53606000,1545378599999,508.67376840,1,0.00000000,0.00000000,0
1545378600000,112.61000000,113.10000000,112.61000000,113.10000000,49.01950000,1545378899999,5534.85615200,12,30.10698000,3401.96619600,0
1545378900000,113.00000000,113.45000000,113.00000000,113.02000000,14.81877000,1545379199999,1677.41975790,6,14.72203000,1666.48620310,0
1545379200000,113.57000000,115.00000000,113.57000000,115.00000000,13.04453000,1545379499999,1495.70468590,12,12.64798000,1450.66850240,0
1545379500000,115.22000000,115.33000000,115.22000000,115.33000000,4.47826000,1545379799999,516.45195830,2,4.47826000,516.45195830,0
1545379800000,114.39000000,114.39000000,114.36000000,114.36000000,11.99002000,1545380099999,1371.37980420,9,0.00000000,0.00000000,0
1545380100000,114.83000000,114.83000000,114.81000000,114.81000000,1.05324000,1545380399999,120.92429640,4,0.00000000,0.00000000,0
1545380400000,114.44000000,114.51000000,114.44000000,114.51000000,0.90836000,1545380699999,103.96030360,2,0.10836000,12.40830360,0
1545380700000,114.60000000,114.93000000,114.56000000,114.93000000,3.35051000,1545380999999,383.92964250,3,0.00000000,0.00000000,0
1545381000000,115.33000000,115.49000000,115.02000000,115.02000000,23.92414000,1545381299999,2753.87604640,17,2.08900000,241.08427560,0
1545381300000,114.19000000,114.95000000,114.00000000,114.00000000,24.36761000,1545381599999,2787.43518770,14,12.02829000,1378.53163010,0
1545381600000,114.20000000,114.20000000,113.87000000,113.87000000,0.66235000,1545381899999,75.60440000,2,0.55335000,63.19257000,0
1545381900000,113.79000000,114.47000000,113.79000000,114.47000000,2.08438000,1545382199999,237.81060020,2,0.92500000,105.88475000,0
1545382200000,114.80000000,114.84000000,114.79000000,114.83000000,25.36861000,1545382499999,2912.63870200,9,25.36861000,2912.63870200,0
1545382500000,114.83000000,114.83000000,114.83000000,114.83000000,0.00000000,1545382799999,0.00000000,0,0.00000000,0.00000000,0
1545382800000,114.68000000,114.68000000,114.46000000,114.46000000,9.37104000,1545383099999,1073.51422090,5,5.78001000,661.85704290,0
1545383100000,113.98000000,113.98000000,113.98000000,113.98000000,4.20200000,1545383399999,478.94396000,4,4.20200000,478.94396000,0
1545383400000,113.85000000,113.85000000,113.40000000,113.40000000,183.53930000,1545383699999,20817.33512790,63,175.59905000,19915.25783600,0
1545383700000,113.40000000,114.13000000,113.40000000,113.99000000,217.77137000,1545383999999,24705.02773580,45,217.56437000,24681.45906580,0
1545384000000,114.17000000,114.17000000,113.64000000,113.70000000,19.14878000,1545384299999,2177.38245260,4,19.14878000,2177.38245260,0
1545384300000,113.59000000,113.59000000,113.48000000,113.48000000,9.33365000,1545384599999,1059.78598300,7,5.22365000,592.93108300,0
1545384600000,113.34000000,113.60000000,113.13000000,113.39000000,26.06226000,1545384899999,2955.27560160,13,15.18520000,1722.71252000,0
1545384900000,113.31000000,113.64000000,113.12000000,113.64000000,48.79195000,1545385199999,5524.00211810,23,15.44362000,1751.34950780,0
1545385200000,113.65000000,113.65000000,113.36000000,113.44000000,15.04234000,1545385499999,1707.13277380,9,15.04234000,1707.13277380,0
1545385500000,113.70000000,113.70000000,113.59000000,113.62000000,7.36800000,1545385799999,837.25262000,4,7.36800000,837.25262000,0
1545385800000,113.56000000,113.56000000,112.99000000,113.03000000,18.89396000,1545386099999,2140.84388850,11,9.30296000,1054.99859320,0
1545386100000,113.42000000,113.88000000,112.85000000,112.85000000,80.79082000,1545386399999,9154.88947230,43,28.46133000,3224.04009030,0
1545386400000,112.53000000,112.93000000,112.39000000,112.93000000,3.24020000,1545386699999,365.19812280,8,2.44262000,275.49848060,0
1545386700000,112.93000000,113.63000000,112.93000000,113.63000000,7.92612000,1545386999999,899.21449030,10,7.92612000,899.21449030,0
1545387000000,113.52000000,113.53000000,113.28000000,113.28000000,4.09327000,1545387299999,464.47560780,4,3.80556000,431.88381900,0
1545387300000,113.35000000,113.35000000,113.18000000,113.19000000,5.14226000,1545387599999,582.49291570,11,3.66427000,415.06620850,0
1545387600000,112.84000000,112.84000000,112.51000000,112.51000000,21.41601000,1545387899999,2410.09988310,4,1.89586000,213.88780660,0
1545387900000,112.64000000,112.80000000,112.61000000,112.80000000,10.12844000,1545388199999,1141.07625430,7,4.55962000,513.75172820,0
1545388200000,112.87000000,113.11000000,112.87000000,113.11000000,4.96913000,1545388499999,561.38245840,6,4.96913000,561.38245840,0
1545388500000,113.35000000,113.48000000,113.34000000,113.48000000,7.86536000,1545388799999,892.19089000,9,7.86536000,892.19089000,0
1545388800000,113.60000000,113.60000000,113.21000000,113.21000000,3.06862000,1545389099999,347.82309440,5,1.08878000,123.68540800,0
1545389100000,113.30000000,114.50000000,113.25000000,114.50000000,140.83144000,1545389399999,16009.56018150,44,138.82308000,15781.95274270,0
1545389400000,114.34000000,114.38000000,114.11000000,114.11000000,8.84661000,1545389699999,1011.39902230,5,1.93315000,220.91400590,0
1545389700000,114.46000000,114.46000000,114.18000000,114.33000000,10.94665000,1545389999999,1250.37427260,9,9.41765000,1075.79305260,0
1545390000000,114.33000000,114.33000000,114.33000000,114.33000000,0.00040000,1545390299999,0.04573200,1,0.00040000,0.04573200,0
1545390300000,114.94000000,115.00000000,114.70000000,114.70000000,49.55791000,1545390599999,5698.60111570,17,47.72189000,5487.96165260,0
1545390600000,114.49000000,114.60000000,114.49000000,114.59000000,3.26010000,1545390899999,373.44800700,4,3.26010000,373.44800700,0
1545390900000,114.66000000,115.20000000,114.66000000,115.20000000,5.25181000,1545391199999,602.94870900,20,5.25181000,602.94870900,0
1545391200000,115.32000000,115.98000000,115.32000000,115.46000000,44.48545000,1545391499999,5148.14310420,13,19.07323000,2201.04890580,0
1545391500000,115.42000000,115.42000000,115.28000000,115.42000000,9.55744000,1545391799999,1102.53339540,9,1.61052000,185.86770720,0
1545391800000,115.00000000,115.28000000,115.00000000,115.16000000,4.19442000,1545392099999,483.03314640,14,4.19442000,483.03314640,0
1545392100000,115.00000000,115.00000000,114.40000000,114.40000000,10.78056000,1545392399999,1234.08272960,9,0.00000000,0.00000000,0
1545392400000,114.97000000,115.30000000,114.97000000,115.30000000,0.43793000,1545392699999,50.48954390,2,0.43793000,50.48954390,0
1545392700000,115.52000000,115.68000000,115.52000000,115.68000000,0.55297000,1545392999999,63.88091680,4,0.55297000,63.88091680,0
1545393000000,115.68000000,115.68000000,115.68000000,115.68000000,0.00000000,1545393299999,0.00000000,0,0.00000000,0.00000000,0
1545393300000,115.51000000,115.51000000,115.51000000,115.51000000,4.32227000,1545393599999,499.26540770,1,4.32227000,499.26540770,0
1545393600000,115.51000000,115.51000000,115.16000000,115.16000000,82.32261000,1545393899999,9480.66194170,31,0.00000000,0.00000000,0
1545393900000,115.16000000,115.16000000,114.50000000,114.50000000,23.25890000,1545394199999,2678.42255500,16,0.00000000,0.00000000,0
1545394200000,114.40000000,114.40000000,114.40000000,114.40000000,66.18251000,1545394499999,7571.27914400,15,0.00000000,0.00000000,0
1545394500000,113.51000000,114.44000000,113.51000000,114.44000000,33.24619000,1545394799999,3794.32604520,5,22.00321000,2517.98392580,0
1545394800000,114.44000000,114.44000000,114.21000000,114.23000000,9.03651000,1545395099999,1033.73299000,6,1.10795000,126.79138720,0
1545395100000,114.23000000,114.83000000,114.23000000,114.37000000,46.88891000,1545395399999,5362.58232850,24,46.88891000,5362.58232850,0
1545395400000,114.37000000,115.24000000,114.37000000,115.21000000,1025.91516000,1545395699999,117358.26029960,82,1025.91516000,117358.26029960,0
1545395700000,115.52000000,116.94000000,115.52000000,116.11000000,456.18398000,1545395999999,52802.45444930,42,298.38326000,34532.29649260,0
1545396000000,116.13000000,116.15000000,116.07000000,116.11000000,384.91831000,1545396299999,44700.27958590,36,3.24178000,376.37533700,0
1545396300000,115.63000000,115.63000000,115.24000000,115.37000000,6.69858000,1545396599999,772.87195170,9,6.69821000,772.82920930,0
1545396600000,115.41000000,116.52000000,115.41000000,115.71000000,11.38307000,1545396899999,1322.79931380,9,11.38307000,1322.79931380,0
1545396900000,115.90000000,115.96000000,115.90000000,115.96000000,0.33870000,1545397199999,39.26761500,3,0.33870000,39.26761500,0
1545397200000,115.96000000,115.96000000,115.96000000,115.96000000,0.00000000,1545397499999,0.00000000,0,0.00000000,0.00000000,0
1545397500000,116.13000000,116.34000000,116.10000000,116.17000000,212.63453000,1545397799999,24703.01761130,67,212.49358000,24686.64344980,0
1545397800000,116.55000000,116.93000000,116.13000000,116.13000000,116.60916000,1545398099999,13542.69075040,20,0.01209000,1.41338730,0
1545398100000,116.31000000,116.74000000,116.13000000,116.74000000,47.24203000,1545398399999,5489.81471520,24,6.27112000,731.86293690,0
1545398400000,116.42000000,116.79000000,116.42000000,116.62000000,9.01244000,1545398699999,1052.00402450,9,8.91144000,1040.22540450,0
1545398700000,116.18000000,116.46000000,115.64000000,115.80000000,897.10245000,1545398999999,104181.83049510,102,23.60417000,2739.99998050,0
1545399000000,115.71000000,116.88000000,115.22000000,115.30000000,54.38566000,1545399299999,6289.62370000,32,4.27688000,497.05743440,0
1545399300000,115.27000000,115.78000000,115.27000000,115.78000000,0.09899000,1545399599999,11.41609250,3,0.09899000,11.41609250,0
1545399600000,115.39000000,115.78000000,114.92000000,114.92000000,8.21044000,1545399899999,946.22181470,11,0.62792000,72.32322780,0
1545399900000,114.68000000,115.18000000,114.68000000,115.18000000,7.28483000,1545400199999,837.55864350,8,6.78183000,779.87460350,0
1545400200000,115.00000000,115.18000000,115.00000000,115.18000000,13.59035000,1545400499999,1564.09492570,11,3.60724000,415.13879580,0
1545400500000,115.18000000,115.18000000,115.18000000,115.18000000,0.02219000,1545400799999,2.55584420,1,0.02219000,2.55584420,0
1545400800000,115.92000000,115.92000000,115.07000000,115.40000000,15.84402000,1545401099999,1827.99747210,11,11.24885000,1298.12322320,0
1545401100000,114.54000000,114.54000000,114.54000000,114.54000000,3.59700000,1545401399999,412.00038000,2,0.00000000,0.00000000,0
1545401400000,115.00000000,115.83000000,115.00000000,115.83000000,0.95480000,1545401699999,109.81105530,4,0.95480000,109.81105530,0
1545401700000,115.03000000,115.26000000,114.79000000,115.00000000,6.08860000,1545401999999,700.16242710,9,5.64505000,649.24732260,0
1545402000000,115.06000000,115.06000000,114.34000000,114.34000000,3.08906000,1545402299999,354.16110750,4,0.19780000,22.75886800,0
1545402300000,114.45000000,114.61000000,113.63000000,113.71000000,158.37884000,1545402599999,18073.82754670,18,34.42529000,3924.62795670,0
1545402600000,113.71000000,114.08000000,113.68000000,113.96000000,207.42089000,1545402899999,23586.06983130,69,207.42089000,23586.06983130,0
1545402900000,114.37000000,115.36000000,114.37000000,114.74000000,2.11970000,1545403199999,243.08253350,4,0.41202000,47.14333030,0
1545403200000,115.05000000,115.17000000,115.05000000,115.17000000,12.64179000,1545403499999,1455.92598750,9,12.64179000,1455.92598750,0
1545403500000,115.00000000,115.00000000,114.60000000,114.60000000,55.07632000,1545403799999,6328.63258100,22,0.00000000,0.00000000,0
1545403800000,115.06000000,115.07000000,115.06000000,115.07000000,0.35765000,1545404099999,41.15467120,3,0.35765000,41.15467120,0
1545404100000,114.70000000,115.02000000,114.70000000,114.70000000,19.65594000,1545404399999,2255.92738040,15,4.34707000,499.99999140,0
1545404400000,114.60000000,114.60000000,114.30000000,114.30000000,102.59958000,1545404699999,11757.13199400,25,0.00000000,0.00000000,0
1545404700000,115.22000000,115.22000000,114.00000000,114.00000000,115.89329000,1545404999999,13231.73002860,17,0.01145000,1.31926900,0
1545405000000,113.50000000,113.50000000,113.50000000,113.50000000,57.32106000,1545405299999,6505.94031000,4,0.00000000,0.00000000,0
1545405300000,114.02000000,114.02000000,113.60000000,113.60000000,39.95067000,1545405599999,4541.31122220,7,0.01151000,1.31237020,0
1545405600000,113.70000000,113.73000000,113.34000000,113.37000000,86.89288000,1545405899999,9861.27179080,26,12.16904000,1382.65696120,0
1545405900000,113.10000000,113.10000000,112.60000000,112.60000000,76.28037000,1545406199999,8595.91754540,18,10.00000000,1131.00000000,0
1545406200000,112.76000000,113.29000000,112.76000000,113.29000000,6.29685000,1545406499999,711.16994810,8,6.29685000,711.16994810,0
1545406500000,112.90000000,112.90000000,111.99000000,111.99000000,44.11905000,1545406799999,4967.65113350,23,0.00000000,0.00000000,0
1545406800000,111.78000000,111.78000000,111.48000000,111.51000000,7.85914000,1545407099999,877.73072230,12,7.37387000,823.59237370,0
1545407100000,111.53000000,112.11000000,111.46000000,111.85000000,64.46115000,1545407399999,7193.04818820,30,64.46115000,7193.04818820,0
1545407400000,111.85000000,111.85000000,111.41000000,111.51000000,35.31148000,1545407699999,3941.73550870,12,13.61554000,1517.16080720,0
1545407700000,111.85000000,111.85000000,111.81000000,111.81000000,2.54621000,1545407999999,284.71746730,4,0.64318000,71.93968300,0
1545408000000,111.29000000,112.35000000,111.28000000,112.35000000,13.10961000,1545408299999,1467.96636260,13,10.80061000,1210.90688260,0
1545408300000,112.35000000,112.38000000,112.12000000,112.12000000,25.75376000,1545408599999,2892.27267620,9,13.83034000,1553.45360920,0
1545408600000,112.24000000,112.39000000,112.24000000,112.39000000,7.32492000,1545408899999,822.95216340,9,5.20473000,584.68521120,0
1545408900000,112.60000000,112.65000000,112.60000000,112.65000000,20.97931000,1545409199999,2362.65168720,4,15.86627000,1786.76999200,0
1545409200000,112.77000000,113.00000000,112.77000000,113.00000000,8.62170000,1545409499999,973.12585900,21,4.89670000,552.20085900,0
1545409500000,113.00000000,113.00000000,112.70000000,112.70000000,41.15916000,1545409799999,4647.66996300,25,0.85148000,95.96179600,0
1545409800000,112.52000000,112.52000000,112.12000000,112.24000000,15.64693000,1545410099999,1757.66396880,17,12.12566000,1361.58266840,0
1545410100000,112.27000000,112.27000000,112.20000000,112.20000000,47.89475000,1545410399999,5373.95116650,31,2.46294000,276.50208450,0
1545410400000,112.20000000,112.20000000,110.50000000,110.50000000,14.92790000,1545410699999,1667.30087990,10,1.47354000,163.48860500,0
1545410700000,110.54000000,111.06000000,110.54000000,110.86000000,10.25404000,1545410999999,1136.82696960,10,2.73759000,303.55332260,0
1545411000000,110.86000000,110.86000000,110.67000000,110.67000000,14.01100000,1545411299999,1552.88432000,3,5.00000000,554.30000000,0
1545411300000,110.85000000,110.85000000,110.10000000,110.10000000,51.02220000,1545411599999,5629.36969830,15,4.00031000,442.85375150,0
1545411600000,111.00000000,111.00000000,111.00000000,111.00000000,0.83100000,1545411899999,92.24100000,1,0.83100000,92.24100000,0
1545411900000,110.93000000,110.93000000,110.63000000,110.63000000,5.74050000,1545412199999,635.99948940,5,3.74050000,414.73948940,0
1545412200000,110.63000000,110.63000000,110.63000000,110.63000000,0.00000000,1545412499999,0.00000000,0,0.00000000,0.00000000,0
1545412500000,110.63000000,111.00000000,110.49000000,110.49000000,50.36303000,1545412799999,5573.93898910,12,35.85975000,3968.38176440,0
1545412800000,110.63000000,110.75000000,110.48000000,110.75000000,5.85084000,1545413099999,647.20124460,4,5.85084000,647.20124460,0
1545413100000,111.18000000,111.56000000,111.12000000,111.19000000,49.99661000,1545413399999,5571.51324200,19,45.09775000,5026.07416960,0
1545413400000,111.19000000,111.19000000,110.82000000,110.82000000,6.30179000,1545413699999,699.68438170,5,1.89353000,210.23527390,0
1545413700000,110.53000000,110.59000000,110.02000000,110.02000000,29.98253000,1545413999999,3306.80553330,34,4.76380000,526.55008720,0
1545414000000,109.44000000,109.44000000,108.05000000,108.05000000,95.86557000,1545414299999,10437.97356110,30,2.86633000,311.19205960,0
1545414300000,108.55000000,109.04000000,108.55000000,109.04000000,25.33561000,1545414599999,2750.18637490,3,25.33561000,2750.18637490,0
1545414600000,109.04000000,109.34000000,108.98000000,109.34000000,72.88576000,1545414899999,7947.19165880,20,52.74076000,5750.85608540,0
1545414900000,109.34000000,109.34000000,109.34000000,109.34000000,0.00000000,1545415199999,0.00000000,0,0.00000000,0.00000000,0
1545415200000,108.00000000,109.00000000,107.66000000,108.35000000,4.13605000,1545415499999,449.10925630,11,2.77157000,301.91564690,0
1545415500000,108.35000000,108.68000000,108.30000000,108.68000000,56.69675000,1545415799999,6144.64984270,35,35.22972000,3818.02087130,0
1545415800000,108.71000000,108.81000000,108.01000000,108.68000000,10.83782000,1545416099999,1174.01939810,10,2.73484000,297.13006880,0
1545416100000,108.66000000,108.66000000,107.99000000,108.26000000,4.13323000,1545416399999,447.51123050,4,2.60524000,282.50359040,0
1545416400000,108.49000000,108.68000000,108.49000000,108.68000000,14.31741000,1545416699999,1555.00432270,12,14.31741000,1555.00432270,0
1545416700000,108.40000000,108.81000000,108.09000000,108.81000000,32.89910000,1545416999999,3566.57271500,14,6.85966000,745.00015780,0
1545417000000,108.81000000,109.37000000,108.65000000,109.07000000,53.07054000,1545417299999,5780.33218940,21,26.18467000,2854.01502370,0
1545417300000,109.06000000,109.06000000,108.71000000,108.82000000,34.03383000,1545417599999,3706.26203790,13,29.76965000,3242.70303010,0
1545417600000,108.75000000,109.15000000,108.75000000,109.15000000,6.34961000,1545417899999,691.15604740,4,6.34961000,691.15604740,0
1545417900000,109.19000000,109.50000000,108.91000000,109.24000000,5.54103000,1545418199999,605.14970470,8,4.54103000,496.23970470,0
1545418200000,109.14000000,109.14000000,109.14000000,109.14000000,0.09790000,1545418499999,10.68480600,1,0.09790000,10.68480600,0
1545418500000,109.14000000,109.14000000,108.85000000,108.85000000,2.27731000,1545418799999,248.49428340,4,0.00000000,0.00000000,0
1545418800000,108.85000000,108.85000000,108.85000000,108.85000000,0.00000000,1545419099999,0.00000000,0,0.00000000,0.00000000,0
1545419100000,108.99000000,109.24000000,108.99000000,109.24000000,1.41638000,1545419399999,154.43870370,2,0.26979000,29.47185960,0
1545419400000,109.24000000,109.95000000,109.24000000,109.95000000,46.32784000,1545419699999,5076.51610370,14,33.13058000,3631.56929430,0
1545419700000,109.99000000,110.00000000,109.18000000,109.18000000,34.25511000,1545419999999,3757.58239260,13,34.25511000,3757.58239260,0
1545420000000,109.17000000,109.56000000,108.61000000,108.61000000,32.21113000,1545420299999,3515.60127550,28,23.37588000,2553.38928300,0
1545420300000,109.40000000,109.40000000,109.01000000,109.01000000,0.02407000,1545420599999,2.62855850,2,0.02407000,2.62855850,0
1545420600000,108.45000000,108.99000000,107.63000000,107.73000000,22.42045000,1545420899999,2423.53638930,15,0.01207000,1.31550930,0
1545420900000,107.73000000,107.73000000,107.30000000,107.30000000,17.13615000,1545421199999,1842.02768420,5,0.00000000,0.00000000,0
1545421200000,107.75000000,107.92000000,107.75000000,107.79000000,9.46048000,1545421499999,1020.48311070,4,9.46048000,1020.48311070,0
1545421500000,107.85000000,107.93000000,107.36000000,107.51000000,11.29672000,1545421799999,1215.20137450,17,11.29672000,1215.20137450,0
1545421800000,107.36000000,107.44000000,107.29000000,107.44000000,45.56315000,1545422099999,4890.62293880,7,0.00000000,0.00000000,0
1545422100000,107.74000000,107.74000000,106.57000000,106.95000000,33.38832000,1545422399999,3581.69732590,19,6.79172000,730.66331390,0
1545422400000,107.16000000,107.52000000,107.16000000,107.48000000,16.02083000,1545422699999,1719.00875320,6,16.02083000,1719.00875320,0
1545422700000,107.37000000,107.37000000,107.37000000,107.37000000,0.01224000,1545422999999,1.31420880,1,0.01224000,1.31420880,0
1545423000000,107.82000000,107.82000000,107.33000000,107.33000000,3.91351000,1545423299999,420.84470710,4,1.05988000,114.16102120,0
1545423300000,107.30000000,107.30000000,107.30000000,107.30000000,0.87300000,1545423599999,93.67290000,1,0.87300000,93.67290000,0
1545423600000,107.12000000,107.42000000,106.80000000,106.80000000,207.27948000,1545423899999,22139.59344290,39,203.33946000,21718.63463910,0
1545423900000,106.80000000,106.80000000,106.80000000,106.80000000,0.00000000,1545424199999,0.00000000,0,0.00000000,0.00000000,0
1545424200000,107.16000000,107.39000000,107.05000000,107.39000000,13.94000000,1545424499999,1493.57459110,4,0.74000000,79.46860000,0
1545424500000,107.40000000,107.42000000,106.69000000,106.69000000,3.25216000,1545424799999,348.08763540,14,2.78741000,298.42451220,0
1545424800000,106.45000000,106.45000000,105.78000000,105.78000000,30.33391000,1545425099999,3219.15120810,12,0.15059000,16.01524650,0
1545425100000,105.78000000,106.16000000,105.01000000,105.99000000,118.89093000,1545425399999,12530.52406560,31,24.25167000,2553.12842710,0
1545425400000,105.73000000,105.78000000,105.73000000,105.78000000,9.54307000,1545425699999,1008.98941410,7,0.01246000,1.31801880,0
1545425700000,106.13000000,106.14000000,105.88000000,106.06000000,30.03017000,1545425999999,3185.09124120,26,29.62997000,3142.70605920,0
1545426000000,106.16000000,106.19000000,105.76000000,105.97000000,13.92920000,1545426299999,1478.57223100,11,1.77752000,188.18533180,0
1545426300000,105.78000000,106.66000000,105.51000000,105.88000000,5.10629000,1545426599999,542.20222530,13,4.10629000,436.69222530,0
1545426600000,106.39000000,107.86000000,106.35000000,107.86000000,5.12341000,1545426899999,547.12670480,12,3.13461000,334.32510480,0
1545426900000,107.59000000,108.34000000,107.44000000,107.44000000,21.78381000,1545427199999,2343.11185190,24,11.63336000,1252.49678390,0
1545427200000,107.22000000,107.48000000,107.17000000,107.48000000,18.84356000,1545427499999,2024.18276960,14,14.61572000,1570.89721930,0
1545427500000,107.52000000,107.94000000,107.52000000,107.94000000,21.03432000,1545427799999,2264.31001990,17,21.03432000,2264.31001990,0
1545427800000,107.30000000,107.30000000,106.63000000,106.82000000,23.80032000,1545428099999,2544.47215360,20,15.91530000,1701.70636080,0
1545428100000,106.82000000,107.49000000,106.53000000,107.49000000,45.28749000,1545428399999,4834.10340980,26,44.25599000,4723.98046980,0
1545428400000,108.12000000,108.72000000,108.12000000,108.58000000,4.49537000,1545428699999,487.18680920,5,4.49537000,487.18680920,0
1545428700000,108.40000000,108.48000000,108.40000000,108.48000000,77.46806000,1545428999999,8403.02767520,25,9.87843000,1070.90461280,0
1545429000000,108.81000000,108.81000000,108.48000000,108.48000000,138.13222000,1545429299999,14984.86298730,49,1.21961000,132.58305450,0
1545429300000,108.48000000,108.48000000,108.10000000,108.17000000,177.87009000,1545429599999,19292.42119510,41,2.05310000,222.10411990,0
1545429600000,108.17000000,108.66000000,107.85000000,108.34000000,7.29006000,1545429899999,787.73959590,13,2.65406000,287.74699590,0
1545429900000,107.16000000,107.88000000,107.16000000,107.88000000,1.50949000,1545430199999,161.76570360,2,0.01216000,1.31182080,0
1545430200000,107.33000000,107.33000000,107.33000000,107.33000000,0.54112000,1545430499999,58.07840960,1,0.00000000,0.00000000,0
1545430500000,107.33000000,107.33000000,107.33000000,107.33000000,0.00000000,1545430799999,0.00000000,0,0.00000000,0.00000000,0
1545430800000,107.34000000,107.34000000,107.34000000,107.34000000,0.09335000,1545431099999,10.02018900,1,0.00000000,0.00000000,0
1545431100000,107.73000000,107.73000000,107.73000000,107.73000000,9.25878000,1545431399999,997.44836940,2,9.25878000,997.44836940,0
1545431400000,107.60000000,107.60000000,107.60000000,107.60000000,0.59441000,1545431699999,63.95851600,1,0.00000000,0.00000000,0
1545431700000,108.35000000,108.35000000,108.35000000,108.35000000,4.99135000,1545431999999,540.81277250,1,4.99135000,540.81277250,0
1545432000000,107.37000000,107.37000000,107.37000000,107.37000000,2.53680000,1545432299999,272.37621600,3,0.00000000,0.00000000,0
1545432300000,107.23000000,107.23000000,107.23000000,107.23000000,2.26477000,1545432599999,242.85128710,1,2.26477000,242.85128710,0
1545432600000,107.39000000,107.39000000,107.39000000,107.39000000,0.52909000,1545432899999,56.81897510,2,0.01225000,1.31552750,0
1545432900000,107.39000000,107.39000000,107.39000000,107.39000000,0.00000000,1545433199999,0.00000000,0,0.00000000,0.00000000,0
1545433200000,107.19000000,107.19000000,106.98000000,107.16000000,8.98442000,1545433499999,962.69778300,6,0.00000000,0.00000000,0
1545433500000,107.17000000,107.17000000,107.17000000,107.17000000,18.98604000,1545433799999,2034.73390680,3,0.00000000,0.00000000,0
1545433800000,107.17000000,107.17000000,107.17000000,107.17000000,0.00000000,1545434099999,0.00000000,0,0.00000000,0.00000000,0
1545434100000,107.27000000,107.32000000,107.12000000,107.16000000,45.00332000,1545434399999,4825.54116470,17,6.54572000,701.43935520,0
1545434400000,107.23000000,107.54000000,107.18000000,107.49000000,31.39964000,1545434699999,3370.50116610,9,0.00000000,0.00000000,0
1545434700000,107.80000000,109.97000000,107.66000000,107.66000000,91.28505000,1545434999999,9906.96669550,18,85.73643000,9309.60226630,0
1545435000000,107.40000000,107.50000000,107.33000000,107.50000000,44.36990000,1545435299999,4764.35043310,12,0.13795000,14.82962500,0
1545435300000,107.50000000,107.50000000,107.50000000,107.50000000,9.16478000,1545435599999,985.21385000,7,9.16478000,985.21385000,0
1545435600000,108.22000000,108.22000000,107.91000000,107.91000000,5.27465000,1545435899999,569.99805090,3,2.61474000,282.96716280,0
1545435900000,108.19000000,108.19000000,108.19000000,108.19000000,0.01215000,1545436199999,1.31450850,1,0.01215000,1.31450850,0
1545436200000,108.11000000,108.11000000,108.11000000,108.11000000,0.29175000,1545436499999,31.54109250,3,0.29175000,31.54109250,0
1545436500000,107.76000000,107.84000000,107.58000000,107.68000000,17.34868000,1545436799999,1867.91466380,7,0.01219000,1.31456960,0
1545436800000,107.69000000,108.03000000,107.69000000,108.03000000,24.63436000,1545437099999,2657.71874860,10,16.89977000,1824.78075150,0
1545437100000,108.20000000,108.63000000,108.20000000,108.63000000,14.69242000,1545437399999,1592.29950010,8,14.69242000,1592.29950010,0
1545437400000,108.36000000,108.36000000,108.36000000,108.36000000,0.45200000,1545437699999,48.97872000,1,0.00000000,0.00000000,0
1545437700000,108.37000000,108.74000000,108.08000000,108.08000000,19.52516000,1545437999999,2112.91699450,10,19.52516000,2112.91699450,0
1545438000000,108.15000000,108.40000000,108.15000000,108.40000000,24.92192000,1545438299999,2698.36181800,15,24.92192000,2698.36181800,0
1545438300000,108.21000000,108.36000000,108.21000000,108.36000000,0.34496000,1545438599999,37.35083160,3,0.34496000,37.35083160,0
1545438600000,108.36000000,108.36000000,108.36000000,108.36000000,0.00000000,1545438899999,0.00000000,0,0.00000000,0.00000000,0
1545438900000,108.36000000,108.36000000,108.36000000,108.36000000,0.00000000,1545439199999,0.00000000,0,0.00000000,0.00000000,0
1545439200000,108.39000000,108.50000000,108.39000000,108.50000000,15.91345000,1545439499999,1725.79664720,10,15.91345000,1725.79664720,0
1545439500000,108.71000000,108.71000000,108.52000000,108.52000000,9.95993000,1545439799999,1081.80160360,3,9.95993000,1081.80160360,0
1545439800000,108.52000000,108.52000000,108.40000000,108.40000000,3.21738000,1545440099999,349.10363760,2,2.83038000,307.15283760,0
1545440100000,108.40000000,108.40000000,108.05000000,108.10000000,37.28491000,1545440399999,4034.19235390,16,28.47542000,3079.24363790,0
1545440400000,108.10000000,108.10000000,107.62000000,107.62000000,51.19022000,1545440699999,5523.29439420,26,43.17861000,4661.07886600,0
1545440700000,107.55000000,107.55000000,107.33000000,107.48000000,10.26787000,1545440999999,1102.84048910,18,4.55303000,489.46671190,0
1545441000000,107.48000000,107.72000000,107.48000000,107.72000000,3.75276000,1545441299999,403.55392320,7,3.75276000,403.55392320,0
1545441300000,107.55000000,107.58000000,107.04000000,107.04000000,33.37246000,1545441599999,3579.68888780,13,27.76885000,2979.03793190,0
1545441600000,107.04000000,107.29000000,106.93000000,106.93000000,62.87337000,1545441899999,6737.74676750,24,58.19741000,6237.74636470,0
1545441900000,107.17000000,107.17000000,107.17000000,107.17000000,0.01226000,1545442199999,1.31390420,1,0.01226000,1.31390420,0
1545442200000,107.17000000,107.39000000,107.17000000,107.39000000,5.44589000,1545442499999,584.64960650,7,5.44589000,584.64960650,0
1545442500000,107.39000000,107.39000000,107.39000000,107.39000000,1.00000000,1545442799999,107.39000000,2,0.00000000,0.00000000,0
1545442800000,107.39000000,107.39000000,107.39000000,107.39000000,0.00000000,1545443099999,0.00000000,0,0.00000000,0.00000000,0
1545443100000,107.08000000,107.08000000,106.68000000,106.68000000,17.77958000,1545443399999,1897.21776780,5,1.00079000,107.09952260,0
1545443400000,106.68000000,106.82000000,106.68000000,106.71000000,12.92283000,1545443699999,1378.74264260,6,1.00002000,106.80323180,0
1545443700000,106.75000000,107.00000000,106.74000000,107.00000000,10.26103000,1545443999999,1095.46164180,3,0.39900000,42.69300000,0
1545444000000,107.15000000,107.15000000,107.00000000,107.05000000,5.70446000,1545444299999,610.70849600,4,5.29446000,566.81799600,0
1545444300000,106.76000000,106.83000000,106.55000000,106.83000000,3.67861000,1545444599999,392.77988160,3,1.15813000,123.72302790,0
1545444600000,106.71000000,106.71000000,106.58000000,106.58000000,3.11991000,1545444899999,332.59695610,3,3.11991000,332.59695610,0
1545444900000,106.79000000,106.82000000,106.70000000,106.70000000,7.60875000,1545445199999,812.22061800,8,7.60875000,812.22061800,0
1545445200000,106.65000000,106.76000000,106.50000000,106.50000000,18.00881000,1545445499999,1919.43728290,4,5.63616000,601.70311400,0
1545445500000,106.77000000,107.11000000,106.12000000,106.43000000,32.74145000,1545445799999,3486.35946460,12,20.43012000,2179.59858620,0
1545445800000,106.25000000,106.39000000,106.21000000,106.39000000,46.27917000,1545446099999,4915.71957590,22,45.70101000,4854.29007590,0
1545446100000,106.72000000,106.72000000,106.70000000,106.72000000,45.62162000,1545446399999,4868.61832960,16,45.62162000,4868.61832960,0
1545446400000,106.72000000,107.07000000,106.72000000,107.07000000,76.07772000,1545446699999,8120.25747840,15,76.07772000,8120.25747840,0
1545446700000,107.13000000,107.13000000,107.13000000,107.13000000,5.98513000,1545446999999,641.18697690,6,5.51375000,590.68803750,0
1545447000000,107.15000000,107.15000000,107.05000000,107.05000000,2.37063000,1545447299999,253.80155250,2,2.37063000,253.80155250,0
1545447300000,107.26000000,107.31000000,107.26000000,107.31000000,1.84493000,1545447599999,197.91147680,3,1.84493000,197.91147680,0
1545447600000,107.25000000,107.25000000,107.25000000,107.25000000,0.92548000,1545447899999,99.25773000,1,0.00000000,0.00000000,0
1545447900000,107.05000000,107.05000000,107.05000000,107.05000000,0.69315000,1545448199999,74.20170750,1,0.69315000,74.20170750,0
1545448200000,107.12000000,107.12000000,107.12000000,107.12000000,0.10833000,1545448499999,11.60430960,1,0.10833000,11.60430960,0
1545448500000,107.12000000,107.12000000,107.12000000,107.12000000,0.00000000,1545448799999,0.00000000,0,0.00000000,0.00000000,0
1545448800000,107.12000000,107.12000000,107.12000000,107.12000000,0.00000000,1545449099999,0.00000000,0,0.00000000,0.00000000,0
1545449100000,107.37000000,107.37000000,107.34000000,107.34000000,9.47800000,1545449399999,1017.39774000,3,0.00000000,0.00000000,0
1545449400000,107.34000000,107.34000000,107.34000000,107.34000000,0.00000000,1545449699999,0.00000000,0,0.00000000,0.00000000,0
1545449700000,107.34000000,107.34000000,107.34000000,107.34000000,0.00000000,1545449999999,0.00000000,0,0.00000000,0.00000000,0
1545450000000,107.34000000,107.34000000,107.34000000,107.34000000,0.00000000,1545450299999,0.00000000,0,0.00000000,0.00000000,0
1545450300000,107.40000000,107.40000000,107.12000000,107.12000000,5.25016000,1545450599999,562.56029800,2,0.58271000,62.58305400,0
1545450600000,107.08000000,107.08000000,107.08000000,107.08000000,1.95578000,1545450899999,209.42492240,1,1.95578000,209.42492240,0
1545450900000,107.01000000,107.01000000,107.01000000,107.01000000,2.73230000,1545451199999,292.38342300,1,2.73230000,292.38342300,0
1545451200000,106.80000000,106.80000000,106.80000000,106.80000000,4.16961000,1545451499999,445.31434800,1,0.00000000,0.00000000,0
1545451500000,106.88000000,107.17000000,106.88000000,107.17000000,10.88340000,1545451799999,1163.89290010,9,10.88340000,1163.89290010,0
1545451800000,107.16000000,107.16000000,107.16000000,107.16000000,5.98168000,1545452099999,640.99682880,2,5.98168000,640.99682880,0
1545452100000,107.04000000,107.11000000,106.98000000,106.98000000,25.50533000,1545452399999,2730.47238360,16,25.50533000,2730.47238360,0
1545452400000,106.97000000,107.00000000,106.68000000,106.68000000,40.88200000,1545452699999,4372.07830090,26,40.24800000,4304.44318090,0
1545452700000,106.68000000,106.68000000,106.40000000,106.50000000,15.45818000,1545452999999,1647.55750700,20,6.59218000,701.73262700,0
1545453000000,106.50000000,106.50000000,106.50000000,106.50000000,0.00000000,1545453299999,0.00000000,0,0.00000000,0.00000000,0
1545453300000,106.17000000,106.17000000,106.17000000,106.17000000,2.20795000,1545453599999,234.41805150,3,2.20795000,234.41805150,0
1545453600000,106.07000000,106.46000000,106.07000000,106.32000000,9.87071000,1545453899999,1049.27977520,6,2.33330000,248.18558900,0
1545453900000,106.31000000,106.31000000,106.31000000,106.31000000,2.40000000,1545454199999,255.14400000,3,0.00000000,0.00000000,0
1545454200000,106.31000000,106.31000000,106.10000000,106.10000000,20.48712000,1545454499999,2177.81995110,10,19.69771000,2094.06355010,0
1545454500000,106.38000000,106.39000000,105.88000000,105.88000000,97.37140000,1545454799999,10328.50432900,12,2.73316000,290.75356080,0
1545454800000,105.83000000,106.35000000,105.83000000,106.35000000,0.76238000,1545455099999,80.68911300,2,0.01238000,1.31661300,0
1545455100000,106.27000000,106.27000000,106.25000000,106.25000000,25.41144000,1545455399999,2700.03438710,11,25.41144000,2700.03438710,0
1545455400000,106.25000000,106.25000000,106.25000000,106.25000000,0.00000000,1545455699999,0.00000000,0,0.00000000,0.00000000,0
1545455700000,106.25000000,106.25000000,106.25000000,106.25000000,0.00000000,1545455999999,0.00000000,0,0.00000000,0.00000000,0
1545456000000,106.04000000,106.04000000,106.04000000,106.04000000,0.01236000,1545456299999,1.31065440,1,0.01236000,1.31065440,0
1545456300000,105.73000000,105.73000000,105.73000000,105.73000000,0.82293000,1545456599999,87.00838890,1,0.82293000,87.00838890,0
1545456600000,105.73000000,105.73000000,105.73000000,105.73000000,0.00000000,1545456899999,0.00000000,0,0.00000000,0.00000000,0
1545456900000,105.80000000,105.80000000,105.80000000,105.80000000,18.90359000,1545457199999,1999.99982200,8,0.00000000,0.00000000,0
1545457200000,105.80000000,105.80000000,105.80000000,105.80000000,0.00000000,1545457499999,0.00000000,0,0.00000000,0.00000000,0
1545457500000,105.95000000,106.00000000,105.95000000,106.00000000,5.09838000,1545457799999,540.38163600,2,5.09838000,540.38163600,0
1545457800000,106.14000000,106.60000000,106.14000000,106.60000000,81.68209000,1545458099999,8698.43248180,23,76.98977000,8198.41886260,0
1545458100000,106.60000000,106.60000000,106.60000000,106.60000000,0.00000000,1545458399999,0.00000000,0,0.00000000,0.00000000,0
1545458400000,106.60000000,106.60000000,106.60000000,106.60000000,0.00000000,1545458699999,0.00000000,0,0.00000000,0.00000000,0
1545458700000,106.87000000,107.11000000,106.87000000,107.11000000,10.22850000,1545458999999,1094.81439640,13,2.33789000,249.85030430,0
1545459000000,107.01000000,107.01000000,106.91000000,106.91000000,3.84998000,1545459299999,411.91052480,5,0.75835000,81.07519850,0
1545459300000,106.84000000,106.84000000,106.84000000,106.84000000,3.35879000,1545459599999,358.85312360,3,3.35879000,358.85312360,0
1545459600000,106.84000000,106.84000000,106.84000000,106.84000000,0.00000000,1545459899999,0.00000000,0,0.00000000,0.00000000,0
1545459900000,106.88000000,106.88000000,106.88000000,106.88000000,6.85426000,1545460199999,732.58330880,5,6.08730000,650.61062400,0
1545460200000,107.24000000,107.24000000,107.24000000,107.24000000,5.69860000,1545460499999,611.11786400,1,5.69860000,611.11786400,0
1545460500000,107.66000000,108.00000000,107.66000000,107.91000000,82.25088000,1545460799999,8875.70604840,30,23.43725000,2529.11748700,0
1545460800000,107.74000000,107.74000000,107.39000000,107.39000000,1.08973000,1545461099999,117.25491020,2,1.08973000,117.25491020,0
1545461100000,107.37000000,107.52000000,107.37000000,107.52000000,0.42679000,1545461399999,45.84241080,2,0.42679000,45.84241080,0
1545461400000,107.63000000,107.63000000,107.63000000,107.63000000,0.10800000,1545461699999,11.62404000,1,0.10800000,11.62404000,0
1545461700000,107.63000000,107.63000000,107.63000000,107.63000000,0.00000000,1545461999999,0.00000000,0,0.00000000,0.00000000,0
1545462000000,107.63000000,107.63000000,107.63000000,107.63000000,0.00000000,1545462299999,0.00000000,0,0.00000000,0.00000000,0
1545462300000,107.24000000,107.60000000,107.24000000,107.31000000,0.20746000,1545462599999,22.25899780,3,0.20746000,22.25899780,0
1545462600000,107.35000000,107.35000000,107.23000000,107.23000000,0.80932000,1545462899999,86.81851360,8,0.80932000,86.81851360,0
1545462900000,107.21000000,107.21000000,107.21000000,107.21000000,15.82931000,1545463199999,1697.06032510,17,0.09858000,10.56876180,0
1545463200000,107.22000000,107.22000000,107.22000000,107.22000000,0.01225000,1545463499999,1.31344500,1,0.01225000,1.31344500,0
1545463500000,107.22000000,107.22000000,107.22000000,107.22000000,0.00000000,1545463799999,0.00000000,0,0.00000000,0.00000000,0
1545463800000,106.99000000,107.46000000,106.99000000,107.46000000,0.11228000,1545464099999,12.01860880,2,0.01228000,1.31960880,0
1545464100000,107.50000000,107.50000000,107.50000000,107.50000000,0.14502000,1545464399999,15.58965000,1,0.14502000,15.58965000,0
1545464400000,107.66000000,107.66000000,107.50000000,107.50000000,25.31931000,1545464699999,2722.07401380,15,23.39193000,2514.66828300,0
1545464700000,107.50000000,107.50000000,107.50000000,107.50000000,0.00000000,1545464999999,0.00000000,0,0.00000000,0.00000000,0
1545465000000,107.60000000,107.60000000,107.60000000,107.60000000,0.17178000,1545465299999,18.48352800,1,0.17178000,18.48352800,0
1545465300000,107.78000000,107.78000000,107.76000000,107.76000000,0.31800000,1545465599999,34.27104000,2,0.31800000,34.27104000,0
1545465600000,107.91000000,108.05000000,107.91000000,108.05000000,1.89527000,1545465899999,204.76856280,3,1.89527000,204.76856280,0
1545465900000,107.85000000,107.87000000,107.85000000,107.87000000,0.27942000,1545466199999,30.13863680,2,0.27942000,30.13863680,0
1545466200000,107.87000000,107.87000000,107.87000000,107.87000000,0.00000000,1545466499999,0.00000000,0,0.00000000,0.00000000,0
1545466500000,108.06000000,108.06000000,107.87000000,107.87000000,8.10206000,1545466799999,874.87922360,6,0.00000000,0.00000000,0
1545466800000,107.87000000,107.87000000,107.87000000,107.87000000,0.00071000,1545467099999,0.07658770,1,0.00000000,0.00000000,0
1545467100000,107.87000000,107.87000000,107.87000000,107.87000000,0.00000000,1545467399999,0.00000000,0,0.00000000,0.00000000,0
1545467400000,107.87000000,107.87000000,107.87000000,107.87000000,0.00000000,1545467699999,0.00000000,0,0.00000000,0.00000000,0
1545467700000,107.83000000,107.83000000,107.33000000,107.33000000,0.11232000,1545467999999,12.06139560,2,0.01218000,1.31336940,0
1545468000000,107.33000000,107.33000000,107.33000000,107.33000000,0.00000000,1545468299999,0.00000000,0,0.00000000,0.00000000,0
1545468300000,107.42000000,107.42000000,107.42000000,107.42000000,0.20004000,1545468599999,21.48829680,1,0.00000000,0.00000000,0
1545468600000,107.28000000,107.73000000,107.28000000,107.73000000,0.11223000,1545468899999,12.04553790,2,0.01223000,1.31753790,0
1545468900000,107.73000000,107.73000000,107.73000000,107.73000000,0.00000000,1545469199999,0.00000000,0,0.00000000,0.00000000,0
1545469200000,107.63000000,107.63000000,107.63000000,107.63000000,1.55643000,1545469499999,167.51856090,3,0.00000000,0.00000000,0
1545469500000,107.82000000,107.82000000,107.82000000,107.82000000,8.07187000,1545469799999,870.30902340,1,0.00000000,0.00000000,0
1545469800000,107.82000000,107.82000000,107.82000000,107.82000000,0.00000000,1545470099999,0.00000000,0,0.00000000,0.00000000,0
1545470100000,108.25000000,109.89000000,108.25000000,109.53000000,21.88859000,1545470399999,2386.84807420,17,21.26778000,2318.96500610,0
1545470400000,109.58000000,109.76000000,109.58000000,109.62000000,4.89488000,1545470699999,537.04369680,3,4.89488000,537.04369680,0
1545470700000,109.57000000,109.77000000,109.40000000,109.73000000,4.34553000,1545470999999,476.28308010,12,3.58140000,392.51914950,0
1545471000000,109.76000000,113.21000000,109.76000000,112.13000000,80.08444000,1545471299999,8880.27118870,42,76.13145000,8437.50372360,0
1545471300000,112.63000000,112.63000000,112.10000000,112.10000000,18.01220000,1545471599999,2019.43254360,13,0.01193000,1.34367590,0
1545471600000,112.16000000,112.55000000,112.16000000,112.50000000,9.11150000,1545471899999,1023.96684500,9,9.11150000,1023.96684500,0
1545471900000,111.90000000,111.91000000,111.67000000,111.91000000,7.48207000,1545472199999,836.34026130,10,5.24981000,586.55036730,0
1545472200000,112.22000000,112.54000000,112.22000000,112.31000000,7.34887000,1545472499999,825.48427160,4,0.12309000,13.81691980,0
1545472500000,112.68000000,113.64000000,112.43000000,113.64000000,23.48305000,1545472799999,2644.73333270,9,15.65415000,1763.33687660,0
1545472800000,113.20000000,113.62000000,112.93000000,112.93000000,6.13030000,1545473099999,694.18890600,10,1.20475000,136.61664600,0
1545473100000,112.74000000,112.77000000,112.74000000,112.77000000,0.02326000,1545473399999,2.62268070,2,0.02326000,2.62268070,0
1545473400000,112.44000000,112.44000000,112.44000000,112.44000000,0.01161000,1545473699999,1.30542840,1,0.01161000,1.30542840,0
1545473700000,112.26000000,112.26000000,111.78000000,111.78000000,3.67190000,1545473999999,410.45058360,2,0.01167000,1.31007420,0
1545474000000,111.78000000,111.78000000,111.78000000,111.78000000,0.00000000,1545474299999,0.00000000,0,0.00000000,0.00000000,0
1545474300000,111.78000000,111.78000000,111.78000000,111.78000000,0.00000000,1545474599999,0.00000000,0,0.00000000,0.00000000,0
1545474600000,111.78000000,111.78000000,111.78000000,111.78000000,0.00000000,1545474899999,0.00000000,0,0.00000000,0.00000000,0
1545474900000,112.06000000,112.06000000,112.06000000,112.06000000,1.09745000,1545475199999,122.98024700,1,1.09745000,122.98024700,0
1545475200000,111.84000000,112.13000000,111.84000000,112.13000000,373.91771000,1545475499999,41819.18230880,73,373.91771000,41819.18230880,0
1545475500000,112.28000000,112.31000000,112.23000000,112.23000000,94.22089000,1545475799999,10580.00849710,6,94.22089000,10580.00849710,0
1545475800000,111.81000000,111.92000000,110.03000000,111.87000000,95.34964000,1545476099999,10618.10409270,14,1.23470000,138.11684800,0
1545476100000,111.21000000,111.21000000,111.21000000,111.21000000,4.65470000,1545476399999,517.64918700,3,0.00000000,0.00000000,0
1545476400000,111.44000000,111.66000000,111.44000000,111.45000000,10.29909000,1545476699999,1147.86040050,3,0.24400000,27.22062000,0
1545476700000,111.32000000,111.45000000,111.32000000,111.45000000,3.33475000,1545476999999,371.61438430,4,3.00011000,334.36225950,0
1545477000000,111.19000000,111.19000000,111.19000000,111.19000000,0.25000000,1545477299999,27.79750000,1,0.00000000,0.00000000,0
1545477300000,111.15000000,111.15000000,111.00000000,111.00000000,3.61800000,1545477599999,401.82956000,19,3.06800000,340.77956000,0
1545477600000,110.68000000,110.68000000,110.68000000,110.68000000,1.33000000,1545477899999,147.20440000,1,0.00000000,0.00000000,0
1545477900000,110.69000000,110.69000000,110.41000000,110.41000000,10.95784000,1545478199999,1210.27667000,4,1.43727000,159.08453630,0
1545478200000,110.60000000,110.97000000,110.60000000,110.87000000,6.03486000,1545478499999,669.28866370,7,6.03486000,669.28866370,0
1545478500000,111.00000000,111.00000000,111.00000000,111.00000000,4.16133000,1545478799999,461.90763000,1,4.16133000,461.90763000,0
1545478800000,110.86000000,110.86000000,110.72000000,110.72000000,1.96500000,1545479099999,217.78138000,5,1.96500000,217.78138000,0
1545479100000,110.85000000,110.90000000,110.76000000,110.76000000,1.96592000,1545479399999,217.88121930,3,1.96592000,217.88121930,0
1545479400000,110.98000000,110.98000000,110.98000000,110.98000000,0.17900000,1545479699999,19.86542000,1,0.17900000,19.86542000,0
1545479700000,110.93000000,110.98000000,110.93000000,110.98000000,2.16991000,1545479999999,240.70866630,2,2.16991000,240.70866630,0
1545480000000,111.26000000,111.62000000,111.26000000,111.62000000,0.12384000,1545480299999,13.78270080,2,0.12384000,13.78270080,0
1545480300000,111.28000000,111.28000000,111.27000000,111.27000000,3.08645000,1545480599999,343.43790150,4,3.08645000,343.43790150,0
1545480600000,111.09000000,111.24000000,110.99000000,110.99000000,50.77736000,1545480899999,5643.40133410,46,50.77736000,5643.40133410,0
1545480900000,110.50000000,110.73000000,110.50000000,110.73000000,4.53587000,1545481199999,501.21636510,4,0.01187000,1.31436510,0
1545481200000,110.41000000,110.41000000,110.02000000,110.02000000,3.86796000,1545481499999,426.96745920,6,3.66800000,404.96786000,0
1545481500000,109.88000000,109.88000000,109.51000000,109.51000000,12.80726000,1545481799999,1403.34795120,6,1.30726000,143.64172880,0
1545481800000,109.50000000,109.52000000,109.50000000,109.50000000,72.19750000,1545482099999,7905.79365140,19,4.87056000,533.42373120,0
1545482100000,109.72000000,109.76000000,109.65000000,109.76000000,3.28891000,1545482399999,360.87133430,18,3.28891000,360.87133430,0
1545482400000,109.67000000,109.89000000,109.67000000,109.89000000,2.89300000,1545482699999,317.49593000,15,2.89300000,317.49593000,0
1545482700000,109.89000000,109.89000000,109.89000000,109.89000000,0.59716000,1545482999999,65.62191240,1,0.59716000,65.62191240,0
1545483000000,109.70000000,109.74000000,109.69000000,109.69000000,12.59553000,1545483299999,1381.98166570,14,9.00800000,988.46204000,0
1545483300000,109.69000000,109.69000000,109.56000000,109.68000000,2.13817000,1545483599999,234.30408830,8,2.13786000,234.27008440,0
1545483600000,109.55000000,109.55000000,109.50000000,109.50000000,250.39185000,1545483899999,27417.92646500,92,0.44700000,48.96539000,0
1545483900000,109.50000000,109.50000000,109.50000000,109.50000000,11.11652000,1545484199999,1217.25894000,5,0.00000000,0.00000000,0
1545484200000,109.73000000,109.73000000,109.73000000,109.73000000,0.00038000,1545484499999,0.04169740,1,0.00038000,0.04169740,0
1545484500000,109.75000000,110.37000000,109.75000000,110.37000000,13.85385000,1545484799999,1525.18847250,5,10.20576000,1122.93977280,0
1545484800000,110.37000000,110.56000000,110.37000000,110.56000000,45.51634000,1545485099999,5029.51929110,8,0.00000000,0.00000000,0
1545485100000,110.73000000,110.98000000,110.62000000,110.98000000,24.07009000,1545485399999,2667.72585950,14,1.91313000,212.31916740,0
1545485400000,110.99000000,111.68000000,110.99000000,111.24000000,26.95575000,1545485699999,3002.62298490,16,26.95575000,3002.62298490,0
1545485700000,110.81000000,110.97000000,110.51000000,110.97000000,10.40413000,1545485999999,1151.18193210,19,10.40413000,1151.18193210,0
1545486000000,111.04000000,111.24000000,111.00000000,111.00000000,2.09161000,1545486299999,232.21824520,3,2.09161000,232.21824520,0
1545486300000,110.92000000,111.05000000,110.72000000,110.72000000,3.81007000,1545486599999,421.90356910,4,0.19927000,22.11579310,0
1545486600000,110.46000000,110.46000000,109.92000000,109.92000000,11.70806000,1545486899999,1289.99747030,18,7.15930000,789.99777110,0
1545486900000,109.92000000,109.92000000,109.92000000,109.92000000,0.00000000,1545487199999,0.00000000,0,0.00000000,0.00000000,0
1545487200000,110.06000000,110.19000000,109.77000000,109.77000000,14.45744000,1545487499999,1588.31565520,9,4.55489000,501.31274170,0
1545487500000,109.59000000,109.59000000,109.15000000,109.15000000,9.45175000,1545487799999,1032.79263890,8,1.16496000,127.38812200,0
1545487800000,109.40000000,109.40000000,109.40000000,109.40000000,0.20109000,1545488099999,21.99924600,2,0.12371000,13.53387400,0
1545488100000,109.27000000,109.47000000,109.20000000,109.27000000,36.15883000,1545488399999,3955.82815170,27,0.99957000,109.31297520,0
1545488400000,109.30000000,109.88000000,109.30000000,109.83000000,21.31670000,1545488699999,2340.72413660,24,4.73794000,520.17843260,0
1545488700000,109.97000000,109.97000000,109.97000000,109.97000000,0.68964000,1545488999999,75.83971080,1,0.00000000,0.00000000,0
1545489000000,109.93000000,110.29000000,109.93000000,110.25000000,0.95459000,1545489299999,105.20649110,3,0.20959000,23.11568110,0
1545489300000,110.25000000,110.25000000,110.25000000,110.25000000,0.00000000,1545489599999,0.00000000,0,0.00000000,0.00000000,0
1545489600000,110.25000000,110.25000000,110.25000000,110.25000000,0.00000000,1545489899999,0.00000000,0,0.00000000,0.00000000,0
1545489900000,110.25000000,110.51000000,110.25000000,110.44000000,29.75768000,1545490199999,3286.21242810,11,11.81749000,1305.62330310,0
1545490200000,110.44000000,110.98000000,110.44000000,110.98000000,26.44690000,1545490499999,2924.85120650,18,0.00000000,0.00000000,0
1545490500000,110.88000000,110.88000000,110.88000000,110.88000000,0.81700000,1545490799999,90.58896000,1,0.81700000,90.58896000,0
1545490800000,110.64000000,110.64000000,110.64000000,110.64000000,0.51900000,1545491099999,57.42216000,1,0.51900000,57.42216000,0
1545491100000,110.08000000,110.08000000,110.08000000,110.08000000,0.27800000,1545491399999,30.60224000,1,0.00000000,0.00000000,0
1545491400000,110.08000000,110.08000000,110.08000000,110.08000000,0.00000000,1545491699999,0.00000000,0,0.00000000,0.00000000,0
1545491700000,110.08000000,110.08000000,110.08000000,110.08000000,0.00000000,1545491999999,0.00000000,0,0.00000000,0.00000000,0
1545492000000,110.67000000,110.67000000,110.67000000,110.67000000,0.01193000,1545492299999,1.32029310,1,0.01193000,1.32029310,0
1545492300000,110.66000000,111.06000000,110.66000000,111.05000000,10.67899000,1545492599999,1185.55869170,4,10.23317000,1136.05038070,0
1545492600000,111.05000000,111.05000000,111.05000000,111.05000000,0.00000000,1545492899999,0.00000000,0,0.00000000,0.00000000,0
1545492900000,110.82000000,110.89000000,110.82000000,110.89000000,2.84989000,1545493199999,315.92440650,2,1.42281000,157.77540090,0
1545493200000,111.38000000,111.38000000,111.38000000,111.38000000,0.01185000,1545493499999,1.31985300,1,0.01185000,1.31985300,0
1545493500000,111.87000000,111.87000000,111.87000000,111.87000000,0.09442000,1545493799999,10.56276540,1,0.09442000,10.56276540,0
1545493800000,111.87000000,111.87000000,111.70000000,111.87000000,19.40172000,1545494099999,2170.41788640,6,19.09272000,2135.90258640,0
1545494100000,111.15000000,111.15000000,111.15000000,111.15000000,0.01174000,1545494399999,1.30490100,1,0.01174000,1.30490100,0
1545494400000,111.15000000,111.15000000,111.15000000,111.15000000,0.00000000,1545494699999,0.00000000,0,0.00000000,0.00000000,0
1545494700000,111.01000000,111.01000000,109.74000000,109.74000000,24.81215000,1545494999999,2735.57395840,11,0.03547000,3.91836900,0
1545495000000,109.74000000,109.74000000,109.74000000,109.74000000,0.00000000,1545495299999,0.00000000,0,0.00000000,0.00000000,0
1545495300000,109.97000000,109.97000000,109.97000000,109.97000000,7.87305000,1545495599999,865.79930850,4,0.01191000,1.30974270,0
1545495600000,110.04000000,110.04000000,109.22000000,109.64000000,55.82965000,1545495899999,6119.21580420,11,40.27037000,4418.78124260,0
1545495900000,109.64000000,109.64000000,109.64000000,109.64000000,0.00000000,1545496199999,0.00000000,0,0.00000000,0.00000000,0
1545496200000,109.70000000,109.70000000,109.70000000,109.70000000,0.01198000,1545496499999,1.31420600,1,0.01198000,1.31420600,0
1545496500000,109.59000000,112.49000000,109.59000000,112.18000000,133.83057000,1545496799999,14811.55200460,29,133.73091000,14800.47878200,0
1545496800000,111.81000000,111.81000000,110.86000000,111.14000000,12.45893000,1545497099999,1381.84867350,11,2.12048000,235.72810650,0
1545497100000,110.95000000,110.96000000,110.95000000,110.96000000,3.58123000,1545497399999,397.33857850,3,3.58123000,397.33857850,0
1545497400000,111.25000000,111.25000000,111.25000000,111.25000000,0.01184000,1545497699999,1.31720000,1,0.01184000,1.31720000,0
1545497700000,111.25000000,111.25000000,111.25000000,111.25000000,0.00000000,1545497999999,0.00000000,0,0.00000000,0.00000000,0
1545498000000,111.14000000,111.25000000,109.80000000,110.12000000,20.04681000,1545498299999,2220.02401250,17,13.13730000,1452.82147330,0
1545498300000,110.77000000,110.77000000,110.24000000,110.24000000,3.06353000,1545498599999,337.73573180,6,3.06353000,337.73573180,0
1545498600000,110.29000000,111.03000000,110.29000000,110.32000000,2.91274000,1545498899999,321.92393680,3,2.91274000,321.92393680,0
1545498900000,110.19000000,110.19000000,109.97000000,110.01000000,6.54267000,1545499199999,719.73326990,4,1.99598000,219.73377060,0
1545499200000,110.44000000,110.44000000,110.44000000,110.44000000,4.52735000,1545499499999,500.00053400,1,4.52735000,500.00053400,0
1545499500000,110.44000000,110.44000000,110.44000000,110.44000000,0.00000000,1545499799999,0.00000000,0,0.00000000,0.00000000,0
1545499800000,110.38000000,110.38000000,110.38000000,110.38000000,0.01189000,1545500099999,1.31241820,1,0.01189000,1.31241820,0
1545500100000,110.38000000,110.38000000,110.38000000,110.38000000,0.00000000,1545500399999,0.00000000,0,0.00000000,0.00000000,0
1545500400000,110.33000000,110.94000000,110.33000000,110.66000000,6.45197000,1545500699999,712.07458490,8,6.16299000,680.09605810,0
1545500700000,110.20000000,110.35000000,110.13000000,110.13000000,8.49133000,1545500999999,935.35451950,4,0.01190000,1.31316500,0
1545501000000,110.41000000,110.41000000,110.41000000,110.41000000,0.02380000,1545501299999,2.62775800,2,0.02380000,2.62775800,0
1545501300000,110.45000000,110.45000000,110.45000000,110.45000000,29.15149000,1545501599999,3219.78207050,9,29.15149000,3219.78207050,0
1545501600000,110.74000000,110.74000000,110.40000000,110.40000000,3.23925000,1545501899999,357.90549940,3,0.01189000,1.31669860,0
1545501900000,110.40000000,110.40000000,110.40000000,110.40000000,0.00000000,1545502199999,0.00000000,0,0.00000000,0.00000000,0
1545502200000,110.46000000,110.72000000,110.46000000,110.63000000,23.98810000,1545502499999,2655.30731710,11,0.52232000,57.80776180,0
1545502500000,110.86000000,111.41000000,110.80000000,111.41000000,5.30115000,1545502799999,587.56576310,8,5.30115000,587.56576310,0
1545502800000,110.83000000,110.83000000,110.83000000,110.83000000,0.08984000,1545503099999,9.95696720,1,0.08984000,9.95696720,0
1545503100000,110.84000000,110.84000000,110.84000000,110.84000000,0.09514000,1545503399999,10.54531760,1,0.09514000,10.54531760,0
1545503400000,110.82000000,110.82000000,110.82000000,110.82000000,0.31700000,1545503699999,35.12994000,1,0.31700000,35.12994000,0
1545503700000,110.82000000,110.82000000,110.82000000,110.82000000,0.00000000,1545503999999,0.00000000,0,0.00000000,0.00000000,0
1545504000000,111.10000000,111.10000000,111.10000000,111.10000000,2.50006000,1545504299999,277.75666600,2,2.50006000,277.75666600,0
1545504300000,111.10000000,111.10000000,111.10000000,111.10000000,0.00000000,1545504599999,0.00000000,0,0.00000000,0.00000000,0
1545504600000,111.26000000,111.26000000,111.23000000,111.23000000,2.88587000,1545504899999,320.99828620,4,2.78700000,309.99801000,0
1545504900000,111.18000000,112.00000000,111.15000000,111.97000000,48.85143000,1545505199999,5463.16388510,13,38.18800000,4269.71279950,0
1545505200000,111.88000000,111.95000000,111.88000000,111.95000000,0.78769000,1545505499999,88.18107300,2,0.78769000,88.18107300,0
1545505500000,112.00000000,112.00000000,111.66000000,111.68000000,37.39056000,1545505799999,4182.74891440,13,27.98721000,3132.77085340,0
1545505800000,111.72000000,112.00000000,111.72000000,112.00000000,64.17121000,1545506099999,7180.65890100,23,64.17121000,7180.65890100,0
1545506100000,112.00000000,112.32000000,112.00000000,112.02000000,25.01773000,1545506399999,2802.36934340,16,15.76048000,1765.27632320,0
1545506400000,112.02000000,112.02000000,112.02000000,112.02000000,0.00000000,1545506699999,0.00000000,0,0.00000000,0.00000000,0
1545506700000,111.52000000,111.66000000,111.52000000,111.61000000,1.81246000,1545506999999,202.21750860,7,1.81246000,202.21750860,0
1545507000000,111.85000000,111.85000000,111.85000000,111.85000000,1.94300000,1545507299999,217.32455000,1,1.94300000,217.32455000,0
1545507300000,111.84000000,112.04000000,111.84000000,112.00000000,20.92059000,1545507599999,2341.50949470,15,20.92059000,2341.50949470,0
1545507600000,111.88000000,112.30000000,111.67000000,111.67000000,26.55057000,1545507899999,2974.64866590,12,24.53196000,2748.98825400,0
1545507900000,111.78000000,111.78000000,111.78000000,111.78000000,5.57735000,1545508199999,623.43618300,2,5.57735000,623.43618300,0
1545508200000,112.13000000,112.90000000,112.13000000,112.90000000,27.77647000,1545508499999,3119.82642520,13,18.01169000,2020.80043620,0
1545508500000,112.24000000,112.41000000,112.24000000,112.41000000,9.33558000,1545508799999,1048.24554270,7,0.00000000,0.00000000,0
1545508800000,112.41000000,114.25000000,112.41000000,113.73000000,53.75341000,1545509099999,6110.19896190,24,47.60498000,5413.96733760,0
1545509100000,113.67000000,113.95000000,113.67000000,113.95000000,45.57483000,1545509399999,5193.10265530,19,45.04189000,5132.52336550,0
1545509400000,114.32000000,114.38000000,113.90000000,114.15000000,16.62917000,1545509699999,1898.47519170,9,1.00000000,114.15000000,0
1545509700000,113.91000000,113.91000000,113.53000000,113.81000000,51.35985000,1545509999999,5840.53726010,24,25.39880000,2890.31686840,0
1545510000000,113.76000000,113.76000000,113.55000000,113.55000000,2.68494000,1545510299999,305.22877440,2,2.68494000,305.22877440,0
1545510300000,113.60000000,113.60000000,113.60000000,113.60000000,12.04374000,1545510599999,1368.16886400,3,12.04374000,1368.16886400,0
1545510600000,113.42000000,113.85000000,113.42000000,113.85000000,4.93230000,1545510899999,561.31707370,2,4.40839000,501.89520150,0
1545510900000,113.25000000,113.36000000,113.16000000,113.36000000,62.45978000,1545511199999,7073.06234050,9,4.65105000,526.77005400,0
1545511200000,113.12000000,113.20000000,113.12000000,113.20000000,1.09343000,1545511499999,123.71710800,2,0.35383000,40.05355600,0
1545511500000,113.20000000,113.67000000,113.20000000,113.67000000,4.69996000,1545511799999,533.00345720,6,2.81173000,319.12974670,0
1545511800000,114.01000000,114.03000000,114.01000000,114.03000000,26.18761000,1545512099999,2985.94518190,3,26.18761000,2985.94518190,0
1545512100000,113.76000000,113.76000000,113.76000000,113.76000000,4.22170000,1545512399999,480.26059200,1,0.00000000,0.00000000,0
1545512400000,113.76000000,113.76000000,113.76000000,113.76000000,0.24895000,1545512699999,28.32055200,1,0.00000000,0.00000000,0
1545512700000,113.76000000,113.76000000,113.76000000,113.76000000,0.00000000,1545512999999,0.00000000,0,0.00000000,0.00000000,0
1545513000000,114.33000000,114.33000000,114.14000000,114.14000000,2.32991000,1545513299999,266.03784910,5,0.53643000,61.33004190,0
1545513300000,114.00000000,114.00000000,114.00000000,114.00000000,2.63015000,1545513599999,299.83710000,3,2.63015000,299.83710000,0
1545513600000,114.32000000,114.60000000,114.32000000,114.60000000,16.99559000,1545513899999,1947.27949620,4,16.99559000,1947.27949620,0
1545513900000,114.59000000,114.85000000,114.50000000,114.56000000,43.02713000,1545514199999,4933.22649950,15,21.22409000,2435.35614590,0
1545514200000,114.56000000,114.56000000,114.56000000,114.56000000,1.02876000,1545514499999,117.85474560,1,0.00000000,0.00000000,0
1545514500000,114.71000000,114.91000000,114.71000000,114.91000000,9.27828000,1545514799999,1065.68687280,3,9.27828000,1065.68687280,0
1545514800000,114.21000000,114.21000000,113.90000000,113.90000000,0.72989000,1545515099999,83.18340660,3,0.00000000,0.00000000,0
1545515100000,114.01000000,114.01000000,113.89000000,113.89000000,67.42893000,1545515399999,7684.79578310,6,0.00000000,0.00000000,0
1545515400000,114.04000000,114.04000000,114.04000000,114.04000000,5.59100000,1545515699999,637.59764000,2,0.00000000,0.00000000,0
1545515700000,113.93000000,114.08000000,113.93000000,114.08000000,9.43190000,1545515999999,1075.19654350,2,4.13451000,471.66490080,0
1545516000000,113.76000000,113.76000000,112.40000000,112.81000000,37.58179000,1545516299999,4229.72697120,22,16.95678000,1909.38725840,0
1545516300000,112.25000000,113.06000000,112.25000000,112.39000000,2.73163000,1545516599999,306.99906300,3,2.61269000,293.64804800,0
1545516600000,112.34000000,112.85000000,112.34000000,112.85000000,12.61772000,1545516899999,1419.45928170,6,12.61772000,1419.45928170,0
1545516900000,112.79000000,112.79000000,112.51000000,112.51000000,23.84745000,1545517199999,2683.65081760,18,23.84745000,2683.65081760,0
1545517200000,112.50000000,112.65000000,112.31000000,112.31000000,55.66296000,1545517499999,6256.55182240,47,48.95396000,5503.06403240,0
1545517500000,112.50000000,112.60000000,112.50000000,112.55000000,18.45950000,1545517799999,2077.62092350,4,6.37514000,717.67718500,0
1545517800000,112.55000000,112.55000000,112.55000000,112.55000000,0.00000000,1545518099999,0.00000000,0,0.00000000,0.00000000,0
1545518100000,112.03000000,112.21000000,111.25000000,111.58000000,25.16318000,1545518399999,2807.03016880,10,5.88890000,658.64886000,0
1545518400000,111.57000000,112.15000000,111.57000000,111.92000000,0.65431000,1545518699999,73.19652730,3,0.65431000,73.19652730,0
1545518700000,112.04000000,112.29000000,112.04000000,112.10000000,6.44942000,1545518999999,724.04404000,4,6.01570000,675.42402800,0
1545519000000,112.51000000,112.57000000,112.51000000,112.57000000,4.43200000,1545519299999,498.77872000,2,4.43200000,498.77872000,0
1545519300000,112.62000000,112.62000000,112.62000000,112.62000000,0.09767000,1545519599999,10.99959540,1,0.00000000,0.00000000,0
1545519600000,112.92000000,113.12000000,112.92000000,113.12000000,1.41887000,1545519899999,160.41880040,2,1.41887000,160.41880040,0
1545519900000,113.66000000,114.40000000,113.66000000,113.78000000,24.99043000,1545520199999,2843.07222000,15,6.76819000,770.79170430,0
1545520200000,113.61000000,116.00000000,113.61000000,115.25000000,248.27865000,1545520499999,28561.53560790,67,208.26986000,23941.14575150,0
1545520500000,114.78000000,115.65000000,114.61000000,115.39000000,156.23835000,1545520799999,17938.32558480,19,15.82195000,1824.52871950,0
1545520800000,115.70000000,115.70000000,114.71000000,114.93000000,16.10651000,1545521099999,1849.40436240,9,11.75338000,1349.40385060,0
1545521100000,114.92000000,114.92000000,114.87000000,114.88000000,22.98042000,1545521399999,2640.18150520,3,0.00000000,0.00000000,0
1545521400000,114.81000000,115.29000000,114.50000000,114.59000000,61.14711000,1545521699999,7008.95440880,24,0.02288000,2.63406000,0
1545521700000,114.59000000,115.27000000,114.56000000,115.21000000,14.07370000,1545521999999,1612.51734740,6,0.02292000,2.64130080,0
1545522000000,114.80000000,114.80000000,114.80000000,114.80000000,12.36102000,1545522299999,1419.04509600,2,0.00000000,0.00000000,0
1545522300000,114.90000000,115.48000000,114.90000000,115.48000000,0.02290000,1545522599999,2.63784520,2,0.02290000,2.63784520,0
1545522600000,115.33000000,116.00000000,115.33000000,116.00000000,25.49721000,1545522899999,2945.83751000,19,25.49721000,2945.83751000,0
1545522900000,115.84000000,116.92000000,115.84000000,116.92000000,232.91462000,1545523199999,27012.17089860,52,232.91462000,27012.17089860,0
1545523200000,116.14000000,117.59000000,116.14000000,117.59000000,3.26083000,1545523499999,381.69558030,7,3.26083000,381.69558030,0
1545523500000,117.92000000,118.38000000,116.97000000,117.38000000,673.38572000,1545523799999,79445.33081570,117,552.76941000,65224.60263500,0
1545523800000,117.85000000,117.85000000,117.13000000,117.22000000,25.41223000,1545524099999,2978.64121280,13,21.82762000,2558.77584350,0
1545524100000,117.24000000,117.76000000,117.04000000,117.76000000,37.77535000,1545524399999,4433.25028320,34,34.53388000,4053.83621970,0
1545524400000,118.06000000,118.57000000,117.86000000,117.91000000,45.49491000,1545524699999,5373.84404530,15,19.83681000,2342.72312830,0
1545524700000,117.99000000,118.36000000,117.85000000,117.85000000,13.56208000,1545524999999,1601.20506060,5,8.56208000,1011.95506060,0
1545525000000,117.83000000,118.62000000,117.83000000,118.54000000,10.01113000,1545525299999,1185.30024060,5,8.01113000,949.64024060,0
1545525300000,118.55000000,120.57000000,118.55000000,120.57000000,1224.14028000,1545525599999,146783.94924460,206,1223.64028000,146724.57924460,0
1545525600000,119.66000000,120.57000000,119.66000000,120.09000000,20.61671000,1545525899999,2480.30674720,6,7.51953000,906.62973210,0
1545525900000,120.57000000,121.88000000,120.57000000,120.74000000,55.83029000,1545526199999,6785.83619130,15,44.01299000,5351.11942490,0
1545526200000,121.12000000,123.00000000,121.12000000,122.92000000,86.71633000,1545526499999,10647.84310360,33,62.81992000,7709.24807360,0
1545526500000,123.28000000,123.99000000,123.21000000,123.93000000,28.71217000,1545526799999,3555.49274320,8,28.12793000,3483.50853280,0
1545526800000,123.52000000,125.00000000,123.48000000,124.86000000,631.93788000,1545527099999,78452.14631770,118,605.08451000,75119.58549730,0
1545527100000,124.53000000,124.53000000,122.80000000,123.92000000,177.49284000,1545527399999,21860.55580730,50,5.28616000,656.43015100,0
1545527400000,122.84000000,123.99000000,122.39000000,123.99000000,30.54137000,1545527699999,3752.43645820,13,9.68190000,1198.47497570,0
1545527700000,123.78000000,123.78000000,122.04000000,122.88000000,51.41459000,1545527999999,6303.58509690,26,35.87306000,4397.14123380,0
1545528000000,122.88000000,123.44000000,122.64000000,122.81000000,43.21410000,1545528299999,5310.72985980,16,2.20898000,272.18063770,0
1545528300000,122.02000000,123.34000000,122.02000000,123.34000000,5.79540000,1545528599999,708.98957910,11,5.79540000,708.98957910,0
1545528600000,122.96000000,123.93000000,122.68000000,123.93000000,99.25912000,1545528899999,12268.18450320,32,99.15801000,12255.78032840,0
1545528900000,123.95000000,124.45000000,123.06000000,124.06000000,172.79152000,1545529199999,21367.36272180,42,64.39728000,7998.12468000,0
1545529200000,124.00000000,124.49000000,123.80000000,124.34000000,23.13239000,1545529499999,2867.47125400,11,9.47893000,1176.53466380,0
1545529500000,124.54000000,124.54000000,123.56000000,123.57000000,4.68542000,1545529799999,582.26377530,4,4.01060000,498.88012400,0
1545529800000,124.22000000,124.75000000,124.17000000,124.57000000,64.65654000,1545530099999,8032.90855570,22,56.65654000,7039.54855570,0
1545530100000,124.00000000,124.00000000,122.41000000,122.44000000,21.58620000,1545530399999,2672.32737080,10,19.80070000,2453.69745900,0
1545530400000,122.45000000,122.97000000,122.45000000,122.97000000,14.96052000,1545530699999,1836.61307540,18,4.07727000,500.99446790,0
1545530700000,122.97000000,123.11000000,122.74000000,122.74000000,4.32229000,1545530999999,531.50089250,3,0.00000000,0.00000000,0
1545531000000,123.18000000,123.40000000,122.44000000,122.44000000,26.53185000,1545531299999,3257.42154550,16,25.21123000,3095.72483270,0
1545531300000,122.61000000,123.30000000,120.78000000,123.01000000,127.80388000,1545531599999,15645.94340220,43,77.59469000,9524.19932870,0
1545531600000,123.21000000,123.21000000,122.71000000,122.71000000,7.25575000,1545531899999,891.39405120,6,2.05788000,253.17170940,0
1545531900000,122.65000000,122.74000000,122.65000000,122.74000000,6.98814000,1545532199999,857.63430360,2,0.00000000,0.00000000,0
1545532200000,123.09000000,124.12000000,123.09000000,124.12000000,54.72991000,1545532499999,6761.76450290,22,52.18991000,6449.11590290,0
1545532500000,123.54000000,123.54000000,123.39000000,123.42000000,6.26685000,1545532799999,773.75752410,5,3.62885000,447.85900410,0
1545532800000,123.54000000,123.98000000,123.45000000,123.45000000,42.06492000,1545533099999,5207.86153310,11,22.31192000,2760.82266530,0
1545533100000,123.76000000,124.22000000,123.55000000,123.96000000,40.58467000,1545533399999,5034.31128070,21,29.16995000,3620.17127760,0
1545533400000,124.41000000,125.54000000,124.06000000,125.38000000,447.47839000,1545533699999,55913.54189600,105,413.30082000,51668.70546210,0
1545533700000,124.86000000,125.08000000,124.08000000,124.78000000,43.18848000,1545533999999,5385.22783810,23,15.60918000,1946.06807650,0
1545534000000,124.76000000,125.50000000,124.76000000,124.77000000,10.44204000,1545534299999,1303.15152860,8,0.44204000,55.17639740,0
1545534300000,125.31000000,126.48000000,124.65000000,126.48000000,357.29336000,1545534599999,45095.48843490,70,319.34046000,40329.99325240,0
1545534600000,127.00000000,127.56000000,126.75000000,127.56000000,124.11259000,1545534899999,15813.95079190,32,105.03055000,13380.99859420,0
1545534900000,127.48000000,127.85000000,126.64000000,126.64000000,33.67769000,1545535199999,4291.69387910,19,9.35764000,1194.54072960,0
1545535200000,126.62000000,127.26000000,126.50000000,126.80000000,115.92219000,1545535499999,14710.71153900,22,88.35659000,11216.29345900,0
1545535500000,126.36000000,126.80000000,126.12000000,126.56000000,122.56933000,1545535799999,15514.49207020,43,64.87929000,8217.77383660,0
1545535800000,126.54000000,126.87000000,126.42000000,126.70000000,17.26741000,1545536099999,2187.62773250,5,8.25010000,1045.41940230,0
1545536100000,127.00000000,127.51000000,126.99000000,127.28000000,37.18587000,1545536399999,4733.36157060,22,35.68587000,4542.68157060,0
1545536400000,127.32000000,127.32000000,126.44000000,126.71000000,60.33981000,1545536699999,7673.74830330,18,7.12981000,903.71499710,0
1545536700000,127.27000000,128.80000000,127.27000000,128.71000000,28.77509000,1545536999999,3680.96354490,15,26.40554000,3376.76071590,0
1545537000000,128.43000000,129.78000000,128.43000000,129.78000000,32.12175000,1545537299999,4153.05219270,21,11.84620000,1532.01350540,0
1545537300000,130.00000000,130.02000000,128.47000000,128.67000000,254.79831000,1545537599999,33105.41443380,61,240.12428000,31207.71245370,0
1545537600000,128.64000000,129.28000000,128.64000000,128.91000000,21.73843000,1545537899999,2800.63954670,14,21.73843000,2800.63954670,0
1545537900000,129.10000000,131.00000000,129.10000000,131.00000000,912.48290000,1545538199999,119484.32352460,90,911.11691000,119307.55075870,0
1545538200000,131.00000000,131.54000000,129.99000000,130.39000000,395.07879000,1545538499999,51734.87821830,63,345.50897000,45258.65921380,0
1545538500000,130.38000000,130.57000000,129.56000000,129.56000000,97.24971000,1545538799999,12641.93525180,39,84.31939000,10965.20154370,0
1545538800000,129.62000000,130.26000000,129.46000000,130.26000000,67.02313000,1545539099999,8684.50348970,24,29.20904000,3788.96551830,0
1545539100000,129.64000000,130.06000000,129.31000000,129.48000000,33.32990000,1545539399999,4320.29798410,12,16.66038000,2160.20272080,0
1545539400000,130.04000000,130.36000000,129.83000000,129.83000000,33.55240000,1545539699999,4363.60786120,10,13.55240000,1763.41963140,0
1545539700000,130.21000000,130.21000000,129.98000000,130.00000000,45.50334000,1545539999999,5923.80583840,11,39.99924000,5208.30104040,0
1545540000000,129.95000000,129.95000000,128.04000000,128.04000000,150.93845000,1545540299999,19415.01091450,29,0.00000000,0.00000000,0
1545540300000,128.04000000,128.90000000,127.95000000,128.59000000,51.97614000,1545540599999,6678.56168320,25,51.58805000,6628.87063960,0
1545540600000,128.95000000,129.11000000,128.21000000,128.50000000,54.63502000,1545540899999,7046.46260470,12,50.57878000,6526.38691590,0
1545540900000,127.68000000,127.68000000,127.11000000,127.11000000,26.98953000,1545541199999,3438.80967200,7,0.00000000,0.00000000,0
1545541200000,126.80000000,127.60000000,125.17000000,127.60000000,57.95496000,1545541499999,7327.23048760,22,37.18950000,4701.32689510,0
1545541500000,127.60000000,127.60000000,127.60000000,127.60000000,0.00000000,1545541799999,0.00000000,0,0.00000000,0.00000000,0
1545541800000,128.04000000,128.29000000,127.50000000,127.50000000,36.63078000,1545542099999,4675.43267990,19,0.19471000,24.97934590,0
1545542100000,127.50000000,127.82000000,126.90000000,127.52000000,45.58484000,1545542399999,5806.98340320,40,29.11012000,3712.14784390,0
1545542400000,127.52000000,127.52000000,127.52000000,127.52000000,0.00000000,1545542699999,0.00000000,0,0.00000000,0.00000000,0
1545542700000,126.78000000,126.80000000,126.75000000,126.75000000,24.92652000,1545542999999,3160.27271820,11,0.00000000,0.00000000,0
1545543000000,126.75000000,127.29000000,126.16000000,127.29000000,30.08319000,1545543299999,3800.32919990,12,10.66953000,1350.99871800,0
1545543300000,126.91000000,127.12000000,126.62000000,126.93000000,9.97893000,1545543599999,1266.54224960,6,1.24800000,158.64576000,0
1545543600000,127.12000000,127.34000000,127.12000000,127.34000000,3.40224000,1545543899999,432.88217350,11,3.40224000,432.88217350,0
1545543900000,127.34000000,128.88000000,127.34000000,128.88000000,33.34716000,1545544199999,4290.36159140,16,33.26916000,4280.31519140,0
1545544200000,128.83000000,129.77000000,128.83000000,129.77000000,18.07152000,1545544499999,2339.31633370,20,1.27670000,165.02076060,0
1545544500000,129.49000000,129.49000000,128.48000000,128.48000000,3.29668000,1545544799999,426.75647190,3,3.16826000,410.25707030,0
1545544800000,129.05000000,129.33000000,128.71000000,128.79000000,234.88902000,1545545099999,30366.56657890,65,13.34547000,1719.73080830,0
1545545100000,128.58000000,129.13000000,128.25000000,129.13000000,9.30551000,1545545399999,1195.85773780,25,7.67249000,986.40150580,0
1545545400000,129.32000000,129.61000000,129.32000000,129.61000000,0.11777000,1545545699999,15.25947310,3,0.11777000,15.25947310,0
1545545700000,129.61000000,129.61000000,129.32000000,129.32000000,17.66945000,1545545999999,2285.71336760,7,1.15000000,148.95150000,0
1545546000000,129.73000000,129.73000000,128.70000000,129.00000000,10.81538000,1545546299999,1393.91596300,11,1.03156000,133.40255020,0
1545546300000,128.70000000,128.70000000,127.58000000,127.58000000,26.19590000,1545546599999,3356.27477230,13,12.39067000,1586.50632130,0
1545546600000,127.70000000,128.15000000,127.70000000,127.75000000,28.38298000,1545546899999,3626.92840090,27,18.19665000,2325.59174420,0
1545546900000,128.11000000,128.11000000,127.96000000,127.96000000,33.41080000,1545547199999,4277.63718310,9,0.00000000,0.00000000,0
1545547200000,127.50000000,127.57000000,127.40000000,127.44000000,16.51618000,1545547499999,2105.38943630,11,13.36127000,1703.45390230,0
1545547500000,127.63000000,127.79000000,127.63000000,127.79000000,5.11448000,1545547799999,653.20090480,8,5.11448000,653.20090480,0
1545547800000,127.69000000,127.69000000,127.34000000,127.34000000,23.17885000,1545548099999,2952.73397620,7,0.00000000,0.00000000,0
1545548100000,127.34000000,127.87000000,127.34000000,127.46000000,27.58648000,1545548399999,3518.39326780,11,13.03935000,1664.84759250,0
1545548400000,127.85000000,127.85000000,127.46000000,127.46000000,28.20034000,1545548699999,3595.19021960,6,1.98688000,254.02260800,0
1545548700000,127.46000000,127.46000000,126.71000000,126.97000000,33.11481000,1545548999999,4204.87864740,20,2.98500000,380.05020000,0
1545549000000,127.31000000,127.31000000,127.31000000,127.31000000,7.38877000,1545549299999,940.66430870,4,0.99200000,126.29152000,0
1545549300000,128.14000000,128.40000000,127.60000000,128.40000000,26.35545000,1545549599999,3374.53281160,20,6.58097000,843.60307510,0
1545549600000,128.14000000,128.14000000,127.72000000,127.72000000,20.66873000,1545549899999,2644.46603660,9,0.11600000,14.82248000,0
1545549900000,127.54000000,127.54000000,127.39000000,127.39000000,11.84726000,1545550199999,1510.33696940,6,0.00000000,0.00000000,0
1545550200000,127.52000000,127.52000000,126.22000000,127.24000000,45.13338000,1545550499999,5736.12391290,12,6.84318000,872.03034560,0
1545550500000,126.96000000,126.96000000,126.54000000,126.54000000,10.24143000,1545550799999,1298.41058220,17,0.76085000,96.59751600,0
1545550800000,126.58000000,127.10000000,126.44000000,126.99000000,40.90784000,1545551099999,5185.38689400,24,24.13736000,3061.57280170,0
1545551100000,127.12000000,127.79000000,126.99000000,127.79000000,140.39549000,1545551399999,17845.56046900,27,113.88345000,14470.80872990,0
1545551400000,127.91000000,127.91000000,127.87000000,127.87000000,5.48034000,1545551699999,700.77148940,4,0.01034000,1.32258940,0
1545551700000,127.87000000,127.87000000,127.87000000,127.87000000,0.00000000,1545551999999,0.00000000,0,0.00000000,0.00000000,0
1545552000000,128.24000000,128.90000000,128.21000000,128.55000000,22.35727000,1545552299999,2876.46803710,23,15.77587000,2030.49088710,0
1545552300000,128.57000000,128.57000000,128.22000000,128.24000000,15.94157000,1545552599999,2048.61798700,8,0.24221000,31.11368400,0
1545552600000,128.65000000,128.76000000,128.15000000,128.15000000,79.46109000,1545552899999,10206.78118330,20,1.94709000,250.56839160,0
1545552900000,128.15000000,128.15000000,128.15000000,128.15000000,0.00000000,1545553199999,0.00000000,0,0.00000000,0.00000000,0
1545553200000,127.38000000,127.38000000,127.10000000,127.10000000,7.61160000,1545553499999,969.52017760,3,0.00000000,0.00000000,0
1545553500000,127.35000000,127.52000000,127.35000000,127.52000000,0.09481000,1545553799999,12.07580790,2,0.01032000,1.31600640,0
1545553800000,127.54000000,127.54000000,127.22000000,127.46000000,7.02157000,1545554099999,894.19709900,8,1.84227000,234.94430620,0
1545554100000,127.16000000,127.90000000,126.81000000,127.90000000,26.54375000,1545554399999,3383.69994940,15,14.81952000,1893.37031910,0
1545554400000,127.90000000,128.37000000,127.90000000,128.33000000,5.47286000,1545554699999,701.98694210,7,5.47286000,701.98694210,0
1545554700000,128.22000000,128.80000000,128.22000000,128.80000000,5.32347000,1545554999999,683.16818600,11,5.32347000,683.16818600,0
1545555000000,128.80000000,128.81000000,128.54000000,128.81000000,120.98033000,1545555299999,15572.17698560,13,86.82069000,11173.98483070,0
1545555300000,128.81000000,128.81000000,128.81000000,128.81000000,0.00000000,1545555599999,0.00000000,0,0.00000000,0.00000000,0
1545555600000,128.15000000,128.18000000,128.15000000,128.18000000,9.05085000,1545555899999,1160.13764670,9,9.05085000,1160.13764670,0
1545555900000,128.73000000,128.95000000,128.73000000,128.95000000,0.72817000,1545556199999,93.79029620,4,0.72817000,93.79029620,0
1545556200000,128.95000000,128.95000000,128.95000000,128.95000000,0.00000000,1545556499999,0.00000000,0,0.00000000,0.00000000,0
1545556500000,129.17000000,130.03000000,129.17000000,130.03000000,97.71313000,1545556799999,12659.06105430,38,33.05765000,4295.62933430,0
1545556800000,129.94000000,130.76000000,129.94000000,130.68000000,42.53566000,1545557099999,5544.46157670,21,23.40548000,3051.71944350,0
1545557100000,130.76000000,132.57000000,130.76000000,131.04000000,277.96538000,1545557399999,36535.46013480,59,271.48702000,35683.94285280,0
1545557400000,131.04000000,131.25000000,130.76000000,131.07000000,2.68477000,1545557699999,351.60847500,8,2.36500000,309.78414230,0
1545557700000,131.04000000,131.51000000,130.50000000,130.50000000,7.83623000,1545557999999,1027.86971920,12,2.47234000,324.13823410,0
1545558000000,130.31000000,130.43000000,130.25000000,130.25000000,3.07686000,1545558299999,400.96412010,9,2.82045000,367.55133300,0
1545558300000,130.12000000,130.48000000,129.61000000,129.61000000,50.13872000,1545558599999,6535.54253830,26,37.49278000,4890.27842260,0
1545558600000,129.61000000,130.00000000,129.61000000,130.00000000,1.61975000,1545558899999,210.37250000,4,1.61975000,210.37250000,0
1545558900000,129.68000000,129.97000000,129.61000000,129.97000000,39.96441000,1545559199999,5183.21667000,14,6.51695000,846.31593180,0
1545559200000,129.93000000,130.12000000,129.87000000,130.00000000,15.74496000,1545559499999,2046.87868640,10,5.49069000,714.43876900,0
1545559500000,129.82000000,129.82000000,128.85000000,128.85000000,118.62292000,1545559799999,15362.61004800,31,0.01011000,1.31055930,0
1545559800000,129.32000000,129.58000000,129.32000000,129.58000000,5.19047000,1545560099999,671.70540700,2,5.19047000,671.70540700,0
1545560100000,129.61000000,129.68000000,129.58000000,129.58000000,3.33478000,1545560399999,432.20578700,4,2.80940000,364.12704660,0
1545560400000,129.40000000,129.70000000,129.05000000,129.05000000,29.69270000,1545560699999,3835.87655160,10,9.22526000,1191.08315820,0
1545560700000,129.58000000,130.46000000,129.38000000,130.18000000,49.84370000,1545560999999,6475.23566420,40,49.54813000,6436.96274400,0
1545561000000,130.74000000,131.09000000,130.66000000,130.73000000,51.62797000,1545561299999,6757.19290290,27,25.56785000,3347.68332420,0
1545561300000,131.00000000,131.03000000,130.98000000,131.03000000,20.64976000,1545561599999,2704.94408910,17,0.89568000,117.33438120,0
1545561600000,130.62000000,130.88000000,130.34000000,130.66000000,44.59821000,1545561899999,5824.62998570,24,20.51640000,2682.38432750,0
1545561900000,131.00000000,131.64000000,131.00000000,131.56000000,30.63727000,1545562199999,4021.31367870,15,19.96891000,2620.01322610,0
1545562200000,131.92000000,132.80000000,131.23000000,131.23000000,101.04367000,1545562499999,13384.96004610,36,58.17158000,7710.13411480,0
1545562500000,132.10000000,132.11000000,131.63000000,131.70000000,31.48123000,1545562799999,4151.01516430,16,24.10432000,3179.47611730,0
1545562800000,131.70000000,131.70000000,131.19000000,131.19000000,2.08470000,1545563099999,274.04602020,3,1.08672000,143.12102400,0
1545563100000,130.97000000,131.14000000,130.76000000,130.76000000,11.68954000,1545563399999,1531.18115750,13,10.51629000,1377.54055500,0
1545563400000,130.76000000,131.21000000,130.55000000,131.21000000,13.12330000,1545563699999,1716.23549880,5,5.34268000,700.42584710,0
1545563700000,131.21000000,131.30000000,130.86000000,130.86000000,3.61812000,1545563999999,474.86564080,5,2.38184000,312.73559200,0
1545564000000,131.29000000,131.29000000,130.93000000,130.93000000,0.56300000,1545564299999,73.83959000,2,0.56300000,73.83959000,0
1545564300000,130.75000000,131.63000000,130.75000000,130.95000000,12.61626000,1545564599999,1650.11116720,4,0.09513000,12.46919370,0
1545564600000,131.58000000,131.92000000,131.58000000,131.92000000,11.78296000,1545564899999,1552.21538880,4,11.78296000,1552.21538880,0
1545564900000,131.65000000,131.91000000,131.65000000,131.65000000,10.90564000,1545565199999,1436.02910600,12,5.81269000,765.24063850,0
1545565200000,131.65000000,132.00000000,131.65000000,131.65000000,2.60814000,1545565499999,343.49326940,8,0.37648000,49.69523040,0
1545565500000,131.72000000,131.72000000,131.72000000,131.72000000,0.00997000,1545565799999,1.31324840,1,0.00997000,1.31324840,0
1545565800000,131.26000000,131.53000000,130.07000000,130.07000000,64.74898000,1545566099999,8461.76695490,20,2.32505000,303.13471450,0
1545566100000,130.28000000,130.36000000,130.10000000,130.36000000,152.21483000,1545566399999,19804.40296040,25,128.07431000,16662.58934400,0
1545566400000,130.36000000,130.87000000,130.26000000,130.87000000,13.43453000,1545566699999,1752.98498480,6,10.43753000,1362.59576480,0
1545566700000,130.58000000,130.74000000,129.50000000,129.50000000,37.93214000,1545566999999,4934.60158560,13,4.87263000,634.28051960,0
1545567000000,129.55000000,129.84000000,129.34000000,129.34000000,51.25662000,1545567299999,6641.51581570,22,36.42873000,4723.36737410,0
1545567300000,128.88000000,129.16000000,128.88000000,129.00000000,1.41992000,1545567599999,183.20886720,3,1.31992000,170.32086720,0
1545567600000,128.80000000,128.82000000,128.32000000,128.78000000,69.98525000,1545567899999,9006.48091730,15,37.91831000,4882.62886370,0
1545567900000,128.42000000,128.42000000,127.99000000,127.99000000,31.27113000,1545568199999,4013.74572540,15,30.49756000,3914.49669440,0
1545568200000,128.00000000,128.65000000,128.00000000,128.13000000,108.40303000,1545568499999,13878.36301970,29,76.05619000,9735.80224170,0
1545568500000,127.81000000,127.81000000,127.25000000,127.53000000,30.25094000,1545568799999,3863.97803810,14,20.83100000,2662.04627000,0
1545568800000,127.73000000,128.24000000,127.62000000,128.23000000,69.89563000,1545569099999,8942.24716130,28,58.39182000,7474.13092910,0
1545569100000,128.00000000,128.00000000,128.00000000,128.00000000,0.77900000,1545569399999,99.71200000,1,0.00000000,0.00000000,0
1545569400000,128.24000000,128.81000000,128.24000000,128.74000000,15.56382000,1545569699999,2003.72519210,8,0.87021000,111.61832100,0
1545569700000,128.35000000,128.93000000,128.35000000,128.93000000,8.19409000,1545569999999,1054.93551070,7,6.59409000,849.57551070,0
1545570000000,128.96000000,129.00000000,128.96000000,129.00000000,1.83033000,1545570299999,236.08289000,3,1.83033000,236.08289000,0
1545570300000,129.00000000,129.00000000,129.00000000,129.00000000,0.00000000,1545570599999,0.00000000,0,0.00000000,0.00000000,0
1545570600000,128.84000000,128.84000000,128.47000000,128.47000000,4.26834000,1545570899999,548.94116490,4,1.60900000,206.70823000,0
1545570900000,128.29000000,128.84000000,128.25000000,128.84000000,2.31569000,1545571199999,297.94231910,4,2.06969000,266.39281910,0
1545571200000,128.84000000,128.84000000,128.84000000,128.84000000,0.00000000,1545571499999,0.00000000,0,0.00000000,0.00000000,0
1545571500000,128.48000000,128.94000000,128.48000000,128.94000000,0.40301000,1545571799999,51.81460940,2,0.07801000,10.05860940,0
1545571800000,129.10000000,130.04000000,129.10000000,130.04000000,39.65617000,1545572099999,5131.04275300,18,11.70023000,1513.65034470,0
1545572100000,129.99000000,129.99000000,129.81000000,129.81000000,5.50700000,1545572399999,715.79355000,7,0.00000000,0.00000000,0
1545572400000,129.86000000,129.86000000,129.86000000,129.86000000,3.19255000,1545572699999,414.58454300,4,0.00000000,0.00000000,0
1545572700000,129.86000000,130.06000000,129.31000000,129.31000000,59.58264000,1545572999999,7743.03240980,11,52.95610000,6884.99180240,0
1545573000000,129.21000000,129.31000000,129.21000000,129.31000000,4.96725000,1545573299999,642.18301750,2,1.32080000,170.66056800,0
1545573300000,128.93000000,129.01000000,128.93000000,129.01000000,5.01250000,1545573599999,646.65412660,4,4.90627000,632.95789270,0
1545573600000,128.52000000,128.52000000,127.45000000,127.45000000,49.48065000,1545573899999,6314.88464420,37,36.67572000,4675.16372850,0
1545573900000,127.40000000,127.87000000,127.40000000,127.87000000,12.59667000,1545574199999,1609.23087540,8,12.59667000,1609.23087540,0
1545574200000,127.44000000,127.44000000,127.44000000,127.44000000,5.25543000,1545574499999,669.75199920,1,0.00000000,0.00000000,0
1545574500000,127.45000000,127.63000000,127.34000000,127.63000000,58.46668000,1545574799999,7460.59785120,3,0.00000000,0.00000000,0
1545574800000,127.76000000,127.77000000,127.23000000,127.23000000,25.29444000,1545575099999,3225.26108370,24,17.57894000,2243.59101430,0
1545575100000,127.04000000,127.35000000,127.04000000,127.35000000,3.25473000,1545575399999,413.93511890,4,1.50000000,191.01421970,0
1545575400000,127.35000000,127.35000000,127.35000000,127.35000000,0.00000000,1545575699999,0.00000000,0,0.00000000,0.00000000,0
1545575700000,127.35000000,127.35000000,127.35000000,127.35000000,0.00000000,1545575999999,0.00000000,0,0.00000000,0.00000000,0
1545576000000,127.40000000,127.40000000,126.76000000,127.06000000,18.17713000,1545576299999,2308.51352350,9,2.01277000,255.38281390,0
1545576300000,127.04000000,127.06000000,126.71000000,127.06000000,31.98021000,1545576599999,4056.32399880,10,10.47375000,1330.78500000,0
1545576600000,126.85000000,127.34000000,126.85000000,127.29000000,7.40720000,1545576899999,943.03130610,5,7.40720000,943.03130610,0
1545576900000,127.00000000,127.00000000,126.29000000,126.29000000,11.27099000,1545577199999,1427.31012920,11,0.11390000,14.41974000,0
1545577200000,126.22000000,126.65000000,124.61000000,125.27000000,184.27486000,1545577499999,23071.57404240,50,34.45336000,4321.47726830,0
1545577500000,124.90000000,125.26000000,124.01000000,125.06000000,77.94380000,1545577799999,9715.48768900,41,39.14997000,4886.74424640,0
1545577800000,125.27000000,125.38000000,124.97000000,124.97000000,17.35557000,1545578099999,2173.31139430,14,9.13334000,1144.13466010,0
1545578100000,124.83000000,125.86000000,124.83000000,125.76000000,15.40320000,1545578399999,1925.46243260,8,15.40320000,1925.46243260,0
1545578400000,125.41000000,125.91000000,125.09000000,125.91000000,10.10468000,1545578699999,1265.40200670,15,0.25252000,31.64231430,0
1545578700000,125.84000000,126.17000000,125.84000000,125.84000000,8.22461000,1545578999999,1036.59663570,13,1.56363000,196.90076070,0
1545579000000,125.97000000,126.31000000,125.97000000,126.00000000,0.31852000,1545579299999,40.15549470,4,0.11037000,13.93183920,0
1545579300000,125.84000000,125.84000000,125.84000000,125.84000000,2.83215000,1545579599999,356.39775600,2,2.83215000,356.39775600,0
1545579600000,125.60000000,126.32000000,125.60000000,126.32000000,3.39325000,1545579899999,427.52575090,9,2.31669000,292.30981490,0
1545579900000,126.53000000,126.67000000,126.53000000,126.67000000,52.04094000,1545580199999,6591.83449820,3,52.04094000,6591.83449820,0
1545580200000,126.43000000,126.58000000,126.43000000,126.56000000,29.55792000,1545580499999,3740.78924510,18,3.67192000,464.67687440,0
1545580500000,126.12000000,126.47000000,125.90000000,125.90000000,12.11500000,1545580799999,1525.68613220,8,11.03206000,1389.10573940,0
1545580800000,126.05000000,126.05000000,125.10000000,125.10000000,57.63604000,1545581099999,7210.96139300,12,0.01040000,1.31092000,0
1545581100000,125.43000000,127.30000000,125.43000000,127.30000000,4.69069000,1545581399999,590.37207180,14,4.47569000,563.30357180,0
1545581400000,127.34000000,128.03000000,127.34000000,127.99000000,18.29518000,1545581699999,2340.92936580,16,0.94595000,120.61593890,0
1545581700000,127.33000000,128.97000000,127.33000000,128.97000000,25.82085000,1545581999999,3310.42718060,22,25.60503000,3282.94682000,0
1545582000000,128.75000000,129.06000000,128.64000000,128.93000000,9.07197000,1545582299999,1167.44280120,10,0.93796000,120.87524280,0
1545582300000,128.67000000,128.67000000,128.67000000,128.67000000,4.86000000,1545582599999,625.33620000,1,4.86000000,625.33620000,0
1545582600000,128.40000000,128.77000000,128.40000000,128.77000000,59.38731000,1545582899999,7638.30054450,27,59.23731000,7619.04054450,0
1545582900000,128.50000000,128.50000000,128.13000000,128.13000000,9.65999000,1545583199999,1239.96897180,8,9.65999000,1239.96897180,0
1545583200000,127.71000000,127.88000000,127.37000000,127.88000000,25.56606000,1545583499999,3259.41672260,10,0.01023000,1.30821240,0
1545583500000,127.51000000,128.12000000,127.51000000,128.12000000,16.63924000,1545583799999,2130.51332880,6,16.34324000,2092.77036880,0
1545583800000,128.19000000,128.19000000,128.06000000,128.18000000,0.03078000,1545584099999,3.94425180,3,0.03078000,3.94425180,0
1545584100000,128.18000000,128.74000000,128.18000000,128.27000000,5.60204000,1545584399999,719.53689290,8,5.60204000,719.53689290,0
1545584400000,128.04000000,128.09000000,128.04000000,128.09000000,14.73793000,1545584699999,1887.04506970,2,0.01025000,1.31292250,0
1545584700000,128.09000000,128.09000000,128.09000000,128.09000000,0.00000000,1545584999999,0.00000000,0,0.00000000,0.00000000,0
1545585000000,128.43000000,128.43000000,128.43000000,128.43000000,0.01025000,1545585299999,1.31640750,1,0.01025000,1.31640750,0
1545585300000,127.93000000,127.93000000,127.87000000,127.87000000,16.59240000,1545585599999,2122.12974900,11,5.66183000,724.31791190,0
1545585600000,127.87000000,127.87000000,127.48000000,127.69000000,6.90450000,1545585899999,880.91260080,3,3.45282000,440.89243440,0
1545585900000,127.34000000,127.48000000,127.34000000,127.41000000,0.37100000,1545586199999,47.25990430,5,0.16273000,20.73109900,0
1545586200000,127.77000000,128.05000000,127.77000000,127.88000000,0.95221000,1545586499999,121.66788370,4,0.95221000,121.66788370,0
1545586500000,127.98000000,127.99000000,127.98000000,127.99000000,4.01028000,1545586799999,513.23573720,6,0.01028000,1.31573720,0
1545586800000,127.55000000,127.93000000,127.55000000,127.93000000,1.80196000,1545587099999,230.35152200,5,1.55196000,198.46402200,0
1545587100000,128.02000000,128.72000000,127.84000000,128.72000000,2.48944000,1545587399999,318.34278320,5,1.11877000,143.11633040,0
1545587400000,128.44000000,128.44000000,128.44000000,128.44000000,3.89287000,1545587699999,500.00022280,2,0.00000000,0.00000000,0
1545587700000,128.44000000,128.44000000,128.44000000,128.44000000,0.32599000,1545587999999,41.87015560,1,0.00000000,0.00000000,0
1545588000000,128.04000000,128.04000000,128.03000000,128.03000000,3.99924000,1545588299999,512.06180780,2,3.99924000,512.06180780,0
1545588300000,127.81000000,128.09000000,127.54000000,128.09000000,8.35243000,1545588599999,1067.12475620,6,4.44528000,568.80684520,0
1545588600000,127.79000000,127.79000000,127.79000000,127.79000000,0.25000000,1545588899999,31.94750000,1,0.25000000,31.94750000,0
1545588900000,127.91000000,128.18000000,127.90000000,128.18000000,11.90076000,1545589199999,1523.23850680,4,3.90076000,499.99941680,0
1545589200000,128.18000000,128.18000000,128.18000000,128.18000000,1.42335000,1545589499999,182.44500300,2,0.00000000,0.00000000,0
1545589500000,128.18000000,128.34000000,128.13000000,128.13000000,31.46189000,1545589799999,4034.81032230,7,27.93543000,3582.78867950,0
1545589800000,128.25000000,128.35000000,128.13000000,128.35000000,23.31400000,1545590099999,2989.13113740,13,11.33902000,1454.77695000,0
1545590100000,128.35000000,129.18000000,128.35000000,129.18000000,14.45854000,1545590399999,1861.36198790,15,13.76738000,1772.64544190,0
1545590400000,129.50000000,129.59000000,128.95000000,129.06000000,24.07259000,1545590699999,3111.66943240,15,2.88373000,373.36362220,0
1545590700000,129.02000000,129.02000000,129.02000000,129.02000000,0.60000000,1545590999999,77.41200000,1,0.60000000,77.41200000,0
1545591000000,128.85000000,129.37000000,128.85000000,129.37000000,6.09256000,1545591299999,786.85453950,5,6.09256000,786.85453950,0
1545591300000,128.90000000,129.40000000,128.90000000,129.02000000,19.59186000,1545591599999,2531.31944270,17,14.57208000,1883.71392470,0
1545591600000,129.23000000,129.54000000,128.99000000,128.99000000,45.66868000,1545591899999,5906.29917520,9,34.43600000,4457.35125180,0
1545591900000,128.99000000,129.01000000,128.94000000,129.01000000,51.38864000,1545592199999,6627.78166400,22,8.46934000,1092.41126340,0
1545592200000,128.68000000,128.99000000,128.68000000,128.99000000,1.21513000,1545592499999,156.48214820,2,0.38458000,49.60697420,0
1545592500000,128.99000000,128.99000000,128.99000000,128.99000000,0.11492000,1545592799999,14.82353080,1,0.11492000,14.82353080,0
1545592800000,128.99000000,128.99000000,128.99000000,128.99000000,0.00000000,1545593099999,0.00000000,0,0.00000000,0.00000000,0
1545593100000,129.32000000,129.32000000,129.32000000,129.32000000,1.70089000,1545593399999,219.95909480,1,1.70089000,219.95909480,0
1545593400000,128.99000000,128.99000000,128.99000000,128.99000000,0.51166000,1545593699999,65.99902340,2,0.00000000,0.00000000,0
1545593700000,128.99000000,128.99000000,128.71000000,128.71000000,1.04532000,1545593999999,134.54598200,3,1.04532000,134.54598200,0
1545594000000,128.91000000,128.91000000,128.53000000,128.53000000,2.42889000,1545594299999,313.09635070,3,2.42889000,313.09635070,0
1545594300000,128.16000000,128.18000000,128.12000000,128.12000000,11.91277000,1545594599999,1526.47980580,5,11.91277000,1526.47980580,0
1545594600000,128.16000000,128.16000000,128.16000000,128.16000000,0.71432000,1545594899999,91.54725120,2,0.71432000,91.54725120,0
1545594900000,128.16000000,128.55000000,128.16000000,128.32000000,2.47570000,1545595199999,317.44266950,4,2.47570000,317.44266950,0
1545595200000,128.36000000,128.37000000,127.50000000,127.77000000,26.45884000,1545595499999,3393.89566170,12,26.06684000,3343.91566170,0
1545595500000,127.73000000,127.73000000,127.40000000,127.40000000,29.42937000,1545595799999,3753.66824560,11,7.62554000,972.75483740,0
1545595800000,127.40000000,127.40000000,127.01000000,127.25000000,6.49872000,1545596099999,825.96612290,9,0.00000000,0.00000000,0
1545596100000,127.94000000,127.94000000,127.94000000,127.94000000,0.01034000,1545596399999,1.32289960,1,0.01034000,1.32289960,0
1545596400000,127.96000000,128.14000000,127.96000000,128.14000000,0.13862000,1545596699999,17.73966380,2,0.13862000,17.73966380,0
1545596700000,128.12000000,128.12000000,127.60000000,127.60000000,6.69718000,1545596999999,855.81119440,3,2.40582000,308.23365840,0
1545597000000,127.61000000,127.95000000,127.61000000,127.95000000,1.65341000,1545597299999,211.36225010,2,1.09000000,139.46550000,0
1545597300000,127.95000000,128.24000000,127.95000000,128.24000000,12.16544000,1545597599999,1556.57102920,8,12.16544000,1556.57102920,0
1545597600000,128.18000000,128.47000000,128.18000000,128.47000000,13.74578000,1545597899999,1764.08391940,18,12.57678000,1614.24149940,0
1545597900000,128.75000000,128.95000000,128.41000000,128.56000000,16.57116000,1545598199999,2130.81881600,17,6.82296000,877.06475280,0
1545598200000,128.74000000,129.00000000,128.74000000,129.00000000,9.98462000,1545598499999,1287.82114700,9,9.82568000,1267.35921140,0
1545598500000,129.00000000,129.00000000,128.86000000,128.98000000,45.47873000,1545598799999,5866.14866880,26,45.47873000,5866.14866880,0
1545598800000,129.32000000,129.32000000,129.04000000,129.10000000,11.27885000,1545599099999,1455.93143440,7,11.27885000,1455.93143440,0
1545599100000,129.10000000,129.10000000,129.10000000,129.10000000,3.18201000,1545599399999,410.79749100,1,3.18201000,410.79749100,0
1545599400000,129.41000000,130.45000000,129.41000000,130.45000000,40.13877000,1545599699999,5212.79076720,28,38.66858000,5021.00448170,0
1545599700000,130.05000000,130.56000000,129.70000000,130.56000000,41.90433000,1545599999999,5458.55510840,33,36.76233000,4790.17874740,0
1545600000000,130.70000000,131.20000000,130.63000000,131.20000000,33.35202000,1545600299999,4364.49278240,22,32.71102000,4280.75895240,0
1545600300000,131.13000000,131.24000000,131.06000000,131.14000000,21.67707000,1545600599999,2842.27150680,9,0.76604000,100.45948960,0
1545600600000,130.69000000,131.08000000,130.59000000,131.08000000,27.85673000,1545600899999,3639.71272070,7,27.85673000,3639.71272070,0
1545600900000,130.43000000,130.43000000,130.43000000,130.43000000,0.01005000,1545601199999,1.31082150,1,0.01005000,1.31082150,0
1545601200000,130.41000000,130.41000000,130.13000000,130.31000000,18.11720000,1545601499999,2359.24726260,7,8.94912000,1166.20501220,0
1545601500000,129.71000000,129.71000000,129.19000000,129.39000000,23.17001000,1545601799999,2997.15218670,20,7.26859000,940.48286010,0
1545601800000,129.39000000,129.79000000,129.39000000,129.79000000,14.09333000,1545602099999,1826.08224240,8,14.09333000,1826.08224240,0
1545602100000,129.82000000,130.21000000,129.82000000,130.13000000,18.43769000,1545602399999,2397.08481690,15,18.43769000,2397.08481690,0
1545602400000,129.68000000,129.79000000,129.32000000,129.50000000,67.49409000,1545602699999,8748.66277540,16,6.26578000,812.67962620,0
1545602700000,129.52000000,129.52000000,129.19000000,129.29000000,17.33413000,1545602999999,2241.00271260,12,13.42028000,1735.37243110,0
1545603000000,129.44000000,129.90000000,129.00000000,129.00000000,21.69198000,1545603299999,2801.08260160,13,11.31631000,1461.67924500,0
1545603300000,129.21000000,129.21000000,129.21000000,129.21000000,39.62688000,1545603599999,5120.18916480,22,37.30931000,4820.73594510,0
1545603600000,129.13000000,129.13000000,129.13000000,129.13000000,1.27100000,1545603899999,164.12423000,3,0.00000000,0.00000000,0
1545603900000,129.13000000,129.13000000,128.47000000,128.52000000,12.08331000,1545604199999,1556.66380260,17,7.00704000,901.22930850,0
1545604200000,128.29000000,128.30000000,128.00000000,128.21000000,13.81037000,1545604499999,1769.97349980,6,2.82044000,361.83312340,0
1545604500000,128.78000000,128.78000000,128.68000000,128.68000000,5.64511000,1545604799999,726.88805180,6,4.75297000,612.08747660,0
1545604800000,128.68000000,128.68000000,128.68000000,128.68000000,0.00000000,1545605099999,0.00000000,0,0.00000000,0.00000000,0
1545605100000,129.61000000,129.91000000,129.61000000,129.91000000,2.59270000,1545605399999,336.74184800,10,2.59270000,336.74184800,0
1545605400000,130.07000000,130.39000000,129.98000000,130.18000000,38.62908000,1545605699999,5035.16021680,17,19.26320000,2510.40597400,0
1545605700000,130.18000000,130.55000000,130.18000000,130.55000000,2.19295000,1545605999999,285.69332850,3,1.54995000,201.98758850,0
1545606000000,130.40000000,130.42000000,130.40000000,130.42000000,1.98662000,1545606299999,259.05727960,4,1.98662000,259.05727960,0
1545606300000,129.73000000,129.90000000,129.31000000,129.69000000,5.11246000,1545606599999,662.19085450,7,3.46406000,448.99425050,0
1545606600000,129.83000000,130.16000000,129.83000000,130.16000000,4.05263000,1545606899999,526.74065480,3,1.99885000,259.83140600,0
1545606900000,130.30000000,130.33000000,130.29000000,130.33000000,3.49800000,1545607199999,455.80514000,5,3.49800000,455.80514000,0
1545607200000,130.31000000,130.32000000,130.08000000,130.14000000,21.16217000,1545607499999,2755.25543850,11,13.47826000,1755.39474550,0
1545607500000,130.20000000,130.20000000,130.20000000,130.20000000,2.42664000,1545607799999,315.94852800,1,2.42664000,315.94852800,0
1545607800000,130.20000000,130.20000000,130.20000000,130.20000000,0.00000000,1545608099999,0.00000000,0,0.00000000,0.00000000,0
1545608100000,129.65000000,129.65000000,129.31000000,129.31000000,21.20770000,1545608399999,2747.17073670,13,9.42336000,1219.47162690,0
1545608400000,129.14000000,129.47000000,129.14000000,129.47000000,4.52814000,1545608699999,585.45769480,8,1.45514000,188.39545480,0
1545608700000,129.55000000,129.80000000,129.46000000,129.46000000,5.08277000,1545608999999,659.14358500,9,5.08277000,659.14358500,0
1545609000000,129.61000000,129.62000000,129.58000000,129.62000000,5.05747000,1545609299999,655.45783860,5,3.05732000,396.19839560,0
1545609300000,129.62000000,129.62000000,129.62000000,129.62000000,0.00000000,1545609599999,0.00000000,0,0.00000000,0.00000000,0
1545609600000,129.52000000,129.52000000,129.38000000,129.51000000,7.49364000,1545609899999,970.23562550,7,0.77023000,99.71397580,0
1545609900000,130.29000000,134.00000000,130.29000000,134.00000000,346.09195000,1545610199999,46046.56498370,72,317.19743000,42255.81646830,0
1545610200000,134.00000000,139.99000000,134.00000000,138.73000000,1078.22639000,1545610499999,145554.27594460,133,1008.69591000,136018.51774350,0
1545610500000,139.13000000,140.00000000,137.91000000,138.94000000,276.92479000,1545610799999,38612.07702690,88,116.98205000,16361.05413850,0
1545610800000,138.60000000,138.69000000,137.40000000,138.07000000,112.05932000,1545611099999,15463.41857690,60,44.71520000,6170.13553270,0
1545611100000,138.16000000,139.21000000,138.16000000,139.15000000,49.90266000,1545611399999,6933.49600840,24,41.28712000,5738.19228860,0
1545611400000,139.25000000,139.25000000,138.50000000,138.57000000,24.30751000,1545611699999,3376.99168670,10,23.94651000,3326.99318670,0
1545611700000,138.50000000,139.91000000,138.26000000,139.91000000,120.21949000,1545611999999,16666.90471510,46,52.01838000,7228.39626560,0
1545612000000,139.58000000,142.03000000,139.58000000,141.73000000,1047.79321000,1545612299999,146852.12539600,89,1036.13944000,145217.55904660,0
1545612300000,141.94000000,145.14000000,141.94000000,143.00000000,1022.02031000,1545612599999,147091.86436390,222,971.21624000,139755.89349200,0
1545612600000,143.31000000,145.88000000,143.00000000,143.29000000,239.37230000,1545612899999,34602.08449400,88,132.44131000,19088.48869440,0
1545612900000,143.39000000,144.26000000,143.21000000,143.61000000,74.90356000,1545613199999,10749.66442630,39,74.90356000,10749.66442630,0
1545613200000,143.98000000,144.19000000,142.31000000,143.08000000,114.47664000,1545613499999,16368.24413780,56,86.27066000,12326.70903050,0
1545613500000,143.23000000,143.55000000,142.00000000,142.79000000,105.19514000,1545613799999,15018.18856100,49,104.49364000,14918.57556100,0
1545613800000,142.74000000,143.71000000,142.45000000,143.17000000,68.96191000,1545614099999,9863.03807370,42,54.98515000,7871.91317670,0
1545614100000,143.04000000,143.60000000,142.72000000,142.93000000,73.31759000,1545614399999,10494.16953380,42,50.85421000,7273.80573760,0
1545614400000,142.88000000,144.49000000,142.70000000,144.20000000,30.31909000,1545614699999,4344.15304800,41,28.19302000,4038.71090620,0
1545614700000,144.33000000,144.50000000,143.64000000,144.50000000,12.15880000,1545614999999,1751.10687230,13,5.06160000,731.06736230,0
1545615000000,144.68000000,144.72000000,143.90000000,144.03000000,52.68397000,1545615299999,7603.71099690,30,8.34315000,1205.01525560,0
1545615300000,144.31000000,144.42000000,144.12000000,144.42000000,25.20865000,1545615599999,3636.78706500,17,22.03288000,3178.53945400,0
1545615600000,144.22000000,144.98000000,143.95000000,144.42000000,12.92312000,1545615899999,1868.78704320,17,10.70975000,1549.70530740,0
1545615900000,144.44000000,145.01000000,144.03000000,144.51000000,112.80500000,1545616199999,16273.60545570,51,73.64083000,10630.17120780,0
1545616200000,144.47000000,147.55000000,144.35000000,146.88000000,48.89457000,1545616499999,7155.01461090,49,19.87911000,2911.94387520,0
1545616500000,146.70000000,148.57000000,146.70000000,147.54000000,61.34523000,1545616799999,9067.00763600,43,20.55853000,3030.20820270,0
1545616800000,148.29000000,148.29000000,145.93000000,146.18000000,256.83233000,1545617099999,37761.89468110,77,146.55017000,21532.79769230,0
1545617100000,147.25000000,147.25000000,145.64000000,146.37000000,98.44086000,1545617399999,14391.74812120,47,52.07760000,7624.24811620,0
1545617400000,146.37000000,147.08000000,145.98000000,146.38000000,30.18082000,1545617699999,4423.19592630,30,18.74069000,2750.10605800,0
1545617700000,146.21000000,146.29000000,146.03000000,146.16000000,11.05880000,1545617999999,1616.73542530,12,7.51129000,1098.51941120,0
1545618000000,146.32000000,147.41000000,146.32000000,146.84000000,35.58241000,1545618299999,5232.86732420,33,13.42297000,1973.16371710,0
1545618300000,146.80000000,147.31000000,146.67000000,146.67000000,59.64966000,1545618599999,8757.83029080,23,0.84682000,124.34326060,0
1545618600000,146.96000000,148.55000000,146.71000000,147.61000000,40.63086000,1545618899999,5982.03405330,21,28.65625000,4222.51510980,0
1545618900000,147.61000000,147.61000000,147.37000000,147.42000000,3.59470000,1545619199999,529.88765000,9,3.50296000,516.34590860,0
1545619200000,147.22000000,148.44000000,147.17000000,148.33000000,22.03899000,1545619499999,3252.01105530,23,21.00599000,3099.97432530,0
1545619500000,147.56000000,148.02000000,147.00000000,147.38000000,36.96783000,1545619799999,5450.60749880,14,25.62197000,3780.96926700,0
1545619800000,147.56000000,149.25000000,147.56000000,148.98000000,24.25595000,1545620099999,3587.21276760,34,22.69552000,3355.91589690,0
1545620100000,149.35000000,149.97000000,148.52000000,148.70000000,110.40952000,1545620399999,16439.49581110,45,78.69040000,11715.25352760,0
1545620400000,148.78000000,148.78000000,147.79000000,148.12000000,39.32199000,1545620699999,5827.41495600,20,28.41636000,4211.55943000,0
1545620700000,148.26000000,149.27000000,148.26000000,148.67000000,36.58192000,1545620999999,5433.18610830,36,36.49832000,5420.77736030,0
1545621000000,149.04000000,149.41000000,148.92000000,149.20000000,7.07254000,1545621299999,1053.90995200,7,0.83654000,124.93067200,0
1545621300000,149.71000000,150.00000000,149.46000000,149.46000000,486.57407000,1545621599999,72984.41518410,114,486.20207000,72928.81606410,0
1545621600000,149.51000000,149.62000000,148.03000000,148.03000000,141.02198000,1545621899999,20994.48223960,42,111.56842000,16630.75321730,0
1545621900000,148.00000000,149.02000000,148.00000000,148.80000000,154.59604000,1545622199999,23003.83931620,60,15.37073000,2285.27401340,0
1545622200000,148.65000000,148.65000000,148.65000000,148.65000000,18.76478000,1545622499999,2789.38454700,1,18.76478000,2789.38454700,0
1545622500000,148.18000000,149.82000000,148.11000000,149.54000000,48.57953000,1545622799999,7238.25788020,19,14.53691000,2173.71405470,0
1545622800000,149.33000000,149.45000000,149.06000000,149.10000000,67.37991000,1545623099999,10051.90108860,21,19.72668000,2943.47028650,0
1545623100000,149.04000000,149.08000000,148.98000000,149.04000000,3.03781000,1545623399999,452.74170640,8,3.03781000,452.74170640,0
1545623400000,149.10000000,150.80000000,149.10000000,150.30000000,814.77819000,1545623699999,122230.29492840,126,796.18189000,119440.33042930,0
1545623700000,149.89000000,149.89000000,149.74000000,149.74000000,24.72633000,1545623999999,3705.09689460,4,0.00000000,0.00000000,0
1545624000000,149.48000000,149.79000000,148.89000000,148.92000000,18.34417000,1545624299999,2737.41215280,15,0.55639000,82.92570470,0
1545624300000,149.05000000,149.05000000,148.55000000,149.02000000,22.18980000,1545624599999,3296.44558570,12,22.18980000,3296.44558570,0
1545624600000,148.97000000,149.62000000,148.97000000,149.42000000,89.54457000,1545624899999,13380.34342480,10,8.12632000,1214.82850980,0
1545624900000,148.39000000,148.81000000,147.59000000,148.05000000,4.71419000,1545625199999,696.34724190,15,1.14153000,168.94099650,0
1545625200000,147.74000000,148.07000000,147.63000000,147.90000000,17.24690000,1545625499999,2549.97498290,24,17.24690000,2549.97498290,0
1545625500000,147.60000000,148.76000000,147.60000000,148.76000000,22.50376000,1545625799999,3342.20556500,9,20.70356000,3075.63604500,0
1545625800000,148.34000000,148.76000000,148.12000000,148.12000000,21.92502000,1545626099999,3249.35529460,5,0.00885000,1.31652600,0
1545626100000,148.09000000,148.27000000,148.09000000,148.27000000,2.32556000,1545626399999,344.51036080,6,2.32556000,344.51036080,0
1545626400000,148.48000000,148.48000000,148.28000000,148.40000000,2.78129000,1545626699999,412.72544920,9,2.78129000,412.72544920,0
1545626700000,148.11000000,148.11000000,147.94000000,147.94000000,13.32462000,1545626999999,1973.50796030,6,0.66062000,97.84292030,0
1545627000000,148.34000000,148.40000000,148.34000000,148.40000000,1.98000000,1545627299999,293.81227860,2,1.98000000,293.81227860,0
1545627300000,148.26000000,148.56000000,148.08000000,148.56000000,19.48454000,1545627599999,2889.38484600,20,8.56273000,1270.83410960,0
1545627600000,148.74000000,149.02000000,148.74000000,148.84000000,15.11390000,1545627899999,2250.87509800,10,15.11390000,2250.87509800,0
1545627900000,149.23000000,150.31000000,149.23000000,149.78000000,6.27856000,1545628199999,939.70596870,10,4.74871000,710.46891090,0
1545628200000,149.44000000,149.92000000,149.44000000,149.82000000,3.40547000,1545628499999,509.44973760,3,1.40901000,211.09875520,0
1545628500000,149.44000000,149.44000000,149.28000000,149.41000000,42.99725000,1545628799999,6419.65978200,24,42.89378000,6404.19722520,0
1545628800000,149.44000000,149.44000000,149.42000000,149.42000000,2.10741000,1545629099999,314.93117440,3,2.10741000,314.93117440,0
1545629100000,149.25000000,150.35000000,149.25000000,150.01000000,65.31767000,1545629399999,9788.94416940,36,61.54111000,9225.16262940,0
1545629400000,149.95000000,149.95000000,149.42000000,149.42000000,19.12894000,1545629699999,2866.05265400,8,2.85356000,427.37768120,0
1545629700000,150.16000000,150.50000000,149.38000000,149.65000000,37.01554000,1545629999999,5558.46989030,20,17.82087000,2679.38121650,0
1545630000000,149.38000000,151.16000000,149.38000000,151.16000000,58.84904000,1545630299999,8864.64608160,43,58.53967000,8818.34502330,0
1545630300000,151.28000000,151.47000000,149.73000000,150.10000000,26.57976000,1545630599999,4006.58860020,18,19.45556000,2934.58765900,0
1545630600000,150.10000000,150.68000000,148.58000000,149.12000000,132.98105000,1545630899999,19977.92515850,35,77.79482000,11711.80821420,0
1545630900000,148.99000000,148.99000000,148.06000000,148.13000000,19.57238000,1545631199999,2906.44729080,29,14.53878000,2158.93712320,0
1545631200000,148.04000000,148.28000000,147.88000000,148.17000000,24.53695000,1545631499999,3633.20365290,14,5.48324000,812.50895010,0
1545631500000,148.24000000,148.60000000,147.80000000,147.80000000,318.08657000,1545631799999,47015.96957790,91,306.61233000,45319.16732730,0
1545631800000,147.80000000,147.80000000,146.11000000,146.32000000,114.07484000,1545632099999,16722.72946010,37,99.05036000,14520.23912470,0
1545632100000,146.95000000,147.26000000,146.23000000,146.24000000,13.48837000,1545632399999,1975.09420590,14,1.23266000,181.20290670,0
1545632400000,146.86000000,146.86000000,144.94000000,145.77000000,5.74224000,1545632699999,833.77096330,17,1.76465000,256.36168340,0
1545632700000,145.29000000,146.04000000,145.15000000,145.78000000,15.85528000,1545632999999,2304.85666500,13,1.83614000,267.77752040,0
1545633000000,145.32000000,145.74000000,144.81000000,145.74000000,42.69191000,1545633299999,6200.45451380,23,15.42869000,2242.66292820,0
1545633300000,146.53000000,147.07000000,145.97000000,145.99000000,132.01897000,1545633599999,19328.67333220,46,23.16738000,3392.19142170,0
1545633600000,146.41000000,146.75000000,146.01000000,146.75000000,33.55030000,1545633899999,4905.68867860,9,0.53200000,77.77916260,0
1545633900000,146.72000000,146.75000000,146.39000000,146.47000000,45.90370000,1545634199999,6722.97660960,19,1.93910000,284.04898670,0
1545634200000,147.02000000,147.02000000,146.68000000,146.68000000,5.90746000,1545634499999,866.62707300,4,0.01794000,2.63448900,0
1545634500000,146.45000000,146.83000000,146.45000000,146.83000000,9.00807000,1545634799999,1321.55522110,5,5.27000000,773.79410000,0
1545634800000,146.61000000,146.88000000,146.36000000,146.63000000,40.39866000,1545635099999,5925.84809600,13,24.53592000,3600.46178460,0
1545635100000,146.60000000,146.86000000,146.48000000,146.60000000,13.80757000,1545635399999,2025.58074850,14,11.15252000,1636.48814100,0
1545635400000,146.60000000,147.47000000,146.60000000,147.27000000,16.67153000,1545635699999,2453.15468040,15,5.13827000,757.18591160,0
1545635700000,147.15000000,147.40000000,146.89000000,146.89000000,123.64942000,1545635999999,18216.22179690,36,6.46669000,952.93442700,0
1545636000000,146.82000000,146.82000000,146.04000000,146.04000000,37.04263000,1545636299999,5426.77176440,22,3.82258000,559.96439540,0
1545636300000,145.98000000,146.36000000,145.55000000,145.86000000,56.45729000,1545636599999,8242.51149890,22,1.01498000,148.39151280,0
1545636600000,145.78000000,145.78000000,145.76000000,145.78000000,143.29139000,1545636899999,20886.27354140,36,131.12016000,19112.07829940,0
1545636900000,146.50000000,146.60000000,146.50000000,146.60000000,15.07090000,1545637199999,2207.91247660,4,15.07090000,2207.91247660,0
1545637200000,146.59000000,146.59000000,146.23000000,146.23000000,1.63862000,1545637499999,240.17781980,2,1.56227000,229.01315930,0
1545637500000,146.59000000,147.17000000,146.59000000,147.17000000,34.07547000,1545637799999,4996.13481070,25,33.74102000,4947.05092870,0
1545637800000,146.65000000,146.65000000,146.65000000,146.65000000,2.74218000,1545638099999,402.14069700,2,0.00000000,0.00000000,0
1545638100000,146.70000000,146.70000000,146.70000000,146.70000000,3.40796000,1545638399999,499.94773200,2,0.00000000,0.00000000,0
1545638400000,146.65000000,147.32000000,146.65000000,147.23000000,10.22310000,1545638699999,1503.94589210,8,3.39300000,499.85676000,0
1545638700000,147.93000000,147.97000000,147.13000000,147.73000000,37.19483000,1545638999999,5497.32966860,35,33.74615000,4988.74078590,0
1545639000000,147.34000000,147.34000000,147.33000000,147.33000000,21.20919000,1545639299999,3124.78389780,8,0.00000000,0.00000000,0
1545639300000,147.33000000,147.55000000,147.33000000,147.55000000,373.52228000,1545639599999,55109.19548930,60,3.38891000,499.99978140,0
1545639600000,147.40000000,147.85000000,147.40000000,147.45000000,15.47264000,1545639899999,2280.92140040,14,8.57367000,1263.76996300,0
1545639900000,147.48000000,147.63000000,147.32000000,147.32000000,5.51007000,1545640199999,812.58982190,5,0.00000000,0.00000000,0
1545640200000,147.28000000,147.74000000,147.05000000,147.05000000,46.83887000,1545640499999,6906.53724890,33,0.69073000,101.97246990,0
1545640500000,147.05000000,147.05000000,146.53000000,146.91000000,23.00786000,1545640799999,3374.41139540,12,0.00000000,0.00000000,0
1545640800000,147.12000000,147.12000000,146.23000000,146.23000000,5.77689000,1545641099999,844.76257240,2,0.00893000,1.31378160,0
1545641100000,145.93000000,146.00000000,145.85000000,145.97000000,19.38764000,1545641399999,2830.08800940,19,0.00000000,0.00000000,0
1545641400000,146.10000000,146.19000000,145.89000000,146.19000000,18.28830000,1545641699999,2670.69902250,14,3.43131000,501.31520100,0
1545641700000,145.89000000,145.89000000,145.39000000,145.55000000,44.63694000,1545641999999,6493.51247150,27,0.00900000,1.31301000,0
1545642000000,145.59000000,145.59000000,145.10000000,145.42000000,6.57910000,1545642299999,957.02957800,11,0.00900000,1.31022000,0
1545642300000,145.85000000,146.06000000,145.44000000,146.06000000,7.74965000,1545642599999,1130.60485450,11,0.00903000,1.31702550,0
1545642600000,146.25000000,146.63000000,146.25000000,146.63000000,13.17912000,1545642899999,1930.22457110,14,1.97679000,289.82539770,0
1545642900000,146.63000000,146.79000000,146.43000000,146.43000000,17.32942000,1545643199999,2543.46439900,11,16.16468000,2372.73163240,0
1545643200000,146.58000000,146.65000000,146.43000000,146.65000000,11.34940000,1545643499999,1663.51223460,4,0.00000000,0.00000000,0
1545643500000,146.65000000,146.65000000,146.65000000,146.65000000,0.00000000,1545643799999,0.00000000,0,0.00000000,0.00000000,0
1545643800000,147.05000000,147.40000000,147.05000000,147.40000000,8.42220000,1545644099999,1240.47635650,6,6.72601000,990.45795050,0
1545644100000,147.63000000,147.99000000,147.15000000,147.51000000,63.58002000,1545644399999,9399.40356140,20,51.59194000,7628.37552270,0
1545644400000,147.11000000,147.11000000,147.11000000,147.11000000,0.00889000,1545644699999,1.30780790,1,0.00889000,1.30780790,0
1545644700000,146.67000000,147.52000000,146.66000000,147.23000000,15.64144000,1545644999999,2298.71966220,8,8.50681000,1251.81413950,0
1545645000000,147.24000000,147.53000000,147.22000000,147.33000000,21.23604000,1545645299999,3130.23177420,7,19.00193000,2801.14737120,0
1545645300000,147.07000000,147.07000000,146.95000000,146.95000000,6.89101000,1545645599999,1012.63498990,3,0.00892000,1.31186440,0
1545645600000,146.84000000,146.87000000,146.55000000,146.55000000,11.60794000,1545645899999,1704.33646780,4,0.00894000,1.31301780,0
1545645900000,146.55000000,146.55000000,146.52000000,146.52000000,0.88769000,1545646199999,130.08823050,3,0.88769000,130.08823050,0
1545646200000,145.86000000,145.86000000,144.68000000,144.89000000,19.90873000,1545646499999,2884.96860990,26,9.56295000,1385.71883660,0
1545646500000,145.20000000,145.34000000,143.20000000,143.71000000,127.00982000,1545646799999,18307.43708410,40,65.02580000,9357.46337150,0
1545646800000,143.30000000,144.68000000,142.76000000,144.68000000,95.75911000,1545647099999,13716.92705110,43,53.64599000,7683.96711010,0
1545647100000,144.30000000,144.37000000,143.87000000,144.22000000,27.84064000,1545647399999,4013.55000040,12,3.81790000,550.47586430,0
1545647400000,143.86000000,144.08000000,143.02000000,143.70000000,6.91675000,1545647699999,993.34071210,16,4.30497000,618.82758700,0
1545647700000,143.70000000,143.81000000,143.05000000,143.58000000,27.73629000,1545647999999,3980.51467900,23,18.08948000,2599.45827600,0
1545648000000,143.82000000,143.82000000,143.33000000,143.40000000,85.14270000,1545648299999,12243.33942430,25,68.46977000,9846.17514090,0
1545648300000,142.88000000,143.15000000,141.75000000,141.75000000,84.80484000,1545648599999,12067.50877600,43,2.86766000,408.64978350,0
1545648600000,141.83000000,142.30000000,141.40000000,142.09000000,92.04549000,1545648899999,13068.50625720,32,25.34428000,3598.88776000,0
1545648900000,142.88000000,143.24000000,142.88000000,143.18000000,10.03707000,1545649199999,1437.56544240,6,0.08854000,12.65059520,0
1545649200000,143.61000000,143.61000000,143.15000000,143.51000000,12.51683000,1545649499999,1793.13274200,6,2.41412000,346.63101420,0
1545649500000,144.15000000,144.15000000,144.14000000,144.14000000,0.17547000,1545649799999,25.29312260,2,0.08768000,12.63907200,0
1545649800000,144.09000000,144.14000000,144.09000000,144.14000000,2.37071000,1545650099999,341.71060390,2,0.00000000,0.00000000,0
1545650100000,143.96000000,143.96000000,143.96000000,143.96000000,0.09844000,1545650399999,14.17142240,1,0.09844000,14.17142240,0
1545650400000,144.48000000,144.67000000,144.48000000,144.50000000,17.85548000,1545650699999,2580.45508750,20,9.25609000,1337.84323250,0
1545650700000,144.50000000,144.99000000,144.50000000,144.99000000,4.73295000,1545650999999,685.60739020,11,4.43261000,642.06139250,0
1545651000000,144.70000000,144.77000000,144.67000000,144.67000000,31.09851000,1545651299999,4501.13609670,12,22.18401000,3211.20794670,0
1545651300000,143.92000000,143.92000000,143.92000000,143.92000000,0.38322000,1545651599999,55.15302240,2,0.00000000,0.00000000,0
1545651600000,144.38000000,144.57000000,144.12000000,144.21000000,27.16275000,1545651899999,3925.35358010,13,25.11888000,3630.61964060,0
1545651900000,144.30000000,144.30000000,144.00000000,144.00000000,2.59030000,1545652199999,373.44030000,4,0.00000000,0.00000000,0
1545652200000,144.09000000,144.09000000,143.55000000,143.55000000,14.12061000,1545652499999,2027.70611750,11,0.01818000,2.61955620,0
1545652500000,144.05000000,144.26000000,144.05000000,144.26000000,8.01326000,1545652799999,1155.09362940,8,0.00000000,0.00000000,0
1545652800000,144.14000000,144.16000000,143.95000000,143.95000000,11.44522000,1545653099999,1648.31013170,9,3.00000000,432.48000000,0
1545653100000,143.42000000,143.55000000,143.23000000,143.31000000,17.59308000,1545653399999,2522.76616380,5,1.60000000,229.53600000,0
1545653400000,143.89000000,143.89000000,143.70000000,143.80000000,8.59840000,1545653699999,1236.84137880,6,2.81956000,405.39633680,0
1545653700000,144.21000000,144.67000000,144.21000000,144.67000000,43.81481000,1545653999999,6331.72059940,13,36.56612000,5285.84931150,0
1545654000000,144.82000000,144.82000000,144.63000000,144.63000000,0.38909000,1545654299999,56.34628670,2,0.00909000,1.31468670,0
1545654300000,144.62000000,144.62000000,144.15000000,144.19000000,0.43214000,1545654599999,62.34886050,3,0.43214000,62.34886050,0
1545654600000,144.19000000,144.19000000,144.04000000,144.04000000,10.48427000,1545654899999,1510.38198230,4,1.51821000,218.91069990,0
1545654900000,144.02000000,144.30000000,144.02000000,144.24000000,18.85745000,1545655199999,2720.18311080,5,3.62538000,523.14233400,0
1545655200000,144.71000000,144.82000000,144.42000000,144.42000000,6.94388000,1545655499999,1004.39263550,14,2.88950000,418.30301270,0
1545655500000,144.97000000,144.97000000,144.52000000,144.52000000,14.69894000,1545655799999,2124.36138340,6,0.00908000,1.31632760,0
1545655800000,144.69000000,144.69000000,144.69000000,144.69000000,0.55763000,1545656099999,80.68348470,1,0.00000000,0.00000000,0
1545656100000,144.42000000,144.42000000,143.99000000,143.99000000,2.10526000,1545656399999,303.80805390,6,0.82885000,119.58647800,0
1545656400000,144.27000000,144.27000000,144.17000000,144.17000000,2.40402000,1545656699999,346.58847340,2,2.40402000,346.58847340,0
1545656700000,144.17000000,144.17000000,144.17000000,144.17000000,0.00000000,1545656999999,0.00000000,0,0.00000000,0.00000000,0
1545657000000,144.81000000,144.81000000,144.25000000,144.72000000,15.10700000,1545657299999,2185.39067000,4,0.14400000,20.83968000,0
1545657300000,144.73000000,144.73000000,144.73000000,144.73000000,6.87483000,1545657599999,994.99414590,1,0.00000000,0.00000000,0
1545657600000,144.82000000,145.50000000,144.72000000,145.50000000,28.14372000,1545657899999,4084.39957000,17,20.88172000,3032.73119730,0
1545657900000,145.88000000,148.36000000,145.88000000,148.03000000,63.99508000,1545658199999,9421.80919150,31,45.74888000,6721.40853930,0
1545658200000,147.59000000,147.80000000,147.45000000,147.45000000,27.33193000,1545658499999,4032.65715530,14,5.77129000,852.75946760,0
1545658500000,147.49000000,147.49000000,147.24000000,147.24000000,2.32018000,1545658799999,341.62552320,4,0.00888000,1.30971120,0
1545658800000,147.53000000,147.53000000,147.53000000,147.53000000,4.95523000,1545659099999,731.04508190,4,4.95523000,731.04508190,0
1545659100000,147.78000000,147.98000000,147.78000000,147.97000000,29.38052000,1545659399999,4343.95793040,14,29.38052000,4343.95793040,0
1545659400000,147.97000000,148.01000000,147.34000000,147.78000000,9.91309000,1545659699999,1463.85599440,8,7.03161000,1039.29873120,0
1545659700000,147.78000000,147.83000000,147.19000000,147.37000000,43.96797000,1545659999999,6487.13367380,12,41.46498000,6118.44180670,0
1545660000000,147.82000000,147.82000000,147.09000000,147.29000000,15.87600000,1545660299999,2338.13526710,6,1.27989000,188.74654980,0
1545660300000,147.45000000,147.45000000,147.45000000,147.45000000,0.00892000,1545660599999,1.31525400,1,0.00892000,1.31525400,0
1545660600000,146.72000000,147.01000000,146.38000000,146.56000000,13.27622000,1545660899999,1946.50614810,16,1.34299000,196.84540110,0
1545660900000,146.79000000,148.14000000,146.79000000,147.31000000,31.02590000,1545661199999,4581.05765500,6,31.02590000,4581.05765500,0
1545661200000,147.31000000,147.31000000,146.63000000,146.85000000,13.52736000,1545661499999,1986.95563840,8,0.00000000,0.00000000,0
1545661500000,146.85000000,146.85000000,146.85000000,146.85000000,0.00000000,1545661799999,0.00000000,0,0.00000000,0.00000000,0
1545661800000,148.00000000,148.03000000,147.60000000,147.60000000,3.54813000,1545662099999,524.81753840,5,3.44813000,510.05753840,0
1545662100000,147.52000000,148.36000000,147.48000000,148.36000000,38.63121000,1545662399999,5710.36102070,16,21.93121000,3246.94756070,0
1545662400000,148.52000000,149.83000000,148.52000000,149.78000000,148.67968000,1545662699999,22247.80569770,62,1.17419000,175.78742860,0
1545662700000,149.53000000,151.19000000,149.50000000,151.18000000,111.10670000,1545662999999,16714.76039600,39,111.10670000,16714.76039600,0
1545663000000,151.50000000,157.50000000,151.50000000,156.39000000,848.07994000,1545663299999,130801.11524190,116,831.21786000,128163.64178940,0
1545663300000,156.96000000,157.64000000,155.68000000,155.96000000,114.85905000,1545663599999,17939.79320050,45,78.35343000,12237.40594570,0
1545663600000,155.72000000,156.49000000,153.40000000,154.47000000,95.11081000,1545663899999,14754.58819420,41,82.56265000,12804.31166280,0
1545663900000,154.63000000,155.80000000,154.03000000,155.80000000,52.86950000,1545664199999,8207.40871610,25,44.33491000,6884.60665640,0
1545664200000,156.03000000,156.03000000,155.05000000,155.55000000,20.06288000,1545664499999,3122.57564920,14,9.39928000,1461.67553120,0
1545664500000,155.55000000,155.78000000,155.00000000,155.40000000,41.51113000,1545664799999,6449.81342390,12,41.12372000,6389.76487390,0
1545664800000,156.11000000,157.16000000,156.11000000,156.26000000,38.69806000,1545665099999,6056.20418090,9,18.69806000,2930.67052810,0
1545665100000,156.46000000,156.84000000,155.81000000,156.84000000,15.26328000,1545665399999,2382.81668880,9,5.02047000,785.78446270,0
1545665400000,156.65000000,159.00000000,156.65000000,159.00000000,26.97804000,1545665699999,4246.50974680,26,22.00739000,3460.10321030,0
1545665700000,158.22000000,159.22000000,156.17000000,156.27000000,144.13982000,1545665999999,22715.47925490,47,92.80034000,14649.82584950,0
1545666000000,156.27000000,156.27000000,154.86000000,156.02000000,27.18869000,1545666299999,4239.22996470,23,10.61847000,1654.85546970,0
1545666300000,156.26000000,156.26000000,155.23000000,155.80000000,14.49708000,1545666599999,2258.20861240,18,5.75234000,895.63341960,0
1545666600000,155.57000000,155.57000000,152.76000000,153.38000000,80.41170000,1545666899999,12331.23474160,53,27.51024000,4230.23813480,0
1545666900000,152.76000000,153.16000000,145.53000000,145.53000000,315.84039000,1545667199999,47037.00478220,143,156.22935000,23385.98390850,0
1545667200000,145.50000000,152.00000000,143.00000000,147.11000000,256.85502000,1545667499999,37526.50327590,135,178.05514000,26049.56894580,0
1545667500000,147.35000000,148.73000000,147.33000000,148.19000000,56.72600000,1545667799999,8383.07780890,24,44.30957000,6542.73601360,0
1545667800000,148.20000000,148.97000000,147.65000000,148.19000000,30.06558000,1545668099999,4458.67400100,26,10.19011000,1511.43256840,0
1545668100000,148.00000000,148.17000000,146.67000000,147.99000000,17.30937000,1545668399999,2550.78708180,11,7.66557000,1134.60770430,0
1545668400000,146.86000000,147.73000000,144.64000000,144.64000000,19.00418000,1545668699999,2763.71076870,18,6.87032000,997.99754890,0
1545668700000,144.64000000,146.60000000,144.64000000,145.87000000,43.16183000,1545668999999,6265.75877830,21,32.40947000,4696.54943360,0
1545669000000,145.63000000,147.33000000,145.03000000,145.99000000,64.42329000,1545669299999,9410.40874810,31,12.69502000,1863.90488460,0
1545669300000,146.48000000,147.84000000,144.95000000,145.70000000,360.76782000,1545669599999,52668.23539320,51,347.57557000,50739.72033470,0
1545669600000,146.50000000,147.40000000,145.58000000,147.26000000,17.92138000,1545669899999,2621.53464330,45,7.55285000,1103.32845920,0
1545669900000,147.24000000,147.99000000,147.00000000,147.56000000,25.14055000,1545670199999,3704.07494900,34,18.73782000,2760.72921900,0
1545670200000,147.43000000,147.43000000,147.43000000,147.43000000,0.00892000,1545670499999,1.31507560,1,0.00892000,1.31507560,0
1545670500000,147.55000000,147.56000000,145.96000000,145.96000000,56.07848000,1545670799999,8268.80504640,15,8.85789000,1306.73879190,0
1545670800000,147.18000000,147.47000000,146.13000000,147.47000000,121.99216000,1545671099999,17838.93104250,12,5.00092000,736.92665620,0
1545671100000,147.28000000,147.28000000,146.58000000,147.10000000,15.64618000,1545671399999,2298.12347660,6,8.83054000,1299.08696540,0
1545671400000,147.01000000,148.65000000,147.01000000,148.65000000,20.53267000,1545671699999,3028.94826490,10,18.80285000,2774.64742670,0
1545671700000,148.21000000,148.21000000,147.07000000,147.43000000,16.61451000,1545671999999,2460.61378150,10,16.61451000,2460.61378150,0
1545672000000,147.49000000,147.60000000,147.37000000,147.44000000,0.91213000,1545672299999,134.48622140,4,0.91213000,134.48622140,0
1545672300000,146.99000000,146.99000000,146.99000000,146.99000000,0.70000000,1545672599999,102.89300000,1,0.00000000,0.00000000,0
1545672600000,147.40000000,147.40000000,147.20000000,147.20000000,1.53792000,1545672899999,226.38360800,2,1.53792000,226.38360800,0
1545672900000,147.20000000,147.20000000,147.20000000,147.20000000,0.00000000,1545673199999,0.00000000,0,0.00000000,0.00000000,0
1545673200000,147.20000000,147.38000000,147.20000000,147.38000000,3.07712000,1545673499999,453.20262580,3,3.07712000,453.20262580,0
1545673500000,146.99000000,147.36000000,146.99000000,147.36000000,6.08830000,1545673799999,894.92252110,6,5.85432000,860.52980090,0
1545673800000,146.73000000,147.26000000,146.72000000,146.72000000,1.51387000,1545674099999,222.13402040,3,0.00893000,1.31503180,0
1545674100000,146.68000000,147.29000000,146.54000000,147.29000000,8.57424000,1545674399999,1257.66758240,5,0.01790000,2.63497120,0
1545674400000,146.82000000,146.82000000,146.19000000,146.21000000,35.65305000,1545674699999,5232.05326510,20,0.14146000,20.74648880,0
1545674700000,146.00000000,146.33000000,144.48000000,145.99000000,103.04406000,1545674999999,14976.74535330,53,46.36065000,6732.69872320,0
1545675000000,145.97000000,146.72000000,145.73000000,146.72000000,4.97956000,1545675299999,727.11969810,19,3.30982000,483.53558670,0
1545675300000,145.89000000,146.70000000,145.89000000,146.63000000,17.59342000,1545675599999,2568.54711340,17,3.96652000,580.14797920,0
1545675600000,145.98000000,145.98000000,145.98000000,145.98000000,0.34783000,1545675899999,50.77622340,1,0.00000000,0.00000000,0
1545675900000,145.68000000,145.86000000,145.68000000,145.86000000,1.69737000,1545676199999,247.42339940,6,0.33235000,48.43078380,0
1545676200000,145.01000000,145.79000000,144.16000000,145.79000000,9.84771000,1545676499999,1424.45118230,13,0.02710000,3.94153860,0
1545676500000,144.95000000,144.95000000,141.09000000,141.09000000,397.21408000,1545676799999,56795.28891860,111,7.78084000,1117.50170360,0
1545676800000,140.90000000,140.94000000,137.93000000,137.94000000,134.18585000,1545677099999,18772.29157240,96,54.49204000,7629.69943570,0
1545677100000,138.70000000,139.87000000,137.00000000,137.05000000,89.32848000,1545677399999,12417.20795020,41,75.60871000,10525.06842990,0
1545677400000,137.68000000,139.73000000,137.68000000,139.47000000,13.38145000,1545677699999,1851.03757390,12,6.48111000,895.13347370,0
1545677700000,139.47000000,140.11000000,139.42000000,139.88000000,44.00802000,1545677999999,6142.73332460,18,6.21404000,868.57805320,0
1545678000000,139.71000000,139.71000000,138.00000000,138.36000000,49.78198000,1545678299999,6887.98250740,37,29.14635000,4030.19900360,0
1545678300000,138.09000000,138.24000000,137.14000000,137.14000000,22.74430000,1545678599999,3139.63917330,15,0.29894000,41.17053870,0
1545678600000,137.03000000,137.59000000,136.49000000,136.97000000,60.04865000,1545678899999,8222.57982330,38,34.54459000,4733.11292900,0
1545678900000,137.13000000,137.13000000,133.12000000,133.69000000,253.19851000,1545679199999,34237.15107890,128,56.54740000,7696.68877670,0
1545679200000,133.53000000,135.14000000,131.94000000,132.95000000,459.73786000,1545679499999,61169.60812870,84,390.78276000,52013.01821700,0
1545679500000,133.97000000,135.34000000,133.15000000,134.91000000,28.19221000,1545679799999,3789.62623190,13,23.47875000,3160.79896060,0
1545679800000,134.22000000,136.10000000,132.93000000,135.47000000,171.26746000,1545680099999,22997.68064590,44,98.59541000,13289.90773110,0
1545680100000,135.97000000,135.97000000,134.72000000,135.11000000,84.84510000,1545680399999,11464.51730220,21,0.43588000,58.91299540,0
1545680400000,135.11000000,135.60000000,135.11000000,135.41000000,295.59628000,1545680699999,39938.02106960,19,0.01944000,2.63421720,0
1545680700000,135.37000000,135.90000000,135.21000000,135.50000000,11.05586000,1545680999999,1496.84510980,11,10.51148000,1423.05167890,0
1545681000000,135.69000000,135.81000000,135.33000000,135.81000000,3.33945000,1545681299999,452.17042450,7,3.33945000,452.17042450,0
1545681300000,136.00000000,137.89000000,136.00000000,137.49000000,74.16988000,1545681599999,10166.46603840,30,25.05141000,3439.16297370,0
1545681600000,137.49000000,138.85000000,137.05000000,138.25000000,35.87536000,1545681899999,4935.90629420,31,11.73536000,1622.56929420,0
1545681900000,137.49000000,138.62000000,136.67000000,136.67000000,46.36633000,1545682199999,6395.51336490,29,5.69910000,781.75808580,0
1545682200000,136.69000000,138.92000000,136.50000000,138.75000000,59.04161000,1545682499999,8116.67938410,39,36.61757000,5037.32919280,0
1545682500000,138.76000000,139.00000000,138.75000000,138.86000000,13.84755000,1545682799999,1923.26649400,19,11.75914000,1633.47872240,0
1545682800000,139.00000000,139.92000000,138.30000000,138.87000000,33.44496000,1545683099999,4645.91908570,16,15.03787000,2097.01238270,0
1545683100000,138.30000000,138.89000000,137.34000000,138.70000000,13.49008000,1545683399999,1870.44407650,9,12.51892000,1736.60111250,0
1545683400000,138.67000000,138.67000000,137.72000000,137.96000000,36.75060000,1545683699999,5062.81070870,13,26.07659000,3592.78605150,0
1545683700000,137.67000000,137.67000000,136.85000000,137.00000000,8.16303000,1545683999999,1117.58045460,6,3.00861000,412.19807760,0
1545684000000,136.72000000,136.72000000,136.31000000,136.32000000,72.40564000,1545684299999,9870.42192480,6,0.00000000,0.00000000,0
1545684300000,136.79000000,137.90000000,136.04000000,137.90000000,44.11216000,1545684599999,6058.25966490,23,13.24837000,1811.98942490,0
1545684600000,137.76000000,138.89000000,137.74000000,138.89000000,0.05744000,1545684899999,7.95157050,6,0.05744000,7.95157050,0
1545684900000,138.66000000,138.68000000,138.25000000,138.62000000,1.05441000,1545685199999,145.78647770,6,1.05441000,145.78647770,0
1545685200000,138.21000000,138.79000000,137.47000000,137.90000000,46.37386000,1545685499999,6388.44536770,20,24.54269000,3384.46241100,0
1545685500000,138.62000000,138.65000000,137.77000000,137.77000000,4.66664000,1545685799999,646.02100820,9,2.91581000,403.92915910,0
1545685800000,138.72000000,139.99000000,138.69000000,139.55000000,40.83495000,1545686099999,5667.93096050,24,39.22905000,5445.16051250,0
1545686100000,139.74000000,140.90000000,139.27000000,140.21000000,76.26471000,1545686399999,10717.57146500,24,10.13290000,1420.25618740,0
1545686400000,140.27000000,142.41000000,140.27000000,141.26000000,61.03262000,1545686699999,8619.53888000,48,41.49898000,5856.56341630,0
1545686700000,141.26000000,141.93000000,141.26000000,141.72000000,14.33959000,1545686999999,2026.66101500,14,10.00900000,1414.13384060,0
1545687000000,141.77000000,142.30000000,141.21000000,141.66000000,78.84106000,1545687299999,11185.21429520,30,78.84034000,11185.11225680,0
1545687300000,141.35000000,141.62000000,140.70000000,141.07000000,68.60826000,1545687599999,9684.60466910,29,47.71377000,6736.02600760,0
1545687600000,141.21000000,141.35000000,141.21000000,141.35000000,6.00931000,1545687899999,849.41466510,3,6.00931000,849.41466510,0
1545687900000,141.40000000,142.39000000,141.24000000,142.38000000,16.29400000,1545688199999,2305.71248920,12,15.88160000,2247.46511320,0
1545688200000,141.90000000,142.63000000,141.90000000,142.58000000,18.30490000,1545688499999,2602.55111940,17,16.26603000,2313.23546640,0
1545688500000,142.63000000,142.95000000,141.89000000,141.89000000,11.85928000,1545688799999,1692.07510730,9,9.72622000,1389.33845210,0
1545688800000,142.74000000,142.75000000,141.04000000,141.04000000,47.85506000,1545689099999,6795.83271720,33,11.15894000,1584.82109190,0
1545689100000,141.66000000,141.66000000,140.93000000,141.17000000,2.69051000,1545689399999,379.59053960,8,2.69051000,379.59053960,0
1545689400000,140.46000000,140.68000000,139.15000000,139.85000000,27.61203000,1545689699999,3849.13250400,12,0.53187000,74.36683210,0
1545689700000,140.09000000,140.42000000,140.09000000,140.42000000,2.77542000,1545689999999,388.81169640,4,2.77542000,388.81169640,0
1545690000000,141.46000000,141.62000000,141.46000000,141.62000000,5.29208000,1545690299999,748.63194240,3,5.29208000,748.63194240,0
1545690300000,141.74000000,141.74000000,141.74000000,141.74000000,1.19995000,1545690599999,170.08091300,1,1.19995000,170.08091300,0
1545690600000,141.86000000,141.86000000,141.86000000,141.86000000,0.27533000,1545690899999,39.05831380,1,0.27533000,39.05831380,0
1545690900000,140.80000000,140.80000000,140.19000000,140.19000000,16.04835000,1545691199999,2254.58791200,16,8.64334000,1213.90300630,0
1545691200000,140.16000000,141.21000000,140.16000000,140.52000000,42.28917000,1545691499999,5942.82839990,25,28.04417000,3941.13324990,0
1545691500000,141.02000000,141.06000000,141.02000000,141.06000000,4.25435000,1545691799999,600.11823700,2,4.25435000,600.11823700,0
1545691800000,141.02000000,141.51000000,140.74000000,140.74000000,11.02517000,1545692099999,1552.41793400,4,0.00934000,1.32170340,0
1545692100000,141.38000000,141.38000000,141.01000000,141.01000000,0.25576000,1545692399999,36.06816970,2,0.25576000,36.06816970,0
1545692400000,141.01000000,141.05000000,141.01000000,141.05000000,615.52999000,1545692699999,86820.19625170,203,615.52999000,86820.19625170,0
1545692700000,141.05000000,142.04000000,141.05000000,142.04000000,206.22720000,1545692999999,29088.40674060,51,206.22720000,29088.40674060,0
1545693000000,142.04000000,142.04000000,142.04000000,142.04000000,7.50800000,1545693299999,1066.43632000,2,0.00000000,0.00000000,0
1545693300000,142.81000000,144.61000000,142.81000000,143.83000000,69.20030000,1545693599999,9955.86492900,29,13.09814000,1887.04231000,0
1545693600000,143.37000000,143.82000000,142.79000000,142.98000000,27.41799000,1545693899999,3921.86386590,15,27.33031000,3909.33614750,0
1545693900000,142.24000000,142.80000000,141.52000000,142.32000000,26.29578000,1545694199999,3744.11825520,19,22.76558000,3244.02851360,0
1545694200000,142.22000000,142.32000000,141.74000000,141.74000000,5.01619000,1545694499999,711.94761060,14,4.60878000,654.20131720,0
1545694500000,141.89000000,142.20000000,140.07000000,140.07000000,91.12821000,1545694799999,12919.18368310,59,14.72007000,2088.34011770,0
1545694800000,139.94000000,140.90000000,139.94000000,140.50000000,123.49164000,1545695099999,17335.42986430,95,112.79366000,15838.35454310,0
1545695100000,140.27000000,140.50000000,138.53000000,139.05000000,425.09933000,1545695399999,59591.85914940,63,365.05242000,51221.52785850,0
1545695400000,138.81000000,139.26000000,136.59000000,137.48000000,44.71535000,1545695699999,6162.46736870,41,19.97910000,2763.44160820,0
1545695700000,137.90000000,139.42000000,137.90000000,139.42000000,136.21748000,1545695999999,18918.34697280,53,29.47707000,4094.33516110,0
1545696000000,139.23000000,139.82000000,139.14000000,139.25000000,34.26011000,1545696299999,4776.54440170,29,23.28476000,3246.45272980,0
1545696300000,138.69000000,139.14000000,137.90000000,138.17000000,56.69202000,1545696599999,7854.42975810,45,0.02826000,3.91655340,0
1545696600000,136.84000000,137.35000000,136.09000000,137.28000000,89.20120000,1545696899999,12176.64279740,57,71.73936000,9796.09658400,0
1545696900000,136.69000000,136.70000000,133.10000000,134.56000000,208.85927000,1545697199999,28092.23987020,45,73.77620000,9911.25309600,0
1545697200000,133.85000000,133.88000000,128.45000000,129.81000000,374.26158000,1545697499999,48853.12306310,129,122.23515000,15894.07530950,0
1545697500000,129.52000000,132.99000000,129.52000000,131.91000000,226.71176000,1545697799999,29743.95631580,121,120.05702000,15720.32892270,0
1545697800000,131.71000000,132.75000000,130.50000000,132.62000000,463.79035000,1545698099999,60781.88528610,84,368.64759000,48236.08242810,0
1545698100000,132.62000000,132.69000000,130.59000000,130.59000000,85.47926000,1545698399999,11206.89902820,21,4.59506000,606.13089680,0
1545698400000,130.60000000,132.55000000,130.60000000,131.76000000,79.04820000,1545698699999,10413.86736040,41,0.33808000,44.50387480,0
1545698700000,131.76000000,132.02000000,129.61000000,129.61000000,208.47939000,1545698999999,27321.47320450,60,101.60778000,13365.30445200,0
1545699000000,129.24000000,130.65000000,128.00000000,128.15000000,287.39153000,1545699299999,37061.96863120,125,171.55399000,22150.59526680,0
1545699300000,127.82000000,129.57000000,127.82000000,129.15000000,214.10141000,1545699599999,27567.17923970,82,112.13778000,14440.19299080,0
1545699600000,129.09000000,131.23000000,129.09000000,130.09000000,51.02016000,1545699899999,6646.31059340,34,16.73234000,2183.35598620,0
1545699900000,130.01000000,130.67000000,129.46000000,130.15000000,66.17224000,1545700199999,8608.76871040,45,24.08053000,3139.47147860,0
1545700200000,130.06000000,130.70000000,129.95000000,130.70000000,3.57617000,1545700499999,465.80227740,10,2.43571000,317.46638270,0
1545700500000,130.42000000,130.59000000,129.47000000,129.77000000,117.44901000,1545700799999,15264.88164990,50,19.77338000,2566.89498420,0
1545700800000,130.10000000,131.03000000,130.10000000,131.03000000,126.20043000,1545701099999,16524.88751810,39,17.03992000,2232.13019920,0
1545701100000,131.14000000,131.60000000,130.80000000,131.34000000,57.72675000,1545701399999,7572.37390740,29,45.52128000,5969.43549860,0
1545701400000,131.70000000,132.05000000,131.04000000,131.91000000,68.01336000,1545701699999,8945.94471150,24,27.24387000,3590.65817940,0
1545701700000,131.91000000,131.91000000,131.16000000,131.16000000,1.31049000,1545701999999,172.13913250,6,0.99843000,130.99009450,0
1545702000000,131.27000000,131.62000000,130.60000000,130.60000000,59.67647000,1545702299999,7802.77581110,28,9.56240000,1256.59861350,0
1545702300000,130.60000000,131.18000000,130.60000000,130.60000000,37.27145000,1545702599999,4869.38567420,28,8.61045000,1125.82066330,0
1545702600000,130.61000000,130.85000000,130.60000000,130.85000000,317.39385000,1545702899999,41457.02739140,59,21.85543000,2859.68028690,0
1545702900000,130.84000000,131.18000000,130.83000000,131.18000000,41.72625000,1545703199999,5461.06595400,17,32.54542000,4259.84615680,0
1545703200000,130.36000000,130.36000000,128.65000000,129.29000000,60.72851000,1545703499999,7865.17719180,34,13.60671000,1758.17752740,0
1545703500000,129.88000000,131.44000000,129.88000000,130.25000000,54.80948000,1545703799999,7166.40249670,22,20.40794000,2667.14407350,0
1545703800000,130.82000000,131.04000000,130.36000000,131.04000000,16.59791000,1545704099999,2170.32768860,16,7.72939000,1011.47260780,0
1545704100000,131.04000000,131.04000000,131.04000000,131.04000000,0.64751000,1545704399999,84.84971040,1,0.64751000,84.84971040,0
1545704400000,129.61000000,129.80000000,129.55000000,129.80000000,1.48453000,1545704699999,192.32916090,3,1.38804000,179.82309200,0
1545704700000,129.80000000,129.80000000,129.80000000,129.80000000,0.00000000,1545704999999,0.00000000,0,0.00000000,0.00000000,0
1545705000000,129.84000000,130.64000000,129.82000000,130.00000000,31.67550000,1545705299999,4116.36935260,22,9.24931000,1201.98160840,0
1545705300000,130.27000000,130.66000000,130.27000000,130.66000000,5.91460000,1545705599999,772.75499200,3,5.79500000,757.17470000,0
1545705600000,130.76000000,131.16000000,130.76000000,131.16000000,1.64325000,1545705899999,215.36450120,6,1.15298000,151.06068800,0
1545705900000,131.02000000,131.02000000,130.83000000,130.83000000,9.22137000,1545706199999,1206.90683710,3,9.22137000,1206.90683710,0
1545706200000,130.64000000,130.71000000,130.64000000,130.71000000,1.13800000,1545706499999,148.74075530,3,0.00000000,0.00000000,0
1545706500000,130.75000000,131.00000000,129.77000000,129.94000000,35.31999000,1545706799999,4608.22099840,12,20.40712000,2658.81664640,0
1545706800000,130.82000000,131.17000000,130.71000000,131.17000000,31.98476000,1545707099999,4185.41992190,4,6.98473000,916.18703410,0
1545707100000,130.88000000,131.18000000,130.88000000,130.91000000,12.67532000,1545707399999,1661.99589520,4,11.77917000,1544.70778320,0
1545707400000,130.36000000,130.60000000,130.36000000,130.36000000,4.58450000,1545707699999,598.22818640,6,3.79470000,495.26985840,0
1545707700000,130.33000000,130.33000000,129.78000000,129.91000000,12.67231000,1545707999999,1646.31684740,4,0.01007000,1.31242310,0
1545708000000,129.91000000,129.91000000,129.50000000,129.50000000,31.08092000,1545708299999,4028.13868320,11,22.76018000,2949.69331000,0
1545708300000,129.18000000,129.18000000,128.47000000,128.79000000,21.56218000,1545708599999,2777.99499300,13,3.72027000,479.24463750,0
1545708600000,128.53000000,129.50000000,128.53000000,129.31000000,56.13396000,1545708899999,7241.04380870,24,24.18428000,3115.49316070,0
1545708900000,128.96000000,129.09000000,128.70000000,128.70000000,5.46159000,1545709199999,703.68171250,8,1.95730000,252.50511600,0
1545709200000,128.15000000,128.15000000,126.24000000,127.38000000,90.03652000,1545709499999,11438.38984200,36,63.79455000,8109.46350010,0
1545709500000,127.50000000,127.57000000,126.62000000,126.62000000,69.69159000,1545709799999,8856.77129140,21,68.43039000,8696.94984190,0
1545709800000,126.62000000,126.64000000,122.20000000,124.41000000,579.02699000,1545710099999,72278.86610120,176,161.22489000,20033.46082930,0
1545710100000,124.13000000,124.67000000,124.09000000,124.27000000,43.84278000,1545710399999,5458.52231080,11,17.58950000,2190.74329240,0
1545710400000,124.21000000,125.26000000,123.72000000,125.26000000,823.98921000,1545710699999,102087.66968810,147,681.70205000,84394.13725340,0
1545710700000,125.54000000,126.20000000,124.95000000,125.64000000,74.10944000,1545710999999,9291.20623160,41,22.14213000,2786.95856620,0
1545711000000,125.16000000,125.16000000,124.68000000,124.68000000,23.12248000,1545711299999,2886.43111560,7,6.73949000,843.31196370,0
1545711300000,125.00000000,125.13000000,124.58000000,125.13000000,285.21299000,1545711599999,35681.84419670,93,274.22389000,34310.62211870,0
1545711600000,125.13000000,127.23000000,124.00000000,127.23000000,769.93591000,1545711899999,95673.23519120,42,645.36719000,80106.78900680,0
1545711900000,126.67000000,127.00000000,125.71000000,125.71000000,57.42814000,1545712199999,7268.53289280,26,0.01050000,1.33350000,0
1545712200000,126.22000000,126.30000000,125.89000000,126.07000000,52.66128000,1545712499999,6650.62995490,11,1.13000000,142.60424000,0
1545712500000,126.08000000,126.46000000,125.73000000,126.40000000,64.75616000,1545712799999,8168.17261740,22,0.21432000,27.03068390,0
1545712800000,126.40000000,126.66000000,126.28000000,126.57000000,60.42865000,1545713099999,7641.20487860,26,0.01041000,1.31769780,0
1545713100000,126.25000000,126.78000000,126.25000000,126.61000000,17.74745000,1545713399999,2248.57772890,8,0.36037000,45.62644570,0
1545713400000,126.49000000,127.22000000,126.49000000,127.22000000,13.60653000,1545713699999,1729.02164520,37,8.46032000,1076.31433300,0
1545713700000,127.11000000,127.11000000,126.13000000,126.67000000,32.51994000,1545713999999,4113.82617820,14,16.49500000,2087.81481860,0
1545714000000,126.72000000,127.32000000,126.62000000,127.32000000,18.76108000,1545714299999,2377.22369380,13,0.42680000,54.17258770,0
1545714300000,127.34000000,127.72000000,127.00000000,127.65000000,36.98808000,1545714599999,4709.23769260,17,19.81494000,2523.11497060,0
1545714600000,127.55000000,127.55000000,127.48000000,127.48000000,1.59669000,1545714899999,203.54676360,4,1.59669000,203.54676360,0
1545714900000,127.65000000,128.47000000,127.65000000,128.26000000,17.54347000,1545715199999,2248.10112540,19,17.54347000,2248.10112540,0
1545715200000,128.35000000,128.84000000,128.32000000,128.84000000,7.75909000,1545715499999,996.65913550,9,7.75909000,996.65913550,0
1545715500000,128.52000000,128.52000000,128.26000000,128.36000000,2.45263000,1545715799999,314.79748100,7,1.37116000,176.02443880,0
1545715800000,128.02000000,128.02000000,127.44000000,127.44000000,37.67703000,1545716099999,4815.55210000,19,33.12340000,4232.93288300,0
1545716100000,127.34000000,127.89000000,127.20000000,127.65000000,0.66313000,1545716399999,84.59598000,4,0.01028000,1.31470920,0
1545716400000,127.76000000,128.05000000,127.17000000,127.17000000,29.52016000,1545716699999,3769.59188190,12,25.70232000,3282.05176020,0
1545716700000,127.11000000,127.47000000,126.51000000,126.93000000,28.55650000,1545716999999,3621.01144150,16,9.21065000,1168.39896650,0
1545717000000,126.69000000,127.36000000,126.37000000,127.36000000,12.32892000,1545717299999,1563.95719150,15,4.75134000,604.09190450,0
1545717300000,127.57000000,127.57000000,127.27000000,127.27000000,16.39364000,1545717599999,2090.27656060,26,1.49340000,190.06501800,0
1545717600000,127.39000000,127.98000000,127.35000000,127.98000000,18.13563000,1545717899999,2317.94366610,13,8.14897000,1041.44878490,0
1545717900000,127.78000000,127.78000000,127.26000000,127.26000000,2.08921000,1545718199999,266.53821540,4,2.01029000,256.49485620,0
1545718200000,127.35000000,127.35000000,126.51000000,126.51000000,19.33784000,1545718499999,2449.08165950,4,0.01028000,1.30915800,0
1545718500000,126.51000000,126.51000000,125.93000000,126.05000000,11.10759000,1545718799999,1400.25038330,9,2.49589000,315.75026910,0
1545718800000,125.79000000,126.59000000,125.79000000,126.59000000,6.51176000,1545719099999,820.23500300,7,3.99727000,503.93730590,0
1545719100000,126.08000000,126.53000000,126.00000000,126.53000000,38.71609000,1545719399999,4886.57843460,21,14.50409000,1834.31435460,0
1545719400000,126.43000000,126.84000000,126.35000000,126.63000000,14.77390000,1545719699999,1868.47133820,12,6.66610000,843.40218420,0
1545719700000,126.30000000,126.48000000,126.12000000,126.48000000,8.79402000,1545719999999,1110.21547730,4,2.64792000,333.96304730,0
1545720000000,125.66000000,126.06000000,125.44000000,126.06000000,21.73090000,1545720299999,2727.96530960,15,12.50007000,1568.01921180,0
1545720300000,125.76000000,126.48000000,125.76000000,126.16000000,12.45233000,1545720599999,1570.22449050,11,10.06255000,1269.44295770,0
1545720600000,126.48000000,126.63000000,126.48000000,126.63000000,21.44744000,1545720899999,2713.64618280,16,21.44744000,2713.64618280,0
1545720900000,127.05000000,127.05000000,126.62000000,126.62000000,1.11417000,1545721199999,141.44426820,2,1.11417000,141.44426820,0
1545721200000,127.34000000,127.71000000,127.03000000,127.71000000,20.56636000,1545721499999,2621.06888110,25,13.82669000,1763.72159420,0
1545721500000,127.80000000,128.16000000,127.47000000,127.56000000,21.35150000,1545721799999,2730.54332920,11,13.91033000,1780.32481220,0
1545721800000,127.58000000,127.67000000,127.49000000,127.52000000,56.95067000,1545722099999,7266.17439290,23,56.75267000,7240.92843290,0
1545722100000,127.91000000,127.91000000,127.41000000,127.41000000,2.17097000,1545722399999,276.90828770,3,0.09000000,11.51190000,0
1545722400000,127.07000000,127.40000000,127.07000000,127.40000000,3.48978000,1545722699999,444.16676430,2,0.00000000,0.00000000,0
1545722700000,127.32000000,127.32000000,127.32000000,127.32000000,0.01031000,1545722999999,1.31266920,1,0.01031000,1.31266920,0
1545723000000,127.43000000,127.43000000,127.43000000,127.43000000,0.01031000,1545723299999,1.31380330,1,0.01031000,1.31380330,0
1545723300000,127.20000000,132.99000000,127.20000000,132.99000000,1914.77573000,1545723599999,245659.32479860,140,1912.69993000,245388.85336000,0
1545723600000,130.51000000,132.97000000,129.27000000,129.97000000,61.93950000,1545723899999,8050.57734710,17,27.15478000,3549.61637440,0
1545723900000,130.02000000,130.18000000,130.02000000,130.18000000,2.93840000,1545724199999,382.39094700,5,2.93840000,382.39094700,0
1545724200000,129.09000000,129.09000000,128.17000000,128.63000000,36.51909000,1545724499999,4697.00478760,22,28.04857000,3607.71436600,0
1545724500000,128.63000000,128.63000000,128.63000000,128.63000000,0.00000000,1545724799999,0.00000000,0,0.00000000,0.00000000,0
1545724800000,127.38000000,128.11000000,127.01000000,128.03000000,12.68953000,1545725099999,1620.93313810,10,7.84134000,1004.17082870,0
1545725100000,128.35000000,128.58000000,128.35000000,128.58000000,24.42055000,1545725399999,3138.36284040,11,12.87083000,1653.29984280,0
1545725400000,127.64000000,128.24000000,127.63000000,128.24000000,14.58692000,1545725699999,1862.09066850,5,10.84334000,1384.27412570,0
1545725700000,128.10000000,128.10000000,128.05000000,128.05000000,1.20938000,1545725999999,154.92106350,2,1.20938000,154.92106350,0
1545726000000,127.91000000,127.99000000,127.12000000,127.61000000,27.12817000,1545726299999,3456.75194330,23,15.10189000,1925.64962130,0
1545726300000,127.55000000,127.55000000,127.12000000,127.45000000,9.31579000,1545726599999,1184.36871660,5,3.81569000,485.19600460,0
1545726600000,127.11000000,127.11000000,127.00000000,127.10000000,71.19100000,1545726899999,9048.08136020,32,69.01506000,8771.69619990,0
1545726900000,127.42000000,127.79000000,127.42000000,127.59000000,27.68920000,1545727199999,3536.34920800,8,25.39200000,3243.29352000,0
1545727200000,127.85000000,128.00000000,127.81000000,128.00000000,9.92400000,1545727499999,1268.73592000,3,9.92400000,1268.73592000,0
1545727500000,128.00000000,128.00000000,126.15000000,126.15000000,25.07000000,1545727799999,3175.97459210,13,0.36554000,46.48836930,0
1545727800000,125.75000000,126.31000000,125.33000000,126.31000000,43.88991000,1545728099999,5520.34662540,24,28.68577000,3610.10828690,0
1545728100000,126.10000000,126.79000000,126.10000000,126.79000000,49.18016000,1545728399999,6212.34840420,28,35.28065000,4459.57768320,0
1545728400000,126.31000000,126.57000000,126.25000000,126.57000000,5.99238000,1545728699999,756.93935230,7,2.81891000,356.28876480,0
1545728700000,126.72000000,126.72000000,126.72000000,126.72000000,2.45522000,1545728999999,311.12547840,3,2.45522000,311.12547840,0
1545729000000,126.31000000,126.31000000,126.31000000,126.31000000,0.27037000,1545729299999,34.15043470,3,0.10188000,12.86846280,0
1545729300000,126.38000000,126.72000000,126.08000000,126.08000000,8.55060000,1545729599999,1080.38185940,6,7.03450000,889.23197140,0
1545729600000,127.19000000,128.04000000,127.19000000,128.04000000,7.54018000,1545729899999,962.69272930,8,7.54018000,962.69272930,0
1545729900000,127.66000000,127.81000000,127.66000000,127.81000000,1.90595000,1545730199999,243.31512050,2,0.01029000,1.31516490,0
1545730200000,127.81000000,127.81000000,127.81000000,127.81000000,0.00000000,1545730499999,0.00000000,0,0.00000000,0.00000000,0
1545730500000,127.57000000,127.57000000,127.20000000,127.20000000,4.67538000,1545730799999,594.71214330,6,4.67538000,594.71214330,0
1545730800000,126.88000000,126.88000000,126.88000000,126.88000000,2.64078000,1545731099999,335.06216640,5,2.64078000,335.06216640,0
1545731100000,127.12000000,128.60000000,127.00000000,128.60000000,33.83602000,1545731399999,4328.65315490,26,27.91230000,3576.31714250,0
1545731400000,128.73000000,131.15000000,128.73000000,130.58000000,105.71418000,1545731699999,13698.31967420,44,93.45389000,12097.37152080,0
1545731700000,130.43000000,130.43000000,129.35000000,129.35000000,42.64111000,1545731999999,5516.01005390,14,13.19253000,1706.81114350,0
1545732000000,129.56000000,129.65000000,129.43000000,129.52000000,19.81487000,1545732299999,2566.29658700,11,18.35487000,2377.19738700,0
1545732300000,129.52000000,129.57000000,128.47000000,128.47000000,27.59312000,1545732599999,3564.79699030,15,5.01014000,649.15826280,0
1545732600000,128.09000000,128.27000000,128.09000000,128.27000000,0.16517000,1545732899999,21.15845590,2,0.16517000,21.15845590,0
1545732900000,128.27000000,128.27000000,128.27000000,128.27000000,7.60000000,1545733199999,974.85200000,4,7.60000000,974.85200000,0
1545733200000,127.75000000,128.33000000,127.65000000,128.33000000,14.52420000,1545733499999,1854.65005760,5,0.01029000,1.32051570,0
1545733500000,128.36000000,128.36000000,127.52000000,127.52000000,5.52081000,1545733799999,708.64256160,3,5.52081000,708.64256160,0
1545733800000,127.34000000,127.34000000,127.00000000,127.00000000,2.59471000,1545734099999,329.69446480,6,2.49649000,317.18713000,0
1545734100000,127.00000000,127.13000000,127.00000000,127.13000000,8.39975000,1545734399999,1066.76958120,3,8.39975000,1066.76958120,0
1545734400000,127.84000000,127.84000000,127.57000000,127.84000000,1.84729000,1545734699999,236.08138120,9,0.92117000,117.76237280,0
1545734700000,127.57000000,127.82000000,127.56000000,127.82000000,8.26417000,1545734999999,1054.21940780,3,0.01034000,1.32165880,0
1545735000000,127.84000000,128.07000000,127.84000000,128.07000000,7.12445000,1545735299999,912.41248060,5,7.12445000,912.41248060,0
1545735300000,127.61000000,127.61000000,127.04000000,127.04000000,7.46178000,1545735599999,948.01207580,9,0.01028000,1.31183080,0
1545735600000,127.04000000,128.02000000,127.04000000,127.81000000,11.88026000,1545735899999,1512.57708230,7,9.04514000,1152.06151480,0
1545735900000,127.75000000,127.81000000,127.75000000,127.81000000,2.37460000,1545736199999,303.37603000,5,2.37460000,303.37603000,0
1545736200000,127.81000000,127.81000000,127.81000000,127.81000000,0.00000000,1545736499999,0.00000000,0,0.00000000,0.00000000,0
1545736500000,127.24000000,127.24000000,127.23000000,127.23000000,1.51041000,1545736799999,192.17642500,3,0.00000000,0.00000000,0
1545736800000,127.23000000,127.23000000,126.75000000,126.76000000,5.15452000,1545737099999,653.33560920,11,0.01032000,1.30816320,0
1545737100000,126.36000000,126.36000000,123.78000000,123.78000000,169.73118000,1545737399999,21125.24931000,92,122.72287000,15285.99675360,0
1545737400000,124.25000000,126.06000000,123.79000000,125.27000000,139.53078000,1545737699999,17427.36517390,46,123.58030000,15426.37724640,0
1545737700000,126.22000000,127.90000000,125.55000000,127.82000000,49.19876000,1545737999999,6235.30104200,23,47.09687000,5971.06155440,0
1545738000000,126.56000000,127.04000000,126.36000000,126.36000000,13.48494000,1545738299999,1706.95796340,13,0.02070000,2.62952100,0
1545738300000,126.69000000,127.00000000,126.69000000,126.78000000,3.86700000,1545738599999,489.94617360,5,3.50338000,443.84643000,0
1545738600000,126.45000000,126.45000000,126.22000000,126.39000000,4.28858000,1545738899999,542.20698860,5,0.00000000,0.00000000,0
1545738900000,126.77000000,127.30000000,126.77000000,127.30000000,0.52362000,1545739199999,66.38718020,4,0.52362000,66.38718020,0
1545739200000,127.02000000,127.02000000,125.66000000,125.82000000,8.94624000,1545739499999,1127.42761660,10,1.11344000,140.85497680,0
1545739500000,126.17000000,126.17000000,126.13000000,126.13000000,10.98621000,1545739799999,1385.96428450,2,6.84043000,863.05705310,0
1545739800000,126.61000000,126.61000000,126.61000000,126.61000000,0.01041000,1545740099999,1.31801010,1,0.01041000,1.31801010,0
1545740100000,126.61000000,127.02000000,126.61000000,126.61000000,11.67109000,1545740399999,1477.89158900,8,1.09048000,138.06994090,0
1545740400000,126.75000000,126.75000000,126.75000000,126.75000000,1.48831000,1545740699999,188.64329250,2,1.48831000,188.64329250,0
1545740700000,126.95000000,127.44000000,126.95000000,127.44000000,1.52145000,1545740999999,193.54630870,5,0.81645000,103.70110870,0
1545741000000,127.39000000,127.39000000,126.96000000,127.09000000,37.87033000,1545741299999,4816.18596920,21,4.25919000,542.57821410,0
1545741300000,126.58000000,126.77000000,126.20000000,126.22000000,0.75818000,1545741599999,95.73539290,5,0.55438000,69.97405770,0
1545741600000,126.22000000,126.60000000,126.22000000,126.57000000,30.50015000,1545741899999,3859.27449820,16,0.56538000,71.36621560,0
1545741900000,126.66000000,126.71000000,126.28000000,126.28000000,65.57850000,1545742199999,8296.55906020,28,4.41638000,559.37869080,0
1545742200000,126.28000000,127.30000000,126.28000000,127.30000000,2.21612000,1545742499999,279.86224160,2,0.01040000,1.32392000,0
1545742500000,126.71000000,127.34000000,126.71000000,127.34000000,16.84857000,1545742799999,2137.08390820,6,2.42371000,308.03082760,0
1545742800000,127.41000000,127.47000000,126.77000000,126.77000000,6.14567000,1545743099999,779.77964250,8,2.23637000,283.80673310,0
1545743100000,126.54000000,126.54000000,126.54000000,126.54000000,2.20897000,1545743399999,279.52306380,2,0.00000000,0.00000000,0
1545743400000,126.76000000,126.76000000,126.45000000,126.45000000,3.84193000,1545743699999,485.81526010,5,3.84193000,485.81526010,0
1545743700000,126.30000000,126.30000000,125.93000000,125.93000000,21.04300000,1545743999999,2653.53535440,12,0.00000000,0.00000000,0
1545744000000,126.00000000,126.00000000,124.55000000,125.86000000,58.79576000,1545744299999,7359.14640590,31,31.36804000,3931.76079630,0
1545744300000,125.88000000,127.31000000,125.88000000,127.31000000,18.57616000,1545744599999,2340.66444050,14,16.69441000,2102.34080300,0
1545744600000,127.31000000,128.33000000,126.74000000,127.18000000,5.32513000,1545744899999,678.55593210,14,0.11976000,15.25882060,0
1545744900000,126.29000000,126.96000000,126.24000000,126.63000000,47.59271000,1545745199999,6023.44908400,18,16.47473000,2088.01106740,0
1545745200000,126.83000000,127.12000000,126.66000000,126.66000000,13.14959000,1545745499999,1667.55582500,14,6.32103000,802.65041540,0
1545745500000,126.88000000,126.88000000,126.88000000,126.88000000,10.00000000,1545745799999,1268.80000000,3,0.00000000,0.00000000,0
1545745800000,126.94000000,126.94000000,125.85000000,126.19000000,39.75192000,1545746099999,5024.37878380,28,10.84373000,1367.28293390,0
1545746100000,125.88000000,126.20000000,125.28000000,125.89000000,41.73535000,1545746399999,5243.80156260,41,21.08204000,2647.08291650,0
1545746400000,125.88000000,126.12000000,125.73000000,126.03000000,18.44557000,1545746699999,2321.85670080,8,6.81181000,858.06346150,0
1545746700000,125.90000000,125.90000000,125.90000000,125.90000000,0.09839000,1545746999999,12.38730100,1,0.09839000,12.38730100,0
1545747000000,125.57000000,125.57000000,125.57000000,125.57000000,1.06715000,1545747299999,134.00202550,1,1.06715000,134.00202550,0
1545747300000,125.22000000,125.37000000,124.08000000,125.37000000,126.95146000,1545747599999,15854.06923850,44,29.38106000,3661.05561170,0
1545747600000,125.00000000,125.27000000,124.50000000,124.56000000,33.98949000,1545747899999,4242.74578130,28,16.06887000,2008.78060330,0
1545747900000,125.03000000,126.17000000,125.03000000,125.66000000,27.16817000,1545748199999,3415.19365320,11,19.52303000,2454.65826360,0
1545748200000,126.14000000,127.07000000,126.14000000,126.36000000,19.61316000,1545748499999,2480.57346070,17,1.57070000,198.15492350,0
1545748500000,126.00000000,126.02000000,125.54000000,125.93000000,6.43759000,1545748799999,810.65121240,9,6.14695000,774.10898120,0
1545748800000,125.90000000,125.93000000,125.90000000,125.93000000,0.47286000,1545749099999,59.54694690,2,0.47286000,59.54694690,0
1545749100000,125.53000000,125.53000000,125.53000000,125.53000000,0.11331000,1545749399999,14.22380430,1,0.00000000,0.00000000,0
1545749400000,125.90000000,125.90000000,125.11000000,125.12000000,52.83946000,1545749699999,6625.80821170,17,10.02089000,1261.32931880,0
1545749700000,125.05000000,125.05000000,124.60000000,124.95000000,45.14805000,1545749999999,5631.56284150,23,28.56744000,3564.99659620,0
1545750000000,124.61000000,125.03000000,124.01000000,125.03000000,58.50310000,1545750299999,7295.89300550,22,37.07007000,4623.01271320,0
1545750300000,124.73000000,124.98000000,124.37000000,124.69000000,54.15030000,1545750599999,6755.76317490,28,21.32311000,2663.40883920,0
1545750600000,124.31000000,124.63000000,123.53000000,124.29000000,66.83023000,1545750899999,8274.09984480,28,0.27876000,34.54573500,0
1545750900000,124.14000000,124.67000000,121.74000000,122.59000000,135.77108000,1545751199999,16640.67781650,53,24.52636000,3009.69884010,0
1545751200000,122.44000000,124.40000000,121.91000000,124.40000000,92.95893000,1545751499999,11483.04722120,32,75.68833000,9369.34941760,0
1545751500000,124.96000000,125.34000000,124.28000000,124.80000000,49.89126000,1545751799999,6218.89190180,24,28.18023000,3515.95704360,0
1545751800000,124.21000000,124.50000000,123.24000000,124.09000000,46.59002000,1545752099999,5762.69806600,30,28.61344000,3536.61070340,0
1545752100000,123.48000000,123.75000000,122.81000000,122.81000000,11.85755000,1545752399999,1463.45053250,10,8.56188000,1056.33888280,0
1545752400000,122.81000000,123.44000000,122.81000000,123.31000000,39.59329000,1545752699999,4871.48189010,15,27.46737000,3380.20126970,0
1545752700000,122.97000000,123.00000000,122.50000000,122.50000000,8.13144000,1545752999999,998.44592720,12,2.00000000,245.94000000,0
1545753000000,122.76000000,124.01000000,122.26000000,123.23000000,66.21142000,1545753299999,8151.76813540,17,49.54106000,6097.53142620,0
1545753300000,123.65000000,123.79000000,122.62000000,123.79000000,28.14175000,1545753599999,3471.56001260,13,12.74421000,1573.64690350,0
1545753600000,122.91000000,124.81000000,122.91000000,123.96000000,49.26804000,1545753899999,6100.08184040,29,46.50955000,5758.12206580,0
1545753900000,123.96000000,123.96000000,123.49000000,123.49000000,14.58567000,1545754199999,1806.12470000,13,2.99223000,369.98923950,0
1545754200000,123.91000000,124.60000000,123.83000000,124.60000000,8.41368000,1545754499999,1046.66365280,6,8.41368000,1046.66365280,0
1545754500000,124.60000000,125.49000000,124.55000000,125.25000000,134.67865000,1545754799999,16838.73726310,44,111.02866000,13887.95618570,0
1545754800000,125.29000000,125.39000000,124.20000000,124.20000000,111.44715000,1545755099999,13872.08089490,16,15.03151000,1884.34747030,0
1545755100000,124.68000000,124.68000000,124.68000000,124.68000000,0.01049000,1545755399999,1.30789320,1,0.01049000,1.30789320,0
1545755400000,124.60000000,124.68000000,124.60000000,124.68000000,7.60196000,1545755699999,947.34207280,5,7.60196000,947.34207280,0
1545755700000,125.21000000,125.21000000,124.80000000,124.80000000,20.54114000,1545755999999,2566.08083940,4,0.01054000,1.31971340,0
1545756000000,124.70000000,124.89000000,124.20000000,124.89000000,34.89689000,1545756299999,4343.01337640,12,0.29406000,36.72473260,0
1545756300000,124.75000000,124.96000000,124.60000000,124.76000000,10.08801000,1545756599999,1257.61184570,4,0.54723000,68.35094250,0
1545756600000,124.79000000,124.79000000,124.79000000,124.79000000,0.01054000,1545756899999,1.31528660,1,0.01054000,1.31528660,0
1545756900000,125.10000000,125.10000000,125.06000000,125.06000000,2.33444000,1545757199999,292.03802280,3,2.33444000,292.03802280,0
1545757200000,124.75000000,124.75000000,124.35000000,124.35000000,30.11793000,1545757499999,3745.98010020,6,0.11793000,14.69028150,0
1545757500000,124.49000000,124.86000000,123.23000000,123.23000000,78.42600000,1545757799999,9724.82166000,35,48.16364000,5981.64369590,0
1545757800000,123.43000000,123.49000000,123.23000000,123.23000000,3.43607000,1545758099999,424.03386680,7,0.00000000,0.00000000,0
1545758100000,123.37000000,123.97000000,123.00000000,123.21000000,43.45272000,1545758399999,5373.62533270,15,30.98845000,3836.56466440,0
1545758400000,123.37000000,123.48000000,123.37000000,123.48000000,3.11479000,1545758699999,384.61310100,3,3.11479000,384.61310100,0
1545758700000,123.61000000,123.93000000,123.13000000,123.93000000,39.98546000,1545758999999,4933.68478980,17,14.79875000,1829.43458750,0
1545759000000,123.93000000,124.00000000,123.93000000,124.00000000,21.46042000,1545759299999,2660.63663970,12,21.46042000,2660.63663970,0
1545759300000,124.00000000,124.00000000,124.00000000,124.00000000,0.00000000,1545759599999,0.00000000,0,0.00000000,0.00000000,0
1545759600000,124.41000000,124.41000000,122.52000000,123.69000000,60.01404000,1545759899999,7392.13073080,13,2.23023000,276.04301070,0
1545759900000,123.53000000,124.69000000,122.86000000,123.95000000,179.47263000,1545760199999,22104.30462680,34,124.36130000,15292.78960860,0
1545760200000,123.95000000,124.26000000,123.82000000,124.14000000,18.59814000,1545760499999,2308.08029470,10,1.74422000,216.01163600,0
1545760500000,124.47000000,124.47000000,124.24000000,124.30000000,9.03069000,1545760799999,1123.05574090,4,0.01059000,1.31813730,0
1545760800000,123.87000000,124.38000000,123.76000000,124.38000000,26.11113000,1545761099999,3237.83495230,13,7.50164000,928.87148500,0
1545761100000,124.75000000,124.75000000,124.05000000,124.05000000,10.81728000,1545761399999,1344.46404660,12,0.01061000,1.32359750,0
1545761400000,124.47000000,124.47000000,124.47000000,124.47000000,0.01059000,1545761699999,1.31813730,1,0.01059000,1.31813730,0
1545761700000,124.04000000,124.17000000,124.04000000,124.17000000,16.06812000,1545761999999,1994.19144450,2,16.06812000,1994.19144450,0
1545762000000,124.35000000,124.35000000,124.22000000,124.22000000,7.15979000,1545762299999,889.54503140,5,0.00000000,0.00000000,0
1545762300000,124.56000000,125.01000000,124.50000000,124.76000000,47.88389000,1545762599999,5973.74521500,15,41.38217000,5163.11076540,0
1545762600000,125.11000000,126.22000000,125.11000000,126.09000000,139.28380000,1545762899999,17523.19904060,52,97.51150000,12254.94091020,0
1545762900000,125.49000000,125.76000000,125.49000000,125.76000000,3.48899000,1545763199999,437.83617660,4,0.01045000,1.31419200,0
1545763200000,125.87000000,127.50000000,125.87000000,127.49000000,40.78218000,1545763499999,5171.40399320,30,0.30467000,38.74142950,0
1545763500000,127.56000000,127.65000000,126.74000000,127.21000000,48.77434000,1545763799999,6198.46864330,24,34.92714000,4439.47588330,0
1545763800000,127.28000000,127.77000000,126.67000000,127.77000000,37.06256000,1545764099999,4715.97441360,9,9.74752000,1240.01175280,0
1545764100000,127.62000000,128.00000000,127.19000000,128.00000000,31.91796000,1545764399999,4067.37371560,13,7.93688000,1012.94468960,0
1545764400000,128.47000000,129.44000000,128.47000000,128.50000000,34.83601000,1545764699999,4493.13345420,13,21.72506000,2805.55399950,0
1545764700000,129.28000000,129.28000000,128.62000000,129.07000000,23.05824000,1545764999999,2969.23303020,6,10.18916000,1313.58805340,0
1545765000000,129.51000000,129.88000000,128.62000000,129.52000000,79.15981000,1545765299999,10253.90976570,38,46.50106000,6026.09792040,0
1545765300000,129.68000000,130.75000000,128.50000000,128.65000000,197.56397000,1545765599999,25566.24539530,46,141.87245000,18398.36250230,0
1545765600000,128.65000000,128.82000000,127.85000000,128.53000000,83.07048000,1545765899999,10638.91417390,29,39.25455000,5029.10442490,0
1545765900000,128.69000000,128.71000000,128.04000000,128.38000000,75.89508000,1545766199999,9726.41291940,15,0.03073000,3.95167120,0
1545766200000,128.00000000,128.50000000,128.00000000,128.50000000,12.59999000,1545766499999,1615.07882000,9,5.15399000,660.31832000,0
1545766500000,128.50000000,128.61000000,128.50000000,128.61000000,1.96434000,1545766799999,252.57512780,3,1.96414000,252.54942780,0
1545766800000,128.61000000,129.61000000,128.61000000,129.49000000,11.59379000,1545767099999,1498.33239940,8,11.59379000,1498.33239940,0
1545767100000,129.53000000,129.53000000,128.74000000,128.74000000,2.93729000,1545767399999,378.49377290,4,1.46341000,188.40746930,0
1545767400000,128.47000000,129.28000000,128.34000000,128.50000000,27.78941000,1545767699999,3572.44333780,17,27.27409000,3506.22763830,0
1545767700000,128.50000000,128.85000000,128.39000000,128.82000000,20.09232000,1545767999999,2583.36218230,11,0.01022000,1.31684700,0
1545768000000,128.92000000,130.75000000,128.92000000,130.75000000,102.11030000,1545768299999,13289.86850330,24,39.94210000,5201.27539650,0
1545768300000,130.69000000,131.34000000,130.16000000,131.27000000,177.55548000,1545768599999,23277.81710370,15,172.48054000,22615.49572510,0
1545768600000,131.36000000,131.51000000,131.36000000,131.39000000,6.32206000,1545768899999,830.57546500,4,6.32206000,830.57546500,0
1545768900000,131.28000000,132.00000000,130.95000000,132.00000000,73.89733000,1545769199999,9701.95775130,14,63.95996000,8400.65914980,0
1545769200000,132.00000000,132.27000000,131.59000000,131.89000000,70.23919000,1545769499999,9268.59183140,25,25.12401000,3318.00805220,0
1545769500000,131.12000000,131.12000000,130.17000000,131.05000000,60.93820000,1545769799999,7945.42263570,19,46.96449000,6118.40170120,0
1545769800000,130.33000000,130.74000000,129.36000000,129.60000000,94.95566000,1545770099999,12331.02212850,19,47.84086000,6234.91642540,0
1545770100000,128.63000000,130.06000000,128.14000000,129.63000000,47.56322000,1545770399999,6125.56879140,16,26.30740000,3401.15567010,0
1545770400000,129.30000000,130.37000000,128.95000000,130.37000000,42.69342000,1545770699999,5522.18874510,8,23.37059000,3028.94668620,0
1545770700000,130.65000000,130.91000000,130.42000000,130.42000000,44.10630000,1545770999999,5762.20089690,9,27.39545000,3582.62473140,0
1545771000000,130.42000000,130.43000000,130.13000000,130.13000000,26.08900000,1545771299999,3401.01169120,6,18.99149000,2475.35443700,0
1545771300000,130.00000000,130.00000000,130.00000000,130.00000000,4.18089000,1545771599999,543.51570000,1,4.18089000,543.51570000,0
1545771600000,130.46000000,130.46000000,129.69000000,129.69000000,11.48937000,1545771899999,1494.93027970,6,0.01009000,1.31634140,0
1545771900000,129.61000000,130.13000000,129.13000000,130.01000000,69.17361000,1545772199999,8964.86750750,14,8.54218000,1110.55171220,0
1545772200000,130.33000000,130.52000000,130.07000000,130.52000000,22.68114000,1545772499999,2956.68752810,4,17.00805000,2218.78871180,0
1545772500000,130.24000000,130.24000000,129.69000000,129.69000000,15.33503000,1545772799999,1992.43234070,3,6.61460000,861.47977400,0
1545772800000,129.00000000,129.00000000,128.62000000,128.76000000,21.49463000,1545773099999,2767.35920980,6,18.88542000,2431.68667920,0
1545773100000,128.76000000,128.76000000,128.76000000,128.76000000,0.00000000,1545773399999,0.00000000,0,0.00000000,0.00000000,0
1545773400000,129.07000000,129.78000000,129.06000000,129.78000000,9.87950000,1545773699999,1275.07040520,10,1.29020000,166.53335600,0
1545773700000,129.62000000,130.10000000,129.62000000,130.02000000,7.43007000,1545773999999,963.10439660,6,7.43007000,963.10439660,0
1545774000000,130.02000000,130.02000000,130.02000000,130.02000000,0.00000000,1545774299999,0.00000000,0,0.00000000,0.00000000,0
1545774300000,130.05000000,130.05000000,129.57000000,129.57000000,7.66004000,1545774599999,994.83658280,4,5.91204000,768.17342280,0
1545774600000,130.04000000,130.27000000,129.70000000,129.82000000,32.70247000,1545774899999,4248.58032950,17,21.73052000,2824.67217450,0
1545774900000,129.90000000,130.02000000,129.80000000,130.02000000,9.93494000,1545775199999,1290.38966340,10,3.44754000,448.18505940,0
1545775200000,130.38000000,130.79000000,130.38000000,130.75000000,38.78722000,1545775499999,5064.54427020,17,38.78722000,5064.54427020,0
1545775500000,130.63000000,130.94000000,130.39000000,130.54000000,43.13166000,1545775799999,5631.96617460,15,0.02012000,2.63048880,0
1545775800000,130.28000000,130.28000000,130.28000000,130.28000000,0.01006000,1545776099999,1.31061680,1,0.01006000,1.31061680,0
1545776100000,130.27000000,130.59000000,130.27000000,130.47000000,148.07180000,1545776399999,19291.94218600,98,148.07180000,19291.94218600,0
1545776400000,130.46000000,130.82000000,130.46000000,130.81000000,274.42188000,1545776699999,35840.52831310,83,274.42188000,35840.52831310,0
1545776700000,130.90000000,131.89000000,130.90000000,131.14000000,116.07336000,1545776999999,15240.34695920,30,64.44216000,8454.66576960,0
1545777000000,131.04000000,131.25000000,130.84000000,131.20000000,17.46473000,1545777299999,2288.75500560,9,15.89441000,2083.29433680,0
1545777300000,130.91000000,131.38000000,129.01000000,130.15000000,86.68717000,1545777599999,11325.26898110,25,15.35117000,2012.64589600,0
1545777600000,130.55000000,130.55000000,129.75000000,129.88000000,22.84619000,1545777899999,2966.48315120,9,22.84619000,2966.48315120,0
1545777900000,129.88000000,130.06000000,129.88000000,130.06000000,26.83085000,1545778199999,3487.01905420,7,26.83085000,3487.01905420,0
1545778200000,129.41000000,129.67000000,129.40000000,129.63000000,3.89336000,1545778499999,504.18413280,4,3.12152000,404.30803680,0
1545778500000,129.19000000,129.35000000,127.10000000,128.48000000,124.58732000,1545778799999,15914.95045980,36,29.97780000,3863.55232310,0
1545778800000,128.44000000,128.96000000,128.44000000,128.96000000,19.18961000,1545779099999,2470.97855590,16,14.97463000,1927.41473510,0
1545779100000,128.27000000,128.60000000,128.27000000,128.51000000,18.49980000,1545779399999,2378.15422320,6,9.16900000,1179.13340000,0
1545779400000,128.50000000,128.58000000,128.24000000,128.24000000,7.99021000,1545779699999,1024.85026180,4,7.99021000,1024.85026180,0
1545779700000,128.28000000,128.28000000,126.97000000,127.18000000,65.58677000,1545779999999,8346.28950120,25,10.82582000,1378.19780800,0
1545780000000,126.63000000,126.90000000,126.52000000,126.89000000,37.57316000,1545780299999,4759.35065700,20,26.19380000,3318.38230020,0
1545780300000,126.66000000,126.66000000,126.66000000,126.66000000,2.80936000,1545780599999,355.83353760,2,2.80936000,355.83353760,0
1545780600000,126.66000000,126.66000000,126.66000000,126.66000000,0.00000000,1545780899999,0.00000000,0,0.00000000,0.00000000,0
1545780900000,127.27000000,127.87000000,127.27000000,127.79000000,53.14738000,1545781199999,6784.60768220,19,3.48505000,445.31529630,0
1545781200000,127.89000000,128.00000000,127.89000000,128.00000000,28.70799000,1545781499999,3674.54808680,9,20.95205000,2681.78776680,0
1545781500000,127.78000000,127.78000000,127.78000000,127.78000000,1.79680000,1545781799999,229.59510400,1,0.00000000,0.00000000,0
1545781800000,127.89000000,127.89000000,127.89000000,127.89000000,0.26843000,1545782099999,34.32951270,1,0.26843000,34.32951270,0
1545782100000,128.33000000,128.47000000,128.33000000,128.47000000,0.10850000,1545782399999,13.93755580,2,0.10850000,13.93755580,0
1545782400000,128.70000000,129.05000000,127.69000000,128.18000000,52.60200000,1545782699999,6747.88565700,23,27.19692000,3484.97468760,0
1545782700000,128.18000000,128.26000000,127.34000000,127.46000000,23.62789000,1545782999999,3015.93917620,13,7.94483000,1018.23491340,0
1545783000000,127.59000000,128.16000000,127.34000000,127.34000000,12.69667000,1545783299999,1618.43654600,11,12.69645000,1618.40853120,0
1545783300000,127.31000000,127.31000000,127.30000000,127.30000000,24.33305000,1545783599999,3097.64656500,17,0.00000000,0.00000000,0
1545783600000,127.30000000,127.30000000,127.30000000,127.30000000,0.00000000,1545783899999,0.00000000,0,0.00000000,0.00000000,0
1545783900000,127.81000000,128.10000000,127.81000000,128.10000000,28.23922000,1545784199999,3614.47233640,19,28.23922000,3614.47233640,0
1545784200000,128.37000000,128.71000000,128.37000000,128.39000000,7.69729000,1545784499999,988.11463270,5,7.69729000,988.11463270,0
1545784500000,128.39000000,128.39000000,128.39000000,128.39000000,7.99091000,1545784799999,1025.95293490,3,7.99091000,1025.95293490,0
1545784800000,129.27000000,130.25000000,129.27000000,130.02000000,24.70305000,1545785099999,3200.15157540,11,15.12804000,1957.60252770,0
1545785100000,129.80000000,130.71000000,129.50000000,130.71000000,10.80474000,1545785399999,1404.08819350,13,10.80474000,1404.08819350,0
1545785400000,130.76000000,130.98000000,130.33000000,130.97000000,60.82942000,1545785699999,7933.92609370,23,45.43373000,5923.41263180,0
1545785700000,130.48000000,130.48000000,129.69000000,129.69000000,7.48966000,1545785999999,973.45966730,5,7.48966000,973.45966730,0
1545786000000,129.61000000,130.43000000,129.51000000,130.43000000,20.28613000,1545786299999,2637.84766140,29,20.18964000,2625.34159250,0
1545786300000,130.48000000,133.39000000,130.48000000,133.09000000,427.83911000,1545786599999,56753.53566200,50,423.65313000,56200.33187570,0
1545786600000,134.70000000,134.80000000,133.06000000,133.80000000,89.49699000,1545786899999,11983.13837570,40,46.33377000,6203.56265180,0
1545786900000,133.73000000,134.00000000,132.54000000,132.67000000,343.61441000,1545787199999,46011.14030200,42,343.61441000,46011.14030200,0
1545787200000,132.83000000,134.69000000,132.79000000,134.69000000,203.94452000,1545787499999,27320.67637050,24,202.94452000,27187.88637050,0
1545787500000,134.70000000,134.83000000,133.10000000,134.83000000,116.21182000,1545787799999,15612.69327550,27,36.36132000,4878.24246750,0
1545787800000,134.96000000,135.49000000,134.27000000,134.39000000,69.74543000,1545788099999,9415.63907190,37,32.72111000,4421.11361660,0
1545788100000,134.29000000,134.60000000,134.13000000,134.48000000,27.96565000,1545788399999,3757.56183910,21,26.82207000,3603.63597110,0
1545788400000,134.27000000,134.39000000,132.91000000,133.13000000,23.76997000,1545788699999,3170.76964930,19,8.22686000,1099.57700540,0
1545788700000,132.62000000,132.62000000,132.15000000,132.52000000,7.57190000,1545788999999,1001.89705620,11,3.52895000,467.01477120,0
1545789000000,132.58000000,133.43000000,132.20000000,133.43000000,0.99158000,1545789299999,131.50295570,4,0.55396000,73.64959170,0
1545789300000,133.34000000,133.34000000,131.96000000,133.07000000,82.07108000,1545789599999,10915.23558080,31,1.01832000,135.50774340,0
1545789600000,132.83000000,132.83000000,132.32000000,132.36000000,86.60935000,1545789899999,11478.42277690,11,81.52910000,10804.85942940,0
1545789900000,132.37000000,132.37000000,132.00000000,132.09000000,116.12544000,1545790199999,15336.16211320,27,94.60603000,12495.24677000,0
1545790200000,132.27000000,134.08000000,132.27000000,133.76000000,83.92775000,1545790499999,11159.34402400,44,60.07284000,7974.84598610,0
1545790500000,133.75000000,134.65000000,133.58000000,134.37000000,123.90965000,1545790799999,16624.73593470,31,39.40847000,5293.69733180,0
1545790800000,134.43000000,134.44000000,133.82000000,133.89000000,80.17939000,1545791099999,10753.16397070,34,29.62327000,3968.32045180,0
1545791100000,133.93000000,134.74000000,133.78000000,134.13000000,72.20107000,1545791399999,9686.28836980,22,52.06000000,6990.37260120,0
1545791400000,134.12000000,134.56000000,134.12000000,134.56000000,2.72968000,1545791699999,366.20191720,3,2.51848000,337.78284520,0
1545791700000,134.70000000,136.48000000,134.70000000,136.48000000,66.20748000,1545791999999,8999.28394900,32,13.75482000,1864.16725280,0
1545792000000,136.45000000,136.45000000,134.23000000,134.56000000,130.28858000,1545792299999,17680.38862630,50,59.27233000,8017.23040310,0
1545792300000,134.51000000,134.62000000,133.10000000,133.10000000,38.92696000,1545792599999,5191.59621670,16,1.79111000,239.87988160,0
1545792600000,133.10000000,134.83000000,133.07000000,134.80000000,154.58029000,1545792899999,20819.53149220,37,28.97575000,3895.34890170,0
1545792900000,134.62000000,135.28000000,134.45000000,134.83000000,25.38369000,1545793199999,3416.69625730,15,23.64070000,3182.18125180,0
1545793200000,135.19000000,135.19000000,133.72000000,134.61000000,18.24929000,1545793499999,2449.33451520,14,10.87304000,1458.21073920,0
1545793500000,134.19000000,134.19000000,134.19000000,134.19000000,0.00977000,1545793799999,1.31103630,1,0.00977000,1.31103630,0
1545793800000,133.74000000,134.22000000,133.66000000,133.66000000,1.09827000,1545794099999,146.94804820,4,0.99950000,133.74645000,0
1545794100000,133.66000000,133.66000000,133.30000000,133.33000000,42.26024000,1545794399999,5636.95952650,21,30.44163000,4060.56302990,0
1545794400000,133.56000000,133.56000000,133.32000000,133.32000000,2.61710000,1545794699999,348.91650000,3,0.01970000,2.63113200,0
1545794700000,133.83000000,133.83000000,133.83000000,133.83000000,2.49432000,1545794999999,333.81484560,3,2.49432000,333.81484560,0
1545795000000,134.10000000,134.10000000,134.08000000,134.08000000,18.09585000,1545795299999,2426.31356460,10,2.52213000,338.18918700,0
1545795300000,133.11000000,133.32000000,133.11000000,133.32000000,1.29367000,1545795599999,172.43056560,3,0.99600000,132.77676000,0
1545795600000,134.13000000,134.22000000,133.77000000,133.77000000,7.55388000,1545795899999,1013.16456250,6,7.55388000,1013.16456250,0
1545795900000,133.49000000,133.49000000,133.32000000,133.32000000,10.39161000,1545796199999,1386.92944520,4,0.00000000,0.00000000,0
1545796200000,133.32000000,133.32000000,133.32000000,133.32000000,0.00000000,1545796499999,0.00000000,0,0.00000000,0.00000000,0
1545796500000,133.32000000,133.35000000,133.00000000,133.35000000,4.92784000,1545796799999,656.77621410,9,2.77150000,369.49667520,0
1545796800000,133.01000000,133.01000000,132.54000000,132.54000000,7.27572000,1545797099999,965.43365220,5,5.78194000,767.32854860,0
1545797100000,132.33000000,132.82000000,132.14000000,132.74000000,27.22494000,1545797399999,3603.70457580,13,15.01472000,1984.65906580,0
1545797400000,132.27000000,132.27000000,131.92000000,132.00000000,20.45784000,1545797699999,2700.71329940,11,20.36308000,2688.21256020,0
1545797700000,132.69000000,133.16000000,132.69000000,133.06000000,23.09915000,1545797999999,3070.50999900,12,14.73762000,1959.90371990,0
1545798000000,132.88000000,132.88000000,132.88000000,132.88000000,1.00000000,1545798299999,132.88000000,1,1.00000000,132.88000000,0
1545798300000,132.85000000,132.88000000,132.55000000,132.85000000,1.76590000,1545798599999,234.17096920,4,1.76590000,234.17096920,0
1545798600000,132.99000000,133.74000000,132.88000000,133.74000000,139.45323000,1545798899999,18535.84536370,13,63.85077000,8487.98170480,0
1545798900000,133.25000000,133.25000000,133.25000000,133.25000000,1.50369000,1545799199999,200.36669250,2,1.50369000,200.36669250,0
1545799200000,133.34000000,133.39000000,133.34000000,133.39000000,15.30000000,1545799499999,2040.30425600,3,15.30000000,2040.30425600,0
1545799500000,133.33000000,133.39000000,133.17000000,133.39000000,527.88909000,1545799799999,70411.31308930,85,512.60439000,68375.82182430,0
1545799800000,133.23000000,134.10000000,133.23000000,133.59000000,507.19853000,1545800099999,67660.10704950,98,505.96257000,67495.39907310,0
1545800100000,133.49000000,133.49000000,133.49000000,133.49000000,0.32000000,1545800399999,42.71680000,1,0.00000000,0.00000000,0
1545800400000,133.20000000,133.31000000,132.85000000,133.31000000,0.70354000,1545800699999,93.67593370,4,0.00987000,1.31576970,0
1545800700000,133.27000000,133.42000000,133.19000000,133.19000000,8.13071000,1545800999999,1083.34712360,4,1.82450000,243.42301370,0
1545801000000,133.40000000,133.40000000,132.70000000,132.70000000,35.38963000,1545801299999,4704.35924220,15,0.01972000,2.63064800,0
1545801300000,132.66000000,133.26000000,132.66000000,133.17000000,0.76319000,1545801599999,101.25860850,4,0.02962000,3.94321230,0
1545801600000,133.27000000,133.86000000,133.27000000,133.86000000,15.64181000,1545801899999,2089.96587620,10,12.58207000,1681.59621360,0
1545801900000,133.39000000,134.13000000,133.24000000,133.74000000,37.59786000,1545802199999,5030.95393040,20,37.59786000,5030.95393040,0
1545802200000,133.60000000,133.84000000,133.60000000,133.84000000,2.63051000,1545802499999,351.77236840,5,2.63051000,351.77236840,0
1545802500000,133.86000000,134.27000000,133.86000000,134.27000000,2.46660000,1545802799999,330.64168990,8,2.46660000,330.64168990,0
1545802800000,134.35000000,134.35000000,134.10000000,134.19000000,1.95495000,1545803099999,262.41838310,7,1.95495000,262.41838310,0
1545803100000,134.61000000,134.81000000,134.25000000,134.25000000,15.58806000,1545803399999,2095.81886940,18,3.13050000,421.28265270,0
1545803400000,134.26000000,134.44000000,133.83000000,133.95000000,38.09218000,1545803699999,5109.25020010,16,16.10736000,2165.07110490,0
1545803700000,134.02000000,134.55000000,133.90000000,133.95000000,16.47973000,1545803999999,2208.38606780,11,15.69579000,2103.41050180,0
1545804000000,133.95000000,135.02000000,133.95000000,134.23000000,83.86126000,1545804299999,11282.42862790,19,76.06226000,10235.56885790,0
1545804300000,134.30000000,134.30000000,133.89000000,133.89000000,9.44767000,1545804599999,1268.04596900,9,0.00000000,0.00000000,0
1545804600000,133.89000000,134.27000000,133.89000000,133.89000000,738.70684000,1545804899999,98986.79352150,235,0.80976000,108.63047520,0
1545804900000,133.89000000,133.89000000,133.89000000,133.89000000,0.00000000,1545805199999,0.00000000,0,0.00000000,0.00000000,0
1545805200000,133.89000000,133.89000000,133.89000000,133.89000000,0.00000000,1545805499999,0.00000000,0,0.00000000,0.00000000,0
1545805500000,133.97000000,134.55000000,133.97000000,134.55000000,6.97363000,1545805799999,935.30560330,4,6.97363000,935.30560330,0
1545805800000,133.83000000,133.83000000,133.48000000,133.82000000,9.10178000,1545806099999,1215.02652640,5,0.00980000,1.31143600,0
1545806100000,133.82000000,133.82000000,133.82000000,133.82000000,0.00000000,1545806399999,0.00000000,0,0.00000000,0.00000000,0
1545806400000,133.58000000,133.58000000,133.00000000,133.00000000,0.85285000,1545806699999,113.69636410,5,0.65896000,87.90054400,0
1545806700000,132.40000000,132.82000000,131.00000000,132.82000000,44.94757000,1545806999999,5948.39845310,9,1.17677000,155.18237480,0
1545807000000,133.06000000,133.06000000,131.43000000,132.16000000,25.72039000,1545807299999,3395.10509980,12,1.46244000,193.89813950,0
1545807300000,132.83000000,132.83000000,132.83000000,132.83000000,0.37474000,1545807599999,49.77671420,1,0.37474000,49.77671420,0
1545807600000,132.37000000,132.37000000,131.72000000,131.72000000,1.02992000,1545807899999,136.19590240,5,1.02992000,136.19590240,0
1545807900000,131.39000000,131.57000000,130.74000000,131.56000000,34.40690000,1545808199999,4504.09523860,23,1.74055000,228.38640140,0
1545808200000,131.28000000,131.69000000,130.98000000,131.60000000,12.58999000,1545808499999,1652.21917960,14,7.95213000,1043.96766480,0
1545808500000,131.57000000,131.57000000,131.04000000,131.05000000,2.92225000,1545808799999,382.96000770,3,0.01001000,1.31701570,0
1545808800000,131.84000000,131.84000000,131.84000000,131.84000000,0.01002000,1545809099999,1.32103680,1,0.01002000,1.32103680,0
1545809100000,131.13000000,131.43000000,130.94000000,131.19000000,6.07174000,1545809399999,795.15505290,4,0.02005000,2.63276430,0
1545809400000,130.50000000,130.50000000,129.69000000,130.02000000,204.29827000,1545809699999,26559.55879650,44,128.63053000,16721.97900000,0
1545809700000,130.46000000,130.48000000,130.46000000,130.48000000,12.93095000,1545809999999,1687.23015400,4,12.93095000,1687.23015400,0
1545810000000,129.91000000,131.35000000,129.90000000,131.35000000,123.32938000,1545810299999,16056.46380130,20,65.95789000,8593.19810980,0
1545810300000,131.40000000,131.81000000,131.10000000,131.46000000,60.90891000,1545810599999,8009.66992110,28,4.31064000,566.99532500,0
1545810600000,131.54000000,131.76000000,131.28000000,131.28000000,5.47030000,1545810899999,718.46469600,9,3.35944000,441.34546660,0
1545810900000,131.28000000,131.72000000,131.28000000,131.72000000,22.48223000,1545811199999,2955.22155440,3,22.48223000,2955.22155440,0
1545811200000,131.10000000,131.10000000,130.72000000,130.72000000,4.35828000,1545811499999,571.33924160,4,4.27600000,560.58360000,0
1545811500000,130.72000000,130.72000000,130.53000000,130.60000000,25.43759000,1545811799999,3321.69130960,7,0.00000000,0.00000000,0
1545811800000,130.60000000,130.97000000,130.60000000,130.97000000,14.96297000,1545812099999,1954.30723720,5,0.01006000,1.31755820,0
1545812100000,130.89000000,130.89000000,130.59000000,130.59000000,6.43242000,1545812399999,841.52623420,7,4.52042000,591.58183420,0
1545812400000,130.48000000,130.48000000,129.53000000,129.99000000,21.50749000,1545812699999,2792.16557320,13,9.00616000,1168.29057040,0
1545812700000,129.88000000,129.94000000,129.60000000,129.63000000,105.67656000,1545812999999,13711.07573490,34,59.55017000,7728.58111100,0
1545813000000,130.10000000,130.10000000,128.78000000,128.99000000,97.22785000,1545813299999,12551.18490920,34,66.01585000,8515.66276160,0
1545813300000,128.99000000,128.99000000,128.30000000,128.39000000,36.62580000,1545813599999,4712.88216220,25,20.79977000,2673.63244950,0
1545813600000,128.60000000,128.60000000,128.32000000,128.39000000,7.08097000,1545813899999,909.31666820,5,1.78710000,229.81891380,0
1545813900000,128.15000000,128.15000000,127.34000000,127.74000000,98.26243000,1545814199999,12547.60613890,32,65.27265000,8336.52207370,0
1545814200000,127.82000000,128.97000000,127.65000000,128.75000000,156.31092000,1545814499999,20020.95759820,57,128.43691000,16451.18550770,0
1545814500000,128.72000000,129.00000000,128.44000000,128.87000000,18.98767000,1545814799999,2443.54053920,11,15.98780000,2056.55730920,0
1545814800000,128.89000000,129.01000000,128.63000000,129.01000000,26.08501000,1545815099999,3362.79260010,5,22.38701000,2886.86416010,0
1545815100000,129.06000000,129.06000000,128.36000000,128.36000000,14.48700000,1545815399999,1860.14714000,5,0.89700000,115.73474000,0
1545815400000,128.58000000,129.48000000,128.58000000,129.07000000,1.77762000,1545815699999,228.99776830,6,1.09578000,141.12222910,0
1545815700000,129.13000000,129.13000000,128.88000000,128.90000000,2.38908000,1545815999999,308.09371570,6,2.00261000,258.28546210,0
1545816000000,128.83000000,128.83000000,128.15000000,128.15000000,47.86243000,1545816299999,6152.82164770,21,0.01019000,1.31094350,0
1545816300000,128.36000000,128.50000000,128.36000000,128.39000000,4.26175000,1545816599999,547.15467780,7,2.66623000,342.30676500,0
1545816600000,128.25000000,128.25000000,127.35000000,127.78000000,37.15439000,1545816899999,4746.29714750,15,15.38851000,1966.06380780,0
1545816900000,128.74000000,128.78000000,128.39000000,128.39000000,1.73226000,1545817199999,222.45334270,6,1.73226000,222.45334270,0
1545817200000,127.93000000,127.93000000,127.93000000,127.93000000,35.42458000,1545817499999,4531.86651940,8,35.42458000,4531.86651940,0
1545817500000,127.67000000,127.67000000,126.51000000,126.51000000,36.13349000,1545817799999,4583.92389720,20,3.90585000,497.82697590,0
1545817800000,126.51000000,127.20000000,126.51000000,127.20000000,45.44665000,1545818099999,5758.33999010,18,16.89406000,2142.23167080,0
1545818100000,126.91000000,127.02000000,126.91000000,127.02000000,0.29673000,1545818399999,37.66018090,3,0.02073000,2.63302090,0
1545818400000,126.22000000,126.98000000,125.71000000,126.98000000,129.78778000,1545818699999,16360.53208800,33,45.19168000,5704.47788220,0
1545818700000,126.68000000,127.05000000,126.68000000,126.86000000,26.49394000,1545818999999,3360.85224150,15,7.54314000,956.92274040,0
1545819000000,126.98000000,127.07000000,126.89000000,127.07000000,7.85834000,1545819299999,998.03382360,7,7.07184000,898.16405360,0
1545819300000,127.22000000,127.22000000,126.83000000,126.89000000,14.87645000,1545819599999,1888.06935830,13,13.78257000,1749.07002670,0
1545819600000,126.93000000,127.27000000,126.93000000,127.27000000,0.77250000,1545819899999,98.06246140,7,0.66100000,83.90976640,0
1545819900000,127.32000000,127.54000000,127.21000000,127.26000000,16.50289000,1545820199999,2101.11506050,14,16.50289000,2101.11506050,0
1545820200000,126.99000000,126.99000000,126.99000000,126.99000000,10.31697000,1545820499999,1310.15202030,1,0.00000000,0.00000000,0
1545820500000,126.99000000,126.99000000,126.99000000,126.99000000,0.00000000,1545820799999,0.00000000,0,0.00000000,0.00000000,0
1545820800000,126.99000000,126.99000000,126.99000000,126.99000000,0.00000000,1545821099999,0.00000000,0,0.00000000,0.00000000,0
1545821100000,127.43000000,127.86000000,127.43000000,127.86000000,8.62474000,1545821399999,1102.01164980,6,5.61608000,717.32438220,0
1545821400000,127.86000000,127.86000000,127.86000000,127.86000000,0.00000000,1545821699999,0.00000000,0,0.00000000,0.00000000,0
1545821700000,127.70000000,128.47000000,127.70000000,128.47000000,25.88613000,1545821999999,3318.94113870,16,21.07813000,2703.86201870,0
1545822000000,128.14000000,128.24000000,128.14000000,128.17000000,19.25978000,1545822299999,2468.24993020,9,4.25978000,546.14993020,0
1545822300000,127.87000000,128.12000000,127.87000000,128.12000000,0.54250000,1545822599999,69.37460000,3,0.02050000,2.62646000,0
1545822600000,127.86000000,128.28000000,127.86000000,128.28000000,3.69073000,1545822899999,473.08789650,6,2.89973000,371.94535650,0
1545822900000,128.42000000,128.44000000,128.05000000,128.05000000,34.57361000,1545823199999,4433.60387330,16,4.75291000,610.02067920,0
1545823200000,128.07000000,128.34000000,128.07000000,128.15000000,15.14924000,1545823499999,1940.76135030,7,15.14924000,1940.76135030,0
1545823500000,128.20000000,128.20000000,127.99000000,127.99000000,0.02050000,1545823799999,2.62594750,2,0.02050000,2.62594750,0
1545823800000,127.81000000,127.81000000,127.17000000,127.49000000,170.08857000,1545824099999,21729.20189070,58,6.87556000,878.27961400,0
1545824100000,127.29000000,127.29000000,127.07000000,127.29000000,2.77545000,1545824399999,353.28476670,3,2.77545000,353.28476670,0
1545824400000,126.85000000,126.85000000,126.77000000,126.79000000,6.08587000,1545824699999,771.68839310,5,0.00000000,0.00000000,0
1545824700000,126.67000000,126.67000000,126.67000000,126.67000000,0.53988000,1545824999999,68.38659960,1,0.00000000,0.00000000,0
1545825000000,126.67000000,126.67000000,126.67000000,126.67000000,0.00000000,1545825299999,0.00000000,0,0.00000000,0.00000000,0
1545825300000,126.49000000,126.95000000,126.49000000,126.95000000,4.78997000,1545825599999,606.48789110,3,1.58883000,201.57569250,0
1545825600000,127.49000000,127.63000000,126.99000000,126.99000000,9.55768000,1545825899999,1217.33333300,3,5.66904000,723.51493940,0
1545825900000,127.32000000,127.32000000,127.32000000,127.32000000,0.01031000,1545826199999,1.31266920,1,0.01031000,1.31266920,0
1545826200000,127.33000000,127.33000000,127.33000000,127.33000000,0.20000000,1545826499999,25.46600000,1,0.20000000,25.46600000,0
1545826500000,127.30000000,127.69000000,127.30000000,127.69000000,38.48340000,1545826799999,4905.45742400,10,38.48340000,4905.45742400,0
1545826800000,127.72000000,127.99000000,127.61000000,127.99000000,14.52966000,1545827099999,1858.12549560,6,13.88837000,1776.29047870,0
1545827100000,128.01000000,128.47000000,128.01000000,128.47000000,4.56334000,1545827399999,586.04876840,7,4.01900000,516.32093000,0
1545827400000,128.46000000,128.46000000,128.08000000,128.08000000,11.96284000,1545827699999,1533.94936960,10,11.96284000,1533.94936960,0
1545827700000,128.88000000,129.80000000,128.82000000,129.40000000,177.18507000,1545827999999,22986.25258680,45,31.32725000,4053.90755080,0
1545828000000,129.41000000,129.49000000,129.00000000,129.49000000,13.71419000,1545828299999,1770.50319000,6,13.71419000,1770.50319000,0
1545828300000,129.14000000,129.14000000,129.00000000,129.00000000,0.02031000,1545828599999,2.62140820,2,0.02031000,2.62140820,0
1545828600000,128.79000000,128.79000000,128.47000000,128.47000000,20.84087000,1545828899999,2683.96670010,5,0.00000000,0.00000000,0
1545828900000,128.47000000,128.47000000,128.47000000,128.47000000,0.00000000,1545829199999,0.00000000,0,0.00000000,0.00000000,0
1545829200000,128.47000000,128.47000000,128.47000000,128.47000000,0.00000000,1545829499999,0.00000000,0,0.00000000,0.00000000,0
1545829500000,128.68000000,128.83000000,128.47000000,128.47000000,17.44889000,1545829799999,2247.24750730,9,16.00000000,2061.10860900,0
1545829800000,128.12000000,128.12000000,128.12000000,128.12000000,1.54744000,1545830099999,198.25801280,3,1.44744000,185.44601280,0
1545830100000,128.46000000,128.96000000,128.46000000,128.96000000,0.14276000,1545830399999,18.34527320,3,0.14276000,18.34527320,0
1545830400000,129.28000000,129.28000000,128.95000000,128.96000000,15.26527000,1545830699999,1968.60663010,13,0.86843000,111.99601280,0
1545830700000,129.56000000,130.29000000,129.56000000,130.29000000,16.60752000,1545830999999,2163.00234220,9,15.74246000,2050.86137480,0
1545831000000,130.14000000,130.14000000,130.08000000,130.08000000,0.03046000,1545831299999,3.96325580,3,0.03046000,3.96325580,0
1545831300000,129.77000000,129.77000000,129.69000000,129.71000000,0.03024000,1545831599999,3.92283360,3,0.03024000,3.92283360,0
1545831600000,130.00000000,130.54000000,130.00000000,130.24000000,30.69560000,1545831899999,3992.76223960,8,30.61760000,3982.62223960,0
1545831900000,129.67000000,129.68000000,129.49000000,129.49000000,4.91816000,1545832199999,637.46220880,9,1.61900000,209.64431000,0
1545832200000,129.47000000,129.47000000,129.47000000,129.47000000,0.01014000,1545832499999,1.31282580,1,0.01014000,1.31282580,0
1545832500000,129.12000000,129.12000000,129.00000000,129.00000000,5.39178000,1545832799999,695.94877560,4,0.00000000,0.00000000,0
1545832800000,128.80000000,129.18000000,127.82000000,127.82000000,14.67486000,1545833099999,1885.13830080,17,0.14074000,18.02031320,0
1545833100000,127.48000000,127.61000000,127.10000000,127.10000000,19.77127000,1545833399999,2514.31590410,23,0.79976000,101.93691030,0
1545833400000,126.87000000,127.49000000,126.87000000,127.46000000,0.53603000,1545833699999,68.26348620,6,0.43603000,55.57648620,0
1545833700000,127.46000000,127.46000000,127.46000000,127.46000000,1.37915000,1545833999999,175.78645900,1,1.37915000,175.78645900,0
1545834000000,127.46000000,127.46000000,127.46000000,127.46000000,0.00000000,1545834299999,0.00000000,0,0.00000000,0.00000000,0
1545834300000,127.21000000,127.55000000,127.21000000,127.55000000,4.32402000,1545834599999,550.06209640,5,4.32402000,550.06209640,0
1545834600000,127.40000000,127.40000000,127.40000000,127.40000000,40.00000000,1545834899999,5096.00000000,18,40.00000000,5096.00000000,0
1545834900000,127.55000000,127.55000000,127.53000000,127.53000000,2.11344000,1545835199999,269.55829600,5,2.11344000,269.55829600,0
1545835200000,126.36000000,126.36000000,123.71000000,123.71000000,88.85841000,1545835499999,11126.46903130,45,3.60028000,448.08001600,0
1545835500000,123.70000000,124.78000000,123.50000000,124.78000000,28.30218000,1545835799999,3511.36862340,40,28.30218000,3511.36862340,0
1545835800000,124.51000000,124.69000000,123.74000000,124.29000000,48.54168000,1545836099999,6038.95081440,35,39.06955000,4861.63089950,0
1545836100000,124.36000000,124.36000000,123.63000000,123.63000000,58.17206000,1545836399999,7207.09897560,25,32.39710000,4020.48011000,0
1545836400000,124.23000000,124.23000000,124.22000000,124.22000000,0.02121000,1545836699999,2.63481200,2,0.02121000,2.63481200,0
1545836700000,124.36000000,125.50000000,124.33000000,125.00000000,83.37781000,1545836999999,10405.63375110,48,83.30890000,10397.00484090,0
1545837000000,124.89000000,125.50000000,124.84000000,124.84000000,10.15971000,1545837299999,1269.59481800,10,3.41800000,427.87997730,0
1545837300000,125.08000000,125.08000000,125.08000000,125.08000000,0.01051000,1545837599999,1.31459080,1,0.01051000,1.31459080,0
1545837600000,125.37000000,125.37000000,124.61000000,124.61000000,21.06701000,1545837899999,2635.86249130,7,15.71975000,1969.36042270,0
1545837900000,124.80000000,125.87000000,124.50000000,125.55000000,30.81225000,1545838199999,3867.16982370,25,19.89952000,2498.24217610,0
1545838200000,125.84000000,125.84000000,125.83000000,125.83000000,3.52929000,1545838499999,444.09066540,2,3.52929000,444.09066540,0
1545838500000,125.50000000,125.81000000,125.50000000,125.76000000,36.21991000,1545838799999,4546.62966560,11,4.42476000,556.33834060,0
1545838800000,125.50000000,125.66000000,125.14000000,125.14000000,0.03203000,1545839099999,4.01683900,4,0.03135000,3.93149900,0
1545839100000,124.47000000,124.98000000,124.47000000,124.76000000,8.06498000,1545839399999,1005.41619840,13,0.19918000,24.83688340,0
1545839400000,124.67000000,124.67000000,124.60000000,124.60000000,6.90220000,1545839699999,860.25569700,2,0.00000000,0.00000000,0
1545839700000,124.89000000,125.19000000,124.89000000,125.19000000,6.25350000,1545839999999,781.00277700,4,6.25350000,781.00277700,0
1545840000000,125.00000000,125.00000000,124.61000000,124.61000000,14.26243000,1545840299999,1779.96189500,9,0.00000000,0.00000000,0
1545840300000,124.71000000,124.71000000,124.71000000,124.71000000,12.52849000,1545840599999,1562.42798790,9,0.00000000,0.00000000,0
1545840600000,124.81000000,124.81000000,124.81000000,124.81000000,0.01052000,1545840899999,1.31300120,1,0.01052000,1.31300120,0
1545840900000,124.81000000,125.37000000,123.77000000,125.37000000,166.27407000,1545841199999,20659.09670610,41,113.50054000,14090.52905470,0
1545841200000,125.37000000,125.87000000,125.37000000,125.87000000,19.05966000,1545841499999,2391.04059640,17,17.33222000,2174.19505320,0
1545841500000,125.87000000,126.38000000,125.84000000,126.02000000,25.41841000,1545841799999,3209.89974110,16,4.46574000,562.46381830,0
1545841800000,126.10000000,126.10000000,125.85000000,125.85000000,35.84314000,1545842099999,4518.06995400,13,1.30658000,164.75973800,0
1545842100000,125.77000000,125.77000000,125.74000000,125.74000000,9.30249000,1545842399999,1169.93509260,4,0.01042000,1.31021080,0
1545842400000,126.28000000,126.34000000,126.28000000,126.34000000,2.98229000,1545842699999,376.60420700,2,2.98229000,376.60420700,0
1545842700000,126.35000000,127.36000000,126.34000000,127.17000000,24.24133000,1545842999999,3075.82804010,12,10.24133000,1302.28804010,0
1545843000000,126.96000000,126.96000000,126.45000000,126.63000000,9.33354000,1545843299999,1181.31138300,8,1.50655000,190.57160310,0
1545843300000,126.54000000,126.54000000,126.04000000,126.51000000,25.61449000,1545843599999,3237.11183130,5,18.42919000,2331.47661930,0
1545843600000,125.78000000,126.57000000,125.78000000,126.57000000,13.51281000,1545843899999,1704.94203790,5,13.05171000,1646.94487990,0
1545843900000,126.45000000,126.74000000,125.92000000,126.74000000,3.90051000,1545844199999,491.84341020,7,0.03122000,3.95214120,0
1545844200000,126.67000000,126.68000000,126.67000000,126.68000000,0.02079000,1545844499999,2.63357300,2,0.02079000,2.63357300,0
1545844500000,126.01000000,126.35000000,125.13000000,125.13000000,34.94588000,1545844799999,4388.13432830,21,2.45820000,308.32332030,0
1545844800000,125.63000000,125.99000000,125.60000000,125.91000000,19.44272000,1545845099999,2444.89199870,28,18.95963000,2384.20316390,0
1545845100000,125.92000000,126.41000000,125.92000000,126.14000000,6.41538000,1545845399999,808.76456950,17,6.41538000,808.76456950,0
1545845400000,125.99000000,125.99000000,125.55000000,125.55000000,0.85896000,1545845699999,108.14268200,9,0.85896000,108.14268200,0
1545845700000,125.59000000,125.93000000,125.59000000,125.93000000,0.31948000,1545845999999,40.16656570,3,0.31948000,40.16656570,0
1545846000000,125.73000000,125.79000000,125.73000000,125.79000000,0.16782000,1545846299999,21.10503960,2,0.16782000,21.10503960,0
1545846300000,125.79000000,126.65000000,125.79000000,126.09000000,1.71086000,1545846599999,215.25142350,5,1.71086000,215.25142350,0
1545846600000,126.65000000,126.91000000,126.65000000,126.91000000,1.54083000,1545846899999,195.14882090,4,1.54083000,195.14882090,0
1545846900000,126.94000000,126.94000000,126.60000000,126.60000000,2.66152000,1545847199999,337.36003950,8,2.66152000,337.36003950,0
1545847200000,126.94000000,126.94000000,126.60000000,126.60000000,0.02072000,1545847499999,2.62667440,2,0.02072000,2.62667440,0
1545847500000,126.25000000,126.25000000,125.67000000,125.67000000,7.51079000,1545847799999,943.88699970,2,0.01038000,1.31047500,0
1545847800000,126.35000000,126.35000000,126.35000000,126.35000000,1.00846000,1545848099999,127.41892100,1,1.00846000,127.41892100,0
1545848100000,125.89000000,126.66000000,125.89000000,126.66000000,0.48647000,1545848399999,61.24975480,2,0.01045000,1.32359700,0
1545848400000,126.66000000,126.66000000,126.66000000,126.66000000,0.00000000,1545848699999,0.00000000,0,0.00000000,0.00000000,0
1545848700000,125.95000000,126.48000000,125.95000000,126.48000000,14.62722000,1545848999999,1844.49542020,4,8.12722000,1025.82042020,0
1545849000000,126.22000000,126.40000000,125.81000000,126.40000000,23.04162000,1545849299999,2903.66371640,4,9.91538000,1252.25146200,0
1545849300000,126.23000000,126.30000000,126.07000000,126.16000000,12.64459000,1545849599999,1595.28332150,13,6.09261000,769.25120230,0
1545849600000,126.16000000,126.16000000,125.94000000,125.94000000,6.27733000,1545849899999,791.88829600,6,0.54067000,68.20863700,0
1545849900000,125.76000000,126.00000000,125.50000000,125.79000000,4.01759000,1545850199999,504.95318220,8,1.01759000,128.15302420,0
1545850200000,125.89000000,125.97000000,125.89000000,125.97000000,0.52782000,1545850499999,66.46173260,3,0.52782000,66.46173260,0
1545850500000,126.09000000,126.18000000,126.08000000,126.13000000,7.80374000,1545850799999,984.10173270,17,5.62664000,709.50410970,0
1545850800000,126.44000000,126.93000000,126.44000000,126.93000000,38.88772000,1545851099999,4921.44524380,5,38.88772000,4921.44524380,0
1545851100000,127.00000000,129.24000000,127.00000000,129.02000000,114.94358000,1545851399999,14820.93335870,58,33.89178000,4365.93425340,0
1545851400000,129.09000000,129.38000000,128.59000000,128.83000000,414.00246000,1545851699999,53469.07524700,79,29.22776000,3767.96254520,0
1545851700000,128.93000000,129.30000000,128.58000000,128.66000000,49.15473000,1545851999999,6325.63276330,21,5.76157000,742.09382800,0
1545852000000,129.28000000,129.34000000,128.64000000,128.64000000,35.07889000,1545852299999,4527.52012610,10,22.12347000,2860.84333720,0
1545852300000,129.12000000,129.34000000,129.09000000,129.34000000,7.85664000,1545852599999,1015.00273630,7,2.91295000,376.76095300,0
1545852600000,129.73000000,130.08000000,129.34000000,130.05000000,83.23866000,1545852899999,10801.00896310,35,13.68698000,1777.77489360,0
1545852900000,130.09000000,130.09000000,129.67000000,129.81000000,31.57685000,1545853199999,4098.48218060,9,2.05240000,266.69148580,0
1545853200000,129.68000000,129.81000000,129.21000000,129.21000000,20.58122000,1545853499999,2660.75387230,11,0.01012000,1.31367720,0
1545853500000,129.40000000,129.76000000,129.28000000,129.28000000,1.81856000,1545853799999,235.39778580,6,0.70485000,91.39916340,0
1545853800000,129.44000000,129.44000000,128.74000000,128.92000000,16.73087000,1545854099999,2157.67034620,13,1.62218000,209.86920600,0
1545854100000,128.92000000,128.92000000,128.92000000,128.92000000,0.00000000,1545854399999,0.00000000,0,0.00000000,0.00000000,0
1545854400000,129.49000000,130.24000000,129.41000000,129.41000000,15.91473000,1545854699999,2064.19043000,20,8.84535000,1145.71894200,0
1545854700000,129.62000000,129.62000000,129.04000000,129.04000000,16.22113000,1545854999999,2093.32504500,4,0.01013000,1.31305060,0
1545855000000,129.21000000,129.70000000,129.00000000,129.70000000,19.69602000,1545855299999,2550.86067940,11,16.18703000,2096.45619750,0
1545855300000,129.49000000,129.52000000,129.19000000,129.39000000,3.03064000,1545855599999,392.05526880,4,1.03064000,133.47526880,0
1545855600000,129.55000000,130.18000000,129.43000000,129.74000000,62.70389000,1545855899999,8128.60640660,32,51.78579000,6711.08252740,0
1545855900000,129.94000000,129.95000000,129.50000000,129.58000000,8.88658000,1545856199999,1151.47254110,20,7.88658000,1021.85254110,0
1545856200000,129.23000000,129.54000000,128.02000000,128.35000000,47.57296000,1545856499999,6121.71864660,29,8.37063000,1078.80656410,0
1545856500000,128.45000000,129.11000000,128.16000000,128.63000000,28.61991000,1545856799999,3677.01420370,15,0.18718000,24.08043870,0
1545856800000,128.49000000,128.83000000,128.26000000,128.77000000,22.85233000,1545857099999,2936.78567050,25,1.35729000,174.68233390,0
1545857100000,128.38000000,128.65000000,128.38000000,128.65000000,4.10500000,1545857399999,527.26990000,2,1.00000000,128.65000000,0
1545857400000,128.64000000,128.64000000,128.19000000,128.19000000,1.00460000,1545857699999,129.17657400,2,0.88200000,113.46048000,0
1545857700000,128.83000000,128.83000000,128.19000000,128.26000000,39.33109000,1545857999999,5049.65835690,13,3.48335000,446.83084170,0
1545858000000,128.06000000,128.06000000,127.37000000,127.37000000,30.90090000,1545858299999,3951.73757230,17,1.39397000,178.18528480,0
1545858300000,127.39000000,127.74000000,127.39000000,127.74000000,4.01972000,1545858599999,512.16803640,4,1.77353000,225.93604470,0
1545858600000,127.74000000,128.00000000,127.74000000,128.00000000,7.46220000,1545858899999,953.37134260,10,0.62521000,80.01424000,0
1545858900000,127.96000000,128.11000000,127.74000000,127.74000000,9.09229000,1545859199999,1161.51584820,9,0.01028000,1.31697080,0
1545859200000,127.69000000,127.92000000,126.91000000,127.19000000,32.93690000,1545859499999,4194.78037250,28,10.30304000,1314.06043980,0
1545859500000,127.12000000,127.49000000,126.71000000,127.49000000,11.21923000,1545859799999,1425.51108790,9,9.02587000,1147.09105930,0
1545859800000,127.36000000,128.13000000,127.19000000,128.13000000,14.30758000,1545860099999,1821.91390180,15,0.03100000,3.95807100,0
1545860100000,128.13000000,128.40000000,127.72000000,127.72000000,47.69807000,1545860399999,6096.99958280,17,2.19598000,280.61333470,0
1545860400000,128.06000000,128.06000000,128.06000000,128.06000000,0.01028000,1545860699999,1.31645680,1,0.01028000,1.31645680,0
1545860700000,128.14000000,128.14000000,128.14000000,128.14000000,1.92124000,1545860999999,246.18769360,1,1.92124000,246.18769360,0
1545861000000,128.39000000,128.40000000,128.35000000,128.35000000,27.96234000,1545861299999,3589.92895320,12,20.70396000,2658.31588020,0
1545861300000,128.12000000,128.60000000,127.84000000,128.60000000,4.39264000,1545861599999,563.79190380,9,3.39630000,436.14082300,0
1545861600000,128.93000000,129.38000000,128.93000000,129.35000000,60.33178000,1545861899999,7802.00103560,13,39.62817000,5124.01873920,0
1545861900000,129.63000000,130.17000000,129.20000000,129.30000000,25.65083000,1545862199999,3335.72736330,11,24.90298000,3238.99139330,0
1545862200000,129.63000000,129.63000000,129.63000000,129.63000000,5.98473000,1545862499999,775.80054990,3,0.00000000,0.00000000,0
1545862500000,130.22000000,131.00000000,130.22000000,131.00000000,10.43815000,1545862799999,1360.07459670,10,2.93346000,382.62986490,0
1545862800000,131.00000000,131.99000000,130.75000000,130.96000000,107.00257000,1545863099999,14014.66547970,40,28.30888000,3717.25731020,0
1545863100000,130.52000000,130.79000000,130.03000000,130.17000000,44.31118000,1545863399999,5767.01285130,19,12.33083000,1606.84422250,0
1545863400000,130.40000000,130.42000000,129.39000000,129.72000000,55.79553000,1545863699999,7244.28381260,28,22.54457000,2926.35198230,0
1545863700000,129.72000000,129.72000000,129.72000000,129.72000000,0.00000000,1545863999999,0.00000000,0,0.00000000,0.00000000,0
1545864000000,130.34000000,130.35000000,129.88000000,129.88000000,8.05870000,1545864299999,1050.15519820,3,0.64042000,83.18240020,0
1545864300000,130.10000000,130.45000000,129.98000000,130.13000000,15.91272000,1545864599999,2072.67098720,12,2.13984000,278.91938480,0
1545864600000,130.32000000,133.00000000,130.32000000,130.78000000,431.56895000,1545864899999,56871.45503610,31,426.30680000,56185.67911050,0
1545864900000,131.01000000,131.15000000,130.26000000,130.60000000,32.19777000,1545865199999,4220.26873110,12,0.00997000,1.30208200,0
1545865200000,130.67000000,131.20000000,130.04000000,130.04000000,29.66745000,1545865499999,3875.50739280,21,14.69932000,1922.93275130,0
1545865500000,130.64000000,130.64000000,129.94000000,130.42000000,35.18206000,1545865799999,4593.19663320,10,3.70756000,482.16595320,0
1545865800000,130.64000000,130.94000000,130.59000000,130.59000000,1.62299000,1545866099999,212.01344920,8,1.44974000,189.38873170,0
1545866100000,131.41000000,131.72000000,131.30000000,131.36000000,34.54716000,1545866399999,4539.07925740,19,10.47698000,1375.76464960,0
1545866400000,131.19000000,131.51000000,130.85000000,131.51000000,6.43743000,1545866699999,842.47960160,10,0.93175000,122.06137360,0
1545866700000,131.23000000,131.67000000,131.01000000,131.01000000,41.15044000,1545866999999,5405.35128590,21,23.77836000,3129.43508510,0
1545867000000,131.07000000,131.07000000,129.53000000,129.53000000,6.07414000,1545867299999,790.14949510,12,0.92914000,121.24804510,0
1545867300000,129.66000000,130.55000000,129.44000000,129.92000000,24.52339000,1545867599999,3183.66262620,22,5.42366000,704.55225860,0
1545867600000,130.32000000,130.42000000,129.74000000,130.42000000,4.33148000,1545867899999,564.72914600,7,0.01010000,1.31623200,0
1545867900000,130.23000000,130.23000000,129.85000000,129.93000000,0.45170000,1545868199999,58.66988200,3,0.45170000,58.66988200,0
1545868200000,130.15000000,130.36000000,130.01000000,130.01000000,15.19800000,1545868499999,1980.92052450,5,15.19800000,1980.92052450,0
1545868500000,130.30000000,130.30000000,130.30000000,130.30000000,0.13208000,1545868799999,17.21002400,1,0.00000000,0.00000000,0
1545868800000,130.21000000,130.21000000,129.77000000,129.77000000,1.13212000,1545869099999,147.07624670,7,0.66791000,86.69050870,0
1545869100000,128.96000000,128.96000000,128.86000000,128.92000000,1.11368000,1545869399999,143.58180950,6,1.03445000,133.36668560,0
1545869400000,128.53000000,129.02000000,128.47000000,129.02000000,15.01019000,1545869699999,1929.08701950,4,0.01019000,1.31471380,0
1545869700000,129.08000000,129.08000000,129.08000000,129.08000000,0.89367000,1545869999999,115.35492360,2,0.89367000,115.35492360,0
1545870000000,129.84000000,129.84000000,129.44000000,129.44000000,0.53519000,1545870299999,69.33234010,6,0.53519000,69.33234010,0
1545870300000,129.40000000,130.12000000,129.40000000,129.76000000,3.05631000,1545870599999,396.91937060,9,2.56451000,333.10340260,0
1545870600000,129.61000000,130.05000000,129.61000000,130.01000000,26.89924000,1545870899999,3497.37508080,12,20.80931000,2705.37968430,0
1545870900000,130.39000000,130.51000000,130.39000000,130.46000000,5.80179000,1545871199999,757.17839900,7,0.17543000,22.88215540,0
1545871200000,130.66000000,131.24000000,130.66000000,130.78000000,16.91059000,1545871499999,2218.69323050,16,15.74882000,2066.50136050,0
1545871500000,130.83000000,131.08000000,130.66000000,130.66000000,0.25981000,1545871799999,33.99627190,4,0.25981000,33.99627190,0
1545871800000,130.67000000,131.19000000,130.67000000,130.74000000,3.02065000,1545872099999,394.91677260,5,3.02065000,394.91677260,0
1545872100000,131.27000000,131.27000000,130.90000000,130.90000000,0.02010000,1545872399999,2.63480850,2,0.02010000,2.63480850,0
1545872400000,131.28000000,131.64000000,131.28000000,131.64000000,0.03009000,1545872699999,3.95492460,3,0.03009000,3.95492460,0
1545872700000,131.70000000,131.70000000,131.42000000,131.42000000,0.02000000,1545872999999,2.63120560,2,0.02000000,2.63120560,0
1545873000000,131.18000000,131.18000000,130.00000000,130.06000000,2.13247000,1545873299999,277.26318990,8,0.04995000,6.52876470,0
1545873300000,130.04000000,130.04000000,129.32000000,129.32000000,12.12532000,1545873599999,1569.48067360,12,0.33138000,42.88388080,0
1545873600000,129.46000000,129.65000000,129.46000000,129.63000000,5.05633000,1545873899999,655.16944180,3,3.03770000,393.83760200,0
1545873900000,129.65000000,129.66000000,128.93000000,129.22000000,2.67722000,1545874199999,346.52447250,11,2.59799000,336.30934860,0
1545874200000,128.78000000,128.78000000,127.60000000,127.85000000,24.81414000,1545874499999,3170.56854420,18,2.93123000,376.40913350,0
1545874500000,127.53000000,127.86000000,127.40000000,127.50000000,21.10871000,1545874799999,2692.61295990,14,5.31883000,678.68576650,0
1545874800000,127.62000000,127.69000000,127.50000000,127.69000000,3.89802000,1545875099999,497.30376080,7,2.89802000,369.80376080,0
1545875100000,127.96000000,127.96000000,127.60000000,127.60000000,8.66630000,1545875399999,1105.87954200,4,0.16630000,21.27954200,0
1545875400000,127.91000000,128.19000000,127.91000000,128.19000000,0.13872000,1545875699999,17.74655640,2,0.01029000,1.31907510,0
1545875700000,128.19000000,128.19000000,127.69000000,127.70000000,53.89539000,1545875999999,6888.73754410,20,0.01029000,1.31681130,0
1545876000000,127.39000000,127.39000000,126.35000000,127.03000000,38.25013000,1545876299999,4844.50397580,22,8.53735000,1083.78908650,0
1545876300000,127.35000000,127.35000000,126.10000000,126.10000000,10.68532000,1545876599999,1355.96126820,7,2.41479000,304.89025380,0
1545876600000,126.15000000,126.83000000,126.13000000,126.13000000,0.39068000,1545876899999,49.28391320,3,0.02068000,2.61581320,0
1545876900000,126.74000000,127.07000000,126.74000000,127.07000000,1.21023000,1545877199999,153.38798550,2,0.01041000,1.32279870,0
1545877200000,126.94000000,126.94000000,126.60000000,126.60000000,10.61096000,1545877499999,1346.01979740,11,7.83691000,994.81714820,0
1545877500000,126.94000000,127.39000000,126.46000000,127.39000000,57.05095000,1545877799999,7259.06543730,12,53.11916000,6759.66328250,0
1545877800000,127.39000000,127.39000000,127.08000000,127.08000000,5.22507000,1545878099999,665.48412650,8,0.44368000,56.38285440,0
1545878100000,127.45000000,127.45000000,126.98000000,126.98000000,3.40482000,1545878399999,432.34888930,8,3.40482000,432.34888930,0
1545878400000,126.88000000,126.88000000,126.65000000,126.65000000,20.67225000,1545878699999,2618.32380720,4,0.17508000,22.21415040,0
1545878700000,126.91000000,127.11000000,126.41000000,127.11000000,39.62853000,1545878999999,5011.21200500,9,32.35677000,4090.89805940,0
1545879000000,127.20000000,127.20000000,127.20000000,127.20000000,0.01039000,1545879299999,1.32160800,1,0.01039000,1.32160800,0
1545879300000,127.23000000,128.32000000,127.23000000,128.08000000,24.14017000,1545879599999,3086.25848390,16,15.96527000,2042.66624590,0
1545879600000,127.90000000,128.04000000,127.56000000,127.56000000,17.15884000,1545879899999,2194.79385480,14,15.02978000,1922.80449960,0
1545879900000,127.49000000,127.79000000,127.49000000,127.55000000,21.29808000,1545880199999,2718.39462250,23,14.23256000,1816.55164970,0
1545880200000,127.53000000,127.53000000,127.51000000,127.51000000,1.58461000,1545880499999,202.07260410,2,1.58461000,202.07260410,0
1545880500000,126.83000000,126.83000000,126.83000000,126.83000000,9.76009000,1545880799999,1237.87221470,4,1.32653000,168.24379990,0
1545880800000,127.36000000,127.36000000,127.35000000,127.35000000,3.20377000,1545881099999,408.01778370,5,1.43635000,182.91917250,0
1545881100000,127.50000000,127.50000000,127.50000000,127.50000000,1.14362000,1545881399999,145.81155000,1,1.14362000,145.81155000,0
1545881400000,127.18000000,127.20000000,127.18000000,127.20000000,4.82918000,1545881699999,614.18037240,4,0.26300000,33.45360000,0
1545881700000,127.17000000,127.26000000,126.81000000,126.81000000,151.61921000,1545881999999,19231.63330590,38,106.33355000,13484.16211050,0
1545882000000,127.13000000,127.15000000,127.03000000,127.15000000,13.41676000,1545882299999,1705.39550900,6,0.00000000,0.00000000,0
1545882300000,127.15000000,127.15000000,126.37000000,126.37000000,13.95934000,1545882599999,1772.61444130,14,13.87934000,1762.49444130,0
1545882600000,126.26000000,126.26000000,126.26000000,126.26000000,0.01034000,1545882899999,1.30552840,1,0.01034000,1.30552840,0
1545882900000,126.02000000,126.02000000,126.00000000,126.00000000,0.36800000,1545883199999,46.37376000,2,0.00000000,0.00000000,0
1545883200000,126.36000000,126.36000000,126.36000000,126.36000000,16.07292000,1545883499999,2030.97417120,5,16.07292000,2030.97417120,0
1545883500000,126.36000000,126.93000000,126.36000000,126.85000000,58.66905000,1545883799999,7421.69343800,10,58.66905000,7421.69343800,0
1545883800000,126.85000000,127.10000000,126.85000000,127.10000000,8.53664000,1545884099999,1082.87537400,5,8.53664000,1082.87537400,0
1545884100000,126.56000000,126.56000000,126.43000000,126.43000000,13.06211000,1545884399999,1652.43320630,2,0.00000000,0.00000000,0
1545884400000,126.90000000,127.00000000,126.90000000,127.00000000,11.26562000,1545884699999,1429.61517800,6,4.47179000,567.47815100,0
1545884700000,127.10000000,127.32000000,126.63000000,126.80000000,36.80107000,1545884999999,4671.93337650,13,12.11239000,1540.58824220,0
1545885000000,126.80000000,126.80000000,126.80000000,126.80000000,0.00000000,1545885299999,0.00000000,0,0.00000000,0.00000000,0
1545885300000,126.80000000,126.80000000,126.80000000,126.80000000,0.00000000,1545885599999,0.00000000,0,0.00000000,0.00000000,0
1545885600000,126.69000000,126.78000000,126.69000000,126.75000000,1.14602000,1545885899999,145.21940160,4,1.14602000,145.21940160,0
1545885900000,126.78000000,126.78000000,126.78000000,126.78000000,5.32321000,1545886199999,674.87656380,1,5.32321000,674.87656380,0
1545886200000,126.66000000,126.66000000,126.35000000,126.35000000,32.17543000,1545886499999,4066.82446410,16,8.02343000,1015.21926410,0
1545886500000,126.50000000,126.50000000,126.41000000,126.41000000,0.28566000,1545886799999,36.11796390,2,0.08537000,10.79930500,0
1545886800000,126.41000000,126.41000000,126.41000000,126.41000000,0.00000000,1545887099999,0.00000000,0,0.00000000,0.00000000,0
1545887100000,126.36000000,126.40000000,125.82000000,125.92000000,15.87338000,1545887399999,2004.75136640,11,1.51444000,190.62807480,0
1545887400000,125.34000000,125.34000000,125.06000000,125.06000000,40.59805000,1545887699999,5081.33411000,16,40.59805000,5081.33411000,0
1545887700000,125.27000000,125.27000000,122.22000000,122.22000000,227.02975000,1545887999999,28133.34144840,60,7.54421000,930.95687530,0
1545888000000,122.15000000,122.77000000,121.31000000,122.10000000,138.13630000,1545888299999,16842.16436880,56,16.87736000,2053.14683860,0
1545888300000,122.24000000,122.97000000,122.24000000,122.24000000,30.23506000,1545888599999,3704.20926400,23,30.23506000,3704.20926400,0
1545888600000,122.25000000,122.25000000,121.78000000,121.78000000,12.41031000,1545888899999,1514.08050620,13,0.11523000,14.08074620,0
1545888900000,121.20000000,122.21000000,121.20000000,122.21000000,27.53912000,1545889199999,3359.92327050,13,26.09124000,3184.44021450,0
1545889200000,122.22000000,122.22000000,121.53000000,121.53000000,9.09270000,1545889499999,1108.29509900,5,4.01078000,490.15753160,0
1545889500000,122.26000000,123.05000000,122.26000000,123.05000000,2.28752000,1545889799999,281.47570350,5,0.03313000,4.07301400,0
1545889800000,123.05000000,123.23000000,123.02000000,123.11000000,9.51043000,1545890099999,1170.07502210,4,6.21978000,765.16053960,0
1545890100000,122.89000000,123.15000000,122.56000000,122.56000000,5.18031000,1545890399999,636.54711290,4,1.06054000,130.60550100,0
1545890400000,123.08000000,123.63000000,123.08000000,123.63000000,4.52136000,1545890699999,558.00900840,4,4.52136000,558.00900840,0
1545890700000,123.71000000,123.88000000,123.13000000,123.13000000,9.32784000,1545890999999,1154.81688010,5,8.28519000,1026.36538560,0
1545891000000,123.71000000,123.73000000,123.06000000,123.71000000,18.92912000,1545891299999,2336.12131970,6,10.66529000,1319.17439990,0
1545891300000,123.12000000,123.51000000,123.06000000,123.06000000,8.43511000,1545891599999,1038.09106200,3,1.03806000,127.81008900,0
1545891600000,123.17000000,123.17000000,122.97000000,122.97000000,2.71962000,1545891899999,334.68603690,5,0.10667000,13.13640990,0
1545891900000,122.57000000,123.24000000,122.57000000,123.11000000,2.21323000,1545892199999,271.37248690,7,2.21323000,271.37248690,0
1545892200000,122.83000000,123.78000000,122.83000000,123.78000000,0.89040000,1545892499999,109.37800650,2,0.01071000,1.32568380,0
1545892500000,123.14000000,123.34000000,123.07000000,123.34000000,4.71564000,1545892799999,580.69140570,4,1.19926000,147.91448770,0
1545892800000,123.42000000,123.42000000,123.30000000,123.33000000,77.58847000,1545893099999,9570.00132740,26,77.53371000,9563.24777660,0
1545893100000,123.05000000,123.05000000,123.05000000,123.05000000,7.05551000,1545893399999,868.18050550,1,0.00000000,0.00000000,0
1545893400000,123.25000000,123.25000000,123.25000000,123.25000000,1.14433000,1545893699999,141.03867250,3,0.00000000,0.00000000,0
1545893700000,123.50000000,123.50000000,123.50000000,123.50000000,0.01066000,1545893999999,1.31651000,1,0.01066000,1.31651000,0
1545894000000,123.52000000,123.91000000,123.25000000,123.91000000,46.64525000,1545894299999,5759.20416280,8,23.77197000,2939.94939420,0
1545894300000,124.06000000,124.31000000,124.06000000,124.31000000,19.43434000,1545894599999,2411.17899940,8,19.43434000,2411.17899940,0
1545894600000,124.31000000,124.36000000,124.31000000,124.36000000,0.10506000,1545894899999,13.06420160,3,0.10506000,13.06420160,0
1545894900000,124.51000000,124.56000000,124.03000000,124.03000000,6.83991000,1545895199999,850.88397790,6,4.96800000,618.71098060,0
1545895200000,124.00000000,124.17000000,124.00000000,124.17000000,0.12630000,1545895499999,15.66299520,2,0.01056000,1.31123520,0
1545895500000,124.00000000,124.00000000,123.81000000,123.81000000,0.02122000,1545895799999,2.62800070,3,0.02115000,2.61932070,0
1545895800000,123.28000000,123.28000000,123.25000000,123.25000000,32.23179000,1545896099999,3972.78412590,8,0.00000000,0.00000000,0
1545896100000,123.55000000,123.55000000,123.53000000,123.53000000,9.83479000,1545896399999,1214.89182190,2,9.83479000,1214.89182190,0
1545896400000,123.72000000,123.72000000,123.72000000,123.72000000,0.01065000,1545896699999,1.31761800,1,0.01065000,1.31761800,0
1545896700000,123.75000000,123.75000000,123.75000000,123.75000000,0.01062000,1545896999999,1.31422500,1,0.01062000,1.31422500,0
1545897000000,123.75000000,124.16000000,123.75000000,123.99000000,7.91450000,1545897299999,981.77741490,5,7.91450000,981.77741490,0
1545897300000,123.20000000,123.52000000,123.05000000,123.52000000,3.25215000,1545897599999,400.42665220,4,0.01061000,1.31054720,0
1545897600000,123.97000000,124.34000000,123.97000000,124.19000000,0.12093000,1545897899999,15.01754980,3,0.12093000,15.01754980,0
1545897900000,124.26000000,124.26000000,124.23000000,124.23000000,0.02118000,1545898199999,2.63150880,2,0.02118000,2.63150880,0
1545898200000,123.99000000,123.99000000,123.93000000,123.93000000,0.10216000,1545898499999,12.66132360,3,0.02116000,2.62299360,0
1545898500000,124.01000000,124.53000000,123.88000000,123.88000000,25.76288000,1545898799999,3196.65406050,15,18.75487000,2327.44717570,0
1545898800000,124.42000000,124.56000000,124.42000000,124.54000000,36.88118000,1545899099999,4590.56786020,15,36.88118000,4590.56786020,0
1545899100000,124.54000000,124.82000000,124.54000000,124.82000000,4.19793000,1545899399999,523.88430740,3,4.19793000,523.88430740,0
1545899400000,124.29000000,124.29000000,124.29000000,124.29000000,0.01053000,1545899699999,1.30877370,1,0.01053000,1.30877370,0
1545899700000,124.05000000,124.05000000,124.05000000,124.05000000,0.63300000,1545899999999,78.52365000,2,0.63300000,78.52365000,0
1545900000000,124.00000000,124.00000000,123.72000000,123.72000000,1.42946000,1545900299999,177.13279120,5,1.00000000,124.00000000,0
1545900300000,123.72000000,123.72000000,123.72000000,123.72000000,0.00000000,1545900599999,0.00000000,0,0.00000000,0.00000000,0
1545900600000,123.60000000,123.66000000,123.60000000,123.66000000,0.09959000,1545900899999,12.30996000,2,0.09959000,12.30996000,0
1545900900000,123.10000000,123.35000000,123.00000000,123.00000000,18.40537000,1545901199999,2264.37751950,14,0.02126000,2.62188950,0
1545901200000,123.35000000,123.35000000,123.35000000,123.35000000,0.01068000,1545901499999,1.31737800,1,0.01068000,1.31737800,0
1545901500000,123.35000000,123.81000000,123.35000000,123.81000000,33.48261000,1545901799999,4136.00787650,8,32.48261000,4012.65787650,0
1545901800000,123.39000000,123.39000000,123.29000000,123.29000000,7.33739000,1545902099999,904.66512910,2,0.00000000,0.00000000,0
1545902100000,123.29000000,123.29000000,123.29000000,123.29000000,0.00000000,1545902399999,0.00000000,0,0.00000000,0.00000000,0
1545902400000,124.06000000,124.29000000,124.06000000,124.29000000,15.20459000,1545902699999,1886.44263400,6,15.20459000,1886.44263400,0
1545902700000,124.30000000,124.30000000,124.30000000,124.30000000,0.23000000,1545902999999,28.58900000,1,0.23000000,28.58900000,0
1545903000000,124.30000000,124.30000000,124.30000000,124.30000000,0.00000000,1545903299999,0.00000000,0,0.00000000,0.00000000,0
1545903300000,123.61000000,123.61000000,123.61000000,123.61000000,2.13605000,1545903599999,264.03714050,1,0.00000000,0.00000000,0
1545903600000,123.61000000,123.61000000,123.61000000,123.61000000,0.00000000,1545903899999,0.00000000,0,0.00000000,0.00000000,0
1545903900000,124.00000000,124.00000000,123.74000000,123.74000000,4.14223000,1545904199999,512.56230400,2,4.14223000,512.56230400,0
1545904200000,123.74000000,123.74000000,123.69000000,123.69000000,2.04428000,1545904499999,252.95867620,3,0.01062000,1.31358780,0
1545904500000,123.69000000,123.87000000,123.69000000,123.85000000,1.66437000,1545904799999,206.05652790,4,1.66437000,206.05652790,0
1545904800000,124.20000000,124.66000000,124.19000000,124.66000000,13.83278000,1545905099999,1719.17262340,22,11.75220000,1460.78539320,0
1545905100000,124.66000000,124.66000000,124.66000000,124.66000000,1.04664000,1545905399999,130.47414240,3,0.00000000,0.00000000,0
1545905400000,124.70000000,125.47000000,124.70000000,125.47000000,10.87001000,1545905699999,1359.70364590,8,10.87001000,1359.70364590,0
1545905700000,125.79000000,125.87000000,125.55000000,125.87000000,7.35838000,1545905999999,925.76048220,9,1.42510000,179.28252960,0
1545906000000,125.48000000,125.48000000,124.57000000,125.10000000,11.57798000,1545906299999,1444.85634080,6,0.01046000,1.31252080,0
1545906300000,124.93000000,125.24000000,124.93000000,125.24000000,0.12120000,1545906599999,15.14478030,2,0.01053000,1.31877720,0
1545906600000,124.99000000,124.99000000,124.36000000,124.36000000,4.87996000,1545906899999,609.89393560,2,4.79700000,599.57703000,0
1545906900000,124.36000000,124.36000000,124.36000000,124.36000000,0.00000000,1545907199999,0.00000000,0,0.00000000,0.00000000,0
1545907200000,124.45000000,124.47000000,124.45000000,124.47000000,0.09151000,1545907499999,11.38862970,2,0.01051000,1.30817970,0
1545907500000,124.38000000,124.38000000,124.38000000,124.38000000,9.69300000,1545907799999,1205.61534000,6,0.00000000,0.00000000,0
1545907800000,124.38000000,124.38000000,124.38000000,124.38000000,0.00000000,1545908099999,0.00000000,0,0.00000000,0.00000000,0
1545908100000,124.19000000,124.19000000,123.86000000,123.86000000,10.13511000,1545908399999,1255.62035610,3,0.00000000,0.00000000,0
1545908400000,123.82000000,123.82000000,123.42000000,123.42000000,11.32068000,1545908699999,1397.68555760,6,4.42068000,545.60455760,0
1545908700000,123.94000000,123.97000000,123.83000000,123.97000000,1.93297000,1545908999999,239.61851190,6,1.85111000,229.48178810,0
1545909000000,124.22000000,124.23000000,124.18000000,124.18000000,11.71736000,1545909299999,1455.46539480,7,11.71736000,1455.46539480,0
1545909300000,124.18000000,124.18000000,124.18000000,124.18000000,0.00000000,1545909599999,0.00000000,0,0.00000000,0.00000000,0
1545909600000,124.17000000,124.17000000,124.16000000,124.16000000,2.87223000,1545909899999,356.64174910,2,0.00000000,0.00000000,0
1545909900000,124.16000000,124.16000000,124.16000000,124.16000000,0.00000000,1545910199999,0.00000000,0,0.00000000,0.00000000,0
1545910200000,123.96000000,123.96000000,123.71000000,123.71000000,0.02116000,1545910499999,2.62034860,2,0.02116000,2.62034860,0
1545910500000,123.54000000,123.81000000,123.54000000,123.67000000,3.06455000,1545910799999,378.71742950,4,2.97558000,367.71450960,0
1545910800000,123.62000000,123.71000000,123.62000000,123.71000000,4.79420000,1545911099999,592.76895220,6,4.79420000,592.76895220,0
1545911100000,123.21000000,123.21000000,123.00000000,123.20000000,4.65757000,1545911399999,573.83512320,3,0.52962000,65.24918400,0
1545911400000,123.00000000,123.73000000,123.00000000,123.73000000,2.44061000,1545911699999,301.64248300,5,2.05800000,254.58145300,0
1545911700000,124.35000000,124.65000000,124.35000000,124.39000000,0.04255000,1545911999999,5.29555670,4,0.04255000,5.29555670,0
1545912000000,124.39000000,124.39000000,124.39000000,124.39000000,0.10434000,1545912299999,12.97885260,1,0.10434000,12.97885260,0
1545912300000,124.39000000,124.39000000,124.39000000,124.39000000,0.00000000,1545912599999,0.00000000,0,0.00000000,0.00000000,0
1545912600000,124.39000000,124.39000000,124.39000000,124.39000000,0.00000000,1545912899999,0.00000000,0,0.00000000,0.00000000,0
1545912900000,124.36000000,124.36000000,124.36000000,124.36000000,0.01056000,1545913199999,1.31324160,1,0.01056000,1.31324160,0
1545913200000,124.16000000,124.16000000,123.79000000,123.79000000,8.53356000,1545913499999,1056.37329960,3,0.01056000,1.31112960,0
1545913500000,124.31000000,124.65000000,124.13000000,124.65000000,6.52119000,1545913799999,809.48272610,3,0.02119000,2.63772610,0
1545913800000,124.44000000,124.44000000,124.44000000,124.44000000,80.85099000,1545914099999,10061.09719560,24,80.53874000,10022.24080560,0
1545914100000,124.48000000,124.48000000,124.44000000,124.44000000,1.52798000,1545914399999,190.19019120,5,1.20900000,150.49632000,0
1545914400000,124.44000000,124.44000000,124.44000000,124.44000000,0.00000000,1545914699999,0.00000000,0,0.00000000,0.00000000,0
1545914700000,123.76000000,124.22000000,123.76000000,123.85000000,0.82614000,1545914999999,102.32040320,4,0.82614000,102.32040320,0
1545915000000,123.85000000,124.07000000,123.47000000,124.07000000,25.59195000,1545915299999,3168.80052710,6,0.01061000,1.31638270,0
1545915300000,123.80000000,123.80000000,123.63000000,123.64000000,9.53402000,1545915599999,1178.92593490,11,4.71787000,583.36462550,0
1545915600000,123.65000000,123.65000000,123.65000000,123.65000000,0.42028000,1545915899999,51.96762200,1,0.00000000,0.00000000,0
1545915900000,123.65000000,123.65000000,123.65000000,123.65000000,0.00000000,1545916199999,0.00000000,0,0.00000000,0.00000000,0
1545916200000,123.65000000,123.65000000,123.65000000,123.65000000,0.00000000,1545916499999,0.00000000,0,0.00000000,0.00000000,0
1545916500000,124.54000000,124.63000000,124.54000000,124.63000000,6.78082000,1545916799999,845.02764080,3,6.51062000,811.35261480,0
1545916800000,124.54000000,124.54000000,124.54000000,124.54000000,0.66015000,1545917099999,82.21508100,2,0.66015000,82.21508100,0
1545917100000,124.75000000,124.94000000,124.52000000,124.94000000,0.12109000,1545917399999,15.08498200,3,0.02109000,2.63298200,0
1545917400000,125.04000000,125.04000000,125.03000000,125.03000000,0.46154000,1545917699999,57.71085620,3,0.46154000,57.71085620,0
1545917700000,125.24000000,125.38000000,125.09000000,125.09000000,1.49089000,1545917999999,186.54419440,6,1.49089000,186.54419440,0
1545918000000,124.72000000,124.72000000,124.72000000,124.72000000,0.72311000,1545918299999,90.18627920,1,0.72311000,90.18627920,0
1545918300000,124.56000000,124.56000000,124.56000000,124.56000000,0.01051000,1545918599999,1.30912560,1,0.01051000,1.30912560,0
1545918600000,124.61000000,124.71000000,124.57000000,124.57000000,2.32053000,1545918899999,289.37988130,4,2.32053000,289.37988130,0
1545918900000,124.58000000,124.64000000,124.58000000,124.64000000,1.17981000,1545919199999,147.05088660,4,0.01053000,1.31182740,0
1545919200000,124.65000000,124.65000000,124.56000000,124.56000000,0.02108000,1545919499999,2.62667340,2,0.02108000,2.62667340,0
1545919500000,124.09000000,124.09000000,123.83000000,123.83000000,16.90854000,1545919799999,2097.13090340,7,0.19879000,24.61891110,0
1545919800000,123.97000000,124.03000000,123.97000000,124.03000000,3.53496000,1545920099999,438.28922850,4,2.53277000,313.98760280,0
1545920100000,124.20000000,124.20000000,123.78000000,123.78000000,2.79551000,1545920399999,346.30426660,6,0.55437000,68.62702060,0
1545920400000,123.92000000,123.92000000,123.80000000,123.80000000,4.12245000,1545920699999,510.36058200,3,4.12245000,510.36058200,0
1545920700000,123.97000000,123.97000000,123.97000000,123.97000000,0.29184000,1545920999999,36.17940480,2,0.00000000,0.00000000,0
1545921000000,124.10000000,124.10000000,123.77000000,123.90000000,2.17373000,1545921299999,269.56966410,5,0.52689000,65.28605210,0
1545921300000,123.82000000,123.82000000,123.82000000,123.82000000,0.01059000,1545921599999,1.31125380,1,0.01059000,1.31125380,0
1545921600000,123.97000000,123.97000000,123.97000000,123.97000000,0.01061000,1545921899999,1.31532170,1,0.01061000,1.31532170,0
1545921900000,123.76000000,124.21000000,123.76000000,124.21000000,4.78757000,1545922199999,592.51443320,3,4.78757000,592.51443320,0
1545922200000,124.44000000,124.44000000,124.44000000,124.44000000,0.71832000,1545922499999,89.38774080,1,0.71832000,89.38774080,0
1545922500000,124.30000000,124.30000000,124.30000000,124.30000000,0.01061000,1545922799999,1.31882300,1,0.01061000,1.31882300,0
1545922800000,124.30000000,124.30000000,124.30000000,124.30000000,0.00000000,1545923099999,0.00000000,0,0.00000000,0.00000000,0
1545923100000,124.14000000,124.15000000,124.14000000,124.15000000,4.66561000,1545923399999,579.19446410,2,0.00000000,0.00000000,0
1545923400000,124.11000000,124.11000000,123.70000000,123.70000000,27.55022000,1545923699999,3411.22536940,13,0.01058000,1.31308380,0
1545923700000,123.70000000,123.70000000,123.26000000,123.26000000,70.18083000,1545923999999,8667.80731480,23,12.61755000,1557.22957880,0
1545924000000,123.30000000,123.30000000,123.30000000,123.30000000,0.01064000,1545924299999,1.31191200,1,0.01064000,1.31191200,0
1545924300000,123.10000000,124.10000000,122.87000000,123.75000000,33.86625000,1545924599999,4164.56282910,13,4.81327000,592.37456350,0
1545924600000,123.55000000,123.55000000,123.55000000,123.55000000,0.01068000,1545924899999,1.31951400,1,0.01068000,1.31951400,0
1545924900000,123.43000000,123.43000000,123.00000000,123.00000000,19.45733000,1545925199999,2393.25616090,7,19.45733000,2393.25616090,0
1545925200000,122.73000000,123.18000000,122.73000000,123.18000000,9.16136000,1545925499999,1124.37894600,4,9.16136000,1124.37894600,0
1545925500000,123.47000000,123.47000000,123.00000000,123.00000000,1.01341000,1545925799999,124.65445430,2,0.01069000,1.31989430,0
1545925800000,122.61000000,122.61000000,122.61000000,122.61000000,0.45462000,1545926099999,55.74095820,1,0.00000000,0.00000000,0
1545926100000,123.02000000,123.02000000,123.02000000,123.02000000,0.01071000,1545926399999,1.31754420,1,0.01071000,1.31754420,0
1545926400000,123.02000000,123.02000000,123.02000000,123.02000000,16.05205000,1545926699999,1974.72319100,3,16.05205000,1974.72319100,0
1545926700000,123.61000000,124.03000000,123.34000000,124.03000000,12.68139000,1545926999999,1567.84191250,6,11.31139000,1398.86611250,0
1545927000000,124.15000000,124.29000000,124.15000000,124.29000000,8.95184000,1545927299999,1112.62270540,3,0.01063000,1.31971450,0
1545927300000,124.36000000,124.36000000,124.36000000,124.36000000,14.70129000,1545927599999,1828.25242440,5,0.08386000,10.42882960,0
1545927600000,124.36000000,124.36000000,124.36000000,124.36000000,0.00000000,1545927899999,0.00000000,0,0.00000000,0.00000000,0
1545927900000,123.98000000,123.98000000,123.95000000,123.95000000,16.44000000,1545928199999,2038.03257000,12,16.44000000,2038.03257000,0
1545928200000,123.81000000,123.81000000,123.81000000,123.81000000,8.30001000,1545928499999,1027.62423810,1,8.30001000,1027.62423810,0
1545928500000,123.84000000,123.84000000,123.84000000,123.84000000,9.91400000,1545928799999,1227.74976000,5,9.91400000,1227.74976000,0
1545928800000,123.31000000,123.56000000,123.20000000,123.56000000,16.78775000,1545929099999,2070.57090600,13,9.02496000,1113.40027350,0
1545929100000,123.13000000,123.50000000,123.13000000,123.50000000,26.73922000,1545929399999,3302.06417860,16,26.58000000,3282.45942000,0
1545929400000,123.51000000,123.51000000,123.30000000,123.30000000,5.92644000,1545929699999,731.15942450,7,4.28201000,528.40120550,0
1545929700000,123.30000000,123.30000000,123.30000000,123.30000000,0.00000000,1545929999999,0.00000000,0,0.00000000,0.00000000,0
1545930000000,123.17000000,123.17000000,123.17000000,123.17000000,8.96900000,1545930299999,1104.71173000,2,8.96900000,1104.71173000,0
1545930300000,122.96000000,122.96000000,122.87000000,122.87000000,29.70800000,1545930599999,3652.88813260,19,29.62414000,3642.58425440,0
1545930600000,123.07000000,123.07000000,123.07000000,123.07000000,0.01068000,1545930899999,1.31438760,1,0.01068000,1.31438760,0
1545930900000,122.72000000,122.72000000,122.72000000,122.72000000,1.40169000,1545931199999,172.01539680,2,0.96800000,118.79296000,0
1545931200000,123.00000000,123.00000000,122.93000000,122.93000000,20.26352000,1545931499999,2491.23978100,11,6.42794000,790.43193160,0
1545931500000,122.98000000,123.18000000,122.93000000,123.18000000,7.14486000,1545931799999,878.66893030,6,0.40000000,49.27200000,0
1545931800000,123.56000000,123.56000000,123.56000000,123.56000000,0.01068000,1545932099999,1.31962080,1,0.01068000,1.31962080,0
1545932100000,123.38000000,123.38000000,122.93000000,122.93000000,13.34262000,1545932399999,1642.64604120,13,4.98305000,613.86118330,0
1545932400000,122.93000000,123.06000000,122.66000000,123.06000000,2.98501000,1545932699999,366.76361220,5,0.65008000,79.99884480,0
1545932700000,122.97000000,123.21000000,122.97000000,123.21000000,12.55349000,1545932999999,1543.89103090,6,0.01069000,1.31711490,0
1545933000000,122.99000000,122.99000000,122.45000000,122.66000000,45.69790000,1545933299999,5599.70472100,10,0.01072000,1.31491520,0
1545933300000,122.54000000,122.73000000,122.54000000,122.73000000,14.60015000,1545933599999,1789.97640950,5,8.44252000,1035.42042930,0
1545933600000,122.82000000,122.82000000,122.27000000,122.27000000,41.56445000,1545933899999,5086.68045200,12,8.34874000,1020.96815380,0
1545933900000,122.09000000,122.36000000,120.89000000,121.00000000,128.69426000,1545934199999,15603.06179730,47,92.69475000,11233.48068310,0
1545934200000,121.40000000,121.79000000,120.96000000,121.79000000,9.01083000,1545934499999,1092.24297810,4,0.01083000,1.31898570,0
1545934500000,121.95000000,122.68000000,121.86000000,122.68000000,42.43530000,1545934799999,5179.48350200,17,33.13940000,4039.89549800,0
1545934800000,122.08000000,122.19000000,121.77000000,121.77000000,12.85716000,1545935099999,1566.63694970,9,11.42601000,1391.92215770,0
1545935100000,121.71000000,121.71000000,121.71000000,121.71000000,4.99992000,1545935399999,608.54026320,1,4.99992000,608.54026320,0
1545935400000,121.85000000,122.27000000,121.85000000,121.87000000,0.93934000,1545935699999,114.68384240,6,0.53856000,65.84078380,0
1545935700000,121.87000000,121.87000000,121.87000000,121.87000000,0.00000000,1545935999999,0.00000000,0,0.00000000,0.00000000,0
1545936000000,121.87000000,121.87000000,121.87000000,121.87000000,20.11849000,1545936299999,2451.84037630,8,0.00000000,0.00000000,0
1545936300000,121.83000000,122.14000000,121.63000000,121.63000000,18.16325000,1545936599999,2211.01704540,10,4.45839000,543.01037360,0
1545936600000,121.72000000,121.72000000,121.72000000,121.72000000,7.05124000,1545936899999,858.27693280,5,7.05124000,858.27693280,0
1545936900000,121.50000000,121.50000000,121.09000000,121.09000000,5.24210000,1545937199999,635.13395940,6,4.60350000,557.74421040,0
1545937200000,120.75000000,120.75000000,116.03000000,116.03000000,192.97695000,1545937499999,22948.14568820,67,11.36206000,1344.13442630,0
1545937500000,116.01000000,116.54000000,114.05000000,116.54000000,253.01032000,1545937799999,29060.87351860,101,144.54169000,16589.69400410,0
1545937800000,115.80000000,117.01000000,114.86000000,115.00000000,83.73538000,1545938099999,9705.72836210,29,30.33880000,3500.02186390,0
1545938100000,115.13000000,116.84000000,115.13000000,116.78000000,56.57411000,1545938399999,6570.53419040,22,2.81919000,327.51490260,0
1545938400000,116.45000000,116.90000000,115.81000000,116.35000000,138.90875000,1545938699999,16161.85059390,44,23.14150000,2689.81292160,0
1545938700000,116.93000000,117.43000000,116.47000000,117.00000000,45.15014000,1545938999999,5290.20649220,15,24.88419000,2915.19759320,0
1545939000000,116.89000000,116.89000000,116.20000000,116.54000000,56.14618000,1545939299999,6534.96505100,23,23.05937000,2685.09801900,0
1545939300000,116.36000000,116.48000000,115.51000000,115.51000000,119.94621000,1545939599999,13904.69982070,42,21.38958000,2485.37079720,0
1545939600000,115.88000000,116.13000000,115.79000000,116.11000000,170.69303000,1545939899999,19804.36331260,27,7.65472000,887.02895360,0
1545939900000,116.11000000,116.71000000,115.42000000,116.42000000,784.75219000,1545940199999,90928.31814820,86,48.70664000,5651.78166230,0
1545940200000,116.51000000,116.53000000,115.86000000,116.30000000,117.53589000,1545940499999,13663.33394230,33,12.74265000,1480.72296780,0
1545940500000,116.30000000,116.30000000,115.00000000,115.56000000,467.75438000,1545940799999,53998.83011250,88,52.71983000,6096.66227900,0
1545940800000,115.14000000,115.86000000,114.68000000,114.94000000,217.35621000,1545941099999,25030.05945760,58,41.11048000,4743.84714370,0
1545941100000,114.83000000,115.30000000,114.66000000,114.66000000,19.40384000,1545941399999,2227.56862670,10,7.67078000,880.43097640,0
1545941400000,114.53000000,114.82000000,114.12000000,114.77000000,84.53540000,1545941699999,9680.49151340,26,34.59637000,3966.86415160,0
1545941700000,115.11000000,115.11000000,114.48000000,114.48000000,83.02356000,1545941999999,9537.87858230,40,79.45275000,9129.09225350,0
1545942000000,114.83000000,114.83000000,114.51000000,114.51000000,50.89664000,1545942299999,5832.66052630,10,20.29775000,2328.49344050,0
1545942300000,114.34000000,114.38000000,113.76000000,114.00000000,106.66020000,1545942599999,12178.09225490,30,13.19855000,1504.66186350,0
1545942600000,114.25000000,114.42000000,114.00000000,114.27000000,74.20245000,1545942899999,8475.86761260,39,18.93156000,2164.93483020,0
1545942900000,114.49000000,114.89000000,114.49000000,114.81000000,33.89245000,1545943199999,3892.13253560,13,17.99388000,2066.96956120,0
1545943200000,114.75000000,114.85000000,114.48000000,114.48000000,59.63738000,1545943499999,6837.27167740,28,15.33462000,1758.85627380,0
1545943500000,114.10000000,114.89000000,113.36000000,114.89000000,70.74776000,1545943799999,8065.06615670,19,15.00312000,1717.30900900,0
1545943800000,114.89000000,114.89000000,114.28000000,114.58000000,45.78215000,1545944099999,5248.04104770,23,8.37325000,959.78843160,0
1545944100000,114.53000000,114.53000000,113.99000000,113.99000000,15.16295000,1545944399999,1732.76439610,4,0.00000000,0.00000000,0
1545944400000,114.45000000,114.81000000,114.45000000,114.81000000,43.69866000,1545944699999,5001.31576620,10,0.01147000,1.31687070,0
1545944700000,114.81000000,116.22000000,114.70000000,115.79000000,137.38575000,1545944999999,15820.28075890,51,60.54635000,6952.93895140,0
1545945000000,116.20000000,116.20000000,115.23000000,115.78000000,11.38144000,1545945299999,1315.71442800,5,10.01144000,1157.84932800,0
1545945300000,115.78000000,115.78000000,115.78000000,115.78000000,0.00000000,1545945599999,0.00000000,0,0.00000000,0.00000000,0
1545945600000,116.40000000,116.48000000,116.40000000,116.48000000,0.02270000,1545945899999,2.64318800,2,0.02270000,2.64318800,0
1545945900000,116.45000000,116.75000000,115.93000000,116.57000000,106.78665000,1545946199999,12443.73483800,23,73.18315000,8532.01406620,0
1545946200000,115.78000000,115.78000000,115.41000000,115.41000000,35.84516000,1545946499999,4139.87270950,24,32.15831000,3713.78548640,0
1545946500000,115.98000000,115.98000000,115.98000000,115.98000000,0.01137000,1545946799999,1.31869260,1,0.01137000,1.31869260,0
1545946800000,116.00000000,116.00000000,116.00000000,116.00000000,1.00000000,1545947099999,116.00000000,1,0.00000000,0.00000000,0
1545947100000,116.00000000,116.00000000,115.90000000,115.90000000,273.04390000,1545947399999,31651.58011350,65,10.88238000,1261.79517720,0
1545947400000,115.50000000,115.71000000,114.90000000,115.66000000,410.30708000,1545947699999,47308.02818700,110,0.03403000,3.93704480,0
1545947700000,115.80000000,115.80000000,115.60000000,115.60000000,89.73896000,1545947999999,10391.11696200,30,0.00000000,0.00000000,0
1545948000000,115.34000000,115.40000000,115.34000000,115.40000000,20.23591000,1545948299999,2335.20985940,8,0.00000000,0.00000000,0
1545948300000,115.59000000,115.60000000,115.59000000,115.60000000,8.99900000,1545948599999,1040.27441000,2,0.00000000,0.00000000,0
1545948600000,116.12000000,116.14000000,115.98000000,116.14000000,9.88298000,1545948899999,1146.40632920,4,9.88298000,1146.40632920,0
1545948900000,115.72000000,115.72000000,115.72000000,115.72000000,3.85000000,1545949199999,445.52200000,1,0.00000000,0.00000000,0
1545949200000,115.55000000,115.87000000,115.55000000,115.87000000,8.87443000,1545949499999,1025.44401210,2,0.01133000,1.31280710,0
1545949500000,115.23000000,115.29000000,115.10000000,115.10000000,5.86651000,1545949799999,675.46669290,7,0.01137000,1.31084730,0
1545949800000,115.10000000,115.27000000,115.10000000,115.27000000,16.09124000,1545950099999,1852.13289860,10,0.18338000,21.13821260,0
1545950100000,115.31000000,115.31000000,115.31000000,115.31000000,0.09529000,1545950399999,10.98788990,2,0.00000000,0.00000000,0
1545950400000,115.13000000,115.13000000,114.19000000,114.31000000,12.25742000,1545950699999,1402.23631980,8,3.54058000,406.23427920,0
1545950700000,114.29000000,114.40000000,114.14000000,114.40000000,2.76446000,1545950999999,315.81322430,5,1.52933000,174.83548610,0
1545951000000,114.45000000,114.45000000,114.45000000,114.45000000,3.07194000,1545951299999,351.58353300,2,3.07194000,351.58353300,0
1545951300000,114.51000000,114.51000000,114.32000000,114.36000000,25.50121000,1545951599999,2916.28419440,15,25.23898000,2886.28508240,0
1545951600000,114.23000000,114.36000000,114.23000000,114.36000000,1.87451000,1545951899999,214.22644590,4,1.87451000,214.22644590,0
1545951900000,114.88000000,114.88000000,114.50000000,114.50000000,7.53842000,1545952199999,865.20379940,5,7.31415000,839.52488440,0
1545952200000,114.50000000,114.50000000,114.12000000,114.19000000,110.20244000,1545952499999,12585.16024830,14,17.87985000,2041.06043020,0
1545952500000,114.22000000,114.37000000,112.88000000,113.20000000,147.92531000,1545952799999,16780.66460850,47,10.72571000,1217.77555760,0
1545952800000,113.55000000,113.55000000,112.35000000,112.92000000,120.76956000,1545953099999,13666.09308190,44,92.29142000,10449.21245750,0
1545953100000,112.92000000,113.08000000,112.49000000,112.95000000,89.85188000,1545953399999,10140.07451780,53,0.88447000,99.75492240,0
1545953400000,112.89000000,114.35000000,112.89000000,113.83000000,44.74829000,1545953699999,5092.79989610,30,4.02397000,456.85191090,0
1545953700000,113.91000000,113.91000000,113.91000000,113.91000000,2.06357000,1545953999999,235.06125870,1,0.00000000,0.00000000,0
1545954000000,114.35000000,114.62000000,114.35000000,114.62000000,11.60361000,1545954299999,1329.00076280,5,7.77952000,890.68356700,0
1545954300000,114.49000000,114.87000000,114.49000000,114.70000000,33.47996000,1545954599999,3838.59848100,20,3.81889000,438.67589430,0
1545954600000,114.50000000,114.50000000,114.30000000,114.32000000,10.16711000,1545954899999,1162.30584900,6,10.16711000,1162.30584900,0
1545954900000,114.32000000,114.46000000,114.18000000,114.19000000,28.59536000,1545955199999,3265.81174900,12,0.47743000,54.58140620,0
1545955200000,114.64000000,114.86000000,114.46000000,114.86000000,14.26554000,1545955499999,1636.18019940,5,5.03521000,577.69113180,0
1545955500000,114.85000000,115.53000000,114.85000000,115.29000000,104.63871000,1545955799999,12083.51612520,32,82.58346000,9537.27118270,0
1545955800000,115.10000000,115.21000000,115.08000000,115.13000000,10.02047000,1545956099999,1153.62712120,6,1.33712000,153.91303570,0
1545956100000,115.34000000,115.38000000,115.19000000,115.38000000,5.50640000,1545956399999,634.37892600,5,5.50640000,634.37892600,0
1545956400000,115.10000000,115.10000000,114.46000000,114.46000000,21.00813000,1545956699999,2408.87365790,6,1.50000000,172.65000000,0
1545956700000,115.30000000,115.30000000,114.83000000,114.83000000,4.82680000,1545956999999,554.26682080,3,0.01144000,1.31903200,0
1545957000000,114.85000000,114.85000000,113.87000000,114.29000000,55.85850000,1545957299999,6383.68158590,17,0.01144000,1.31388400,0
1545957300000,114.28000000,114.52000000,113.93000000,113.93000000,48.30112000,1545957599999,5513.06272800,20,0.03447000,3.94371270,0
1545957600000,113.93000000,113.93000000,113.93000000,113.93000000,0.00000000,1545957899999,0.00000000,0,0.00000000,0.00000000,0
1545957900000,114.73000000,114.88000000,114.28000000,114.88000000,21.83996000,1545958199999,2505.88736460,5,8.58044000,985.03370700,0
1545958200000,114.54000000,114.54000000,114.26000000,114.26000000,1.79764000,1545958499999,205.67768560,2,0.00000000,0.00000000,0
1545958500000,114.48000000,114.48000000,114.12000000,114.45000000,35.11381000,1545958799999,4009.95229070,13,5.69101000,650.22283770,0
1545958800000,114.34000000,114.71000000,114.34000000,114.71000000,12.80283000,1545959099999,1468.28948240,7,9.91292000,1137.11105320,0
1545959100000,114.71000000,114.83000000,114.71000000,114.83000000,6.77090000,1545959399999,776.75903860,4,0.00000000,0.00000000,0
1545959400000,114.58000000,114.58000000,114.58000000,114.58000000,5.19380000,1545959699999,595.10560400,1,0.00000000,0.00000000,0
1545959700000,114.77000000,114.77000000,114.45000000,114.45000000,11.12435000,1545959999999,1276.73729790,4,11.12435000,1276.73729790,0
1545960000000,114.00000000,114.00000000,113.69000000,113.69000000,29.25137000,1545960299999,3330.93531580,11,0.00000000,0.00000000,0
1545960300000,113.69000000,113.69000000,113.69000000,113.69000000,0.00000000,1545960599999,0.00000000,0,0.00000000,0.00000000,0
1545960600000,114.50000000,114.50000000,113.73000000,113.89000000,40.17865000,1545960899999,4580.34137060,21,0.02301000,2.62764830,0
1545960900000,113.71000000,114.03000000,113.55000000,114.03000000,15.03680000,1545961199999,1710.96566160,9,9.03363000,1028.66570810,0
1545961200000,114.02000000,114.02000000,114.02000000,114.02000000,0.01155000,1545961499999,1.31693100,1,0.01155000,1.31693100,0
1545961500000,113.73000000,113.77000000,113.62000000,113.70000000,62.14479000,1545961799999,7064.77913010,14,0.00000000,0.00000000,0
1545961800000,113.79000000,113.79000000,113.50000000,113.50000000,71.87643000,1545962099999,8165.05312590,6,0.00000000,0.00000000,0
1545962100000,113.84000000,113.84000000,113.25000000,113.25000000,15.97064000,1545962399999,1811.44641830,10,0.01156000,1.31182880,0
1545962400000,113.54000000,113.81000000,113.54000000,113.81000000,4.85224000,1545962699999,551.59634350,3,0.00000000,0.00000000,0
1545962700000,114.15000000,114.17000000,113.71000000,113.92000000,12.65731000,1545962999999,1443.18575180,33,0.01159000,1.32299850,0
1545963000000,113.92000000,114.04000000,113.92000000,113.97000000,17.15914000,1545963299999,1956.28434230,9,1.65536000,188.66137920,0
1545963300000,114.30000000,114.30000000,114.15000000,114.15000000,0.11484000,1545963599999,13.11071400,2,0.01152000,1.31673600,0
1545963600000,114.28000000,114.37000000,114.23000000,114.23000000,16.47788000,1545963899999,1883.20297880,8,8.96988000,1025.56413880,0
1545963900000,114.23000000,114.23000000,114.23000000,114.23000000,0.00000000,1545964199999,0.00000000,0,0.00000000,0.00000000,0
1545964200000,114.23000000,114.23000000,114.23000000,114.23000000,6.07578000,1545964499999,694.03634940,1,6.07578000,694.03634940,0
1545964500000,114.39000000,114.39000000,114.39000000,114.39000000,0.01150000,1545964799999,1.31548500,1,0.01150000,1.31548500,0
1545964800000,114.40000000,114.41000000,114.39000000,114.39000000,10.23979000,1545965099999,1171.49867600,4,0.00000000,0.00000000,0
1545965100000,114.39000000,114.39000000,114.39000000,114.39000000,0.00000000,1545965399999,0.00000000,0,0.00000000,0.00000000,0
1545965400000,114.44000000,114.44000000,114.44000000,114.44000000,0.09838000,1545965699999,11.25860720,1,0.09838000,11.25860720,0
1545965700000,114.52000000,114.57000000,114.35000000,114.57000000,39.80146000,1545965999999,4557.42381320,13,39.80146000,4557.42381320,0
1545966000000,114.50000000,114.52000000,114.50000000,114.52000000,10.95739000,1545966299999,1254.72375280,15,10.95739000,1254.72375280,0
1545966300000,114.63000000,114.65000000,114.60000000,114.60000000,31.90884000,1545966599999,3657.62301670,12,31.90884000,3657.62301670,0
1545966600000,114.47000000,115.09000000,114.47000000,115.01000000,24.57355000,1545966899999,2819.42605500,17,24.57355000,2819.42605500,0
1545966900000,115.12000000,115.19000000,115.05000000,115.07000000,16.01602000,1545967199999,1843.40836940,4,9.58542000,1103.56783940,0
1545967200000,115.07000000,115.07000000,114.75000000,114.75000000,8.99004000,1545967499999,1032.69815700,5,7.03318000,808.14847200,0
1545967500000,114.75000000,114.80000000,114.61000000,114.64000000,33.80742000,1545967799999,3876.20866270,18,33.80742000,3876.20866270,0
1545967800000,114.64000000,114.64000000,114.64000000,114.64000000,0.00000000,1545968099999,0.00000000,0,0.00000000,0.00000000,0
1545968100000,114.28000000,114.28000000,114.28000000,114.28000000,7.61717000,1545968399999,870.49018760,3,7.61717000,870.49018760,0
1545968400000,114.28000000,114.28000000,114.28000000,114.28000000,0.00000000,1545968699999,0.00000000,0,0.00000000,0.00000000,0
1545968700000,114.49000000,114.49000000,114.49000000,114.49000000,9.60959000,1545968999999,1100.20195910,2,9.60959000,1100.20195910,0
1545969000000,113.97000000,114.14000000,113.89000000,114.14000000,5.15101000,1545969299999,587.60332400,9,3.92736000,448.15139430,0
1545969300000,114.48000000,114.48000000,114.35000000,114.35000000,14.76814000,1545969599999,1688.86287290,5,8.89635000,1017.42368640,0
1545969600000,114.21000000,114.28000000,114.17000000,114.28000000,2.67642000,1545969899999,305.61024650,7,2.58281000,294.91811230,0
1545969900000,114.33000000,114.33000000,114.33000000,114.33000000,5.58990000,1545970199999,639.09326700,1,5.58990000,639.09326700,0
1545970200000,114.07000000,114.07000000,114.02000000,114.02000000,1.16612000,1545970499999,132.96930840,2,0.00000000,0.00000000,0
1545970500000,114.02000000,114.02000000,114.02000000,114.02000000,0.00000000,1545970799999,0.00000000,0,0.00000000,0.00000000,0
1545970800000,114.22000000,114.36000000,114.22000000,114.36000000,9.19300000,1545971099999,1051.01216000,5,0.00000000,0.00000000,0
1545971100000,114.43000000,114.43000000,114.43000000,114.43000000,0.28742000,1545971399999,32.88947060,1,0.00000000,0.00000000,0
1545971400000,114.65000000,114.65000000,114.36000000,114.36000000,12.56380000,1545971699999,1438.35007040,15,0.15631000,17.92094150,0
1545971700000,114.37000000,114.37000000,114.37000000,114.37000000,0.36400000,1545971999999,41.63068000,1,0.36400000,41.63068000,0
1545972000000,113.75000000,113.75000000,113.75000000,113.75000000,0.62507000,1545972299999,71.10171250,1,0.62507000,71.10171250,0
1545972300000,114.05000000,114.19000000,114.05000000,114.11000000,14.08383000,1545972599999,1606.66700190,6,14.08383000,1606.66700190,0
1545972600000,114.11000000,114.11000000,114.11000000,114.11000000,0.00000000,1545972899999,0.00000000,0,0.00000000,0.00000000,0
1545972900000,113.76000000,113.76000000,113.67000000,113.71000000,43.68346000,1545973199999,4967.94943150,9,0.00000000,0.00000000,0
1545973200000,113.71000000,113.71000000,113.71000000,113.71000000,0.00000000,1545973499999,0.00000000,0,0.00000000,0.00000000,0
1545973500000,113.77000000,113.77000000,113.77000000,113.77000000,1.83725000,1545973799999,209.02393250,2,1.83725000,209.02393250,0
1545973800000,113.77000000,113.77000000,113.77000000,113.77000000,0.00000000,1545974099999,0.00000000,0,0.00000000,0.00000000,0
1545974100000,113.77000000,113.77000000,113.77000000,113.77000000,0.00000000,1545974399999,0.00000000,0,0.00000000,0.00000000,0
1545974400000,114.22000000,114.33000000,114.11000000,114.33000000,16.49173000,1545974699999,1884.65599110,10,14.23651000,1627.31283690,0
1545974700000,114.33000000,114.33000000,114.33000000,114.33000000,0.00000000,1545974999999,0.00000000,0,0.00000000,0.00000000,0
1545975000000,114.18000000,114.20000000,114.18000000,114.20000000,0.60549000,1545975299999,69.14672820,2,0.60549000,69.14672820,0
1545975300000,114.28000000,114.28000000,114.15000000,114.22000000,5.76583000,1545975599999,658.35734310,7,5.56583000,635.51534310,0
1545975600000,114.22000000,114.26000000,114.10000000,114.26000000,51.70189000,1545975899999,5902.79839630,45,51.70189000,5902.79839630,0
1545975900000,114.25000000,114.31000000,114.25000000,114.31000000,57.20010000,1545976199999,6536.91746870,30,57.20010000,6536.91746870,0
1545976200000,114.32000000,114.32000000,114.32000000,114.32000000,30.00000000,1545976499999,3429.60000000,13,30.00000000,3429.60000000,0
1545976500000,114.41000000,114.41000000,114.41000000,114.41000000,1.00000000,1545976799999,114.41000000,1,1.00000000,114.41000000,0
1545976800000,113.95000000,114.18000000,113.91000000,113.91000000,23.38673000,1545977099999,2666.68045140,4,9.40073000,1073.37535140,0
1545977100000,114.20000000,114.41000000,114.20000000,114.41000000,1.86308000,1545977399999,212.80995280,5,1.86308000,212.80995280,0
1545977400000,114.40000000,114.40000000,114.40000000,114.40000000,3.79179000,1545977699999,433.78077600,4,3.79179000,433.78077600,0
1545977700000,114.40000000,114.40000000,114.40000000,114.40000000,0.00000000,1545977999999,0.00000000,0,0.00000000,0.00000000,0
1545978000000,114.60000000,114.60000000,114.60000000,114.60000000,6.49997000,1545978299999,744.89656200,4,6.49997000,744.89656200,0
1545978300000,114.60000000,114.60000000,114.60000000,114.60000000,0.23900000,1545978599999,27.38940000,2,0.23900000,27.38940000,0
1545978600000,114.60000000,114.60000000,114.60000000,114.60000000,0.00000000,1545978899999,0.00000000,0,0.00000000,0.00000000,0
1545978900000,114.35000000,114.35000000,114.35000000,114.35000000,10.01000000,1545979199999,1144.64350000,3,0.00000000,0.00000000,0
1545979200000,113.96000000,113.96000000,113.96000000,113.96000000,12.88393000,1545979499999,1468.25266280,7,12.13183000,1382.54334680,0
1545979500000,113.79000000,113.79000000,113.50000000,113.60000000,6.15871000,1545979799999,699.60077420,6,4.38755000,498.57411420,0
1545979800000,113.60000000,113.60000000,113.60000000,113.60000000,0.00000000,1545980099999,0.00000000,0,0.00000000,0.00000000,0
1545980100000,113.90000000,114.98000000,113.90000000,114.98000000,10.28810000,1545980399999,1177.24291510,9,10.28810000,1177.24291510,0
1545980400000,115.00000000,116.43000000,114.80000000,116.16000000,47.80065000,1545980699999,5552.55245110,19,1.11732000,128.58282640,0
1545980700000,115.77000000,115.86000000,115.77000000,115.86000000,7.91635000,1545980999999,916.85927820,2,0.00000000,0.00000000,0
1545981000000,116.29000000,116.29000000,116.21000000,116.21000000,3.24767000,1545981299999,377.54734430,2,1.69517000,197.13131930,0
1545981300000,116.95000000,117.19000000,116.95000000,117.19000000,27.04774000,1545981599999,3166.62738300,7,27.04774000,3166.62738300,0
1545981600000,117.13000000,117.92000000,117.13000000,117.39000000,158.80179000,1545981899999,18651.61805970,77,145.36337000,17071.76352670,0
1545981900000,117.60000000,117.60000000,117.30000000,117.30000000,197.15601000,1545982199999,23161.32184360,85,196.91774000,23133.35132830,0
1545982200000,117.30000000,117.30000000,116.43000000,116.45000000,137.85963000,1545982499999,16081.70731480,66,73.28602000,8554.83280680,0
1545982500000,117.24000000,117.24000000,117.08000000,117.08000000,20.88950000,1545982799999,2445.74446160,2,20.88950000,2445.74446160,0
1545982800000,117.37000000,117.37000000,116.72000000,116.72000000,20.86858000,1545983099999,2435.93795060,3,0.01122000,1.31689140,0
1545983100000,116.70000000,117.44000000,116.70000000,117.30000000,22.15550000,1545983399999,2597.87278620,6,20.74972000,2433.81826020,0
1545983400000,116.98000000,117.15000000,116.88000000,117.15000000,4.37109000,1545983699999,511.14919690,3,0.01121000,1.31325150,0
1545983700000,116.90000000,116.91000000,116.88000000,116.88000000,29.38000000,1545983999999,3434.50718000,12,29.38000000,3434.50718000,0
1545984000000,116.76000000,117.76000000,116.28000000,117.09000000,106.10385000,1545984299999,12367.18334320,46,93.29378000,10873.28177840,0
1545984300000,116.99000000,117.00000000,116.99000000,117.00000000,0.16227000,1545984599999,18.98547730,2,0.16227000,18.98547730,0
1545984600000,117.00000000,117.07000000,116.73000000,116.73000000,61.69020000,1545984899999,7213.84949160,19,40.97246000,4792.98157260,0
1545984900000,116.91000000,116.91000000,116.71000000,116.80000000,23.43185000,1545985199999,2735.94118980,9,12.33307000,1440.60257600,0
1545985200000,116.86000000,116.86000000,116.86000000,116.86000000,5.01125000,1545985499999,585.61467500,2,5.01125000,585.61467500,0
1545985500000,117.00000000,117.10000000,117.00000000,117.10000000,11.47502000,1545985799999,1342.82838000,8,2.00000000,234.20000000,0
1545985800000,117.02000000,117.02000000,116.97000000,116.97000000,21.18055000,1545986099999,2478.37330710,14,0.00000000,0.00000000,0
1545986100000,116.72000000,116.72000000,116.72000000,116.72000000,5.00000000,1545986399999,583.60000000,1,0.00000000,0.00000000,0
1545986400000,116.42000000,116.42000000,116.30000000,116.30000000,20.67412000,1545986699999,2405.49190220,4,0.00000000,0.00000000,0
1545986700000,116.66000000,116.66000000,116.66000000,116.66000000,3.93468000,1545986999999,459.01976880,4,0.00000000,0.00000000,0
1545987000000,117.05000000,117.10000000,117.05000000,117.05000000,34.32779000,1545987299999,4019.37000900,17,8.00000000,936.40000000,0
1545987300000,117.05000000,117.99000000,117.05000000,117.99000000,17.96351000,1545987599999,2116.62388650,8,14.61821000,1724.80259790,0
1545987600000,117.92000000,118.69000000,117.92000000,118.50000000,246.08536000,1545987899999,29119.21871920,63,72.43775000,8554.03183660,0
1545987900000,118.07000000,118.07000000,117.78000000,117.78000000,79.79571000,1545988199999,9402.63967520,26,6.00000000,707.40000000,0
1545988200000,117.88000000,117.88000000,117.21000000,117.34000000,26.09763000,1545988499999,3066.06523500,15,25.60060000,3007.74331240,0
1545988500000,117.34000000,117.34000000,117.06000000,117.06000000,4.93593000,1545988799999,578.62202620,2,0.00000000,0.00000000,0
1545988800000,117.05000000,117.41000000,117.05000000,117.06000000,5.86040000,1545989099999,686.01534050,3,0.01119000,1.31381790,0
1545989100000,117.20000000,117.20000000,117.15000000,117.15000000,5.01122000,1545989399999,587.31442300,9,0.01122000,1.31442300,0
1545989400000,117.34000000,117.42000000,117.16000000,117.42000000,7.99425000,1545989699999,937.97962910,11,5.45400000,640.36393910,0
1545989700000,117.16000000,117.44000000,117.16000000,117.44000000,12.73842000,1545989999999,1495.04224320,4,9.32130000,1094.69246400,0
1545990000000,117.28000000,117.28000000,117.28000000,117.28000000,0.01119000,1545990299999,1.31236320,1,0.01119000,1.31236320,0
1545990300000,117.28000000,117.28000000,117.28000000,117.28000000,1.09600000,1545990599999,128.53888000,1,1.09600000,128.53888000,0
1545990600000,117.28000000,117.42000000,117.28000000,117.42000000,2.76755000,1545990899999,324.96563420,2,2.76755000,324.96563420,0
1545990900000,117.42000000,117.64000000,117.42000000,117.64000000,5.02344000,1545991199999,590.01217980,6,4.90299000,575.86050930,0
1545991200000,117.42000000,117.42000000,117.17000000,117.17000000,40.75089000,1545991499999,4780.52182940,20,33.66542000,3948.89594200,0
1545991500000,117.00000000,117.00000000,116.85000000,116.85000000,3.75556000,1545991799999,439.13718600,2,0.00000000,0.00000000,0
1545991800000,116.66000000,116.66000000,116.66000000,116.66000000,0.01120000,1545992099999,1.30659200,1,0.01120000,1.30659200,0
1545992100000,116.66000000,116.66000000,116.66000000,116.66000000,0.00000000,1545992399999,0.00000000,0,0.00000000,0.00000000,0
1545992400000,116.68000000,116.68000000,116.67000000,116.68000000,6.14535000,1545992699999,717.03743800,4,6.14535000,717.03743800,0
1545992700000,116.58000000,116.61000000,116.58000000,116.61000000,7.01126000,1545992999999,817.37302860,2,7.01126000,817.37302860,0
1545993000000,116.74000000,117.09000000,116.74000000,117.09000000,8.57294000,1545993299999,1000.91085280,5,8.02665000,937.11510660,0
1545993300000,117.09000000,117.09000000,117.09000000,117.09000000,0.00000000,1545993599999,0.00000000,0,0.00000000,0.00000000,0
1545993600000,116.59000000,116.59000000,116.52000000,116.52000000,15.59257000,1545993899999,1817.34342580,2,7.10242000,828.07114780,0
1545993900000,116.45000000,116.45000000,116.45000000,116.45000000,0.51471000,1545994199999,59.93797950,1,0.00000000,0.00000000,0
1545994200000,116.54000000,116.58000000,116.54000000,116.58000000,0.02255000,1545994499999,2.62842820,2,0.02255000,2.62842820,0
1545994500000,116.81000000,116.81000000,116.81000000,116.81000000,3.00721000,1545994799999,351.27220010,1,3.00721000,351.27220010,0
1545994800000,116.61000000,116.80000000,116.61000000,116.80000000,3.01715000,1545995099999,352.21502000,3,2.02715000,236.77112000,0
1545995100000,116.81000000,117.24000000,116.81000000,117.24000000,41.09690000,1545995399999,4800.53372650,17,41.09690000,4800.53372650,0
1545995400000,117.22000000,117.24000000,117.22000000,117.24000000,0.02250000,1545995699999,2.63767500,2,0.02250000,2.63767500,0
1545995700000,117.27000000,117.27000000,117.27000000,117.27000000,0.01125000,1545995999999,1.31928750,1,0.01125000,1.31928750,0
1545996000000,117.27000000,117.56000000,117.01000000,117.56000000,21.05760000,1545996299999,2464.68606750,6,0.03360000,3.94508800,0
1545996300000,117.75000000,118.00000000,117.49000000,117.49000000,40.17264000,1545996599999,4731.24008500,12,36.99501000,4357.90033630,0
1545996600000,117.43000000,117.43000000,117.43000000,117.43000000,1.53450000,1545996899999,180.19633500,2,1.53450000,180.19633500,0
1545996900000,117.36000000,117.57000000,117.36000000,117.57000000,2.47994000,1545997199999,291.04810830,7,2.47994000,291.04810830,0
1545997200000,117.57000000,117.63000000,117.50000000,117.50000000,27.97049000,1545997499999,3289.23670950,17,21.55617000,2535.52430840,0
1545997500000,117.68000000,117.68000000,117.68000000,117.68000000,0.01117000,1545997799999,1.31448560,1,0.01117000,1.31448560,0
1545997800000,117.68000000,117.68000000,117.68000000,117.68000000,0.00000000,1545998099999,0.00000000,0,0.00000000,0.00000000,0
1545998100000,117.80000000,118.35000000,117.80000000,118.35000000,0.03349000,1545998399999,3.95582730,3,0.03349000,3.95582730,0
1545998400000,118.18000000,118.18000000,117.08000000,117.11000000,216.53933000,1545998699999,25541.42478990,49,78.05368000,9186.52762980,0
1545998700000,117.38000000,117.40000000,116.44000000,116.92000000,68.76045000,1545998999999,8016.82504900,8,10.03343000,1177.91797640,0
1545999000000,117.13000000,117.22000000,116.86000000,116.86000000,0.04500000,1545999299999,5.26634200,4,0.04500000,5.26634200,0
1545999300000,116.91000000,116.91000000,116.15000000,116.23000000,27.13188000,1545999599999,3154.27902150,12,17.79805000,2069.45065420,0
1545999600000,116.23000000,116.36000000,116.21000000,116.36000000,99.49836000,1545999899999,11569.93801630,60,99.49836000,11569.93801630,0
1545999900000,116.41000000,116.41000000,116.30000000,116.30000000,8.30400000,1546000199999,966.43637000,4,8.30400000,966.43637000,0
1546000200000,116.17000000,116.17000000,115.36000000,115.36000000,73.27116000,1546000499999,8486.15083090,20,8.77939000,1019.87646470,0
1546000500000,115.79000000,116.11000000,115.51000000,116.11000000,0.12500000,1546000799999,14.45540800,4,0.03400000,3.94399800,0
1546000800000,116.27000000,116.27000000,116.08000000,116.11000000,4.07093000,1546001099999,472.55605140,3,4.07093000,472.55605140,0
1546001100000,116.11000000,116.20000000,116.11000000,116.20000000,1.66034000,1546001399999,192.79433180,4,1.66034000,192.79433180,0
1546001400000,116.46000000,116.46000000,116.34000000,116.34000000,0.02264000,1546001699999,2.63529600,2,0.02264000,2.63529600,0
1546001700000,116.21000000,116.21000000,116.21000000,116.21000000,0.01129000,1546001999999,1.31201090,1,0.01129000,1.31201090,0
1546002000000,116.19000000,116.19000000,115.41000000,115.68000000,2.37991000,1546002299999,274.67727030,3,0.02259000,2.61896910,0
1546002300000,115.68000000,115.81000000,115.68000000,115.81000000,0.02268000,1546002599999,2.62510180,2,0.02268000,2.62510180,0
1546002600000,115.23000000,115.31000000,115.23000000,115.31000000,3.98555000,1546002899999,459.31036650,4,0.43255000,49.84273650,0
1546002900000,115.31000000,115.31000000,115.31000000,115.31000000,0.00000000,1546003199999,0.00000000,0,0.00000000,0.00000000,0
1546003200000,115.04000000,115.04000000,114.00000000,114.00000000,128.20598000,1546003499999,14676.40139930,41,39.66815000,4545.70246120,0
1546003500000,114.69000000,114.69000000,113.96000000,113.96000000,16.02211000,1546003799999,1829.75320730,7,0.02293000,2.62835130,0
1546003800000,114.25000000,115.00000000,114.25000000,114.77000000,33.45621000,1546004099999,3829.68560220,13,33.35621000,3818.20860220,0
1546004100000,114.97000000,115.16000000,114.97000000,115.16000000,5.38146000,1546004399999,618.70863740,2,5.38146000,618.70863740,0
1546004400000,114.78000000,114.87000000,114.76000000,114.87000000,70.01389000,1546004699999,8036.64948970,24,70.01389000,8036.64948970,0
1546004700000,115.00000000,115.45000000,115.00000000,115.45000000,9.22171000,1546004999999,1060.73448890,3,9.22171000,1060.73448890,0
1546005000000,115.24000000,116.57000000,115.24000000,116.16000000,63.46852000,1546005299999,7348.37202720,28,51.39328000,5947.17262600,0
1546005300000,115.93000000,116.37000000,115.72000000,116.00000000,23.11965000,1546005599999,2678.25737240,8,23.11965000,2678.25737240,0
1546005600000,115.75000000,115.75000000,115.75000000,115.75000000,0.29200000,1546005899999,33.79900000,1,0.29200000,33.79900000,0
1546005900000,115.59000000,115.88000000,115.59000000,115.88000000,13.58928000,1546006199999,1572.13654200,3,3.63450000,421.16586000,0
1546006200000,115.65000000,115.71000000,115.37000000,115.42000000,37.15818000,1546006499999,4293.12899600,12,37.15818000,4293.12899600,0
1546006500000,115.31000000,115.76000000,115.31000000,115.76000000,0.15182000,1546006799999,17.51148070,2,0.01137000,1.31619120,0
1546006800000,115.65000000,115.65000000,115.65000000,115.65000000,0.01137000,1546007099999,1.31494050,1,0.01137000,1.31494050,0
1546007100000,115.62000000,115.94000000,115.62000000,115.94000000,0.02275000,1546007399999,2.63399020,2,0.02275000,2.63399020,0
1546007400000,115.94000000,116.26000000,115.94000000,116.26000000,7.40295000,1546007699999,858.30165500,3,7.40295000,858.30165500,0
1546007700000,115.89000000,116.64000000,115.22000000,115.72000000,154.16588000,1546007999999,17805.25287000,15,77.29839000,8937.24330220,0
1546008000000,115.51000000,115.56000000,111.10000000,115.56000000,202.72994000,1546008299999,22951.17829320,28,3.63865000,415.85985860,0
1546008300000,115.25000000,115.68000000,115.12000000,115.68000000,17.79729000,1546008599999,2051.01025660,7,0.75229000,86.66034940,0
1546008600000,115.77000000,115.85000000,115.77000000,115.85000000,5.18386000,1546008899999,600.54926900,3,5.18386000,600.54926900,0
1546008900000,115.92000000,115.98000000,115.92000000,115.98000000,1.23050000,1546009199999,142.66543620,2,1.23050000,142.66543620,0
1546009200000,115.91000000,115.98000000,115.91000000,115.98000000,26.64603000,1546009499999,3089.68316290,14,26.64603000,3089.68316290,0
1546009500000,116.27000000,116.27000000,116.27000000,116.27000000,0.01133000,1546009799999,1.31733910,1,0.01133000,1.31733910,0
1546009800000,116.45000000,116.45000000,116.33000000,116.35000000,21.13524000,1546010099999,2460.16041040,4,1.66825000,194.10066090,0
1546010100000,116.35000000,116.35000000,116.35000000,116.35000000,0.00000000,1546010399999,0.00000000,0,0.00000000,0.00000000,0
1546010400000,116.50000000,117.34000000,116.50000000,117.34000000,61.68132000,1546010699999,7219.33035830,19,52.89492000,6188.33418230,0
1546010700000,117.07000000,117.86000000,117.01000000,117.45000000,21.06999000,1546010999999,2472.42869900,11,16.21637000,1904.48316280,0
1546011000000,117.43000000,121.48000000,117.43000000,121.46000000,113.87568000,1546011299999,13584.06531830,41,106.27112000,12673.26716710,0
1546011300000,120.87000000,128.98000000,120.87000000,126.51000000,664.41200000,1546011599999,83333.44002130,171,358.06167000,44590.15942860,0
1546011600000,126.01000000,128.99000000,125.45000000,127.00000000,302.92852000,1546011899999,38590.31596420,121,182.30452000,23227.79194910,0
1546011900000,127.00000000,128.27000000,126.74000000,126.74000000,235.37019000,1546012199999,30028.74224480,47,152.72711000,19493.66806270,0
1546012200000,126.73000000,127.94000000,126.46000000,127.51000000,86.29666000,1546012499999,10970.54339780,29,52.99079000,6744.26416950,0
1546012500000,127.27000000,129.17000000,127.27000000,127.95000000,167.60627000,1546012799999,21434.70926640,31,136.77882000,17504.04734380,0
1546012800000,127.94000000,134.72000000,127.94000000,134.45000000,869.38993000,1546013099999,114146.60435730,170,742.96629000,97373.31622380,0
1546013100000,134.00000000,134.00000000,132.09000000,132.10000000,169.95156000,1546013399999,22645.52857280,47,71.25040000,9462.89922180,0
1546013400000,131.84000000,133.36000000,131.63000000,133.35000000,120.22068000,1546013699999,15903.27773110,37,63.60725000,8427.68260680,0
1546013700000,133.64000000,134.03000000,131.53000000,131.60000000,393.84917000,1546013999999,52328.61228350,81,27.48588000,3675.27715420,0
1546014000000,131.83000000,132.50000000,131.00000000,132.46000000,188.90597000,1546014299999,24845.36722250,30,38.44012000,5065.96185990,0
1546014300000,131.99000000,132.29000000,131.50000000,131.67000000,95.24563000,1546014599999,12552.04591410,27,16.91295000,2229.32571670,0
1546014600000,131.67000000,132.12000000,131.67000000,132.10000000,35.24445000,1546014899999,4653.30223160,10,35.24445000,4653.30223160,0
1546014900000,132.10000000,133.78000000,132.10000000,133.20000000,148.93902000,1546015199999,19856.58593260,34,83.95937000,11200.82966760,0
1546015200000,133.33000000,133.33000000,132.30000000,132.44000000,236.21716000,1546015499999,31425.74355390,30,3.35274000,445.63096520,0
1546015500000,132.65000000,133.30000000,132.65000000,132.90000000,53.18139000,1546015799999,7067.28502000,14,2.89049000,383.67677200,0
1546015800000,133.04000000,133.04000000,132.29000000,132.29000000,104.93754000,1546016099999,13903.79211110,35,0.01974000,2.62020110,0
1546016100000,132.40000000,133.36000000,132.09000000,132.54000000,23.62280000,1546016399999,3122.25705360,14,20.64973000,2728.69095650,0
1546016400000,132.54000000,132.71000000,132.54000000,132.71000000,3.00994000,1546016699999,398.93913740,3,3.00994000,398.93913740,0
1546016700000,132.24000000,132.99000000,132.08000000,132.08000000,15.99261000,1546016999999,2114.73011170,11,2.10985000,280.39930370,0
1546017000000,131.90000000,131.90000000,131.87000000,131.87000000,50.01986000,1546017299999,6597.61913680,5,0.01986000,2.61913680,0
1546017300000,131.89000000,132.05000000,131.89000000,132.05000000,9.77700000,1546017599999,1289.51883240,4,9.58761000,1264.50988290,0
1546017600000,132.58000000,132.58000000,132.27000000,132.27000000,1.57178000,1546017899999,207.90242820,2,1.57178000,207.90242820,0
1546017900000,132.27000000,133.38000000,132.27000000,133.23000000,50.52989000,1546018199999,6691.57497490,16,50.52989000,6691.57497490,0
1546018200000,133.02000000,133.45000000,132.32000000,133.45000000,17.25540000,1546018499999,2286.95705860,6,0.37568000,49.97295360,0
1546018500000,133.45000000,133.74000000,132.81000000,132.81000000,81.41948000,1546018799999,10856.56607070,11,4.34225000,577.00238220,0
1546018800000,132.70000000,133.29000000,132.70000000,133.16000000,15.58867000,1546019099999,2073.53094940,8,9.91820000,1320.89958040,0
1546019100000,132.51000000,132.51000000,132.51000000,132.51000000,1.35244000,1546019399999,179.21182440,1,0.00000000,0.00000000,0
1546019400000,132.97000000,132.97000000,132.97000000,132.97000000,0.00989000,1546019699999,1.31507330,1,0.00989000,1.31507330,0
1546019700000,133.15000000,133.15000000,133.15000000,133.15000000,0.18146000,1546019999999,24.16139900,1,0.00000000,0.00000000,0
1546020000000,133.77000000,134.31000000,133.50000000,133.63000000,54.65818000,1546020299999,7323.20937400,17,46.33795000,6212.35587150,0
1546020300000,133.77000000,134.08000000,132.97000000,133.09000000,185.86322000,1546020599999,24756.40748330,26,15.07136000,2018.32323880,0
1546020600000,133.09000000,133.29000000,132.92000000,133.29000000,46.28374000,1546020899999,6155.97873230,13,3.62259000,481.99874520,0
1546020900000,133.06000000,133.19000000,132.75000000,133.19000000,16.68674000,1546021199999,2217.51697420,4,6.68674000,888.31697420,0
1546021200000,133.38000000,133.67000000,133.38000000,133.50000000,89.13388000,1546021499999,11900.19091490,29,7.51831000,1004.51231990,0
1546021500000,133.50000000,133.50000000,133.50000000,133.50000000,0.00000000,1546021799999,0.00000000,0,0.00000000,0.00000000,0
1546021800000,133.20000000,133.20000000,133.20000000,133.20000000,10.14307000,1546022099999,1351.05692400,6,10.05246000,1338.98767200,0
1546022100000,133.23000000,133.32000000,133.00000000,133.00000000,3.22815000,1546022399999,429.39731190,3,0.22815000,30.39731190,0
1546022400000,133.84000000,135.22000000,133.84000000,134.35000000,175.53117000,1546022699999,23670.68636750,43,53.39327000,7212.86775820,0
1546022700000,134.33000000,135.66000000,133.89000000,133.89000000,49.93856000,1546022999999,6750.98222100,25,37.24835000,5038.48276590,0
1546023000000,133.89000000,133.89000000,132.94000000,132.94000000,6.84852000,1546023299999,915.99785680,3,5.84852000,783.05785680,0
1546023300000,133.72000000,134.70000000,133.72000000,134.41000000,14.12248000,1546023599999,1892.25928740,7,8.42548000,1128.59751740,0
1546023600000,134.01000000,134.86000000,133.87000000,134.86000000,22.75978000,1546023899999,3055.64269370,14,10.00833000,1346.78024520,0
1546023900000,134.60000000,138.87000000,134.60000000,137.40000000,735.52574000,1546024199999,101472.64891150,79,657.26268000,90701.21973510,0
1546024200000,137.24000000,137.92000000,135.49000000,137.31000000,84.93635000,1546024499999,11635.46209640,32,55.83056000,7643.46641790,0
1546024500000,136.93000000,137.33000000,136.14000000,136.14000000,292.28670000,1546024799999,40021.29235910,32,153.59427000,21029.37756460,0
1546024800000,136.57000000,137.26000000,136.03000000,136.50000000,22.10255000,1546025099999,3015.06248450,10,3.81595000,521.26251550,0
1546025100000,136.77000000,137.30000000,136.77000000,137.13000000,21.20339000,1546025399999,2910.91519240,10,7.76972000,1066.47230140,0
1546025400000,137.04000000,137.78000000,137.04000000,137.36000000,16.53129000,1546025699999,2270.96929300,6,5.75713000,791.16955460,0
1546025700000,136.99000000,137.60000000,136.99000000,137.00000000,18.82100000,1546025999999,2578.72317490,6,4.96907000,681.00876490,0
1546026000000,136.83000000,136.94000000,136.83000000,136.94000000,2.11616000,1546026299999,289.73897280,2,1.68000000,230.05920000,0
1546026300000,136.59000000,136.59000000,134.73000000,134.74000000,139.40843000,1546026599999,18822.69818990,21,21.93240000,2967.89236800,0
1546026600000,134.83000000,135.26000000,134.82000000,134.82000000,27.34186000,1546026899999,3690.69494490,4,0.00000000,0.00000000,0
1546026900000,134.60000000,135.51000000,134.60000000,135.51000000,12.42659000,1546027199999,1678.77850830,10,2.56797000,346.45017630,0
1546027200000,135.51000000,135.53000000,135.26000000,135.26000000,21.36265000,1546027499999,2893.75913160,14,11.12383000,1506.30161840,0
1546027500000,135.26000000,135.26000000,134.03000000,134.03000000,66.51618000,1546027799999,8956.46928200,13,7.57577000,1022.06522160,0
1546027800000,134.41000000,135.00000000,134.36000000,134.93000000,8.47567000,1546028099999,1139.95172340,5,8.47567000,1139.95172340,0
1546028100000,134.10000000,134.10000000,133.21000000,133.69000000,59.67761000,1546028399999,7989.63954800,12,0.00000000,0.00000000,0
1546028400000,133.60000000,134.04000000,133.60000000,134.04000000,9.69302000,1546028699999,1298.20247200,3,8.50000000,1138.81500000,0
1546028700000,133.88000000,133.88000000,133.60000000,133.60000000,15.82031000,1546028999999,2113.67741600,4,0.30000000,40.16400000,0
1546029000000,134.56000000,134.58000000,134.56000000,134.58000000,0.54322000,1546029299999,73.10635120,2,0.00982000,1.32137920,0
1546029300000,135.03000000,135.26000000,135.03000000,135.26000000,4.16535000,1546029599999,562.48494910,3,0.16535000,22.36494910,0
1546029600000,135.11000000,135.47000000,135.00000000,135.31000000,53.21860000,1546029899999,7189.66510960,9,25.34791000,3425.09761840,0
1546029900000,135.31000000,135.31000000,134.20000000,134.29000000,33.39246000,1546030199999,4486.79341580,8,13.39246000,1802.79341580,0
1546030200000,134.45000000,135.04000000,134.45000000,135.01000000,0.39586000,1546030499999,53.23458860,3,0.39586000,53.23458860,0
1546030500000,134.57000000,135.04000000,134.49000000,135.04000000,4.33054000,1546030799999,584.22393690,6,3.29062000,444.35868730,0
1546030800000,135.04000000,135.38000000,134.94000000,134.94000000,20.39130000,1546031099999,2756.11188130,11,10.09928000,1366.62813830,0
1546031100000,135.00000000,135.02000000,135.00000000,135.02000000,5.99705000,1546031399999,809.64175000,6,2.92357000,394.68195000,0
1546031400000,135.02000000,135.02000000,135.02000000,135.02000000,1.55746000,1546031699999,210.28824920,1,0.00000000,0.00000000,0
1546031700000,134.64000000,135.80000000,134.29000000,135.80000000,170.94348000,1546031999999,23156.70100810,18,87.80390000,11872.36822310,0
1546032000000,134.60000000,135.32000000,134.60000000,135.32000000,10.46055000,1546032299999,1409.14335420,9,5.76765000,777.14695620,0
1546032300000,135.32000000,136.27000000,135.32000000,136.27000000,36.20295000,1546032599999,4922.39459040,20,36.20295000,4922.39459040,0
1546032600000,136.39000000,136.39000000,135.30000000,135.61000000,31.98769000,1546032899999,4336.36847870,13,0.53636000,73.00966360,0
1546032900000,136.00000000,136.61000000,135.96000000,135.96000000,28.61806000,1546033199999,3902.85721890,7,28.22072000,3848.57660150,0
1546033200000,136.00000000,136.00000000,135.78000000,135.78000000,5.36320000,1546033499999,728.25485860,4,0.17983000,24.45688000,0
1546033500000,135.78000000,136.03000000,135.76000000,136.03000000,17.96013000,1546033799999,2438.66280480,4,0.84162000,114.31151700,0
1546033800000,135.45000000,135.45000000,135.45000000,135.45000000,0.07400000,1546034099999,10.02330000,1,0.00000000,0.00000000,0
1546034100000,134.79000000,134.90000000,134.54000000,134.54000000,32.01313000,1546034399999,4310.91854660,12,15.50118000,2089.31842680,0
1546034400000,134.54000000,134.54000000,134.54000000,134.54000000,0.00000000,1546034699999,0.00000000,0,0.00000000,0.00000000,0
1546034700000,134.54000000,135.06000000,134.54000000,135.06000000,24.36858000,1546034999999,3279.85827440,6,24.36858000,3279.85827440,0
1546035000000,135.06000000,135.17000000,135.06000000,135.17000000,1.00000000,1546035299999,135.16156520,2,1.00000000,135.16156520,0
1546035300000,135.16000000,135.16000000,134.90000000,134.90000000,0.33368000,1546035599999,45.05200560,2,0.14836000,20.05233760,0
1546035600000,134.71000000,135.77000000,134.71000000,135.35000000,36.38477000,1546035899999,4932.60963620,10,34.39682000,4664.81289170,0
1546035900000,135.35000000,135.35000000,135.35000000,135.35000000,0.00000000,1546036199999,0.00000000,0,0.00000000,0.00000000,0
1546036200000,134.72000000,134.72000000,133.76000000,133.76000000,65.19936000,1546036499999,8748.08409560,15,5.56710000,749.72971200,0
1546036500000,133.60000000,134.50000000,133.60000000,134.23000000,60.34948000,1546036799999,8075.41692090,22,58.82278000,7871.44980090,0
1546036800000,134.25000000,134.25000000,134.25000000,134.25000000,7.59400000,1546037099999,1019.49450000,5,7.59400000,1019.49450000,0
1546037100000,134.51000000,134.66000000,134.45000000,134.45000000,27.48616000,1546037399999,3700.80735050,6,14.86096000,2000.69791850,0
1546037400000,134.07000000,134.35000000,133.90000000,134.35000000,25.62596000,1546037699999,3432.95958980,6,8.16685000,1094.97853750,0
1546037700000,134.19000000,134.27000000,134.19000000,134.27000000,3.09222000,1546037999999,415.15023700,2,3.09222000,415.15023700,0
1546038000000,133.70000000,134.27000000,132.91000000,132.98000000,50.36865000,1546038299999,6739.31952350,15,7.25223000,964.69475330,0
1546038300000,133.00000000,134.27000000,133.00000000,133.67000000,303.93938000,1546038599999,40546.10975590,49,222.00791000,29615.25308010,0
1546038600000,133.67000000,134.63000000,133.51000000,134.63000000,210.05874000,1546038899999,28081.14989130,34,180.76043000,24162.58487410,0
1546038900000,134.60000000,135.02000000,134.60000000,134.72000000,0.84595000,1546039199999,113.96263880,3,0.23979000,32.37350280,0
1546039200000,134.35000000,134.40000000,134.35000000,134.40000000,0.72969000,1546039499999,98.06935500,3,0.72969000,98.06935500,0
1546039500000,134.51000000,134.51000000,134.50000000,134.50000000,1.37272000,1546039799999,184.63093770,3,1.37272000,184.63093770,0
1546039800000,134.78000000,134.78000000,134.50000000,134.50000000,0.95713000,1546040099999,128.75632900,2,0.07980000,10.75544400,0
1546040100000,134.48000000,134.48000000,134.48000000,134.48000000,0.10977000,1546040399999,14.76186960,2,0.10977000,14.76186960,0
1546040400000,134.48000000,134.48000000,134.48000000,134.48000000,0.00000000,1546040699999,0.00000000,0,0.00000000,0.00000000,0
1546040700000,134.83000000,135.37000000,134.83000000,135.37000000,5.31612000,1546040999999,718.77646440,2,5.31612000,718.77646440,0
1546041000000,135.03000000,136.07000000,135.03000000,136.07000000,15.54461000,1546041299999,2112.04904370,11,14.94432000,2030.96548750,0
1546041300000,135.87000000,138.24000000,135.87000000,136.86000000,240.16399000,1546041599999,32989.36939420,45,204.09322000,28066.88892710,0
1546041600000,137.91000000,138.22000000,137.56000000,137.74000000,29.86547000,1546041899999,4118.54139610,14,29.86547000,4118.54139610,0
1546041900000,137.00000000,137.41000000,136.74000000,137.27000000,29.14111000,1546042199999,3995.35989500,9,12.82154000,1761.46716940,0
1546042200000,137.88000000,140.48000000,137.54000000,140.48000000,15.11293000,1546042499999,2111.24990360,16,13.60948000,1903.80558360,0
1546042500000,140.50000000,140.50000000,139.00000000,139.00000000,62.35306000,1546042799999,8672.18971910,9,0.34772000,48.67041110,0
1546042800000,138.81000000,139.37000000,138.81000000,138.81000000,8.00888000,1546043099999,1115.60329520,4,3.96388000,552.12884520,0
1546043100000,138.13000000,138.13000000,137.76000000,137.76000000,5.98517000,1546043399999,826.45229900,4,0.00951000,1.31199960,0
1546043400000,138.00000000,138.43000000,138.00000000,138.26000000,5.78180000,1546043699999,797.89496450,11,5.78180000,797.89496450,0
1546043700000,137.61000000,137.91000000,137.61000000,137.76000000,25.36534000,1546043999999,3494.18759790,3,1.00000000,137.91000000,0
1546044000000,138.22000000,138.34000000,137.84000000,138.34000000,4.48730000,1546044299999,619.81644580,6,3.84100000,530.73045380,0
1546044300000,137.92000000,138.23000000,137.00000000,137.28000000,1.78959000,1546044599999,245.97565200,7,1.37864000,189.44490350,0
1546044600000,136.81000000,136.94000000,136.49000000,136.49000000,40.85477000,1546044899999,5584.74279570,20,5.33635000,728.36474750,0
1546044900000,136.65000000,137.32000000,136.65000000,137.24000000,5.36985000,1546045199999,735.55218130,4,0.00961000,1.31964520,0
1546045200000,137.00000000,137.00000000,136.50000000,136.50000000,57.41197000,1546045499999,7842.25776020,16,45.14519000,6162.35915000,0
1546045500000,136.08000000,136.26000000,135.95000000,136.07000000,15.60778000,1546045799999,2122.72901170,10,1.00959000,137.38673340,0
1546045800000,136.42000000,136.42000000,136.24000000,136.24000000,15.11320000,1546046099999,2061.18155510,6,0.34993000,47.67552470,0
1546046100000,135.88000000,136.34000000,135.80000000,136.34000000,29.74200000,1546046399999,4047.92932120,16,11.29575000,1538.36421060,0
1546046400000,136.37000000,136.94000000,136.37000000,136.82000000,24.28425000,1546046699999,3321.11799990,14,2.01955000,275.45153330,0
1546046700000,136.42000000,136.80000000,136.42000000,136.80000000,1.03351000,1546046999999,140.99508600,2,0.00961000,1.31464800,0
1546047000000,136.71000000,136.92000000,136.56000000,136.65000000,65.43242000,1546047299999,8944.41158540,22,27.27815000,3727.56131610,0
1546047300000,136.91000000,138.49000000,136.91000000,137.62000000,54.62496000,1546047599999,7531.53074200,24,24.64096000,3393.42466200,0
1546047600000,137.43000000,137.92000000,137.43000000,137.92000000,7.99126000,1546047899999,1099.37029000,5,0.01913000,2.63744860,0
1546047900000,137.82000000,139.20000000,137.82000000,138.16000000,94.17137000,1546048199999,13066.44267480,21,67.78615000,9397.95952000,0
1546048200000,138.16000000,138.16000000,137.70000000,137.70000000,4.19494000,1546048499999,578.03789500,6,3.33699000,459.50352300,0
1546048500000,137.62000000,137.62000000,137.26000000,137.26000000,0.80882000,1546048799999,111.02203880,2,0.00946000,1.30188520,0
1546048800000,137.06000000,137.06000000,136.07000000,136.86000000,43.85603000,1546049099999,5986.93569330,10,0.00962000,1.31659320,0
1546049100000,136.60000000,136.60000000,136.60000000,136.60000000,1.27738000,1546049399999,174.49010800,1,0.00000000,0.00000000,0
1546049400000,136.30000000,136.55000000,136.30000000,136.55000000,1.00932000,1546049699999,137.57272100,2,0.00962000,1.31361100,0
1546049700000,136.57000000,136.86000000,135.52000000,135.61000000,51.71754000,1546049999999,7051.54362960,19,26.14253000,3569.50345450,0
1546050000000,135.89000000,135.89000000,135.59000000,135.59000000,2.50713000,1546050299999,339.94464570,2,0.00963000,1.30862070,0
1546050300000,135.03000000,135.87000000,134.97000000,135.87000000,34.44503000,1546050599999,4655.54886350,17,14.84993000,2008.40182540,0
1546050600000,135.85000000,135.87000000,135.18000000,135.59000000,23.75992000,1546050899999,3212.28065700,10,5.35992000,724.81865700,0
1546050900000,135.57000000,135.57000000,135.08000000,135.48000000,1.00333000,1546051199999,135.82200320,3,0.00972000,1.31774040,0
1546051200000,135.44000000,135.79000000,133.95000000,135.77000000,73.75488000,1546051499999,9924.28526110,12,14.15675000,1910.63739750,0
1546051500000,135.87000000,136.19000000,135.87000000,136.02000000,31.73275000,1546051799999,4312.34781370,8,26.62291000,3618.02187140,0
1546051800000,135.97000000,136.18000000,135.73000000,135.73000000,43.31330000,1546052099999,5896.71286110,13,0.41426000,56.40958430,0
1546052100000,135.56000000,135.86000000,135.56000000,135.81000000,83.66046000,1546052399999,11359.21634680,29,39.92624000,5422.39955960,0
1546052400000,135.60000000,135.60000000,135.52000000,135.55000000,25.70492000,1546052699999,3484.50765790,13,0.00967000,1.31076850,0
1546052700000,135.43000000,135.73000000,135.43000000,135.73000000,7.36558000,1546052999999,998.84030220,6,4.00000000,542.89000000,0
1546053000000,136.00000000,136.55000000,135.98000000,136.43000000,53.43961000,1546053299999,7278.21357450,15,17.18395000,2339.27226050,0
1546053300000,136.23000000,136.23000000,136.20000000,136.23000000,16.49275000,1546053599999,2246.60274330,5,0.00000000,0.00000000,0
1546053600000,136.60000000,136.60000000,136.56000000,136.56000000,6.65200000,1546053899999,908.62956000,3,0.00000000,0.00000000,0
1546053900000,136.56000000,136.56000000,136.56000000,136.56000000,0.17491000,1546054199999,23.88570960,1,0.17491000,23.88570960,0
1546054200000,136.25000000,136.34000000,135.98000000,135.98000000,21.82946000,1546054499999,2975.37713590,3,21.60992000,2945.52408670,0
1546054500000,135.99000000,135.99000000,135.99000000,135.99000000,0.21300000,1546054799999,28.96587000,1,0.00000000,0.00000000,0
1546054800000,135.99000000,135.99000000,135.99000000,135.99000000,0.00000000,1546055099999,0.00000000,0,0.00000000,0.00000000,0
1546055100000,136.14000000,136.14000000,135.98000000,135.98000000,13.06430000,1546055399999,1778.22363400,6,0.00000000,0.00000000,0
1546055400000,135.57000000,135.57000000,135.40000000,135.40000000,6.37800000,1546055699999,863.62183340,3,0.14900000,20.17460000,0
1546055700000,135.40000000,135.40000000,135.24000000,135.24000000,22.13853000,1546055999999,2995.90871400,16,11.83698000,1602.72709200,0
1546056000000,134.79000000,134.79000000,134.59000000,134.65000000,28.50702000,1546056299999,3840.46234970,6,0.00000000,0.00000000,0
1546056300000,134.57000000,134.76000000,134.57000000,134.76000000,26.30631000,1546056599999,3544.14191560,10,21.58831000,2909.24065560,0
1546056600000,134.63000000,134.68000000,134.44000000,134.44000000,24.41987000,1546056899999,3286.57076310,10,1.14684000,154.38635220,0
1546056900000,134.47000000,135.08000000,134.47000000,135.08000000,32.04493000,1546057199999,4318.64201380,20,1.49503000,201.82905000,0
1546057200000,135.11000000,135.11000000,135.11000000,135.11000000,1.59704000,1546057499999,215.77607440,1,0.00000000,0.00000000,0
1546057500000,135.12000000,135.12000000,135.12000000,135.12000000,5.48377000,1546057799999,740.96700240,1,0.00000000,0.00000000,0
1546057800000,135.14000000,135.14000000,135.14000000,135.14000000,0.24700000,1546058099999,33.37958000,2,0.00000000,0.00000000,0
1546058100000,135.77000000,136.98000000,135.77000000,136.69000000,39.71197000,1546058399999,5407.57567490,22,36.32483000,4947.48911330,0
1546058400000,136.71000000,136.94000000,136.70000000,136.94000000,44.70897000,1546058699999,6111.79274350,14,37.85560000,5174.86853080,0
1546058700000,136.19000000,136.27000000,135.94000000,136.27000000,24.49224000,1546058999999,3336.53516600,21,24.40324000,3324.43650600,0
1546059000000,136.28000000,136.92000000,135.94000000,136.51000000,12.13669000,1546059299999,1652.42029300,21,7.17593000,977.94393420,0
1546059300000,136.26000000,136.28000000,136.26000000,136.28000000,0.25506000,1546059599999,34.75731080,2,0.00000000,0.00000000,0
1546059600000,136.28000000,136.28000000,136.28000000,136.28000000,0.00000000,1546059899999,0.00000000,0,0.00000000,0.00000000,0
1546059900000,136.82000000,136.90000000,136.26000000,136.26000000,32.65275000,1546060199999,4455.75011500,14,11.51000000,1574.83900000,0
1546060200000,136.16000000,136.16000000,136.16000000,136.16000000,0.00960000,1546060499999,1.30713600,1,0.00960000,1.30713600,0
1546060500000,136.02000000,136.14000000,136.02000000,136.14000000,4.19399000,1546060799999,570.94571580,7,3.99330000,543.64786200,0
1546060800000,136.01000000,136.39000000,132.00000000,136.35000000,180.65807000,1546061099999,24323.70865070,29,10.05074000,1353.38693200,0
1546061100000,136.22000000,136.23000000,136.22000000,136.23000000,0.17600000,1546061399999,23.97560000,2,0.00000000,0.00000000,0
1546061400000,136.37000000,136.37000000,136.07000000,136.08000000,30.00810000,1546061699999,4089.01741450,6,0.00000000,0.00000000,0
1546061700000,136.64000000,136.86000000,136.64000000,136.86000000,21.88208000,1546061999999,2994.68017100,18,9.45726000,1294.21930580,0
1546062000000,136.86000000,136.98000000,136.86000000,136.98000000,8.16482000,1546062299999,1117.51939500,5,8.16482000,1117.51939500,0
1546062300000,136.98000000,137.10000000,136.86000000,136.86000000,7.33183000,1546062599999,1003.85274420,3,3.45212000,472.87563360,0
1546062600000,136.58000000,136.58000000,135.12000000,135.12000000,53.68774000,1546062899999,7302.14955410,8,0.21344000,29.09827520,0
1546062900000,136.44000000,136.44000000,135.96000000,135.96000000,0.01931000,1546063199999,2.63001960,2,0.01931000,2.63001960,0
1546063200000,135.96000000,135.96000000,135.78000000,135.93000000,2.00284000,1546063499999,272.07755400,4,0.00966000,1.31337360,0
1546063500000,135.41000000,135.55000000,135.12000000,135.26000000,7.44330000,1546063799999,1007.44522650,7,0.14006000,18.94867790,0
1546063800000,135.55000000,135.55000000,135.55000000,135.55000000,0.55963000,1546064099999,75.85784650,1,0.55963000,75.85784650,0
1546064100000,135.51000000,135.51000000,135.51000000,135.51000000,0.10958000,1546064399999,14.84918580,1,0.00000000,0.00000000,0
1546064400000,136.29000000,137.13000000,136.29000000,137.00000000,37.32014000,1546064699999,5108.01086030,23,11.15189000,1521.02708860,0
1546064700000,137.22000000,137.22000000,136.60000000,136.60000000,1.80848000,1546064999999,247.04447180,3,1.80848000,247.04447180,0
1546065000000,137.00000000,137.02000000,137.00000000,137.02000000,5.20006000,1546065299999,712.50822000,2,0.20006000,27.40822000,0
1546065300000,136.66000000,136.66000000,136.24000000,136.24000000,21.44276000,1546065599999,2928.69691320,5,13.00000000,1776.45963140,0
1546065600000,136.79000000,136.79000000,136.71000000,136.71000000,13.00000000,1546065899999,1777.75000000,2,13.00000000,1777.75000000,0
1546065900000,136.72000000,136.77000000,136.72000000,136.77000000,16.67219000,1546066199999,2279.42606680,7,12.09529000,1653.67229880,0
1546066200000,136.83000000,136.83000000,136.83000000,136.83000000,0.00961000,1546066499999,1.31493630,1,0.00961000,1.31493630,0
1546066500000,136.83000000,136.83000000,136.83000000,136.83000000,0.00000000,1546066799999,0.00000000,0,0.00000000,0.00000000,0
1546066800000,137.02000000,138.12000000,137.02000000,138.12000000,39.79459000,1546067099999,5463.65387040,12,33.89880000,4651.53304150,0
1546067100000,138.13000000,138.41000000,137.41000000,137.87000000,19.55081000,1546067399999,2702.65869400,14,11.12224000,1538.96755780,0
1546067400000,136.96000000,137.05000000,136.58000000,137.02000000,0.67011000,1546067699999,91.55221100,6,0.47011000,64.23621100,0
1546067700000,137.02000000,137.02000000,137.02000000,137.02000000,0.00000000,1546067999999,0.00000000,0,0.00000000,0.00000000,0
1546068000000,136.24000000,136.54000000,136.24000000,136.39000000,2.48136000,1546068299999,338.70902040,10,1.95429000,266.83875660,0
1546068300000,136.53000000,136.53000000,136.53000000,136.53000000,0.00959000,1546068599999,1.30932270,1,0.00959000,1.30932270,0
1546068600000,136.53000000,136.74000000,136.41000000,136.70000000,25.13137000,1546068899999,3435.46567640,13,0.19686000,26.87730190,0
1546068900000,136.69000000,137.32000000,136.69000000,137.32000000,61.33103000,1546069199999,8400.24316260,16,54.58103000,7477.58403260,0
1546069200000,137.83000000,137.83000000,137.83000000,137.83000000,0.00960000,1546069499999,1.32316800,1,0.00960000,1.32316800,0
1546069500000,137.46000000,137.46000000,136.99000000,136.99000000,7.75612000,1546069799999,1062.71849640,8,1.14314000,156.60326060,0
1546069800000,136.87000000,137.49000000,136.87000000,137.49000000,1.68772000,1546070099999,231.68383320,4,1.12152000,154.18803920,0
1546070100000,137.49000000,138.30000000,137.49000000,137.81000000,10.16806000,1546070399999,1400.58638190,7,4.49089000,619.23747480,0
1546070400000,137.38000000,137.86000000,137.38000000,137.86000000,17.35197000,1546070699999,2391.16065620,3,17.35197000,2391.16065620,0
1546070700000,137.37000000,137.51000000,136.97000000,137.51000000,13.24342000,1546070999999,1818.52173000,7,10.92528000,1501.00609420,0
1546071000000,137.38000000,137.39000000,137.18000000,137.18000000,7.25908000,1546071299999,997.32289810,3,7.25908000,997.32289810,0
1546071300000,137.19000000,137.19000000,137.00000000,137.00000000,2.00956000,1546071599999,275.31153640,2,2.00956000,275.31153640,0
1546071600000,137.05000000,138.21000000,137.00000000,138.21000000,23.11360000,1546071899999,3169.89344010,16,14.23560000,1951.47672010,0
1546071900000,137.03000000,137.28000000,137.03000000,137.28000000,5.53799000,1546072199999,758.87489160,3,0.01917000,2.63098700,0
1546072200000,137.49000000,137.75000000,137.49000000,137.75000000,0.15527000,1546072499999,21.38594910,2,0.15527000,21.38594910,0
1546072500000,137.63000000,137.63000000,137.63000000,137.63000000,0.95360000,1546072799999,131.24396800,1,0.95360000,131.24396800,0
1546072800000,137.46000000,137.46000000,137.46000000,137.46000000,0.16896000,1546073099999,23.22524160,1,0.16896000,23.22524160,0
1546073100000,137.33000000,137.33000000,137.08000000,137.08000000,2.58097000,1546073399999,354.32101010,5,2.58097000,354.32101010,0
1546073400000,137.08000000,137.08000000,137.08000000,137.08000000,0.08768000,1546073699999,12.01917440,2,0.00957000,1.31185560,0
1546073700000,137.10000000,137.12000000,137.10000000,137.12000000,1.26758000,1546073999999,173.81056500,2,0.00023000,0.03153300,0
1546074000000,138.04000000,139.32000000,138.04000000,139.27000000,49.46273000,1546074299999,6877.43719180,20,28.81082000,4004.53843260,0
1546074300000,139.18000000,139.18000000,138.77000000,138.77000000,4.83235000,1546074599999,670.58913730,7,4.83235000,670.58913730,0
1546074600000,138.29000000,138.44000000,137.46000000,137.46000000,15.97833000,1546074899999,2199.42631960,9,11.61052000,1596.94857020,0
1546074900000,137.46000000,137.46000000,136.78000000,137.35000000,58.13879000,1546075199999,7976.58826240,15,17.32337000,2373.51055530,0
1546075200000,137.20000000,137.24000000,137.00000000,137.00000000,32.48593000,1546075499999,4453.46479200,9,12.89977000,1770.16087200,0
1546075500000,137.10000000,137.14000000,136.73000000,137.14000000,0.74232000,1546075799999,101.66481470,3,0.40923000,56.12141900,0
1546075800000,137.11000000,137.11000000,137.11000000,137.11000000,1.45980000,1546076099999,200.15317800,1,1.45980000,200.15317800,0
1546076100000,137.03000000,137.58000000,136.53000000,137.58000000,0.66883000,1546076399999,91.66303030,6,0.56524000,77.51988760,0
1546076400000,137.57000000,137.58000000,137.57000000,137.58000000,1.27154000,1546076699999,174.93769780,3,1.27154000,174.93769780,0
1546076700000,137.82000000,137.82000000,137.78000000,137.78000000,6.82964000,1546076999999,941.26060160,2,6.82964000,941.26060160,0
1546077000000,137.44000000,137.44000000,137.05000000,137.30000000,6.97527000,1546077299999,957.65998660,4,6.78664000,931.80824510,0
1546077300000,137.35000000,137.52000000,137.09000000,137.09000000,3.32743000,1546077599999,456.31682900,4,0.52863000,72.62933700,0
1546077600000,137.40000000,137.40000000,136.73000000,137.08000000,0.53871000,1546077899999,73.67035240,4,0.02871000,3.93805240,0
1546077900000,136.94000000,136.94000000,135.61000000,135.61000000,32.99329000,1546078199999,4508.96959730,12,2.02640000,276.46288990,0
1546078200000,135.63000000,135.94000000,135.63000000,135.70000000,9.82843000,1546078499999,1333.49526840,5,0.40562000,55.13998280,0
1546078500000,135.59000000,135.64000000,133.03000000,133.03000000,178.90119000,1546078799999,24042.28402490,84,27.26011000,3673.14294200,0
1546078800000,133.64000000,134.14000000,133.50000000,134.10000000,15.94348000,1546079099999,2131.29600640,24,15.94348000,2131.29600640,0
1546079100000,133.91000000,133.91000000,132.01000000,133.32000000,73.56443000,1546079399999,9795.77294930,27,34.44098000,4598.80070080,0
1546079400000,132.61000000,133.04000000,129.13000000,133.04000000,353.00403000,1546079699999,45975.05135100,50,196.51766000,25558.72046580,0
1546079700000,133.06000000,133.28000000,133.06000000,133.28000000,0.81386000,1546079999999,108.42934950,3,0.02003000,2.66737860,0
1546080000000,133.28000000,133.28000000,133.20000000,133.20000000,131.19482000,1546080299999,17476.11002360,18,0.00000000,0.00000000,0
1546080300000,133.10000000,133.86000000,133.10000000,133.47000000,104.99672000,1546080599999,13976.32245430,37,4.99672000,666.32245430,0
1546080600000,133.38000000,134.02000000,133.38000000,134.02000000,1.45924000,1546080899999,194.81554750,3,0.28687000,38.44483690,0
1546080900000,134.02000000,134.11000000,134.02000000,134.11000000,5.03430000,1546081199999,675.13402770,2,5.03430000,675.13402770,0
1546081200000,133.73000000,134.14000000,133.70000000,134.14000000,29.97413000,1546081499999,4007.77083660,14,0.00024000,0.03219360,0
1546081500000,134.78000000,134.93000000,134.77000000,134.92000000,5.13137000,1546081799999,691.57600690,4,5.13137000,691.57600690,0
1546081800000,134.92000000,134.92000000,134.92000000,134.92000000,0.00000000,1546082099999,0.00000000,0,0.00000000,0.00000000,0
1546082100000,134.94000000,134.94000000,134.74000000,134.75000000,5.92753000,1546082399999,798.71364830,4,2.52913000,340.77924830,0
1546082400000,134.75000000,134.75000000,134.75000000,134.75000000,0.00003000,1546082699999,0.00404250,1,0.00000000,0.00000000,0
1546082700000,134.75000000,134.75000000,134.75000000,134.75000000,0.00000000,1546082999999,0.00000000,0,0.00000000,0.00000000,0
1546083000000,133.93000000,134.75000000,133.83000000,134.75000000,18.16200000,1546083299999,2434.35458400,10,3.16200000,426.07950000,0
1546083300000,134.68000000,134.68000000,134.68000000,134.68000000,0.00980000,1546083599999,1.31986400,1,0.00980000,1.31986400,0
1546083600000,134.70000000,135.37000000,134.70000000,135.37000000,2.59926000,1546083899999,351.85293110,4,2.59926000,351.85293110,0
1546083900000,135.37000000,135.37000000,135.37000000,135.37000000,0.00000000,1546084199999,0.00000000,0,0.00000000,0.00000000,0
1546084200000,134.86000000,134.86000000,134.50000000,134.50000000,101.58033000,1546084499999,13662.95053450,14,0.00970000,1.30814200,0
1546084500000,134.41000000,134.41000000,134.40000000,134.40000000,4.18493000,1546084799999,562.45825130,5,0.00000000,0.00000000,0
1546084800000,134.40000000,134.65000000,134.20000000,134.65000000,215.46057000,1546085099999,28944.12919720,41,0.28600000,38.46570320,0
1546085100000,134.20000000,134.20000000,133.80000000,133.80000000,481.00643000,1546085399999,64451.06290600,96,0.00000000,0.00000000,0
1546085400000,133.91000000,133.91000000,133.90000000,133.90000000,43.43509000,1546085699999,5815.96627100,10,0.77200000,103.37852000,0
1546085700000,133.90000000,133.90000000,133.30000000,133.30000000,385.75185000,1546085999999,51573.97281900,62,1.39908000,186.72722600,0
1546086000000,133.89000000,133.99000000,133.89000000,133.90000000,192.78664000,1546086299999,25814.12750880,37,1.59786000,213.94986680,0
1546086300000,133.90000000,135.15000000,133.90000000,135.12000000,9.71500000,1546086599999,1301.01396770,5,1.53199000,205.30892870,0
1546086600000,135.17000000,135.34000000,134.86000000,134.95000000,40.39480000,1546086899999,5452.95486100,6,40.39480000,5452.95486100,0
1546086900000,134.89000000,134.89000000,134.61000000,134.89000000,2.53656000,1546087199999,341.45179320,3,0.01947000,2.62630830,0
1546087200000,135.02000000,135.57000000,135.02000000,135.57000000,150.65993000,1546087499999,20424.78799350,37,9.07273000,1229.81128950,0
1546087500000,135.18000000,135.18000000,135.18000000,135.18000000,0.08669000,1546087799999,11.71875420,2,0.00969000,1.30989420,0
1546087800000,135.18000000,135.18000000,135.18000000,135.18000000,0.00050000,1546088099999,0.06759000,1,0.00000000,0.00000000,0
1546088100000,135.18000000,135.18000000,135.18000000,135.18000000,0.00000000,1546088399999,0.00000000,0,0.00000000,0.00000000,0
1546088400000,135.18000000,135.29000000,135.18000000,135.29000000,8.30972000,1546088699999,1123.59807680,4,8.30972000,1123.59807680,0
1546088700000,135.28000000,135.47000000,135.21000000,135.21000000,37.06070000,1546088999999,5013.53433470,7,37.06070000,5013.53433470,0
1546089000000,135.30000000,135.30000000,135.30000000,135.30000000,0.07882000,1546089299999,10.66434600,1,0.07882000,10.66434600,0
1546089300000,135.30000000,135.30000000,135.29000000,135.29000000,12.28362000,1546089599999,1661.92342910,12,12.28362000,1661.92342910,0
1546089600000,135.04000000,135.27000000,135.04000000,135.27000000,2.68675000,1546089899999,363.35625300,2,2.33710000,316.13951700,0
1546089900000,134.92000000,134.92000000,134.90000000,134.90000000,59.62150000,1546090199999,8043.04231240,32,0.00000000,0.00000000,0
1546090200000,134.90000000,135.47000000,134.90000000,135.47000000,4.31530000,1546090499999,582.13952180,5,0.00974000,1.31947780,0
1546090500000,135.02000000,135.70000000,135.02000000,135.70000000,1.25194000,1546090799999,169.62276080,5,0.37263000,50.49136500,0
1546090800000,135.83000000,136.66000000,135.83000000,136.66000000,5.52293000,1546091099999,750.99624780,6,5.52293000,750.99624780,0
1546091100000,136.40000000,137.23000000,136.40000000,136.84000000,21.08124000,1546091399999,2883.31646090,12,9.43794000,1290.92728220,0
1546091400000,136.69000000,136.95000000,136.50000000,136.50000000,68.45827000,1546091699999,9345.25749330,22,4.98397000,680.88080030,0
1546091700000,136.40000000,136.40000000,136.40000000,136.40000000,0.23827000,1546091999999,32.50002800,1,0.00000000,0.00000000,0
1546092000000,136.61000000,137.50000000,136.40000000,137.50000000,12.03020000,1546092299999,1645.82734180,9,2.81131000,384.21549980,0
1546092300000,137.50000000,137.50000000,137.50000000,137.50000000,0.00000000,1546092599999,0.00000000,0,0.00000000,0.00000000,0
1546092600000,136.72000000,136.72000000,136.30000000,136.44000000,64.14562000,1546092899999,8747.83682640,27,0.65601000,89.48731340,0
1546092900000,136.44000000,136.44000000,136.44000000,136.44000000,0.00000000,1546093199999,0.00000000,0,0.00000000,0.00000000,0
1546093200000,136.30000000,136.55000000,135.72000000,135.97000000,112.66819000,1546093499999,15303.59436560,13,99.00110000,13440.76999860,0
1546093500000,136.02000000,136.02000000,135.25000000,135.63000000,31.17523000,1546093799999,4236.34897280,4,29.17413000,3965.70019780,0
1546093800000,135.62000000,136.34000000,135.62000000,136.34000000,35.80163000,1546094099999,4864.53725820,10,33.48512000,4549.74671430,0
1546094100000,136.61000000,136.61000000,136.61000000,136.61000000,0.00967000,1546094399999,1.32101870,1,0.00967000,1.32101870,0
1546094400000,136.58000000,136.61000000,136.58000000,136.58000000,7.16418000,1546094699999,978.48639180,3,0.09920000,13.55142340,0
1546094700000,136.54000000,136.92000000,136.54000000,136.85000000,2.43455000,1546094999999,332.71338450,7,0.01148000,1.57126500,0
1546095000000,136.85000000,136.85000000,136.85000000,136.85000000,0.00000000,1546095299999,0.00000000,0,0.00000000,0.00000000,0
1546095300000,136.21000000,136.21000000,136.21000000,136.21000000,0.85894000,1546095599999,116.99621740,1,0.00000000,0.00000000,0
1546095600000,136.10000000,136.10000000,135.66000000,136.00000000,6.76681000,1546095899999,920.00520060,6,0.00000000,0.00000000,0
1546095900000,136.45000000,137.58000000,136.34000000,136.34000000,4.12820000,1546096199999,563.29410600,4,4.04002000,551.27164480,0
1546096200000,136.61000000,138.49000000,136.61000000,137.47000000,95.05255000,1546096499999,13043.83344630,18,89.60861000,12296.59824190,0
1546096500000,137.10000000,137.79000000,137.00000000,137.79000000,1.59941000,1546096799999,219.27713030,4,0.09541000,13.07873030,0
1546096800000,137.41000000,138.41000000,137.09000000,137.39000000,1845.11249000,1546097099999,254598.67853410,229,72.49666000,9987.68825950,0
1546097100000,137.18000000,138.00000000,137.11000000,137.12000000,451.11341000,1546097399999,62219.13454720,55,59.27066000,8159.08481060,0
1546097400000,137.00000000,137.00000000,137.00000000,137.00000000,21.00000000,1546097699999,2877.00000000,4,0.00000000,0.00000000,0
1546097700000,136.83000000,137.35000000,136.83000000,137.35000000,1.03528000,1546097999999,141.92035760,3,1.03528000,141.92035760,0
1546098000000,137.35000000,137.35000000,137.35000000,137.35000000,0.00000000,1546098299999,0.00000000,0,0.00000000,0.00000000,0
1546098300000,137.14000000,137.14000000,137.14000000,137.14000000,3.71035000,1546098599999,508.83739900,2,3.71035000,508.83739900,0
1546098600000,137.64000000,139.27000000,137.64000000,138.27000000,17.01585000,1546098899999,2356.99419590,8,4.27985000,595.60114590,0
1546098900000,138.17000000,138.17000000,138.05000000,138.05000000,22.08831000,1546099199999,3050.77681030,8,0.00944000,1.30319200,0
1546099200000,137.82000000,137.82000000,134.00000000,134.00000000,227.67123000,1546099499999,30779.55123750,78,140.84221000,19111.37651830,0
1546099500000,132.89000000,134.29000000,132.08000000,133.90000000,34.25326000,1546099799999,4578.01277670,19,33.37796000,4460.90826970,0
1546099800000,133.90000000,134.62000000,133.90000000,134.17000000,7.24987000,1546100099999,973.06526800,9,0.27010000,36.17610730,0
1546100100000,133.95000000,133.95000000,133.82000000,133.82000000,10.58848000,1546100399999,1417.45101190,4,5.22426000,699.13962700,0
1546100400000,134.23000000,136.14000000,134.16000000,136.02000000,5.44112000,1546100699999,731.52559410,8,4.74564000,637.79569730,0
1546100700000,135.50000000,135.50000000,135.12000000,135.50000000,8.26948000,1546100999999,1119.99943100,9,2.18422000,295.44670100,0
1546101000000,136.17000000,136.17000000,135.27000000,136.01000000,5.06815000,1546101299999,688.80609960,10,4.56535000,620.70067960,0
1546101300000,135.54000000,135.54000000,134.48000000,134.48000000,10.07163000,1546101599999,1355.84581880,6,0.33491000,45.14653170,0
1546101600000,134.77000000,135.12000000,134.77000000,134.81000000,1.74763000,1546101899999,235.54349680,4,0.01943000,2.62235600,0
1546101900000,134.75000000,134.91000000,134.07000000,134.39000000,12.33163000,1546102199999,1655.52019440,11,2.04254000,275.28666870,0
1546102200000,134.34000000,134.36000000,134.34000000,134.36000000,4.14692000,1546102499999,557.09742860,2,0.00979000,1.31538440,0
1546102500000,134.33000000,134.86000000,134.10000000,134.86000000,23.20188000,1546102799999,3114.94700650,13,3.65706000,491.78133270,0
1546102800000,134.86000000,134.88000000,133.79000000,134.00000000,32.58813000,1546103099999,4389.59548680,14,29.95403000,4035.51322880,0
1546103100000,134.02000000,134.15000000,134.02000000,134.10000000,9.89947000,1546103399999,1327.94734460,6,0.00978000,1.31071560,0
1546103400000,134.31000000,134.60000000,134.31000000,134.60000000,0.01958000,1546103699999,2.63262890,2,0.01958000,2.63262890,0
1546103700000,134.28000000,134.28000000,133.94000000,134.18000000,48.42146000,1546103999999,6488.58201670,7,0.00977000,1.31191560,0
1546104000000,134.45000000,134.45000000,133.90000000,133.90000000,0.31773000,1546104299999,42.57066820,4,0.31773000,42.57066820,0
1546104300000,133.88000000,133.90000000,132.82000000,132.82000000,39.62387000,1546104599999,5269.94885670,7,3.14942000,421.70469190,0
1546104600000,133.84000000,134.57000000,133.68000000,134.11000000,14.35782000,1546104899999,1920.51169760,5,7.17775000,960.67994000,0
1546104900000,134.41000000,134.91000000,134.34000000,134.34000000,131.48601000,1546105199999,17678.03843040,10,131.48601000,17678.03843040,0
1546105200000,134.01000000,134.45000000,134.00000000,134.05000000,17.95318000,1546105499999,2406.36319850,11,13.86139000,1857.85874900,0
1546105500000,134.21000000,134.53000000,134.00000000,134.30000000,11.80146000,1546105799999,1583.99711770,9,3.24718000,435.92719890,0
1546105800000,134.38000000,134.38000000,134.38000000,134.38000000,2.03296000,1546106099999,273.18916480,1,0.00000000,0.00000000,0
1546106100000,134.38000000,134.85000000,134.23000000,134.30000000,31.23090000,1546106399999,4199.04461420,16,23.25158000,3125.02814220,0
1546106400000,134.48000000,134.48000000,133.86000000,134.09000000,24.92597000,1546106699999,3344.66420470,18,12.10177000,1623.01535470,0
1546106700000,134.20000000,134.20000000,133.78000000,134.10000000,10.64142000,1546106999999,1425.02702610,6,3.29233000,441.77236600,0
1546107000000,134.21000000,134.76000000,134.21000000,134.76000000,5.66010000,1546107299999,759.93451130,15,5.66010000,759.93451130,0
1546107300000,134.76000000,134.76000000,134.76000000,134.76000000,0.00000000,1546107599999,0.00000000,0,0.00000000,0.00000000,0
1546107600000,134.39000000,134.61000000,134.38000000,134.38000000,22.70428000,1546107899999,3055.15181990,11,3.01359000,405.45187390,0
1546107900000,134.21000000,134.71000000,134.21000000,134.29000000,4.83413000,1546108199999,648.81031230,4,0.17577000,23.61181670,0
1546108200000,134.74000000,134.74000000,134.38000000,134.38000000,0.36783000,1546108499999,49.43583440,3,0.36783000,49.43583440,0
1546108500000,134.34000000,134.36000000,134.34000000,134.36000000,11.97881000,1546108799999,1609.47271600,13,2.00978000,270.03384520,0
1546108800000,134.42000000,134.42000000,133.80000000,133.81000000,13.34024000,1546109099999,1785.02260590,6,0.00978000,1.31462760,0
1546109100000,134.74000000,134.74000000,133.41000000,133.41000000,3.99697000,1546109399999,533.29735470,7,0.20560000,27.49068300,0
1546109400000,134.74000000,134.74000000,133.74000000,134.51000000,2.96988000,1546109699999,397.57710910,5,0.13970000,18.70091250,0
1546109700000,134.29000000,134.65000000,134.06000000,134.65000000,4.02944000,1546109999999,541.11397110,4,4.02944000,541.11397110,0
1546110000000,134.59000000,134.59000000,133.55000000,134.03000000,0.19371000,1546110299999,25.89011730,4,0.19371000,25.89011730,0
1546110300000,133.41000000,133.41000000,133.41000000,133.41000000,4.68254000,1546110599999,624.69766140,3,4.62041000,616.40889810,0
1546110600000,133.66000000,133.66000000,133.21000000,133.21000000,2.10853000,1546110899999,280.88580020,5,2.01845000,268.88534260,0
1546110900000,133.30000000,133.84000000,133.15000000,133.33000000,78.27551000,1546111199999,10424.48969090,27,63.00768000,8390.40297300,0
1546111200000,133.38000000,133.44000000,133.15000000,133.18000000,0.79289000,1546111499999,105.71685800,9,0.79289000,105.71685800,0
1546111500000,133.01000000,133.82000000,133.01000000,133.82000000,6.02389000,1546111799999,803.73279340,10,5.63786000,752.31771240,0
1546111800000,134.03000000,134.03000000,134.03000000,134.03000000,0.59718000,1546112099999,80.04003540,1,0.59718000,80.04003540,0
1546112100000,134.16000000,134.22000000,134.16000000,134.22000000,18.94109000,1546112399999,2541.70113920,6,18.94109000,2541.70113920,0
1546112400000,134.83000000,134.83000000,134.83000000,134.83000000,0.00979000,1546112699999,1.31998570,1,0.00979000,1.31998570,0
1546112700000,134.77000000,134.77000000,134.39000000,134.75000000,3.83722000,1546112999999,517.10022520,4,3.72795000,502.41542990,0
1546113000000,134.71000000,134.82000000,134.71000000,134.82000000,4.17099000,1546113299999,562.07149900,8,4.17099000,562.07149900,0
1546113300000,134.68000000,134.83000000,134.64000000,134.70000000,3.30111000,1546113599999,444.69777720,15,0.84443000,113.76692760,0
1546113600000,134.61000000,134.61000000,134.61000000,134.61000000,0.00975000,1546113899999,1.31244750,1,0.00975000,1.31244750,0
1546113900000,134.87000000,136.01000000,134.87000000,136.01000000,7.85644000,1546114199999,1061.68546740,12,7.85644000,1061.68546740,0
1546114200000,136.44000000,137.26000000,135.53000000,137.26000000,17.34945000,1546114499999,2368.40626370,26,12.74013000,1741.86013370,0
1546114500000,136.46000000,136.93000000,136.12000000,136.54000000,13.34611000,1546114799999,1820.32880880,16,2.43231000,331.83615800,0
1546114800000,136.62000000,136.65000000,136.06000000,136.33000000,0.42007000,1546115099999,57.24659850,8,0.42007000,57.24659850,0
1546115100000,136.33000000,137.03000000,136.33000000,136.45000000,2.00205000,1546115399999,273.65308470,7,0.36763000,50.16249390,0
1546115400000,136.57000000,136.88000000,136.36000000,136.52000000,9.38125000,1546115699999,1281.58746020,6,9.38125000,1281.58746020,0
1546115700000,136.39000000,136.54000000,136.19000000,136.22000000,31.06045000,1546115999999,4234.47376690,8,3.46800000,473.38200000,0
1546116000000,136.88000000,136.90000000,136.88000000,136.90000000,2.88653000,1546116299999,395.11322640,4,2.81272000,385.01011360,0
1546116300000,136.99000000,137.94000000,136.99000000,137.56000000,37.45423000,1546116599999,5140.39085670,19,18.98352000,2602.21113370,0
1546116600000,137.34000000,137.36000000,136.89000000,137.03000000,2.03879000,1546116899999,279.10116330,6,0.03828000,5.25134940,0
1546116900000,136.88000000,137.04000000,136.12000000,136.57000000,8.24939000,1546117199999,1126.61196100,15,5.84257000,798.43709610,0
1546117200000,137.11000000,137.24000000,137.11000000,137.24000000,1.81824000,1546117499999,249.53381460,3,1.81824000,249.53381460,0
1546117500000,137.27000000,137.27000000,137.00000000,137.00000000,2.87107000,1546117799999,394.00430000,2,2.47300000,339.46871000,0
1546117800000,137.40000000,139.00000000,137.40000000,139.00000000,66.37013000,1546118099999,9179.69643190,27,49.09258000,6793.27971690,0
1546118100000,139.30000000,143.44000000,139.30000000,142.10000000,201.66798000,1546118399999,28610.93876710,71,85.31531000,12060.28998030,0
1546118400000,141.67000000,143.53000000,141.47000000,143.43000000,66.74608000,1546118699999,9530.29810320,34,50.19862000,7181.61390580,0
1546118700000,143.31000000,144.26000000,142.67000000,142.90000000,48.50226000,1546118999999,6950.27121350,32,23.21062000,3330.06315530,0
1546119000000,144.08000000,144.08000000,142.70000000,142.70000000,41.47652000,1546119299999,5947.52262600,21,0.88790000,127.86500840,0
1546119300000,143.06000000,143.06000000,141.21000000,142.14000000,20.11787000,1546119599999,2858.92005650,16,7.33554000,1044.65662530,0
1546119600000,142.30000000,144.75000000,142.30000000,144.71000000,31.93984000,1546119899999,4581.94272830,21,22.66169000,3257.34741450,0
1546119900000,144.77000000,145.00000000,143.37000000,144.07000000,220.58350000,1546120199999,31908.75112000,50,29.57138000,4281.24903350,0
1546120200000,144.16000000,144.16000000,143.28000000,143.28000000,24.28306000,1546120499999,3483.75169800,6,6.28306000,904.71169800,0
1546120500000,143.57000000,143.57000000,143.47000000,143.48000000,26.48046000,1546120799999,3800.08630320,12,26.48046000,3800.08630320,0
1546120800000,143.50000000,145.00000000,143.50000000,144.18000000,249.63433000,1546121099999,36141.41967220,67,229.26307000,33204.03140540,0
1546121100000,144.18000000,144.18000000,142.96000000,142.96000000,31.42458000,1546121399999,4500.52225420,21,9.45015000,1356.09688980,0
1546121400000,143.42000000,143.97000000,143.42000000,143.58000000,8.39979000,1546121699999,1205.99023510,6,1.40614000,201.89687160,0
1546121700000,144.68000000,144.68000000,144.10000000,144.10000000,25.61588000,1546121999999,3698.31667590,9,23.48609000,3391.41393690,0
1546122000000,144.61000000,144.94000000,144.61000000,144.94000000,10.40088000,1546122299999,1507.13469880,6,10.00053000,1449.10796980,0
1546122300000,144.51000000,144.51000000,143.71000000,144.43000000,23.42033000,1546122599999,3372.54324870,7,11.92784000,1720.87751080,0
1546122600000,143.58000000,143.84000000,143.31000000,143.72000000,33.44302000,1546122899999,4799.94022010,8,14.14499000,2030.55223040,0
1546122900000,143.70000000,144.40000000,143.36000000,144.40000000,83.12425000,1546123199999,11946.57120180,19,68.12370000,9792.90347780,0
1546123200000,144.43000000,144.43000000,143.13000000,143.39000000,11.54510000,1546123499999,1659.35141960,8,7.92305000,1140.60985080,0
1546123500000,143.46000000,144.10000000,143.46000000,143.87000000,3.30221000,1546123799999,474.72060530,6,3.30221000,474.72060530,0
1546123800000,143.08000000,143.47000000,143.00000000,143.47000000,13.01968000,1546124099999,1862.73696000,5,1.05733000,151.20250460,0
1546124100000,143.41000000,144.09000000,143.23000000,143.47000000,13.89355000,1546124399999,1992.28517770,10,11.49261000,1647.82231590,0
1546124400000,143.19000000,144.37000000,142.86000000,144.37000000,1042.06957000,1546124699999,149761.16745390,151,1011.87135000,145446.20974470,0
1546124700000,144.08000000,144.08000000,143.44000000,143.56000000,17.66883000,1546124999999,2536.17624450,11,7.48038000,1074.49336870,0
1546125000000,143.44000000,143.74000000,143.44000000,143.74000000,0.19042000,1546125299999,27.31658980,3,0.00915000,1.31522100,0
1546125300000,143.83000000,144.51000000,143.83000000,144.51000000,19.34016000,1546125599999,2792.74576400,8,19.14016000,2763.97976400,0
1546125600000,144.45000000,144.97000000,144.45000000,144.76000000,9.76349000,1546125899999,1412.04657080,11,3.46852000,501.98275790,0
1546125900000,144.50000000,144.50000000,144.00000000,144.00000000,13.61634000,1546126199999,1963.21113000,3,8.70000000,1252.80000000,0
1546126200000,144.87000000,145.50000000,144.87000000,145.00000000,208.59370000,1546126499999,30253.08422890,68,193.19370000,28012.58422890,0
1546126500000,144.91000000,145.39000000,144.91000000,145.39000000,1.34540000,1546126799999,194.96628680,3,0.00911000,1.32450290,0
1546126800000,145.52000000,146.99000000,140.10000000,140.10000000,341.92307000,1546127099999,48988.53059400,85,47.29671000,6717.47106880,0
1546127100000,140.10000000,140.10000000,132.80000000,135.99000000,372.05281000,1546127399999,50687.60724070,137,123.36744000,16757.96927770,0
1546127400000,137.14000000,137.14000000,132.80000000,135.47000000,54.27893000,1546127699999,7290.05535890,37,23.40321000,3180.00384080,0
1546127700000,135.56000000,136.16000000,134.00000000,135.17000000,149.76533000,1546127999999,20218.60022790,47,69.55997000,9442.47357460,0
1546128000000,134.02000000,137.05000000,134.02000000,135.36000000,35.56210000,1546128299999,4798.16688180,30,18.73746000,2532.07450210,0
1546128300000,135.39000000,136.12000000,134.12000000,134.88000000,31.41397000,1546128599999,4246.07574620,24,4.17701000,567.23487570,0
1546128600000,134.07000000,134.75000000,127.90000000,131.49000000,284.19756000,1546128899999,37128.79216610,75,155.91385000,20323.99793820,0
1546128900000,131.01000000,131.75000000,126.40000000,131.75000000,386.55869000,1546129199999,50083.15049600,111,177.59332000,23199.39594960,0
1546129200000,131.87000000,132.61000000,131.05000000,131.76000000,31.72127000,1546129499999,4175.44211750,38,16.45144000,2167.92610110,0
1546129500000,132.00000000,132.00000000,131.49000000,131.95000000,20.66660000,1546129799999,2723.65687590,9,11.48016000,1515.38062150,0
1546129800000,131.42000000,133.78000000,131.40000000,133.78000000,46.91049000,1546130099999,6189.99101870,19,44.70208000,5899.80287550,0
1546130100000,133.70000000,134.60000000,132.72000000,133.11000000,10.12714000,1546130399999,1351.79152730,18,8.42001000,1124.16296180,0
1546130400000,132.84000000,132.94000000,132.00000000,132.54000000,1.54592000,1546130699999,204.67104370,11,0.54744000,72.68892960,0
1546130700000,132.83000000,133.04000000,132.75000000,132.75000000,3.37401000,1546130999999,448.00886300,5,0.25224000,33.50024240,0
1546131000000,132.26000000,132.56000000,132.25000000,132.56000000,4.33166000,1546131299999,572.87511330,4,0.00993000,1.31632080,0
1546131300000,132.41000000,132.46000000,132.31000000,132.31000000,72.04335000,1546131599999,9532.47208600,23,72.04335000,9532.47208600,0
1546131600000,132.30000000,132.31000000,131.98000000,132.01000000,12.21114000,1546131899999,1613.17596380,12,1.96083000,258.85278240,0
1546131900000,132.01000000,132.82000000,132.01000000,132.82000000,2.17217000,1546132199999,287.90493190,6,2.17217000,287.90493190,0
1546132200000,132.78000000,132.83000000,132.78000000,132.83000000,20.83885000,1546132499999,2767.72929400,7,20.83885000,2767.72929400,0
1546132500000,132.83000000,133.11000000,132.83000000,133.11000000,47.64519000,1546132799999,6337.20776000,8,39.43431000,5244.25752320,0
1546132800000,133.46000000,133.51000000,132.86000000,132.86000000,2.75803000,1546133099999,366.45034740,4,0.02965000,3.95778060,0
1546133100000,133.26000000,133.26000000,133.10000000,133.11000000,6.56231000,1546133399999,873.49796180,4,6.56231000,873.49796180,0
1546133400000,133.22000000,133.48000000,132.82000000,132.82000000,63.89368000,1546133699999,8514.60834490,6,44.13368000,5890.08514490,0
1546133700000,132.82000000,132.82000000,132.82000000,132.82000000,0.00000000,1546133999999,0.00000000,0,0.00000000,0.00000000,0
1546134000000,134.00000000,134.00000000,133.73000000,133.73000000,0.01972000,1546134299999,2.63981780,2,0.01972000,2.63981780,0
1546134300000,133.97000000,133.97000000,133.59000000,133.59000000,1.06653000,1546134599999,142.48235340,4,1.06653000,142.48235340,0
1546134600000,133.26000000,133.26000000,132.18000000,132.87000000,0.25232000,1546134899999,33.38886360,8,0.25232000,33.38886360,0
1546134900000,132.52000000,133.16000000,131.80000000,132.66000000,6.52971000,1546135199999,860.67541640,5,0.02971000,3.94491460,0
1546135200000,132.51000000,132.55000000,132.51000000,132.55000000,0.58626000,1546135499999,77.70836420,2,0.58626000,77.70836420,0
1546135500000,132.80000000,133.79000000,132.75000000,133.55000000,93.15620000,1546135799999,12420.68949360,17,68.92692000,9203.52027360,0
1546135800000,133.55000000,133.55000000,132.80000000,132.80000000,11.46872000,1546136099999,1526.70101230,4,2.32089000,308.72478780,0
1546136100000,133.40000000,133.40000000,132.85000000,132.85000000,37.27436000,1546136399999,4960.32352190,23,0.00000000,0.00000000,0
1546136400000,132.86000000,132.86000000,132.43000000,132.43000000,18.09188000,1546136699999,2400.38307260,7,0.00000000,0.00000000,0
1546136700000,132.68000000,132.95000000,132.67000000,132.74000000,2.59292000,1546136999999,344.04415710,8,2.59292000,344.04415710,0
1546137000000,132.84000000,133.25000000,132.74000000,133.25000000,1.66603000,1546137299999,221.82303430,6,1.66603000,221.82303430,0
1546137300000,133.25000000,134.05000000,133.25000000,134.05000000,13.50188000,1546137599999,1799.20951000,16,13.50188000,1799.20951000,0
1546137600000,133.55000000,133.55000000,133.55000000,133.55000000,2.66122000,1546137899999,355.40593100,1,2.66122000,355.40593100,0
1546137900000,133.55000000,133.55000000,133.55000000,133.55000000,0.00000000,1546138199999,0.00000000,0,0.00000000,0.00000000,0
1546138200000,133.55000000,133.55000000,133.55000000,133.55000000,0.00000000,1546138499999,0.00000000,0,0.00000000,0.00000000,0
1546138500000,133.47000000,133.47000000,133.47000000,133.47000000,0.00984000,1546138799999,1.31334480,1,0.00984000,1.31334480,0
1546138800000,133.47000000,133.47000000,133.47000000,133.47000000,0.00000000,1546139099999,0.00000000,0,0.00000000,0.00000000,0
1546139100000,133.47000000,133.47000000,133.47000000,133.47000000,0.00000000,1546139399999,0.00000000,0,0.00000000,0.00000000,0
1546139400000,133.47000000,133.47000000,133.20000000,133.20000000,0.95900000,1546139699999,127.86017310,4,0.00000000,0.00000000,0
1546139700000,133.20000000,133.20000000,133.20000000,133.20000000,0.00000000,1546139999999,0.00000000,0,0.00000000,0.00000000,0
1546140000000,133.03000000,133.96000000,133.03000000,133.96000000,136.00000000,1546140299999,18146.90540450,6,136.00000000,18146.90540450,0
1546140300000,132.46000000,132.46000000,132.46000000,132.46000000,0.19969000,1546140599999,26.45093740,1,0.00000000,0.00000000,0
1546140600000,133.29000000,133.29000000,133.29000000,133.29000000,0.00992000,1546140899999,1.32223680,1,0.00992000,1.32223680,0
1546140900000,132.64000000,132.70000000,132.64000000,132.66000000,6.50537000,1546141199999,862.88102040,5,0.20506000,27.20790200,0
1546141200000,132.46000000,132.46000000,132.46000000,132.46000000,14.54236000,1546141499999,1926.28100560,3,0.00000000,0.00000000,0
1546141500000,132.46000000,132.46000000,132.46000000,132.46000000,1.06258000,1546141799999,140.74934680,2,1.06258000,140.74934680,0
1546141800000,132.46000000,132.46000000,132.46000000,132.46000000,0.00000000,1546142099999,0.00000000,0,0.00000000,0.00000000,0
1546142100000,133.10000000,133.10000000,132.60000000,132.60000000,2.00000000,1546142399999,265.70000000,2,0.00000000,0.00000000,0
1546142400000,132.60000000,132.60000000,132.46000000,132.46000000,11.98455000,1546142699999,1587.48601040,9,0.00000000,0.00000000,0
1546142700000,132.46000000,132.46000000,132.46000000,132.46000000,0.00000000,1546142999999,0.00000000,0,0.00000000,0.00000000,0
1546143000000,133.18000000,133.18000000,133.18000000,133.18000000,0.08798000,1546143299999,11.71717640,1,0.08798000,11.71717640,0
1546143300000,133.43000000,133.74000000,133.43000000,133.74000000,18.07427000,1546143599999,2414.27156880,3,18.07427000,2414.27156880,0
1546143600000,133.10000000,133.10000000,133.10000000,133.10000000,3.52300000,1546143899999,468.91130000,1,0.00000000,0.00000000,0
1546143900000,133.10000000,133.10000000,133.09000000,133.09000000,0.57597000,1546144199999,76.65585430,3,0.00000000,0.00000000,0
1546144200000,133.09000000,133.09000000,133.09000000,133.09000000,0.00000000,1546144499999,0.00000000,0,0.00000000,0.00000000,0
1546144500000,133.56000000,133.98000000,133.56000000,133.98000000,0.47207000,1546144799999,63.05381460,2,0.47207000,63.05381460,0
1546144800000,134.12000000,134.12000000,133.41000000,133.41000000,3.02076000,1546145099999,403.00657800,2,0.00984000,1.31974080,0
1546145100000,133.89000000,133.89000000,133.89000000,133.89000000,0.00984000,1546145399999,1.31747760,1,0.00984000,1.31747760,0
1546145400000,134.13000000,134.84000000,133.75000000,133.75000000,73.53658000,1546145699999,9859.00691900,21,59.15760000,7935.81834400,0
1546145700000,133.75000000,133.75000000,133.75000000,133.75000000,0.00000000,1546145999999,0.00000000,0,0.00000000,0.00000000,0
1546146000000,134.07000000,134.54000000,134.07000000,134.54000000,3.09671000,1546146299999,415.18051570,2,0.00980000,1.31849200,0
1546146300000,134.40000000,134.40000000,133.66000000,133.66000000,13.09304000,1546146599999,1750.54666910,5,0.00000000,0.00000000,0
1546146600000,134.02000000,134.02000000,134.02000000,134.02000000,0.00983000,1546146899999,1.31741660,1,0.00983000,1.31741660,0
1546146900000,134.08000000,134.08000000,134.08000000,134.08000000,0.00983000,1546147199999,1.31800640,1,0.00983000,1.31800640,0
1546147200000,133.90000000,134.12000000,133.39000000,133.39000000,9.40193000,1546147499999,1258.30550480,3,8.19589000,1097.43182920,0
1546147500000,133.39000000,133.39000000,133.39000000,133.39000000,0.00000000,1546147799999,0.00000000,0,0.00000000,0.00000000,0
1546147800000,133.86000000,134.00000000,133.86000000,134.00000000,0.01964000,1546148099999,2.63038520,2,0.01964000,2.63038520,0
1546148100000,134.00000000,134.15000000,134.00000000,134.15000000,16.78982000,1546148399999,2252.09784970,3,16.58379000,2224.48982970,0
1546148400000,134.15000000,134.15000000,134.15000000,134.15000000,44.93742000,1546148699999,6028.35489300,6,44.93742000,6028.35489300,0
1546148700000,134.38000000,134.43000000,134.38000000,134.43000000,0.01958000,1546148999999,2.63164990,2,0.01958000,2.63164990,0
1546149000000,134.43000000,134.81000000,134.43000000,134.54000000,7.44981000,1546149299999,1001.48274560,3,7.44981000,1001.48274560,0
1546149300000,134.00000000,134.00000000,134.00000000,134.00000000,20.00000000,1546149599999,2680.00000000,7,0.00000000,0.00000000,0
1546149600000,134.35000000,134.35000000,134.28000000,134.28000000,0.50980000,1546149899999,68.49094400,2,0.50980000,68.49094400,0
1546149900000,134.33000000,134.33000000,134.33000000,134.33000000,0.00980000,1546150199999,1.31643400,1,0.00980000,1.31643400,0
1546150200000,134.33000000,134.33000000,134.33000000,134.33000000,0.00000000,1546150499999,0.00000000,0,0.00000000,0.00000000,0
1546150500000,134.33000000,134.33000000,134.33000000,134.33000000,0.00000000,1546150799999,0.00000000,0,0.00000000,0.00000000,0
1546150800000,134.33000000,134.33000000,134.33000000,134.33000000,0.00000000,1546151099999,0.00000000,0,0.00000000,0.00000000,0
1546151100000,134.35000000,134.35000000,134.35000000,134.35000000,0.00978000,1546151399999,1.31394300,1,0.00978000,1.31394300,0
1546151400000,134.49000000,134.49000000,134.07000000,134.07000000,0.74874000,1546151699999,100.38767940,2,0.00978000,1.31531220,0
1546151700000,134.46000000,134.93000000,134.45000000,134.93000000,55.98187000,1546151999999,7550.16719660,17,55.98187000,7550.16719660,0
1546152000000,134.95000000,134.95000000,134.63000000,134.63000000,0.79117000,1546152299999,106.51834350,2,0.79117000,106.51834350,0
1546152300000,134.63000000,134.63000000,134.63000000,134.63000000,0.00000000,1546152599999,0.00000000,0,0.00000000,0.00000000,0
1546152600000,134.62000000,134.62000000,134.62000000,134.62000000,1.00000000,1546152899999,134.62000000,1,1.00000000,134.62000000,0
1546152900000,134.55000000,134.55000000,134.55000000,134.55000000,1.10756000,1546153199999,149.02219800,1,1.10756000,149.02219800,0
1546153200000,133.88000000,134.11000000,133.88000000,134.03000000,40.73125000,1546153499999,5453.59138300,15,3.27430000,438.85491700,0
1546153500000,134.03000000,134.03000000,134.03000000,134.03000000,0.00000000,1546153799999,0.00000000,0,0.00000000,0.00000000,0
1546153800000,134.35000000,134.35000000,134.12000000,134.12000000,0.01959000,1546154099999,2.62966710,2,0.01959000,2.62966710,0
1546154100000,134.12000000,134.12000000,134.12000000,134.12000000,0.00000000,1546154399999,0.00000000,0,0.00000000,0.00000000,0
1546154400000,133.54000000,134.00000000,133.54000000,134.00000000,1.65761000,1546154699999,221.36174280,2,0.00979000,1.31186000,0
1546154700000,134.00000000,134.00000000,134.00000000,134.00000000,7.42042000,1546154999999,994.33628000,3,7.42042000,994.33628000,0
1546155000000,133.91000000,134.12000000,133.62000000,133.92000000,1.08833000,1546155299999,145.45648450,5,0.01961000,2.62813120,0
1546155300000,134.16000000,134.16000000,134.16000000,134.16000000,0.00980000,1546155599999,1.31476800,1,0.00980000,1.31476800,0
1546155600000,134.16000000,134.16000000,134.16000000,134.16000000,0.00000000,1546155899999,0.00000000,0,0.00000000,0.00000000,0
1546155900000,134.16000000,134.16000000,134.16000000,134.16000000,0.00000000,1546156199999,0.00000000,0,0.00000000,0.00000000,0
1546156200000,133.98000000,134.15000000,133.98000000,134.15000000,0.01966000,1546156499999,2.63571790,2,0.01966000,2.63571790,0
1546156500000,134.18000000,134.18000000,134.18000000,134.18000000,0.00980000,1546156799999,1.31496400,1,0.00980000,1.31496400,0
1546156800000,134.20000000,134.20000000,134.20000000,134.20000000,0.00980000,1546157099999,1.31516000,1,0.00980000,1.31516000,0
1546157100000,134.23000000,134.23000000,134.23000000,134.23000000,0.07902000,1546157399999,10.60685460,1,0.07902000,10.60685460,0
1546157400000,134.42000000,134.42000000,134.42000000,134.42000000,0.00979000,1546157699999,1.31597180,1,0.00979000,1.31597180,0
1546157700000,134.46000000,134.46000000,134.46000000,134.46000000,0.00979000,1546157999999,1.31636340,1,0.00979000,1.31636340,0
1546158000000,134.32000000,134.32000000,134.29000000,134.29000000,1.73914000,1546158299999,233.54940370,3,1.73914000,233.54940370,0
1546158300000,134.43000000,134.43000000,134.43000000,134.43000000,0.00978000,1546158599999,1.31472540,1,0.00978000,1.31472540,0
1546158600000,134.43000000,134.43000000,134.43000000,134.43000000,0.00000000,1546158899999,0.00000000,0,0.00000000,0.00000000,0
1546158900000,133.97000000,134.00000000,133.97000000,134.00000000,2.46267000,1546159199999,329.99748660,2,2.46267000,329.99748660,0
1546159200000,133.68000000,133.68000000,133.60000000,133.60000000,16.50364000,1546159499999,2205.29699920,9,0.00000000,0.00000000,0
1546159500000,133.60000000,133.60000000,133.55000000,133.56000000,4.35802000,1546159799999,582.02683980,3,4.35797000,582.02015980,0
1546159800000,133.45000000,133.45000000,133.31000000,133.31000000,5.22834000,1546160099999,697.15755180,2,5.22834000,697.15755180,0
1546160100000,133.33000000,137.10000000,133.33000000,136.93000000,152.83099000,1546160399999,20708.18915400,48,127.50816000,17246.68856820,0
1546160400000,136.90000000,136.90000000,135.15000000,136.03000000,53.46815000,1546160699999,7269.05284520,24,14.69285000,1997.77181920,0
1546160700000,135.75000000,136.49000000,135.75000000,136.32000000,0.82916000,1546160999999,112.79119690,5,0.63761000,86.78828440,0
1546161000000,136.22000000,136.36000000,136.22000000,136.24000000,79.38756000,1546161299999,10823.82655920,16,79.38756000,10823.82655920,0
1546161300000,136.22000000,136.36000000,136.22000000,136.36000000,42.81875000,1546161599999,5838.76201200,19,42.81875000,5838.76201200,0
1546161600000,136.09000000,138.02000000,135.99000000,138.02000000,23.26677000,1546161899999,3182.54452700,12,19.74683000,2703.51589240,0
1546161900000,138.39000000,139.25000000,137.30000000,137.77000000,51.55891000,1546162199999,7096.89112460,29,37.71538000,5193.80709260,0
1546162200000,137.42000000,138.16000000,137.42000000,137.72000000,42.47588000,1546162499999,5860.40392960,29,12.77215000,1762.14928490,0
1546162500000,137.65000000,137.72000000,137.65000000,137.72000000,9.32237000,1546162799999,1283.44932880,11,3.22521000,444.17525480,0
1546162800000,137.72000000,138.56000000,137.72000000,138.56000000,1.48098000,1546163099999,205.02561680,4,1.48098000,205.02561680,0
1546163100000,138.54000000,138.54000000,137.84000000,138.49000000,2.24934000,1546163399999,310.49293670,12,0.19668000,27.12322370,0
1546163400000,138.24000000,138.24000000,138.24000000,138.24000000,0.00952000,1546163699999,1.31604480,1,0.00952000,1.31604480,0
1546163700000,138.53000000,138.53000000,138.53000000,138.53000000,0.00952000,1546163999999,1.31880560,1,0.00952000,1.31880560,0
1546164000000,138.48000000,138.48000000,138.44000000,138.44000000,0.01898000,1546164299999,2.62797080,2,0.01898000,2.62797080,0
1546164300000,137.76000000,138.00000000,137.76000000,138.00000000,0.18453000,1546164599999,25.42313040,3,0.00949000,1.30962000,0
1546164600000,137.41000000,137.88000000,137.20000000,137.88000000,18.41206000,1546164899999,2527.07664650,9,18.25614000,2505.65167930,0
1546164900000,138.13000000,138.21000000,138.13000000,138.21000000,0.02869000,1546165199999,3.96447930,3,0.02869000,3.96447930,0
1546165200000,138.21000000,138.21000000,138.21000000,138.21000000,0.00000000,1546165499999,0.00000000,0,0.00000000,0.00000000,0
1546165500000,137.94000000,137.94000000,137.48000000,137.85000000,6.34403000,1546165799999,872.18515980,7,0.01907000,2.62965900,0
1546165800000,137.85000000,137.85000000,137.85000000,137.85000000,0.00956000,1546166099999,1.31784600,1,0.00956000,1.31784600,0
1546166100000,137.93000000,137.93000000,137.47000000,137.47000000,0.16819000,1546166399999,23.12919360,3,0.01909000,2.63241660,0
1546166400000,137.75000000,137.75000000,137.52000000,137.52000000,4.16253000,1546166699999,572.43331750,2,0.00953000,1.31275750,0
1546166700000,137.27000000,137.84000000,137.03000000,137.11000000,58.13524000,1546166999999,7976.81136710,15,12.24694000,1679.08225510,0
1546167000000,137.11000000,137.21000000,137.11000000,137.21000000,5.59011000,1546167299999,766.71661010,6,5.59011000,766.71661010,0
1546167300000,137.21000000,138.59000000,137.21000000,138.59000000,40.46637000,1546167599999,5586.83559320,23,40.46637000,5586.83559320,0
1546167600000,138.72000000,138.72000000,138.09000000,138.27000000,8.25188000,1546167899999,1144.54252930,8,0.25892000,35.75911810,0
1546167900000,138.27000000,138.27000000,138.27000000,138.27000000,0.45822000,1546168199999,63.35807940,1,0.45822000,63.35807940,0
1546168200000,138.78000000,138.98000000,138.30000000,138.30000000,54.84955000,1546168499999,7605.46305100,35,1.08873000,151.09584540,0
1546168500000,137.90000000,138.83000000,137.90000000,138.81000000,27.56634000,1546168799999,3815.69208120,8,22.81401000,3160.34577420,0
1546168800000,138.74000000,138.74000000,138.74000000,138.74000000,5.63426000,1546169099999,781.69723240,1,5.63426000,781.69723240,0
1546169100000,138.47000000,138.51000000,138.47000000,138.51000000,0.01896000,1546169399999,2.62577040,2,0.01896000,2.62577040,0
1546169400000,138.58000000,138.96000000,138.58000000,138.96000000,8.25447000,1546169699999,1146.76665830,3,8.25447000,1146.76665830,0
1546169700000,138.25000000,138.78000000,138.24000000,138.67000000,26.22475000,1546169999999,3632.37181780,7,13.08076000,1815.26664020,0
1546170000000,138.37000000,138.37000000,136.04000000,136.20000000,127.37390000,1546170299999,17396.06190210,38,54.80552000,7483.25347070,0
1546170300000,137.57000000,137.57000000,136.69000000,136.69000000,12.27613000,1546170599999,1681.93221090,7,10.00858000,1371.98080140,0
1546170600000,136.85000000,136.85000000,136.80000000,136.80000000,28.39997000,1546170899999,3886.07676530,4,1.36448000,186.66086400,0
1546170900000,136.83000000,136.83000000,136.83000000,136.83000000,1.00000000,1546171199999,136.83000000,1,0.00000000,0.00000000,0
1546171200000,137.08000000,137.95000000,137.08000000,137.35000000,15.48891000,1546171499999,2130.12621010,15,13.82142000,1901.09645860,0
1546171500000,137.95000000,139.00000000,137.95000000,138.30000000,65.03696000,1546171799999,9008.49436680,30,19.65057000,2713.89543660,0
1546171800000,138.43000000,138.58000000,137.40000000,138.17000000,19.62278000,1546172099999,2714.13451870,17,17.38404000,2406.53164270,0
1546172100000,136.01000000,136.20000000,134.12000000,135.93000000,119.96741000,1546172399999,16234.10765090,43,49.04801000,6659.51362440,0
1546172400000,135.93000000,135.93000000,135.71000000,135.71000000,0.08882000,1546172699999,12.05384800,2,0.00039000,0.05301270,0
1546172700000,136.23000000,136.53000000,135.67000000,136.24000000,0.40439000,1546172999999,54.92956840,5,0.10439000,14.22856840,0
1546173000000,136.24000000,136.24000000,136.24000000,136.24000000,0.00000000,1546173299999,0.00000000,0,0.00000000,0.00000000,0
1546173300000,136.20000000,136.43000000,136.16000000,136.16000000,8.76798000,1546173599999,1193.94109550,3,2.26798000,308.90109550,0
1546173600000,136.09000000,136.73000000,136.09000000,136.73000000,21.35383000,1546173899999,2907.32789790,5,0.08843000,12.09103390,0
1546173900000,136.82000000,136.82000000,136.82000000,136.82000000,0.07747000,1546174199999,10.59944540,1,0.07747000,10.59944540,0
1546174200000,136.73000000,137.16000000,136.44000000,137.16000000,7.22667000,1546174499999,988.38932580,3,2.53128000,347.19036480,0
1546174500000,137.08000000,137.50000000,136.53000000,136.94000000,66.86257000,1546174799999,9172.41047310,9,60.69689000,8326.39231340,0
1546174800000,136.38000000,137.41000000,136.38000000,137.41000000,7.51916000,1546175099999,1026.10258400,5,1.01916000,139.63258400,0
1546175100000,137.05000000,137.05000000,137.05000000,137.05000000,5.40000000,1546175399999,740.07000000,1,0.00000000,0.00000000,0
1546175400000,137.08000000,137.08000000,137.05000000,137.05000000,4.63700000,1546175699999,635.50304000,3,0.00000000,0.00000000,0
1546175700000,137.05000000,137.40000000,136.91000000,137.40000000,16.53224000,1546175999999,2267.34932560,8,0.01918000,2.63533200,0
1546176000000,137.40000000,137.40000000,137.40000000,137.40000000,0.23722000,1546176299999,32.59402800,1,0.23722000,32.59402800,0
1546176300000,137.00000000,137.21000000,135.95000000,136.61000000,10.82124000,1546176599999,1475.78709020,6,1.64565000,224.37883290,0
1546176600000,137.09000000,137.09000000,136.96000000,137.05000000,2.43921000,1546176899999,334.08998090,7,2.43921000,334.08998090,0
1546176900000,137.09000000,137.09000000,137.08000000,137.08000000,1.85631000,1546177199999,254.46411480,5,0.18900000,25.90926000,0
1546177200000,137.08000000,137.08000000,137.08000000,137.08000000,0.00000000,1546177499999,0.00000000,0,0.00000000,0.00000000,0
1546177500000,137.08000000,137.08000000,137.08000000,137.08000000,0.00000000,1546177799999,0.00000000,0,0.00000000,0.00000000,0
1546177800000,136.98000000,137.26000000,136.98000000,137.26000000,0.99584000,1546178099999,136.44214600,3,0.99584000,136.44214600,0
1546178100000,136.91000000,136.91000000,136.08000000,136.08000000,0.11560000,1546178399999,15.75328860,5,0.03836000,5.24246940,0
1546178400000,136.62000000,136.62000000,135.90000000,136.34000000,14.13366000,1546178699999,1926.68647490,11,13.57163000,1850.29214570,0
1546178700000,136.34000000,136.87000000,136.34000000,136.87000000,124.78803000,1546178999999,17014.66028700,53,122.70025000,16728.96076100,0
1546179000000,136.95000000,137.12000000,136.64000000,136.64000000,3.48856000,1546179299999,477.31611260,3,1.42173000,194.90446140,0
1546179300000,136.97000000,137.00000000,136.80000000,136.80000000,2.08813000,1546179599999,286.06968230,5,2.08813000,286.06968230,0
1546179600000,136.63000000,136.63000000,136.63000000,136.63000000,0.00959000,1546179899999,1.31028170,1,0.00959000,1.31028170,0
1546179900000,136.89000000,136.92000000,136.89000000,136.92000000,0.09779000,1546180199999,13.38911850,2,0.09779000,13.38911850,0
1546180200000,137.44000000,137.44000000,137.44000000,137.44000000,0.37300000,1546180499999,51.26512000,1,0.37300000,51.26512000,0
1546180500000,137.44000000,137.44000000,137.44000000,137.44000000,0.00000000,1546180799999,0.00000000,0,0.00000000,0.00000000,0
1546180800000,137.44000000,137.44000000,137.44000000,137.44000000,0.00000000,1546181099999,0.00000000,0,0.00000000,0.00000000,0
1546181100000,137.46000000,137.46000000,137.46000000,137.46000000,0.00956000,1546181399999,1.31411760,1,0.00956000,1.31411760,0
1546181400000,137.46000000,137.46000000,137.45000000,137.46000000,43.39544000,1546181699999,5965.08425240,9,43.30700000,5952.92729000,0
1546181700000,137.45000000,138.57000000,137.45000000,137.90000000,5.32539000,1546181999999,734.34185270,9,0.28603000,39.41410870,0
1546182000000,138.01000000,139.13000000,138.01000000,139.13000000,9.67474000,1546182299999,1342.69492110,8,9.43017000,1308.81463900,0
1546182300000,138.69000000,139.00000000,137.61000000,138.11000000,23.89769000,1546182599999,3296.34821740,17,14.89841000,2057.64729660,0
1546182600000,137.56000000,137.56000000,137.56000000,137.56000000,0.59922000,1546182899999,82.42870320,1,0.00000000,0.00000000,0
1546182900000,138.15000000,138.35000000,138.15000000,138.35000000,12.98951000,1546183199999,1795.09851830,9,12.98951000,1795.09851830,0
1546183200000,138.31000000,138.71000000,137.63000000,137.63000000,12.78603000,1546183499999,1771.76940680,7,12.02853000,1667.31141080,0
1546183500000,138.06000000,138.06000000,136.94000000,136.94000000,19.16031000,1546183799999,2628.21116060,7,0.11903000,16.36536080,0
1546183800000,137.42000000,138.41000000,137.01000000,137.48000000,43.62204000,1546184099999,5989.43360100,29,33.79481000,4642.10942070,0
1546184100000,137.95000000,137.95000000,137.95000000,137.95000000,15.12145000,1546184399999,2086.00402750,2,15.12145000,2086.00402750,0
1546184400000,137.03000000,137.65000000,137.03000000,137.65000000,0.67924000,1546184699999,93.08217200,2,0.00954000,1.31318100,0
1546184700000,138.27000000,138.27000000,136.84000000,136.84000000,1.75925000,1546184999999,240.76434180,4,0.02876000,3.96409020,0
1546185000000,137.67000000,137.67000000,137.67000000,137.67000000,0.01918000,1546185299999,2.64051060,2,0.01918000,2.64051060,0
1546185300000,137.65000000,137.65000000,137.38000000,137.38000000,0.03834000,1546185599999,5.27204520,4,0.03834000,5.27204520,0
1546185600000,136.80000000,137.51000000,136.56000000,137.51000000,12.40407000,1546185899999,1695.43717230,4,0.00955000,1.31322050,0
1546185900000,137.43000000,137.43000000,136.88000000,136.88000000,0.47528000,1546186199999,65.06161190,3,0.38761000,53.06134230,0
1546186200000,136.81000000,136.88000000,136.81000000,136.88000000,2.42931000,1546186499999,332.37444920,3,0.00044000,0.06022720,0
1546186500000,137.40000000,137.40000000,137.33000000,137.33000000,6.15892000,1546186799999,845.90163800,3,1.38792000,190.70020800,0
1546186800000,137.65000000,137.66000000,137.09000000,137.57000000,7.35113000,1546187099999,1011.74470550,5,6.96317000,958.51271390,0
1546187100000,137.44000000,137.44000000,136.42000000,136.42000000,13.11184000,1546187399999,1790.81598750,4,0.90147000,123.89803680,0
1546187400000,136.44000000,136.44000000,136.00000000,136.42000000,13.85365000,1546187699999,1888.09168820,6,0.40131000,54.74671020,0
1546187700000,136.13000000,136.13000000,136.13000000,136.13000000,0.45119000,1546187999999,61.42049470,2,0.00000000,0.00000000,0
1546188000000,136.13000000,136.13000000,136.10000000,136.10000000,1.07985000,1546188299999,146.97288030,5,0.00000000,0.00000000,0
1546188300000,136.42000000,136.42000000,136.42000000,136.42000000,0.80046000,1546188599999,109.19875320,2,0.80046000,109.19875320,0
1546188600000,136.11000000,137.00000000,136.11000000,136.88000000,5.59073000,1546188899999,761.07855980,5,0.31195000,42.58381400,0
1546188900000,136.31000000,136.31000000,136.31000000,136.31000000,1.03606000,1546189199999,141.22533860,1,0.00000000,0.00000000,0
1546189200000,136.31000000,136.31000000,136.31000000,136.31000000,0.00000000,1546189499999,0.00000000,0,0.00000000,0.00000000,0
1546189500000,136.96000000,136.96000000,136.65000000,136.65000000,1.79205000,1546189799999,244.88662090,2,0.00964000,1.32029440,0
1546189800000,137.03000000,137.03000000,136.65000000,136.65000000,5.92570000,1546190099999,811.49981100,3,4.92870000,675.25976100,0
1546190100000,136.65000000,136.72000000,136.22000000,136.72000000,6.46213000,1546190399999,881.26643860,3,0.00960000,1.31251200,0
1546190400000,137.21000000,137.21000000,136.75000000,136.75000000,0.25626000,1546190699999,35.04798480,3,0.00963000,1.32133230,0
1546190700000,137.06000000,137.06000000,137.06000000,137.06000000,0.00961000,1546190999999,1.31714660,1,0.00961000,1.31714660,0
1546191000000,137.06000000,137.06000000,137.06000000,137.06000000,0.00000000,1546191299999,0.00000000,0,0.00000000,0.00000000,0
1546191300000,136.94000000,136.94000000,136.94000000,136.94000000,0.09523000,1546191599999,13.04079620,1,0.09523000,13.04079620,0
1546191600000,137.19000000,137.19000000,137.19000000,137.19000000,0.00960000,1546191899999,1.31702400,1,0.00960000,1.31702400,0
1546191900000,137.09000000,137.09000000,136.82000000,136.82000000,36.17716000,1546192199999,4950.30262760,4,20.56331000,2814.01567060,0
1546192200000,136.82000000,136.82000000,136.82000000,136.82000000,0.00000000,1546192499999,0.00000000,0,0.00000000,0.00000000,0
1546192500000,136.82000000,137.03000000,136.51000000,136.51000000,12.10606000,1546192799999,1655.28617120,7,0.11808000,16.15945140,0
1546192800000,136.51000000,136.51000000,136.51000000,136.51000000,0.00000000,1546193099999,0.00000000,0,0.00000000,0.00000000,0
1546193100000,137.21000000,137.46000000,137.21000000,137.44000000,3.26628000,1546193399999,448.64230920,9,2.82549000,388.16151330,0
1546193400000,137.51000000,137.51000000,137.51000000,137.51000000,0.33508000,1546193699999,46.07685080,2,0.33508000,46.07685080,0
1546193700000,137.18000000,137.18000000,136.87000000,137.13000000,3.76089000,1546193999999,514.75847390,7,0.01916000,2.62788880,0
1546194000000,137.18000000,137.18000000,137.18000000,137.18000000,0.00960000,1546194299999,1.31692800,1,0.00960000,1.31692800,0
1546194300000,137.18000000,137.18000000,137.12000000,137.12000000,9.76583000,1546194599999,1339.67598460,2,0.00958000,1.31360960,0
1546194600000,137.12000000,137.12000000,137.12000000,137.12000000,0.00000000,1546194899999,0.00000000,0,0.00000000,0.00000000,0
1546194900000,137.12000000,137.12000000,137.12000000,137.12000000,0.00000000,1546195199999,0.00000000,0,0.00000000,0.00000000,0
1546195200000,136.53000000,137.02000000,136.52000000,137.02000000,14.33138000,1546195499999,1956.77694860,7,2.74053000,374.31485810,0
1546195500000,137.20000000,137.20000000,137.15000000,137.15000000,4.50962000,1546195799999,618.71938300,2,4.50962000,618.71938300,0
1546195800000,137.21000000,137.21000000,137.20000000,137.20000000,40.08965000,1546196099999,5500.36395060,11,5.39674000,740.43272800,0
1546196100000,137.70000000,137.70000000,137.66000000,137.66000000,0.01914000,1546196399999,2.63519520,2,0.01914000,2.63519520,0
1546196400000,137.42000000,137.42000000,137.02000000,137.13000000,54.12757000,1546196699999,7420.43475940,55,0.00957000,1.31510940,0
1546196700000,137.16000000,137.43000000,137.16000000,137.43000000,13.96658000,1546196999999,1915.83230940,13,0.00958000,1.31657940,0
1546197000000,137.47000000,137.57000000,137.42000000,137.52000000,8.37655000,1546197299999,1152.02256430,10,4.94155000,679.76332430,0
1546197300000,137.74000000,137.86000000,137.74000000,137.86000000,3.27741000,1546197599999,451.44426540,4,3.27741000,451.44426540,0
1546197600000,137.86000000,137.86000000,137.86000000,137.86000000,0.00000000,1546197899999,0.00000000,0,0.00000000,0.00000000,0
1546197900000,137.91000000,138.31000000,137.91000000,138.17000000,0.12078000,1546198199999,16.66733980,4,0.12078000,16.66733980,0
1546198200000,138.24000000,138.24000000,138.24000000,138.24000000,0.00952000,1546198499999,1.31604480,1,0.00952000,1.31604480,0
1546198500000,137.50000000,137.50000000,137.50000000,137.50000000,4.24388000,1546198799999,583.53350000,4,4.10795000,564.84312500,0
1546198800000,138.05000000,139.72000000,138.05000000,139.72000000,8.23829000,1546199099999,1143.49136550,13,7.75379000,1076.26461050,0
1546199100000,139.96000000,139.96000000,139.04000000,139.04000000,32.42891000,1546199399999,4511.80565920,18,12.68330000,1764.29880060,0
1546199400000,139.04000000,139.04000000,134.56000000,136.35000000,139.17279000,1546199699999,18856.76388010,65,103.25296000,13952.74480430,0
1546199700000,136.90000000,137.60000000,136.37000000,137.10000000,9.28192000,1546199999999,1268.74433400,18,4.11630000,562.76068610,0
1546200000000,137.54000000,137.54000000,136.00000000,136.82000000,30.46744000,1546200299999,4153.43201970,33,23.65881000,3225.04857520,0
1546200300000,136.85000000,137.26000000,136.85000000,137.26000000,12.02244000,1546200599999,1650.14816200,5,12.02244000,1650.14816200,0
1546200600000,137.18000000,137.50000000,136.72000000,137.21000000,1.13070000,1546200899999,155.08396250,16,0.14754000,20.24673870,0
1546200900000,137.47000000,137.47000000,137.23000000,137.23000000,0.90421000,1546201199999,124.08895150,3,0.01915000,2.63216770,0
1546201200000,137.59000000,137.63000000,137.35000000,137.43000000,15.60165000,1546201499999,2146.89011600,8,2.80210000,385.62377510,0
1546201500000,137.72000000,137.72000000,137.31000000,137.44000000,9.32263000,1546201799999,1281.10471010,17,7.79862000,1071.66001580,0
1546201800000,137.86000000,138.36000000,137.48000000,137.90000000,26.96679000,1546202099999,3713.34220450,39,25.96679000,3575.84220450,0
1546202100000,137.90000000,137.90000000,137.18000000,137.64000000,22.43094000,1546202399999,3079.49382010,25,7.97632000,1096.44305950,0
1546202400000,137.64000000,137.75000000,137.49000000,137.75000000,42.81252000,1546202699999,5890.14717300,25,2.57729000,355.01921190,0
1546202700000,137.75000000,137.75000000,137.75000000,137.75000000,0.00000000,1546202999999,0.00000000,0,0.00000000,0.00000000,0
1546203000000,137.20000000,137.36000000,137.20000000,137.36000000,0.09755000,1546203299999,13.38538960,2,0.00956000,1.31316160,0
1546203300000,137.49000000,137.53000000,137.20000000,137.39000000,1.72871000,1546203599999,237.18676370,4,1.72871000,237.18676370,0
1546203600000,137.33000000,137.67000000,137.33000000,137.55000000,15.21978000,1546203899999,2091.75392620,11,15.21978000,2091.75392620,0
1546203900000,137.55000000,137.55000000,137.55000000,137.55000000,0.00000000,1546204199999,0.00000000,0,0.00000000,0.00000000,0
1546204200000,137.55000000,137.55000000,137.55000000,137.55000000,0.00000000,1546204499999,0.00000000,0,0.00000000,0.00000000,0
1546204500000,137.75000000,138.71000000,137.75000000,138.15000000,32.29386000,1546204799999,4459.37144940,23,27.89666000,3853.18789340,0
1546204800000,138.27000000,139.51000000,137.06000000,138.85000000,44.99814000,1546205099999,6235.13341900,23,7.99011000,1108.14098210,0
1546205100000,137.97000000,138.35000000,137.97000000,137.97000000,1.84482000,1546205399999,254.81288300,7,0.84482000,116.84288300,0
1546205400000,138.04000000,138.06000000,137.97000000,137.97000000,20.54616000,1546205699999,2835.02050400,6,1.38059000,190.59681110,0
1546205700000,137.97000000,138.27000000,137.39000000,137.39000000,3.16421000,1546205999999,435.94563130,6,0.84264000,116.14936380,0
1546206000000,137.00000000,138.04000000,137.00000000,137.48000000,44.28977000,1546206299999,6091.10210520,36,37.00859000,5093.34342360,0
1546206300000,137.33000000,137.70000000,137.32000000,137.70000000,44.87705000,1546206599999,6173.80619070,21,18.39412000,2532.62061880,0
1546206600000,137.78000000,138.38000000,137.78000000,138.38000000,0.09588000,1546206899999,13.21626140,3,0.09588000,13.21626140,0
1546206900000,138.31000000,138.55000000,138.31000000,138.55000000,0.01906000,1546207199999,2.63847580,2,0.01906000,2.63847580,0
1546207200000,138.44000000,138.68000000,138.38000000,138.48000000,8.52790000,1546207499999,1180.26853120,5,8.52790000,1180.26853120,0
1546207500000,138.15000000,138.15000000,137.81000000,137.81000000,0.02847000,1546207799999,3.92914470,3,0.02847000,3.92914470,0
1546207800000,137.39000000,137.81000000,137.26000000,137.26000000,6.61781000,1546208099999,908.97534060,6,0.01904000,2.62380720,0
1546208100000,137.26000000,137.86000000,137.06000000,137.86000000,27.24238000,1546208399999,3735.53973760,6,0.01912000,2.63444920,0
1546208400000,137.76000000,138.05000000,137.76000000,138.05000000,0.01916000,1546208699999,2.64225980,2,0.01916000,2.64225980,0
1546208700000,138.05000000,138.05000000,138.05000000,138.05000000,0.00953000,1546208999999,1.31561650,1,0.00953000,1.31561650,0
1546209000000,137.89000000,137.89000000,137.78000000,137.78000000,0.01904000,1546209299999,2.62437840,2,0.01904000,2.62437840,0
1546209300000,138.07000000,138.07000000,137.69000000,137.69000000,0.01905000,1546209599999,2.62661590,2,0.01905000,2.62661590,0
1546209600000,137.74000000,137.80000000,137.74000000,137.80000000,6.84043000,1546209899999,942.56407110,7,0.33160000,45.68820840,0
1546209900000,137.84000000,137.87000000,137.84000000,137.87000000,0.29978000,1546210199999,41.32224700,5,0.17209000,23.72145740,0
1546210200000,138.32000000,138.32000000,137.13000000,137.68000000,38.80927000,1546210499999,5325.77948910,8,0.03812000,5.26894640,0
1546210500000,138.32000000,138.32000000,138.18000000,138.18000000,0.01914000,1546210799999,2.64610500,2,0.01914000,2.64610500,0
1546210800000,138.22000000,138.22000000,138.19000000,138.19000000,0.09554000,1546211099999,13.20295880,2,0.00954000,1.31861880,0
1546211100000,138.19000000,138.56000000,137.91000000,137.92000000,52.19235000,1546211399999,7199.60031300,12,45.69151000,6302.93923340,0
1546211400000,137.92000000,138.54000000,137.92000000,138.50000000,1.28485000,1546211699999,177.21793600,4,0.01904000,2.63742080,0
1546211700000,138.02000000,138.02000000,137.96000000,137.96000000,1.22393000,1546211999999,168.88435840,2,0.00000000,0.00000000,0
1546212000000,137.96000000,138.31000000,137.96000000,138.30000000,2.70622000,1546212299999,373.66954160,5,2.62622000,362.63274160,0
1546212300000,137.81000000,138.54000000,137.81000000,138.36000000,0.18975000,1546212599999,26.26209480,6,0.10153000,14.05597560,0
1546212600000,138.07000000,138.07000000,137.79000000,137.79000000,0.66052000,1546212899999,91.01571640,3,0.66052000,91.01571640,0
1546212900000,138.82000000,139.82000000,137.74000000,138.68000000,126.14200000,1546213199999,17499.93435960,38,50.65602000,7054.75782460,0
1546213200000,138.65000000,138.66000000,138.23000000,138.23000000,6.61521000,1546213499999,916.80011840,5,6.53355000,905.51225660,0
1546213500000,138.19000000,138.59000000,138.19000000,138.23000000,9.30823000,1546213799999,1286.64210330,10,0.00950000,1.31660500,0
1546213800000,138.62000000,138.76000000,138.08000000,138.76000000,11.17622000,1546214099999,1544.51366780,5,0.94951000,131.65955100,0
1546214100000,138.65000000,138.65000000,138.65000000,138.65000000,0.00951000,1546214399999,1.31856150,1,0.00951000,1.31856150,0
1546214400000,139.00000000,139.23000000,138.82000000,138.82000000,0.10128000,1546214699999,14.07840630,3,0.10128000,14.07840630,0
1546214700000,138.82000000,138.82000000,138.82000000,138.82000000,0.00000000,1546214999999,0.00000000,0,0.00000000,0.00000000,0
1546215000000,138.97000000,139.02000000,138.86000000,138.98000000,14.42287000,1546215299999,2004.41525730,5,14.42287000,2004.41525730,0
1546215300000,138.44000000,138.44000000,138.44000000,138.44000000,0.00945000,1546215599999,1.30825800,1,0.00945000,1.30825800,0
1546215600000,138.42000000,138.50000000,137.79000000,137.79000000,33.56912000,1546215899999,4648.28506110,11,4.26727000,590.75796170,0
1546215900000,138.10000000,138.27000000,137.68000000,138.22000000,8.71433000,1546216199999,1202.88390570,6,5.80489000,802.31220650,0
1546216200000,137.94000000,137.94000000,137.56000000,137.56000000,1.43505000,1546216499999,197.40909560,2,0.00952000,1.31318880,0
1546216500000,137.84000000,137.91000000,137.84000000,137.91000000,0.01907000,1546216799999,2.62927730,2,0.01907000,2.62927730,0
1546216800000,137.94000000,138.00000000,137.58000000,137.98000000,10.43506000,1546217099999,1438.51187060,5,4.43048000,611.14079240,0
1546217100000,137.98000000,137.98000000,137.43000000,137.43000000,0.41621000,1546217399999,57.20498180,2,0.00953000,1.31494940,0
1546217400000,137.40000000,137.40000000,137.27000000,137.27000000,14.11418000,1546217699999,1937.71995220,13,6.67161000,915.81190470,0
1546217700000,137.27000000,137.73000000,137.26000000,137.73000000,31.75587000,1546217999999,4359.12910760,42,31.75587000,4359.12910760,0
1546218000000,137.91000000,137.91000000,137.00000000,137.40000000,9.76141000,1546218299999,1339.10002180,7,0.03829000,5.27004180,0
1546218300000,137.72000000,137.72000000,135.57000000,136.79000000,51.00867000,1546218599999,6942.44420220,31,20.18820000,2746.16783760,0
1546218600000,136.72000000,136.72000000,136.33000000,136.33000000,1.71190000,1546218899999,233.38709050,2,0.00965000,1.31934800,0
1546218900000,136.52000000,137.10000000,136.00000000,136.58000000,52.43793000,1546219199999,7154.01608970,18,44.95300000,6133.82053210,0
1546219200000,136.08000000,136.08000000,136.08000000,136.08000000,1.55692000,1546219499999,211.86567360,1,0.00000000,0.00000000,0
1546219500000,136.20000000,136.20000000,135.78000000,135.78000000,17.08803000,1546219799999,2321.50573500,6,0.00000000,0.00000000,0
1546219800000,135.89000000,136.00000000,135.49000000,136.00000000,22.27812000,1546220099999,3026.34802910,21,12.18062000,1656.40383720,0
1546220100000,135.94000000,136.21000000,135.94000000,136.03000000,7.70768000,1546220399999,1048.41463010,5,5.90078000,802.62202310,0
1546220400000,135.82000000,135.82000000,135.82000000,135.82000000,5.35818000,1546220699999,727.74800760,1,0.00000000,0.00000000,0
1546220700000,135.92000000,136.03000000,135.92000000,136.03000000,2.34029000,1546220999999,318.18994610,4,2.34029000,318.18994610,0
1546221000000,136.21000000,136.21000000,135.91000000,135.91000000,0.01934000,1546221299999,2.63140040,2,0.01934000,2.63140040,0
1546221300000,136.29000000,136.29000000,135.57000000,136.13000000,2.98489000,1546221599999,405.58963530,8,2.88564000,392.13431280,0
1546221600000,136.01000000,136.37000000,135.80000000,136.37000000,6.57439000,1546221899999,894.12238730,6,0.11694000,15.91883730,0
1546221900000,136.49000000,136.68000000,136.48000000,136.66000000,7.44653000,1546222199999,1016.38260080,6,2.89808000,395.61014480,0
1546222200000,136.70000000,136.70000000,136.70000000,136.70000000,0.00962000,1546222499999,1.31505400,1,0.00962000,1.31505400,0
1546222500000,136.41000000,136.41000000,135.90000000,136.20000000,15.15295000,1546222799999,2060.81746550,6,0.01928000,2.62795620,0
1546222800000,136.27000000,136.30000000,136.27000000,136.30000000,29.65585000,1546223099999,4042.06219630,11,29.65585000,4042.06219630,0
1546223100000,136.26000000,136.26000000,136.00000000,136.00000000,24.80777000,1546223399999,3374.06580680,10,0.80418000,109.57756680,0
1546223400000,136.00000000,136.04000000,135.50000000,135.50000000,42.38581000,1546223699999,5753.45519620,10,7.61393000,1035.58148670,0
1546223700000,135.11000000,135.66000000,135.11000000,135.26000000,21.94748000,1546223999999,2974.88515870,8,19.89349000,2697.06247130,0
1546224000000,135.50000000,135.50000000,135.07000000,135.07000000,3.26149000,1546224299999,441.77172430,2,2.88900000,391.45950000,0
1546224300000,135.17000000,135.17000000,134.95000000,135.00000000,19.41610000,1546224599999,2621.42858000,14,8.05821000,1088.11343000,0
1546224600000,134.79000000,135.00000000,134.78000000,134.80000000,12.34782000,1546224899999,1664.64055380,13,12.17246000,1641.00463530,0
1546224900000,134.72000000,134.80000000,133.70000000,134.00000000,64.37386000,1546225199999,8661.96568570,39,37.38730000,5035.17407070,0
1546225200000,133.96000000,134.09000000,133.38000000,134.07000000,15.83609000,1546225499999,2117.81539680,14,1.50609000,201.80645630,0
1546225500000,134.16000000,134.74000000,134.16000000,134.74000000,15.01964000,1546225799999,2015.04619540,5,15.01964000,2015.04619540,0
1546225800000,134.56000000,135.34000000,134.23000000,134.86000000,52.82412000,1546226099999,7117.57601990,19,26.21149000,3540.29360880,0
1546226100000,135.33000000,135.34000000,135.17000000,135.17000000,3.05790000,1546226399999,413.85443070,8,3.05790000,413.85443070,0
1546226400000,135.08000000,135.17000000,135.01000000,135.01000000,10.29331000,1546226699999,1391.15908430,4,10.29331000,1391.15908430,0
1546226700000,134.99000000,134.99000000,134.98000000,134.98000000,0.01944000,1546226999999,2.62410840,2,0.01944000,2.62410840,0
1546227000000,134.98000000,134.98000000,134.66000000,134.66000000,5.17956000,1546227299999,698.21425180,4,0.17956000,24.23700880,0
1546227300000,134.98000000,134.98000000,134.98000000,134.98000000,6.96358000,1546227599999,939.94402840,4,6.96358000,939.94402840,0
1546227600000,135.26000000,135.26000000,135.26000000,135.26000000,0.14063000,1546227899999,19.02161380,1,0.00000000,0.00000000,0
1546227900000,135.53000000,135.53000000,135.53000000,135.53000000,0.00971000,1546228199999,1.31599630,1,0.00971000,1.31599630,0
1546228200000,135.59000000,135.59000000,134.71000000,134.71000000,25.00434000,1546228499999,3375.15982930,10,0.01942000,2.62975930,0
1546228500000,135.00000000,135.00000000,135.00000000,135.00000000,29.47841000,1546228799999,3979.58535000,19,28.65441000,3868.34535000,0
1546228800000,135.05000000,135.05000000,135.05000000,135.05000000,0.08817000,1546229099999,11.90735850,2,0.08817000,11.90735850,0
1546229100000,135.44000000,135.44000000,135.25000000,135.36000000,1.75421000,1546229399999,237.40731270,9,1.31305000,177.71956480,0
1546229400000,135.43000000,135.43000000,135.43000000,135.43000000,0.09534000,1546229699999,12.91189620,1,0.00000000,0.00000000,0
1546229700000,135.30000000,135.30000000,135.30000000,135.30000000,4.25507000,1546229999999,575.71097100,3,0.13871000,18.76746300,0
1546230000000,135.30000000,135.35000000,135.30000000,135.30000000,3.84590000,1546230299999,520.35075500,15,0.00970000,1.31289500,0
1546230300000,135.30000000,135.45000000,134.87000000,134.91000000,19.55753000,1546230599999,2639.57635790,26,1.55365000,210.29710320,0
1546230600000,135.00000000,135.06000000,135.00000000,135.06000000,1.71078000,1546230899999,231.05346900,2,0.07463000,10.07505000,0
1546230900000,135.38000000,135.50000000,135.38000000,135.50000000,0.97719000,1546231199999,132.38366290,3,0.75524000,102.33385240,0
1546231200000,135.79000000,135.79000000,135.79000000,135.79000000,0.00973000,1546231499999,1.32123670,1,0.00973000,1.32123670,0
1546231500000,135.50000000,135.80000000,135.50000000,135.54000000,34.52990000,1546231799999,4680.72546090,25,4.50093000,610.97732120,0
1546231800000,135.18000000,135.18000000,135.18000000,135.18000000,0.49985000,1546232099999,67.56972300,1,0.00000000,0.00000000,0
1546232100000,135.53000000,135.53000000,135.19000000,135.19000000,47.45940000,1546232399999,6416.42713050,14,32.30511000,4367.54623010,0
1546232400000,135.10000000,135.10000000,135.10000000,135.10000000,0.50000000,1546232699999,67.55000000,1,0.00000000,0.00000000,0
1546232700000,135.14000000,135.14000000,135.02000000,135.02000000,7.49811000,1546232999999,1013.24938330,3,0.20190000,27.26053800,0
1546233000000,135.28000000,135.28000000,135.06000000,135.06000000,1.18139000,1546233299999,159.60508920,8,1.18139000,159.60508920,0
1546233300000,135.06000000,135.06000000,134.85000000,134.85000000,9.66588000,1546233599999,1304.72861800,4,7.52600000,1016.16580000,0
1546233600000,134.85000000,134.85000000,134.85000000,134.85000000,0.00000000,1546233899999,0.00000000,0,0.00000000,0.00000000,0
1546233900000,135.03000000,135.03000000,135.00000000,135.00000000,14.31246000,1546234199999,1932.61118190,3,14.31246000,1932.61118190,0
1546234200000,135.00000000,135.00000000,135.00000000,135.00000000,0.00000000,1546234499999,0.00000000,0,0.00000000,0.00000000,0
1546234500000,134.69000000,134.99000000,134.69000000,134.99000000,0.10973000,1546234799999,14.78245270,2,0.00973000,1.31345270,0
1546234800000,134.55000000,134.55000000,134.55000000,134.55000000,37.08658000,1546235099999,4989.99933900,16,0.00000000,0.00000000,0
1546235100000,134.66000000,134.68000000,134.66000000,134.68000000,0.14164000,1546235399999,19.07343760,2,0.14164000,19.07343760,0
1546235400000,134.89000000,134.89000000,134.89000000,134.89000000,3.49409000,1546235699999,471.31780010,5,3.49409000,471.31780010,0
1546235700000,135.03000000,135.03000000,135.03000000,135.03000000,0.00041000,1546235999999,0.05536230,1,0.00041000,0.05536230,0
1546236000000,134.99000000,134.99000000,134.99000000,134.99000000,0.00974000,1546236299999,1.31480260,1,0.00974000,1.31480260,0
1546236300000,134.99000000,134.99000000,134.99000000,134.99000000,0.00000000,1546236599999,0.00000000,0,0.00000000,0.00000000,0
1546236600000,135.11000000,135.11000000,135.11000000,135.11000000,0.00973000,1546236899999,1.31462030,1,0.00973000,1.31462030,0
1546236900000,135.40000000,135.40000000,135.40000000,135.40000000,0.50000000,1546237199999,67.70000000,1,0.50000000,67.70000000,0
1546237200000,135.78000000,136.10000000,135.60000000,136.10000000,2.10972000,1546237499999,287.01376840,4,2.10972000,287.01376840,0
1546237500000,135.57000000,135.57000000,135.57000000,135.57000000,0.09741000,1546237799999,13.20587370,3,0.00967000,1.31096190,0
1546237800000,135.61000000,135.61000000,135.61000000,135.61000000,0.10000000,1546238099999,13.56100000,1,0.10000000,13.56100000,0
1546238100000,135.32000000,135.32000000,135.32000000,135.32000000,0.13566000,1546238399999,18.35751120,1,0.00000000,0.00000000,0
1546238400000,135.37000000,135.37000000,135.27000000,135.27000000,5.09302000,1546238699999,689.39268740,2,0.00000000,0.00000000,0
1546238700000,135.27000000,135.27000000,135.27000000,135.27000000,0.00000000,1546238999999,0.00000000,0,0.00000000,0.00000000,0
1546239000000,135.92000000,135.92000000,135.92000000,135.92000000,0.00971000,1546239299999,1.31978320,1,0.00971000,1.31978320,0
1546239300000,136.01000000,136.01000000,136.01000000,136.01000000,0.00971000,1546239599999,1.32065710,1,0.00971000,1.32065710,0
1546239600000,135.78000000,135.78000000,135.78000000,135.78000000,0.00966000,1546239899999,1.31163480,1,0.00966000,1.31163480,0
1546239900000,135.56000000,135.56000000,135.56000000,135.56000000,0.00968000,1546240199999,1.31222080,1,0.00968000,1.31222080,0
1546240200000,135.70000000,135.75000000,135.70000000,135.75000000,0.75307000,1546240499999,102.22876850,2,0.75307000,102.22876850,0
1546240500000,135.63000000,135.63000000,135.63000000,135.63000000,0.01936000,1546240799999,2.62579680,2,0.01936000,2.62579680,0
1546240800000,135.63000000,135.63000000,135.63000000,135.63000000,0.00000000,1546241099999,0.00000000,0,0.00000000,0.00000000,0
1546241100000,135.63000000,135.63000000,135.63000000,135.63000000,0.00000000,1546241399999,0.00000000,0,0.00000000,0.00000000,0
1546241400000,135.63000000,135.63000000,135.63000000,135.63000000,0.00000000,1546241699999,0.00000000,0,0.00000000,0.00000000,0
1546241700000,135.88000000,135.88000000,135.76000000,135.76000000,0.01936000,1546241999999,2.62947640,2,0.01936000,2.62947640,0
1546242000000,135.74000000,135.74000000,135.74000000,135.74000000,0.00967000,1546242299999,1.31260580,1,0.00967000,1.31260580,0
1546242300000,135.72000000,135.72000000,135.70000000,135.70000000,0.01936000,1546242599999,2.62734560,2,0.01936000,2.62734560,0
1546242600000,135.70000000,135.70000000,135.70000000,135.70000000,0.00000000,1546242899999,0.00000000,0,0.00000000,0.00000000,0
1546242900000,135.70000000,135.70000000,135.70000000,135.70000000,0.00000000,1546243199999,0.00000000,0,0.00000000,0.00000000,0
1546243200000,135.54000000,135.70000000,135.54000000,135.70000000,52.32883000,1546243499999,7096.20764190,4,32.17156000,4360.86610290,0
1546243500000,135.47000000,135.47000000,135.03000000,135.03000000,0.72459000,1546243799999,97.84565130,3,0.00969000,1.31270430,0
1546243800000,135.03000000,135.04000000,135.03000000,135.03000000,3.50594000,1546244099999,473.40796680,3,0.00000000,0.00000000,0
1546244100000,135.03000000,135.03000000,135.03000000,135.03000000,0.00000000,1546244399999,0.00000000,0,0.00000000,0.00000000,0
1546244400000,135.03000000,135.27000000,135.03000000,135.27000000,0.70861000,1546244699999,95.68594350,2,0.00973000,1.31617710,0
1546244700000,135.25000000,135.27000000,135.25000000,135.27000000,3.89541000,1546244999999,526.93191610,3,3.89541000,526.93191610,0
1546245000000,135.27000000,135.27000000,135.05000000,135.05000000,7.79740000,1546245299999,1053.32433980,4,1.29759000,175.52499930,0
1546245300000,135.05000000,135.27000000,134.93000000,134.93000000,45.83041000,1546245599999,6188.00434060,9,16.21667000,2191.01566110,0
1546245600000,134.93000000,134.93000000,134.93000000,134.93000000,0.00000000,1546245899999,0.00000000,0,0.00000000,0.00000000,0
1546245900000,135.27000000,135.27000000,135.25000000,135.25000000,2.95814000,1546246199999,400.14112940,5,2.64445000,357.71455690,0
1546246200000,135.17000000,135.18000000,135.17000000,135.18000000,0.42550000,1546246499999,57.51628500,3,0.42550000,57.51628500,0
1546246500000,135.18000000,135.27000000,135.00000000,135.00000000,2.30899000,1546246799999,312.06343900,12,1.68595000,227.95303900,0
1546246800000,135.00000000,135.00000000,135.00000000,135.00000000,0.00000000,1546247099999,0.00000000,0,0.00000000,0.00000000,0
1546247100000,135.27000000,135.42000000,135.27000000,135.42000000,27.44910000,1546247399999,3717.09881100,2,27.44910000,3717.09881100,0
1546247400000,135.37000000,135.37000000,135.00000000,135.00000000,61.71242000,1546247699999,8341.65553850,29,28.19811000,3817.17815070,0
1546247700000,135.00000000,135.00000000,134.69000000,134.69000000,5.11051000,1546247999999,688.33515920,4,0.00000000,0.00000000,0
1546248000000,134.65000000,134.75000000,134.63000000,134.75000000,112.54628000,1546248299999,15159.23909500,25,74.48153000,10032.40126390,0
1546248300000,134.75000000,134.75000000,134.75000000,134.75000000,0.00026000,1546248599999,0.03503500,1,0.00026000,0.03503500,0
1546248600000,134.95000000,135.00000000,134.67000000,134.68000000,6.52288000,1546248899999,879.76266810,5,3.17031000,427.83333450,0
1546248900000,135.18000000,135.73000000,135.18000000,135.73000000,4.24113000,1546249199999,573.95222970,5,4.24113000,573.95222970,0
1546249200000,135.18000000,136.07000000,135.04000000,135.04000000,58.02881000,1546249499999,7876.32352290,12,56.45505000,7663.80297250,0
1546249500000,136.01000000,136.63000000,136.01000000,136.53000000,1.26242000,1546249799999,171.85897360,6,1.03872000,141.38208560,0
1546249800000,136.39000000,136.39000000,136.23000000,136.23000000,0.01930000,1546250099999,2.63078780,2,0.01930000,2.63078780,0
1546250100000,135.81000000,135.92000000,135.81000000,135.91000000,0.29397000,1546250399999,39.92686560,4,0.02897000,3.93721560,0
1546250400000,135.87000000,135.87000000,135.87000000,135.87000000,0.00967000,1546250699999,1.31386290,1,0.00967000,1.31386290,0
1546250700000,135.87000000,135.87000000,135.87000000,135.87000000,0.00000000,1546250999999,0.00000000,0,0.00000000,0.00000000,0
1546251000000,135.86000000,135.86000000,135.24000000,135.24000000,0.08749000,1546251299999,11.83814300,2,0.00967000,1.31376620,0
1546251300000,135.59000000,135.69000000,135.56000000,135.67000000,3.25670000,1546251599999,441.74763710,11,3.25670000,441.74763710,0
1546251600000,135.69000000,135.95000000,135.55000000,135.95000000,6.90989000,1546251899999,938.98093460,10,6.90989000,938.98093460,0
1546251900000,135.69000000,135.75000000,135.69000000,135.71000000,0.31905000,1546252199999,43.30161970,4,0.31905000,43.30161970,0
1546252200000,135.96000000,135.96000000,135.20000000,135.20000000,55.01995000,1546252499999,7450.95947020,7,0.19700000,26.78412000,0
1546252500000,136.10000000,136.29000000,136.10000000,136.29000000,0.01940000,1546252799999,2.64218300,2,0.01940000,2.64218300,0
1546252800000,136.34000000,136.34000000,136.00000000,136.00000000,3.47699000,1546253099999,472.87393800,7,0.00970000,1.32249800,0
1546253100000,135.80000000,136.12000000,135.58000000,136.12000000,13.41209000,1546253399999,1818.59811940,8,0.88968000,120.80977160,0
1546253400000,136.12000000,136.12000000,136.12000000,136.12000000,0.00000000,1546253699999,0.00000000,0,0.00000000,0.00000000,0
1546253700000,135.93000000,135.93000000,135.93000000,135.93000000,0.00969000,1546253999999,1.31716170,1,0.00969000,1.31716170,0
1546254000000,135.93000000,135.93000000,135.93000000,135.93000000,0.00000000,1546254299999,0.00000000,0,0.00000000,0.00000000,0
1546254300000,135.47000000,135.50000000,134.60000000,134.99000000,10.32009000,1546254599999,1395.45330860,16,0.00970000,1.30940300,0
1546254600000,134.67000000,134.91000000,133.80000000,134.40000000,147.43284000,1546254899999,19825.00622470,80,24.53247000,3301.31484700,0
1546254900000,134.36000000,134.77000000,134.36000000,134.69000000,9.28468000,1546255199999,1250.66535370,11,9.28468000,1250.66535370,0
1546255200000,134.86000000,134.94000000,134.30000000,134.66000000,28.75053000,1546255499999,3866.41158030,13,19.52232000,2627.06297730,0
1546255500000,134.50000000,134.68000000,134.50000000,134.68000000,77.11711000,1546255799999,10384.29740960,31,77.11711000,10384.29740960,0
1546255800000,134.80000000,134.80000000,134.73000000,134.78000000,8.00722000,1546256099999,1079.19017130,6,5.39451000,727.17975300,0
1546256100000,134.71000000,134.77000000,134.46000000,134.46000000,1.40370000,1546256399999,188.84560150,5,1.28870000,173.35395150,0
1546256400000,134.54000000,134.56000000,134.24000000,134.35000000,12.02962000,1546256699999,1616.26076130,12,7.66283000,1029.55784930,0
1546256700000,134.20000000,134.49000000,134.08000000,134.49000000,10.61430000,1546256999999,1424.73868470,12,10.06539000,1351.07496270,0
1546257000000,134.38000000,134.71000000,134.34000000,134.71000000,12.72834000,1546257299999,1710.43648740,6,0.01958000,2.63683860,0
1546257300000,134.41000000,134.82000000,134.22000000,134.82000000,12.01956000,1546257599999,1614.45353820,4,0.01956000,2.63541660,0
1546257600000,134.62000000,134.62000000,134.41000000,134.50000000,6.96097000,1546257899999,936.16446970,13,6.96097000,936.16446970,0
1546257900000,134.50000000,134.53000000,134.49000000,134.53000000,20.81647000,1546258199999,2799.97620160,14,20.81647000,2799.97620160,0
1546258200000,134.63000000,134.67000000,134.61000000,134.61000000,12.97929000,1546258499999,1747.74620430,4,3.59100000,483.42519000,0
1546258500000,134.83000000,134.83000000,134.83000000,134.83000000,0.14818000,1546258799999,19.97910940,1,0.14818000,19.97910940,0
1546258800000,134.72000000,134.78000000,134.72000000,134.76000000,7.57364000,1546259099999,1020.49274220,3,0.00974000,1.31256240,0
1546259100000,134.78000000,134.80000000,134.78000000,134.80000000,10.66616000,1546259399999,1437.60243000,9,5.10762000,688.42240880,0
1546259400000,134.80000000,134.80000000,134.80000000,134.80000000,12.83154000,1546259699999,1729.69159200,5,12.83154000,1729.69159200,0
1546259700000,134.80000000,134.80000000,134.76000000,134.76000000,4.24046000,1546259999999,571.48657200,4,1.05456000,142.15468800,0
1546260000000,134.76000000,134.76000000,134.76000000,134.76000000,2.26147000,1546260299999,304.75569720,2,0.00000000,0.00000000,0
1546260300000,134.99000000,134.99000000,134.99000000,134.99000000,0.00975000,1546260599999,1.31615250,1,0.00975000,1.31615250,0
1546260600000,135.01000000,135.17000000,135.01000000,135.17000000,20.82583000,1546260899999,2814.31295090,15,20.58766000,2782.13380220,0
1546260900000,135.43000000,135.43000000,135.18000000,135.43000000,0.48813000,1546261199999,65.99027340,3,0.01944000,2.63275920,0
1546261200000,135.43000000,135.43000000,135.43000000,135.43000000,0.00972000,1546261499999,1.31637960,1,0.00972000,1.31637960,0
1546261500000,135.59000000,135.99000000,135.41000000,135.67000000,22.88049000,1546261799999,3108.21702180,9,21.07152000,2863.26439410,0
1546261800000,135.67000000,135.81000000,135.67000000,135.76000000,1.09955000,1546262099999,149.23865950,7,1.09955000,149.23865950,0
1546262100000,135.74000000,136.30000000,135.73000000,136.30000000,0.19590000,1546262399999,26.59592680,3,0.19590000,26.59592680,0
1546262400000,135.98000000,135.98000000,135.98000000,135.98000000,0.00968000,1546262699999,1.31628640,1,0.00968000,1.31628640,0
1546262700000,135.98000000,135.98000000,135.98000000,135.98000000,0.00000000,1546262999999,0.00000000,0,0.00000000,0.00000000,0
1546263000000,135.58000000,135.68000000,135.58000000,135.68000000,8.28557000,1546263299999,1124.17590760,2,8.28557000,1124.17590760,0
1546263300000,135.62000000,135.72000000,135.62000000,135.72000000,1.93536000,1546263599999,262.66599440,3,0.01936000,2.62647440,0
1546263600000,135.85000000,135.85000000,135.53000000,135.61000000,5.49481000,1546263899999,746.04826030,7,5.49481000,746.04826030,0
1546263900000,135.62000000,135.76000000,135.29000000,135.64000000,39.37658000,1546264199999,5338.19280850,14,19.54311000,2650.96718760,0
1546264200000,135.41000000,135.41000000,135.41000000,135.41000000,0.16339000,1546264499999,22.12463990,1,0.16339000,22.12463990,0
1546264500000,135.63000000,135.63000000,135.14000000,135.14000000,8.45086000,1546264799999,1143.25609810,3,0.13200000,17.90316000,0
1546264800000,135.21000000,135.25000000,135.18000000,135.25000000,0.43871000,1546265099999,59.32153750,4,0.43871000,59.32153750,0
1546265100000,135.25000000,135.25000000,135.25000000,135.25000000,0.00000000,1546265399999,0.00000000,0,0.00000000,0.00000000,0
1546265400000,135.36000000,135.36000000,135.16000000,135.20000000,2.49350000,1546265699999,337.38060000,11,2.49350000,337.38060000,0
1546265700000,135.20000000,135.49000000,135.18000000,135.23000000,6.19441000,1546265999999,837.63095340,17,6.19441000,837.63095340,0
1546266000000,135.32000000,135.32000000,135.27000000,135.27000000,0.40956000,1546266299999,55.41405970,4,0.40956000,55.41405970,0
1546266300000,135.26000000,135.26000000,135.26000000,135.26000000,6.00971000,1546266599999,812.87337460,3,6.00971000,812.87337460,0
1546266600000,135.10000000,135.78000000,135.10000000,135.58000000,5.62312000,1546266899999,760.25417460,5,5.62312000,760.25417460,0
1546266900000,135.68000000,135.68000000,135.12000000,135.28000000,0.87075000,1546267199999,117.66866200,5,0.03887000,5.26503640,0
1546267200000,135.24000000,135.77000000,135.24000000,135.77000000,80.00972000,1546267499999,10850.21365260,6,48.28084000,6542.38361500,0
1546267500000,135.21000000,135.21000000,135.21000000,135.21000000,4.51795000,1546267799999,610.87201950,4,0.00000000,0.00000000,0
1546267800000,135.51000000,137.53000000,135.51000000,136.68000000,109.48897000,1546268099999,14987.56439200,37,102.91457000,14088.24357480,0
1546268100000,136.68000000,136.68000000,136.26000000,136.68000000,24.39950000,1546268399999,3328.15588920,18,15.26305000,2081.84378710,0
1546268400000,137.29000000,137.48000000,135.20000000,135.31000000,237.55834000,1546268699999,32305.65021810,49,91.57646000,12406.42539980,0
1546268700000,136.09000000,136.10000000,135.30000000,135.56000000,5.82132000,1546268999999,789.82941140,11,2.43564000,331.44154200,0
1546269000000,135.57000000,135.83000000,135.57000000,135.83000000,18.00971000,1546269299999,2441.57890930,3,0.00971000,1.31890930,0
1546269300000,136.12000000,136.12000000,136.12000000,136.12000000,0.00969000,1546269599999,1.31900280,1,0.00969000,1.31900280,0
1546269600000,136.41000000,136.41000000,136.41000000,136.41000000,0.00969000,1546269899999,1.32181290,1,0.00969000,1.32181290,0
1546269900000,135.76000000,136.02000000,135.76000000,136.02000000,1.97443000,1546270199999,268.05363740,5,0.01931000,2.62654620,0
1546270200000,136.18000000,136.18000000,136.18000000,136.18000000,0.00968000,1546270499999,1.31822240,1,0.00968000,1.31822240,0
1546270500000,136.14000000,136.14000000,135.84000000,135.84000000,6.32612000,1546270799999,859.72784480,14,1.48968000,202.74583520,0
1546270800000,136.12000000,136.12000000,136.12000000,136.12000000,0.00967000,1546271099999,1.31628040,1,0.00967000,1.31628040,0
1546271100000,135.97000000,135.97000000,135.97000000,135.97000000,0.00967000,1546271399999,1.31482990,1,0.00967000,1.31482990,0
1546271400000,135.98000000,135.98000000,135.92000000,135.92000000,0.01932000,1546271699999,2.62655400,2,0.01932000,2.62655400,0
1546271700000,135.97000000,135.97000000,135.97000000,135.97000000,0.93354000,1546271999999,126.93343380,1,0.93354000,126.93343380,0
1546272000000,136.18000000,137.28000000,135.49000000,136.04000000,12.96542000,1546272299999,1767.91253680,15,2.93676000,400.59198030,0
1546272300000,135.88000000,136.05000000,135.86000000,135.86000000,14.13839000,1546272599999,1922.27289470,6,14.13839000,1922.27289470,0
1546272600000,135.56000000,135.58000000,135.40000000,135.46000000,4.71320000,1546272899999,638.48029940,5,4.56620000,618.55297940,0
1546272900000,135.23000000,135.23000000,134.65000000,134.65000000,20.68092000,1546273199999,2790.58200190,11,3.71476000,501.48881890,0
1546273200000,135.03000000,135.80000000,135.03000000,135.53000000,7.33536000,1546273499999,991.21874270,5,1.18336000,160.33646270,0
1546273500000,135.60000000,135.66000000,135.53000000,135.53000000,0.02494000,1546273799999,3.38205640,3,0.01940000,2.63122020,0
1546273800000,135.43000000,135.43000000,135.09000000,135.30000000,10.22253000,1546274099999,1381.57486210,8,2.41453000,326.79214210,0
1546274100000,135.58000000,135.62000000,135.36000000,135.62000000,18.40409000,1546274399999,2491.22939680,13,0.02909000,3.94421680,0
1546274400000,135.41000000,135.55000000,135.41000000,135.45000000,14.05436000,1546274699999,1903.40704580,3,14.05436000,1903.40704580,0
1546274700000,135.12000000,135.43000000,135.10000000,135.43000000,8.99339000,1546274999999,1215.17608880,8,8.25583000,1115.53173280,0
1546275000000,135.00000000,135.00000000,134.44000000,134.77000000,4.00323000,1546275299999,539.66195110,10,0.01946000,2.62437380,0
1546275300000,135.12000000,135.12000000,134.96000000,134.99000000,7.55705000,1546275599999,1019.93261480,4,7.55705000,1019.93261480,0
1546275600000,134.99000000,135.14000000,134.99000000,135.13000000,5.45143000,1546275899999,735.89389320,8,5.45143000,735.89389320,0
1546275900000,135.14000000,135.19000000,134.29000000,134.97000000,19.60387000,1546276199999,2640.11430830,14,18.47568000,2488.34121510,0
1546276200000,135.35000000,135.35000000,135.21000000,135.21000000,3.75566000,1546276499999,508.32663100,5,3.75566000,508.32663100,0
1546276500000,135.49000000,135.49000000,134.92000000,134.92000000,5.33196000,1546276799999,719.39360070,3,5.33196000,719.39360070,0
1546276800000,135.01000000,135.01000000,135.01000000,135.01000000,0.00974000,1546277099999,1.31499740,1,0.00974000,1.31499740,0
1546277100000,135.01000000,135.01000000,135.01000000,135.01000000,0.81700000,1546277399999,110.30317000,1,0.81700000,110.30317000,0
1546277400000,135.01000000,135.67000000,135.01000000,135.67000000,2.66700000,1546277699999,360.13122680,4,2.66700000,360.13122680,0
1546277700000,135.70000000,135.70000000,135.45000000,135.63000000,0.43016000,1546277999999,58.27071270,5,0.02916000,3.95526270,0
1546278000000,135.51000000,135.51000000,135.35000000,135.37000000,16.11422000,1546278299999,2181.65077500,28,16.11422000,2181.65077500,0
1546278300000,135.43000000,135.43000000,135.39000000,135.39000000,0.04850000,1546278599999,6.56777300,5,0.04850000,6.56777300,0
1546278600000,135.30000000,135.30000000,135.01000000,135.01000000,0.09429000,1546278899999,12.73290590,2,0.00970000,1.31241000,0
1546278900000,135.31000000,135.32000000,135.16000000,135.17000000,22.68248000,1546279199999,3066.11466940,15,22.68248000,3066.11466940,0
1546279200000,135.32000000,135.32000000,135.27000000,135.27000000,0.03889000,1546279499999,5.26113680,4,0.03889000,5.26113680,0
1546279500000,135.27000000,135.27000000,135.01000000,135.06000000,27.46408000,1546279799999,3710.67903970,12,27.46408000,3710.67903970,0
1546279800000,135.06000000,135.13000000,135.06000000,135.11000000,24.66344000,1546280099999,3331.68983600,9,11.87758000,1604.19229140,0
1546280100000,134.83000000,135.29000000,134.83000000,135.00000000,2.84157000,1546280399999,383.61056190,5,0.09294000,12.55970520,0
1546280400000,135.07000000,135.22000000,135.07000000,135.21000000,6.62288000,1546280699999,895.46471400,5,6.62288000,895.46471400,0
1546280700000,135.19000000,135.19000000,134.87000000,134.87000000,0.84358000,1546280999999,113.85720580,3,0.26116000,35.30622040,0
1546281000000,135.28000000,135.28000000,135.28000000,135.28000000,0.00972000,1546281299999,1.31492160,1,0.00972000,1.31492160,0
1546281300000,135.28000000,135.28000000,135.28000000,135.28000000,0.73900000,1546281599999,99.97192000,1,0.00000000,0.00000000,0
1546281600000,135.28000000,135.28000000,135.28000000,135.28000000,0.00000000,1546281899999,0.00000000,0,0.00000000,0.00000000,0
1546281900000,135.28000000,135.29000000,135.28000000,135.29000000,0.00991000,1546282199999,1.34072190,2,0.00971000,1.31366590,0
1546282200000,135.29000000,135.29000000,135.29000000,135.29000000,0.00000000,1546282499999,0.00000000,0,0.00000000,0.00000000,0
1546282500000,135.29000000,135.29000000,135.29000000,135.29000000,0.00000000,1546282799999,0.00000000,0,0.00000000,0.00000000,0
1546282800000,134.87000000,135.19000000,134.87000000,135.19000000,0.40971000,1546283099999,55.26069490,2,0.00971000,1.31269490,0
1546283100000,135.19000000,135.19000000,135.19000000,135.19000000,0.00000000,1546283399999,0.00000000,0,0.00000000,0.00000000,0
1546283400000,134.70000000,134.71000000,134.70000000,134.71000000,6.13882000,1546283699999,826.92299240,7,0.00000000,0.00000000,0
1546283700000,134.51000000,134.71000000,134.51000000,134.71000000,0.22270000,1546283999999,29.97764700,3,0.11135000,14.97768850,0
1546284000000,134.50000000,134.84000000,134.50000000,134.77000000,6.52960000,1546284299999,879.62609480,9,0.01951000,2.63004590,0
1546284300000,135.08000000,135.08000000,134.85000000,134.85000000,0.01950000,1546284599999,2.63181750,2,0.01950000,2.63181750,0
1546284600000,134.50000000,134.97000000,134.50000000,134.97000000,18.52519000,1546284899999,2496.48980750,8,7.93685000,1071.04587290,0
1546284900000,134.88000000,134.88000000,133.87000000,133.87000000,7.60035000,1546285199999,1017.48711960,3,0.00975000,1.31508000,0
1546285200000,134.08000000,134.81000000,130.74000000,130.74000000,250.59770000,1546285499999,33209.28585170,84,19.36636000,2574.75986040,0
1546285500000,131.40000000,131.40000000,128.23000000,130.63000000,310.70154000,1546285799999,40270.51716590,83,189.28053000,24577.94932770,0
1546285800000,129.98000000,131.50000000,129.98000000,131.50000000,111.47731000,1546286099999,14536.37639180,60,21.35495000,2792.47808280,0
1546286100000,131.77000000,132.04000000,130.63000000,131.14000000,125.45242000,1546286399999,16462.38403770,43,42.78293000,5624.16607290,0
1546286400000,131.02000000,131.27000000,131.02000000,131.12000000,40.85050000,1546286699999,5354.99965380,7,38.86109000,5094.34715560,0
1546286700000,130.68000000,131.57000000,130.60000000,131.48000000,84.01148000,1546286999999,10994.82296310,28,23.77120000,3114.15811480,0
1546287000000,131.55000000,131.55000000,130.86000000,131.10000000,72.37037000,1546287299999,9485.54042770,27,37.08694000,4857.68275470,0
1546287300000,131.21000000,131.21000000,131.10000000,131.10000000,4.95636000,1546287599999,649.94141560,4,0.94100000,123.46861000,0
1546287600000,130.79000000,131.23000000,130.79000000,130.80000000,54.72982000,1546287899999,7160.45765490,20,25.45165000,3330.62300510,0
1546287900000,130.84000000,131.21000000,130.72000000,130.95000000,60.81752000,1546288199999,7959.25763970,14,11.69232000,1530.59994140,0
1546288200000,131.35000000,131.35000000,130.73000000,131.10000000,5.35705000,1546288499999,701.56307100,6,0.74527000,97.82591160,0
1546288500000,130.95000000,131.22000000,130.76000000,130.76000000,18.39254000,1546288799999,2410.85692740,18,12.61713000,1654.32763820,0
1546288800000,130.90000000,130.90000000,130.50000000,130.58000000,87.49895000,1546289099999,11439.32432820,27,5.99490000,782.75409300,0
1546289100000,130.95000000,130.95000000,130.95000000,130.95000000,0.01005000,1546289399999,1.31604750,1,0.01005000,1.31604750,0
1546289400000,130.95000000,130.98000000,130.45000000,130.45000000,14.28276000,1546289699999,1864.73173470,8,2.17473000,284.84613540,0
1546289700000,130.86000000,130.86000000,130.86000000,130.86000000,6.50391000,1546289999999,851.10166260,1,0.00000000,0.00000000,0
1546290000000,130.73000000,130.85000000,130.73000000,130.85000000,6.26320000,1546290299999,819.48881600,2,0.00000000,0.00000000,0
1546290300000,130.85000000,130.85000000,130.85000000,130.85000000,10.82016000,1546290599999,1415.81793600,3,10.82016000,1415.81793600,0
1546290600000,130.73000000,130.86000000,130.73000000,130.86000000,1.04205000,1546290899999,136.22850170,3,0.01004000,1.31383440,0
1546290900000,130.86000000,131.00000000,130.86000000,131.00000000,2.12179000,1546291199999,277.93635580,6,2.12179000,277.93635580,0
1546291200000,130.68000000,130.89000000,130.68000000,130.89000000,3.05921000,1546291499999,399.77967120,2,0.01004000,1.31413560,0
1546291500000,130.84000000,130.93000000,130.74000000,130.93000000,1.26648000,1546291799999,165.74332190,4,1.26648000,165.74332190,0
1546291800000,130.51000000,130.74000000,130.44000000,130.74000000,2.23035000,1546292099999,291.32144400,4,1.20857000,158.00844180,0
1546292100000,130.77000000,130.77000000,130.41000000,130.41000000,4.63805000,1546292399999,605.34496320,3,1.82687000,238.73897940,0
1546292400000,130.55000000,130.71000000,129.82000000,130.61000000,71.33792000,1546292699999,9288.14716460,14,2.35640000,306.34529240,0
1546292700000,130.49000000,130.49000000,129.67000000,129.67000000,43.05487000,1546292999999,5601.08097960,15,10.97305000,1430.51014850,0
1546293000000,129.98000000,130.58000000,129.81000000,130.58000000,54.62481000,1546293299999,7100.14319780,18,44.62481000,5801.16319780,0
1546293300000,130.57000000,130.57000000,130.55000000,130.55000000,0.02022000,1546293599999,2.63992320,2,0.02022000,2.63992320,0
1546293600000,130.31000000,130.36000000,129.70000000,130.21000000,55.52261000,1546293899999,7222.43196840,17,27.49206000,3579.24782120,0
1546293900000,130.14000000,130.14000000,129.96000000,129.96000000,9.54935000,1546294199999,1242.75059100,6,9.54935000,1242.75059100,0
1546294200000,130.04000000,130.04000000,129.96000000,130.03000000,16.99038000,1546294499999,2209.18201710,12,14.99038000,1949.26201710,0
1546294500000,129.96000000,129.96000000,129.76000000,129.76000000,8.97894000,1546294799999,1165.24215240,4,0.02680000,3.48292800,0
1546294800000,129.99000000,130.35000000,129.99000000,130.35000000,13.28611000,1546295099999,1728.44102880,13,5.76773000,751.00145510,0
1546295100000,130.35000000,130.40000000,130.11000000,130.40000000,29.72905000,1546295399999,3869.86492680,17,2.65505000,345.69033680,0
1546295400000,130.31000000,130.42000000,130.26000000,130.42000000,32.10552000,1546295699999,4186.01814900,25,18.56652000,2420.71420800,0
1546295700000,130.74000000,130.74000000,130.70000000,130.72000000,18.01195000,1546295999999,2354.38926560,13,4.07308000,532.51447920,0
1546296000000,130.97000000,131.20000000,130.95000000,130.97000000,9.24669000,1546296299999,1212.04713530,6,6.64527000,871.35118630,0
1546296300000,131.08000000,131.09000000,131.08000000,131.08000000,21.50855000,1546296599999,2819.34518200,16,0.00000000,0.00000000,0
1546296600000,131.16000000,131.16000000,131.04000000,131.04000000,0.02004000,1546296899999,2.62724400,2,0.02004000,2.62724400,0
1546296900000,131.06000000,131.06000000,130.95000000,130.95000000,22.00000000,1546297199999,2883.10000000,7,20.00000000,2621.20000000,0
1546297200000,130.97000000,131.85000000,130.97000000,131.85000000,11.68881000,1546297499999,1534.52230560,11,3.57486000,470.24355240,0
1546297500000,131.88000000,131.88000000,131.58000000,131.59000000,102.15782000,1546297799999,13446.28274050,42,92.17999000,12131.00208830,0
1546297800000,131.53000000,131.53000000,131.20000000,131.20000000,227.65267000,1546298099999,29898.97727290,107,227.65267000,29898.97727290,0
1546298100000,131.19000000,131.40000000,131.19000000,131.40000000,6.07701000,1546298399999,798.09911400,2,4.07701000,535.71911400,0
1546298400000,131.40000000,131.40000000,131.30000000,131.30000000,23.74270000,1546298699999,3118.00880900,8,23.74270000,3118.00880900,0
1546298700000,131.30000000,131.30000000,131.25000000,131.25000000,56.97258000,1546298999999,7479.49975400,18,56.97258000,7479.49975400,0
1546299000000,131.30000000,131.30000000,130.89000000,131.12000000,57.33292000,1546299299999,7515.97388360,22,45.37463000,5948.95380350,0
1546299300000,131.18000000,131.29000000,131.18000000,131.29000000,53.45122000,1546299599999,7013.55086740,23,53.45122000,7013.55086740,0
1546299600000,131.29000000,131.29000000,131.14000000,131.22000000,75.35411000,1546299899999,9885.46306540,42,75.35411000,9885.46306540,0
1546299900000,131.17000000,131.22000000,131.00000000,131.10000000,22.82505000,1546300199999,2993.54749380,12,22.82505000,2993.54749380,0
1546300200000,130.95000000,131.22000000,130.95000000,131.22000000,23.66014000,1546300499999,3101.53026980,11,23.66014000,3101.53026980,0
1546300500000,131.12000000,131.14000000,131.01000000,131.14000000,62.38912000,1546300799999,8180.54246360,33,60.38912000,7918.52246360,0
