1640995200000,3677.24000000,3730.27000000,3677.23000000,3722.36000000,258.65670000,1640998799999,960802.45364800,507,180.57280000,671085.59818800,0
1640998800000,3722.36000000,3747.44000000,3714.31000000,3723.95000000,243.54230000,1641002399999,910136.24954400,646,171.31950000,640644.48722600,0
1641002400000,3729.30000000,3736.82000000,3723.70000000,3727.53000000,113.78680000,1641005999999,424384.16945800,295,58.77970000,219226.35827500,0
1641006000000,3728.33000000,3737.12000000,3717.80000000,3723.34000000,99.81290000,1641009599999,371974.05881900,211,46.91160000,174903.92794600,0
1641009600000,3724.58000000,3727.66000000,3708.14000000,3708.14000000,73.88650000,1641013199999,274603.33473300,250,40.79490000,151648.05222200,0
1641013200000,3707.47000000,3763.97000000,3702.53000000,3735.32000000,165.73280000,1641016799999,620300.18131800,537,69.69300000,260823.61666600,0
1641016800000,3737.81000000,3742.26000000,3709.09000000,3711.73000000,100.35910000,1641020399999,374048.71912900,351,42.22000000,157336.55089100,0
1641020400000,3711.80000000,3723.65000000,3700.95000000,3714.83000000,166.26320000,1641023999999,617025.38245100,390,69.54570000,258113.31428000,0
1641024000000,3716.97000000,3734.39000000,3709.09000000,3722.25000000,67.17850000,1641027599999,250076.40631700,221,43.00600000,160167.25271000,0
1641027600000,3722.79000000,3729.25000000,3710.34000000,3716.29000000,130.26310000,1641031199999,485232.10863600,309,45.70120000,170227.32481100,0
1641031200000,3721.65000000,3731.31000000,3674.81000000,3694.91000000,187.96260000,1641034799999,695554.06538300,543,91.15870000,337400.67190300,0
1641034800000,3692.99000000,3711.14000000,3692.95000000,3695.46000000,83.03340000,1641038399999,307357.18965400,247,46.40960000,171778.82835700,0
1641038400000,3694.80000000,3717.73000000,3694.19000000,3716.53000000,58.23680000,1641041999999,215907.56338200,249,27.89170000,103366.70304500,0
1641042000000,3717.02000000,3724.25000000,3706.54000000,3711.03000000,153.98370000,1641045599999,572240.40095300,355,80.91980000,300825.21530900,0
1641045600000,3711.36000000,3714.50000000,3693.21000000,3701.31000000,66.20530000,1641049199999,245441.91593100,236,22.69200000,84099.40752600,0
1641049200000,3695.61000000,3744.94000000,3693.77000000,3723.78000000,225.76330000,1641052799999,842156.66927600,546,135.86200000,506751.41328200,0
1641052800000,3724.58000000,3748.00000000,3720.08000000,3727.99000000,156.50150000,1641056399999,584648.57741400,304,82.21290000,307134.88320500,0
1641056400000,3729.42000000,3764.99000000,3727.95000000,3762.55000000,678.91030000,1641059999999,2537289.19297100,861,63.13610000,236811.49523700,0
1641060000000,3764.43000000,3766.08000000,3741.39000000,3751.35000000,96.77300000,1641063599999,363018.75956000,263,61.50060000,230732.84757700,0
1641063600000,3753.18000000,3756.66000000,3736.04000000,3746.78000000,61.50680000,1641067199999,230323.67311400,178,32.77130000,122706.59974500,0
1641067200000,3750.33000000,3777.73000000,3740.21000000,3764.65000000,99.62570000,1641070799999,375013.11944100,290,33.14520000,124790.36024500,0
1641070800000,3761.69000000,3777.54000000,3747.03000000,3749.50000000,116.00740000,1641074399999,436757.47019400,268,61.43850000,231224.13140800,0
1641074400000,3747.00000000,3765.20000000,3740.38000000,3756.17000000,119.31920000,1641077999999,447611.53738200,281,52.52850000,197129.91251500,0
1641078000000,3757.04000000,3775.61000000,3747.17000000,3767.76000000,127.51530000,1641081599999,479311.38230100,333,70.10080000,263444.88379400,0
1641081600000,3768.01000000,3770.74000000,3752.33000000,3763.18000000,85.60790000,1641085199999,322218.27078100,203,30.67160000,115447.84813200,0
1641085200000,3764.70000000,3765.03000000,3742.45000000,3746.83000000,86.19360000,1641088799999,323481.95444100,203,19.37750000,72758.39444600,0
1641088800000,3746.04000000,3753.50000000,3741.58000000,3747.12000000,91.31990000,1641092399999,342281.22741400,199,22.93240000,85953.77900300,0
1641092400000,3747.54000000,3760.78000000,3743.79000000,3759.30000000,38.38460000,1641095999999,143998.85250600,140,19.25110000,72255.02323400,0
1641096000000,3759.83000000,3763.20000000,3717.00000000,3722.98000000,108.63730000,1641099599999,405898.75078300,340,58.26810000,217642.56551500,0
1641099600000,3722.21000000,3744.94000000,3722.21000000,3742.35000000,101.79550000,1641103199999,380097.71579300,217,63.39920000,236751.82641100,0
1641103200000,3743.58000000,3749.69000000,3738.79000000,3738.79000000,90.16810000,1641106799999,337604.32377400,236,45.09600000,168856.21303000,0
1641106800000,3738.34000000,3752.02000000,3735.02000000,3747.52000000,38.71230000,1641110399999,144900.95629200,100,12.98680000,48650.57166600,0
1641110400000,3748.33000000,3748.33000000,3733.89000000,3744.99000000,108.29110000,1641113999999,405028.01372100,243,84.36510000,315567.60341300,0
1641114000000,3743.78000000,3770.61000000,3738.94000000,3752.75000000,76.61120000,1641117599999,287853.99611100,383,36.60030000,137518.21543100,0
1641117600000,3752.75000000,3759.87000000,3740.32000000,3741.99000000,118.46310000,1641121199999,444276.14494000,320,41.65370000,156173.48720200,0
1641121200000,3743.40000000,3755.99000000,3742.39000000,3744.01000000,53.42480000,1641124799999,200221.59982100,182,24.65320000,92445.57880200,0
1641124800000,3744.79000000,3759.31000000,3729.89000000,3755.39000000,147.77190000,1641128399999,552920.31466800,457,57.69080000,215951.97265400,0
1641128400000,3756.16000000,3756.92000000,3740.09000000,3747.91000000,93.39280000,1641131999999,350057.75220800,324,63.67480000,238672.93454600,0
1641132000000,3744.38000000,3757.52000000,3744.26000000,3753.04000000,79.08400000,1641135599999,296720.89094300,327,38.41150000,144139.13593400,0
1641135600000,3753.25000000,3790.00000000,3753.25000000,3780.55000000,185.13140000,1641139199999,698412.40974800,582,91.34910000,344689.19577200,0
1641139200000,3779.65000000,3850.00000000,3779.54000000,3839.65000000,492.52130000,1641142799999,1883461.41989700,1082,277.39870000,1062240.23692100,0
1641142800000,3844.00000000,3857.39000000,3811.61000000,3823.08000000,252.95510000,1641146399999,969282.37416200,609,114.71270000,439698.94260400,0
1641146400000,3825.29000000,3827.34000000,3765.91000000,3795.74000000,315.64630000,1641149999999,1197271.01687800,713,138.34790000,525255.20278100,0
1641150000000,3794.79000000,3806.17000000,3784.95000000,3799.90000000,131.34390000,1641153599999,498664.69624900,294,72.44300000,275156.65481700,0
1641153600000,3797.90000000,3814.73000000,3795.11000000,3810.02000000,72.83650000,1641157199999,277114.80031300,234,48.55350000,184694.30320600,0
1641157200000,3810.02000000,3828.95000000,3802.69000000,3811.09000000,60.18620000,1641160799999,229731.86119300,212,22.62720000,86329.77439900,0
1641160800000,3813.22000000,3833.79000000,3810.33000000,3826.86000000,75.42350000,1641164399999,288295.62235500,191,30.00250000,114666.36492300,0
1641164400000,3828.27000000,3841.49000000,3820.22000000,3831.00000000,78.74500000,1641167999999,301664.89952200,241,46.67080000,178763.25337900,0
1641168000000,3828.26000000,3828.26000000,3806.74000000,3808.96000000,140.92560000,1641171599999,537976.09256900,352,67.10770000,256243.05052400,0
1641171600000,3806.25000000,3810.53000000,3796.44000000,3804.20000000,117.06370000,1641175199999,445435.48133400,257,54.06970000,205756.04179000,0
1641175200000,3805.14000000,3805.14000000,3786.68000000,3798.30000000,107.86600000,1641178799999,409366.39291200,238,35.63530000,135338.11332500,0
1641178800000,3798.36000000,3807.86000000,3776.88000000,3785.96000000,177.46360000,1641182399999,673695.57487700,280,90.56060000,344112.95589200,0
1641182400000,3784.38000000,3800.61000000,3784.28000000,3790.77000000,61.83110000,1641185999999,234544.13923100,173,37.51360000,142271.14666600,0
1641186000000,3792.44000000,3824.12000000,3792.44000000,3813.64000000,236.67040000,1641189599999,901576.21008300,538,95.09330000,362321.61494900,0
1641189600000,3813.64000000,3816.51000000,3800.75000000,3804.00000000,104.25350000,1641193199999,396901.06199700,395,39.59520000,150796.77874000,0
1641193200000,3804.55000000,3809.32000000,3799.21000000,3808.54000000,54.82350000,1641196799999,208646.67403400,165,35.49700000,135093.06181600,0
1641196800000,3810.27000000,3821.87000000,3804.56000000,3807.44000000,63.16410000,1641200399999,240906.78280000,205,38.91230000,148380.21004400,0
1641200400000,3809.80000000,3818.36000000,3792.35000000,3809.91000000,149.81130000,1641203999999,570298.15039600,283,57.13030000,217619.04571700,0
1641204000000,3809.86000000,3831.29000000,3809.86000000,3825.26000000,314.52900000,1641207599999,1202044.01203300,586,85.86600000,327967.90857000,0
1641207600000,3824.57000000,3845.97000000,3824.57000000,3838.52000000,197.43510000,1641211199999,757321.03953100,475,103.84210000,398258.66725000,0
1641211200000,3836.66000000,3838.69000000,3817.46000000,3820.00000000,126.37460000,1641214799999,483886.08821400,307,62.75260000,240329.18598500,0
1641214800000,3820.00000000,3831.19000000,3818.86000000,3821.70000000,172.24360000,1641218399999,658919.85682900,275,78.85960000,301758.61830200,0
1641218400000,3818.90000000,3852.39000000,3803.62000000,3804.11000000,411.27150000,1641221999999,1572719.88951800,861,209.85720000,801916.98030500,0
1641222000000,3805.68000000,3813.49000000,3776.72000000,3786.41000000,341.58120000,1641225599999,1296312.91976400,710,194.13580000,736373.41062400,0
1641225600000,3782.70000000,3794.06000000,3735.55000000,3748.45000000,847.50610000,1641229199999,3179256.25441800,1270,508.10220000,1905721.27410200,0
1641229200000,3745.65000000,3776.13000000,3744.69000000,3763.71000000,188.88630000,1641232799999,710001.40334900,398,74.40400000,279706.46235100,0
1641232800000,3761.69000000,3771.24000000,3745.75000000,3753.56000000,113.52150000,1641236399999,426517.87445600,248,73.29120000,275436.25531600,0
1641236400000,3753.99000000,3763.05000000,3739.53000000,3739.53000000,247.57770000,1641239999999,929648.66020300,467,164.89220000,619169.82773200,0
1641240000000,3739.08000000,3741.59000000,3677.78000000,3699.82000000,697.52850000,1641243599999,2586335.33243200,1476,302.68760000,1123837.20434300,0
1641243600000,3695.73000000,3733.33000000,3693.12000000,3723.91000000,139.35580000,1641247199999,517447.46850600,358,54.45340000,202279.97953000,0
1641247200000,3722.29000000,3771.94000000,3722.24000000,3752.29000000,99.71810000,1641250799999,373676.23504000,412,50.15870000,187880.53884700,0
1641250800000,3752.54000000,3776.33000000,3746.88000000,3762.48000000,122.04880000,1641254399999,459101.81426700,358,61.18430000,230175.24571100,0
1641254400000,3766.07000000,3773.19000000,3735.59000000,3742.65000000,81.04340000,1641257999999,304636.01542400,315,42.08630000,158134.76425400,0
1641258000000,3742.82000000,3757.57000000,3728.57000000,3734.04000000,31.02830000,1641261599999,116106.12592300,141,14.74190000,55156.43909800,0
1641261600000,3733.17000000,3740.49000000,3713.70000000,3725.04000000,193.97950000,1641265199999,722486.00621300,449,66.06550000,246169.12211000,0
1641265200000,3727.82000000,3749.33000000,3719.71000000,3744.45000000,118.71690000,1641268799999,443747.58408800,271,68.73020000,256820.82683300,0
1641268800000,3741.40000000,3753.77000000,3728.10000000,3730.96000000,337.60570000,1641272399999,1262865.79524200,1488,233.86880000,874796.33534000,0
1641272400000,3729.84000000,3746.31000000,3726.39000000,3741.55000000,242.48510000,1641275999999,906151.21971200,1760,201.89120000,754476.84209600,0
1641276000000,3741.22000000,3755.99000000,3734.63000000,3751.45000000,310.21570000,1641279599999,1163194.12800500,1380,160.03440000,599784.80474500,0
1641279600000,3751.87000000,3763.39000000,3746.84000000,3758.61000000,203.41430000,1641283199999,763422.49537500,304,36.54610000,137269.85699400,0
1641283200000,3763.80000000,3780.00000000,3757.76000000,3770.53000000,300.08150000,1641286799999,1131558.10341200,494,158.07540000,596126.39764600,0
1641286800000,3771.06000000,3778.49000000,3764.03000000,3766.91000000,50.27120000,1641290399999,189579.76160800,186,14.30770000,53976.07155800,0
1641290400000,3766.91000000,3815.30000000,3764.19000000,3805.72000000,481.47620000,1641293999999,1825821.12864600,811,247.83620000,939692.30086300,0
1641294000000,3807.66000000,3840.14000000,3807.66000000,3836.69000000,520.62520000,1641297599999,1992130.11563300,1056,242.74970000,928763.53893600,0
1641297600000,3836.29000000,3842.41000000,3817.64000000,3830.82000000,306.43170000,1641301199999,1173257.50762400,621,131.26600000,502455.59991200,0
1641301200000,3832.39000000,3876.17000000,3814.86000000,3864.73000000,554.87100000,1641304799999,2137156.60371100,1031,177.57220000,683321.68242800,0
1641304800000,3866.44000000,3896.00000000,3853.80000000,3875.88000000,543.86660000,1641308399999,2106594.96154200,1112,296.74310000,1149303.03977300,0
1641308400000,3877.38000000,3885.08000000,3844.83000000,3847.08000000,270.03590000,1641311999999,1044509.79895600,593,142.56040000,551407.72131800,0
1641312000000,3849.34000000,3859.35000000,3837.00000000,3850.17000000,307.43520000,1641315599999,1183315.29875200,630,159.22990000,612859.52252700,0
1641315600000,3850.11000000,3864.32000000,3836.42000000,3836.74000000,262.08640000,1641319199999,1010354.68957300,453,44.30320000,170847.13603900,0
1641319200000,3835.98000000,3853.96000000,3764.33000000,3769.76000000,707.23260000,1641322799999,2688135.04215100,1317,432.85740000,1643537.19920600,0
1641322800000,3766.42000000,3840.83000000,3758.74000000,3812.44000000,599.96510000,1641326399999,2286174.38239800,1328,280.43110000,1068097.10786100,0
1641326400000,3810.84000000,3828.32000000,3796.03000000,3816.65000000,213.30680000,1641329999999,813234.28094400,462,97.21510000,370802.67713800,0
1641330000000,3816.73000000,3832.23000000,3809.60000000,3825.04000000,124.53070000,1641333599999,475803.62802100,312,48.29000000,184451.84604200,0
1641333600000,3821.18000000,3823.95000000,3806.06000000,3814.64000000,60.71020000,1641337199999,231713.46997100,233,33.01320000,126008.26950200,0
1641337200000,3811.07000000,3814.64000000,3782.32000000,3784.02000000,195.07650000,1641340799999,741065.04434500,430,59.66640000,226766.62756500,0
1641340800000,3784.57000000,3812.48000000,3766.44000000,3812.48000000,233.16770000,1641344399999,884569.04730700,602,68.14810000,258375.78962400,0
1641344400000,3808.78000000,3810.02000000,3792.16000000,3794.27000000,60.80930000,1641347999999,231245.36185700,338,33.26530000,126498.23069500,0
1641348000000,3794.10000000,3806.59000000,3794.02000000,3802.29000000,77.78320000,1641351599999,295693.82353400,219,41.55050000,157976.03127200,0
1641351600000,3802.95000000,3826.26000000,3802.60000000,3810.57000000,66.19910000,1641355199999,252524.17516400,237,31.25550000,119217.58757400,0
1641355200000,3807.65000000,3815.23000000,3802.42000000,3805.89000000,76.09900000,1641358799999,289975.36614800,170,34.27500000,130694.34397700,0
1641358800000,3806.95000000,3806.99000000,3797.47000000,3805.94000000,27.16760000,1641362399999,103305.04841200,90,4.31210000,16397.25996500,0
1641362400000,3804.55000000,3823.89000000,3800.56000000,3818.73000000,153.40250000,1641365999999,585492.94547700,312,116.88490000,446264.37422700,0
1641366000000,3818.95000000,3821.87000000,3810.81000000,3816.08000000,36.85620000,1641369599999,140636.27155000,112,5.75950000,21971.30801700,0
1641369600000,3816.66000000,3827.59000000,3803.00000000,3822.64000000,193.51610000,1641373199999,738621.61798100,360,69.83200000,266215.89457100,0
1641373200000,3820.27000000,3840.29000000,3818.00000000,3837.51000000,121.40080000,1641376799999,465006.22836300,305,40.29780000,154390.75116400,0
1641376800000,3837.93000000,3848.10000000,3820.00000000,3826.52000000,349.80850000,1641380399999,1339122.62846400,672,251.00310000,960562.37722500,0
1641380400000,3826.05000000,3826.52000000,3782.96000000,3792.76000000,278.80460000,1641383999999,1061249.59529900,621,170.51300000,649773.87986700,0
1641384000000,3792.53000000,3796.49000000,3764.33000000,3790.39000000,302.45430000,1641387599999,1142728.20002100,656,175.60080000,663398.04520300,0
1641387600000,3792.10000000,3814.78000000,3781.71000000,3814.48000000,185.45900000,1641391199999,704943.88427200,449,70.31510000,267389.40931600,0
1641391200000,3815.34000000,3832.37000000,3788.04000000,3821.70000000,336.81290000,1641394799999,1283803.63103300,886,123.61600000,471084.22968300,0
1641394800000,3821.00000000,3826.45000000,3805.46000000,3820.03000000,129.21120000,1641398399999,492898.42509800,373,47.78860000,182318.00818900,0
1641398400000,3823.73000000,3824.37000000,3791.14000000,3793.28000000,158.32780000,1641401999999,602623.72317900,404,55.25090000,210150.70455600,0
1641402000000,3793.28000000,3805.40000000,3773.24000000,3773.24000000,219.11750000,1641405599999,831061.70872000,513,115.33640000,437574.21115500,0
1641405600000,3772.64000000,3773.97000000,3726.78000000,3750.36000000,739.14800000,1641409199999,2770523.92772300,1122,443.69680000,1663930.70440900,0
1641409200000,3745.45000000,3757.57000000,3645.85000000,3655.00000000,7076.52170000,1641412799999,26070727.49679800,7952,1592.37550000,5882429.61114800,0
1641412800000,3648.30000000,3661.43000000,3583.71000000,3590.57000000,2032.18130000,1641416399999,7366633.79797700,2730,1027.51080000,3730818.67494700,0
1641416400000,3591.03000000,3633.72000000,3552.67000000,3553.33000000,1006.34800000,1641419999999,3607116.37444600,1652,474.20130000,1701008.84712400,0
1641420000000,3555.43000000,3568.54000000,3400.70000000,3533.96000000,2894.29090000,1641423599999,10159732.02538500,4117,1505.98280000,5296180.59079600,0
1641423600000,3533.95000000,3565.81000000,3500.02000000,3539.60000000,947.93230000,1641427199999,3357265.92006800,1299,540.34940000,1913582.64658400,0
1641427200000,3538.82000000,3550.68000000,3515.88000000,3537.53000000,306.72500000,1641430799999,1083442.34629400,634,155.45020000,549112.15295900,0
1641430800000,3538.56000000,3540.57000000,3501.90000000,3527.28000000,471.08770000,1641434399999,1660896.39141700,825,207.47270000,730634.67492000,0
1641434400000,3519.93000000,3529.59000000,3492.00000000,3507.35000000,571.55300000,1641437999999,2006464.66606800,847,263.17950000,924367.18688100,0
1641438000000,3504.97000000,3510.00000000,3450.00000000,3450.05000000,2819.71480000,1641441599999,9801555.54296600,3491,627.52500000,2182063.26666800,0
1641441600000,3450.48000000,3470.66000000,3405.29000000,3449.81000000,1320.77080000,1641445199999,4544565.81999100,2450,489.89700000,1683878.01202000,0
1641445200000,3450.80000000,3478.78000000,3436.35000000,3460.10000000,326.48030000,1641448799999,1128460.85582200,864,168.92220000,583799.96116900,0
1641448800000,3456.00000000,3467.58000000,3420.13000000,3436.65000000,1463.74260000,1641452399999,5026263.59057800,1645,1192.25000000,4092569.78144000,0
1641452400000,3436.43000000,3462.68000000,3426.93000000,3452.14000000,905.73610000,1641455999999,3123886.56488600,1263,680.01790000,2344515.75777200,0
1641456000000,3453.27000000,3454.84000000,3384.52000000,3403.78000000,1369.63130000,1641459599999,4685819.34304800,2034,736.25880000,2521926.04459300,0
1641459600000,3406.21000000,3406.21000000,3300.00000000,3308.87000000,1987.81800000,1641463199999,6632582.07613300,3337,951.68640000,3175443.70922700,0
1641463200000,3308.76000000,3364.73000000,3308.76000000,3354.70000000,899.17610000,1641466799999,3003872.59616300,1687,527.48610000,1764289.61626200,0
1641466800000,3353.67000000,3366.83000000,3330.00000000,3347.91000000,380.36670000,1641470399999,1275943.64246800,821,177.90250000,596200.44899500,0
1641470400000,3350.86000000,3358.76000000,3317.42000000,3358.03000000,571.42110000,1641473999999,1904060.41944000,1070,437.57230000,1457619.63362200,0
1641474000000,3359.80000000,3427.17000000,3359.80000000,3404.50000000,894.94980000,1641477599999,3031886.74754000,1458,538.56170000,1826682.10142400,0
1641477600000,3406.31000000,3424.70000000,3382.68000000,3393.74000000,1182.94550000,1641481199999,4025441.37149000,1864,296.41070000,1010043.60997800,0
1641481200000,3395.04000000,3404.11000000,3357.61000000,3394.47000000,738.72770000,1641484799999,2499100.58125800,1567,243.16880000,822925.57663000,0
1641484800000,3396.49000000,3418.47000000,3381.53000000,3399.96000000,580.71640000,1641488399999,1973556.29421000,1102,266.54530000,905859.39262500,0
1641488400000,3402.45000000,3434.35000000,3396.76000000,3420.84000000,406.45450000,1641491999999,1388636.49669600,838,187.59030000,640554.35824900,0
1641492000000,3420.94000000,3457.17000000,3417.45000000,3456.17000000,630.74800000,1641495599999,2166581.98863600,1117,293.21610000,1006858.20759300,0
1641495600000,3455.66000000,3460.41000000,3436.03000000,3446.78000000,556.87790000,1641499199999,1919395.50309400,955,220.34250000,759328.41572700,0
1641499200000,3448.28000000,3457.68000000,3419.27000000,3424.33000000,1161.14040000,1641502799999,3996516.59442700,1387,606.34570000,2083047.89296900,0
1641502800000,3425.59000000,3433.18000000,3412.32000000,3427.52000000,338.48150000,1641506399999,1158859.94832900,520,230.69030000,789747.20624700,0
1641506400000,3428.93000000,3436.19000000,3415.94000000,3429.95000000,174.73010000,1641509999999,598812.42707500,392,114.57620000,392762.36334700,0
1641510000000,3426.80000000,3430.80000000,3405.53000000,3407.52000000,100.69500000,1641513599999,344280.93491100,330,58.16510000,198841.77976300,0
1641513600000,3405.62000000,3415.71000000,3362.65000000,3367.84000000,611.08040000,1641517199999,2067314.68996900,901,390.65830000,1321416.76343200,0
1641517200000,3365.58000000,3393.35000000,3365.58000000,3391.55000000,330.92330000,1641520799999,1118170.83388800,504,209.18540000,706760.77204100,0
1641520800000,3389.94000000,3390.49000000,3358.87000000,3360.19000000,276.34030000,1641524399999,933042.84789600,465,165.68970000,559579.15516300,0
1641524400000,3362.88000000,3362.88000000,3222.79000000,3237.00000000,2864.34650000,1641527999999,9405990.99421000,5095,1389.48960000,4558998.61261000,0
1641528000000,3238.22000000,3250.15000000,3140.42000000,3216.02000000,2975.88080000,1641531599999,9521470.89334400,5066,1122.89340000,3590896.32650400,0
1641531600000,3217.54000000,3248.45000000,3211.45000000,3234.74000000,1480.48590000,1641535199999,4779346.69212500,1995,569.56950000,1840200.10256500,0
1641535200000,3234.74000000,3234.74000000,3152.32000000,3169.57000000,2388.83650000,1641538799999,7613515.37309700,2997,1621.52960000,5169594.06195800,0
1641538800000,3171.30000000,3202.37000000,3111.33000000,3200.89000000,1679.92590000,1641542399999,5305253.24957600,2811,797.77850000,2519635.05964300,0
1641542400000,3200.06000000,3284.85000000,3187.99000000,3225.70000000,1480.50740000,1641545999999,4775651.68389800,2623,646.69010000,2085182.82014700,0
1641546000000,3229.50000000,3273.78000000,3227.76000000,3248.79000000,752.99280000,1641549599999,2449652.93807600,957,352.69930000,1147351.38560800,0
1641549600000,3249.25000000,3263.51000000,3215.08000000,3217.37000000,696.79520000,1641553199999,2260738.67311300,817,281.49260000,913074.87344100,0
1641553200000,3219.60000000,3235.19000000,3214.00000000,3225.09000000,410.79380000,1641556799999,1324369.47669400,546,179.92310000,580066.25244400,0
1641556800000,3223.79000000,3263.27000000,3223.77000000,3239.59000000,500.54430000,1641560399999,1625136.12029500,726,242.31110000,786494.87829100,0
1641560400000,3243.24000000,3265.79000000,3117.06000000,3169.45000000,1564.13180000,1641563999999,4985894.71148700,2183,594.56790000,1905077.50451800,0
1641564000000,3166.44000000,3225.35000000,3157.25000000,3205.85000000,738.03550000,1641567599999,2363300.00817500,1015,320.87090000,1026307.43231000,0
1641567600000,3207.66000000,3207.66000000,3062.90000000,3131.04000000,1667.02820000,1641571199999,5243203.41121600,2310,596.24100000,1879330.58581500,0
1641571200000,3130.98000000,3223.15000000,3091.39000000,3214.55000000,1222.22420000,1641574799999,3864351.17558200,2093,611.05220000,1931631.13040000,0
1641574800000,3214.62000000,3216.96000000,3173.24000000,3201.88000000,590.71830000,1641578399999,1886405.56788100,695,332.62780000,1062429.20270600,0
1641578400000,3202.40000000,3208.57000000,3156.39000000,3170.38000000,401.39340000,1641581999999,1278612.66314700,581,188.55040000,600315.69967800,0
1641582000000,3174.64000000,3202.80000000,3144.58000000,3195.86000000,435.72150000,1641585599999,1383439.66732100,802,164.78960000,522848.36161300,0
1641585600000,3199.40000000,3223.56000000,3184.10000000,3213.68000000,404.72160000,1641589199999,1297730.71517700,679,194.61560000,623928.76340200,0
1641589200000,3215.07000000,3223.07000000,3205.15000000,3215.98000000,257.35620000,1641592799999,827621.00603400,366,97.81690000,314586.80218000,0
1641592800000,3216.03000000,3216.03000000,3165.67000000,3182.19000000,370.14810000,1641596399999,1182099.99584000,516,120.26470000,384093.20451200,0
1641596400000,3180.67000000,3197.84000000,3171.22000000,3195.20000000,176.85540000,1641599999999,563336.63893500,329,84.42690000,269209.47061300,0
1641600000000,3199.33000000,3238.18000000,3186.78000000,3233.03000000,352.30540000,1641603599999,1132925.76041700,600,178.80610000,575108.92256600,0
1641603600000,3232.66000000,3245.80000000,3215.65000000,3218.58000000,233.16770000,1641607199999,753199.53305600,353,124.09800000,400820.26759600,0
1641607200000,3216.03000000,3220.78000000,3189.87000000,3208.48000000,235.63940000,1641610799999,755602.39216600,403,117.76280000,377647.26304000,0
1641610800000,3207.43000000,3211.76000000,3181.41000000,3203.50000000,408.66770000,1641614399999,1306529.77539900,450,149.59210000,478229.79874100,0
1641614400000,3205.64000000,3225.87000000,3201.24000000,3218.84000000,141.73840000,1641617999999,455321.27554400,250,64.44190000,207138.71104200,0
1641618000000,3215.35000000,3219.17000000,3204.62000000,3215.83000000,102.31930000,1641621599999,328869.91188900,154,40.51580000,130197.28391500,0
1641621600000,3209.53000000,3222.02000000,3191.48000000,3219.09000000,196.57560000,1641625199999,629893.43767900,331,98.24230000,314897.69170300,0
1641625200000,3217.17000000,3228.53000000,3207.60000000,3216.02000000,130.87470000,1641628799999,421319.92435000,209,62.49890000,201296.27612200,0
1641628800000,3216.11000000,3236.36000000,3208.69000000,3215.60000000,465.74370000,1641632399999,1498981.18956200,531,295.75910000,951366.02673200,0
1641632400000,3216.58000000,3241.39000000,3215.99000000,3239.63000000,667.04390000,1641635999999,2149806.48310200,721,279.91200000,902605.06199000,0
1641636000000,3239.96000000,3247.21000000,3210.14000000,3221.53000000,529.52400000,1641639599999,1708469.06867700,521,339.96330000,1096261.33595900,0
1641639600000,3221.38000000,3224.10000000,3201.00000000,3220.45000000,617.23290000,1641643199999,1982697.69777400,604,308.58650000,991876.77010500,0
1641643200000,3220.44000000,3229.14000000,3193.28000000,3202.43000000,347.71830000,1641646799999,1117729.17169800,448,199.83190000,642171.79551900,0
1641646800000,3198.01000000,3208.03000000,3177.04000000,3200.85000000,296.17130000,1641650399999,946692.17665100,418,112.43880000,359294.19697800,0
1641650400000,3200.81000000,3204.34000000,3175.43000000,3175.51000000,262.67480000,1641653999999,838636.75476200,335,138.93140000,443582.98478900,0
1641654000000,3176.40000000,3181.45000000,3146.94000000,3160.25000000,400.99660000,1641657599999,1266598.00776100,618,209.38960000,660928.57368500,0
1641657600000,3161.25000000,3179.59000000,3121.94000000,3127.68000000,806.09190000,1641661199999,2534838.07390500,911,417.51070000,1312686.12186700,0
1641661200000,3127.68000000,3134.51000000,3035.01000000,3039.85000000,1503.45470000,1641664799999,4631058.29935000,1879,496.60290000,1534925.30451000,0
1641664800000,3042.03000000,3080.00000000,3000.00000000,3008.71000000,1783.70290000,1641668399999,5416214.44922300,2346,690.55590000,2098941.55359700,0
1641668400000,3008.71000000,3053.90000000,3000.00000000,3025.88000000,1005.73840000,1641671999999,3035824.26778500,1520,477.06330000,1441252.24481700,0
1641672000000,3026.16000000,3052.15000000,3003.69000000,3028.95000000,708.59150000,1641675599999,2146841.24652900,1022,318.72800000,965536.48394100,0
1641675600000,3030.97000000,3103.05000000,3027.11000000,3079.44000000,831.47270000,1641679199999,2549746.35747600,1195,400.75340000,1229362.67673200,0
1641679200000,3079.02000000,3133.62000000,3075.53000000,3120.12000000,525.05240000,1641682799999,1633200.70866700,857,252.03100000,783265.97744300,0
1641682800000,3119.88000000,3120.12000000,3079.11000000,3081.52000000,263.31460000,1641686399999,815611.44697900,417,121.64320000,377086.71786200,0
1641686400000,3078.28000000,3120.63000000,3057.67000000,3115.78000000,322.64620000,1641689999999,995914.66147500,522,147.10670000,453376.28371700,0
1641690000000,3115.85000000,3135.78000000,3093.02000000,3116.44000000,1378.10290000,1641693599999,4282419.17000500,1386,204.30600000,635675.79035200,0
1641693600000,3116.20000000,3145.72000000,3110.58000000,3140.41000000,350.89550000,1641697199999,1097833.48847300,430,145.64580000,455436.50411100,0
1641697200000,3135.35000000,3144.71000000,3118.44000000,3120.20000000,618.41570000,1641700799999,1936820.83189300,380,189.05450000,592274.76603200,0
1641700800000,3119.38000000,3142.63000000,3116.71000000,3141.43000000,229.10660000,1641704399999,717026.25460800,313,111.64120000,349535.53267400,0
1641704400000,3141.31000000,3146.19000000,3118.92000000,3121.40000000,233.63600000,1641707999999,731602.02924200,313,110.50400000,345999.06771200,0
1641708000000,3121.58000000,3140.21000000,3120.89000000,3136.32000000,234.45730000,1641711599999,734265.95503800,231,101.16660000,316808.07678100,0
1641711600000,3139.72000000,3140.30000000,3122.11000000,3133.81000000,197.65750000,1641715199999,619115.61618300,264,69.24200000,216950.16266600,0
1641715200000,3130.12000000,3138.92000000,3104.12000000,3108.43000000,500.90140000,1641718799999,1564783.78377500,651,341.34740000,1066385.86658500,0
1641718800000,3110.90000000,3117.11000000,3093.50000000,3096.83000000,283.50970000,1641722399999,879726.54099300,366,118.94290000,369160.50194300,0
1641722400000,3100.53000000,3110.03000000,3085.00000000,3104.21000000,155.19570000,1641725999999,480120.70830300,245,70.17350000,217103.52765200,0
1641726000000,3110.15000000,3133.39000000,3110.15000000,3128.59000000,207.00530000,1641729599999,646199.79962300,363,130.80320000,408361.15902600,0
1641729600000,3127.87000000,3133.00000000,3103.97000000,3107.96000000,223.62070000,1641733199999,696080.11195500,320,116.63270000,363157.73547600,0
1641733200000,3107.27000000,3128.53000000,3085.04000000,3087.30000000,338.86310000,1641736799999,1051378.65495000,504,216.94030000,673387.86137500,0
1641736800000,3086.98000000,3116.68000000,3086.98000000,3097.44000000,271.69840000,1641740399999,842215.26903300,365,119.43900000,370225.77833000,0
1641740400000,3096.03000000,3104.94000000,3071.03000000,3097.75000000,853.29750000,1641743999999,2636897.95894500,707,192.62460000,595368.10858000,0
1641744000000,3097.24000000,3160.44000000,3076.62000000,3159.66000000,760.84210000,1641747599999,2365925.44674700,810,298.81830000,931980.98815300,0
1641747600000,3162.05000000,3180.00000000,3148.46000000,3167.01000000,743.97810000,1641751199999,2354572.85125200,1005,299.91680000,948821.48387100,0
1641751200000,3168.17000000,3179.97000000,3164.36000000,3168.00000000,439.97080000,1641754799999,1395422.37030200,594,241.44040000,765471.40828600,0
1641754800000,3166.34000000,3208.25000000,3163.25000000,3204.05000000,632.89780000,1641758399999,2019003.22421700,889,356.82010000,1137557.89991500,0
1641758400000,3207.75000000,3211.68000000,3193.12000000,3199.66000000,267.63330000,1641761999999,857586.44382200,333,93.42920000,299259.91405200,0
1641762000000,3194.59000000,3203.62000000,3184.31000000,3190.65000000,153.38350000,1641765599999,490442.51132000,267,81.08060000,259401.68978400,0
1641765600000,3189.86000000,3210.67000000,3172.30000000,3178.20000000,225.17080000,1641769199999,719668.44792400,354,146.47010000,468452.59318100,0
1641769200000,3178.20000000,3183.94000000,3145.48000000,3149.89000000,502.27580000,1641772799999,1585646.81311800,682,247.85120000,782436.47760500,0
1641772800000,3149.80000000,3170.00000000,3135.34000000,3135.88000000,344.00050000,1641776399999,1083923.37259900,934,168.68150000,531445.76146200,0
1641776400000,3137.65000000,3152.94000000,3127.76000000,3150.75000000,277.02450000,1641779999999,870327.34709400,804,132.93420000,417653.92305800,0
1641780000000,3151.81000000,3158.68000000,3141.02000000,3153.59000000,269.87440000,1641783599999,850376.69711800,745,98.54280000,310521.71235600,0
1641783600000,3152.96000000,3157.38000000,3147.32000000,3154.80000000,179.27170000,1641787199999,565085.29318100,793,41.42310000,130555.19221700,0
1641787200000,3154.75000000,3180.32000000,3151.33000000,3174.44000000,309.21920000,1641790799999,980584.52948300,923,122.48710000,388447.21846900,0
1641790800000,3175.52000000,3181.57000000,3166.70000000,3174.00000000,271.81520000,1641794399999,862969.60332700,926,110.23470000,350015.39574700,0
1641794400000,3173.61000000,3174.87000000,3154.61000000,3162.27000000,297.44660000,1641797999999,940495.35918800,968,137.34550000,434162.10600300,0
1641798000000,3160.59000000,3173.83000000,3154.16000000,3161.83000000,230.70750000,1641801599999,729721.20604600,853,138.16470000,436912.03194900,0
1641801600000,3162.04000000,3169.42000000,3137.45000000,3143.83000000,366.19170000,1641805199999,1152822.09700500,906,176.09000000,554221.10243100,0
1641805200000,3144.19000000,3159.17000000,3140.49000000,3147.30000000,473.43450000,1641808799999,1491293.98114800,548,369.37860000,1163484.34405200,0
1641808800000,3145.15000000,3167.92000000,3138.10000000,3139.33000000,354.69900000,1641812399999,1118468.92447900,460,160.77680000,507042.24171500,0
1641812400000,3138.77000000,3138.77000000,3093.67000000,3102.92000000,934.66920000,1641815999999,2906899.26232700,1206,464.25990000,1443437.60224700,0
1641816000000,3103.76000000,3110.57000000,3032.00000000,3033.42000000,1160.38760000,1641819599999,3562877.91133000,1533,665.24150000,2042250.01730900,0
1641819600000,3031.08000000,3046.38000000,3010.00000000,3018.67000000,1213.93720000,1641823199999,3676188.67381500,1433,526.26910000,1593566.86045100,0
1641823200000,3020.06000000,3039.55000000,2928.00000000,3017.52000000,8462.20000000,1641826799999,25346056.05683300,8320,6226.82230000,18680415.92635100,0
1641826800000,3017.39000000,3034.62000000,2981.66000000,3006.62000000,1186.02470000,1641830399999,3565459.44286900,2024,494.29120000,1486037.36382800,0
1641830400000,3006.46000000,3096.28000000,2997.60000000,3078.86000000,1321.46860000,1641833999999,4041042.86265700,1731,670.88660000,2050664.00085300,0
1641834000000,3076.83000000,3083.69000000,2965.63000000,3012.50000000,1541.88350000,1641837599999,4654701.43011000,2009,703.34960000,2119086.45975500,0
1641837600000,3011.11000000,3062.07000000,3004.81000000,3045.93000000,673.37620000,1641841199999,2036336.46511900,863,218.05390000,659572.32436900,0
1641841200000,3044.65000000,3055.90000000,3018.57000000,3030.29000000,244.31280000,1641844799999,741928.63438200,377,86.78120000,263530.63466800,0
1641844800000,3033.26000000,3087.72000000,3020.33000000,3078.23000000,208.19690000,1641848399999,634684.26701300,478,127.99580000,390134.30976100,0
1641848400000,3082.07000000,3096.55000000,3069.11000000,3071.54000000,273.69200000,1641851999999,843587.43579000,451,86.98460000,268357.27703300,0
1641852000000,3078.26000000,3084.55000000,3057.32000000,3061.08000000,97.18260000,1641855599999,298722.29751600,200,58.31450000,179286.38914800,0
1641855600000,3063.75000000,3087.28000000,3054.86000000,3085.66000000,145.32640000,1641859199999,446993.15013100,219,39.04440000,120085.88899300,0
1641859200000,3084.72000000,3086.59000000,3050.29000000,3055.83000000,220.50150000,1641862799999,676146.71580800,321,79.12660000,242845.89845700,0
1641862800000,3055.84000000,3090.08000000,3051.58000000,3090.08000000,175.67810000,1641866399999,539865.17645600,275,92.32910000,283562.45410700,0
1641866400000,3091.63000000,3129.14000000,3087.95000000,3116.95000000,388.59600000,1641869999999,1208975.57837200,545,150.45550000,467930.05952700,0
1641870000000,3115.99000000,3121.73000000,3107.14000000,3119.46000000,90.87500000,1641873599999,283073.55110600,171,47.58870000,148282.78993800,0
1641873600000,3121.23000000,3125.64000000,3106.79000000,3119.13000000,183.99280000,1641877199999,573096.70613700,259,99.90230000,311159.88102600,0
1641877200000,3118.56000000,3118.56000000,3102.19000000,3109.53000000,142.84470000,1641880799999,444282.63725700,248,33.37120000,103762.63985700,0
1641880800000,3111.20000000,3121.57000000,3098.76000000,3108.16000000,60.21380000,1641884399999,187145.68123700,162,29.63620000,92134.10900000,0
1641884400000,3108.26000000,3136.12000000,3107.06000000,3129.53000000,92.61150000,1641887999999,288910.70143000,221,55.64320000,173588.55308000,0
1641888000000,3130.78000000,3145.40000000,3105.03000000,3106.86000000,330.21180000,1641891599999,1032731.71917100,506,169.37920000,529665.93513100,0
1641891600000,3108.75000000,3134.17000000,3098.56000000,3124.73000000,141.31310000,1641895199999,440240.03624500,280,75.46960000,235185.61024300,0
1641895200000,3121.75000000,3131.60000000,3081.34000000,3092.18000000,359.45070000,1641898799999,1114778.17728900,452,151.05730000,469171.40254500,0
1641898800000,3094.16000000,3120.27000000,3094.16000000,3111.24000000,424.05760000,1641902399999,1316668.68709000,487,137.94600000,428219.03342100,0
1641902400000,3112.43000000,3137.50000000,3072.00000000,3123.79000000,708.51380000,1641905999999,2207902.91428900,815,198.21610000,619007.71497500,0
1641906000000,3123.80000000,3131.75000000,3107.25000000,3112.90000000,292.38370000,1641909599999,912651.14056900,396,155.66600000,486069.87228700,0
1641909600000,3112.62000000,3122.10000000,3076.08000000,3115.34000000,574.76630000,1641913199999,1783503.83308900,836,304.52520000,944662.93155700,0
1641913200000,3114.33000000,3158.10000000,3111.62000000,3133.81000000,780.53820000,1641916799999,2446544.76774300,1109,334.37380000,1048524.52895900,0
1641916800000,3134.70000000,3238.18000000,3130.79000000,3220.88000000,1295.85230000,1641920399999,4149605.35754500,2291,626.32910000,2004616.10452400,0
1641920400000,3220.65000000,3263.96000000,3204.34000000,3233.50000000,2086.94380000,1641923999999,6763576.70751000,2867,562.15380000,1816113.11659800,0
1641924000000,3234.72000000,3251.68000000,3221.85000000,3233.35000000,378.19030000,1641927599999,1225328.24975400,621,181.78460000,589214.98662400,0
1641927600000,3236.28000000,3245.82000000,3220.00000000,3237.47000000,273.76990000,1641931199999,884625.51753500,497,124.34760000,401945.67403700,0
1641931200000,3239.37000000,3250.16000000,3235.30000000,3240.68000000,222.94120000,1641934799999,722642.89819800,401,91.63410000,297036.93595000,0
1641934800000,3238.25000000,3244.00000000,3227.28000000,3230.54000000,189.48380000,1641938399999,612647.02950500,308,47.75850000,154440.63764800,0
1641938400000,3231.90000000,3238.94000000,3221.35000000,3233.74000000,251.16430000,1641941999999,811493.09483900,516,66.64600000,215376.70329700,0
1641942000000,3233.89000000,3249.07000000,3227.20000000,3241.05000000,193.13780000,1641945599999,626048.55500400,658,53.06500000,172053.50248700,0
1641945600000,3242.17000000,3260.60000000,3226.00000000,3235.12000000,546.97260000,1641949199999,1774218.06979500,920,280.01340000,908377.30511400,0
1641949200000,3233.51000000,3242.25000000,3225.51000000,3231.91000000,387.77420000,1641952799999,1253331.85836300,1167,138.79380000,448797.82933200,0
1641952800000,3231.79000000,3239.02000000,3217.26000000,3228.34000000,134.61940000,1641956399999,434548.09001900,271,51.83320000,167340.56768600,0
1641956400000,3230.67000000,3241.56000000,3225.48000000,3234.89000000,172.25390000,1641959999999,557374.84592400,267,93.18240000,301537.18747700,0
1641960000000,3236.53000000,3244.36000000,3221.07000000,3229.43000000,165.79240000,1641963599999,535284.71559800,310,68.58210000,221460.22316800,0
1641963600000,3228.03000000,3233.70000000,3223.52000000,3229.89000000,1185.94370000,1641967199999,3831480.66163900,886,1102.80240000,3562957.18084700,0
1641967200000,3229.89000000,3261.37000000,3224.68000000,3236.56000000,377.78440000,1641970799999,1224459.12396300,544,189.93090000,615777.52461000,0
1641970800000,3235.25000000,3239.64000000,3205.30000000,3219.02000000,960.69050000,1641974399999,3088287.39454300,938,747.55100000,2402297.43886600,0
1641974400000,3217.88000000,3240.18000000,3217.52000000,3233.08000000,183.26470000,1641977999999,591604.87193500,327,92.90040000,299909.59522000,0
1641978000000,3231.05000000,3277.13000000,3231.05000000,3263.33000000,419.55220000,1641981599999,1365806.30919900,738,205.73010000,669615.45318800,0
1641981600000,3261.29000000,3271.19000000,3246.81000000,3249.77000000,231.96750000,1641985199999,756162.98792000,375,101.22770000,330084.65466500,0
1641985200000,3248.48000000,3294.66000000,3241.88000000,3274.25000000,504.63350000,1641988799999,1650849.85677800,749,259.84750000,849109.78924300,0
1641988800000,3270.54000000,3326.79000000,3269.48000000,3316.35000000,544.38600000,1641992399999,1796719.55032300,949,281.22820000,928631.99102100,0
1641992400000,3318.14000000,3378.92000000,3302.81000000,3372.58000000,923.98410000,1641995999999,3083890.13211900,1755,449.73020000,1503806.92115800,0
1641996000000,3373.32000000,3385.15000000,3351.13000000,3377.81000000,569.82600000,1641999599999,1918831.52904700,1010,248.38980000,837084.62328000,0
1641999600000,3378.42000000,3388.92000000,3352.73000000,3362.35000000,617.90920000,1642003199999,2086318.25313200,865,437.29630000,1477133.69367500,0
1642003200000,3364.42000000,3375.45000000,3336.74000000,3371.28000000,1059.67340000,1642006799999,3555795.14592900,976,403.54200000,1355228.01933800,0
1642006800000,3370.05000000,3388.92000000,3360.46000000,3383.93000000,212.17340000,1642010399999,716446.00719100,420,132.54950000,447686.04883800,0
1642010400000,3383.80000000,3394.03000000,3363.24000000,3373.23000000,272.56170000,1642013999999,920499.48712900,518,134.13420000,453078.58705100,0
1642014000000,3375.60000000,3385.01000000,3364.36000000,3383.63000000,145.93450000,1642017599999,492021.75667100,310,53.52560000,180557.86764400,0
1642017600000,3383.63000000,3394.49000000,3367.69000000,3380.98000000,245.26320000,1642021199999,828869.90100400,476,151.28760000,511210.66107400,0
1642021200000,3381.90000000,3412.84000000,3368.68000000,3368.68000000,392.61850000,1642024799999,1329920.85643600,666,248.08800000,840037.24929600,0
1642024800000,3366.79000000,3382.31000000,3350.32000000,3363.26000000,190.47880000,1642028399999,641110.20667600,317,75.62420000,254993.21033200,0
1642028400000,3365.67000000,3380.01000000,3358.81000000,3372.43000000,68.47390000,1642031999999,230862.97401600,218,44.68870000,150746.63408300,0
1642032000000,3373.67000000,3385.40000000,3350.81000000,3353.46000000,205.36400000,1642035599999,691982.09259700,360,116.06460000,390960.27815600,0
1642035600000,3356.26000000,3363.84000000,3332.11000000,3334.92000000,83.60750000,1642039199999,280004.64831100,221,38.66000000,129457.92151000,0
1642039200000,3335.40000000,3348.55000000,3333.05000000,3338.82000000,99.78660000,1642042799999,333426.54412500,161,51.95440000,173670.52751800,0
1642042800000,3334.64000000,3340.19000000,3315.20000000,3337.72000000,112.45800000,1642046399999,373925.36383800,242,28.44630000,94615.62138200,0
1642046400000,3341.26000000,3354.86000000,3335.64000000,3338.40000000,136.05440000,1642049999999,455115.30191700,307,88.93790000,297488.38178000,0
1642050000000,3338.37000000,3343.96000000,3326.27000000,3340.65000000,135.67900000,1642053599999,452804.81388400,212,47.13250000,157310.36572100,0
1642053600000,3338.03000000,3346.99000000,3335.81000000,3343.10000000,95.54680000,1642057199999,319237.29995300,179,73.73130000,246358.16452000,0
1642057200000,3341.64000000,3349.81000000,3333.48000000,3341.40000000,251.63260000,1642060799999,841499.70081200,426,147.85650000,494304.88682400,0
1642060800000,3338.48000000,3360.20000000,3338.48000000,3358.12000000,96.69740000,1642064399999,324164.35597000,219,60.36560000,202339.64579700,0
1642064400000,3358.41000000,3375.78000000,3349.41000000,3362.69000000,275.27040000,1642067999999,925609.89933000,455,96.71880000,325304.22401900,0
1642068000000,3363.01000000,3380.77000000,3357.32000000,3357.89000000,148.16940000,1642071599999,498886.70273500,378,80.71540000,271806.95384400,0
1642071600000,3358.65000000,3361.18000000,3331.94000000,3337.09000000,126.33130000,1642075199999,422155.88550300,391,54.44960000,181954.33520700,0
1642075200000,3334.76000000,3370.35000000,3334.76000000,3369.07000000,164.94920000,1642078799999,552998.27389900,419,74.50770000,249897.24381500,0
1642078800000,3369.03000000,3379.29000000,3352.97000000,3374.60000000,158.98040000,1642082399999,535451.66910600,377,66.87610000,225274.98467200,0
1642082400000,3374.60000000,3412.19000000,3366.63000000,3386.74000000,391.84420000,1642085999999,1328284.52075900,771,182.07180000,617431.32284400,0
1642086000000,3389.86000000,3391.51000000,3273.24000000,3303.71000000,1579.96400000,1642089599999,5225538.36450500,2097,642.23460000,2125507.34248500,0
1642089600000,3302.92000000,3320.38000000,3289.54000000,3303.23000000,276.43570000,1642093199999,914113.88668300,487,154.39470000,510445.10525300,0
1642093200000,3300.00000000,3305.40000000,3251.03000000,3284.84000000,598.42260000,1642096799999,1961100.35174400,1113,330.10030000,1082280.83949200,0
1642096800000,3282.74000000,3296.96000000,3267.86000000,3272.19000000,190.19370000,1642100399999,624125.73488000,408,102.81550000,337116.63419700,0
1642100400000,3270.38000000,3291.48000000,3250.64000000,3273.99000000,459.04080000,1642103999999,1502641.10242400,587,319.43960000,1046649.55379000,0
1642104000000,3272.89000000,3277.37000000,3234.40000000,3273.64000000,465.37790000,1642107599999,1512761.73622600,686,287.87850000,935315.38656300,0
1642107600000,3276.89000000,3278.98000000,3263.99000000,3271.60000000,98.79020000,1642111199999,323203.68033800,213,43.43370000,142173.67667900,0
1642111200000,3270.09000000,3276.71000000,3246.21000000,3250.09000000,106.89450000,1642114799999,349142.78868900,223,52.19640000,170514.48819000,0
1642114800000,3247.00000000,3265.23000000,3235.08000000,3243.67000000,185.05010000,1642118399999,602433.52511900,224,67.53890000,219688.64198500,0
1642118400000,3242.96000000,3271.19000000,3225.18000000,3270.00000000,862.93840000,1642121999999,2796629.33908400,828,94.41010000,306702.76511500,0
1642122000000,3271.34000000,3271.35000000,3249.95000000,3258.96000000,312.50390000,1642125599999,1019555.29823800,425,159.46490000,520557.93797300,0
1642125600000,3259.46000000,3276.29000000,3247.74000000,3274.24000000,99.48180000,1642129199999,324821.61055300,205,45.10450000,147317.24002600,0
1642129200000,3275.32000000,3275.84000000,3263.12000000,3268.63000000,62.42770000,1642132799999,204076.32226100,136,18.25970000,59670.62471200,0
1642132800000,3273.40000000,3285.38000000,3270.11000000,3275.13000000,159.56960000,1642136399999,523177.15347200,262,64.39760000,211123.95710400,0
1642136400000,3275.56000000,3307.17000000,3272.67000000,3307.06000000,161.04690000,1642139999999,529591.46314500,390,121.58990000,399701.17372300,0
1642140000000,3308.23000000,3316.33000000,3293.72000000,3294.80000000,321.33690000,1642143599999,1062261.26318000,486,217.36620000,718742.92801000,0
1642143600000,3294.55000000,3296.47000000,3266.72000000,3267.25000000,105.57420000,1642147199999,346257.39577400,229,45.21950000,148333.16704600,0
1642147200000,3271.64000000,3271.64000000,3241.91000000,3257.37000000,239.20550000,1642150799999,778316.31218200,399,137.74620000,448111.85434800,0
1642150800000,3258.66000000,3275.37000000,3250.69000000,3264.28000000,198.36850000,1642154399999,647587.68393000,336,74.28070000,242532.16185700,0
1642154400000,3264.49000000,3268.71000000,3216.35000000,3224.35000000,264.72090000,1642157999999,857624.96987900,493,102.60930000,332568.51962900,0
1642158000000,3223.15000000,3223.60000000,3196.28000000,3205.89000000,356.92010000,1642161599999,1145194.84026500,620,170.31820000,546585.64089500,0
1642161600000,3200.01000000,3231.82000000,3186.11000000,3212.35000000,383.73620000,1642165199999,1233181.71722400,527,157.43340000,506978.20096100,0
1642165200000,3212.50000000,3231.83000000,3204.63000000,3209.68000000,171.64790000,1642168799999,552486.03213200,311,94.37640000,303816.67655000,0
1642168800000,3209.44000000,3284.85000000,3204.77000000,3276.54000000,387.24660000,1642172399999,1257091.41160600,761,217.57540000,706680.25901300,0
1642172400000,3278.90000000,3300.00000000,3260.60000000,3277.66000000,521.41990000,1642175999999,1711086.78705800,757,212.46170000,697598.04108900,0
1642176000000,3279.71000000,3296.96000000,3258.32000000,3293.06000000,226.30660000,1642179599999,741581.89062900,411,100.03950000,327656.82721300,0
1642179600000,3296.75000000,3309.09000000,3275.60000000,3282.98000000,169.87790000,1642183199999,558678.23436900,342,97.93750000,322012.13754400,0
1642183200000,3279.94000000,3295.34000000,3272.72000000,3295.34000000,106.67210000,1642186799999,350095.33285900,220,54.07180000,177448.58369600,0
1642186800000,3294.96000000,3329.09000000,3291.77000000,3309.59000000,197.03590000,1642190399999,652664.86859100,426,63.54270000,210351.17061200,0
1642190400000,3310.68000000,3318.50000000,3298.61000000,3303.79000000,172.54530000,1642193999999,570511.90087700,313,103.24360000,341381.96165600,0
1642194000000,3305.87000000,3343.46000000,3305.87000000,3333.27000000,130.87470000,1642197599999,434773.78406100,327,69.07870000,229396.15430500,0
1642197600000,3333.63000000,3334.31000000,3315.62000000,3317.12000000,548.84220000,1642201199999,1823967.94744600,489,442.82550000,1471172.23793000,0
1642201200000,3316.68000000,3319.93000000,3295.26000000,3310.29000000,118.23740000,1642204799999,391023.82375100,241,51.34140000,169746.14972600,0
1642204800000,3310.29000000,3328.14000000,3304.85000000,3317.06000000,92.36790000,1642208399999,306347.33772000,152,32.29070000,107075.31842700,0
1642208400000,3317.18000000,3317.99000000,3295.71000000,3303.58000000,86.37690000,1642211999999,285675.73959800,255,33.07950000,109433.10167800,0
1642212000000,3305.21000000,3316.39000000,3301.52000000,3314.32000000,58.69030000,1642215599999,194310.46599000,132,24.04230000,79584.29662400,0
1642215600000,3317.26000000,3323.75000000,3305.78000000,3305.93000000,140.65660000,1642219199999,466487.80936300,249,69.80250000,231479.71995800,0
1642219200000,3305.69000000,3309.19000000,3295.21000000,3305.90000000,86.74910000,1642222799999,286581.32095500,173,40.64230000,134280.89323600,0
1642222800000,3304.91000000,3318.16000000,3299.13000000,3309.54000000,80.28360000,1642226399999,265717.96713600,144,37.82300000,125247.64999700,0
1642226400000,3317.26000000,3321.79000000,3304.28000000,3321.05000000,87.52340000,1642229999999,290083.37171800,171,27.54490000,91363.23206800,0
1642230000000,3316.96000000,3317.47000000,3306.85000000,3312.81000000,69.17320000,1642233599999,229036.19951600,170,28.62880000,94807.48754900,0
1642233600000,3315.94000000,3324.66000000,3312.05000000,3314.77000000,57.02860000,1642237199999,189163.93848400,159,22.42790000,74387.23295800,0
1642237200000,3314.77000000,3333.80000000,3311.33000000,3330.82000000,142.49400000,1642240799999,473551.51411100,236,60.62550000,201432.96154200,0
1642240800000,3332.46000000,3339.75000000,3324.57000000,3325.67000000,88.94920000,1642244399999,296343.71981300,179,28.03730000,93382.14347600,0
1642244400000,3324.44000000,3326.53000000,3315.90000000,3319.03000000,43.31350000,1642247999999,143868.68890100,123,18.79260000,62427.69852500,0
1642248000000,3320.99000000,3321.28000000,3263.77000000,3280.18000000,276.82060000,1642251599999,910084.02317400,554,128.23000000,421434.80547300,0
1642251600000,3284.17000000,3310.85000000,3276.96000000,3303.06000000,368.86380000,1642255199999,1216493.23161900,631,158.08750000,521640.32187100,0
1642255200000,3304.48000000,3359.15000000,3294.88000000,3339.38000000,435.44130000,1642258799999,1445289.82805900,809,246.56370000,817747.51408300,0
1642258800000,3341.66000000,3371.24000000,3334.59000000,3362.99000000,260.81160000,1642262399999,875202.16865800,488,130.86100000,439063.62446400,0
1642262400000,3365.58000000,3374.23000000,3342.31000000,3361.36000000,203.79880000,1642265999999,684652.85611600,320,86.94880000,292447.65104100,0
1642266000000,3360.47000000,3362.92000000,3348.27000000,3352.61000000,100.54960000,1642269599999,337552.42370200,202,45.30750000,152099.07580400,0
1642269600000,3352.11000000,3352.12000000,3342.47000000,3347.27000000,55.27770000,1642273199999,185045.21997800,143,22.79520000,76319.94071900,0
1642273200000,3345.65000000,3352.19000000,3341.27000000,3352.19000000,63.46340000,1642276799999,212359.28875500,150,35.25280000,117952.09049800,0
1642276800000,3352.05000000,3370.98000000,3350.64000000,3353.21000000,173.55980000,1642280399999,583230.75370900,340,62.53640000,210139.52171300,0
1642280400000,3351.93000000,3354.95000000,3327.39000000,3333.87000000,256.46300000,1642283999999,856574.20644800,438,114.80550000,383517.94252300,0
1642284000000,3336.90000000,3343.09000000,3329.19000000,3337.89000000,28.21510000,1642287599999,94130.82272600,77,17.65580000,58932.81958500,0
1642287600000,3339.40000000,3345.55000000,3326.62000000,3330.28000000,58.89440000,1642291199999,196574.25086800,127,21.42220000,71431.62888600,0
1642291200000,3329.06000000,3336.00000000,3317.55000000,3330.67000000,101.00980000,1642294799999,336023.11806300,203,37.96480000,126281.04126800,0
1642294800000,3335.05000000,3338.06000000,3323.35000000,3323.35000000,91.85930000,1642298399999,305756.41903700,194,27.21370000,90628.70887100,0
1642298400000,3321.21000000,3328.25000000,3297.18000000,3304.95000000,136.29540000,1642301999999,451886.56336500,315,62.02360000,205685.42324200,0
1642302000000,3304.39000000,3320.91000000,3301.54000000,3317.61000000,84.42990000,1642305599999,279574.58679100,221,35.63930000,117983.95816200,0
1642305600000,3316.28000000,3323.47000000,3306.50000000,3320.61000000,179.21560000,1642309199999,594614.34719500,269,107.31740000,356212.16453600,0
1642309200000,3318.37000000,3324.51000000,3308.66000000,3309.93000000,58.93270000,1642312799999,195384.28155500,130,21.37550000,70854.95334700,0
1642312800000,3308.05000000,3337.74000000,3306.71000000,3336.48000000,127.40820000,1642316399999,423828.20601700,297,45.70450000,152057.23267100,0
1642316400000,3337.45000000,3340.45000000,3330.29000000,3334.91000000,82.92480000,1642319999999,276582.33130400,187,36.21690000,120805.66386800,0
1642320000000,3334.91000000,3337.60000000,3313.03000000,3314.07000000,134.50920000,1642323599999,447430.40278200,267,68.35980000,227492.27204900,0
1642323600000,3313.92000000,3325.57000000,3311.72000000,3319.91000000,88.21000000,1642327199999,292812.10922100,177,35.39720000,117484.28397700,0
1642327200000,3321.21000000,3334.57000000,3307.03000000,3308.09000000,173.02150000,1642330799999,575584.19301300,376,47.23210000,156934.07079800,0
1642330800000,3306.73000000,3320.61000000,3288.12000000,3315.22000000,249.44430000,1642334399999,824670.99572100,472,96.13720000,317688.52864200,0
1642334400000,3313.06000000,3349.53000000,3313.06000000,3335.06000000,277.97180000,1642337999999,926906.07988500,487,208.06120000,694131.08454100,0
1642338000000,3333.45000000,3346.48000000,3272.73000000,3341.11000000,816.67670000,1642341599999,2696454.26954700,1206,244.74290000,809693.84759000,0
1642341600000,3344.79000000,3363.37000000,3330.47000000,3352.07000000,385.15950000,1642345199999,1290813.27654400,717,213.84460000,716567.77785300,0
1642345200000,3355.15000000,3361.34000000,3343.06000000,3352.67000000,236.80010000,1642348799999,794008.86073600,437,140.88760000,472421.89059300,0
1642348800000,3356.35000000,3394.03000000,3346.63000000,3372.01000000,419.48120000,1642352399999,1414908.52037100,791,180.96560000,610416.05716400,0
1642352400000,3377.34000000,3377.35000000,3346.00000000,3346.68000000,289.96610000,1642355999999,973865.63037300,438,91.46670000,307479.52730500,0
1642356000000,3347.01000000,3366.03000000,3345.09000000,3347.76000000,251.75250000,1642359599999,844098.75837300,270,150.61730000,505395.60268500,0
1642359600000,3349.27000000,3349.35000000,3314.17000000,3319.87000000,357.31450000,1642363199999,1191558.34251700,497,207.19360000,691438.80431600,0
1642363200000,3318.82000000,3339.01000000,3312.45000000,3333.23000000,159.36020000,1642366799999,530341.13908100,244,55.14250000,183490.52615400,0
1642366800000,3334.35000000,3338.61000000,3327.69000000,3332.80000000,87.42080000,1642370399999,291316.63185700,186,39.51720000,131692.55567700,0
1642370400000,3335.91000000,3354.29000000,3334.81000000,3352.83000000,136.34090000,1642373999999,456109.57388200,316,58.33760000,195230.36912100,0
1642374000000,3349.34000000,3363.19000000,3348.28000000,3349.55000000,138.04150000,1642377599999,463603.88849400,253,59.58370000,200172.99733900,0
1642377600000,3351.28000000,3359.11000000,3326.62000000,3327.48000000,169.19060000,1642381199999,565184.07526500,319,84.09540000,280888.71334100,0
1642381200000,3325.60000000,3331.40000000,3313.92000000,3319.91000000,79.56510000,1642384799999,264354.14575800,142,33.29460000,110611.17737900,0
1642384800000,3317.48000000,3326.88000000,3311.21000000,3326.88000000,118.80750000,1642388399999,394224.55773300,195,40.71840000,135135.10987600,0
1642388400000,3326.88000000,3330.59000000,3255.13000000,3258.75000000,587.70230000,1642391999999,1935263.35444300,924,168.20190000,553608.34868000,0
1642392000000,3257.08000000,3276.37000000,3253.00000000,3256.28000000,413.29340000,1642395599999,1349456.17400900,606,172.42610000,562648.60267400,0
1642395600000,3254.63000000,3268.77000000,3236.04000000,3267.66000000,339.01170000,1642399199999,1101465.05911200,517,138.34540000,449519.88169200,0
1642399200000,3269.03000000,3284.69000000,3265.47000000,3273.47000000,165.30390000,1642402799999,541731.04514500,271,73.86760000,242094.46600300,0
1642402800000,3275.02000000,3300.44000000,3271.55000000,3274.20000000,238.51740000,1642406399999,784307.03874900,412,80.24110000,263831.82832000,0
1642406400000,3274.20000000,3277.37000000,3252.06000000,3273.76000000,301.75180000,1642409999999,985549.78838300,436,129.56390000,423020.33008000,0
1642410000000,3274.15000000,3283.53000000,3266.13000000,3274.85000000,140.38420000,1642413599999,459608.15733200,178,55.93900000,183151.58328200,0
1642413600000,3275.29000000,3280.04000000,3257.57000000,3274.87000000,1202.86040000,1642417199999,3922936.72454600,1233,118.79590000,388121.42036200,0
1642417200000,3275.03000000,3280.45000000,3255.31000000,3255.61000000,210.31810000,1642420799999,687738.68012000,241,100.95230000,330179.26607700,0
1642420800000,3254.73000000,3282.25000000,3235.52000000,3261.98000000,374.83260000,1642424399999,1222925.75823500,546,169.52660000,552292.38433900,0
1642424400000,3260.60000000,3277.18000000,3257.55000000,3270.10000000,184.01250000,1642427999999,601238.82062600,297,83.20320000,271855.52545300,0
1642428000000,3268.36000000,3276.29000000,3250.66000000,3258.93000000,175.24040000,1642431599999,572057.93935300,283,86.51270000,282430.62888700,0
1642431600000,3259.12000000,3259.12000000,3220.30000000,3237.18000000,316.04340000,1642435199999,1023900.16595000,550,162.06000000,525028.74030300,0
1642435200000,3239.10000000,3245.88000000,3190.63000000,3230.21000000,521.06080000,1642438799999,1677747.77804400,677,216.89720000,699607.22272500,0
1642438800000,3231.91000000,3232.13000000,3191.07000000,3206.20000000,524.93120000,1642442399999,1685426.40154600,720,242.31560000,778310.32006500,0
1642442400000,3201.50000000,3217.95000000,3180.00000000,3217.48000000,331.88630000,1642445999999,1059897.38628700,606,146.63780000,468081.18360700,0
1642446000000,3216.63000000,3227.58000000,3214.55000000,3220.82000000,194.84690000,1642449599999,627542.48156700,294,81.65080000,262958.77491900,0
1642449600000,3220.81000000,3225.23000000,3209.22000000,3211.25000000,183.80970000,1642453199999,591348.22267400,243,63.88150000,205606.90615700,0
1642453200000,3208.00000000,3212.25000000,3153.20000000,3166.16000000,423.76550000,1642456799999,1344844.08328800,714,206.88230000,655890.16140000,0
1642456800000,3163.14000000,3217.44000000,3142.22000000,3191.97000000,276.41600000,1642460399999,878631.43461900,581,128.34060000,408163.57058500,0
1642460400000,3197.01000000,3221.75000000,3196.62000000,3211.33000000,146.37970000,1642463999999,469987.95886400,268,66.74860000,214375.67269200,0
1642464000000,3211.80000000,3235.61000000,3207.06000000,3228.72000000,427.26230000,1642467599999,1379287.60862800,465,127.51100000,411319.15265400,0
1642467600000,3229.15000000,3243.63000000,3219.08000000,3221.66000000,180.69000000,1642471199999,583940.38834800,248,108.07580000,349361.96266800,0
1642471200000,3222.34000000,3222.34000000,3210.00000000,3217.38000000,138.11690000,1642474799999,444172.47105100,151,52.25590000,168035.07466000,0
1642474800000,3217.63000000,3219.62000000,3178.57000000,3182.21000000,245.21440000,1642478399999,783434.61746000,352,101.48100000,323922.58746400,0
1642478400000,3183.85000000,3188.19000000,3164.51000000,3176.96000000,248.11690000,1642481999999,787923.83086700,292,116.78400000,370856.89620100,0
1642482000000,3176.16000000,3182.38000000,3165.06000000,3175.84000000,232.64970000,1642485599999,738115.31821500,221,160.03530000,507681.82681100,0
1642485600000,3175.84000000,3207.02000000,3175.84000000,3201.29000000,716.61390000,1642489199999,2293597.25035000,668,577.11340000,1847388.33086700,0
1642489200000,3201.73000000,3206.14000000,3182.65000000,3188.15000000,195.40930000,1642492799999,624037.32384600,260,68.81980000,219679.61510600,0
1642492800000,3188.77000000,3188.77000000,3150.30000000,3157.62000000,292.19760000,1642496399999,925150.78893200,430,177.74090000,563111.34345700,0
1642496400000,3161.64000000,3176.70000000,3129.21000000,3164.91000000,437.85070000,1642499999999,1381585.89348800,708,192.19720000,606598.24676700,0
1642500000000,3167.28000000,3191.93000000,3160.05000000,3174.89000000,262.69630000,1642503599999,834631.29867800,453,146.27460000,464762.96122600,0
1642503600000,3175.02000000,3175.70000000,3154.69000000,3174.43000000,171.20040000,1642507199999,541992.34863100,374,105.69850000,334705.55250800,0
1642507200000,3173.81000000,3181.51000000,3147.16000000,3163.53000000,489.23080000,1642510799999,1544910.88091200,563,329.33990000,1039577.55474400,0
1642510800000,3166.29000000,3166.29000000,3111.00000000,3138.88000000,715.15160000,1642514399999,2239953.09980300,924,307.72150000,963333.08378400,0
1642514400000,3139.58000000,3143.76000000,3101.00000000,3114.62000000,481.50370000,1642517999999,1500785.34253900,924,294.77070000,918435.40148000,0
1642518000000,3117.18000000,3144.56000000,3114.23000000,3116.56000000,446.72980000,1642521599999,1399464.29353300,871,177.65900000,556588.74231900,0
1642521600000,3117.68000000,3140.78000000,3102.49000000,3131.43000000,362.99530000,1642525199999,1132813.90613500,676,200.60020000,626120.71945000,0
1642525200000,3132.84000000,3133.80000000,3103.44000000,3105.46000000,398.80090000,1642528799999,1242229.45272800,630,198.61240000,618446.61782700,0
1642528800000,3103.19000000,3114.29000000,3082.99000000,3107.22000000,578.93980000,1642532399999,1792715.91261400,937,340.07180000,1053059.30868400,0
1642532400000,3109.16000000,3132.68000000,3107.21000000,3128.56000000,282.51520000,1642535999999,881333.17154000,529,149.28610000,465766.55756100,0
1642536000000,3127.26000000,3132.78000000,3100.76000000,3124.82000000,316.44330000,1642539599999,985278.79078700,492,145.17230000,451967.41558800,0
1642539600000,3122.49000000,3169.55000000,3119.36000000,3164.03000000,635.48660000,1642543199999,2002069.44232000,957,301.61950000,950455.58333900,0
1642543200000,3169.44000000,3193.18000000,3157.05000000,3176.04000000,1219.14540000,1642546799999,3864294.48934700,1885,1144.42040000,3627491.20541600,0
1642546800000,3179.63000000,3183.95000000,3158.84000000,3161.64000000,101.66870000,1642550399999,322103.04613100,238,67.23200000,212929.21271100,0
1642550400000,3163.01000000,3170.88000000,3145.96000000,3155.09000000,356.17490000,1642553999999,1125048.52575200,526,226.36270000,715177.91457700,0
1642554000000,3157.55000000,3174.10000000,3156.12000000,3172.22000000,401.99310000,1642557599999,1272516.87515000,537,250.77790000,793692.25670100,0
1642557600000,3172.93000000,3176.17000000,3152.25000000,3156.17000000,176.59480000,1642561199999,558440.99970500,271,79.64250000,251780.02077100,0
1642561200000,3157.60000000,3157.86000000,3089.80000000,3100.25000000,732.30820000,1642564799999,2284005.50395400,1123,383.97770000,1196917.09545300,0
1642564800000,3100.84000000,3113.03000000,3099.59000000,3103.88000000,296.64570000,1642568399999,921196.08195500,521,158.85740000,493296.07774600,0
1642568400000,3100.41000000,3114.09000000,3100.41000000,3107.61000000,168.60190000,1642571999999,523951.49756200,307,82.70150000,256955.34070000,0
1642572000000,3104.18000000,3111.78000000,3090.88000000,3101.03000000,216.00070000,1642575599999,670396.66851700,367,121.84230000,378058.71716100,0
1642575600000,3099.06000000,3100.76000000,3046.21000000,3061.72000000,765.91950000,1642579199999,2348167.40632300,1159,441.33830000,1352565.52692800,0
1642579200000,3061.72000000,3079.05000000,3046.22000000,3065.98000000,560.64940000,1642582799999,1718137.00842500,727,350.73320000,1075578.87185700,0
1642582800000,3062.04000000,3092.25000000,3061.27000000,3087.86000000,428.87580000,1642586399999,1320887.08849400,779,181.00060000,557290.45682000,0
1642586400000,3086.24000000,3088.34000000,3050.04000000,3077.33000000,576.53030000,1642589999999,1768941.83398700,757,227.35600000,697786.64159800,0
1642590000000,3078.00000000,3132.92000000,3077.82000000,3118.54000000,790.08230000,1642593599999,2455024.75291000,1145,368.78760000,1145632.56448600,0
1642593600000,3116.66000000,3133.86000000,3113.02000000,3119.39000000,409.70880000,1642597199999,1279369.74732100,552,173.34040000,541363.79290500,0
1642597200000,3120.25000000,3144.63000000,3114.10000000,3126.22000000,380.53590000,1642600799999,1190217.29246600,583,198.73440000,621447.20998800,0
1642600800000,3123.90000000,3162.54000000,3111.96000000,3158.80000000,579.68840000,1642604399999,1820921.94902500,884,247.41790000,777021.48508800,0
1642604400000,3160.22000000,3160.22000000,3115.78000000,3121.87000000,653.83960000,1642607999999,2051815.55876300,832,357.79700000,1122644.27899000,0
1642608000000,3123.29000000,3132.24000000,3081.00000000,3100.75000000,741.91570000,1642611599999,2300901.44011400,1124,332.48280000,1030484.24175200,0
1642611600000,3102.42000000,3158.17000000,3102.42000000,3151.16000000,2121.46830000,1642615199999,6651181.17170400,2436,1691.47040000,5303127.15359200,0
1642615200000,3151.17000000,3158.07000000,3126.68000000,3137.88000000,347.55100000,1642618799999,1091685.39423300,619,130.76800000,410550.59699800,0
1642618800000,3137.88000000,3140.50000000,3116.56000000,3129.80000000,394.28890000,1642622399999,1232878.57618500,597,136.67300000,427343.62144300,0
1642622400000,3128.73000000,3140.09000000,3103.49000000,3110.58000000,646.80900000,1642625999999,2018118.62184100,804,185.85670000,580267.70182900,0
1642626000000,3110.46000000,3126.93000000,3110.46000000,3114.94000000,278.05360000,1642629599999,867468.48322600,415,84.51480000,263581.87474600,0
1642629600000,3113.12000000,3130.34000000,3104.78000000,3129.75000000,98.50030000,1642633199999,307251.98992800,259,39.82040000,124123.92349400,0
1642633200000,3126.43000000,3127.26000000,3083.98000000,3084.51000000,165.78860000,1642636799999,514220.70705800,336,61.14410000,189964.87172400,0
1642636800000,3087.19000000,3121.30000000,3086.53000000,3113.24000000,139.02150000,1642640399999,431645.80203200,273,83.21420000,258249.17709000,0
1642640400000,3116.60000000,3120.13000000,3095.07000000,3111.64000000,123.52190000,1642643999999,383252.25139500,233,60.44610000,187493.79647800,0
1642644000000,3113.64000000,3129.98000000,3113.27000000,3124.85000000,107.40390000,1642647599999,335482.81810100,225,42.50520000,132824.63577200,0
1642647600000,3121.71000000,3131.58000000,3118.19000000,3127.86000000,206.49720000,1642651199999,644866.45481500,251,65.72150000,205277.54536900,0
1642651200000,3127.50000000,3136.74000000,3122.24000000,3124.00000000,110.57870000,1642654799999,345924.16515600,235,58.98660000,184594.87967700,0
1642654800000,3126.07000000,3132.17000000,3114.14000000,3127.96000000,216.24520000,1642658399999,675225.17305400,328,83.42040000,260608.40610300,0
1642658400000,3129.21000000,3147.81000000,3128.99000000,3145.63000000,334.27630000,1642661999999,1049472.66120400,336,236.32700000,741907.46185000,0
1642662000000,3146.44000000,3154.56000000,3135.51000000,3137.91000000,206.22850000,1642665599999,648534.98785700,353,62.03650000,194985.39087900,0
1642665600000,3141.44000000,3142.09000000,3123.36000000,3131.43000000,148.43640000,1642669199999,464995.06150600,336,59.63880000,186820.09993200,0
1642669200000,3131.74000000,3149.05000000,3117.95000000,3144.33000000,205.92720000,1642672799999,645596.74334900,353,86.65640000,271538.98721900,0
1642672800000,3143.78000000,3149.21000000,3136.39000000,3140.13000000,137.09410000,1642676399999,430995.34631300,270,49.61890000,155967.35536300,0
1642676400000,3140.77000000,3154.82000000,3135.80000000,3151.43000000,418.41710000,1642679999999,1316333.34726500,626,125.70680000,395638.03381900,0
1642680000000,3153.43000000,3153.43000000,3126.68000000,3136.04000000,364.12880000,1642683599999,1141939.09923800,564,176.31460000,552866.33110800,0
1642683600000,3136.66000000,3189.47000000,3132.97000000,3179.66000000,1003.66410000,1642687199999,3180217.71206300,1081,716.64570000,2271352.44651700,0
1642687200000,3182.27000000,3224.24000000,3182.27000000,3221.38000000,1356.70000000,1642690799999,4344573.39012200,1706,754.76970000,2416510.93923300,0
1642690800000,3221.04000000,3271.97000000,3218.85000000,3260.40000000,832.55770000,1642694399999,2705065.84288900,1575,430.92750000,1400366.82656100,0
1642694400000,3262.30000000,3273.63000000,3239.10000000,3247.21000000,323.05450000,1642697999999,1051086.39603900,559,118.87930000,387050.64799600,0
1642698000000,3247.65000000,3250.89000000,3225.48000000,3233.45000000,372.78240000,1642701599999,1206771.94300500,538,220.84190000,714871.27630600,0
1642701600000,3233.45000000,3235.31000000,3205.02000000,3211.56000000,523.76670000,1642705199999,1690130.88500900,681,188.38190000,607880.69796400,0
1642705200000,3207.71000000,3246.14000000,3198.00000000,3217.98000000,1103.44690000,1642708799999,3563399.33794700,891,836.03330000,2700296.82172900,0
1642708800000,3215.48000000,3218.58000000,3184.09000000,3196.90000000,425.91260000,1642712399999,1362831.06386000,698,212.45660000,680171.77535800,0
1642712400000,3194.70000000,3198.31000000,3081.48000000,3082.66000000,1019.39870000,1642715999999,3196709.10687800,1511,481.85540000,1508580.54189300,0
1642716000000,3080.31000000,3106.65000000,3020.01000000,3059.52000000,701.96960000,1642719599999,2158266.23258400,1530,361.99830000,1113544.28361000,0
1642719600000,3060.31000000,3060.31000000,2987.86000000,3005.43000000,543.55740000,1642723199999,1638991.84767800,1293,312.97000000,944683.42242800,0
1642723200000,2997.40000000,3033.33000000,2973.00000000,3020.00000000,482.81440000,1642726799999,1451977.98598900,1105,272.65630000,819465.43553500,0
1642726800000,3017.02000000,3017.38000000,2892.82000000,2899.07000000,1146.84790000,1642730399999,3377106.53231000,1897,595.93110000,1756862.83887500,0
1642730400000,2901.33000000,2955.10000000,2881.21000000,2911.34000000,984.00690000,1642733999999,2869630.72721900,1741,557.87670000,1627891.33628600,0
1642734000000,2906.54000000,2916.07000000,2809.01000000,2839.34000000,2218.30420000,1642737599999,6316003.33736300,3063,874.17090000,2493378.63460200,0
1642737600000,2835.85000000,2880.22000000,2835.85000000,2862.34000000,946.08060000,1642741199999,2709074.49419900,959,660.65240000,1891682.51519900,0
1642741200000,2862.40000000,2878.45000000,2850.23000000,2860.10000000,613.86560000,1642744799999,1757648.16505100,767,327.43610000,937409.56557200,0
1642744800000,2860.75000000,2867.29000000,2835.00000000,2846.02000000,964.27810000,1642748399999,2751715.45320800,1099,488.55010000,1394116.48394500,0
1642748400000,2845.04000000,2897.48000000,2836.64000000,2882.50000000,988.66750000,1642751999999,2831435.67658600,1239,554.01060000,1586687.04015600,0
1642752000000,2881.20000000,2899.69000000,2877.95000000,2893.63000000,585.23380000,1642755599999,1690108.11823300,825,289.54930000,836416.74593000,0
1642755600000,2894.47000000,2895.10000000,2869.44000000,2870.00000000,832.36300000,1642759199999,2398699.39764800,858,346.16700000,997726.18065600,0
1642759200000,2868.68000000,2887.93000000,2860.00000000,2872.84000000,1217.04010000,1642762799999,3491066.51650300,909,721.67800000,2069370.78276900,0
1642762800000,2870.36000000,2876.21000000,2835.46000000,2846.01000000,1309.87030000,1642766399999,3738898.05058500,1348,853.10490000,2436130.68374900,0
1642766400000,2846.82000000,2852.76000000,2733.00000000,2776.78000000,3119.36710000,1642769999999,8726093.04607700,3541,1573.34870000,4417370.99762300,0
1642770000000,2776.69000000,2814.17000000,2758.64000000,2797.76000000,1224.77780000,1642773599999,3413837.76611400,1864,630.28040000,1756453.35910500,0
1642773600000,2796.38000000,2835.67000000,2767.14000000,2783.51000000,1030.74490000,1642777199999,2879555.00351000,1704,466.81820000,1303992.49130300,0
1642777200000,2782.72000000,2852.83000000,2767.15000000,2828.59000000,1408.66890000,1642780799999,3963373.93000500,2082,707.58400000,1988412.36378500,0
1642780800000,2831.86000000,2861.57000000,2791.68000000,2812.12000000,1325.81440000,1642784399999,3741450.00516300,1675,797.14310000,2247274.49278300,0
1642784400000,2809.36000000,2815.04000000,2766.66000000,2779.80000000,2923.14620000,1642787999999,8130177.17285600,2497,2476.98940000,6886875.11911600,0
1642788000000,2779.31000000,2807.66000000,2755.48000000,2766.08000000,977.95030000,1642791599999,2722429.59065000,1603,508.69340000,1416387.02287300,0
1642791600000,2768.02000000,2788.80000000,2737.20000000,2737.20000000,766.64630000,1642795199999,2118642.05005000,1363,260.86020000,722251.76991500,0
1642795200000,2740.21000000,2764.25000000,2691.19000000,2744.65000000,3186.48740000,1642798799999,8686197.00026900,4088,1897.89690000,5181198.74841200,0
1642798800000,2746.79000000,2756.76000000,2545.54000000,2608.75000000,2188.45234000,1642802399999,5786824.63814800,3949,733.31855000,1951043.46552500,0
1642802400000,2609.09000000,2650.32000000,2480.28000000,2545.02000000,1647.86337000,1642805999999,4214729.10035500,2762,665.80440000,1711567.95590500,0
1642806000000,2549.96000000,2599.44000000,2454.40000000,2569.42000000,1413.47024000,1642809599999,3593700.97195320,2291,815.69020000,2080981.33249300,0
1642809600000,2566.44000000,2624.38000000,2544.09000000,2592.30000000,1143.73010000,1642813199999,2964216.47603100,2122,498.12090000,1291958.21517400,0
1642813200000,2591.78000000,2621.36000000,2581.47000000,2609.51000000,968.24100000,1642816799999,2516715.51548600,1489,401.27620000,1042836.50336700,0
1642816800000,2607.01000000,2621.00000000,2583.67000000,2593.46000000,1279.85230000,1642820399999,3325881.13712200,1467,840.15490000,2183853.00144900,0
1642820400000,2596.11000000,2616.96000000,2540.56000000,2567.95000000,796.94920000,1642823999999,2055410.57219200,1418,332.64480000,858153.78341300,0
1642824000000,2569.30000000,2576.49000000,2546.71000000,2555.77000000,828.12480000,1642827599999,2123899.05729600,1084,472.78810000,1212786.94728700,0
1642827600000,2554.42000000,2563.75000000,2482.65000000,2496.21000000,1177.50540000,1642831199999,2974606.47253900,1632,543.47330000,1373917.45964500,0
1642831200000,2496.36000000,2533.40000000,2462.27000000,2507.02000000,1602.24550000,1642834799999,4008575.61323200,2176,1043.91720000,2609889.91347400,0
1642834800000,2509.96000000,2527.01000000,2426.00000000,2460.99000000,1584.49510000,1642838399999,3940875.06629400,2289,524.81750000,1306814.65636700,0
1642838400000,2464.67000000,2504.39000000,2464.12000000,2467.90000000,769.11670000,1642841999999,1911916.93783500,1151,323.90350000,804633.93175700,0
1642842000000,2467.03000000,2487.11000000,2369.95000000,2389.83000000,1909.82263000,1642845599999,4636303.19883500,2631,709.54777000,1729241.79446540,0
1642845600000,2385.63000000,2467.50000000,2301.00000000,2449.31000000,2571.95929000,1642849199999,6122490.50457630,4000,1023.69540000,2439627.58265600,0
1642849200000,2451.22000000,2480.15000000,2384.99000000,2430.67000000,1326.98760000,1642852799999,3227619.65081700,2188,656.84320000,1597127.95410800,0
1642852800000,2432.41000000,2506.04000000,2425.00000000,2491.98000000,880.21870000,1642856399999,2169336.75520300,1530,499.93240000,1233117.42163900,0
1642856400000,2488.00000000,2521.18000000,2458.97000000,2467.95000000,1104.11020000,1642859999999,2746413.75940500,1675,420.71900000,1045923.85643400,0
1642860000000,2467.86000000,2475.94000000,2417.03000000,2419.81000000,794.73360000,1642863599999,1949982.67996800,1286,369.89640000,908005.67110300,0
1642863600000,2420.82000000,2430.60000000,2379.35000000,2388.64000000,707.48550000,1642867199999,1698923.66041800,1199,210.85120000,506800.95599400,0
1642867200000,2390.86000000,2465.52000000,2352.06000000,2440.00000000,879.43080000,1642870799999,2127582.05090200,1400,565.53970000,1375098.33361700,0
1642870800000,2440.00000000,2451.12000000,2371.31000000,2378.07000000,427.62740000,1642874399999,1026822.67414400,906,219.59110000,527648.50449700,0
1642874400000,2382.53000000,2398.42000000,2320.02000000,2330.47000000,623.02410000,1642877999999,1469401.22017600,1266,285.08640000,674120.85639200,0
1642878000000,2330.84000000,2375.46000000,2320.00000000,2337.35000000,358.21480000,1642881599999,840093.65363200,994,170.81160000,400662.85572700,0
1642881600000,2340.19000000,2463.04000000,2319.05000000,2425.05000000,730.34040000,1642885199999,1757982.75046500,1436,398.73500000,957922.09965200,0
1642885200000,2434.01000000,2470.24000000,2410.67000000,2450.09000000,298.34650000,1642888799999,726852.14950200,650,127.14100000,310215.27520000,0
1642888800000,2445.94000000,2445.94000000,2365.32000000,2377.48000000,381.62070000,1642892399999,920189.14400900,581,139.79380000,335479.11892400,0
1642892400000,2375.64000000,2412.74000000,2369.15000000,2411.75000000,323.33990000,1642895999999,774847.85443800,509,67.39210000,161589.11253300,0
1642896000000,2412.04000000,2449.61000000,2399.00000000,2449.02000000,436.98480000,1642899599999,1059902.51915200,705,121.54680000,295437.76558100,0
1642899600000,2445.25000000,2465.67000000,2432.10000000,2445.55000000,579.40250000,1642903199999,1417583.28377300,685,254.03350000,621255.12983100,0
1642903200000,2446.48000000,2448.88000000,2389.47000000,2394.65000000,302.65900000,1642906799999,732582.46022200,445,126.97220000,307654.42885700,0
1642906800000,2397.47000000,2420.28000000,2386.56000000,2418.51000000,187.66150000,1642910399999,451014.23055700,322,77.17670000,185429.20076800,0
1642910400000,2417.69000000,2444.97000000,2408.47000000,2433.24000000,485.59590000,1642913999999,1180163.82620600,653,187.51700000,455871.50101100,0
1642914000000,2433.24000000,2485.64000000,2410.64000000,2468.31000000,624.05740000,1642917599999,1525001.86314800,765,334.28920000,818637.80073100,0
1642917600000,2473.32000000,2479.43000000,2450.06000000,2461.91000000,429.99390000,1642921199999,1058659.31846600,615,177.74730000,437637.55182700,0
1642921200000,2461.90000000,2501.45000000,2460.33000000,2488.02000000,485.79230000,1642924799999,1209552.66739700,780,203.95490000,507982.83129800,0
1642924800000,2485.96000000,2520.51000000,2474.00000000,2520.51000000,530.10800000,1642928399999,1322692.99137300,890,296.79870000,740616.15668400,0
1642928400000,2520.21000000,2551.31000000,2509.72000000,2533.94000000,1096.24670000,1642931999999,2776805.65278200,1587,585.15510000,1481978.42509300,0
1642932000000,2535.41000000,2539.78000000,2513.31000000,2534.63000000,408.64590000,1642935599999,1032720.74580300,714,197.19050000,498206.32921100,0
1642935600000,2533.04000000,2535.80000000,2492.05000000,2499.58000000,314.77170000,1642939199999,790470.31197900,594,124.11870000,311646.94762000,0
1642939200000,2499.60000000,2502.41000000,2482.45000000,2496.00000000,358.22110000,1642942799999,893178.83651100,496,144.08480000,359284.51207100,0
1642942800000,2495.00000000,2509.92000000,2484.03000000,2507.69000000,272.02380000,1642946399999,679583.69906500,478,102.43560000,255941.21171400,0
1642946400000,2507.76000000,2515.52000000,2407.00000000,2434.69000000,673.72510000,1642949999999,1646633.54106800,1118,352.77960000,861412.18881500,0
1642950000000,2433.04000000,2440.68000000,2419.40000000,2436.39000000,427.06440000,1642953599999,1037820.41707000,561,189.09310000,459508.51410400,0
1642953600000,2433.51000000,2454.81000000,2416.52000000,2423.27000000,274.35520000,1642957199999,668456.05899000,426,141.24670000,344247.49094900,0
1642957200000,2426.43000000,2446.58000000,2424.37000000,2437.30000000,352.34280000,1642960799999,859890.21868500,389,174.94150000,427284.22504500,0
1642960800000,2436.10000000,2446.55000000,2406.22000000,2416.92000000,344.68580000,1642964399999,836043.69089200,530,137.06960000,332394.86298100,0
1642964400000,2410.95000000,2429.03000000,2376.36000000,2384.06000000,743.01180000,1642967999999,1784337.46409700,856,179.89290000,431657.44107000,0
1642968000000,2383.16000000,2427.20000000,2373.21000000,2425.79000000,324.65150000,1642971599999,780866.75865100,503,136.24360000,327621.22585600,0
1642971600000,2423.60000000,2438.22000000,2405.12000000,2421.96000000,172.14880000,1642975199999,416243.47212500,394,61.13680000,147744.75813500,0
1642975200000,2421.96000000,2449.10000000,2418.33000000,2446.24000000,489.07800000,1642978799999,1191252.34662500,959,107.35550000,261056.06170100,0
1642978800000,2446.24000000,2547.83000000,2440.41000000,2539.81000000,2044.21190000,1642982399999,5150172.70603300,2393,681.56230000,1711351.14162700,0
1642982400000,2539.02000000,2539.88000000,2484.02000000,2491.10000000,4329.72420000,1642985999999,10896949.09167500,4403,427.27130000,1072195.56446600,0
1642986000000,2491.98000000,2501.68000000,2453.96000000,2458.50000000,1348.43930000,1642989599999,3361945.55387400,1777,161.92370000,402045.23051500,0
1642989600000,2458.50000000,2464.98000000,2434.49000000,2439.56000000,2641.60300000,1642993199999,6499585.96319400,2875,214.52910000,526392.68184800,0
1642993200000,2438.15000000,2464.62000000,2435.30000000,2461.40000000,347.49940000,1642996799999,850935.17741300,459,181.16170000,443442.50103800,0
1642996800000,2459.71000000,2470.32000000,2429.96000000,2438.58000000,284.76510000,1643000399999,697692.65379700,394,137.56490000,336377.71240300,0
1643000400000,2436.01000000,2446.15000000,2420.84000000,2441.89000000,228.80670000,1643003999999,555915.64988200,325,93.52340000,227359.01447900,0
1643004000000,2441.79000000,2456.51000000,2431.19000000,2435.94000000,187.80090000,1643007599999,459173.65633000,312,76.07000000,185865.48030300,0
1643007600000,2434.00000000,2434.04000000,2382.07000000,2387.28000000,641.98360000,1643011199999,1544714.68751100,865,375.27870000,902262.71438200,0
1643011200000,2387.28000000,2442.11000000,2355.00000000,2383.27000000,1039.22110000,1643014799999,2485103.35132300,1380,553.27510000,1321481.24496800,0
1643014800000,2384.12000000,2395.11000000,2319.81000000,2336.77000000,1028.02030000,1643018399999,2418797.24797900,1512,398.20410000,937357.01750000,0
1643018400000,2337.79000000,2341.87000000,2210.00000000,2217.14000000,2979.82690000,1643021999999,6757104.71763360,3108,1234.85910000,2804445.83649900,0
1643022000000,2217.85000000,2285.57000000,2202.45000000,2239.06000000,2471.18241000,1643025599999,5532262.11310300,2913,1446.66500000,3237949.47910000,0
1643025600000,2238.22000000,2248.87000000,2172.68000000,2186.48000000,1609.69544000,1643029199999,3553116.62949690,2324,647.84110000,1432753.01312300,0
1643029200000,2191.34000000,2232.94000000,2169.03000000,2184.05000000,1062.43680000,1643032799999,2337352.09523400,1863,513.22360000,1128910.65392300,0
1643032800000,2182.96000000,2257.18000000,2157.96000000,2205.35000000,1332.57270000,1643036399999,2938878.74308300,1867,640.36200000,1412023.85751400,0
1643036400000,2208.31000000,2286.03000000,2162.68000000,2274.40000000,1700.00240000,1643039999999,3795356.71333600,2551,741.48860000,1650240.85847500,0
1643040000000,2273.32000000,2309.77000000,2222.26000000,2260.31000000,1108.40200000,1643043599999,2516743.77042000,1848,447.12480000,1015109.90674500,0
1643043600000,2260.31000000,2367.98000000,2213.12000000,2350.70000000,1145.07340000,1643047199999,2611453.40593800,2215,537.49720000,1228624.54448000,0
1643047200000,2349.69000000,2407.47000000,2332.40000000,2386.26000000,2279.59940000,1643050799999,5425351.23174400,2999,562.54900000,1339683.79989000,0
1643050800000,2388.13000000,2400.93000000,2339.61000000,2383.37000000,768.05970000,1643054399999,1816026.30386100,1242,359.31040000,850313.23652800,0
1643054400000,2378.90000000,2480.15000000,2370.65000000,2465.19000000,647.49970000,1643057999999,1572577.10872000,1426,319.58730000,776806.42354700,0
1643058000000,2461.71000000,2475.83000000,2438.37000000,2443.55000000,1072.28380000,1643061599999,2633321.15763800,1145,215.32320000,528428.88528900,0
1643061600000,2444.53000000,2457.33000000,2408.05000000,2415.27000000,334.93930000,1643065199999,813480.93506200,705,110.45870000,268999.57228500,0
1643065200000,2413.05000000,2449.92000000,2412.15000000,2442.46000000,278.83060000,1643068799999,678098.01362400,447,66.20190000,161070.83188100,0
1643068800000,2441.33000000,2447.31000000,2386.33000000,2390.27000000,554.14720000,1643072399999,1345157.64633000,730,260.99630000,633910.05215700,0
1643072400000,2390.18000000,2403.00000000,2379.27000000,2392.55000000,231.68490000,1643075999999,554184.11909300,563,106.63890000,255035.29090900,0
1643076000000,2392.93000000,2415.76000000,2383.89000000,2411.98000000,196.04470000,1643079599999,470178.51737800,875,96.82630000,232197.25200500,0
1643079600000,2412.80000000,2424.68000000,2397.62000000,2416.90000000,196.28350000,1643083199999,473305.37524100,990,91.54280000,220706.05941600,0
1643083200000,2416.89000000,2423.04000000,2375.67000000,2382.01000000,130.77770000,1643086799999,313990.70982600,785,34.77550000,83669.61405500,0
1643086800000,2380.18000000,2397.30000000,2376.97000000,2396.09000000,164.55260000,1643090399999,392119.07966000,790,90.29340000,215071.56426800,0
1643090400000,2396.90000000,2400.02000000,2364.60000000,2366.50000000,192.62920000,1643093999999,458137.70755600,973,81.41390000,193576.52685400,0
1643094000000,2364.48000000,2388.56000000,2351.69000000,2386.98000000,311.73630000,1643097599999,737939.64284000,1065,108.96710000,257836.23114600,0
1643097600000,2384.80000000,2413.49000000,2375.25000000,2387.45000000,277.39240000,1643101199999,664486.46310100,1077,125.21960000,299705.01984800,0
1643101200000,2387.28000000,2436.33000000,2381.91000000,2426.94000000,142.77300000,1643104799999,344545.22304100,934,80.69460000,194613.62052500,0
1643104800000,2428.15000000,2454.49000000,2418.98000000,2431.82000000,923.85050000,1643108399999,2247202.49140400,1541,584.72580000,1422002.66873000,0
1643108400000,2428.64000000,2443.65000000,2407.72000000,2426.12000000,363.55880000,1643111999999,881481.82550200,1161,110.22590000,266768.46357900,0
1643112000000,2426.09000000,2462.25000000,2409.05000000,2440.52000000,280.72290000,1643115599999,683666.48949400,1113,111.98290000,272842.75939600,0
1643115600000,2440.66000000,2444.71000000,2405.86000000,2429.60000000,553.01050000,1643119199999,1339884.87047800,1301,131.37950000,318385.45209900,0
1643119200000,2430.13000000,2469.95000000,2389.38000000,2393.00000000,601.65670000,1643122799999,1460338.99377600,1537,271.67620000,660133.38168400,0
1643122800000,2394.86000000,2441.84000000,2363.98000000,2418.18000000,423.74880000,1643126399999,1021403.68212300,1312,196.80070000,472560.26936100,0
1643126400000,2420.75000000,2453.04000000,2414.00000000,2435.61000000,246.70350000,1643129999999,601881.58378100,1165,102.20580000,249361.62822200,0
1643130000000,2435.61000000,2492.95000000,2431.18000000,2481.08000000,964.21590000,1643133599999,2380139.85526600,1732,741.99660000,1832237.00612800,0
1643133600000,2483.85000000,2507.00000000,2465.92000000,2498.46000000,2878.21770000,1643137199999,7167956.94521600,3312,2564.89870000,6387763.85396200,0
1643137200000,2497.06000000,2507.27000000,2467.19000000,2470.33000000,468.72540000,1643140799999,1167711.01502800,1462,296.33380000,738934.19092400,0
1643140800000,2469.52000000,2472.40000000,2432.82000000,2438.72000000,381.17450000,1643144399999,934230.64849500,1319,261.96970000,642053.13841300,0
1643144400000,2443.09000000,2443.09000000,2406.17000000,2414.56000000,356.08980000,1643147999999,861242.63868300,1211,241.05950000,582931.76414000,0
1643148000000,2414.55000000,2440.22000000,2405.19000000,2438.95000000,264.87990000,1643151599999,641315.62635200,1032,119.47610000,289314.15914800,0
1643151600000,2439.95000000,2472.97000000,2430.79000000,2461.18000000,408.03930000,1643155199999,1001306.03330300,1856,102.65930000,252154.56853200,0
1643155200000,2459.08000000,2464.59000000,2417.00000000,2424.79000000,292.02380000,1643158799999,712979.95476300,1065,155.63760000,380077.21252800,0
1643158800000,2425.74000000,2453.02000000,2424.81000000,2447.76000000,171.36150000,1643162399999,417775.12553500,880,69.35780000,169445.29187000,0
1643162400000,2447.75000000,2472.57000000,2444.00000000,2447.57000000,163.22670000,1643165999999,401081.59181700,951,74.53660000,183047.07026300,0
1643166000000,2447.34000000,2486.00000000,2445.79000000,2478.87000000,353.61060000,1643169599999,874365.15174700,1210,160.88250000,397725.60856200,0
1643169600000,2478.70000000,2501.84000000,2465.42000000,2499.94000000,262.24910000,1643173199999,651221.73126100,1005,115.08600000,285968.33857300,0
1643173200000,2499.94000000,2501.12000000,2477.05000000,2478.25000000,312.80390000,1643176799999,777417.50076600,1119,66.79690000,166278.11240000,0
1643176800000,2477.05000000,2491.62000000,2447.42000000,2452.95000000,439.52990000,1643180399999,1088583.57342800,1075,211.56730000,524654.02907700,0
1643180400000,2452.95000000,2467.08000000,2445.53000000,2463.40000000,96.23550000,1643183999999,236274.90172000,826,30.42200000,74742.04197300,0
1643184000000,2463.31000000,2493.77000000,2461.36000000,2489.77000000,366.63350000,1643187599999,908759.87390300,1241,147.08850000,364522.18655300,0
1643187600000,2489.77000000,2522.00000000,2484.59000000,2490.44000000,491.98300000,1643191199999,1229599.71928900,1295,211.18400000,527971.91783100,0
1643191200000,2491.81000000,2541.27000000,2479.02000000,2529.05000000,690.72310000,1643194799999,1732874.40674900,1619,255.61340000,642570.64920900,0
1643194800000,2529.13000000,2550.00000000,2515.86000000,2549.03000000,453.59380000,1643198399999,1147985.69664700,1464,270.07370000,683393.26330100,0
1643198400000,2549.16000000,2549.50000000,2531.88000000,2534.95000000,356.83200000,1643201999999,906231.70271400,1255,228.92620000,581518.40099800,0
1643202000000,2534.95000000,2636.86000000,2524.10000000,2627.12000000,854.66360000,1643205599999,2218269.68594500,2238,434.28950000,1123028.79199100,0
1643205600000,2622.52000000,2670.08000000,2618.91000000,2649.03000000,855.40520000,1643209199999,2262376.06367500,2520,449.75310000,1189508.27529600,0
1643209200000,2646.10000000,2660.91000000,2588.04000000,2609.57000000,697.78050000,1643212799999,1831857.95957100,1866,428.66650000,1125610.44935000,0
1643212800000,2606.24000000,2621.54000000,2597.39000000,2617.95000000,412.20210000,1643216399999,1075539.65355400,1259,278.55560000,726614.11605600,0
1643216400000,2617.76000000,2641.33000000,2592.10000000,2597.77000000,484.56300000,1643219999999,1269249.83991800,1467,232.20760000,609406.00219000,0
1643220000000,2599.86000000,2626.06000000,2562.02000000,2608.39000000,554.08700000,1643223599999,1428363.24876300,1721,302.38800000,779088.06442200,0
1643223600000,2607.17000000,2724.89000000,2566.86000000,2575.12000000,1892.85470000,1643227199999,5005663.96123700,4245,1087.66270000,2876182.40090600,0
1643227200000,2573.34000000,2573.34000000,2470.28000000,2522.54000000,1072.90100000,1643230799999,2697088.80480900,2695,584.08760000,1469299.66455000,0
1643230800000,2520.34000000,2535.63000000,2413.43000000,2419.21000000,1685.77280000,1643234399999,4227889.12035800,2161,1195.80990000,3008926.20876100,0
1643234400000,2417.05000000,2445.30000000,2403.39000000,2440.37000000,647.11270000,1643237999999,1568410.54782100,1694,365.37760000,885711.38429100,0
1643238000000,2441.93000000,2479.09000000,2436.13000000,2463.44000000,346.36290000,1643241599999,852651.48453400,1311,144.62060000,355964.34750900,0
1643241600000,2465.32000000,2496.20000000,2446.90000000,2486.63000000,923.62720000,1643245199999,2289400.44960200,2142,627.43960000,1556009.26465900,0
1643245200000,2485.00000000,2485.00000000,2385.32000000,2393.11000000,2433.91360000,1643248799999,5884565.10862100,2849,1830.37250000,4422075.93618000,0
1643248800000,2389.36000000,2398.56000000,2359.50000000,2389.96000000,882.56370000,1643252399999,2099599.72636200,2284,252.38090000,600464.56855000,0
1643252400000,2389.68000000,2409.01000000,2355.13000000,2367.31000000,987.66080000,1643255999999,2359961.22625300,1751,686.13550000,1639543.24851900,0
1643256000000,2366.08000000,2399.00000000,2362.42000000,2396.03000000,260.86390000,1643259599999,622049.10851600,1056,153.58560000,366329.52281300,0
1643259600000,2396.03000000,2410.80000000,2383.26000000,2392.67000000,220.25670000,1643263199999,528007.05206300,1154,93.69820000,224901.81847700,0
1643263200000,2390.06000000,2404.30000000,2377.15000000,2402.00000000,201.69580000,1643266799999,481685.70808700,1001,93.84760000,224018.49130600,0
1643266800000,2402.32000000,2420.51000000,2388.49000000,2406.38000000,287.45980000,1643270399999,691623.08100300,1042,141.25470000,339504.22469600,0
1643270400000,2406.40000000,2445.55000000,2386.50000000,2440.52000000,405.65240000,1643273999999,979799.96563000,1325,216.09660000,521429.65416000,0
1643274000000,2442.88000000,2450.40000000,2428.65000000,2443.85000000,374.77310000,1643277599999,915017.58476900,1193,181.83400000,443941.20018700,0
1643277600000,2443.64000000,2451.86000000,2417.29000000,2426.13000000,453.26310000,1643281199999,1105234.82969700,1380,307.63790000,750057.74160400,0
1643281200000,2424.53000000,2458.89000000,2424.53000000,2458.57000000,1061.94830000,1643284799999,2601369.15787700,2090,191.80370000,469408.32002800,0
1643284800000,2458.59000000,2471.00000000,2443.10000000,2459.02000000,491.71920000,1643288399999,1209086.30127700,1381,174.15900000,428068.55770800,0
1643288400000,2460.15000000,2492.96000000,2453.61000000,2488.20000000,259.26480000,1643291999999,642051.68280400,1230,138.31150000,342364.29494200,0
1643292000000,2488.28000000,2522.51000000,2476.46000000,2495.36000000,580.07370000,1643295599999,1447683.41689700,1701,254.98440000,636162.21932400,0
1643295600000,2494.92000000,2519.99000000,2461.22000000,2481.56000000,268.58790000,1643299199999,669253.84427200,1339,142.90530000,355708.29256500,0
1643299200000,2483.46000000,2495.86000000,2454.30000000,2478.70000000,375.42030000,1643302799999,929144.37371700,1317,186.71350000,461638.06990800,0
1643302800000,2478.29000000,2487.21000000,2438.99000000,2451.78000000,437.40420000,1643306399999,1072898.29631300,1362,278.34920000,682680.73863100,0
1643306400000,2448.93000000,2456.77000000,2413.05000000,2436.24000000,347.27610000,1643309999999,843221.70146700,1355,190.57690000,463227.45818400,0
1643310000000,2435.95000000,2448.81000000,2386.58000000,2396.22000000,1643.96010000,1643313599999,3948452.16095700,2644,323.44110000,779448.48050200,0
1643313600000,2396.23000000,2415.15000000,2339.10000000,2339.87000000,1306.13430000,1643317199999,3096894.59979100,1984,913.17120000,2164645.19979200,0
1643317200000,2340.61000000,2371.86000000,2317.00000000,2361.73000000,520.48470000,1643320799999,1217588.56472300,1620,305.98090000,716000.02365300,0
1643320800000,2359.34000000,2404.40000000,2329.44000000,2383.44000000,635.65720000,1643324399999,1499567.08805400,1754,321.54570000,759267.96300700,0
1643324400000,2383.39000000,2430.00000000,2383.39000000,2427.33000000,1706.19180000,1643327999999,4096604.08672700,2228,292.43610000,704266.76620700,0
1643328000000,2426.60000000,2447.64000000,2412.84000000,2434.57000000,510.30680000,1643331599999,1238442.31101700,1417,211.00880000,512091.26540200,0
1643331600000,2434.96000000,2441.63000000,2386.26000000,2398.08000000,325.50680000,1643335199999,783511.26746800,858,189.59580000,456487.81080000,0
1643335200000,2395.82000000,2404.26000000,2364.54000000,2403.10000000,269.18800000,1643338799999,641823.67851500,813,104.28660000,248489.76904300,0
1643338800000,2403.22000000,2455.04000000,2401.81000000,2446.92000000,569.51670000,1643342399999,1388083.45625700,653,215.40190000,524230.33951100,0
1643342400000,2449.32000000,2463.05000000,2425.96000000,2441.86000000,1220.29520000,1643345999999,2989084.49337400,1332,98.11460000,240106.89355500,0
1643346000000,2441.76000000,2458.14000000,2433.21000000,2448.54000000,143.77140000,1643349599999,351564.10351700,232,30.78780000,75345.90114500,0
1643349600000,2446.45000000,2474.23000000,2422.69000000,2423.64000000,197.72490000,1643353199999,485447.79148500,479,89.66600000,220335.46278300,0
1643353200000,2423.07000000,2438.60000000,2390.05000000,2391.60000000,353.92750000,1643356799999,854178.70332900,475,220.24760000,531091.60292800,0
1643356800000,2391.03000000,2407.24000000,2375.39000000,2403.00000000,393.11980000,1643360399999,939592.88511900,612,269.85820000,645297.86762400,0
1643360400000,2404.29000000,2421.55000000,2379.98000000,2391.00000000,229.59380000,1643363999999,551883.97487000,385,127.26980000,305860.26652700,0
1643364000000,2390.91000000,2410.73000000,2375.64000000,2401.72000000,219.79770000,1643367599999,526673.98221000,385,89.43000000,214421.94040000,0
1643367600000,2401.03000000,2407.83000000,2372.54000000,2397.81000000,170.34650000,1643371199999,406132.57685600,384,103.14550000,245881.33709100,0
1643371200000,2395.95000000,2404.74000000,2359.00000000,2373.83000000,311.06250000,1643374799999,739564.63885200,591,158.56330000,376644.29332700,0
1643374800000,2377.31000000,2438.61000000,2371.38000000,2430.61000000,415.13030000,1643378399999,1000406.37952400,727,203.08270000,490620.84835000,0
1643378400000,2432.91000000,2440.96000000,2381.01000000,2396.50000000,335.11970000,1643381999999,807194.32651900,766,206.64010000,497518.05693600,0
1643382000000,2397.54000000,2448.00000000,2389.64000000,2441.02000000,473.06490000,1643385599999,1145855.64792900,944,205.16020000,497448.43056000,0
1643385600000,2444.05000000,2485.89000000,2433.83000000,2474.00000000,440.05110000,1643389199999,1084918.26128200,941,248.78630000,613877.35095900,0
1643389200000,2476.01000000,2494.14000000,2449.38000000,2452.79000000,435.24710000,1643392799999,1074456.42762500,686,157.84450000,390153.51604400,0
1643392800000,2457.47000000,2488.51000000,2451.06000000,2474.60000000,239.83580000,1643396399999,592294.38393200,547,106.43200000,262723.87888800,0
1643396400000,2472.43000000,2478.02000000,2425.97000000,2461.94000000,442.84720000,1643399999999,1086055.07406100,552,167.16450000,409864.51245200,0
1643400000000,2463.84000000,2517.63000000,2461.31000000,2513.79000000,762.22390000,1643403599999,1903605.22912600,982,225.44640000,561947.34145500,0
1643403600000,2512.54000000,2550.96000000,2508.80000000,2536.10000000,816.02800000,1643407199999,2071950.74073800,1137,207.13160000,525781.49173200,0
1643407200000,2536.03000000,2549.01000000,2516.80000000,2516.84000000,340.43110000,1643410799999,863291.22589300,551,143.95600000,365222.26806800,0
1643410800000,2517.32000000,2558.33000000,2510.56000000,2546.19000000,984.76770000,1643414399999,2495017.10833900,874,401.17290000,1016779.12423500,0
1643414400000,2543.31000000,2587.25000000,2540.13000000,2561.67000000,540.61480000,1643417999999,1386640.64766200,795,294.01680000,753850.00033600,0
1643418000000,2558.05000000,2574.47000000,2529.63000000,2534.37000000,329.73900000,1643421599999,842481.52739100,472,160.04450000,409507.41293900,0
1643421600000,2534.61000000,2543.00000000,2520.86000000,2529.03000000,149.84680000,1643425199999,379443.84074700,305,62.36640000,157822.51040000,0
1643425200000,2530.11000000,2546.12000000,2526.41000000,2539.55000000,243.30980000,1643428799999,616599.61459200,237,55.25280000,139979.01059300,0
1643428800000,2540.83000000,2555.28000000,2537.84000000,2538.47000000,281.21880000,1643432399999,716355.65364500,393,72.88380000,185644.83443200,0
1643432400000,2539.87000000,2541.87000000,2524.65000000,2532.14000000,149.90780000,1643435999999,379619.49553900,249,38.50210000,97479.72649600,0
1643436000000,2534.14000000,2550.82000000,2531.04000000,2543.93000000,159.15070000,1643439599999,404363.48283800,269,83.11160000,211156.98356000,0
1643439600000,2545.51000000,2570.00000000,2540.00000000,2568.38000000,467.95590000,1643443199999,1198090.48816400,468,130.30460000,333811.79812300,0
1643443200000,2569.70000000,2577.39000000,2553.93000000,2557.08000000,210.74940000,1643446799999,539655.49172600,337,121.09360000,310047.86644500,0
1643446800000,2556.90000000,2557.11000000,2535.52000000,2548.88000000,645.91080000,1643450399999,1646573.98437800,458,497.82540000,1269198.19406500,0
1643450400000,2549.13000000,2558.29000000,2537.14000000,2552.93000000,171.04770000,1643453999999,435929.39532700,287,40.36090000,102903.57067700,0
1643454000000,2549.70000000,2556.55000000,2542.59000000,2553.83000000,151.84990000,1643457599999,387420.47244200,263,108.07500000,275742.55652500,0
1643457600000,2554.77000000,2590.75000000,2542.41000000,2575.31000000,441.03570000,1643461199999,1133110.49449600,636,188.52050000,484324.90928300,0
1643461200000,2576.31000000,2609.20000000,2565.05000000,2607.65000000,207.05640000,1643464799999,535888.69422100,542,90.40560000,234048.69332000,0
1643464800000,2605.62000000,2607.89000000,2532.28000000,2544.87000000,615.35610000,1643468399999,1590734.97374700,935,199.66710000,515983.18489900,0
1643468400000,2540.99000000,2553.75000000,2525.00000000,2545.29000000,280.97470000,1643471999999,713482.98996700,733,115.23810000,292654.45871400,0
1643472000000,2543.49000000,2562.38000000,2528.90000000,2559.88000000,234.13340000,1643475599999,594646.33975400,546,171.00490000,433978.26477600,0
1643475600000,2558.59000000,2580.11000000,2558.58000000,2565.19000000,118.18780000,1643479199999,303553.13900500,331,59.88760000,153985.09455400,0
1643479200000,2567.06000000,2602.38000000,2564.65000000,2592.42000000,215.52640000,1643482799999,557478.45831200,515,112.47510000,290844.94148100,0
1643482800000,2592.93000000,2606.59000000,2588.69000000,2591.52000000,185.70230000,1643486399999,482174.33676700,312,62.73760000,162913.44307300,0
1643486400000,2591.93000000,2639.01000000,2582.32000000,2606.27000000,507.55950000,1643489999999,1325957.59741900,808,270.45700000,707211.79777400,0
1643490000000,2601.60000000,2636.55000000,2600.88000000,2619.84000000,295.96190000,1643493599999,775010.05633000,498,83.41030000,218583.19455700,0
1643493600000,2615.78000000,2619.83000000,2594.47000000,2599.72000000,234.12320000,1643497199999,609555.51260700,340,128.84550000,335559.29988500,0
1643497200000,2601.74000000,2602.20000000,2583.43000000,2597.59000000,227.87260000,1643500799999,590931.40934700,293,156.38730000,405535.55398900,0
1643500800000,2600.81000000,2614.68000000,2562.03000000,2566.40000000,466.03740000,1643504399999,1206513.01882000,655,157.79730000,408567.62789000,0
1643504400000,2566.19000000,2585.79000000,2566.19000000,2581.42000000,107.68100000,1643507999999,277466.08691200,227,56.85450000,146362.99359300,0
1643508000000,2580.11000000,2584.93000000,2569.82000000,2580.75000000,173.36370000,1643511599999,446804.90351900,259,61.65380000,158996.48123800,0
1643511600000,2581.42000000,2588.62000000,2568.20000000,2573.37000000,105.33180000,1643515199999,271854.08834900,201,41.21600000,106360.41009300,0
1643515200000,2574.81000000,2594.22000000,2568.28000000,2593.42000000,128.68960000,1643518799999,331719.63092600,196,83.66960000,215653.65302500,0
1643518800000,2592.76000000,2613.85000000,2589.05000000,2604.19000000,601.08340000,1643522399999,1562098.60852300,561,141.73120000,368689.76506600,0
1643522400000,2604.56000000,2620.81000000,2598.00000000,2616.67000000,308.88520000,1643525999999,805235.54985000,397,129.25550000,336641.86111900,0
1643526000000,2617.45000000,2637.02000000,2609.67000000,2618.96000000,306.99000000,1643529599999,805176.00002800,410,170.34020000,446814.08543200,0
1643529600000,2620.00000000,2627.22000000,2601.99000000,2604.83000000,190.42860000,1643533199999,497842.37529100,359,73.53720000,192323.53471700,0
1643533200000,2607.78000000,2618.11000000,2598.98000000,2612.58000000,178.76280000,1643536799999,466663.64424500,248,60.46140000,157916.84559600,0
1643536800000,2609.31000000,2627.67000000,2605.90000000,2627.62000000,126.36520000,1643540399999,330502.07599800,244,44.81820000,117216.23461900,0
1643540400000,2627.61000000,2640.79000000,2611.29000000,2627.16000000,204.37200000,1643543999999,536735.60171200,335,91.68380000,241169.39214700,0
1643544000000,2626.59000000,2639.28000000,2609.97000000,2617.52000000,85.07960000,1643547599999,223278.87051000,247,49.87500000,130876.08105300,0
1643547600000,2614.66000000,2623.01000000,2605.00000000,2610.95000000,444.80600000,1643551199999,1162719.08022800,361,127.05620000,332421.90319800,0
1643551200000,2612.82000000,2617.04000000,2586.69000000,2603.62000000,175.06770000,1643554799999,454805.95790500,356,68.29490000,177240.05357100,0
1643554800000,2604.20000000,2623.52000000,2595.46000000,2616.37000000,601.78080000,1643558399999,1573007.11493700,709,219.93930000,575013.78974900,0
1643558400000,2619.01000000,2624.24000000,2594.06000000,2597.02000000,209.84860000,1643561999999,547765.62502600,384,56.71500000,148085.64405400,0
1643562000000,2596.60000000,2621.38000000,2589.26000000,2620.23000000,195.19110000,1643565599999,508537.56501200,291,79.33770000,206586.99529800,0
1643565600000,2619.86000000,2625.46000000,2596.35000000,2598.52000000,320.93630000,1643569199999,838767.73756200,392,98.14560000,255892.96831300,0
1643569200000,2598.11000000,2599.11000000,2553.91000000,2561.37000000,441.85080000,1643572799999,1136901.66747400,735,157.62500000,406045.82608400,0
1643572800000,2560.15000000,2583.70000000,2543.47000000,2576.88000000,442.78390000,1643576399999,1134881.80145800,637,135.41350000,347208.52720800,0
1643576400000,2575.22000000,2577.27000000,2548.63000000,2560.55000000,254.99950000,1643579999999,652599.15159700,400,90.10180000,230628.09390400,0
1643580000000,2560.51000000,2582.24000000,2548.14000000,2577.34000000,276.35220000,1643583599999,709192.88764600,376,141.59580000,363528.11963100,0
1643583600000,2577.81000000,2632.00000000,2577.81000000,2606.41000000,386.52890000,1643587199999,1008939.79894500,659,171.30560000,447358.66458900,0
1643587200000,2604.90000000,2607.85000000,2536.06000000,2542.97000000,421.96600000,1643590799999,1081816.69193900,758,141.19340000,362515.24599600,0
1643590800000,2538.47000000,2552.95000000,2523.40000000,2525.82000000,419.03010000,1643594399999,1064627.98344300,587,135.13100000,343639.68392800,0
1643594400000,2524.37000000,2526.49000000,2488.77000000,2512.74000000,549.51800000,1643597999999,1379156.51381700,743,188.37580000,472973.32287400,0
1643598000000,2512.53000000,2522.18000000,2502.77000000,2513.52000000,269.66270000,1643601599999,677539.06245100,347,178.85650000,449438.99984300,0
1643601600000,2512.48000000,2512.48000000,2478.56000000,2500.43000000,318.38470000,1643605199999,794579.72117200,447,150.05910000,374427.87736500,0
1643605200000,2498.23000000,2510.92000000,2490.85000000,2508.16000000,84.90200000,1643608799999,212442.72450000,170,21.70390000,54355.21087700,0
1643608800000,2509.96000000,2516.47000000,2503.71000000,2506.56000000,161.26030000,1643612399999,404656.35651700,219,74.55990000,187166.77790400,0
1643612400000,2505.24000000,2529.24000000,2503.90000000,2528.72000000,264.35140000,1643615999999,666346.47081900,346,152.94250000,385444.41715400,0
1643616000000,2528.75000000,2535.31000000,2525.34000000,2531.69000000,108.16210000,1643619599999,273616.17375200,155,53.90480000,136352.52329800,0
1643619600000,2531.87000000,2546.52000000,2525.70000000,2543.10000000,160.42000000,1643623199999,407142.70506700,300,83.14120000,210994.36130500,0
1643623200000,2541.13000000,2557.28000000,2535.51000000,2553.53000000,79.14230000,1643626799999,201541.02874300,213,31.99360000,81544.43158500,0
1643626800000,2554.38000000,2569.96000000,2518.22000000,2562.33000000,242.04680000,1643630399999,615023.79659600,466,135.75950000,344835.87555300,0
1643630400000,2565.30000000,2571.83000000,2519.96000000,2541.52000000,299.97920000,1643633999999,761179.37932900,723,132.08260000,335197.32566400,0
1643634000000,2540.93000000,2570.52000000,2519.11000000,2559.49000000,419.79500000,1643637599999,1070583.69358700,853,178.44960000,454728.00057300,0
1643637600000,2558.49000000,2590.79000000,2553.71000000,2588.11000000,361.97390000,1643641199999,930485.80561700,692,113.87210000,292492.20069100,0
1643641200000,2590.80000000,2636.97000000,2586.32000000,2619.10000000,758.98110000,1643644799999,1985384.10424100,1228,288.99580000,756299.86370300,0
1643644800000,2622.97000000,2691.13000000,2615.04000000,2683.05000000,751.82220000,1643648399999,1995642.84895900,1332,316.64100000,840560.89840100,0
1643648400000,2686.43000000,2698.10000000,2670.39000000,2687.22000000,884.38410000,1643651999999,2372906.23510100,1229,321.10470000,861419.44889800,0
1643652000000,2687.34000000,2695.64000000,2674.64000000,2680.07000000,443.78680000,1643655599999,1190954.14930100,587,89.12770000,239219.43904600,0
1643655600000,2681.20000000,2706.53000000,2663.55000000,2675.11000000,686.39270000,1643659199999,1842892.81201200,914,300.09270000,805340.21888400,0
1643659200000,2676.00000000,2694.98000000,2663.27000000,2684.36000000,485.05200000,1643662799999,1299883.55855000,648,201.41250000,538972.40400000,0
1643662800000,2687.29000000,2689.54000000,2675.53000000,2679.68000000,556.19270000,1643666399999,1491065.44262200,586,132.75570000,356056.52005000,0
1643666400000,2681.13000000,2705.56000000,2678.91000000,2681.17000000,425.31170000,1643669999999,1144875.43796400,624,145.89470000,392564.98614600,0
1643670000000,2681.17000000,2691.08000000,2678.03000000,2687.75000000,471.29860000,1643673599999,1265780.82182000,455,94.23460000,253036.79573300,0
1643673600000,2687.73000000,2706.80000000,2675.45000000,2690.15000000,488.78810000,1643677199999,1314357.82013200,587,114.26160000,307444.79282300,0
1643677200000,2689.39000000,2702.92000000,2681.14000000,2685.97000000,672.09480000,1643680799999,1812605.07579800,687,134.05610000,361182.93703400,0
1643680800000,2686.71000000,2719.96000000,2682.05000000,2714.74000000,404.13880000,1643684399999,1091386.82237700,643,134.68630000,363573.56690400,0
1643684400000,2716.06000000,2759.69000000,2711.07000000,2752.04000000,673.00020000,1643687999999,1843305.54229600,937,326.08630000,893434.96653600,0
1643688000000,2755.08000000,2767.39000000,2734.81000000,2744.90000000,291.12300000,1643691599999,799379.34489600,498,69.28880000,190381.07845700,0
1643691600000,2748.41000000,2752.47000000,2733.34000000,2733.96000000,159.02010000,1643695199999,435936.67763300,281,87.23080000,239211.16437900,0
1643695200000,2732.59000000,2739.94000000,2717.96000000,2735.73000000,247.27530000,1643698799999,675222.26818600,433,145.57190000,397667.56331000,0
1643698800000,2735.85000000,2746.88000000,2727.25000000,2738.39000000,236.74020000,1643702399999,648218.77086500,444,57.66160000,158059.36845100,0
1643702400000,2738.03000000,2771.08000000,2735.01000000,2766.84000000,566.82530000,1643705999999,1561989.97409800,656,381.87250000,1053546.33634900,0
1643706000000,2767.04000000,2803.61000000,2730.42000000,2738.58000000,1812.39430000,1643709599999,4996229.15915300,1807,679.37850000,1883260.04954200,0
1643709600000,2735.50000000,2745.97000000,2721.30000000,2737.27000000,391.93800000,1643713199999,1072409.61124000,671,241.57900000,661028.29366500,0
1643713200000,2738.86000000,2770.17000000,2732.00000000,2765.80000000,348.07850000,1643716799999,957975.61671500,671,146.07310000,401907.18985300,0
1643716800000,2762.06000000,2789.27000000,2757.84000000,2784.35000000,311.73000000,1643720399999,865091.95614100,677,133.39880000,370590.32385800,0
1643720400000,2784.04000000,2806.29000000,2766.88000000,2792.13000000,452.15780000,1643723999999,1259768.52299200,696,160.73990000,448450.57917200,0
1643724000000,2792.50000000,2812.28000000,2757.72000000,2773.66000000,378.72380000,1643727599999,1056260.92349100,854,183.47250000,511591.34695800,0
1643727600000,2771.07000000,2772.23000000,2733.80000000,2769.11000000,404.33870000,1643731199999,1113008.40871200,798,181.25170000,499014.85391700,0
1643731200000,2770.85000000,2815.11000000,2767.71000000,2803.73000000,462.23220000,1643734799999,1287499.02245800,742,177.81140000,496428.06912200,0
1643734800000,2802.44000000,2811.11000000,2767.00000000,2782.87000000,232.43970000,1643738399999,647622.10489500,550,93.92570000,261824.38974800,0
1643738400000,2782.78000000,2802.54000000,2759.74000000,2763.66000000,468.98160000,1643741999999,1304909.25832800,575,145.30190000,405105.12368000,0
1643742000000,2767.77000000,2778.46000000,2752.06000000,2754.64000000,207.23220000,1643745599999,572735.73634200,373,60.04660000,166031.95994100,0
1643745600000,2752.96000000,2787.52000000,2752.96000000,2771.63000000,267.51280000,1643749199999,741489.89797600,363,79.44920000,220398.95251600,0
1643749200000,2771.33000000,2798.72000000,2771.33000000,2797.25000000,267.98590000,1643752799999,747415.30121900,397,145.30700000,405229.57490800,0
1643752800000,2798.86000000,2805.00000000,2776.23000000,2785.63000000,167.97080000,1643756399999,469428.61956400,335,53.71760000,149846.21196400,0
1643756400000,2787.30000000,2804.81000000,2778.44000000,2788.64000000,129.32200000,1643759999999,361285.32253100,277,63.77830000,178205.66846800,0
1643760000000,2791.00000000,2804.81000000,2757.86000000,2773.60000000,232.86260000,1643763599999,647500.65064800,444,87.30520000,243076.43566300,0
1643763600000,2775.37000000,2781.06000000,2745.98000000,2757.16000000,163.81110000,1643767199999,453032.87508500,351,75.23620000,208064.96502100,0
1643767200000,2757.72000000,2780.72000000,2742.78000000,2777.96000000,420.24710000,1643770799999,1160926.13826000,462,108.34700000,299445.78254400,0
1643770800000,2779.13000000,2798.56000000,2776.82000000,2782.81000000,162.67750000,1643774399999,453914.03808000,237,84.34210000,235359.68560800,0
1643774400000,2781.99000000,2781.99000000,2757.91000000,2761.93000000,205.34910000,1643777999999,568870.27889200,300,85.74780000,237296.61256300,0
1643778000000,2763.77000000,2770.13000000,2752.00000000,2763.35000000,322.54450000,1643781599999,889600.21248000,384,104.48750000,288271.07092700,0
1643781600000,2766.16000000,2781.79000000,2743.30000000,2754.91000000,490.73010000,1643785199999,1353475.09203800,498,113.56930000,313684.44069200,0
1643785200000,2753.89000000,2763.34000000,2743.01000000,2752.87000000,182.82410000,1643788799999,503272.17377800,276,93.53320000,257547.41631500,0
1643788800000,2751.85000000,2764.81000000,2742.00000000,2762.52000000,199.08630000,1643792399999,549068.69276700,380,77.30570000,213277.23882600,0
1643792400000,2762.42000000,2778.20000000,2759.56000000,2776.66000000,101.45690000,1643795999999,280844.04013000,205,48.16620000,133422.46469600,0
1643796000000,2776.67000000,2776.67000000,2762.93000000,2765.95000000,103.19190000,1643799599999,285801.60799500,211,51.35070000,142200.51827000,0
1643799600000,2766.39000000,2770.00000000,2754.79000000,2769.01000000,72.42930000,1643803199999,199865.99007300,166,51.78840000,142923.32237000,0
1643803200000,2772.94000000,2812.43000000,2772.05000000,2800.58000000,324.54730000,1643806799999,906735.07049400,646,158.16030000,441659.73190200,0
1643806800000,2802.51000000,2805.71000000,2774.81000000,2774.81000000,159.26100000,1643810399999,443809.90799500,346,75.90760000,211583.62047800,0
1643810400000,2772.31000000,2778.77000000,2686.20000000,2689.35000000,896.98100000,1643813999999,2445980.93671800,1246,461.00510000,1254651.63679200,0
1643814000000,2687.83000000,2705.27000000,2653.90000000,2665.81000000,868.27690000,1643817599999,2323058.38819900,1316,372.76150000,997512.56522000,0
1643817600000,2664.95000000,2675.76000000,2636.02000000,2671.02000000,1244.72690000,1643821199999,3306361.51754600,1228,525.28850000,1395547.51836300,0
1643821200000,2669.82000000,2694.59000000,2663.98000000,2686.62000000,465.97060000,1643824799999,1249064.14907000,543,251.98310000,676245.85643200,0
1643824800000,2685.00000000,2690.40000000,2675.56000000,2688.86000000,184.51080000,1643828399999,495390.63699900,285,98.94280000,265778.29039000,0
1643828400000,2688.62000000,2721.34000000,2688.62000000,2708.66000000,222.36840000,1643831999999,602402.60453500,504,132.82600000,359865.59187700,0
1643832000000,2708.84000000,2735.16000000,2694.27000000,2726.44000000,263.59860000,1643835599999,714042.96151300,571,109.89860000,297882.55274100,0
1643835600000,2732.14000000,2733.74000000,2615.92000000,2657.06000000,1061.55950000,1643839199999,2827293.50526100,1432,700.40040000,1870190.07014800,0
1643839200000,2654.34000000,2700.91000000,2644.95000000,2679.22000000,383.57910000,1643842799999,1026099.26560200,844,174.81630000,467142.40524400,0
1643842800000,2679.77000000,2708.84000000,2671.92000000,2681.68000000,600.27960000,1643846399999,1615148.98037000,794,253.78010000,682745.22708900,0
1643846400000,2681.18000000,2727.01000000,2668.65000000,2695.07000000,521.52950000,1643849999999,1410260.38820200,1008,261.61920000,707682.72578400,0
1643850000000,2694.82000000,2708.11000000,2674.66000000,2686.38000000,402.15370000,1643853599999,1082437.26525100,544,165.33720000,445219.75616800,0
1643853600000,2684.55000000,2693.26000000,2670.38000000,2688.87000000,313.51920000,1643857199999,841252.03175500,413,183.57870000,492612.46167700,0
1643857200000,2688.22000000,2689.12000000,2653.98000000,2658.45000000,285.75810000,1643860799999,763347.96111400,409,106.98570000,285826.02864500,0
1643860800000,2657.09000000,2673.47000000,2651.56000000,2663.28000000,318.20930000,1643864399999,847798.53385900,431,139.76230000,372436.39165800,0
1643864400000,2664.73000000,2667.63000000,2645.89000000,2658.00000000,527.09080000,1643867999999,1401904.93384900,614,358.62910000,953918.70845200,0
1643868000000,2656.48000000,2656.92000000,2639.15000000,2653.59000000,183.34180000,1643871599999,485652.24076100,404,75.03180000,198763.93038800,0
1643871600000,2653.75000000,2678.19000000,2653.75000000,2672.00000000,230.58880000,1643875199999,615194.96994200,343,117.66860000,313981.72655300,0
1643875200000,2674.73000000,2688.01000000,2663.06000000,2673.06000000,276.74860000,1643878799999,740028.38028000,423,147.87740000,395339.74638600,0
1643878800000,2674.50000000,2675.00000000,2619.07000000,2620.39000000,430.86520000,1643882399999,1140669.81093100,642,163.10760000,432045.75810100,0
1643882400000,2619.07000000,2622.78000000,2582.11000000,2597.10000000,621.58860000,1643885999999,1614605.43725700,1019,329.27560000,855653.70873000,0
1643886000000,2596.75000000,2626.15000000,2592.15000000,2622.92000000,654.43350000,1643889599999,1710123.71068400,665,407.52530000,1066373.09384700,0
1643889600000,2621.29000000,2622.36000000,2578.20000000,2613.43000000,428.94880000,1643893199999,1115687.19940200,759,181.82550000,472572.25249700,0
1643893200000,2614.27000000,2629.14000000,2597.64000000,2607.02000000,439.84820000,1643896799999,1150400.71622500,687,178.99250000,468436.63853200,0
1643896800000,2607.46000000,2628.20000000,2597.15000000,2611.93000000,568.26030000,1643900399999,1485069.59006300,1558,114.21930000,298442.67320600,0
1643900400000,2609.90000000,2647.39000000,2605.69000000,2640.55000000,420.34200000,1643903999999,1105204.70547800,997,148.96180000,392043.50927600,0
1643904000000,2642.46000000,2659.57000000,2615.51000000,2615.51000000,207.45680000,1643907599999,547940.93549400,420,103.08580000,272140.28869500,0
1643907600000,2616.16000000,2629.04000000,2602.94000000,2629.04000000,168.91350000,1643911199999,442179.57427600,362,81.09650000,212342.54037200,0
1643911200000,2626.41000000,2636.14000000,2610.78000000,2625.88000000,116.93810000,1643914799999,306617.96725000,243,35.23930000,92374.94568600,0
1643914800000,2623.97000000,2629.52000000,2592.50000000,2601.03000000,142.05030000,1643918399999,370116.74550200,360,59.77370000,155663.48113300,0
1643918400000,2602.51000000,2610.47000000,2576.06000000,2582.15000000,390.84800000,1643921999999,1011330.00348000,520,292.83060000,757660.14051200,0
1643922000000,2584.37000000,2674.26000000,2584.37000000,2658.62000000,390.51610000,1643925599999,1028750.65203100,824,177.24550000,465939.98402000,0
1643925600000,2660.19000000,2674.02000000,2644.81000000,2663.52000000,244.25690000,1643929199999,650117.55013100,447,108.53400000,288377.21466300,0
1643929200000,2659.54000000,2700.00000000,2656.11000000,2696.72000000,267.40400000,1643932799999,714908.94778000,457,137.88490000,368915.23914600,0
1643932800000,2696.45000000,2696.63000000,2679.73000000,2689.49000000,200.98770000,1643936399999,540377.28802500,375,89.84180000,241644.32027000,0
1643936400000,2689.49000000,2689.49000000,2673.18000000,2679.84000000,454.51690000,1643939999999,1220394.04067900,496,261.48700000,702155.76761100,0
1643940000000,2681.58000000,2702.33000000,2677.55000000,2687.61000000,350.68980000,1643943599999,943789.60667900,561,198.70420000,534858.28528000,0
1643943600000,2689.18000000,2697.30000000,2683.13000000,2683.13000000,202.82110000,1643947199999,545708.94377500,323,79.16400000,213053.51253800,0
1643947200000,2687.86000000,2690.44000000,2677.38000000,2685.57000000,120.70340000,1643950799999,323862.01951900,276,55.88470000,149972.64141200,0
1643950800000,2686.94000000,2782.54000000,2685.19000000,2772.60000000,881.16570000,1643954399999,2416536.22872600,1328,557.97480000,1527599.92752900,0
1643954400000,2772.35000000,2812.11000000,2772.33000000,2798.71000000,534.58710000,1643957999999,1494585.97405200,904,241.99640000,676726.00142600,0
1643958000000,2799.50000000,2809.10000000,2786.51000000,2803.18000000,477.06200000,1643961599999,1335298.58737600,815,207.03280000,579488.26426100,0
1643961600000,2806.61000000,2850.00000000,2806.61000000,2835.61000000,613.80320000,1643965199999,1740380.48335300,895,455.64360000,1291850.79732000,0
1643965200000,2837.59000000,2857.96000000,2825.20000000,2848.20000000,619.43310000,1643968799999,1757498.82850800,705,431.87400000,1224937.85139500,0
1643968800000,2848.21000000,2870.19000000,2826.23000000,2834.74000000,483.87870000,1643972399999,1377332.73013600,592,179.44500000,510447.57656700,0
1643972400000,2833.25000000,2845.44000000,2822.23000000,2830.60000000,607.82010000,1643975999999,1724243.67511700,653,129.40890000,367371.75041900,0
1643976000000,2831.81000000,2848.40000000,2831.10000000,2840.05000000,390.04210000,1643979599999,1107034.66931000,453,115.04540000,326758.32671900,0
1643979600000,2841.89000000,2857.26000000,2769.91000000,2773.43000000,1175.13840000,1643983199999,3301125.76114900,1095,643.76490000,1804827.30529600,0
1643983200000,2776.04000000,2834.88000000,2763.15000000,2828.63000000,925.66010000,1643986799999,2590189.89313000,1303,472.03250000,1318966.96606700,0
1643986800000,2830.65000000,2926.27000000,2827.15000000,2873.02000000,1473.31150000,1643990399999,4256695.56474500,1868,651.77590000,1882366.39323100,0
1643990400000,2871.40000000,2961.76000000,2870.00000000,2930.23000000,1399.80050000,1643993999999,4098994.69334200,1835,1061.62780000,3109762.12566000,0
1643994000000,2933.46000000,2962.11000000,2926.00000000,2957.88000000,1857.42280000,1643997599999,5485079.84772200,1675,1443.79810000,4265703.27677900,0
1643997600000,2958.99000000,2969.76000000,2941.82000000,2948.36000000,1748.39370000,1644001199999,5160658.56577200,1637,1349.67270000,3983704.59645900,0
1644001200000,2948.36000000,2965.58000000,2931.45000000,2961.70000000,929.10170000,1644004799999,2731584.72010900,1341,637.98900000,1874795.02777900,0
1644004800000,2961.72000000,2980.44000000,2947.66000000,2955.21000000,409.72560000,1644008399999,1214865.72875100,1188,126.29720000,374451.21167100,0
1644008400000,2957.29000000,2962.65000000,2942.40000000,2957.67000000,320.65110000,1644011999999,946075.91881500,1072,123.90330000,365568.54370700,0
1644012000000,2957.74000000,2963.78000000,2932.57000000,2956.89000000,346.50200000,1644015599999,1021794.71746100,924,89.70320000,264388.25367600,0
1644015600000,2957.17000000,2997.13000000,2948.85000000,2995.11000000,632.91520000,1644019199999,1883779.98670000,845,281.49400000,837042.94290800,0
1644019200000,2997.59000000,3018.18000000,2970.95000000,2983.24000000,1117.03630000,1644022799999,3339268.75495400,1448,287.67830000,860709.00132700,0
1644022800000,2982.47000000,2987.88000000,2961.40000000,2972.83000000,278.67260000,1644026399999,830050.74935400,433,75.66330000,225130.82832700,0
1644026400000,2974.01000000,3009.44000000,2971.20000000,2993.76000000,647.33100000,1644029999999,1935168.16215200,785,198.11860000,592358.25057200,0
1644030000000,2996.14000000,3007.65000000,2982.77000000,2998.95000000,233.69640000,1644033599999,699816.73433500,374,177.36940000,531064.08949100,0
1644033600000,3001.04000000,3038.60000000,2993.34000000,3011.31000000,240.42040000,1644037199999,725406.54685500,579,150.95980000,455918.06117600,0
1644037200000,3014.47000000,3036.17000000,3012.71000000,3025.38000000,134.98160000,1644040799999,408103.80484200,254,59.96980000,181348.85934200,0
1644040800000,3026.72000000,3038.96000000,3009.59000000,3011.70000000,253.80280000,1644044399999,768812.90624300,402,61.59840000,186663.92707600,0
1644044400000,3011.50000000,3013.34000000,2999.46000000,3003.27000000,461.67900000,1644047999999,1386706.66303900,610,244.35110000,733247.93259300,0
1644048000000,3004.53000000,3017.76000000,2988.90000000,3008.57000000,150.78020000,1644051599999,453398.04343900,354,54.29110000,163258.73445200,0
1644051600000,3010.31000000,3035.34000000,3004.99000000,3029.22000000,548.41590000,1644055199999,1657793.20862100,875,88.62400000,267529.10577000,0
1644055200000,3028.68000000,3036.27000000,3010.00000000,3025.93000000,148.30380000,1644058799999,448161.44632100,346,54.53240000,165035.48798100,0
1644058800000,3027.73000000,3031.95000000,2974.38000000,3014.68000000,485.61060000,1644062399999,1457807.35702200,592,124.66660000,375478.32259100,0
1644062400000,3016.96000000,3025.75000000,2999.61000000,3007.45000000,530.26190000,1644065999999,1597117.96603700,800,199.98890000,601880.06057900,0
1644066000000,3009.06000000,3031.27000000,3004.79000000,3025.11000000,428.11730000,1644069599999,1289713.99502300,541,338.51290000,1019278.62529500,0
1644069600000,3024.43000000,3049.23000000,3010.32000000,3025.30000000,236.80520000,1644073199999,716569.15160400,536,102.76200000,311570.56287500,0
1644073200000,3021.97000000,3063.73000000,3007.29000000,3053.41000000,526.46060000,1644076799999,1604841.64385700,927,180.02860000,549131.00034000,0
1644076800000,3052.00000000,3055.83000000,2998.71000000,3004.60000000,841.83960000,1644080399999,2550867.56739100,1020,142.88750000,432562.92002300,0
1644080400000,3004.60000000,3024.65000000,2964.17000000,3013.25000000,539.92520000,1644083999999,1614531.25456600,812,377.65470000,1129602.50391500,0
1644084000000,3016.84000000,3027.24000000,3007.13000000,3016.26000000,119.94560000,1644087599999,361931.68805900,317,40.78940000,123076.10804500,0
1644087600000,3017.25000000,3022.62000000,3007.01000000,3011.23000000,37.82370000,1644091199999,114053.52556800,148,16.84990000,50811.98955400,0
1644091200000,3015.16000000,3020.98000000,2996.93000000,3017.50000000,172.82660000,1644094799999,519868.64125200,251,97.17630000,292287.18947000,0
1644094800000,3015.36000000,3031.95000000,3012.55000000,3025.94000000,212.93690000,1644098399999,644157.60808400,363,111.08840000,336017.65208400,0
1644098400000,3025.94000000,3038.26000000,3019.15000000,3019.32000000,128.17570000,1644101999999,388303.05016900,369,43.81290000,132732.98477800,0
1644102000000,3021.57000000,3025.42000000,3010.32000000,3015.42000000,66.01770000,1644105599999,199253.88860600,173,37.05940000,111895.14909100,0
1644105600000,3016.39000000,3031.53000000,3013.06000000,3027.90000000,77.75940000,1644109199999,235136.17688600,137,49.51180000,149638.68350200,0
1644109200000,3031.95000000,3036.17000000,3023.47000000,3029.14000000,225.38780000,1644112799999,682700.11659000,175,90.04260000,272607.50036600,0
1644112800000,3030.99000000,3032.88000000,3018.07000000,3026.48000000,149.34360000,1644116399999,451278.22714000,198,126.63720000,382595.36543700,0
1644116400000,3024.89000000,3028.04000000,3011.71000000,3011.71000000,58.68310000,1644119999999,177281.46913300,131,20.43300000,61725.85779700,0
1644120000000,3013.00000000,3019.16000000,2986.20000000,3019.16000000,401.87620000,1644123599999,1206304.15353400,415,167.30730000,502804.99864700,0
1644123600000,3017.71000000,3023.46000000,3012.25000000,3019.60000000,61.81460000,1644127199999,186609.61635300,148,27.26110000,82297.21394600,0
1644127200000,3019.25000000,3019.76000000,3000.00000000,3000.95000000,82.03800000,1644130799999,246749.45762700,140,35.00980000,105290.94967200,0
1644130800000,3009.53000000,3018.84000000,2997.60000000,3014.57000000,546.33690000,1644134399999,1640369.52817500,402,387.09580000,1161569.37066400,0
1644134400000,3013.58000000,3015.49000000,3000.04000000,3013.87000000,81.23250000,1644137999999,244154.08921200,161,32.80600000,98690.04946000,0
1644138000000,3014.37000000,3021.26000000,3012.17000000,3020.54000000,66.01670000,1644141599999,199120.68782700,157,31.20470000,94141.80965500,0
1644141600000,3021.46000000,3023.47000000,3004.67000000,3009.77000000,119.80550000,1644145199999,361344.60640000,241,42.62610000,128472.51516600,0
1644145200000,3009.79000000,3013.46000000,3000.14000000,3005.35000000,251.92610000,1644148799999,757200.28391700,296,38.18990000,114823.59165500,0
1644148800000,3007.35000000,3017.05000000,3001.85000000,3011.92000000,509.12170000,1644152399999,1532439.60764200,1037,371.22820000,1117424.47175000,0
1644152400000,3010.23000000,3020.97000000,3001.38000000,3014.31000000,905.09150000,1644155999999,2728090.26543700,1717,674.92570000,2034503.38409500,0
1644156000000,3015.48000000,3046.94000000,2967.84000000,2978.38000000,1071.22070000,1644159599999,3219888.57733600,2450,729.72060000,2193409.82882600,0
1644159600000,2978.25000000,2997.23000000,2948.27000000,2990.65000000,508.63330000,1644163199999,1509153.97887200,855,294.00640000,872131.77450400,0
1644163200000,2989.00000000,3007.07000000,2981.50000000,3005.45000000,392.25030000,1644166799999,1176735.32337100,599,58.64480000,175664.21088200,0
1644166800000,3000.95000000,3011.30000000,2997.10000000,3002.50000000,75.59880000,1644170399999,227162.94689300,211,52.38000000,157421.14826500,0
1644170400000,3004.54000000,3006.63000000,2981.65000000,2986.60000000,114.27540000,1644173999999,342284.32969200,218,53.69980000,160817.91309000,0
1644174000000,2985.18000000,3004.46000000,2985.18000000,3002.94000000,124.54520000,1644177599999,373480.68067400,166,65.07400000,195096.81069200,0
1644177600000,3001.83000000,3004.19000000,2978.32000000,2988.37000000,310.59840000,1644181199999,927728.06218200,376,260.91010000,779223.46827800,0
1644181200000,2987.62000000,3003.00000000,2981.89000000,2996.47000000,44.29210000,1644184799999,132642.65042900,129,12.73680000,38157.68139300,0
1644184800000,2995.40000000,3004.38000000,2988.22000000,2988.66000000,20.07140000,1644188399999,60144.37530700,95,7.86380000,23573.54828100,0
1644188400000,2987.40000000,3075.56000000,2987.39000000,3058.77000000,468.17240000,1644191999999,1422810.49687200,943,186.06400000,565483.16472800,0
1644192000000,3062.49000000,3066.35000000,2994.94000000,3011.33000000,304.14100000,1644195599999,920859.33015400,657,126.71090000,384226.52146300,0
1644195600000,3011.34000000,3033.39000000,2997.11000000,3020.61000000,938.64010000,1644199199999,2830378.75943200,1684,631.28150000,1902564.90336700,0
1644199200000,3022.89000000,3061.87000000,3019.22000000,3036.34000000,366.40520000,1644202799999,1114241.67477000,634,162.68210000,495219.41683000,0
1644202800000,3037.90000000,3076.85000000,3036.41000000,3070.74000000,323.46180000,1644206399999,990461.55498100,578,101.38140000,310331.95264700,0
1644206400000,3070.33000000,3090.03000000,3053.47000000,3087.15000000,517.72180000,1644209999999,1593035.39564200,739,129.87450000,399790.62567200,0
1644210000000,3087.52000000,3113.19000000,3081.97000000,3093.98000000,846.50480000,1644213599999,2618545.93126700,995,186.80730000,578274.48179500,0
1644213600000,3096.26000000,3108.91000000,3081.48000000,3091.35000000,406.73760000,1644217199999,1257894.49719000,635,63.74430000,197386.48353800,0
1644217200000,3092.52000000,3096.06000000,3072.40000000,3084.30000000,94.20750000,1644220799999,290830.93573600,376,49.30230000,152224.96215100,0
1644220800000,3082.18000000,3087.35000000,3068.70000000,3076.21000000,136.15720000,1644224399999,418952.70255200,329,58.76520000,180870.82809200,0
1644224400000,3075.27000000,3081.54000000,3051.00000000,3070.04000000,383.36190000,1644227999999,1175527.71548400,681,127.18520000,389414.69106000,0
1644228000000,3071.36000000,3079.82000000,3062.68000000,3074.82000000,239.33410000,1644231599999,734963.43948000,443,134.24500000,412288.34221000,0
1644231600000,3073.01000000,3081.13000000,3061.15000000,3068.05000000,296.72770000,1644235199999,912139.82594700,407,91.74090000,281883.53637500,0
1644235200000,3070.08000000,3088.50000000,3056.58000000,3076.15000000,584.78940000,1644238799999,1793002.70906100,618,447.64050000,1371767.72642500,0
1644238800000,3073.28000000,3095.92000000,3071.92000000,3092.28000000,633.61320000,1644242399999,1956290.21872900,866,225.56670000,697366.20922100,0
1644242400000,3092.26000000,3131.00000000,3085.25000000,3126.23000000,612.03910000,1644245999999,1900789.63060100,1230,247.05380000,767631.96210400,0
1644246000000,3126.73000000,3129.57000000,3096.00000000,3125.00000000,3129.50360000,1644249599999,9761187.21060300,3481,346.68240000,1080369.16061700,0
1644249600000,3127.11000000,3153.89000000,3100.00000000,3134.54000000,1163.29580000,1644253199999,3631790.64119000,1408,674.85140000,2104541.83517000,0
1644253200000,3125.54000000,3150.20000000,3116.86000000,3145.95000000,310.48860000,1644256799999,973364.58398200,759,95.45320000,299577.83391100,0
1644256800000,3148.96000000,3181.80000000,3141.07000000,3166.38000000,585.21070000,1644260399999,1847623.05982900,1045,300.42920000,948860.91855300,0
1644260400000,3166.36000000,3189.44000000,3160.26000000,3169.73000000,795.81160000,1644263999999,2528187.43664800,1204,371.73450000,1180973.29035000,0
1644264000000,3170.32000000,3187.65000000,3135.26000000,3157.77000000,578.31100000,1644267599999,1831534.01463600,898,303.43340000,961053.73214000,0
1644267600000,3157.99000000,3162.64000000,3132.12000000,3152.21000000,618.15750000,1644271199999,1947480.21964700,816,515.32350000,1623807.70659900,0
1644271200000,3153.17000000,3162.59000000,3145.66000000,3154.19000000,194.88200000,1644274799999,614799.22119500,382,128.72460000,406200.79578900,0
1644274800000,3153.14000000,3165.93000000,3137.96000000,3142.88000000,359.54590000,1644278399999,1131695.12970900,536,181.07930000,570358.57057200,0
1644278400000,3143.14000000,3156.04000000,3114.74000000,3131.47000000,242.42070000,1644281999999,759595.83533000,475,98.05480000,307622.72878000,0
1644282000000,3129.80000000,3157.01000000,3128.58000000,3153.80000000,583.75930000,1644285599999,1835925.14981300,483,125.64260000,395204.11054400,0
1644285600000,3153.12000000,3160.05000000,3138.73000000,3140.42000000,308.55300000,1644289199999,971732.84135300,418,86.07850000,271085.91598600,0
1644289200000,3138.36000000,3152.06000000,3130.85000000,3150.45000000,209.38030000,1644292799999,658278.06837200,334,103.34020000,325111.47158800,0
1644292800000,3148.98000000,3167.62000000,3144.64000000,3164.75000000,215.76120000,1644296399999,680656.71473100,404,111.54160000,351736.38968800,0
1644296400000,3166.03000000,3198.65000000,3158.45000000,3187.57000000,575.27110000,1644299999999,1825334.72427300,979,164.59680000,522731.46941800,0
1644300000000,3186.89000000,3234.92000000,3170.99000000,3185.74000000,1433.85610000,1644303599999,4585644.93193500,1985,403.63080000,1293284.16335900,0
1644303600000,3185.41000000,3186.46000000,3166.49000000,3176.97000000,192.03580000,1644307199999,609720.18244100,452,83.98880000,266737.41393400,0
1644307200000,3177.49000000,3181.40000000,3104.00000000,3107.42000000,439.64730000,1644310799999,1376153.23597000,1015,149.86040000,468784.68215700,0
1644310800000,3106.39000000,3117.45000000,3077.10000000,3097.38000000,507.19700000,1644314399999,1570562.77264900,1026,142.97620000,442609.84433900,0
1644314400000,3096.38000000,3120.50000000,3080.17000000,3114.97000000,289.96930000,1644317999999,897928.71100300,499,126.72710000,392656.93556800,0
1644318000000,3116.12000000,3126.36000000,3095.00000000,3106.83000000,787.66560000,1644321599999,2444177.25499600,928,96.50560000,300550.21463600,0
1644321600000,3105.83000000,3105.84000000,3051.09000000,3065.73000000,498.51010000,1644325199999,1531413.50214700,1002,200.55880000,616041.31126300,0
1644325200000,3067.51000000,3095.35000000,3061.42000000,3095.18000000,254.30580000,1644328799999,782305.17375600,602,125.26180000,385452.04106800,0
1644328800000,3093.64000000,3105.66000000,3072.22000000,3074.09000000,221.99520000,1644332399999,686470.81679300,516,115.92640000,358683.93250900,0
1644332400000,3072.22000000,3085.02000000,3033.11000000,3079.84000000,995.82170000,1644335999999,3043449.57508500,1254,494.12620000,1510893.51158000,0
1644336000000,3080.20000000,3088.25000000,3042.56000000,3046.74000000,493.98730000,1644339599999,1516571.33808600,867,277.13030000,851284.46601200,0
1644339600000,3048.28000000,3064.16000000,3028.00000000,3052.93000000,618.19040000,1644343199999,1884386.26937300,977,256.27510000,781610.18532400,0
1644343200000,3055.32000000,3074.94000000,3051.33000000,3060.43000000,652.76450000,1644346799999,1998968.85671700,797,185.54280000,567892.29671800,0
1644346800000,3056.58000000,3065.28000000,3033.81000000,3052.77000000,592.30900000,1644350399999,1805850.02370400,765,169.39550000,515759.46867800,0
1644350400000,3053.30000000,3121.79000000,3049.25000000,3119.76000000,1252.29760000,1644353999999,3869753.41088200,1479,265.10870000,818798.73249600,0
1644354000000,3118.03000000,3132.62000000,3104.72000000,3117.06000000,967.19620000,1644357599999,3016960.93254700,1227,178.11460000,555502.05598700,0
1644357600000,3116.58000000,3126.08000000,3100.11000000,3116.15000000,463.48240000,1644361199999,1443074.39938400,774,141.62060000,440843.20091200,0
1644361200000,3119.84000000,3139.67000000,3114.94000000,3118.26000000,584.55070000,1644364799999,1827967.42284000,719,68.77580000,214998.77912300,0
1644364800000,3119.88000000,3134.04000000,3094.25000000,3132.01000000,588.98900000,1644368399999,1835002.63303200,656,155.45930000,485407.36090800,0
1644368400000,3130.63000000,3132.37000000,3100.92000000,3102.79000000,443.05450000,1644371999999,1381009.89495900,611,250.89870000,782606.84160200,0
1644372000000,3104.30000000,3109.27000000,3063.20000000,3076.63000000,373.59790000,1644375599999,1149220.16171100,667,150.88040000,463657.76773900,0
1644375600000,3077.17000000,3085.34000000,3069.44000000,3079.57000000,275.45600000,1644379199999,848197.21069800,478,112.23320000,345609.09684700,0
1644379200000,3079.57000000,3096.98000000,3077.61000000,3082.38000000,346.96380000,1644382799999,1071580.07214100,548,82.52150000,254885.73771300,0
1644382800000,3085.35000000,3108.21000000,3055.75000000,3092.99000000,328.08380000,1644386399999,1009926.92859600,702,118.39460000,364412.98549800,0
1644386400000,3091.10000000,3108.91000000,3087.36000000,3102.42000000,375.24170000,1644389999999,1162842.25785300,552,99.02480000,306883.80975800,0
1644390000000,3106.31000000,3115.29000000,3080.85000000,3108.21000000,420.99520000,1644393599999,1303446.38253600,575,100.41480000,310860.51967800,0
1644393600000,3109.93000000,3115.29000000,3071.19000000,3095.17000000,424.05300000,1644397199999,1309258.48994800,593,192.94790000,594678.99581000,0
1644397200000,3096.98000000,3123.20000000,3095.48000000,3100.45000000,440.47970000,1644400799999,1369996.32614300,600,197.09340000,613527.93008700,0
1644400800000,3101.62000000,3147.72000000,3101.23000000,3136.44000000,727.88030000,1644404399999,2278205.08914800,915,297.63930000,931713.21632700,0
1644404400000,3139.96000000,3160.05000000,3122.04000000,3157.94000000,457.65210000,1644407999999,1438097.60858800,644,116.72060000,366566.50381800,0
1644408000000,3154.79000000,3195.26000000,3143.60000000,3185.04000000,948.87970000,1644411599999,3005009.62904800,1281,311.40880000,989354.54032800,0
1644411600000,3182.00000000,3210.81000000,3178.72000000,3184.02000000,739.59190000,1644415199999,2365831.68420600,1124,232.48710000,743912.90834100,0
1644415200000,3187.31000000,3218.73000000,3165.67000000,3191.73000000,1313.23520000,1644418799999,4194244.50575600,1709,856.33430000,2734472.84340600,0
1644418800000,3191.95000000,3202.26000000,3166.79000000,3182.34000000,1669.69080000,1644422399999,5323330.39942300,1813,1055.49900000,3368141.38992100,0
1644422400000,3183.26000000,3215.00000000,3166.23000000,3205.95000000,1216.30990000,1644425999999,3891742.83673800,1454,663.14650000,2124586.12803900,0
1644426000000,3205.22000000,3219.60000000,3194.12000000,3202.41000000,1073.82610000,1644429599999,3444158.09424700,1431,85.21960000,273278.73020500,0
1644429600000,3202.24000000,3212.48000000,3185.73000000,3212.47000000,343.44880000,1644433199999,1099094.25183600,577,68.71620000,219910.72738800,0
1644433200000,3212.87000000,3260.40000000,3208.95000000,3249.62000000,1142.07670000,1644436799999,3702755.09522200,1685,434.95610000,1410640.44273900,0
1644436800000,3250.34000000,3272.58000000,3242.59000000,3261.38000000,2076.63120000,1644440399999,6771159.62982300,2377,606.04010000,1978756.73402500,0
1644440400000,3260.12000000,3263.37000000,3237.60000000,3238.94000000,1317.23330000,1644443999999,4284324.23430100,1536,610.07900000,1982674.57695400,0
1644444000000,3238.52000000,3257.34000000,3233.28000000,3253.62000000,537.64510000,1644447599999,1744470.46420100,935,84.03480000,272578.63902100,0
1644447600000,3253.62000000,3253.62000000,3233.75000000,3246.59000000,778.49660000,1644451199999,2525753.66091000,975,122.38680000,396788.20385400,0
1644451200000,3248.36000000,3251.58000000,3213.77000000,3222.36000000,516.54610000,1644454799999,1666831.04286300,675,155.08690000,500670.52061100,0
1644454800000,3224.07000000,3231.79000000,3210.00000000,3227.27000000,710.46200000,1644458399999,2291303.24481200,847,49.20960000,158736.99098900,0
1644458400000,3224.39000000,3232.55000000,3188.32000000,3190.68000000,344.34230000,1644461999999,1109415.66123200,527,95.32360000,307102.12996400,0
1644462000000,3188.00000000,3190.69000000,3174.38000000,3181.92000000,249.42510000,1644465599999,794074.15511900,410,112.29850000,357503.33176900,0
1644465600000,3182.33000000,3197.73000000,3160.00000000,3172.05000000,562.38450000,1644469199999,1785861.04614200,638,280.83560000,890848.64577700,0
1644469200000,3171.17000000,3178.04000000,3159.46000000,3175.90000000,276.30490000,1644472799999,876025.42006100,426,77.09370000,244358.40641700,0
1644472800000,3177.73000000,3190.57000000,3169.85000000,3181.32000000,573.41240000,1644476399999,1826326.01251400,699,45.65020000,145056.31760900,0
1644476400000,3180.32000000,3198.44000000,3180.32000000,3195.00000000,1129.28100000,1644479999999,3599020.26222300,1191,489.79540000,1560780.19041500,0
1644480000000,3192.06000000,3210.00000000,3187.43000000,3200.00000000,505.77310000,1644483599999,1617500.11782800,637,61.68920000,197440.41738900,0
1644483600000,3201.29000000,3219.20000000,3184.91000000,3218.79000000,530.26500000,1644487199999,1697104.51150400,729,108.91640000,348921.33780000,0
1644487200000,3219.60000000,3267.37000000,3214.96000000,3249.62000000,498.75690000,1644490799999,1620334.85381600,997,292.32450000,949931.39473100,0
1644490800000,3248.53000000,3285.00000000,3239.56000000,3250.00000000,579.48970000,1644494399999,1888066.99797300,810,249.78770000,813948.72472300,0
1644494400000,3251.65000000,3262.92000000,3232.99000000,3248.71000000,455.71960000,1644497999999,1479318.97085000,664,279.81610000,908000.02681400,0
1644498000000,3249.72000000,3266.98000000,3125.69000000,3127.92000000,951.40900000,1644501599999,3030722.92350600,1826,288.59570000,918453.69832300,0
1644501600000,3128.06000000,3179.38000000,3088.01000000,3171.10000000,990.43150000,1644505199999,3093851.78860000,1835,523.34090000,1635538.16750700,0
1644505200000,3174.33000000,3265.50000000,3161.04000000,3211.79000000,1324.07870000,1644508799999,4267884.27847300,2635,533.23910000,1718346.80332200,0
1644508800000,3210.58000000,3230.40000000,3187.00000000,3228.38000000,402.07880000,1644512399999,1291360.48706500,889,162.53440000,521758.78155500,0
1644512400000,3229.39000000,3249.28000000,3196.35000000,3215.70000000,691.47430000,1644515999999,2232580.85817600,1213,298.67120000,964359.55596700,0
1644516000000,3215.59000000,3218.97000000,3165.44000000,3188.24000000,722.19140000,1644519599999,2302060.75858200,1065,314.91180000,1003010.56007000,0
1644519600000,3186.91000000,3190.89000000,3116.59000000,3121.33000000,462.95130000,1644523199999,1456607.90520100,898,177.72790000,559234.30999500,0
1644523200000,3120.06000000,3142.52000000,3086.84000000,3112.20000000,1086.42140000,1644526799999,3382476.44630600,1672,806.46990000,2511079.37949600,0
1644526800000,3110.85000000,3132.65000000,3095.48000000,3113.43000000,479.91850000,1644530399999,1495639.32867200,703,227.99160000,710324.59346000,0
1644530400000,3117.96000000,3132.00000000,3103.58000000,3117.29000000,455.67640000,1644533999999,1420513.60489800,734,332.94790000,1037719.34990500,0
1644534000000,3117.38000000,3120.92000000,3060.00000000,3073.81000000,470.95230000,1644537599999,1455098.34897200,921,184.28330000,570221.19185300,0
1644537600000,3075.27000000,3076.50000000,3003.07000000,3042.56000000,1028.67660000,1644541199999,3122029.61071100,1837,650.29720000,1974255.74659100,0
1644541200000,3039.51000000,3099.12000000,3035.34000000,3060.00000000,526.35490000,1644544799999,1613254.68754600,1052,299.40330000,916992.25818100,0
1644544800000,3062.55000000,3064.48000000,3036.20000000,3059.61000000,460.09250000,1644548399999,1404569.46661900,952,393.89970000,1202592.66110700,0
1644548400000,3059.74000000,3086.79000000,3055.15000000,3082.83000000,311.56630000,1644551999999,955708.39842400,615,198.36630000,607980.04864200,0
1644552000000,3082.05000000,3086.83000000,3060.25000000,3071.00000000,303.49450000,1644555599999,932187.58647400,495,98.72800000,302996.40004200,0
1644555600000,3069.88000000,3069.88000000,3042.53000000,3051.70000000,189.27910000,1644559199999,578450.87778600,429,93.49370000,285904.34174400,0
1644559200000,3049.50000000,3081.79000000,3044.76000000,3077.76000000,299.30820000,1644562799999,918507.06739200,504,169.46670000,520091.23947000,0
1644562800000,3077.55000000,3107.26000000,3074.47000000,3099.97000000,415.47250000,1644566399999,1283301.88408800,666,101.18820000,312709.32849000,0
1644566400000,3099.89000000,3114.85000000,3071.82000000,3072.90000000,305.35630000,1644569999999,948072.28683200,490,111.13350000,344930.46332900,0
1644570000000,3072.28000000,3112.89000000,3064.88000000,3104.29000000,236.92950000,1644573599999,733972.36815900,479,129.22760000,400411.87735000,0
1644573600000,3106.25000000,3117.78000000,3079.47000000,3107.57000000,363.15350000,1644577199999,1125491.55276300,584,227.73770000,705957.28999800,0
1644577200000,3100.67000000,3111.49000000,3086.04000000,3091.25000000,129.40670000,1644580799999,401073.60431200,284,62.34120000,193134.16790400,0
1644580800000,3086.07000000,3123.99000000,3081.93000000,3106.18000000,229.17010000,1644584399999,712897.63683700,463,159.36140000,495949.88883600,0
1644584400000,3100.78000000,3128.60000000,3098.32000000,3125.32000000,561.77450000,1644587999999,1750701.89719500,752,63.29760000,197111.41790900,0
1644588000000,3124.11000000,3140.44000000,3089.15000000,3094.57000000,466.71220000,1644591599999,1455197.32244900,1025,78.23430000,244031.03244800,0
1644591600000,3100.63000000,3119.55000000,3090.09000000,3107.38000000,265.39620000,1644595199999,824678.75747700,647,106.28350000,330181.83460400,0
1644595200000,3112.18000000,3115.48000000,3077.00000000,3094.00000000,262.36120000,1644598799999,812742.77113400,556,124.47530000,385584.09781500,0
1644598800000,3094.00000000,3107.19000000,3070.04000000,3078.02000000,276.82430000,1644602399999,855306.53561200,406,176.59550000,545699.32498100,0
1644602400000,3080.33000000,3085.83000000,3004.65000000,3004.65000000,560.02490000,1644605999999,1695234.15510100,1076,401.19950000,1213076.61844400,0
1644606000000,3006.14000000,3028.35000000,2968.12000000,2986.59000000,2366.74500000,1644609599999,7102413.72457500,3592,553.18110000,1661757.53330000,0
1644609600000,2996.27000000,3002.32000000,2907.18000000,2918.46000000,2299.41940000,1644613199999,6776470.85727400,3389,579.63740000,1705152.18250700,0
1644613200000,2918.46000000,2942.81000000,2912.97000000,2929.32000000,1319.66830000,1644616799999,3868107.97958100,1392,1087.78250000,3188167.88436900,0
1644616800000,2926.46000000,2935.16000000,2878.73000000,2896.18000000,962.01450000,1644620399999,2803284.39664800,1391,253.16490000,736202.53759400,0
1644620400000,2894.93000000,2934.36000000,2880.79000000,2929.84000000,757.23130000,1644623999999,2214050.29133800,795,551.05850000,1611984.34771400,0
1644624000000,2926.80000000,2937.26000000,2912.78000000,2932.69000000,510.18990000,1644627599999,1491409.90920000,485,368.81950000,1078436.31999100,0
1644627600000,2927.50000000,2956.21000000,2924.13000000,2954.38000000,132.52830000,1644631199999,389865.21675500,269,73.02810000,215005.01472400,0
1644631200000,2956.44000000,2960.93000000,2947.54000000,2957.00000000,253.80810000,1644634799999,749806.07747900,352,166.65760000,492376.23407900,0
1644634800000,2958.92000000,2958.92000000,2923.07000000,2937.40000000,96.43220000,1644638399999,283338.63209800,203,34.64400000,101779.61341400,0
1644638400000,2933.61000000,2950.44000000,2932.56000000,2937.29000000,114.73200000,1644641999999,337705.74685400,215,33.97620000,100009.74753000,0
1644642000000,2938.00000000,2944.09000000,2921.84000000,2925.00000000,103.43190000,1644645599999,302883.00129300,136,43.21590000,126549.92020400,0
1644645600000,2925.21000000,2925.21000000,2885.10000000,2911.86000000,719.20060000,1644649199999,2089109.41462800,984,130.75810000,379252.69582300,0
1644649200000,2909.73000000,2927.33000000,2899.88000000,2921.55000000,223.01120000,1644652799999,650162.31976800,426,99.50640000,290296.16606100,0
1644652800000,2922.03000000,2944.81000000,2922.03000000,2937.40000000,224.44110000,1644656399999,659042.96193200,471,143.35580000,421001.33755000,0
1644656400000,2935.75000000,2940.72000000,2925.19000000,2940.09000000,84.24520000,1644659999999,247278.32625600,243,58.04220000,170393.87978500,0
1644660000000,2938.83000000,2941.31000000,2893.64000000,2911.01000000,110.97050000,1644663599999,322775.90761200,307,46.57980000,135502.33930900,0
1644663600000,2913.18000000,2935.77000000,2873.54000000,2933.01000000,243.10910000,1644667199999,704909.72156800,538,97.15370000,282312.32637100,0
1644667200000,2932.66000000,2939.48000000,2906.86000000,2911.51000000,128.25090000,1644670799999,374606.41280300,330,51.24570000,149846.91303000,0
1644670800000,2911.72000000,2920.04000000,2894.99000000,2895.00000000,252.59630000,1644674399999,734393.54020500,335,140.48240000,407874.33093000,0
1644674400000,2903.45000000,2911.26000000,2860.00000000,2898.82000000,367.08220000,1644677999999,1057599.42571900,582,196.80610000,566974.57042100,0
1644678000000,2899.12000000,2902.07000000,2858.69000000,2880.64000000,1363.09670000,1644681599999,3902892.24852100,1170,1092.80520000,3128141.23955300,0
1644681600000,2879.99000000,2949.08000000,2866.06000000,2934.70000000,425.69480000,1644685199999,1242417.53250300,730,176.04250000,514528.74649800,0
1644685200000,2930.03000000,2946.17000000,2924.47000000,2943.34000000,134.78010000,1644688799999,395513.82237100,247,84.08910000,246821.04855900,0
1644688800000,2942.83000000,2980.00000000,2942.83000000,2974.32000000,238.53680000,1644692399999,707848.15478600,502,114.29080000,339123.85832600,0
1644692400000,2974.00000000,2977.82000000,2948.71000000,2953.31000000,149.55860000,1644695999999,442608.32218600,298,75.30050000,222772.01310500,0
1644696000000,2957.26000000,2985.71000000,2949.00000000,2967.28000000,115.36120000,1644699599999,342151.42790900,221,64.53040000,191251.15072100,0
1644699600000,2967.52000000,2967.52000000,2867.60000000,2879.00000000,350.24300000,1644703199999,1020842.56444200,769,112.70100000,328045.33747100,0
1644703200000,2877.58000000,2922.00000000,2875.28000000,2911.26000000,814.31530000,1644706799999,2366438.49847000,868,103.72540000,300738.78739100,0
1644706800000,2912.72000000,2924.35000000,2898.31000000,2918.93000000,449.62350000,1644710399999,1313216.27480600,448,36.53990000,106461.74233000,0
1644710400000,2919.61000000,2947.71000000,2900.53000000,2937.31000000,382.81450000,1644713999999,1123780.25245100,470,289.38130000,849898.60180900,0
1644714000000,2935.16000000,2942.24000000,2917.01000000,2918.01000000,383.43580000,1644717599999,1126060.23783800,341,330.60020000,971250.71841700,0
1644717600000,2917.64000000,2929.21000000,2909.98000000,2925.18000000,32.38190000,1644721199999,94505.57114300,98,16.96410000,49520.40983700,0
1644721200000,2924.74000000,2930.84000000,2913.95000000,2919.76000000,61.95350000,1644724799999,181189.05595600,110,15.31480000,44752.78773100,0
1644724800000,2922.30000000,2930.23000000,2907.77000000,2919.17000000,36.77870000,1644728399999,107308.31890100,87,12.02180000,35102.06674500,0
1644728400000,2917.19000000,2920.25000000,2901.14000000,2917.87000000,134.50340000,1644731999999,392155.62773300,251,80.33370000,234383.85243500,0
1644732000000,2918.05000000,2927.07000000,2906.69000000,2925.55000000,36.13880000,1644735599999,105572.93812800,113,29.70550000,86778.40342800,0
1644735600000,2923.72000000,2927.05000000,2917.00000000,2924.88000000,41.05440000,1644739199999,119890.88023800,95,12.88620000,37656.70636200,0
1644739200000,2925.17000000,2931.89000000,2915.00000000,2928.99000000,78.66530000,1644742799999,230230.95194600,140,42.21480000,123650.79097300,0
1644742800000,2929.90000000,2929.96000000,2916.47000000,2917.10000000,52.17690000,1644746399999,152517.84083000,131,13.19090000,38573.05996700,0
1644746400000,2916.94000000,2937.62000000,2906.62000000,2932.69000000,109.77600000,1644749999999,320980.30339900,211,62.32190000,182630.53623600,0
1644750000000,2934.57000000,2945.47000000,2931.06000000,2932.40000000,186.56030000,1644753599999,548280.98976800,255,105.62170000,310509.92841100,0
1644753600000,2933.36000000,2950.42000000,2926.90000000,2935.59000000,194.87110000,1644757199999,572573.32751100,330,134.70170000,395824.47949500,0
1644757200000,2936.92000000,2950.23000000,2930.80000000,2942.53000000,895.14000000,1644760799999,2634764.77045700,914,374.53160000,1101647.22539800,0
1644760800000,2942.53000000,2954.92000000,2912.78000000,2933.84000000,172.32890000,1644764399999,506232.45367700,391,87.61040000,257231.01978800,0
1644764400000,2934.01000000,2944.12000000,2921.98000000,2921.98000000,368.71180000,1644767999999,1082356.04077300,442,92.05920000,270350.81595200,0
1644768000000,2922.45000000,2922.45000000,2877.94000000,2890.67000000,744.49030000,1644771599999,2153950.79494900,792,496.25760000,1435145.80795800,0
1644771600000,2890.10000000,2895.33000000,2868.91000000,2889.94000000,234.40370000,1644775199999,675466.18356700,380,139.51770000,402140.56585400,0
1644775200000,2890.48000000,2903.39000000,2837.02000000,2848.50000000,684.93760000,1644778799999,1955748.75769600,899,322.72990000,921038.83591900,0
1644778800000,2848.73000000,2869.39000000,2839.75000000,2858.11000000,1486.69380000,1644782399999,4248749.62586000,1410,387.73560000,1108055.59318800,0
1644782400000,2858.11000000,2902.27000000,2848.93000000,2902.27000000,248.02050000,1644785999999,715696.48520800,406,123.02880000,355372.47809400,0
1644786000000,2904.31000000,2908.17000000,2874.64000000,2875.80000000,95.66960000,1644789599999,276562.40182100,245,40.81650000,118039.82903000,0
1644789600000,2877.01000000,2909.69000000,2876.01000000,2906.92000000,134.48780000,1644793199999,388997.60502200,301,120.46350000,348409.75196900,0
1644793200000,2899.79000000,2900.40000000,2868.30000000,2870.93000000,150.62790000,1644796799999,433951.56678100,259,96.20360000,277019.91082300,0
1644796800000,2877.16000000,2894.67000000,2857.88000000,2868.31000000,75.13460000,1644800399999,216025.67932700,203,46.11100000,132570.73622700,0
1644800400000,2872.58000000,2878.33000000,2832.73000000,2840.18000000,1261.20680000,1644803999999,3585824.78947800,1023,1078.35700000,3065774.07391800,0
1644804000000,2840.18000000,2863.54000000,2840.14000000,2847.07000000,99.99600000,1644807599999,285446.11488000,223,59.18440000,169066.36532700,0
1644807600000,2847.01000000,2870.00000000,2837.43000000,2866.63000000,204.25280000,1644811199999,583797.80784300,301,148.93720000,425562.60041100,0
1644811200000,2866.70000000,2869.01000000,2858.94000000,2866.00000000,89.65970000,1644814799999,256821.95705300,153,34.96330000,100183.75582300,0
1644814800000,2866.52000000,2872.21000000,2844.73000000,2848.77000000,170.96570000,1644818399999,489404.98816200,214,43.08260000,123517.27586000,0
1644818400000,2848.60000000,2876.99000000,2845.89000000,2872.41000000,81.27440000,1644821999999,232518.88119900,197,58.86340000,168477.57141800,0
1644822000000,2868.49000000,2884.65000000,2864.30000000,2883.98000000,783.08150000,1644825599999,2254680.07424700,1112,127.89740000,367883.50539200,0
1644825600000,2886.12000000,2890.37000000,2858.39000000,2858.41000000,808.04020000,1644829199999,2329079.62651600,1124,102.66100000,295292.80941700,0
1644829200000,2858.37000000,2868.50000000,2853.27000000,2859.43000000,132.78640000,1644832799999,379795.10132200,269,62.41800000,178673.66714800,0
1644832800000,2859.43000000,2876.35000000,2847.77000000,2874.07000000,121.58340000,1644836399999,348103.07003100,239,52.87420000,151351.02856200,0
1644836400000,2873.69000000,2879.05000000,2867.72000000,2876.57000000,113.95260000,1644839999999,327541.11556300,230,58.00170000,166779.50092000,0
1644840000000,2876.92000000,2930.93000000,2857.98000000,2929.50000000,292.97890000,1644843599999,845998.35917500,603,123.32740000,356931.36139200,0
1644843600000,2931.73000000,2945.15000000,2924.57000000,2939.08000000,354.55260000,1644847199999,1040543.56481600,591,188.89930000,554262.17535400,0
1644847200000,2940.13000000,2965.26000000,2935.70000000,2940.08000000,296.71860000,1644850799999,875357.31122600,566,104.56110000,308632.27936900,0
1644850800000,2938.97000000,2948.18000000,2918.32000000,2937.62000000,2430.35460000,1644854399999,7136366.05215000,2324,2132.55000000,6262141.04173600,0
1644854400000,2938.42000000,2967.25000000,2935.06000000,2950.80000000,462.66520000,1644857999999,1365363.64474700,709,252.68340000,746184.30029600,0
1644858000000,2951.15000000,2965.59000000,2937.49000000,2945.96000000,301.85560000,1644861599999,890472.30673900,475,115.77350000,341622.26890000,0
1644861600000,2947.22000000,2953.36000000,2905.12000000,2909.72000000,423.26420000,1644865199999,1240734.13849200,658,72.97020000,214518.97103700,0
1644865200000,2907.63000000,2911.19000000,2859.11000000,2880.34000000,693.99330000,1644868799999,1998181.08485600,1045,496.31830000,1428824.57812000,0
1644868800000,2881.19000000,2906.43000000,2868.33000000,2895.94000000,1233.60600000,1644872399999,3558232.93249500,1287,92.98640000,268471.90393000,0
1644872400000,2896.04000000,2923.87000000,2889.53000000,2915.51000000,302.11790000,1644875999999,875868.43074000,454,175.58550000,508769.55466000,0
1644876000000,2916.65000000,2945.93000000,2916.30000000,2939.31000000,1417.20270000,1644879599999,4150945.31199200,1472,1047.08860000,3064606.70972500,0
1644879600000,2943.50000000,2950.39000000,2929.07000000,2929.07000000,172.98030000,1644883199999,508544.47117300,292,73.07520000,214876.08719200,0
1644883200000,2935.29000000,2940.53000000,2913.72000000,2920.77000000,217.96390000,1644886799999,636890.21201800,320,80.97400000,236702.61929400,0
1644886800000,2921.75000000,3024.79000000,2916.12000000,3021.95000000,467.11070000,1644890399999,1397118.33433900,926,207.55790000,620874.76797200,0
1644890400000,3022.46000000,3039.96000000,3015.65000000,3030.45000000,466.52980000,1644893999999,1413198.31498400,810,170.73300000,517430.09033900,0
1644894000000,3031.76000000,3032.60000000,3024.00000000,3026.29000000,321.96340000,1644897599999,975000.34844400,649,73.38320000,222271.61600200,0
1644897600000,3025.92000000,3034.62000000,3012.83000000,3016.88000000,318.78840000,1644901199999,963283.00435200,551,99.01600000,299221.03680400,0
1644901200000,3016.85000000,3019.22000000,3009.87000000,3015.40000000,155.91840000,1644904799999,470320.06743900,244,47.36310000,142885.26820400,0
1644904800000,3014.78000000,3038.12000000,3014.04000000,3033.81000000,249.33380000,1644908399999,754886.02804400,481,78.19300000,236606.08764700,0
1644908400000,3035.40000000,3061.65000000,3027.38000000,3052.11000000,591.81050000,1644911999999,1802545.93973400,863,154.21020000,468992.78937300,0
1644912000000,3052.10000000,3088.99000000,3042.53000000,3080.15000000,749.71470000,1644915599999,2302078.05580700,1089,281.11990000,863705.36546100,0
1644915600000,3081.98000000,3100.00000000,3072.99000000,3099.55000000,543.78640000,1644919199999,1678738.55968600,823,246.58290000,761081.03249800,0
1644919200000,3099.99000000,3119.54000000,3087.93000000,3109.41000000,458.67610000,1644922799999,1423219.11320100,985,195.17100000,605545.23283500,0
1644922800000,3109.41000000,3115.00000000,3091.02000000,3097.29000000,355.46730000,1644926399999,1102506.51982700,646,119.97900000,371944.15792700,0
1644926400000,3097.18000000,3115.21000000,3090.76000000,3111.03000000,241.77500000,1644929999999,750308.73138000,509,114.22720000,354158.21527000,0
1644930000000,3112.07000000,3122.24000000,3097.00000000,3112.00000000,2098.62340000,1644933599999,6515278.20795800,2147,224.87040000,699253.83792300,0
1644933600000,3112.00000000,3150.00000000,3111.00000000,3121.30000000,1218.53860000,1644937199999,3808619.50116000,1971,346.00220000,1082551.72113800,0
1644937200000,3121.83000000,3131.42000000,3105.98000000,3124.70000000,281.00850000,1644940799999,876400.65422900,465,165.68280000,516831.63835400,0
1644940800000,3125.40000000,3141.94000000,3106.93000000,3115.14000000,170.02720000,1644944399999,530545.48448900,430,92.44960000,288567.94549100,0
1644944400000,3116.20000000,3124.46000000,3088.62000000,3098.00000000,336.43800000,1644947999999,1043081.54429800,638,212.45000000,658434.11270000,0
1644948000000,3099.68000000,3124.27000000,3095.28000000,3119.49000000,1238.30880000,1644951599999,3842459.30420800,1126,1033.69010000,3206436.71853300,0
1644951600000,3118.05000000,3123.42000000,3105.58000000,3109.33000000,300.95900000,1644955199999,937753.77804500,488,79.92170000,248960.39257200,0
1644955200000,3110.20000000,3119.61000000,3106.57000000,3114.61000000,764.37260000,1644958799999,2379497.44338900,689,191.19120000,594979.20525700,0
1644958800000,3111.87000000,3118.08000000,3092.98000000,3100.01000000,225.42870000,1644962399999,699865.36858900,531,149.08590000,463042.07225200,0
1644962400000,3100.22000000,3149.99000000,3099.15000000,3125.34000000,217.88750000,1644965999999,681218.44501500,488,144.04360000,450212.66224200,0
1644966000000,3128.67000000,3197.95000000,3126.10000000,3184.93000000,577.19800000,1644969599999,1829187.28316300,1068,229.25950000,725476.31504300,0
1644969600000,3187.19000000,3188.11000000,3155.06000000,3162.47000000,261.56070000,1644973199999,829495.79669400,590,96.55950000,306225.10458500,0
1644973200000,3160.43000000,3161.62000000,3135.20000000,3141.96000000,401.35500000,1644976799999,1264221.88695800,620,121.74360000,383637.66589500,0
1644976800000,3141.11000000,3158.23000000,3136.76000000,3156.46000000,97.44020000,1644980399999,306272.05192300,309,25.92410000,81553.51893800,0
1644980400000,3155.84000000,3176.23000000,3140.57000000,3143.46000000,131.84210000,1644983999999,416606.49473500,447,40.96590000,129267.72708900,0
1644984000000,3141.91000000,3142.48000000,3106.87000000,3125.25000000,305.33360000,1644987599999,953741.49912900,614,139.49390000,435596.94935000,0
1644987600000,3124.96000000,3137.91000000,3122.55000000,3131.56000000,162.04970000,1644991199999,507087.77705200,410,84.81570000,265308.21884500,0
1644991200000,3129.57000000,3149.99000000,3128.02000000,3136.50000000,168.86200000,1644994799999,530218.88299100,343,93.45090000,293457.94404500,0
1644994800000,3137.12000000,3153.95000000,3128.55000000,3152.02000000,142.25870000,1644998399999,446533.25506300,326,54.64930000,171644.74588200,0
1644998400000,3152.27000000,3164.53000000,3140.07000000,3142.79000000,187.04590000,1645001999999,589957.64796800,461,90.66390000,285820.42988800,0
1645002000000,3140.62000000,3153.84000000,3129.41000000,3129.47000000,90.66870000,1645005599999,284820.47306600,269,30.79970000,96743.39564800,0
1645005600000,3130.18000000,3137.10000000,3115.70000000,3131.67000000,302.44820000,1645009199999,946413.37288900,422,248.02600000,776227.32214600,0
1645009200000,3132.00000000,3142.46000000,3129.91000000,3136.49000000,88.89220000,1645012799999,278877.98193000,276,46.01860000,144320.19735700,0
1645012800000,3135.90000000,3146.45000000,3113.38000000,3117.90000000,172.41270000,1645016399999,538966.52777600,379,121.30480000,379209.55448400,0
1645016400000,3121.88000000,3123.74000000,3065.00000000,3074.90000000,580.16000000,1645019999999,1793704.63024000,1150,210.01100000,650218.42340300,0
1645020000000,3074.78000000,3082.63000000,3050.00000000,3064.75000000,418.45950000,1645023599999,1283813.22565800,781,229.61080000,704583.46929800,0
1645023600000,3063.27000000,3078.11000000,3060.00000000,3066.38000000,208.13000000,1645027199999,638816.03854600,419,145.89260000,447902.01447100,0
1645027200000,3068.53000000,3090.09000000,3045.29000000,3082.20000000,224.35840000,1645030799999,688253.03187900,523,112.09340000,343757.50012300,0
1645030800000,3081.61000000,3086.21000000,3069.80000000,3072.70000000,1848.57060000,1645034399999,5694973.90226900,1765,1694.88460000,5221797.99208900,0
1645034400000,3071.65000000,3106.27000000,3067.27000000,3092.72000000,717.90450000,1645037999999,2210689.62618900,825,499.65940000,1537637.98706800,0
1645038000000,3095.98000000,3189.99000000,3083.98000000,3170.07000000,5222.10840000,1645041599999,16318630.23319900,4714,4372.23970000,13639163.58130000,0
1645041600000,3171.63000000,3179.86000000,3149.99000000,3151.07000000,279.42430000,1645045199999,884556.81829500,464,91.13060000,288510.98988300,0
1645045200000,3148.73000000,3160.82000000,3125.88000000,3141.33000000,132.65740000,1645048799999,417515.75958600,347,51.89340000,163192.43944400,0
1645048800000,3141.61000000,3152.51000000,3126.96000000,3136.58000000,197.16750000,1645052399999,619222.64579400,376,49.66810000,155981.14256800,0
1645052400000,3138.56000000,3159.06000000,3120.33000000,3124.96000000,244.66490000,1645055999999,769420.02712000,430,81.52500000,256392.29347000,0
1645056000000,3125.24000000,3155.66000000,3123.05000000,3152.69000000,189.54100000,1645059599999,594922.93213200,403,48.33720000,151594.05159000,0
1645059600000,3150.58000000,3161.78000000,3138.18000000,3142.11000000,374.54980000,1645063199999,1180128.58892600,469,28.94460000,91208.52541900,0
1645063200000,3143.78000000,3153.21000000,3121.48000000,3134.43000000,447.15870000,1645066799999,1404109.23821900,600,105.60840000,330780.57337200,0
1645066800000,3133.30000000,3133.61000000,3085.10000000,3085.10000000,307.10510000,1645070399999,955185.12203000,568,110.00630000,342096.41656900,0
1645070400000,3085.10000000,3085.10000000,3052.34000000,3067.57000000,749.49670000,1645073999999,2301083.48797200,917,221.25850000,678958.89485200,0
1645074000000,3065.56000000,3077.23000000,3054.84000000,3070.74000000,168.66280000,1645077599999,517051.04855700,234,80.89730000,248112.41021500,0
1645077600000,3067.22000000,3107.15000000,3067.22000000,3101.11000000,329.69780000,1645081199999,1019249.37094900,513,125.61440000,388405.04521700,0
1645081200000,3100.50000000,3113.12000000,3082.34000000,3111.68000000,209.14280000,1645084799999,647347.93480600,331,121.97510000,377632.83582800,0
1645084800000,3111.23000000,3139.63000000,3035.61000000,3066.35000000,667.60240000,1645088399999,2060091.46066300,1356,311.98460000,964570.20293000,0
1645088400000,3066.81000000,3074.93000000,3036.83000000,3062.80000000,300.50390000,1645091999999,918592.95882400,571,194.05110000,593388.80162900,0
1645092000000,3060.57000000,3078.72000000,3041.94000000,3048.92000000,338.32490000,1645095599999,1033761.98873400,435,229.47760000,700569.58687900,0
1645095600000,3049.29000000,3068.49000000,3047.34000000,3066.83000000,147.30660000,1645099199999,450548.53458100,264,67.39050000,206141.23119500,0
1645099200000,3067.19000000,3088.61000000,3059.35000000,3066.48000000,180.69670000,1645102799999,555946.29007400,367,85.12640000,261879.20000400,0
1645102800000,3069.17000000,3073.92000000,2988.22000000,2994.54000000,636.10720000,1645106399999,1923514.59556800,1385,229.63280000,693911.69371200,0
1645106400000,2993.89000000,3019.60000000,2963.93000000,2974.74000000,597.79670000,1645109999999,1791610.93965900,1137,313.35250000,938734.09551000,0
1645110000000,2973.28000000,2996.76000000,2968.01000000,2990.58000000,304.76880000,1645113599999,909572.54497600,645,139.36720000,415875.46782000,0
1645113600000,2989.94000000,3007.33000000,2968.01000000,2982.26000000,533.53450000,1645117199999,1595626.36291000,894,242.52220000,725309.92030900,0
1645117200000,2984.01000000,2984.01000000,2937.53000000,2953.07000000,568.66520000,1645120799999,1684973.99834500,818,263.33280000,781065.44490600,0
1645120800000,2950.00000000,2957.73000000,2884.21000000,2924.40000000,947.99530000,1645124399999,2765093.49695000,1528,404.47940000,1182066.00643600,0
1645124400000,2921.55000000,2924.49000000,2892.81000000,2911.82000000,433.17350000,1645127999999,1260494.30762300,663,202.29200000,589010.79797700,0
1645128000000,2910.08000000,2916.45000000,2884.32000000,2900.30000000,454.97730000,1645131599999,1319823.41335800,761,228.28200000,662458.05509500,0
1645131600000,2902.61000000,2908.36000000,2854.12000000,2895.74000000,467.49730000,1645135199999,1346123.94331000,939,307.54910000,885922.91321300,0
1645135200000,2897.12000000,2904.55000000,2874.30000000,2900.11000000,521.18420000,1645138799999,1504032.02612400,622,385.48610000,1112021.83450200,0
1645138800000,2900.85000000,2901.34000000,2874.83000000,2895.14000000,172.01760000,1645142399999,497074.75006200,323,85.32810000,246699.14582800,0
1645142400000,2892.61000000,2897.47000000,2863.95000000,2892.00000000,215.56040000,1645145999999,621175.40433400,511,74.29790000,214091.14554100,0
1645146000000,2890.65000000,2920.48000000,2869.46000000,2911.72000000,272.01250000,1645149599999,787833.87020700,618,113.48820000,328862.85949700,0
1645149600000,2911.68000000,2921.00000000,2897.21000000,2906.75000000,166.31760000,1645153199999,483578.85265000,299,70.39520000,204694.09731000,0
1645153200000,2906.47000000,2915.04000000,2898.34000000,2909.21000000,139.89080000,1645156799999,406784.61133400,273,75.36110000,219088.44136200,0
1645156800000,2909.62000000,2913.10000000,2878.79000000,2878.79000000,287.70350000,1645160399999,834106.63049100,509,58.43460000,169235.78373600,0
1645160400000,2880.77000000,2907.41000000,2879.47000000,2899.33000000,164.02060000,1645163999999,475075.92017800,389,113.21190000,327915.16620600,0
1645164000000,2901.12000000,2914.25000000,2896.79000000,2907.70000000,80.38990000,1645167599999,233461.92855400,268,31.46310000,91425.42707700,0
1645167600000,2906.81000000,2918.92000000,2897.91000000,2906.03000000,168.33550000,1645171199999,489556.82984800,425,68.21960000,198471.63663400,0
1645171200000,2907.43000000,2945.52000000,2905.82000000,2941.02000000,280.40750000,1645174799999,821166.81882100,871,140.06100000,410148.73134100,0
1645174800000,2941.02000000,2942.87000000,2927.19000000,2931.67000000,214.18040000,1645178399999,627945.45197200,508,120.57350000,353422.08311500,0
1645178400000,2930.21000000,2931.20000000,2908.63000000,2917.94000000,190.16500000,1645181999999,554766.20624300,345,127.63020000,372279.00188500,0
1645182000000,2919.69000000,2919.69000000,2874.17000000,2879.39000000,395.14620000,1645185599999,1143764.16308500,547,134.91930000,390538.85223700,0
1645185600000,2880.51000000,2908.73000000,2870.00000000,2903.19000000,249.21800000,1645189199999,720667.01315500,372,93.60970000,270750.74275400,0
1645189200000,2904.18000000,2905.72000000,2877.61000000,2900.00000000,134.82420000,1645192799999,389856.31496100,329,70.13440000,202809.16593300,0
1645192800000,2899.30000000,2907.96000000,2800.00000000,2851.72000000,1583.99720000,1645196399999,4491578.68506700,1987,618.79710000,1751726.66007300,0
1645196400000,2852.92000000,2869.98000000,2787.17000000,2801.03000000,670.42880000,1645199999999,1893465.35028000,1347,318.62050000,900416.52227100,0
1645200000000,2801.02000000,2826.52000000,2767.00000000,2788.19000000,875.40540000,1645203599999,2448174.89476700,1386,498.89020000,1395584.20934900,0
1645203600000,2787.14000000,2812.56000000,2775.00000000,2787.71000000,395.78170000,1645207199999,1104022.48783700,710,267.15870000,744695.37470400,0
1645207200000,2785.82000000,2798.38000000,2752.34000000,2797.73000000,496.12730000,1645210799999,1374753.33907900,859,247.04310000,685076.00570200,0
1645210800000,2795.14000000,2812.28000000,2784.40000000,2794.75000000,341.63440000,1645214399999,955824.84881400,605,124.24850000,347653.11059300,0
1645214400000,2802.08000000,2807.61000000,2773.67000000,2787.93000000,853.94340000,1645217999999,2376803.82337700,1154,141.74870000,394748.93252300,0
1645218000000,2790.52000000,2808.47000000,2782.35000000,2783.00000000,466.00600000,1645221599999,1302162.69270200,781,171.15870000,478208.70489800,0
1645221600000,2783.00000000,2793.17000000,2755.51000000,2780.49000000,306.20780000,1645225199999,849506.91251600,565,134.29970000,372420.44443000,0
1645225200000,2776.43000000,2791.71000000,2769.28000000,2781.11000000,219.56560000,1645228799999,610877.29157700,343,104.61280000,290769.28704000,0
1645228800000,2779.91000000,2812.96000000,2768.69000000,2810.82000000,183.26800000,1645232399999,511261.16333400,359,115.10570000,321129.90062300,0
1645232400000,2811.32000000,2830.57000000,2811.01000000,2821.06000000,134.53270000,1645235999999,379436.15487400,370,86.71260000,244421.93603900,0
1645236000000,2819.73000000,2824.41000000,2811.65000000,2820.16000000,126.50840000,1645239599999,356818.51556200,188,32.49160000,91649.86146600,0
1645239600000,2816.73000000,2829.76000000,2803.82000000,2806.77000000,143.97500000,1645243199999,405454.64202900,174,101.25990000,285281.36309600,0
1645243200000,2806.77000000,2819.80000000,2797.30000000,2816.17000000,232.07150000,1645246799999,652994.28980100,421,54.78910000,154105.10345400,0
1645246800000,2817.97000000,2821.11000000,2803.51000000,2811.70000000,31.92390000,1645250399999,89748.73267500,95,22.98370000,64605.03449800,0
1645250400000,2811.14000000,2826.84000000,2805.50000000,2822.72000000,68.58380000,1645253999999,192977.00042500,170,29.50830000,83052.54399300,0
1645254000000,2823.02000000,2825.11000000,2809.92000000,2812.61000000,63.91520000,1645257599999,180137.06555500,169,24.28360000,68391.36684600,0
1645257600000,2814.48000000,2820.00000000,2782.24000000,2783.71000000,121.54100000,1645261199999,340197.49693900,246,56.13260000,157048.88518400,0
1645261200000,2783.71000000,2793.18000000,2776.81000000,2784.52000000,144.88400000,1645264799999,403505.29104000,246,74.88730000,208579.04414400,0
1645264800000,2784.52000000,2789.27000000,2763.64000000,2780.58000000,205.01590000,1645268399999,568576.96608500,345,135.99040000,377116.07629200,0
1645268400000,2780.58000000,2784.14000000,2709.09000000,2722.79000000,589.20930000,1645271999999,1608821.45165700,955,354.28210000,966444.12110800,0
1645272000000,2724.88000000,2735.08000000,2703.00000000,2712.69000000,713.63570000,1645275599999,1936815.34194400,844,589.56560000,1599590.52744900,0
1645275600000,2712.22000000,2747.74000000,2696.32000000,2743.72000000,827.32170000,1645279199999,2258013.93009700,965,204.08330000,555250.65410100,0
1645279200000,2743.72000000,2745.42000000,2722.60000000,2733.13000000,94.08940000,1645282799999,256946.02180000,206,71.22500000,194480.86897400,0
1645282800000,2730.55000000,2753.31000000,2721.69000000,2747.64000000,85.45050000,1645286399999,234379.95190000,229,46.49660000,127533.05390000,0
1645286400000,2747.64000000,2797.71000000,2742.36000000,2750.39000000,846.88690000,1645289999999,2347943.60838800,1245,192.85320000,535076.60787000,0
1645290000000,2751.23000000,2766.10000000,2741.43000000,2766.10000000,163.89130000,1645293599999,450734.87137900,221,125.96580000,346303.42869300,0
1645293600000,2761.46000000,2763.63000000,2747.33000000,2750.15000000,100.94650000,1645297199999,278208.20468900,227,79.30280000,218574.33777200,0
1645297200000,2753.39000000,2753.40000000,2739.61000000,2744.97000000,97.35500000,1645300799999,267511.98787500,205,55.75820000,153276.55179400,0
1645300800000,2743.04000000,2761.26000000,2741.43000000,2760.35000000,86.96550000,1645304399999,239530.75838700,167,62.29010000,171521.62288100,0
1645304400000,2756.61000000,2757.86000000,2737.32000000,2741.38000000,505.62490000,1645307999999,1385116.43218900,502,74.56470000,204405.18613100,0
1645308000000,2742.59000000,2750.09000000,2729.88000000,2745.18000000,1229.12990000,1645311599999,3364057.08902100,965,555.53280000,1519759.83864600,0
1645311600000,2743.42000000,2769.15000000,2739.14000000,2765.75000000,65.82750000,1645315199999,181271.86854400,172,38.65040000,106521.77990200,0
1645315200000,2760.56000000,2763.22000000,2727.75000000,2731.67000000,44.60610000,1645318799999,122193.65618800,179,13.67210000,37427.84355500,0
1645318800000,2732.70000000,2744.98000000,2705.06000000,2738.35000000,282.44830000,1645322399999,769492.72324200,645,158.12300000,430995.21949000,0
1645322400000,2740.30000000,2741.91000000,2709.90000000,2712.71000000,97.11420000,1645325999999,264616.32439100,175,28.30890000,77109.51695100,0
1645326000000,2713.28000000,2720.34000000,2699.21000000,2714.60000000,687.74400000,1645329599999,1863406.48444600,629,489.73550000,1326790.02794600,0
1645329600000,2714.51000000,2718.57000000,2680.00000000,2682.89000000,467.37300000,1645333199999,1261369.83323200,574,148.94190000,401999.92132100,0
1645333200000,2687.86000000,2695.65000000,2655.55000000,2657.55000000,569.65840000,1645336799999,1523220.74549200,751,334.60030000,896252.54737500,0
1645336800000,2661.20000000,2666.73000000,2620.27000000,2638.26000000,684.44540000,1645340399999,1807813.65030300,957,374.03530000,987625.55970800,0
1645340400000,2637.07000000,2657.78000000,2631.89000000,2656.99000000,364.32610000,1645343999999,963369.84990700,662,159.59170000,422218.37385100,0
1645344000000,2656.37000000,2656.37000000,2604.16000000,2604.93000000,394.43620000,1645347599999,1035505.92957500,750,165.78630000,435514.32462800,0
1645347600000,2604.93000000,2635.00000000,2600.25000000,2622.26000000,226.95390000,1645351199999,594698.53973800,624,117.22870000,307348.37461700,0
1645351200000,2628.61000000,2643.91000000,2613.04000000,2614.48000000,605.66360000,1645354799999,1597585.56520900,784,63.78890000,168007.22430600,0
1645354800000,2615.07000000,2648.58000000,2610.84000000,2644.53000000,109.36290000,1645358399999,287657.62441000,254,79.02680000,207918.09531700,0
1645358400000,2644.57000000,2665.85000000,2623.51000000,2625.26000000,327.07350000,1645361999999,866265.35327200,516,71.00310000,187690.52906900,0
1645362000000,2626.46000000,2640.82000000,2621.37000000,2631.11000000,385.10330000,1645365599999,1013355.77377000,514,103.06380000,271027.05471300,0
1645365600000,2630.87000000,2637.05000000,2602.14000000,2628.89000000,296.29660000,1645369199999,776754.94124200,622,171.83770000,450440.85106600,0
1645369200000,2627.80000000,2662.84000000,2624.28000000,2654.36000000,281.49910000,1645372799999,744053.21007200,434,141.29500000,373783.61894200,0
1645372800000,2654.24000000,2675.56000000,2634.38000000,2647.50000000,389.23770000,1645376399999,1031771.26539100,700,216.52610000,574136.96437600,0
1645376400000,2645.42000000,2660.96000000,2639.56000000,2648.15000000,456.62100000,1645379999999,1210723.63453600,537,321.12440000,851911.31428600,0
1645380000000,2647.94000000,2669.41000000,2641.13000000,2662.69000000,336.53920000,1645383599999,893186.67703100,435,258.57660000,685918.59996300,0
1645383600000,2662.82000000,2662.82000000,2644.70000000,2648.36000000,120.33050000,1645387199999,319261.31449100,218,39.25680000,104088.17751300,0
1645387200000,2648.36000000,2648.36000000,2622.57000000,2625.45000000,139.54190000,1645390799999,367158.55481100,370,55.92230000,147151.97770700,0
1645390800000,2626.94000000,2633.85000000,2576.36000000,2598.68000000,956.45230000,1645394399999,2493993.88526200,1314,642.81760000,1680135.35951800,0
1645394400000,2599.03000000,2656.86000000,2598.80000000,2653.93000000,289.17000000,1645397999999,758348.30105900,513,100.29310000,263235.64767900,0
1645398000000,2653.22000000,2665.69000000,2619.08000000,2620.38000000,304.06360000,1645401599999,804515.55013800,551,124.92940000,330556.64568300,0
1645401600000,2623.14000000,2670.39000000,2608.23000000,2670.39000000,245.85730000,1645405199999,647417.06062800,450,119.63670000,314813.78721900,0
1645405200000,2665.86000000,2735.13000000,2658.04000000,2715.26000000,507.10380000,1645408799999,1375303.85382500,932,281.05920000,763182.50834900,0
1645408800000,2715.34000000,2732.52000000,2704.42000000,2721.62000000,206.19890000,1645412399999,559791.32320400,270,66.26260000,180269.37296900,0
1645412400000,2724.59000000,2739.93000000,2706.13000000,2711.77000000,172.85040000,1645415999999,470431.08585700,341,85.01490000,231280.15103600,0
1645416000000,2717.78000000,2751.29000000,2715.51000000,2746.01000000,312.33870000,1645419599999,854287.12337600,420,232.78300000,637004.10748400,0
1645419600000,2747.45000000,2757.93000000,2735.90000000,2738.82000000,122.30950000,1645423199999,335627.28439600,247,68.72060000,188567.88821400,0
1645423200000,2738.82000000,2744.66000000,2730.21000000,2742.95000000,276.42870000,1645426799999,756786.96108000,529,115.19070000,315455.09816600,0
1645426800000,2744.65000000,2755.79000000,2732.36000000,2752.27000000,311.53950000,1645430399999,854696.58412900,437,134.67550000,369816.91645000,0
1645430400000,2748.45000000,2762.03000000,2718.60000000,2723.48000000,167.00260000,1645433999999,457343.88604500,363,93.41260000,256098.46327500,0
1645434000000,2723.82000000,2733.25000000,2709.27000000,2716.49000000,91.00010000,1645437599999,247469.55752600,210,54.90410000,149283.96091800,0
1645437600000,2711.64000000,2721.84000000,2667.42000000,2681.85000000,361.73270000,1645441199999,972939.35275500,697,169.72110000,456313.57341400,0
1645441200000,2679.79000000,2693.41000000,2606.64000000,2626.24000000,658.44430000,1645444799999,1742789.92646600,984,268.48450000,709517.35348200,0
1645444800000,2628.18000000,2644.91000000,2591.93000000,2610.33000000,1010.38450000,1645448399999,2644120.81008900,1155,406.18660000,1064845.37136300,0
1645448400000,2610.00000000,2625.22000000,2582.94000000,2607.36000000,2744.16470000,1645451999999,7144137.69415400,3036,440.09270000,1145758.69302000,0
1645452000000,2608.64000000,2730.83000000,2597.75000000,2703.93000000,1269.11380000,1645455599999,3417038.89222900,1985,580.21410000,1561601.04110800,0
1645455600000,2702.20000000,2752.68000000,2702.20000000,2726.84000000,674.04200000,1645459199999,1842022.86224600,1249,302.66440000,826956.74654000,0
1645459200000,2723.15000000,2746.04000000,2704.22000000,2709.84000000,285.89270000,1645462799999,779890.66779900,471,95.13620000,259349.03299000,0
1645462800000,2716.30000000,2732.93000000,2691.32000000,2695.32000000,317.12650000,1645466399999,859029.08153600,684,150.88010000,408562.49512500,0
1645466400000,2695.48000000,2705.65000000,2607.59000000,2640.18000000,1130.69560000,1645469999999,2995537.17563000,1833,601.07360000,1592860.88936700,0
1645470000000,2638.36000000,2664.53000000,2617.95000000,2653.88000000,517.38570000,1645473599999,1366545.37174200,1118,268.12380000,707978.80346100,0
1645473600000,2653.07000000,2668.76000000,2629.61000000,2650.88000000,618.23770000,1645477199999,1643347.36399800,711,89.61350000,237825.02854900,0
1645477200000,2649.75000000,2675.06000000,2577.25000000,2582.22000000,469.46230000,1645480799999,1232048.45686200,840,240.70170000,632399.62642900,0
1645480800000,2583.69000000,2643.28000000,2570.00000000,2621.02000000,803.25430000,1645484399999,2090367.11073300,1189,362.44910000,943951.80438700,0
1645484400000,2618.34000000,2630.17000000,2560.00000000,2568.08000000,549.53830000,1645487999999,1421926.63936700,1000,283.54480000,733587.54622300,0
1645488000000,2574.27000000,2607.92000000,2553.11000000,2598.76000000,547.30570000,1645491599999,1413421.33406500,866,257.86760000,665855.32251300,0
1645491600000,2600.66000000,2621.63000000,2568.86000000,2604.17000000,406.05140000,1645495199999,1053441.63996800,813,180.83610000,469243.75634400,0
1645495200000,2602.63000000,2602.63000000,2566.74000000,2578.79000000,344.57660000,1645498799999,889106.20608000,589,149.53380000,385919.57075800,0
1645498800000,2577.74000000,2577.74000000,2507.86000000,2516.11000000,917.00350000,1645502399999,2320429.60949600,1409,381.45380000,965895.27919800,0
1645502400000,2520.63000000,2541.57000000,2509.90000000,2511.79000000,455.90250000,1645505999999,1150666.28684500,811,305.24840000,770365.81058300,0
1645506000000,2511.85000000,2547.54000000,2500.02000000,2505.90000000,983.93580000,1645509599999,2475975.97952500,929,756.30890000,1903119.16797700,0
1645509600000,2503.24000000,2534.99000000,2503.01000000,2530.98000000,251.66480000,1645513199999,633635.30724300,483,111.87220000,281715.54780800,0
1645513200000,2535.21000000,2536.46000000,2508.11000000,2516.76000000,255.67960000,1645516799999,644975.47860300,457,99.96210000,252219.97644800,0
1645516800000,2517.85000000,2555.15000000,2515.66000000,2550.10000000,487.32880000,1645520399999,1236069.32281000,631,347.81960000,881943.61020800,0
1645520400000,2552.52000000,2559.84000000,2537.96000000,2546.86000000,1195.70110000,1645523999999,3039008.50258000,1247,132.93820000,338765.85301800,0
1645524000000,2546.23000000,2607.24000000,2540.40000000,2597.32000000,943.72150000,1645527599999,2440344.56069200,1318,364.14750000,943342.79528400,0
1645527600000,2596.83000000,2606.29000000,2579.66000000,2588.93000000,246.44120000,1645531199999,638098.07486200,427,119.50620000,309412.36046800,0
1645531200000,2586.99000000,2624.40000000,2568.30000000,2603.94000000,406.82180000,1645534799999,1058123.14300300,755,154.51450000,401567.87981900,0
1645534800000,2606.26000000,2624.25000000,2576.39000000,2614.76000000,331.35990000,1645538399999,859841.88398500,582,197.66280000,512766.80960400,0
1645538400000,2616.98000000,2662.83000000,2570.76000000,2647.39000000,835.14330000,1645541999999,2190212.72434100,1227,363.45920000,950870.63081000,0
1645542000000,2643.60000000,2666.38000000,2618.96000000,2620.50000000,511.11110000,1645545599999,1350350.70423500,934,174.14960000,460598.65730800,0
1645545600000,2624.86000000,2635.67000000,2587.55000000,2605.17000000,704.14510000,1645549199999,1836238.61193400,899,374.64280000,976144.21789500,0
1645549200000,2603.00000000,2613.46000000,2583.54000000,2595.70000000,224.11260000,1645552799999,581798.62061900,372,113.98320000,295791.30921800,0
1645552800000,2594.58000000,2615.02000000,2586.32000000,2589.78000000,713.32860000,1645556399999,1850733.20709000,548,383.64550000,994865.03666100,0
1645556400000,2592.50000000,2641.96000000,2582.20000000,2633.92000000,707.47580000,1645559999999,1847175.10922600,1062,286.42930000,746489.92761900,0
1645560000000,2635.19000000,2646.37000000,2593.65000000,2601.69000000,310.22360000,1645563599999,812400.22586900,617,123.65460000,323776.17807900,0
1645563600000,2607.80000000,2622.78000000,2603.68000000,2606.41000000,367.16120000,1645567199999,960460.18970300,481,77.98640000,203828.83732500,0
1645567200000,2608.24000000,2615.54000000,2594.23000000,2605.88000000,83.30080000,1645570799999,216677.43653000,173,51.65700000,134279.98894600,0
1645570800000,2606.25000000,2656.58000000,2605.78000000,2639.31000000,321.27280000,1645574399999,847524.67174000,623,138.21830000,364268.24896500,0
1645574400000,2639.21000000,2656.57000000,2621.67000000,2627.80000000,366.96400000,1645577999999,967689.76808400,556,134.04160000,353440.52358300,0
1645578000000,2627.52000000,2628.26000000,2611.43000000,2623.31000000,147.94690000,1645581599999,387848.54937000,322,88.61190000,232221.43361600,0
1645581600000,2624.43000000,2654.36000000,2599.78000000,2616.01000000,475.38230000,1645585199999,1244486.90895400,816,276.08970000,722578.72381200,0
1645585200000,2614.33000000,2626.06000000,2609.22000000,2625.62000000,422.73670000,1645588799999,1106247.51334000,500,310.03430000,811169.08313900,0
1645588800000,2625.81000000,2660.75000000,2622.78000000,2654.84000000,261.04790000,1645592399999,688865.38181400,553,119.29870000,314838.52036700,0
1645592400000,2657.79000000,2666.76000000,2645.30000000,2658.22000000,277.45710000,1645595999999,736771.50022300,553,144.76490000,384336.79659800,0
1645596000000,2659.93000000,2676.00000000,2656.77000000,2662.33000000,428.29460000,1645599599999,1141923.53242100,789,210.16570000,560433.51193500,0
1645599600000,2663.22000000,2699.92000000,2662.64000000,2697.18000000,374.14100000,1645603199999,1002593.46685400,697,193.29120000,518267.50250000,0
1645603200000,2698.23000000,2721.99000000,2682.99000000,2704.42000000,976.93440000,1645606799999,2640563.08417000,1355,369.28080000,998507.30372400,0
1645606800000,2704.02000000,2725.22000000,2700.15000000,2713.64000000,723.55540000,1645610399999,1964609.23117700,872,522.11880000,1417050.57950800,0
1645610400000,2718.45000000,2725.20000000,2702.11000000,2719.77000000,324.26390000,1645613999999,880228.48653500,550,153.37970000,416550.71929500,0
1645614000000,2718.09000000,2740.00000000,2706.04000000,2721.04000000,2401.56770000,1645617599999,6544108.38548500,2760,415.64640000,1131444.30778600,0
1645617600000,2721.50000000,2751.04000000,2717.78000000,2744.51000000,593.66220000,1645621199999,1621123.63272100,606,174.07820000,476362.58611000,0
1645621200000,2737.63000000,2754.85000000,2723.10000000,2735.12000000,404.78920000,1645624799999,1108793.76860000,604,162.76020000,446282.21081400,0
1645624800000,2731.05000000,2739.67000000,2704.43000000,2708.71000000,1430.38130000,1645628399999,3886884.66292600,1658,255.99390000,696686.59518600,0
1645628400000,2709.81000000,2710.20000000,2685.43000000,2692.00000000,489.33040000,1645631999999,1319485.05259300,652,280.39880000,756475.56502000,0
1645632000000,2687.65000000,2716.89000000,2677.67000000,2712.00000000,237.01720000,1645635599999,639433.98717700,558,105.54510000,284881.39796800,0
1645635600000,2712.00000000,2731.04000000,2663.88000000,2668.15000000,437.52530000,1645639199999,1180267.08485600,730,209.51980000,564196.09976000,0
1645639200000,2666.28000000,2670.14000000,2639.74000000,2651.20000000,317.58600000,1645642799999,842376.03465900,746,166.29570000,441254.54809500,0
1645642800000,2651.60000000,2664.79000000,2620.58000000,2634.31000000,468.38400000,1645646399999,1235962.21099100,753,282.70570000,745978.14817700,0
1645646400000,2633.68000000,2642.18000000,2610.84000000,2624.35000000,323.73450000,1645649999999,849790.78138100,675,193.40330000,507821.97674300,0
1645650000000,2626.27000000,2635.61000000,2609.74000000,2616.32000000,336.26020000,1645653599999,882587.82539800,553,152.73600000,400686.01913800,0
1645653600000,2618.66000000,2639.37000000,2598.70000000,2639.18000000,555.16880000,1645657199999,1460749.60519300,867,92.11530000,241296.23516600,0
1645657200000,2639.18000000,2639.18000000,2577.00000000,2580.17000000,957.21580000,1645660799999,2480255.10521700,1227,604.75270000,1564655.63356500,0
1645660800000,2579.42000000,2593.84000000,2561.07000000,2561.85000000,590.48110000,1645664399999,1518736.66194500,1130,269.05260000,691910.20247600,0
1645664400000,2564.14000000,2576.94000000,2547.25000000,2570.76000000,587.65460000,1645667999999,1506504.08536200,849,303.59870000,778338.31715300,0
1645668000000,2576.29000000,2576.29000000,2491.33000000,2497.28000000,863.92850000,1645671599999,2189391.21427000,1210,327.02410000,830008.98206400,0
1645671600000,2498.35000000,2498.35000000,2389.86000000,2400.36000000,2413.62980000,1645675199999,5888423.31501500,3846,1045.70760000,2548589.74670400,0
1645675200000,2399.02000000,2409.95000000,2356.77000000,2403.19000000,3168.35340000,1645678799999,7566194.80506600,4511,1286.21670000,3071223.12027500,0
1645678800000,2404.16000000,2407.47000000,2301.89000000,2335.36000000,6158.17500000,1645682399999,14452326.35602700,6127,3463.52200000,8108964.84763000,0
1645682400000,2337.03000000,2355.77000000,2328.83000000,2340.60000000,1241.76250000,1645685999999,2908751.67689600,1923,551.02980000,1290462.36430400,0
1645686000000,2340.54000000,2400.43000000,2302.00000000,2370.82000000,2947.45350000,1645689599999,6870751.13902200,3594,891.91150000,2088010.38696800,0
1645689600000,2370.27000000,2425.93000000,2360.66000000,2382.28000000,1307.94030000,1645693199999,3126689.29974200,2283,575.76950000,1376718.96974100,0
1645693200000,2383.97000000,2412.27000000,2364.97000000,2372.23000000,742.85060000,1645696799999,1774466.04083200,1065,346.82510000,827717.19976400,0
1645696800000,2370.15000000,2381.73000000,2332.14000000,2364.01000000,985.10160000,1645700399999,2318735.33163600,1352,377.59010000,889848.87374700,0
1645700400000,2361.90000000,2396.67000000,2335.22000000,2393.94000000,1098.97530000,1645703999999,2585738.95218000,1525,460.49120000,1085643.31463000,0
1645704000000,2394.55000000,2395.04000000,2358.51000000,2368.80000000,467.33280000,1645707599999,1108603.79570100,984,202.57040000,480561.72278600,0
1645707600000,2370.46000000,2411.90000000,2350.01000000,2393.98000000,630.71300000,1645711199999,1501729.45104000,1182,328.17770000,781776.62819700,0
1645711200000,2393.68000000,2446.24000000,2376.38000000,2438.40000000,1474.62740000,1645714799999,3566285.16279300,2360,643.24130000,1555954.48943700,0
1645714800000,2436.58000000,2476.97000000,2417.65000000,2458.20000000,1401.04030000,1645718399999,3429097.43900400,2746,581.40470000,1421473.36091500,0
1645718400000,2456.44000000,2493.16000000,2450.02000000,2476.24000000,1182.32760000,1645721999999,2921542.78456700,2592,408.05910000,1008248.45751800,0
1645722000000,2477.08000000,2477.08000000,2430.99000000,2436.64000000,493.65780000,1645725599999,1207065.95913300,978,222.30040000,543419.57673600,0
1645725600000,2435.66000000,2556.00000000,2433.42000000,2526.00000000,1546.38920000,1645729199999,3838833.26327500,2218,1007.05110000,2493551.75965200,0
1645729200000,2527.53000000,2602.08000000,2514.61000000,2597.94000000,1208.14460000,1645732799999,3084357.85219000,2482,518.43450000,1324610.40062700,0
1645732800000,2597.34000000,2738.02000000,2597.34000000,2651.75000000,2230.76100000,1645736399999,5938653.15154100,4737,1018.32150000,2711598.73409400,0
1645736400000,2651.97000000,2656.06000000,2619.61000000,2637.21000000,593.97250000,1645739999999,1568329.01389200,1117,220.34120000,581527.13354800,0
1645740000000,2641.23000000,2644.95000000,2545.96000000,2567.10000000,526.95850000,1645743599999,1362407.39864400,1191,266.88240000,689864.28356600,0
1645743600000,2567.10000000,2604.94000000,2567.10000000,2600.10000000,313.85010000,1645747199999,812906.37810000,590,157.94110000,409380.17517700,0
1645747200000,2596.51000000,2631.12000000,2583.76000000,2586.22000000,254.68180000,1645750799999,664464.43328500,612,100.26460000,261573.42581200,0
1645750800000,2585.43000000,2648.31000000,2584.29000000,2632.39000000,317.69480000,1645754399999,833516.23717000,669,202.88670000,531929.86945200,0
1645754400000,2628.13000000,2651.63000000,2625.42000000,2641.30000000,188.33840000,1645757999999,496944.48087500,435,83.22490000,219753.91575800,0
1645758000000,2637.26000000,2642.37000000,2605.86000000,2637.70000000,576.62310000,1645761599999,1514141.63287300,1101,154.79830000,406466.04019300,0
1645761600000,2637.30000000,2638.62000000,2613.28000000,2616.54000000,284.94700000,1645765199999,749600.53206400,694,76.88650000,202117.57065400,0
1645765200000,2619.60000000,2625.72000000,2587.52000000,2606.38000000,419.90870000,1645768799999,1095329.02933400,856,271.10710000,707420.53501500,0
1645768800000,2609.86000000,2639.91000000,2599.09000000,2633.40000000,175.13960000,1645772399999,460066.39883000,513,107.60490000,282995.24281100,0
1645772400000,2633.32000000,2648.00000000,2607.14000000,2612.52000000,394.69210000,1645775999999,1035809.21347900,856,94.76590000,248888.73538500,0
1645776000000,2613.12000000,2618.62000000,2592.65000000,2610.97000000,343.93150000,1645779599999,895406.19710200,619,203.15340000,529071.50190800,0
1645779600000,2609.62000000,2625.61000000,2573.06000000,2616.70000000,357.38870000,1645783199999,926970.26974900,771,205.42360000,532730.89756600,0
1645783200000,2618.38000000,2627.38000000,2607.01000000,2614.76000000,629.04470000,1645786799999,1645657.71380700,948,115.72680000,302837.77998700,0
1645786800000,2617.05000000,2641.79000000,2600.45000000,2633.95000000,247.12190000,1645790399999,648161.48069200,602,118.86570000,311779.78425500,0
1645790400000,2635.05000000,2715.91000000,2635.05000000,2706.16000000,891.25590000,1645793999999,2390274.84585900,1635,472.66660000,1266775.17758800,0
1645794000000,2710.41000000,2736.66000000,2703.38000000,2712.50000000,517.11700000,1645797599999,1405304.45177500,1107,209.90160000,570353.16052300,0
1645797600000,2712.48000000,2716.19000000,2679.14000000,2683.90000000,728.52480000,1645801199999,1966749.57972300,1461,337.25920000,910691.28286000,0
1645801200000,2684.03000000,2744.19000000,2657.57000000,2735.94000000,819.13880000,1645804799999,2210450.76155400,1660,388.16160000,1046460.79451900,0
1645804800000,2733.79000000,2747.98000000,2703.59000000,2725.67000000,425.19590000,1645808399999,1159058.53558500,826,157.15940000,428773.76760700,0
1645808400000,2724.72000000,2732.66000000,2685.73000000,2693.54000000,183.82370000,1645811999999,497441.90173100,611,66.32960000,179358.57665800,0
1645812000000,2694.70000000,2697.22000000,2668.49000000,2676.56000000,285.54550000,1645815599999,764937.19675100,609,160.93250000,430785.76841900,0
1645815600000,2672.94000000,2707.18000000,2667.91000000,2679.53000000,202.68140000,1645819199999,544568.17518900,503,96.42200000,259245.27631800,0
1645819200000,2677.64000000,2721.17000000,2670.30000000,2711.67000000,208.43500000,1645822799999,562576.36123300,523,106.48920000,287352.09978100,0
1645822800000,2714.71000000,2730.58000000,2702.81000000,2707.81000000,439.76020000,1645826399999,1192803.91547800,573,289.15970000,783831.02116000,0
1645826400000,2708.59000000,2815.59000000,2693.96000000,2793.08000000,1723.59280000,1645829999999,4776093.58377600,1573,1434.63210000,3974898.53168100,0
1645830000000,2794.33000000,2836.70000000,2749.22000000,2766.88000000,1484.76880000,1645833599999,4153028.98221900,2692,408.41610000,1140819.27869000,0
1645833600000,2769.03000000,2880.00000000,2763.35000000,2833.22000000,1014.89740000,1645837199999,2860493.26518900,2143,515.79520000,1455451.20264900,0
1645837200000,2833.39000000,2844.03000000,2808.72000000,2819.96000000,248.48560000,1645840799999,702565.27714700,621,72.66740000,205402.12906000,0
1645840800000,2819.84000000,2825.72000000,2801.72000000,2805.03000000,224.04330000,1645844399999,630903.42490600,579,120.96340000,340902.54572500,0
1645844400000,2804.81000000,2808.66000000,2782.43000000,2796.00000000,145.51920000,1645847999999,406469.15348000,552,76.28650000,213171.56385800,0
1645848000000,2795.42000000,2822.18000000,2794.11000000,2809.01000000,126.82610000,1645851599999,356882.32739900,347,64.01350000,180134.65530800,0
1645851600000,2809.28000000,2809.67000000,2771.24000000,2776.92000000,135.64250000,1645855199999,379009.81611000,473,39.71260000,110932.70592400,0
1645855200000,2776.36000000,2791.73000000,2775.39000000,2778.73000000,200.32220000,1645858799999,557958.47238300,436,55.45620000,154468.21465000,0
1645858800000,2780.11000000,2794.01000000,2759.42000000,2794.01000000,203.36470000,1645862399999,565242.09437800,546,93.92840000,260971.63029700,0
1645862400000,2794.24000000,2816.61000000,2743.01000000,2756.28000000,515.26440000,1645865999999,1434230.47540300,1112,244.57290000,681156.17824700,0
1645866000000,2756.15000000,2764.87000000,2715.01000000,2749.24000000,411.50580000,1645869599999,1127779.34039000,819,135.57620000,372878.46527200,0
1645869600000,2749.34000000,2776.39000000,2746.20000000,2771.36000000,185.29130000,1645873199999,511514.89550800,495,91.16760000,251640.48357800,0
1645873200000,2770.13000000,2780.96000000,2740.03000000,2753.61000000,149.95580000,1645876799999,413582.02131600,611,77.40410000,213496.05753900,0
1645876800000,2753.03000000,2766.70000000,2743.91000000,2763.56000000,88.37150000,1645880399999,243583.41525200,259,34.64260000,95525.57156000,0
1645880400000,2765.09000000,2787.88000000,2761.30000000,2773.29000000,234.13420000,1645883999999,649626.19023500,569,86.61670000,240325.54216800,0
1645884000000,2772.99000000,2798.69000000,2760.31000000,2784.17000000,264.49040000,1645887599999,735506.07923200,621,112.07910000,311844.06648900,0
1645887600000,2784.12000000,2812.28000000,2781.06000000,2785.94000000,224.10480000,1645891199999,626372.65153700,604,134.83830000,376808.09352600,0
1645891200000,2785.92000000,2800.00000000,2782.34000000,2792.38000000,112.62400000,1645894799999,314375.09203500,340,57.43500000,160399.44956300,0
1645894800000,2791.02000000,2797.29000000,2782.65000000,2792.95000000,139.53800000,1645898399999,389560.16551300,344,66.72590000,186355.02383100,0
1645898400000,2794.37000000,2795.00000000,2765.68000000,2794.39000000,429.05830000,1645901999999,1192104.78447300,755,255.00580000,708601.41265500,0
1645902000000,2794.87000000,2834.57000000,2794.87000000,2810.90000000,438.55470000,1645905599999,1236010.43431300,936,182.33520000,514085.17846400,0
1645905600000,2810.56000000,2835.00000000,2810.56000000,2825.00000000,86.32270000,1645909199999,243703.52203500,241,52.18370000,147352.94213800,0
1645909200000,2823.03000000,2855.53000000,2818.69000000,2826.01000000,476.59830000,1645912799999,1354124.27591200,952,253.61580000,720971.62514200,0
1645912800000,2825.94000000,2826.02000000,2790.41000000,2796.11000000,142.66530000,1645916399999,400314.01224400,499,42.43210000,119200.31056100,0
1645916400000,2795.92000000,2796.46000000,2765.10000000,2778.95000000,309.99780000,1645919999999,862197.30822200,680,166.09820000,461836.24776700,0
1645920000000,2781.34000000,2791.19000000,2742.35000000,2749.28000000,253.57910000,1645923599999,700283.15808700,693,162.48090000,449097.51822000,0
1645923600000,2748.18000000,2754.97000000,2683.15000000,2684.31000000,828.41050000,1645927199999,2245982.23396200,1424,475.96060000,1290792.67567300,0
1645927200000,2683.14000000,2715.55000000,2678.17000000,2709.71000000,193.45550000,1645930799999,522340.19531100,502,105.34230000,284426.39162800,0
1645930800000,2710.28000000,2728.76000000,2710.28000000,2719.26000000,117.88400000,1645934399999,320566.37107100,359,69.91780000,190098.33058800,0
1645934400000,2713.88000000,2722.17000000,2702.46000000,2707.28000000,76.88360000,1645937999999,208403.11498000,248,33.34580000,90391.72875800,0
1645938000000,2701.41000000,2725.20000000,2699.09000000,2712.42000000,198.40530000,1645941599999,539151.63612700,553,80.56010000,218843.02587000,0
1645941600000,2711.11000000,2739.41000000,2710.63000000,2733.38000000,149.07870000,1645945199999,406818.20502000,358,104.46530000,284893.50029000,0
1645945200000,2734.95000000,2746.85000000,2733.60000000,2738.81000000,92.04120000,1645948799999,252337.33041000,294,54.02420000,148182.82235300,0
1645948800000,2738.38000000,2749.18000000,2722.75000000,2745.48000000,184.21320000,1645952399999,504259.72135300,504,71.61510000,195996.30742000,0
1645952400000,2743.41000000,2772.99000000,2737.64000000,2770.04000000,158.83870000,1645955999999,438309.84921300,599,87.83620000,242537.99831800,0
1645956000000,2770.77000000,2819.21000000,2759.72000000,2815.00000000,224.35530000,1645959599999,627270.20324800,706,95.90610000,268301.80401100,0
1645959600000,2816.71000000,2832.60000000,2787.83000000,2824.30000000,469.92420000,1645963199999,1322019.84564200,1017,208.09860000,585966.12446300,0
1645963200000,2824.61000000,2837.49000000,2803.05000000,2829.51000000,346.86470000,1645966799999,979021.94211700,664,136.61040000,385770.61620300,0
1645966800000,2830.17000000,2831.48000000,2712.36000000,2779.90000000,873.50310000,1645970399999,2417631.16948100,2143,468.30610000,1296796.52602900,0
1645970400000,2780.27000000,2789.73000000,2748.41000000,2764.56000000,336.98570000,1645973999999,932671.54060700,871,166.81060000,461806.58103200,0
1645974000000,2761.78000000,2821.77000000,2757.75000000,2811.52000000,279.96460000,1645977599999,782053.63497300,919,167.39550000,467605.03804700,0
1645977600000,2811.00000000,2811.18000000,2766.08000000,2777.59000000,233.68630000,1645981199999,652483.87456500,554,144.85340000,404555.58290800,0
1645981200000,2775.78000000,2780.06000000,2764.53000000,2766.66000000,91.36830000,1645984799999,253235.67268500,301,33.64190000,93243.13974400,0
1645984800000,2765.83000000,2769.69000000,2729.00000000,2738.83000000,183.95530000,1645988399999,505684.29718800,767,84.46520000,232127.17792000,0
1645988400000,2738.50000000,2747.70000000,2598.42000000,2607.84000000,1166.58740000,1645991999999,3102472.98880900,2889,597.66880000,1587329.25845700,0
1645992000000,2601.96000000,2658.97000000,2587.85000000,2635.15000000,861.33510000,1645995599999,2253858.26633100,2039,442.59550000,1158889.72151200,0
1645995600000,2630.02000000,2639.18000000,2560.04000000,2606.25000000,519.22330000,1645999199999,1348979.74394900,1592,217.88380000,565073.89098300,0
1645999200000,2603.00000000,2640.00000000,2596.43000000,2630.22000000,204.77340000,1646002799999,536859.66818900,784,66.14010000,173301.33238700,0
1646002800000,2629.29000000,2633.84000000,2581.37000000,2615.43000000,559.61010000,1646006399999,1461511.55741400,1425,261.97780000,684734.73428000,0
1646006400000,2615.43000000,2626.06000000,2590.30000000,2605.47000000,491.40220000,1646009999999,1280797.13999300,915,170.78950000,445545.54744700,0
1646010000000,2606.66000000,2680.00000000,2606.03000000,2644.65000000,492.99780000,1646013599999,1308114.80833100,1271,258.66600000,686488.50521300,0
1646013600000,2645.00000000,2653.52000000,2594.47000000,2611.92000000,368.33900000,1646017199999,964242.35931000,989,179.27530000,468670.61410500,0
1646017200000,2612.62000000,2621.22000000,2602.21000000,2610.70000000,211.99660000,1646020799999,553828.82288800,464,116.10160000,303357.63849500,0
1646020800000,2608.93000000,2633.30000000,2603.70000000,2611.16000000,195.17280000,1646024399999,510263.78121700,397,98.64680000,258027.71360300,0
1646024400000,2607.16000000,2624.45000000,2605.10000000,2612.49000000,150.34040000,1646027999999,393335.24765000,372,64.66720000,169142.46402200,0
1646028000000,2612.13000000,2631.22000000,2567.57000000,2606.74000000,495.66200000,1646031599999,1291833.90774300,1273,274.38770000,714781.24664400,0
1646031600000,2607.10000000,2652.38000000,2599.98000000,2637.01000000,469.11330000,1646035199999,1231873.23339300,1082,232.85880000,612167.67262000,0
1646035200000,2637.55000000,2659.49000000,2618.28000000,2630.08000000,174.89200000,1646038799999,460703.84997900,577,85.13340000,224477.79132800,0
1646038800000,2628.93000000,2643.48000000,2611.94000000,2611.94000000,173.27850000,1646042399999,456216.35616800,524,89.59060000,235909.37665300,0
1646042400000,2613.16000000,2648.37000000,2613.16000000,2639.80000000,237.10370000,1646045999999,624629.75551600,464,132.53280000,349349.63542100,0
1646046000000,2642.70000000,2646.42000000,2622.56000000,2641.90000000,211.94510000,1646049599999,558781.24142500,403,107.02300000,282384.25551700,0
1646049600000,2642.19000000,2666.78000000,2627.32000000,2636.16000000,319.74330000,1646053199999,847387.79715900,843,153.74840000,407733.73808200,0
1646053200000,2636.79000000,2640.97000000,2607.32000000,2619.44000000,199.28000000,1646056799999,522728.73289300,540,97.57330000,256031.68368200,0
1646056800000,2617.76000000,2763.56000000,2617.00000000,2758.67000000,1310.47950000,1646060399999,3544070.51784800,2844,665.67400000,1799797.44504600,0
1646060400000,2760.82000000,2828.18000000,2740.92000000,2815.20000000,1195.69110000,1646063999999,3342531.04800200,2695,538.01310000,1505467.23301500,0
1646064000000,2819.26000000,2831.51000000,2789.86000000,2809.97000000,1292.77030000,1646067599999,3640401.21569300,2254,546.40210000,1539841.93484000,0
1646067600000,2812.91000000,2822.67000000,2789.44000000,2822.67000000,687.07450000,1646071199999,1926211.30055500,981,325.74240000,912688.61668600,0
1646071200000,2822.80000000,2824.43000000,2797.18000000,2808.18000000,397.67720000,1646074799999,1118444.42538900,771,163.94270000,460899.69295400,0
1646074800000,2808.56000000,2811.51000000,2791.80000000,2809.35000000,244.05560000,1646078399999,683415.48938900,548,124.45380000,348554.24931400,0
1646078400000,2809.40000000,2839.67000000,2797.57000000,2835.29000000,476.54790000,1646081999999,1346707.19107300,973,206.21840000,582669.81242800,0
1646082000000,2835.85000000,2835.85000000,2810.00000000,2822.04000000,231.32550000,1646085599999,652545.23803400,550,67.13760000,189355.22811200,0
1646085600000,2823.60000000,2950.00000000,2822.24000000,2894.72000000,1068.20250000,1646089199999,3090341.07485900,2647,517.24610000,1498617.56002600,0
1646089200000,2898.59000000,2925.30000000,2893.68000000,2921.81000000,1540.52770000,1646092799999,4492858.02000700,1802,1231.35150000,3592780.53238400,0
1646092800000,2924.20000000,2974.07000000,2922.20000000,2948.97000000,2732.54880000,1646096399999,8029131.90172900,2980,2242.39580000,6585600.00082700,0
1646096400000,2948.71000000,2950.30000000,2914.70000000,2916.39000000,1528.16320000,1646099999999,4471830.61107100,1616,1126.96590000,3296711.94824500,0
1646100000000,2917.76000000,2922.00000000,2906.35000000,2919.42000000,296.70790000,1646103599999,865390.67541200,732,122.21910000,356606.34692800,0
1646103600000,2917.67000000,2917.82000000,2891.66000000,2913.79000000,203.02350000,1646107199999,589330.80192100,592,129.22080000,374999.27104600,0
1646107200000,2911.88000000,2933.08000000,2907.58000000,2926.67000000,312.67000000,1646110799999,912838.99001800,669,123.93770000,361980.47317600,0
1646110800000,2926.83000000,2935.74000000,2906.37000000,2914.65000000,197.90940000,1646114399999,577655.47355100,484,98.16040000,286505.13019900,0
1646114400000,2913.31000000,2923.29000000,2884.03000000,2918.66000000,492.02070000,1646117999999,1429126.09607400,981,207.92040000,603789.06093100,0
1646118000000,2918.66000000,2931.22000000,2915.99000000,2923.27000000,141.56170000,1646121599999,414105.73296800,399,88.20610000,258243.44301800,0
1646121600000,2922.70000000,2935.26000000,2908.71000000,2927.34000000,261.60720000,1646125199999,764647.31898100,684,80.31300000,234912.12169100,0
1646125200000,2923.64000000,2923.81000000,2889.20000000,2896.09000000,327.98880000,1646128799999,953089.70210400,747,120.34760000,349664.01277800,0
1646128800000,2893.43000000,2922.50000000,2855.03000000,2922.01000000,423.80640000,1646132399999,1225827.62771900,1231,174.50260000,505173.02757400,0
1646132400000,2919.46000000,2930.15000000,2888.32000000,2904.75000000,621.85910000,1646135999999,1809612.60388400,1071,206.38200000,599787.36709500,0
1646136000000,2904.70000000,2954.27000000,2901.51000000,2952.87000000,844.78910000,1646139599999,2476706.49124000,1817,339.67700000,995379.34223900,0
1646139600000,2950.35000000,3034.77000000,2944.88000000,3022.57000000,1544.83270000,1646143199999,4618175.52469100,3018,912.17520000,2729097.35083100,0
1646143200000,3020.20000000,3038.37000000,2969.68000000,2972.88000000,1609.89650000,1646146799999,4820553.41787700,2648,623.14750000,1870078.81124900,0
1646146800000,2976.29000000,2986.15000000,2927.77000000,2950.84000000,590.21650000,1646150399999,1747808.26460200,1526,295.11510000,872945.40470700,0
1646150400000,2951.67000000,2969.34000000,2898.97000000,2908.53000000,386.66570000,1646153999999,1134214.39559900,1190,137.37370000,403237.06621200,0
1646154000000,2903.47000000,2959.29000000,2903.47000000,2936.30000000,357.70720000,1646157599999,1045707.95244000,913,220.99150000,646013.20023700,0
1646157600000,2934.91000000,2960.88000000,2915.55000000,2954.00000000,1177.15450000,1646161199999,3464275.50841300,1427,122.81510000,360570.64788600,0
1646161200000,2955.04000000,2976.99000000,2944.42000000,2947.70000000,917.60100000,1646164799999,2719088.71557800,984,200.55730000,594582.86444700,0
1646164800000,2947.26000000,2979.20000000,2945.25000000,2974.93000000,279.47260000,1646168399999,828238.71721200,625,126.29900000,374407.28949200,0
1646168400000,2974.93000000,2981.01000000,2939.50000000,2955.73000000,425.96550000,1646171999999,1261309.07927700,910,332.51900000,984504.15363200,0
1646172000000,2955.78000000,2977.26000000,2947.24000000,2973.91000000,98.66550000,1646175599999,292670.04279200,314,60.23440000,178663.15242000,0
1646175600000,2973.45000000,2980.53000000,2952.97000000,2976.59000000,92.07180000,1646179199999,273635.06821300,343,61.60480000,183140.50208200,0
1646179200000,2978.89000000,2982.36000000,2923.02000000,2945.80000000,260.42340000,1646182799999,768864.08730600,900,108.35890000,320459.71000500,0
1646182800000,2944.09000000,2959.17000000,2915.55000000,2934.46000000,256.14750000,1646186399999,751651.26032700,867,111.10120000,326395.46501100,0
1646186400000,2927.74000000,2949.00000000,2916.55000000,2948.76000000,233.28880000,1646189999999,683487.84645600,758,153.66780000,450247.69833600,0
1646190000000,2948.57000000,3028.78000000,2939.55000000,3019.13000000,688.93210000,1646193599999,2063773.29662900,1718,411.11960000,1231605.86646500,0
1646193600000,3018.38000000,3044.32000000,2985.69000000,2994.72000000,839.48460000,1646197199999,2531918.32792800,1470,454.41570000,1368959.59680900,0
1646197200000,2999.31000000,3009.62000000,2976.06000000,3000.71000000,232.10660000,1646200799999,695755.55622500,808,102.91710000,308649.85932700,0
1646200800000,3000.45000000,3003.88000000,2962.81000000,2967.61000000,178.74980000,1646204399999,533024.95543300,670,96.57150000,288090.35844700,0
1646204400000,2970.61000000,2981.37000000,2956.59000000,2969.30000000,224.42390000,1646207999999,665608.10471500,684,87.08040000,258253.05480100,0
1646208000000,2971.49000000,3008.88000000,2952.64000000,2979.01000000,360.27090000,1646211599999,1077321.67660600,1208,201.05570000,601594.47316100,0
1646211600000,2978.80000000,3006.36000000,2971.56000000,2992.95000000,549.23190000,1646215199999,1643626.60383900,1373,163.14870000,488385.02718300,0
1646215200000,2995.75000000,3028.21000000,2988.22000000,3007.59000000,182.63480000,1646218799999,549550.68171900,815,92.32080000,277848.43134300,0
1646218800000,3010.75000000,3010.75000000,2988.49000000,3006.74000000,163.05040000,1646222399999,489162.78327000,601,41.04840000,123151.78807600,0
1646222400000,3005.42000000,3029.00000000,2950.84000000,2987.06000000,490.96200000,1646225999999,1464727.33197400,1287,269.53710000,803609.41478100,0
1646226000000,2988.72000000,2992.05000000,2925.25000000,2945.38000000,775.15930000,1646229599999,2290868.13340800,1634,494.61540000,1463302.54846700,0
1646229600000,2945.85000000,3030.00000000,2941.86000000,3013.21000000,706.43370000,1646233199999,2116854.14717000,1806,383.31690000,1148076.13632700,0
1646233200000,3013.84000000,3035.00000000,2946.41000000,2955.62000000,1227.56560000,1646236799999,3671794.23607600,2879,484.29010000,1446767.30449300,0
1646236800000,2953.21000000,2984.44000000,2945.24000000,2965.33000000,244.14230000,1646240399999,724717.36636500,859,119.90720000,355864.39146100,0
1646240400000,2962.59000000,2980.10000000,2946.72000000,2949.76000000,123.92770000,1646243999999,367610.50672800,658,68.26210000,202596.09673000,0
1646244000000,2947.50000000,2965.00000000,2917.47000000,2926.00000000,286.84510000,1646247599999,843269.86448800,897,131.92070000,387240.55371100,0
1646247600000,2926.02000000,2943.13000000,2914.89000000,2934.18000000,222.61940000,1646251199999,652537.18631400,656,112.97360000,331303.38582400,0
1646251200000,2933.44000000,2953.27000000,2931.06000000,2950.92000000,140.01380000,1646254799999,411677.25470300,513,69.18120000,203288.78589200,0
1646254800000,2948.06000000,2983.51000000,2942.26000000,2976.07000000,306.05870000,1646258399999,904685.05727100,712,137.75640000,407395.45237800,0
1646258400000,2973.56000000,2988.52000000,2957.40000000,2962.88000000,181.86150000,1646261999999,540556.87733000,605,75.56140000,224575.35890600,0
1646262000000,2961.09000000,2970.01000000,2946.55000000,2950.14000000,134.60890000,1646265599999,397675.26565600,417,62.99870000,186025.69708700,0
1646265600000,2947.49000000,2972.01000000,2932.38000000,2966.29000000,261.70460000,1646269199999,772623.97710400,701,73.19330000,216135.69473200,0
1646269200000,2966.38000000,2968.45000000,2939.70000000,2947.97000000,123.83520000,1646272799999,365484.58648400,481,61.87970000,182583.54461200,0
1646272800000,2945.66000000,2947.74000000,2919.00000000,2932.05000000,291.44310000,1646276399999,854199.16753800,728,167.68450000,491422.88657300,0
1646276400000,2932.97000000,2935.13000000,2888.60000000,2896.94000000,296.52990000,1646279999999,861204.08451100,946,130.08500000,377487.43796400,0
1646280000000,2894.78000000,2911.29000000,2889.30000000,2903.43000000,149.31850000,1646283599999,433142.54311900,436,81.32080000,235856.09386200,0
1646283600000,2902.81000000,2915.19000000,2896.03000000,2902.66000000,126.60750000,1646287199999,367832.89329900,391,65.41600000,190073.59627000,0
1646287200000,2899.66000000,2916.10000000,2872.14000000,2915.03000000,202.48990000,1646290799999,585977.25847500,698,109.19260000,315928.22478000,0
1646290800000,2914.19000000,2921.14000000,2900.80000000,2907.05000000,72.19710000,1646294399999,210129.20435200,309,41.18400000,119880.11901900,0
1646294400000,2908.16000000,2917.77000000,2896.97000000,2905.15000000,49.94790000,1646297999999,145121.01586700,225,25.18570000,73194.58516400,0
1646298000000,2907.93000000,2908.53000000,2882.25000000,2889.16000000,139.95230000,1646301599999,404656.86043100,423,55.98870000,161968.38651700,0
1646301600000,2887.55000000,2913.90000000,2879.10000000,2910.62000000,133.05450000,1646305199999,385117.45197500,398,54.42240000,157598.80576400,0
1646305200000,2907.56000000,2934.69000000,2905.73000000,2914.32000000,142.27000000,1646308799999,415139.38251700,428,77.96000000,227661.56477300,0
1646308800000,2914.38000000,2932.06000000,2905.12000000,2914.41000000,117.31140000,1646312399999,342459.05153000,344,33.59890000,98205.81119100,0
1646312400000,2916.79000000,2931.86000000,2911.91000000,2929.98000000,143.32640000,1646315999999,419125.15484100,293,72.74220000,212799.12682700,0
1646316000000,2931.94000000,2935.47000000,2880.87000000,2889.23000000,198.13500000,1646319599999,576421.79808700,612,111.99150000,325802.94049500,0
1646319600000,2883.44000000,2892.06000000,2816.99000000,2828.67000000,3215.94810000,1646323199999,9154844.08220700,3406,2392.86140000,6815514.31130800,0
1646323200000,2828.67000000,2840.01000000,2811.00000000,2823.34000000,424.95360000,1646326799999,1199718.63557900,925,128.96240000,364380.23087200,0
1646326800000,2819.11000000,2830.66000000,2783.12000000,2819.23000000,668.62980000,1646330399999,1876703.56586100,1111,284.74350000,800358.26336700,0
1646330400000,2817.53000000,2835.99000000,2812.09000000,2815.81000000,341.50090000,1646333999999,964847.55129700,523,155.46600000,438901.17661100,0
1646334000000,2817.72000000,2824.29000000,2801.70000000,2817.39000000,121.44930000,1646337599999,342100.36446700,308,69.06350000,194540.06325800,0
1646337600000,2813.00000000,2825.00000000,2794.63000000,2804.68000000,409.49250000,1646341199999,1150699.20611500,615,120.19710000,338202.90038100,0
1646341200000,2805.17000000,2818.08000000,2791.60000000,2805.60000000,2431.37340000,1646344799999,6847815.82170400,1808,214.34250000,602457.21458500,0
1646344800000,2804.02000000,2842.33000000,2804.02000000,2835.52000000,248.98810000,1646348399999,705454.71140700,540,104.73620000,296515.44570800,0
1646348400000,2835.92000000,2849.44000000,2828.15000000,2831.73000000,86.56290000,1646351999999,245493.80157400,230,51.23150000,145401.02718000,0
1646352000000,2833.71000000,2835.98000000,2726.33000000,2733.91000000,834.87390000,1646355599999,2305845.37625800,1776,354.81500000,978164.12629400,0
1646355600000,2733.31000000,2738.08000000,2689.00000000,2731.70000000,666.49130000,1646359199999,1809060.18848200,1570,221.10780000,600241.10540900,0
1646359200000,2729.70000000,2737.19000000,2720.48000000,2725.59000000,258.63000000,1646362799999,705619.42856600,459,155.80320000,424772.85237000,0
1646362800000,2725.72000000,2730.21000000,2713.58000000,2725.53000000,152.44700000,1646366399999,415226.15072500,432,99.88960000,272102.65557900,0
1646366400000,2725.21000000,2729.85000000,2709.28000000,2728.02000000,154.95810000,1646369999999,421601.17154400,449,64.29700000,174917.74962100,0
1646370000000,2728.46000000,2733.23000000,2716.58000000,2726.00000000,159.21590000,1646373599999,433602.63227400,381,89.38350000,243446.98491500,0
1646373600000,2727.08000000,2734.52000000,2717.85000000,2725.56000000,165.36750000,1646377199999,450959.19743200,314,87.33240000,238093.93215700,0
1646377200000,2725.56000000,2733.78000000,2717.68000000,2733.55000000,131.04960000,1646380799999,357086.42226600,413,101.75010000,277315.30282700,0
1646380800000,2732.42000000,2751.53000000,2704.41000000,2740.64000000,430.09670000,1646384399999,1173133.21748000,1115,181.85170000,496393.42963100,0
1646384400000,2741.99000000,2749.25000000,2717.69000000,2731.68000000,233.35820000,1646387999999,637590.19725800,657,150.47520000,411083.03475700,0
1646388000000,2730.44000000,2748.64000000,2730.44000000,2741.60000000,396.73090000,1646391599999,1088708.84224600,721,117.00190000,321078.59256100,0
1646391600000,2742.74000000,2759.62000000,2737.28000000,2743.84000000,226.87100000,1646395199999,622590.18083600,456,128.41250000,352506.27145200,0
1646395200000,2745.23000000,2751.61000000,2722.50000000,2731.86000000,292.93570000,1646398799999,800431.97461800,591,217.91730000,595129.85175700,0
1646398800000,2730.34000000,2755.05000000,2715.56000000,2719.12000000,337.03320000,1646402399999,920485.69952400,747,189.43500000,518132.89304400,0
1646402400000,2720.17000000,2726.71000000,2664.39000000,2704.41000000,546.38580000,1646405999999,1470546.02181800,1372,268.82350000,723612.43346400,0
1646406000000,2704.53000000,2716.54000000,2667.36000000,2672.54000000,457.91700000,1646409599999,1227575.21421900,1054,213.69830000,572879.37515200,0
1646409600000,2670.65000000,2684.36000000,2649.89000000,2675.86000000,580.71790000,1646413199999,1547994.77568400,1072,272.06220000,725398.92484600,0
1646413200000,2673.61000000,2697.34000000,2669.69000000,2690.17000000,196.01710000,1646416799999,526686.72408900,552,105.89020000,284454.11253000,0
1646416800000,2693.82000000,2697.26000000,2669.94000000,2670.36000000,167.01370000,1646420399999,448351.37746100,451,82.94370000,222645.81340700,0
1646420400000,2672.06000000,2672.06000000,2610.28000000,2616.63000000,523.48410000,1646423999999,1380301.39358500,1418,341.13500000,899748.39295200,0
1646424000000,2615.76000000,2631.00000000,2598.43000000,2614.98000000,355.74510000,1646427599999,928136.25765100,898,171.01050000,446484.97877700,0
1646427600000,2615.51000000,2627.20000000,2603.89000000,2609.29000000,144.93760000,1646431199999,378794.50644700,431,99.31780000,259588.79005500,0
1646431200000,2607.23000000,2616.62000000,2573.23000000,2611.05000000,397.90810000,1646434799999,1032655.36346600,1035,141.53840000,368046.92251700,0
1646434800000,2612.01000000,2624.25000000,2606.72000000,2622.61000000,71.60990000,1646438399999,187355.51820500,277,54.30250000,142090.47824300,0
1646438400000,2621.80000000,2623.64000000,2594.50000000,2594.50000000,217.60490000,1646441999999,567658.26758700,535,126.53470000,329980.13209200,0
1646442000000,2594.87000000,2619.45000000,2590.19000000,2613.15000000,190.53910000,1646445599999,496660.64561000,526,106.15570000,276942.01668400,0
1646445600000,2615.05000000,2620.82000000,2606.98000000,2614.56000000,163.09080000,1646449199999,426201.19165900,345,129.48890000,338387.73821800,0
1646449200000,2609.20000000,2630.50000000,2609.19000000,2625.43000000,161.50170000,1646452799999,424137.56197100,431,132.85840000,349000.24575300,0
1646452800000,2626.10000000,2628.37000000,2610.37000000,2617.49000000,138.03660000,1646456399999,361659.84380800,400,70.20880000,184036.58785400,0
1646456400000,2619.00000000,2627.35000000,2616.58000000,2624.96000000,123.73520000,1646459999999,324564.27279800,353,37.16420000,97464.38506400,0
1646460000000,2626.06000000,2633.62000000,2621.58000000,2626.06000000,101.86820000,1646463599999,267596.75310200,312,55.85030000,146756.72230100,0
1646463600000,2627.27000000,2644.36000000,2622.23000000,2637.53000000,136.16610000,1646467199999,358711.06830200,393,68.13400000,179446.73259400,0
1646467200000,2639.85000000,2656.03000000,2631.99000000,2650.33000000,126.58530000,1646470799999,334637.93580400,420,65.96580000,174148.28844800,0
1646470800000,2650.48000000,2657.75000000,2641.76000000,2647.09000000,128.53150000,1646474399999,340513.16560500,355,69.86350000,185090.00292000,0
1646474400000,2649.08000000,2654.64000000,2633.09000000,2647.56000000,102.43960000,1646477999999,270850.93837100,387,44.40070000,117497.26392500,0
1646478000000,2647.24000000,2656.70000000,2645.39000000,2649.33000000,110.15310000,1646481599999,291976.48861500,299,58.00140000,153811.01224900,0
1646481600000,2649.05000000,2671.70000000,2647.91000000,2654.71000000,155.23020000,1646485199999,412819.63259200,478,81.08540000,215596.71160800,0
1646485200000,2653.00000000,2654.46000000,2631.73000000,2635.23000000,126.30810000,1646488799999,333750.39142600,476,67.66460000,178796.72965600,0
1646488800000,2637.51000000,2653.59000000,2627.87000000,2642.63000000,115.31790000,1646492399999,304501.39279800,390,66.52600000,175638.65385100,0
1646492400000,2642.52000000,2648.61000000,2637.71000000,2644.55000000,73.86380000,1646495999999,195253.62584100,228,39.50340000,104426.67478200,0
1646496000000,2644.55000000,2686.87000000,2641.20000000,2661.53000000,241.06090000,1646499599999,640828.70731600,661,127.11080000,337656.28129600,0
1646499600000,2658.42000000,2673.43000000,2658.28000000,2669.24000000,108.05390000,1646503199999,288461.13458600,291,48.81350000,130296.05213500,0
1646503200000,2668.81000000,2669.49000000,2656.91000000,2668.78000000,65.58090000,1646506799999,174632.57815200,220,32.39220000,86322.31421100,0
1646506800000,2667.55000000,2676.17000000,2664.97000000,2672.19000000,43.72060000,1646510399999,116776.22578200,141,30.58110000,81680.95251200,0
1646510400000,2669.07000000,2681.86000000,2664.70000000,2666.94000000,143.85710000,1646513999999,384543.47820100,337,82.90980000,221745.59893000,0
1646514000000,2667.45000000,2668.97000000,2652.46000000,2652.48000000,50.81780000,1646517599999,135263.40367100,250,19.49220000,51931.02009900,0
1646517600000,2656.96000000,2671.40000000,2651.13000000,2671.15000000,28.58320000,1646521199999,75990.80692400,164,14.69780000,39105.87841300,0
1646521200000,2667.99000000,2668.76000000,2655.67000000,2666.27000000,41.27370000,1646524799999,109819.08071900,135,10.06510000,26800.84276100,0
1646524800000,2665.30000000,2676.25000000,2663.67000000,2672.87000000,28.28180000,1646528399999,75518.30828100,183,16.40920000,43814.55499400,0
1646528400000,2671.47000000,2672.38000000,2660.59000000,2660.81000000,41.67920000,1646531999999,111149.09249900,153,30.25200000,80672.48137800,0
1646532000000,2660.60000000,2666.73000000,2654.79000000,2662.65000000,55.74930000,1646535599999,148270.85121100,155,23.45600000,62357.83967500,0
1646535600000,2663.87000000,2666.14000000,2635.00000000,2636.94000000,108.95180000,1646539199999,288353.48064500,341,60.91860000,161190.57420600,0
1646539200000,2639.12000000,2657.56000000,2617.43000000,2645.70000000,148.71240000,1646542799999,391889.39234500,535,69.16510000,182246.74559400,0
1646542800000,2647.44000000,2657.72000000,2645.19000000,2650.90000000,29.40570000,1646546399999,77962.89030100,122,19.22770000,50971.38404100,0
1646546400000,2650.91000000,2660.33000000,2644.86000000,2646.39000000,184.46180000,1646549999999,489718.66960300,289,60.67510000,160950.93154800,0
1646550000000,2647.85000000,2650.62000000,2636.47000000,2645.60000000,40.74710000,1646553599999,107780.06760200,168,20.93700000,55385.65659500,0
1646553600000,2644.91000000,2648.54000000,2634.85000000,2638.69000000,161.06900000,1646557199999,425312.49697900,341,107.69440000,284391.01100500,0
1646557200000,2633.97000000,2636.28000000,2608.34000000,2610.81000000,252.39280000,1646560799999,663134.38894900,602,160.85530000,423059.93010300,0
1646560800000,2609.91000000,2612.45000000,2590.64000000,2600.22000000,347.23310000,1646564399999,903184.28773100,1036,148.80250000,387166.81064800,0
1646564400000,2598.68000000,2608.94000000,2589.90000000,2608.94000000,185.58150000,1646567999999,482589.78724000,465,74.26730000,193256.52858500,0
1646568000000,2609.53000000,2622.58000000,2605.96000000,2619.29000000,286.65180000,1646571599999,749090.01025700,714,167.09340000,436676.84824600,0
1646571600000,2619.15000000,2648.39000000,2619.15000000,2638.95000000,408.60900000,1646575199999,1077847.85931800,647,266.79490000,703859.68368700,0
1646575200000,2640.00000000,2641.07000000,2621.69000000,2627.45000000,106.21690000,1646578799999,279299.56323400,357,35.58870000,93598.94982900,0
1646578800000,2627.40000000,2629.58000000,2611.80000000,2627.89000000,164.71500000,1646582399999,431468.92375500,333,99.08600000,259406.07223100,0
1646582400000,2626.59000000,2655.96000000,2620.33000000,2645.86000000,252.63980000,1646585999999,667776.31962200,627,164.73370000,435411.21769100,0
1646586000000,2649.04000000,2649.11000000,2626.81000000,2631.50000000,223.44120000,1646589599999,588462.86394300,518,148.05970000,389810.63901200,0
1646589600000,2631.47000000,2640.06000000,2618.64000000,2623.76000000,298.46560000,1646593199999,784572.32560600,532,183.07750000,481446.22168400,0
1646593200000,2623.66000000,2628.30000000,2604.64000000,2607.94000000,437.14210000,1646596799999,1144286.78122100,773,309.46770000,810441.52497200,0
1646596800000,2606.28000000,2622.55000000,2604.99000000,2616.17000000,208.61570000,1646600399999,545597.82370700,459,173.35030000,453392.27706300,0
1646600400000,2615.95000000,2643.75000000,2614.11000000,2630.12000000,405.22070000,1646603999999,1065060.25083900,793,190.91840000,501658.10485900,0
1646604000000,2631.09000000,2644.75000000,2627.30000000,2627.30000000,248.73330000,1646607599999,655823.46361200,484,122.13800000,321937.11633200,0
1646607600000,2627.95000000,2631.86000000,2532.05000000,2550.39000000,715.41240000,1646611199999,1836718.61265300,1400,279.01700000,716681.01592000,0
1646611200000,2551.15000000,2555.38000000,2513.51000000,2543.22000000,389.42970000,1646614799999,988223.99375400,1015,146.42800000,371550.82510200,0
1646614800000,2541.58000000,2557.40000000,2539.32000000,2547.40000000,94.64770000,1646618399999,241189.81185300,397,55.61090000,141736.56162300,0
1646618400000,2547.48000000,2549.24000000,2507.59000000,2520.36000000,346.39030000,1646621999999,874799.05688100,756,196.92370000,497286.07265800,0
1646622000000,2520.66000000,2529.27000000,2508.30000000,2525.17000000,248.33950000,1646625599999,626195.20220800,480,141.57380000,357156.30080400,0
1646625600000,2525.79000000,2532.02000000,2519.65000000,2528.40000000,150.90550000,1646629199999,380994.69468600,306,78.47920000,198188.22160100,0
1646629200000,2525.95000000,2542.12000000,2519.83000000,2529.07000000,84.36120000,1646632799999,213411.83361100,241,26.27320000,66526.02608600,0
1646632800000,2530.34000000,2539.99000000,2528.47000000,2538.55000000,107.74420000,1646636399999,273164.53318700,241,21.59450000,54750.23555700,0
1646636400000,2539.55000000,2541.43000000,2514.12000000,2519.88000000,102.96620000,1646639999999,260278.98252400,347,46.19310000,116894.85200900,0
1646640000000,2522.73000000,2535.69000000,2492.97000000,2534.82000000,414.48210000,1646643599999,1040517.46810100,858,191.58640000,481394.72983100,0
1646643600000,2534.79000000,2547.09000000,2528.74000000,2531.89000000,116.05350000,1646647199999,294715.19397600,383,45.56450000,115559.04489400,0
1646647200000,2532.44000000,2534.65000000,2518.93000000,2521.57000000,132.02440000,1646650799999,333847.48320700,386,63.93250000,161742.44669600,0
1646650800000,2520.29000000,2543.97000000,2520.16000000,2540.19000000,107.39310000,1646654399999,272257.92026400,312,55.40630000,140508.58946800,0
1646654400000,2540.19000000,2574.97000000,2540.19000000,2560.42000000,427.89340000,1646657999999,1094150.67754300,929,205.39530000,525349.68918700,0
1646658000000,2562.42000000,2628.64000000,2556.99000000,2621.83000000,899.25610000,1646661599999,2339799.00064400,1608,434.99940000,1133597.47695400,0
1646661600000,2623.71000000,2649.11000000,2610.46000000,2610.46000000,447.33960000,1646665199999,1177670.35241000,1127,238.36170000,627551.19725600,0
1646665200000,2610.37000000,2621.13000000,2592.96000000,2617.68000000,441.96340000,1646668799999,1153757.62736500,919,275.95860000,720332.14057600,0
1646668800000,2617.07000000,2640.01000000,2590.52000000,2593.88000000,508.28680000,1646672399999,1329529.64083200,937,266.79990000,698238.78208800,0
1646672400000,2594.66000000,2594.66000000,2568.45000000,2571.06000000,333.64580000,1646675999999,861757.14652000,749,199.94480000,516645.10260300,0
1646676000000,2570.10000000,2570.43000000,2514.77000000,2522.79000000,845.92920000,1646679599999,2145587.81634700,1569,556.49250000,1410350.40972500,0
1646679600000,2521.57000000,2527.18000000,2450.00000000,2460.00000000,1750.62270000,1646683199999,4333943.00398600,2445,688.34300000,1707963.92998800,0
1646683200000,2459.07000000,2486.32000000,2445.00000000,2466.78000000,671.91840000,1646686799999,1655719.88191900,1106,495.00600000,1220453.45904900,0
1646686800000,2469.24000000,2504.59000000,2462.20000000,2483.42000000,434.28050000,1646690399999,1078228.03807600,805,335.08200000,832018.06268900,0
1646690400000,2481.30000000,2527.03000000,2481.30000000,2502.88000000,738.24650000,1646693999999,1847643.05181800,1243,126.76960000,317762.74194200,0
1646694000000,2504.54000000,2526.84000000,2485.65000000,2493.01000000,279.91330000,1646697599999,700827.97048800,598,169.83690000,425407.51849900,0
1646697600000,2492.09000000,2528.01000000,2480.61000000,2516.83000000,413.82190000,1646701199999,1035542.59380600,754,319.62100000,799642.93187100,0
1646701200000,2515.00000000,2548.27000000,2507.12000000,2524.35000000,634.50160000,1646704799999,1605387.79456900,1000,372.59660000,942711.82860500,0
1646704800000,2525.75000000,2571.98000000,2514.59000000,2547.16000000,262.02950000,1646708399999,667979.35156200,672,144.85930000,369152.64299100,0
1646708400000,2549.02000000,2553.87000000,2535.02000000,2550.22000000,766.46510000,1646711999999,1950832.49818800,1043,599.08320000,1524605.13983200,0
1646712000000,2551.57000000,2564.80000000,2537.43000000,2541.56000000,1324.85600000,1646715599999,3384453.16812200,1511,1103.72680000,2819900.46059100,0
1646715600000,2539.40000000,2548.33000000,2514.51000000,2524.04000000,574.61710000,1646719199999,1455156.10742700,785,421.96500000,1069187.49739400,0
1646719200000,2526.00000000,2535.42000000,2496.74000000,2516.20000000,244.28970000,1646722799999,613188.73708000,481,98.39400000,247225.83038600,0
1646722800000,2517.12000000,2545.26000000,2512.43000000,2533.39000000,164.86060000,1646726399999,416485.33800800,451,89.68030000,226522.73570700,0
1646726400000,2536.76000000,2587.60000000,2527.78000000,2569.60000000,316.61480000,1646729999999,812018.13665500,882,175.85820000,451411.78804400,0
1646730000000,2572.56000000,2593.25000000,2566.06000000,2583.38000000,208.67710000,1646733599999,538140.32316500,554,75.21240000,193994.94367700,0
1646733600000,2585.72000000,2609.12000000,2568.29000000,2597.77000000,365.62410000,1646737199999,946359.29251600,799,213.97730000,554345.67688500,0
1646737200000,2597.18000000,2600.57000000,2571.63000000,2587.22000000,218.68500000,1646740799999,566510.46224100,461,160.15860000,415081.94492800,0
1646740800000,2591.11000000,2600.27000000,2566.23000000,2577.00000000,223.08950000,1646744399999,577031.51209700,565,105.17700000,271890.65612900,0
1646744400000,2576.85000000,2595.60000000,2556.88000000,2587.48000000,251.44730000,1646747999999,648839.32812900,701,95.33430000,245675.32241200,0
1646748000000,2588.16000000,2609.11000000,2562.03000000,2575.87000000,648.06840000,1646751599999,1674674.32851200,1545,373.91220000,966332.76127300,0
1646751600000,2572.26000000,2580.15000000,2532.63000000,2560.05000000,254.40140000,1646755199999,650169.46555200,777,134.50620000,343756.71360400,0
1646755200000,2560.70000000,2588.49000000,2524.95000000,2539.78000000,1092.75320000,1646758799999,2778225.07293500,1749,289.17010000,737836.92048000,0
1646758800000,2540.83000000,2605.72000000,2540.04000000,2593.72000000,531.54280000,1646762399999,1374249.85391500,1471,201.58820000,521125.77704400,0
1646762400000,2593.83000000,2624.72000000,2568.91000000,2571.88000000,927.08420000,1646765999999,2416529.47374300,1559,422.57920000,1101192.06395100,0
1646766000000,2571.85000000,2584.60000000,2555.23000000,2580.76000000,418.13940000,1646769599999,1073664.44054700,808,256.05330000,657611.16413500,0
1646769600000,2581.41000000,2589.68000000,2547.58000000,2553.32000000,392.39260000,1646773199999,1008897.01943500,721,88.06580000,225998.35138700,0
1646773200000,2554.24000000,2563.61000000,2548.84000000,2559.33000000,116.77350000,1646776799999,298600.82088000,392,78.40440000,200503.25493300,0
1646776800000,2558.19000000,2575.62000000,2557.33000000,2571.84000000,44.69040000,1646780399999,114799.98332400,222,26.11770000,67082.36115800,0
1646780400000,2571.49000000,2587.25000000,2571.49000000,2576.80000000,96.86250000,1646783999999,249735.63223800,202,57.69470000,148833.17252600,0
1646784000000,2576.17000000,2589.78000000,2568.29000000,2586.61000000,183.23890000,1646787599999,471738.71530600,457,51.50620000,132816.67319000,0
1646787600000,2589.37000000,2626.14000000,2587.00000000,2620.00000000,427.92010000,1646791199999,1119073.27697000,889,232.79620000,608862.13997800,0
1646791200000,2620.00000000,2634.67000000,2606.81000000,2621.20000000,358.16260000,1646794799999,938260.20969400,649,116.07860000,304210.37571200,0
1646794800000,2623.30000000,2717.89000000,2618.23000000,2697.89000000,2500.32290000,1646798399999,6686413.53815900,2810,1915.59820000,5121829.25006600,0
1646798400000,2703.66000000,2730.00000000,2699.29000000,2719.14000000,814.49710000,1646801999999,2210016.62050000,1526,430.41910000,1168260.39041500,0
1646802000000,2720.00000000,2725.13000000,2703.60000000,2714.56000000,291.99240000,1646805599999,791856.40176300,665,100.21450000,271964.36218900,0
1646805600000,2716.33000000,2727.17000000,2705.84000000,2720.70000000,519.33390000,1646809199999,1409145.29101300,735,284.86750000,772090.31885700,0
1646809200000,2722.25000000,2749.14000000,2717.31000000,2746.17000000,463.86280000,1646812799999,1269778.01834500,909,235.86380000,645635.15871800,0
1646812800000,2746.73000000,2775.00000000,2723.29000000,2755.71000000,684.31180000,1646816399999,1878350.05807200,1365,243.87110000,670251.18130000,0
1646816400000,2756.88000000,2768.39000000,2752.25000000,2755.03000000,320.38220000,1646819999999,883963.86094800,679,140.19480000,387003.33231500,0
1646820000000,2754.93000000,2760.75000000,2744.18000000,2755.89000000,216.54390000,1646823599999,596047.45092500,484,118.75440000,326793.01535000,0
1646823600000,2758.50000000,2763.49000000,2727.36000000,2746.05000000,804.26220000,1646827199999,2207796.78208600,1040,410.20410000,1125872.72660700,0
1646827200000,2747.53000000,2769.63000000,2730.90000000,2739.11000000,710.55080000,1646830799999,1951383.24509300,1109,327.58410000,899496.18905800,0
1646830800000,2742.98000000,2743.65000000,2711.83000000,2728.63000000,279.24090000,1646834399999,762177.77381000,756,139.17930000,379770.21755600,0
1646834400000,2726.95000000,2746.99000000,2726.95000000,2738.55000000,793.71160000,1646837999999,2174087.26464700,1157,443.97550000,1216225.69007300,0
1646838000000,2739.41000000,2765.80000000,2734.05000000,2758.58000000,390.24490000,1646841599999,1072079.24102300,680,160.45070000,440469.85432300,0
1646841600000,2757.09000000,2759.70000000,2741.89000000,2748.12000000,124.44020000,1646845199999,342166.14872100,344,38.91710000,107012.57062100,0
1646845200000,2747.27000000,2751.41000000,2734.71000000,2743.50000000,136.32140000,1646848799999,374019.79793700,315,19.60870000,53789.06413000,0
1646848800000,2743.44000000,2744.54000000,2702.51000000,2710.77000000,221.21560000,1646852399999,601885.11709600,617,81.79240000,222003.13299700,0
1646852400000,2710.37000000,2721.13000000,2681.09000000,2715.66000000,303.32180000,1646855999999,818786.12099500,778,109.37610000,294963.33492100,0
1646856000000,2717.93000000,2728.31000000,2681.05000000,2684.32000000,299.85730000,1646859599999,809763.78082200,549,108.95630000,294335.10403100,0
1646859600000,2686.02000000,2712.04000000,2682.80000000,2709.81000000,153.38460000,1646863199999,413227.48822400,321,83.15280000,224130.54197400,0
1646863200000,2706.59000000,2727.90000000,2705.62000000,2717.72000000,280.31510000,1646866799999,760113.39904200,451,213.56870000,578790.18660300,0
1646866800000,2721.38000000,2735.95000000,2709.86000000,2728.39000000,65.66960000,1646870399999,179190.07217700,197,17.88820000,48739.24584000,0
1646870400000,2728.15000000,2733.17000000,2706.67000000,2710.03000000,103.88410000,1646873999999,282776.92197200,340,46.32450000,126075.60927900,0
1646874000000,2709.88000000,2725.41000000,2654.48000000,2664.18000000,1237.12830000,1646877599999,3304273.89523800,1434,465.99800000,1244226.62010100,0
1646877600000,2664.25000000,2673.81000000,2657.24000000,2660.69000000,353.33470000,1646881199999,942564.68219400,596,218.43230000,582834.25793700,0
1646881200000,2661.37000000,2673.32000000,2654.27000000,2658.97000000,146.87610000,1646884799999,391594.42376100,485,85.92620000,229227.82117500,0
1646884800000,2657.95000000,2664.48000000,2585.61000000,2602.95000000,785.32410000,1646888399999,2055756.34826300,1912,311.67640000,815673.32435900,0
1646888400000,2600.51000000,2606.97000000,2574.20000000,2591.37000000,614.74640000,1646891999999,1594280.22496100,1087,159.56210000,413581.47447400,0
1646892000000,2592.50000000,2598.30000000,2573.58000000,2594.90000000,293.10670000,1646895599999,758818.18683500,595,105.02850000,272006.72883400,0
1646895600000,2594.14000000,2606.89000000,2583.39000000,2593.98000000,358.59890000,1646899199999,930814.36087800,429,220.32490000,571886.20042900,0
1646899200000,2593.83000000,2601.45000000,2575.94000000,2600.26000000,233.43620000,1646902799999,604448.76026200,565,119.09580000,308303.10794800,0
1646902800000,2599.54000000,2611.06000000,2589.62000000,2603.99000000,195.28330000,1646906399999,508201.53853600,635,113.01650000,294037.75713700,0
1646906400000,2600.00000000,2603.84000000,2588.56000000,2592.27000000,253.08960000,1646909999999,656846.93094400,543,179.32550000,465465.04045100,0
1646910000000,2590.79000000,2598.67000000,2584.51000000,2595.04000000,471.29250000,1646913599999,1221890.33836600,829,89.20290000,231143.36029700,0
1646913600000,2594.29000000,2611.97000000,2586.45000000,2601.55000000,222.12060000,1646917199999,577358.72677300,495,138.44950000,359970.83257400,0
1646917200000,2602.73000000,2648.36000000,2554.26000000,2578.04000000,3723.32870000,1646920799999,9598316.32225200,4462,755.70210000,1954485.96745700,0
1646920800000,2575.53000000,2600.27000000,2560.78000000,2596.48000000,440.12220000,1646924399999,1137204.28122200,1045,187.36090000,484038.24118400,0
1646924400000,2597.71000000,2624.94000000,2585.59000000,2598.71000000,372.47500000,1646927999999,970770.63534800,969,200.69630000,522613.09007500,0
1646928000000,2597.21000000,2606.94000000,2585.32000000,2595.40000000,156.50150000,1646931599999,406238.19083400,485,88.14730000,228936.16835500,0
1646931600000,2593.41000000,2604.82000000,2585.92000000,2594.09000000,119.05150000,1646935199999,309220.27480100,384,45.75250000,118852.10200300,0
1646935200000,2590.82000000,2604.44000000,2586.47000000,2598.50000000,136.03270000,1646938799999,353000.23926200,313,83.30850000,216177.65866600,0
1646938800000,2600.18000000,2619.27000000,2593.75000000,2616.29000000,498.19500000,1646942399999,1297747.31736900,788,147.71140000,385061.87620500,0
1646942400000,2615.38000000,2622.01000000,2601.87000000,2621.91000000,319.46530000,1646945999999,833708.55678200,464,184.25450000,480459.24193200,0
1646946000000,2619.11000000,2621.18000000,2602.54000000,2603.95000000,288.71050000,1646949599999,755068.66331500,362,250.16040000,654362.52346100,0
1646949600000,2603.92000000,2615.97000000,2592.76000000,2613.32000000,85.19160000,1646953199999,221910.43072800,296,51.06280000,133045.91584600,0
1646953200000,2614.60000000,2619.61000000,2604.77000000,2607.45000000,62.19590000,1646956799999,162516.09553900,209,37.44280000,97831.05520800,0
1646956800000,2608.61000000,2612.44000000,2587.97000000,2592.84000000,164.09490000,1646960399999,427007.94888200,411,95.86370000,249463.57158500,0
1646960400000,2594.18000000,2594.24000000,2557.65000000,2564.23000000,733.60000000,1646963999999,1885389.68912500,1166,287.37640000,739632.05960100,0
1646964000000,2561.97000000,2570.51000000,2524.81000000,2527.53000000,568.92290000,1646967599999,1445885.85326000,1130,218.99780000,556655.30948400,0
1646967600000,2529.97000000,2555.65000000,2523.81000000,2552.16000000,158.36650000,1646971199999,402158.42723100,463,121.48340000,308523.91689100,0
1646971200000,2552.56000000,2553.28000000,2534.51000000,2541.42000000,131.32090000,1646974799999,334408.79089100,302,57.89290000,147423.79837100,0
1646974800000,2538.89000000,2566.93000000,2537.92000000,2566.64000000,122.72390000,1646978399999,313243.19708000,306,48.78690000,124575.62934900,0
1646978400000,2566.35000000,2593.36000000,2562.29000000,2584.55000000,233.68460000,1646981999999,602023.28625200,661,126.01840000,324642.22662700,0
1646982000000,2585.60000000,2619.69000000,2583.29000000,2606.98000000,471.99000000,1646985599999,1229525.50030300,943,263.42700000,685798.15379700,0
1646985600000,2609.89000000,2614.40000000,2591.59000000,2601.99000000,112.68550000,1646989199999,293402.15308100,328,58.46870000,152234.91453200,0
1646989200000,2597.84000000,2610.16000000,2592.34000000,2601.92000000,118.00640000,1646992799999,307291.77433500,374,27.40760000,71347.25244200,0
1646992800000,2602.91000000,2609.19000000,2588.37000000,2603.24000000,326.55520000,1646996399999,849506.68122300,484,145.57580000,378776.04871700,0
1646996400000,2600.70000000,2670.84000000,2581.31000000,2653.96000000,671.16650000,1646999999999,1765406.53188700,1958,295.89650000,778049.55114900,0
1647000000000,2657.03000000,2678.56000000,2644.66000000,2654.47000000,379.60090000,1647003599999,1009141.62855400,1039,177.57420000,472165.61845700,0
1647003600000,2655.65000000,2656.43000000,2612.23000000,2620.49000000,369.67510000,1647007199999,972479.81831700,968,134.28080000,352907.88894900,0
1647007200000,2619.24000000,2636.74000000,2603.49000000,2608.79000000,292.96350000,1647010799999,767219.37698400,813,130.80590000,342621.06738900,0
1647010800000,2610.44000000,2610.44000000,2568.29000000,2581.20000000,569.01590000,1647014399999,1470438.77403200,1231,316.51250000,818694.01054300,0
1647014400000,2582.02000000,2582.02000000,2551.86000000,2559.58000000,411.11620000,1647017999999,1053428.64584800,962,247.32500000,633559.50201200,0
1647018000000,2559.32000000,2568.81000000,2545.96000000,2565.21000000,293.78600000,1647021599999,751369.09102900,710,125.86260000,321959.52631000,0
1647021600000,2565.15000000,2572.71000000,2555.91000000,2556.37000000,163.54970000,1647025199999,419536.12010700,419,75.89650000,194666.62698600,0
1647025200000,2556.19000000,2567.16000000,2552.38000000,2557.04000000,144.53760000,1647028799999,370000.16488500,397,106.79880000,273400.24283700,0
1647028800000,2556.96000000,2563.07000000,2527.37000000,2529.32000000,925.83410000,1647032399999,2358810.39038200,1141,729.53730000,1858578.11684400,0
1647032400000,2534.02000000,2588.62000000,2532.58000000,2571.64000000,1040.03140000,1647035999999,2667165.58268900,1473,452.19390000,1156394.70331000,0
1647036000000,2572.37000000,2580.74000000,2567.14000000,2569.22000000,188.37450000,1647039599999,484791.62590900,404,114.03290000,293498.74169800,0
1647039600000,2569.20000000,2571.56000000,2555.86000000,2556.73000000,75.02710000,1647043199999,192497.82385900,212,59.22660000,151962.44220100,0
1647043200000,2557.46000000,2583.43000000,2553.98000000,2580.96000000,106.34110000,1647046799999,272997.53494900,312,54.48080000,139842.00800400,0
1647046800000,2583.56000000,2596.44000000,2577.17000000,2589.36000000,126.62170000,1647050399999,327611.60361000,384,55.59800000,143923.44060900,0
1647050400000,2590.81000000,2597.23000000,2577.78000000,2580.46000000,181.57250000,1647053999999,470615.75697000,321,82.82200000,214666.74563900,0
1647054000000,2580.85000000,2595.60000000,2580.85000000,2584.79000000,141.69580000,1647057599999,366880.65954300,310,68.70810000,177940.12765000,0
1647057600000,2584.35000000,2590.52000000,2568.89000000,2582.85000000,158.61410000,1647061199999,409342.37576300,325,36.50390000,94291.51484000,0
1647061200000,2582.76000000,2594.00000000,2578.21000000,2587.47000000,34.98560000,1647064799999,90512.32023400,179,11.10950000,28743.50748700,0
1647064800000,2591.56000000,2600.00000000,2583.61000000,2584.42000000,264.35180000,1647068399999,685738.62086000,542,130.57880000,338884.36672900,0
1647068400000,2587.08000000,2592.02000000,2581.20000000,2588.26000000,56.49880000,1647071999999,146180.98316500,199,22.05070000,57050.25241000,0
1647072000000,2590.24000000,2590.98000000,2574.20000000,2581.72000000,50.34700000,1647075599999,129934.64804500,221,24.78210000,63929.50252600,0
1647075600000,2581.19000000,2592.37000000,2578.81000000,2585.07000000,91.65700000,1647079199999,237112.38325900,248,40.55780000,104913.44782500,0
1647079200000,2590.38000000,2592.66000000,2581.31000000,2588.45000000,44.15950000,1647082799999,114309.01031800,155,33.63360000,87097.21640200,0
1647082800000,2586.86000000,2588.69000000,2575.00000000,2579.52000000,64.24120000,1647086399999,165974.68888900,219,29.31040000,75743.35268000,0
1647086400000,2580.45000000,2590.44000000,2576.31000000,2588.35000000,41.14770000,1647089999999,106253.02417800,157,25.27790000,65273.73267900,0
1647090000000,2588.35000000,2596.44000000,2583.52000000,2585.11000000,108.46290000,1647093599999,280828.82322000,271,26.18920000,67843.91150400,0
1647093600000,2584.72000000,2588.49000000,2562.03000000,2572.75000000,206.86260000,1647097199999,532001.89245900,400,64.69640000,166465.91746300,0
1647097200000,2571.75000000,2591.22000000,2568.18000000,2586.82000000,108.17610000,1647100799999,278847.11824200,340,29.07980000,74923.81795400,0
1647100800000,2585.05000000,2596.69000000,2581.74000000,2595.72000000,351.93290000,1647104399999,912917.90140000,577,256.00730000,664190.95613000,0
1647104400000,2595.64000000,2615.23000000,2588.17000000,2589.86000000,376.36130000,1647107999999,979953.18278700,757,200.96740000,523257.76641600,0
1647108000000,2589.86000000,2589.86000000,2578.40000000,2583.11000000,70.00890000,1647111599999,181020.72067200,228,24.74080000,63976.98167800,0
1647111600000,2582.26000000,2584.35000000,2575.91000000,2578.85000000,42.12740000,1647115199999,108692.24676300,176,27.12630000,69992.15760600,0
1647115200000,2578.67000000,2592.53000000,2575.68000000,2587.43000000,57.92560000,1647118799999,149607.66176300,202,19.94870000,51544.21013300,0
1647118800000,2589.49000000,2592.81000000,2585.85000000,2587.23000000,29.40690000,1647122399999,76175.72772500,120,9.96190000,25813.25457200,0
1647122400000,2587.25000000,2593.48000000,2584.79000000,2588.70000000,109.51300000,1647125999999,283767.10897600,220,22.61050000,58558.90107200,0
1647126000000,2589.41000000,2590.98000000,2563.01000000,2567.93000000,463.43200000,1647129599999,1193691.94553400,490,134.55920000,346137.61724700,0
1647129600000,2568.88000000,2575.02000000,2559.20000000,2567.09000000,203.68690000,1647133199999,523424.30569900,358,119.25640000,306536.18315500,0
1647133200000,2572.48000000,2597.95000000,2570.96000000,2586.99000000,377.66240000,1647136799999,977389.04845900,674,283.72100000,734174.86615300,0
1647136800000,2586.38000000,2602.66000000,2586.38000000,2591.68000000,335.61670000,1647140399999,870399.93787100,437,231.45140000,600247.42480300,0
1647140400000,2596.52000000,2596.52000000,2589.31000000,2591.59000000,18.56090000,1647143999999,48107.07712900,90,9.70580000,25167.09101400,0
1647144000000,2593.65000000,2596.76000000,2585.54000000,2588.03000000,62.76350000,1647147599999,162467.64822600,176,24.18220000,62638.63045900,0
1647147600000,2588.66000000,2590.17000000,2582.90000000,2582.90000000,26.46170000,1647151199999,68465.97671200,85,12.96830000,33568.72654100,0
1647151200000,2583.01000000,2590.53000000,2581.56000000,2590.53000000,30.26640000,1647154799999,78272.23673400,111,24.97130000,64594.75324000,0
1647154800000,2588.70000000,2591.99000000,2580.80000000,2580.80000000,46.44850000,1647158399999,120187.12568800,144,35.19870000,91103.87135500,0
1647158400000,2582.05000000,2584.56000000,2575.91000000,2580.09000000,44.22990000,1647161999999,114111.76128900,185,18.45350000,47614.10398400,0
1647162000000,2580.04000000,2581.13000000,2571.06000000,2579.79000000,60.61880000,1647165599999,156128.05434100,251,24.11270000,62122.33927900,0
1647165600000,2580.26000000,2589.40000000,2580.26000000,2589.40000000,78.87400000,1647169199999,203927.73770000,237,55.85000000,144409.86737000,0
1647169200000,2589.53000000,2595.85000000,2565.40000000,2573.64000000,184.97630000,1647172799999,476100.65884000,465,27.45350000,70796.68219300,0
1647172800000,2573.28000000,2575.16000000,2534.28000000,2543.45000000,408.16140000,1647176399999,1039486.02098800,973,184.80160000,470850.11370500,0
1647176400000,2538.89000000,2571.13000000,2538.60000000,2561.07000000,242.28280000,1647179999999,620176.59614100,571,117.87220000,301857.24683700,0
1647180000000,2561.07000000,2571.67000000,2558.27000000,2567.28000000,175.86500000,1647183599999,450789.41769000,388,101.22850000,259387.72725500,0
1647183600000,2567.09000000,2590.43000000,2565.87000000,2581.23000000,166.58570000,1647187199999,429872.81738500,523,101.89740000,262952.12788500,0
1647187200000,2578.66000000,2586.30000000,2571.06000000,2583.85000000,80.99940000,1647190799999,208932.91911100,265,37.54250000,96794.51329900,0
1647190800000,2583.83000000,2586.62000000,2577.42000000,2579.29000000,130.23210000,1647194399999,336217.26870100,284,54.83700000,141575.20802200,0
1647194400000,2579.55000000,2585.79000000,2577.08000000,2581.50000000,107.43490000,1647197999999,277473.84370200,237,84.78590000,219023.96008200,0
1647198000000,2584.23000000,2584.85000000,2559.78000000,2563.59000000,122.52660000,1647201599999,314630.71732900,245,29.89340000,76847.40388900,0
1647201600000,2562.04000000,2562.04000000,2545.01000000,2546.74000000,95.69770000,1647205199999,244368.97279700,353,51.17190000,130648.02025700,0
1647205200000,2545.62000000,2562.28000000,2543.34000000,2559.51000000,148.01150000,1647208799999,377880.98505300,456,87.68720000,223793.11372600,0
1647208800000,2563.32000000,2574.53000000,2500.07000000,2508.07000000,532.03770000,1647212399999,1344970.94531300,1369,181.01600000,458736.04116200,0
1647212400000,2505.08000000,2523.22000000,2492.48000000,2515.84000000,368.52990000,1647215999999,923079.06631000,784,158.03150000,396300.45037500,0
1647216000000,2515.65000000,2526.02000000,2498.69000000,2519.92000000,239.92220000,1647219599999,602266.24380500,701,125.86840000,315793.59945700,0
1647219600000,2519.20000000,2546.01000000,2519.17000000,2529.81000000,209.32080000,1647223199999,530122.16733000,557,115.33030000,291904.21774300,0
1647223200000,2527.32000000,2534.74000000,2524.07000000,2528.63000000,84.33820000,1647226799999,213161.74505200,246,24.88860000,62903.68141400,0
1647226800000,2524.96000000,2538.86000000,2518.78000000,2533.54000000,213.09230000,1647230399999,538618.17020900,442,120.63050000,305211.99134800,0
1647230400000,2536.29000000,2605.06000000,2534.59000000,2571.22000000,976.73130000,1647233999999,2518256.75345500,1935,717.06110000,1849229.59758600,0
1647234000000,2571.95000000,2580.82000000,2564.79000000,2566.70000000,118.36030000,1647237599999,304480.32625200,344,57.40500000,147592.62066700,0
1647237600000,2568.75000000,2582.70000000,2567.45000000,2575.54000000,46.37740000,1647241199999,119395.00350500,239,22.48890000,57912.04825400,0
1647241200000,2574.95000000,2593.90000000,2573.62000000,2587.39000000,88.65610000,1647244799999,229231.93219100,361,37.79770000,97710.79735500,0
1647244800000,2588.08000000,2604.93000000,2583.54000000,2593.99000000,208.05710000,1647248399999,539299.50463300,593,115.39910000,299150.13972200,0
1647248400000,2595.92000000,2609.58000000,2587.26000000,2596.72000000,266.16890000,1647251999999,691398.99056800,557,119.90030000,311578.80722800,0
1647252000000,2597.51000000,2599.86000000,2584.18000000,2593.43000000,187.28680000,1647255599999,485356.18471000,351,97.79720000,253569.53232100,0
1647255600000,2593.60000000,2594.40000000,2576.06000000,2580.40000000,241.32040000,1647259199999,624014.42183600,376,144.05860000,372634.97019300,0
1647259200000,2579.08000000,2584.57000000,2566.74000000,2573.39000000,289.74550000,1647262799999,745525.96865200,651,122.45890000,315207.11369600,0
1647262800000,2572.67000000,2581.28000000,2555.95000000,2577.55000000,176.59990000,1647266399999,453243.88460200,545,110.49410000,283408.05018500,0
1647266400000,2574.17000000,2592.66000000,2571.58000000,2586.54000000,169.25760000,1647269999999,437242.27354000,513,88.61680000,228896.29289400,0
1647270000000,2587.78000000,2592.20000000,2566.26000000,2572.98000000,273.32500000,1647273599999,703862.60810800,533,169.89420000,437366.93604300,0
1647273600000,2573.22000000,2581.94000000,2559.41000000,2560.62000000,256.38670000,1647277199999,658942.17743500,481,209.41390000,538218.44064900,0
1647277200000,2560.77000000,2561.07000000,2533.41000000,2537.56000000,375.28480000,1647280799999,955443.18514900,984,222.07410000,565154.94335200,0
1647280800000,2535.25000000,2544.18000000,2516.00000000,2529.57000000,4760.78110000,1647284399999,12032994.85276000,4541,551.93830000,1394680.71910400,0
1647284400000,2529.96000000,2538.07000000,2523.74000000,2535.11000000,212.39710000,1647287999999,537463.01384400,565,152.51790000,385900.55031400,0
1647288000000,2536.70000000,2545.71000000,2523.12000000,2526.16000000,188.38010000,1647291599999,477847.73504800,577,128.76210000,326468.94081100,0
1647291600000,2527.08000000,2541.47000000,2523.07000000,2537.13000000,66.46210000,1647295199999,168365.38615400,241,25.49400000,64554.46626200,0
1647295200000,2542.43000000,2591.19000000,2538.02000000,2570.27000000,366.97520000,1647298799999,942653.90315400,1156,209.38180000,537815.12979400,0
1647298800000,2571.42000000,2596.74000000,2571.42000000,2591.99000000,298.92250000,1647302399999,772888.70508400,709,157.89660000,408502.60098400,0
1647302400000,2589.95000000,2602.05000000,2576.97000000,2588.83000000,348.95720000,1647305999999,904271.56592300,847,175.83740000,455604.46296000,0
1647306000000,2588.61000000,2589.71000000,2537.72000000,2545.04000000,379.11210000,1647309599999,970393.45376400,1159,206.13550000,527249.74299200,0
1647309600000,2544.77000000,2571.08000000,2544.77000000,2563.37000000,162.83770000,1647313199999,417058.64234800,562,90.67530000,232049.81731800,0
1647313200000,2562.61000000,2565.88000000,2537.96000000,2544.62000000,215.38820000,1647316799999,549511.01744300,1172,80.87500000,206397.59314000,0
1647316800000,2542.83000000,2553.27000000,2539.32000000,2546.55000000,207.29900000,1647320399999,528047.33601500,1034,112.09760000,285632.82100100,0
1647320400000,2546.04000000,2552.77000000,2541.50000000,2550.12000000,130.53120000,1647323999999,332502.26853300,1115,39.94900000,101778.36120800,0
1647324000000,2548.67000000,2563.47000000,2543.18000000,2543.60000000,258.51060000,1647327599999,659857.46660400,1241,109.79880000,280445.61402600,0
1647327600000,2544.32000000,2544.32000000,2508.22000000,2532.33000000,274.51800000,1647331199999,693410.22560200,1818,80.77270000,204038.50294200,0
1647331200000,2532.18000000,2535.38000000,2514.91000000,2516.53000000,439.63540000,1647334799999,1108279.36639100,1717,179.52290000,452353.07664100,0
1647334800000,2517.25000000,2536.29000000,2510.54000000,2529.15000000,147.71600000,1647338399999,372909.82024700,1020,59.66720000,150544.59335300,0
1647338400000,2529.47000000,2539.50000000,2526.98000000,2535.49000000,137.68040000,1647341999999,348722.49370000,892,48.44130000,122706.16422800,0
1647342000000,2536.45000000,2545.07000000,2530.39000000,2536.08000000,197.65450000,1647345599999,501489.49775900,933,68.54750000,173874.88457600,0
1647345600000,2535.62000000,2550.57000000,2530.50000000,2549.47000000,318.56190000,1647349199999,809140.17590800,1192,164.09640000,416818.31318700,0
1647349200000,2548.89000000,2549.76000000,2520.99000000,2535.24000000,1561.35260000,1647352799999,3955773.32068100,2516,935.34030000,2367274.71591000,0
1647352800000,2534.92000000,2569.97000000,2531.50000000,2558.26000000,2370.92700000,1647356399999,6047097.80731400,3451,1880.53100000,4795127.95262900,0
1647356400000,2558.61000000,2592.65000000,2555.29000000,2572.91000000,2441.89540000,1647359999999,6285489.64852500,3601,1645.74470000,4235702.01879800,0
1647360000000,2572.58000000,2620.86000000,2567.85000000,2603.27000000,3025.50010000,1647363599999,7848810.31356700,4399,2241.26210000,5811461.95175600,0
1647363600000,2602.63000000,2607.63000000,2581.53000000,2599.96000000,2041.48090000,1647367199999,5293729.89445500,2946,1482.64330000,3843954.74349700,0
1647367200000,2599.99000000,2637.81000000,2592.15000000,2626.26000000,2306.57120000,1647370799999,6011288.88317100,3254,1713.64100000,4464141.66522700,0
1647370800000,2627.16000000,2661.51000000,2627.16000000,2659.47000000,3168.16870000,1647374399999,8402179.42158000,3948,2555.57450000,6777791.13559400,0
1647374400000,2659.19000000,2669.09000000,2622.09000000,2625.18000000,1426.14830000,1647377999999,3768194.23426800,2734,790.55580000,2091640.78404000,0
1647378000000,2625.30000000,2635.35000000,2606.18000000,2632.78000000,563.83620000,1647381599999,1479080.05707600,1555,264.22760000,692686.24010200,0
1647381600000,2632.77000000,2643.98000000,2619.22000000,2622.12000000,203.05590000,1647385199999,534010.49576100,1136,67.04660000,176327.05664700,0
1647385200000,2622.75000000,2632.14000000,2613.08000000,2618.39000000,174.38530000,1647388799999,457035.72881200,1029,58.34920000,152914.35385500,0
1647388800000,2618.30000000,2630.32000000,2603.67000000,2611.01000000,643.78550000,1647392399999,1685587.58747800,1574,310.04720000,813028.46545300,0
1647392400000,2611.00000000,2650.21000000,2608.45000000,2644.18000000,293.72970000,1647395999999,774266.14348900,1258,134.82770000,355714.72633300,0
1647396000000,2643.57000000,2732.95000000,2642.36000000,2692.02000000,1444.70100000,1647399599999,3907133.25758700,4019,639.10240000,1729048.32294100,0
1647399600000,2692.12000000,2694.74000000,2606.16000000,2620.66000000,1362.35850000,1647403199999,3594850.97694300,3269,463.28220000,1221539.27334700,0
1647403200000,2618.84000000,2629.23000000,2607.27000000,2620.41000000,289.19070000,1647406799999,757378.40661000,1389,109.33100000,286280.33800200,0
1647406800000,2619.51000000,2633.43000000,2613.17000000,2628.60000000,632.74560000,1647410399999,1658872.46714400,1662,480.17270000,1258930.83944400,0
1647410400000,2628.33000000,2648.48000000,2626.61000000,2646.92000000,182.39980000,1647413999999,481554.76354900,1149,47.70700000,125935.02446500,0
1647414000000,2647.40000000,2649.69000000,2635.43000000,2646.06000000,237.39270000,1647417599999,627298.75024100,1169,84.12640000,222214.17583100,0
1647417600000,2646.49000000,2686.31000000,2645.16000000,2675.59000000,690.60820000,1647421199999,1839558.13031900,2095,255.35220000,680511.65052800,0
1647421200000,2676.12000000,2694.61000000,2670.68000000,2685.30000000,1511.61590000,1647424799999,4046037.41646600,2467,187.83600000,503480.37581500,0
1647424800000,2685.19000000,2695.90000000,2672.61000000,2675.66000000,931.24910000,1647428399999,2496617.52421500,1560,253.11850000,678627.80141400,0
1647428400000,2675.10000000,2704.35000000,2671.18000000,2688.32000000,305.14780000,1647431999999,820687.50172700,1261,93.71790000,252253.93470000,0
1647432000000,2688.32000000,2698.97000000,2669.77000000,2671.85000000,1069.74390000,1647435599999,2858888.74832500,1760,131.95900000,353646.72842200,0
1647435600000,2671.85000000,2690.93000000,2663.29000000,2684.32000000,862.33910000,1647439199999,2308763.57473500,1400,178.24150000,477025.61171600,0
1647439200000,2683.93000000,2718.26000000,2673.34000000,2710.97000000,773.24840000,1647442799999,2089734.57436900,2026,335.00090000,905707.19757600,0
1647442800000,2711.67000000,2724.59000000,2699.92000000,2705.93000000,291.10460000,1647446399999,789419.41560800,700,160.75140000,435736.35897800,0
1647446400000,2705.67000000,2723.58000000,2683.05000000,2692.46000000,2826.61180000,1647449999999,7619040.81749000,2776,387.18630000,1045211.89718900,0
1647450000000,2690.72000000,2713.08000000,2675.16000000,2704.49000000,421.19680000,1647453599999,1135613.56797500,847,242.81300000,655280.62352700,0
1647453600000,2705.25000000,2717.00000000,2634.24000000,2677.34000000,2055.99030000,1647457199999,5481595.68350200,4040,872.44170000,2324583.87399500,0
1647457200000,2677.69000000,2758.17000000,2670.74000000,2753.38000000,996.05740000,1647460799999,2719032.84498700,2708,488.17240000,1332665.41458700,0
1647460800000,2753.73000000,2790.00000000,2741.52000000,2772.38000000,1164.24000000,1647464399999,3229931.85759900,2437,398.68690000,1105518.65048000,0
1647464400000,2774.77000000,2787.58000000,2757.86000000,2767.00000000,433.21140000,1647467999999,1200656.38496100,1475,209.79490000,580867.52522500,0
1647468000000,2767.00000000,2771.38000000,2744.49000000,2747.33000000,374.85340000,1647471599999,1033216.97063300,1382,159.87560000,440643.96399200,0
1647471600000,2747.33000000,2777.10000000,2743.78000000,2773.62000000,152.97460000,1647475199999,423191.53613500,1134,51.62990000,142901.12371600,0
1647475200000,2773.63000000,2784.38000000,2753.75000000,2768.04000000,369.07300000,1647478799999,1020937.80411300,1637,145.11900000,401411.16862200,0
1647478800000,2768.76000000,2788.56000000,2753.74000000,2774.61000000,250.51890000,1647482399999,693489.80620900,1190,95.68740000,264924.48767100,0
1647482400000,2773.06000000,2782.13000000,2763.79000000,2776.15000000,548.86620000,1647485999999,1521060.55301400,1538,312.82780000,867264.57284800,0
1647486000000,2776.15000000,2779.07000000,2765.32000000,2767.20000000,1312.09840000,1647489599999,3633334.96984100,1861,1122.95490000,3109119.91446200,0
1647489600000,2766.89000000,2775.74000000,2756.63000000,2774.31000000,2412.76300000,1647493199999,6668316.86700100,2687,2049.51050000,5663946.29069900,0
1647493200000,2772.76000000,2776.36000000,2757.71000000,2760.86000000,215.67680000,1647496799999,596000.10239300,996,82.54780000,228137.64785700,0
1647496800000,2761.13000000,2766.76000000,2747.87000000,2753.51000000,234.79930000,1647500399999,647679.62958900,1169,72.44820000,199741.77554600,0
1647500400000,2753.71000000,2764.44000000,2749.00000000,2756.02000000,335.72660000,1647503999999,926082.26998000,1034,85.28260000,235292.22172900,0
1647504000000,2757.17000000,2774.00000000,2753.81000000,2770.42000000,235.69420000,1647507599999,652037.31192900,1180,97.87170000,270946.99118700,0
1647507600000,2770.42000000,2773.83000000,2762.99000000,2768.94000000,389.72730000,1647511199999,1079146.60051200,1169,59.48050000,164738.24348700,0
1647511200000,2769.53000000,2777.12000000,2751.92000000,2772.61000000,636.67370000,1647514799999,1761778.13334500,1325,132.98490000,367965.07810800,0
1647514800000,2771.91000000,2780.11000000,2764.81000000,2776.18000000,601.73250000,1647518399999,1669439.41626400,1416,145.72190000,404306.83395900,0
1647518400000,2775.94000000,2819.99000000,2772.47000000,2807.05000000,568.45040000,1647521999999,1590293.23269600,2237,243.73030000,682155.58581000,0
1647522000000,2807.84000000,2825.49000000,2791.19000000,2818.98000000,601.59040000,1647525599999,1689991.33607500,1710,220.16760000,619617.39133200,0
1647525600000,2819.85000000,2838.58000000,2795.40000000,2800.40000000,722.47860000,1647529199999,2037209.53990400,2095,321.83030000,907311.80863500,0
1647529200000,2801.32000000,2822.58000000,2796.37000000,2801.52000000,541.59750000,1647532799999,1522172.40286200,1472,288.68050000,811508.12790500,0
1647532800000,2803.60000000,2815.27000000,2789.53000000,2796.08000000,428.05460000,1647536399999,1198136.94969100,1314,286.20720000,800577.24950600,0
1647536400000,2796.33000000,2813.31000000,2775.50000000,2807.83000000,575.75250000,1647539999999,1609581.88854300,1705,171.67750000,479959.73530700,0
1647540000000,2807.99000000,2818.14000000,2805.66000000,2814.48000000,433.49830000,1647543599999,1218349.45702900,1235,281.64930000,791227.55430900,0
1647543600000,2814.10000000,2837.35000000,2809.03000000,2830.29000000,624.70220000,1647547199999,1762282.71861500,1804,185.90310000,525032.12923000,0
1647547200000,2829.44000000,2829.61000000,2800.47000000,2807.58000000,390.50730000,1647550799999,1097364.48639500,1383,119.97920000,337059.67063000,0
1647550800000,2807.62000000,2821.93000000,2802.20000000,2820.36000000,171.41180000,1647554399999,482172.15470200,1007,93.79710000,263897.86135100,0
1647554400000,2821.99000000,2824.12000000,2810.14000000,2819.73000000,131.88750000,1647557999999,371679.34801100,899,39.14020000,110298.79422100,0
1647558000000,2819.68000000,2821.42000000,2810.17000000,2813.34000000,124.24840000,1647561599999,349824.01731600,835,44.20000000,124418.47566400,0
1647561600000,2812.61000000,2814.88000000,2768.21000000,2775.18000000,561.64500000,1647565199999,1567709.56661000,2047,224.09790000,625342.31789700,0
1647565200000,2774.65000000,2789.53000000,2769.01000000,2788.12000000,287.42890000,1647568799999,798764.99357600,1196,94.50440000,262648.29955000,0
1647568800000,2788.69000000,2789.87000000,2777.88000000,2783.54000000,118.60820000,1647572399999,330095.16635900,1081,36.84290000,102577.27780100,0
1647572400000,2784.09000000,2789.11000000,2770.90000000,2777.68000000,205.13600000,1647575999999,570394.24261300,1337,85.31850000,237265.22922900,0
1647576000000,2778.08000000,2783.24000000,2771.73000000,2781.19000000,91.86400000,1647579599999,255324.69286500,1007,45.09600000,125357.02246100,0
1647579600000,2781.18000000,2808.14000000,2781.18000000,2802.91000000,286.82460000,1647583199999,801587.40653600,1280,146.61580000,409852.41416600,0
1647583200000,2803.10000000,2810.33000000,2795.99000000,2800.13000000,189.18890000,1647586799999,530372.63695200,1104,108.20430000,303302.20407500,0
1647586800000,2800.34000000,2804.78000000,2790.84000000,2794.84000000,172.63130000,1647590399999,483025.75530700,1088,97.74810000,273544.08536400,0
1647590400000,2794.91000000,2816.20000000,2785.23000000,2801.74000000,346.68060000,1647593999999,971257.37000000,1649,227.24180000,636746.06605500,0
1647594000000,2802.06000000,2806.92000000,2794.38000000,2796.28000000,164.05750000,1647597599999,459439.70241100,1075,74.92350000,209861.00944500,0
1647597600000,2797.24000000,2813.26000000,2795.58000000,2798.10000000,210.16570000,1647601199999,589399.35796700,1140,131.29380000,368271.96495500,0
1647601200000,2795.98000000,2800.71000000,2781.76000000,2797.58000000,323.49400000,1647604799999,903005.01701400,1417,185.81790000,518718.42914800,0
1647604800000,2797.37000000,2823.76000000,2793.43000000,2807.42000000,316.15720000,1647608399999,888669.17700500,1474,162.73030000,457488.11677300,0
1647608400000,2805.64000000,2813.92000000,2789.83000000,2811.79000000,298.96380000,1647611999999,837879.55056400,1362,139.91940000,392191.68992800,0
1647612000000,2814.28000000,2861.00000000,2810.36000000,2845.53000000,679.94930000,1647615599999,1930424.63816100,2300,322.06040000,914322.57601200,0
1647615600000,2845.73000000,2903.09000000,2843.95000000,2898.30000000,1027.80870000,1647619199999,2960756.57351100,3030,483.09180000,1393160.89593300,0
1647619200000,2898.00000000,2927.75000000,2884.38000000,2924.52000000,772.21890000,1647622799999,2242802.09057700,2695,333.29900000,967733.12147100,0
1647622800000,2925.28000000,2948.51000000,2917.37000000,2936.60000000,1071.10150000,1647626399999,3146147.40131900,3854,591.75530000,1738285.71013700,0
1647626400000,2937.64000000,2941.89000000,2924.32000000,2934.20000000,1380.22280000,1647629999999,4048874.06632700,2632,598.79140000,1757159.23755300,0
1647630000000,2934.20000000,2970.08000000,2933.23000000,2968.32000000,1292.49190000,1647633599999,3813064.46364000,2408,425.66930000,1255168.36314400,0
1647633600000,2967.85000000,2986.05000000,2947.65000000,2949.06000000,413.37340000,1647637199999,1227447.02322700,1807,173.79780000,515968.23546800,0
1647637200000,2948.28000000,2957.52000000,2942.21000000,2953.18000000,280.14050000,1647640799999,826432.06990100,1172,128.57290000,379213.50076400,0
1647640800000,2953.24000000,2962.19000000,2931.74000000,2932.08000000,391.11130000,1647644399999,1151934.10091000,1438,276.70420000,815051.17283600,0
1647644400000,2932.53000000,2951.29000000,2932.33000000,2940.90000000,353.08840000,1647647999999,1039959.10155600,1209,295.06040000,869081.96490700,0
1647648000000,2939.61000000,2981.36000000,2938.61000000,2967.09000000,308.32540000,1647651599999,913302.35867600,1503,191.27940000,566453.79511900,0
1647651600000,2967.01000000,2968.62000000,2955.33000000,2957.54000000,161.69700000,1647655199999,478949.70039100,1133,86.05370000,254962.19252900,0
1647655200000,2957.74000000,2959.04000000,2945.38000000,2953.29000000,126.05960000,1647658799999,372159.52965700,1080,56.68050000,167334.46210700,0
1647658800000,2953.36000000,2961.09000000,2931.01000000,2948.68000000,247.17200000,1647662399999,727816.30081000,1254,99.09830000,292041.13236000,0
1647662400000,2948.42000000,2955.62000000,2940.68000000,2946.93000000,165.31350000,1647665999999,487281.54109000,1087,99.54220000,293429.71817800,0
1647666000000,2946.93000000,2947.52000000,2932.88000000,2934.60000000,217.56130000,1647669599999,639887.83740900,1009,154.17670000,453526.16462000,0
1647669600000,2934.59000000,2944.26000000,2930.80000000,2938.68000000,123.36230000,1647673199999,362250.44385600,991,72.28180000,212257.71612000,0
1647673200000,2938.74000000,2938.74000000,2922.54000000,2925.45000000,198.36130000,1647676799999,581298.39394100,1181,115.54410000,338643.51251400,0
1647676800000,2925.49000000,2937.95000000,2923.55000000,2937.03000000,94.66340000,1647680399999,277432.88064000,917,49.69260000,145669.07749700,0
1647680400000,2937.03000000,2956.88000000,2933.79000000,2945.89000000,143.79030000,1647683999999,423745.45446900,1129,84.26390000,248361.05887400,0
1647684000000,2945.87000000,2954.85000000,2938.73000000,2941.10000000,218.93700000,1647687599999,644530.67646900,1050,105.73990000,311223.91399000,0
1647687600000,2941.32000000,2952.35000000,2937.90000000,2947.37000000,178.56760000,1647691199999,526120.14369800,1040,71.95410000,211945.23464300,0
1647691200000,2947.45000000,2973.42000000,2943.34000000,2972.56000000,182.26980000,1647694799999,539518.05102000,1278,77.70030000,229974.30722700,0
1647694800000,2973.08000000,2979.24000000,2946.89000000,2949.90000000,241.38010000,1647698399999,715689.47291800,1287,64.17920000,190257.42254600,0
1647698400000,2949.87000000,2966.14000000,2940.49000000,2963.36000000,190.99450000,1647701999999,564152.72612200,1135,104.60440000,308939.11236400,0
1647702000000,2963.39000000,2979.97000000,2955.64000000,2968.89000000,252.40810000,1647705599999,749606.98934800,1240,95.81560000,284527.90545000,0
1647705600000,2968.84000000,2987.50000000,2958.30000000,2974.90000000,253.86110000,1647709199999,755280.97512100,1178,132.46040000,393994.98279700,0
1647709200000,2975.59000000,2977.96000000,2950.00000000,2957.48000000,299.74350000,1647712799999,888497.27799200,1197,162.38230000,481684.82912300,0
1647712800000,2958.13000000,2959.82000000,2946.13000000,2959.74000000,228.70900000,1647716399999,675211.16927300,825,113.87770000,336086.50986700,0
1647716400000,2957.42000000,2958.15000000,2949.12000000,2951.09000000,63.02980000,1647719999999,186168.54399900,174,51.49980000,152111.34515300,0
1647720000000,2950.95000000,2967.99000000,2942.91000000,2954.72000000,158.15220000,1647723599999,467082.87278700,491,92.63760000,273540.30283700,0
1647723600000,2955.48000000,2965.10000000,2950.13000000,2950.88000000,98.33960000,1647727199999,291024.51580200,332,71.01270000,210200.35912300,0
1647727200000,2951.27000000,2951.50000000,2895.32000000,2935.82000000,530.17920000,1647730799999,1547883.81665400,1553,301.03280000,878468.54961400,0
1647730800000,2936.42000000,2956.75000000,2933.23000000,2953.44000000,213.37960000,1647734399999,628825.85965200,623,89.69040000,264485.68961900,0
1647734400000,2950.78000000,2965.57000000,2934.62000000,2941.60000000,147.05000000,1647737999999,433376.79039600,551,68.36790000,201718.41338600,0
1647738000000,2939.66000000,2944.94000000,2909.11000000,2930.24000000,398.41650000,1647741599999,1165667.32949200,944,222.11450000,649615.72370000,0
1647741600000,2929.69000000,2934.62000000,2915.82000000,2919.36000000,140.29470000,1647745199999,410270.03806400,354,85.02100000,248512.74456000,0
1647745200000,2922.12000000,2938.41000000,2920.91000000,2934.24000000,69.51280000,1647748799999,203847.89062300,348,25.19210000,73878.92980600,0
1647748800000,2936.42000000,2936.86000000,2920.11000000,2920.58000000,64.91620000,1647752399999,190070.82630500,255,38.27780000,112084.39919500,0
1647752400000,2923.58000000,2933.42000000,2917.59000000,2930.66000000,67.21440000,1647755999999,196873.89277400,308,32.32430000,94694.45357600,0
1647756000000,2930.76000000,2936.22000000,2924.62000000,2925.40000000,68.69930000,1647759599999,201393.54475000,248,52.69050000,154457.21975900,0
1647759600000,2925.26000000,2929.74000000,2918.04000000,2926.98000000,78.57990000,1647763199999,229876.45484300,310,37.38910000,109388.96232800,0
1647763200000,2926.98000000,2933.05000000,2922.89000000,2927.67000000,87.24750000,1647766799999,255633.74079000,338,47.00510000,137750.15013600,0
1647766800000,2927.59000000,2928.63000000,2898.32000000,2920.99000000,187.59010000,1647770399999,547133.79212700,666,105.12160000,306717.89231200,0
1647770400000,2920.64000000,2926.74000000,2910.71000000,2916.81000000,71.49750000,1647773999999,208686.62345600,314,24.67650000,72057.14758100,0
1647774000000,2916.87000000,2921.02000000,2878.97000000,2888.10000000,146.70770000,1647777599999,425373.58720900,552,70.17630000,203754.84844000,0
1647777600000,2888.25000000,2901.23000000,2870.41000000,2891.79000000,242.19800000,1647781199999,698769.50759400,958,99.80850000,288121.47326800,0
1647781200000,2892.76000000,2895.94000000,2872.33000000,2873.89000000,186.38390000,1647784799999,537087.10331400,559,88.14550000,253829.22087600,0
1647784800000,2874.53000000,2887.29000000,2857.21000000,2861.16000000,370.46030000,1647788399999,1064828.30332600,814,171.01870000,491850.11644200,0
1647788400000,2862.85000000,2870.87000000,2848.30000000,2856.80000000,258.45200000,1647791999999,738788.46353300,667,108.52030000,310622.16998600,0
1647792000000,2854.71000000,2879.96000000,2842.78000000,2850.55000000,632.93190000,1647795599999,1810460.14210100,1327,157.68660000,451344.25200500,0
1647795600000,2849.62000000,2854.19000000,2820.21000000,2828.20000000,581.68430000,1647799199999,1650367.62105100,1185,130.23560000,369317.43797900,0
1647799200000,2825.05000000,2845.86000000,2819.80000000,2845.86000000,177.75180000,1647802799999,503755.79612300,486,88.48170000,251068.06117900,0
1647802800000,2844.81000000,2881.13000000,2840.35000000,2878.13000000,297.67970000,1647806399999,851166.10723800,940,151.00230000,431825.01762900,0
1647806400000,2876.67000000,2913.00000000,2872.20000000,2875.82000000,416.11690000,1647809999999,1203585.14010300,1048,149.17040000,431195.99040100,0
1647810000000,2874.02000000,2889.55000000,2862.08000000,2881.67000000,130.82100000,1647813599999,375989.10135000,586,67.00680000,192603.51333400,0
1647813600000,2880.12000000,2885.96000000,2855.40000000,2877.94000000,78.69800000,1647817199999,225666.55308400,398,52.17760000,149577.13284400,0
1647817200000,2878.02000000,2878.02000000,2852.31000000,2863.70000000,133.72910000,1647820799999,382692.69238100,382,48.70640000,139495.64698000,0
1647820800000,2864.26000000,2872.92000000,2848.54000000,2872.09000000,216.61040000,1647824399999,619263.01046500,433,128.64740000,368121.72855000,0
1647824400000,2871.93000000,2877.94000000,2861.51000000,2864.86000000,89.18360000,1647827999999,255800.55519300,293,28.40210000,81428.65247900,0
1647828000000,2866.80000000,2872.97000000,2832.07000000,2845.31000000,442.34080000,1647831599999,1257971.32773200,841,168.64790000,479100.80014200,0
1647831600000,2842.84000000,2854.00000000,2832.58000000,2844.65000000,147.42260000,1647835199999,419070.78468000,377,61.59200000,175265.91499000,0
1647835200000,2844.25000000,2849.94000000,2836.40000000,2846.47000000,93.65330000,1647838799999,266291.18062200,293,30.46540000,86625.77087900,0
1647838800000,2846.39000000,2874.17000000,2844.64000000,2869.84000000,199.39220000,1647842399999,570332.33887000,718,77.51040000,221671.70171400,0
1647842400000,2871.93000000,2877.37000000,2858.45000000,2862.38000000,174.39870000,1647845999999,500479.94019000,476,118.60130000,340440.69276600,0
1647846000000,2862.57000000,2896.60000000,2856.24000000,2890.82000000,322.60850000,1647849599999,929261.62591400,914,139.11790000,400808.08171900,0
1647849600000,2891.68000000,2903.14000000,2880.98000000,2882.25000000,115.79350000,1647853199999,334927.53117000,379,48.10460000,139144.16819700,0
1647853200000,2883.99000000,2917.31000000,2875.24000000,2915.79000000,174.14400000,1647856799999,504435.42621200,656,92.20190000,267048.76366000,0
1647856800000,2914.49000000,2921.90000000,2903.01000000,2912.22000000,279.46680000,1647860399999,814085.62621000,660,213.27500000,621326.93649200,0
1647860400000,2913.28000000,2925.29000000,2904.72000000,2907.37000000,178.73020000,1647863999999,520847.98340400,599,111.11870000,323738.56138600,0
1647864000000,2908.08000000,2919.61000000,2888.31000000,2915.08000000,294.65510000,1647867599999,854263.72973500,740,124.48090000,361246.74385700,0
1647867600000,2913.58000000,2947.29000000,2913.47000000,2915.72000000,638.59250000,1647871199999,1871229.13206300,1561,310.17370000,909192.28801900,0
1647871200000,2915.57000000,2926.62000000,2894.35000000,2924.86000000,591.19550000,1647874799999,1719272.82043200,1575,178.59930000,519674.03925400,0
1647874800000,2924.96000000,2957.63000000,2917.81000000,2956.16000000,1660.44220000,1647878399999,4888814.03647100,2452,519.40620000,1531583.18676300,0
1647878400000,2956.37000000,2961.50000000,2905.19000000,2908.66000000,803.99070000,1647881999999,2361493.47960100,1821,321.54730000,944324.58570100,0
1647882000000,2907.77000000,2928.66000000,2897.24000000,2920.57000000,325.33090000,1647885599999,947039.13740600,926,209.77420000,610646.15981500,0
1647885600000,2921.87000000,2926.50000000,2905.12000000,2906.19000000,166.91710000,1647889199999,486750.91688800,434,89.09740000,259832.77837700,0
1647889200000,2906.07000000,2919.46000000,2896.64000000,2919.46000000,155.21420000,1647892799999,451036.85085300,520,102.97220000,299261.24818700,0
1647892800000,2918.73000000,2924.85000000,2911.09000000,2911.09000000,106.97760000,1647896399999,312304.54316100,342,45.07880000,131631.44438900,0
1647896400000,2910.87000000,2922.66000000,2900.88000000,2922.63000000,226.16920000,1647899999999,658637.71554700,497,117.68940000,342762.84195500,0
1647900000000,2922.56000000,2923.51000000,2908.98000000,2910.13000000,160.39590000,1647903599999,467934.18553200,425,72.14540000,210513.10152300,0
1647903600000,2908.50000000,2912.97000000,2884.42000000,2891.37000000,277.83170000,1647907199999,805798.64452400,697,132.76950000,385179.61171700,0
1647907200000,2890.51000000,2908.65000000,2888.28000000,2904.11000000,216.29890000,1647910799999,626435.32664100,494,137.33740000,397811.27645500,0
1647910800000,2905.16000000,2913.57000000,2890.45000000,2898.03000000,134.14160000,1647914399999,389189.34576700,430,84.37450000,244725.11083500,0
1647914400000,2897.82000000,2978.27000000,2897.81000000,2964.82000000,814.06160000,1647917999999,2396202.51514200,2395,480.52540000,1413258.20127500,0
1647918000000,2965.03000000,3031.14000000,2965.03000000,3007.26000000,860.18900000,1647921599999,2583535.71196700,2366,456.96990000,1370711.08183800,0
1647921600000,3009.73000000,3053.42000000,3008.48000000,3028.98000000,844.11750000,1647925199999,2561473.17135300,2142,355.49780000,1078864.97875000,0
1647925200000,3030.42000000,3033.29000000,3012.63000000,3014.33000000,198.09610000,1647928799999,598441.69691300,761,76.84630000,232244.90310700,0
1647928800000,3013.59000000,3013.78000000,2967.98000000,2984.66000000,728.34630000,1647932399999,2175735.98564300,1641,336.80840000,1005739.33706800,0
1647932400000,2985.15000000,2997.00000000,2984.06000000,2994.33000000,301.68060000,1647935999999,902579.82298400,739,118.41330000,354305.71295800,0
1647936000000,2995.39000000,3028.22000000,2987.28000000,3015.18000000,190.48970000,1647939599999,573724.86844300,787,112.56830000,339057.20087600,0
1647939600000,3015.07000000,3017.27000000,2997.31000000,3005.28000000,376.95690000,1647943199999,1135265.23669900,805,101.86960000,306582.53026500,0
1647943200000,3007.26000000,3022.46000000,3000.90000000,3021.05000000,249.52380000,1647946799999,751676.47081600,614,148.17290000,446588.64527700,0
1647946800000,3020.08000000,3027.25000000,3010.79000000,3020.15000000,381.88160000,1647950399999,1152940.39741300,844,149.64980000,451982.56433700,0
1647950400000,3022.11000000,3029.30000000,3000.00000000,3011.27000000,440.05730000,1647953999999,1328030.62497400,906,207.00440000,624075.32246100,0
1647954000000,3011.28000000,3016.55000000,2989.81000000,3003.18000000,440.75280000,1647957599999,1324367.61840400,1171,203.93060000,612401.66553200,0
1647957600000,3004.03000000,3030.85000000,3004.03000000,3009.79000000,548.30060000,1647961199999,1654035.89012900,1514,178.51430000,538400.63798600,0
1647961200000,3009.99000000,3020.28000000,3003.73000000,3003.73000000,316.94630000,1647964799999,954881.61189800,1134,124.74030000,376122.59453000,0
1647964800000,3005.76000000,3014.81000000,2995.35000000,3000.40000000,374.81960000,1647968399999,1126742.96382000,1012,273.65770000,822708.69143500,0
1647968400000,3000.01000000,3012.87000000,2998.01000000,3008.21000000,548.54130000,1647971999999,1649778.65503600,990,405.63740000,1220098.88954700,0
1647972000000,3007.50000000,3010.70000000,2991.38000000,3003.48000000,361.11000000,1647975599999,1082764.97571700,863,238.02860000,713292.11621800,0
1647975600000,3000.95000000,3015.25000000,2979.14000000,2988.14000000,366.32030000,1647979199999,1100515.52387600,1088,132.07450000,396893.09374500,0
1647979200000,2985.12000000,3009.73000000,2985.12000000,3002.66000000,415.16980000,1647982799999,1246386.24325000,1078,201.89220000,606146.13427600,0
1647982800000,3003.32000000,3016.74000000,3001.96000000,3016.74000000,660.78040000,1647986399999,1990703.30524000,1274,113.55430000,342129.65347200,0
1647986400000,3016.74000000,3016.74000000,2994.93000000,3000.64000000,400.06720000,1647989999999,1202404.36140200,1219,155.63850000,467080.32732400,0
1647990000000,3001.10000000,3002.33000000,2961.81000000,2970.81000000,628.27690000,1647993599999,1872443.51662200,1288,299.52700000,892799.69026600,0
1647993600000,2968.91000000,2981.10000000,2962.00000000,2974.43000000,365.21890000,1647997199999,1084959.40374600,852,303.54980000,901725.96198000,0
1647997200000,2974.82000000,2974.82000000,2926.97000000,2959.29000000,726.15710000,1648000799999,2139836.03933700,1694,365.35600000,1076364.61624800,0
1648000800000,2960.53000000,2994.84000000,2955.68000000,2980.54000000,594.38290000,1648004399999,1773715.26838800,1465,261.37920000,779844.73640100,0
1648004400000,2977.75000000,2981.55000000,2948.12000000,2949.52000000,251.97450000,1648007999999,747460.17927600,862,145.25210000,430694.85085900,0
1648008000000,2948.17000000,2959.98000000,2920.52000000,2938.84000000,605.18010000,1648011599999,1779548.23310100,1465,427.27550000,1256567.27099800,0
1648011600000,2939.34000000,2953.00000000,2929.42000000,2950.32000000,285.22240000,1648015199999,839503.42310600,750,152.30710000,448077.42471400,0
1648015200000,2949.34000000,2964.30000000,2945.52000000,2958.30000000,440.93950000,1648018799999,1303106.92144400,984,340.10300000,1004899.61810400,0
1648018800000,2958.30000000,2960.30000000,2942.69000000,2951.09000000,331.73380000,1648022399999,979296.69615500,869,207.54710000,612580.60443000,0
1648022400000,2950.90000000,2962.57000000,2935.27000000,2956.98000000,616.68440000,1648025999999,1820169.51882200,1334,368.93200000,1088868.65242500,0
1648026000000,2956.98000000,2964.19000000,2945.68000000,2956.03000000,555.21060000,1648029599999,1639672.34624400,871,423.50940000,1250593.38499900,0
1648029600000,2956.88000000,2973.54000000,2951.69000000,2961.67000000,420.13340000,1648033199999,1244702.48946800,951,269.84490000,799123.76730800,0
1648033200000,2961.77000000,2964.31000000,2943.55000000,2950.27000000,383.81720000,1648036799999,1133822.32981400,910,218.40440000,644978.87889200,0
1648036800000,2948.13000000,2968.09000000,2939.74000000,2964.87000000,410.60610000,1648040399999,1212437.18168200,812,217.72670000,643071.33056100,0
1648040400000,2968.20000000,2970.82000000,2949.25000000,2954.82000000,231.67210000,1648043999999,685761.17035200,653,111.46960000,329811.61442600,0
1648044000000,2954.81000000,3007.07000000,2952.65000000,3003.91000000,411.93500000,1648047599999,1229513.45961700,1704,201.77750000,602507.23774700,0
1648047600000,3003.94000000,3040.59000000,2997.60000000,3033.60000000,750.85430000,1648051199999,2269416.82855000,2537,376.84380000,1139484.77084300,0
1648051200000,3034.22000000,3045.76000000,3005.74000000,3017.00000000,444.25100000,1648054799999,1343115.06744600,1513,199.60590000,603499.24484200,0
1648054800000,3016.73000000,3018.76000000,2959.73000000,2965.44000000,391.96810000,1648058399999,1172027.53282500,1600,176.98890000,529401.95651100,0
1648058400000,2965.69000000,2975.93000000,2954.72000000,2955.50000000,397.31510000,1648061999999,1178114.88563900,1392,247.87960000,734843.34280300,0
1648062000000,2955.28000000,2976.89000000,2953.60000000,2963.63000000,198.03710000,1648065599999,587532.44978400,897,133.23250000,395283.13892100,0
1648065600000,2963.64000000,2989.02000000,2961.81000000,2981.41000000,204.13110000,1648069199999,607317.32563500,673,111.23700000,330626.56013100,0
1648069200000,2982.83000000,3006.29000000,2973.41000000,2999.18000000,330.05060000,1648072799999,988146.56080700,1072,111.43950000,333582.78352000,0
1648072800000,2999.30000000,3019.07000000,2998.28000000,3007.20000000,187.80160000,1648076399999,565269.19732700,918,91.36310000,275140.94755100,0
1648076400000,3006.68000000,3039.79000000,2993.37000000,3035.86000000,331.32890000,1648079999999,999475.24541900,1322,197.39230000,595806.44050400,0
1648080000000,3037.33000000,3082.23000000,3030.78000000,3050.21000000,880.21010000,1648083599999,2695704.90728800,2747,459.17350000,1406281.69603400,0
1648083600000,3049.62000000,3051.40000000,3013.43000000,3026.99000000,345.78710000,1648087199999,1048674.55136900,1265,165.99790000,503650.68799500,0
1648087200000,3027.17000000,3035.73000000,3004.68000000,3032.93000000,217.28440000,1648090799999,656424.63910000,899,87.89550000,265690.84432100,0
1648090800000,3033.68000000,3041.56000000,3017.24000000,3018.25000000,233.25550000,1648094399999,707204.56812000,780,92.57110000,280750.89581400,0
1648094400000,3019.01000000,3031.67000000,3015.53000000,3027.81000000,202.38240000,1648097999999,611913.33699500,837,161.80850000,489301.46863300,0
1648098000000,3028.64000000,3054.38000000,3019.76000000,3048.26000000,320.59100000,1648101599999,972870.54455800,1032,212.34350000,644247.47495600,0
1648101600000,3049.10000000,3072.69000000,3042.94000000,3058.76000000,328.48260000,1648105199999,1003371.92963100,1331,145.57180000,444632.14846100,0
1648105200000,3059.32000000,3059.32000000,3035.11000000,3039.23000000,266.16350000,1648108799999,809744.64045000,909,118.42270000,360231.67269300,0
1648108800000,3039.22000000,3056.04000000,3033.12000000,3049.97000000,125.30740000,1648112399999,381669.75080900,637,70.73500000,215495.74386400,0
1648112400000,3049.19000000,3068.46000000,3041.41000000,3049.64000000,301.48680000,1648115999999,921309.16004800,1246,170.87620000,522243.88080200,0
1648116000000,3050.32000000,3063.82000000,3041.19000000,3056.19000000,197.92800000,1648119599999,603603.98013900,1006,133.36090000,406685.84609100,0
1648119600000,3055.16000000,3063.67000000,3045.59000000,3049.83000000,297.14600000,1648123199999,907264.24633600,993,107.31100000,327732.41185600,0
1648123200000,3048.97000000,3058.17000000,3010.00000000,3014.06000000,370.01850000,1648126799999,1122047.05585800,1450,171.72630000,520756.49180500,0
1648126800000,3013.56000000,3034.64000000,3003.93000000,3029.14000000,263.70680000,1648130399999,796184.08920000,992,143.66720000,433721.80145600,0
1648130400000,3031.30000000,3080.00000000,3022.14000000,3079.83000000,738.55430000,1648133999999,2252238.61842100,1941,274.61580000,838944.19860600,0
1648134000000,3080.00000000,3131.75000000,3073.70000000,3117.07000000,1552.64810000,1648137599999,4812608.20137700,4135,605.33400000,1877442.28568800,0
1648137600000,3116.45000000,3123.45000000,3095.41000000,3111.19000000,421.02140000,1648141199999,1307600.82235400,1316,246.19050000,764815.02253700,0
1648141200000,3111.25000000,3124.86000000,3099.04000000,3100.12000000,404.06330000,1648144799999,1257411.35217600,1136,140.23370000,436706.27437200,0
1648144800000,3099.53000000,3108.86000000,3087.66000000,3108.86000000,264.17770000,1648148399999,818282.09914200,1061,168.37420000,521512.01960700,0
1648148400000,3108.91000000,3125.01000000,3103.08000000,3110.76000000,375.78940000,1648151999999,1170192.28674900,1157,153.27650000,477142.35500300,0
1648152000000,3111.23000000,3112.80000000,3099.12000000,3105.98000000,377.59000000,1648155599999,1172929.83629800,864,153.03570000,475425.57739200,0
1648155600000,3104.96000000,3111.43000000,3088.42000000,3109.21000000,243.64090000,1648159199999,755952.95518300,813,86.56090000,268586.74771300,0
1648159200000,3108.78000000,3120.96000000,3100.00000000,3112.62000000,151.80990000,1648162799999,472599.51382000,629,75.21420000,234231.17736000,0
1648162800000,3111.86000000,3115.09000000,3102.13000000,3111.45000000,140.03560000,1648166399999,435352.06422800,515,72.06670000,224068.87679600,0
1648166400000,3112.15000000,3114.60000000,3095.48000000,3105.14000000,73.85670000,1648169999999,229163.30889400,434,38.49460000,119454.18789300,0
1648170000000,3104.78000000,3146.69000000,3099.20000000,3126.20000000,346.55340000,1648173599999,1082579.10909200,1277,191.36650000,598031.50365300,0
1648173600000,3126.20000000,3133.99000000,3110.23000000,3122.85000000,135.50120000,1648177199999,423015.33624200,663,72.37320000,225976.91147700,0
1648177200000,3123.37000000,3138.28000000,3117.71000000,3137.95000000,164.19780000,1648180799999,513389.23426200,527,62.23280000,194654.60668800,0
1648180800000,3137.94000000,3146.38000000,3132.39000000,3144.76000000,106.98290000,1648184399999,336032.73414000,583,65.03790000,204316.56596300,0
1648184400000,3142.86000000,3148.03000000,3127.34000000,3127.43000000,333.20830000,1648187999999,1044441.89796900,964,237.20460000,743264.76238900,0
1648188000000,3127.76000000,3147.98000000,3127.02000000,3145.28000000,332.14910000,1648191599999,1043137.52337400,1207,247.62380000,777669.89331200,0
1648191600000,3145.46000000,3148.39000000,3128.19000000,3130.79000000,220.95880000,1648195199999,693117.30295500,764,122.90280000,385586.14187400,0
1648195200000,3130.79000000,3130.96000000,3098.46000000,3128.24000000,393.23730000,1648198799999,1224833.64226700,1258,182.65700000,569557.40680000,0
1648198800000,3127.39000000,3144.27000000,3117.14000000,3137.26000000,189.98310000,1648202399999,594872.77279000,660,118.52970000,371261.89314500,0
1648202400000,3138.19000000,3156.20000000,3132.85000000,3148.91000000,185.46430000,1648205999999,582964.60039400,798,138.49550000,435312.61660100,0
1648206000000,3147.75000000,3180.40000000,3143.13000000,3169.91000000,517.81090000,1648209599999,1637640.07249700,1673,307.58670000,973044.98629400,0
1648209600000,3169.95000000,3194.63000000,3162.61000000,3186.38000000,718.09590000,1648213199999,2279150.25776000,1559,315.89290000,1003488.73796700,0
1648213200000,3186.25000000,3188.77000000,3173.03000000,3177.42000000,254.47330000,1648216799999,809368.60490300,856,154.60560000,491749.09180300,0
1648216800000,3178.20000000,3185.30000000,3160.09000000,3173.04000000,594.47650000,1648220399999,1888005.66027300,1303,375.26050000,1191438.56252900,0
1648220400000,3174.65000000,3175.34000000,3109.54000000,3123.04000000,991.69480000,1648223999999,3115524.51631600,2902,290.18740000,911311.66347700,0
1648224000000,3122.25000000,3144.04000000,3086.84000000,3097.58000000,553.96450000,1648227599999,1725190.16124100,1470,233.09440000,727175.58569500,0
1648227600000,3096.00000000,3106.95000000,3077.05000000,3104.66000000,379.39010000,1648231199999,1174103.40615600,1242,185.52050000,574303.35549100,0
1648231200000,3104.34000000,3132.52000000,3101.44000000,3124.67000000,507.86700000,1648234799999,1586077.02788100,1530,336.16460000,1049825.05396300,0
1648234800000,3124.04000000,3125.00000000,3082.91000000,3116.48000000,360.76270000,1648238399999,1119943.94047300,1220,120.01680000,372689.96527500,0
1648238400000,3116.71000000,3130.97000000,3109.04000000,3126.51000000,223.47900000,1648241999999,697298.81127300,810,103.00080000,321469.94007000,0
1648242000000,3125.86000000,3125.87000000,3107.11000000,3123.54000000,163.48190000,1648245599999,509700.84635000,656,48.36620000,150787.87381600,0
1648245600000,3123.58000000,3124.03000000,3098.89000000,3100.17000000,100.44900000,1648249199999,312250.23575700,482,36.61700000,113850.78438700,0
1648249200000,3100.00000000,3110.23000000,3095.01000000,3103.34000000,100.59510000,1648252799999,312083.34835600,532,38.51860000,119500.41287700,0
1648252800000,3103.77000000,3117.70000000,3088.29000000,3090.05000000,116.01050000,1648256399999,360050.00937100,591,69.60100000,216068.06583200,0
1648256400000,3090.81000000,3111.27000000,3086.19000000,3106.62000000,86.41210000,1648259999999,268078.09908200,409,45.13210000,139980.89072100,0
1648260000000,3105.45000000,3114.29000000,3097.27000000,3102.82000000,74.36000000,1648263599999,230884.84673000,333,36.65430000,113856.87802900,0
1648263600000,3103.11000000,3113.98000000,3100.19000000,3109.83000000,103.84940000,1648267199999,322953.80277500,371,50.72060000,157798.53075600,0
1648267200000,3109.83000000,3116.67000000,3101.93000000,3113.43000000,50.71060000,1648270799999,157603.05786300,289,22.14780000,68877.69931000,0
1648270800000,3113.46000000,3128.36000000,3106.18000000,3126.89000000,161.79990000,1648274399999,504138.78995500,538,101.44470000,315929.30383300,0
1648274400000,3127.16000000,3132.33000000,3117.57000000,3123.42000000,84.58250000,1648277999999,264402.25485300,357,29.52240000,92240.32019300,0
1648278000000,3122.90000000,3140.24000000,3115.95000000,3137.46000000,139.21070000,1648281599999,435590.64456500,537,79.35360000,248249.64797500,0
1648281600000,3135.78000000,3138.91000000,3126.14000000,3130.58000000,145.31140000,1648285199999,455225.23191400,578,82.48810000,258355.85516900,0
1648285200000,3132.60000000,3132.60000000,3122.24000000,3129.82000000,36.59480000,1648288799999,114411.93812200,257,15.85770000,49579.25031900,0
1648288800000,3130.00000000,3131.58000000,3118.23000000,3125.56000000,123.31000000,1648292399999,385403.42544900,531,80.81180000,252606.52849900,0
1648292400000,3125.21000000,3140.25000000,3120.50000000,3124.05000000,148.21750000,1648295999999,463774.85279900,624,76.17270000,238274.80048100,0
1648296000000,3124.32000000,3127.57000000,3109.33000000,3126.18000000,271.13850000,1648299599999,845744.51148400,942,173.92870000,542498.08909200,0
1648299600000,3125.94000000,3130.35000000,3113.30000000,3114.60000000,73.14640000,1648303199999,228235.32668500,446,34.09450000,106329.85191200,0
1648303200000,3113.55000000,3119.67000000,3110.43000000,3119.44000000,53.03820000,1648306799999,165227.98875200,372,21.70640000,67605.03202700,0
1648306800000,3119.78000000,3128.17000000,3115.61000000,3118.20000000,65.08680000,1648310399999,203191.22625100,442,41.52410000,129628.58121900,0
1648310400000,3117.30000000,3127.00000000,3110.79000000,3126.35000000,104.23710000,1648313999999,325095.27114600,480,57.54980000,179495.33343300,0
1648314000000,3126.22000000,3130.54000000,3121.77000000,3121.84000000,58.57900000,1648317599999,183086.78230500,495,39.27360000,122742.93142600,0
1648317600000,3121.86000000,3128.67000000,3117.04000000,3127.61000000,62.79930000,1648321199999,195993.57388700,452,32.81590000,102431.53191800,0
1648321200000,3126.50000000,3146.39000000,3117.94000000,3124.07000000,217.30510000,1648324799999,679308.29829000,653,163.86880000,512481.95774300,0
1648324800000,3124.75000000,3154.24000000,3123.58000000,3144.98000000,307.32780000,1648328399999,965280.77542500,1574,148.07620000,464878.25029000,0
1648328400000,3145.42000000,3146.23000000,3127.50000000,3140.37000000,92.19640000,1648331999999,288963.91036400,741,54.16990000,169774.77133800,0
1648332000000,3140.34000000,3148.65000000,3136.05000000,3136.05000000,63.78210000,1648335599999,200359.38931300,538,29.79820000,93600.78580100,0
1648335600000,3136.06000000,3151.99000000,3134.57000000,3146.85000000,144.70220000,1648339199999,455124.11219700,829,64.82760000,203886.86753300,0
1648339200000,3146.22000000,3154.24000000,3138.69000000,3152.49000000,202.94040000,1648342799999,638686.70897200,927,68.66040000,215924.61086300,0
1648342800000,3151.20000000,3157.25000000,3128.34000000,3151.15000000,223.04010000,1648346399999,701342.74363800,867,69.18500000,217741.56995300,0
1648346400000,3151.38000000,3171.95000000,3145.10000000,3157.27000000,234.43680000,1648349999999,741040.25783100,1128,121.60280000,384474.60947900,0
1648350000000,3157.98000000,3157.99000000,3139.89000000,3145.56000000,94.89350000,1648353599999,298680.40105600,696,40.54450000,127575.55565900,0
1648353600000,3145.09000000,3151.47000000,3135.60000000,3141.73000000,95.43690000,1648357199999,299800.23784100,586,43.14680000,135490.67748700,0
1648357200000,3140.18000000,3149.12000000,3139.66000000,3140.76000000,57.57920000,1648360799999,181101.66634200,451,29.09420000,91497.83779800,0
1648360800000,3140.98000000,3158.89000000,3140.98000000,3150.13000000,94.79960000,1648364399999,298712.31896200,642,58.90930000,185632.16397400,0
1648364400000,3151.35000000,3159.57000000,3147.69000000,3156.70000000,79.64430000,1648367999999,251075.76646800,419,24.87370000,78436.03130600,0
1648368000000,3156.58000000,3159.91000000,3144.55000000,3144.65000000,76.62580000,1648371599999,241568.54997300,568,34.11480000,107515.64666600,0
1648371600000,3144.66000000,3154.55000000,3143.09000000,3143.41000000,284.54210000,1648375199999,896304.30052200,688,52.01380000,163830.05835700,0
1648375200000,3143.40000000,3151.78000000,3141.83000000,3148.68000000,83.86260000,1648378799999,263880.41287300,571,49.35780000,155334.78580100,0
1648378800000,3148.58000000,3153.58000000,3143.68000000,3147.40000000,49.93110000,1648382399999,157209.14729300,415,25.17730000,79276.08585900,0
1648382400000,3146.86000000,3149.27000000,3128.04000000,3129.09000000,102.54470000,1648385999999,321811.41925500,669,45.18250000,141875.42863100,0
1648386000000,3128.03000000,3149.32000000,3127.82000000,3144.00000000,179.26170000,1648389599999,563322.67393900,740,117.02010000,367802.54171400,0
1648389600000,3146.69000000,3156.33000000,3143.08000000,3148.51000000,244.26260000,1648393199999,769530.55326100,796,184.70820000,581942.71018800,0
1648393200000,3148.15000000,3177.86000000,3142.76000000,3171.02000000,230.56550000,1648396799999,729626.88325100,1321,124.59170000,394157.76046700,0
1648396800000,3171.10000000,3196.59000000,3166.46000000,3182.81000000,428.38500000,1648400399999,1361459.95417400,1541,258.73800000,822657.03548100,0
1648400400000,3183.23000000,3183.59000000,3172.42000000,3181.44000000,101.38830000,1648403999999,322073.39602000,659,41.43580000,131648.89525500,0
1648404000000,3181.27000000,3191.30000000,3177.77000000,3180.92000000,123.83290000,1648407599999,394159.70283300,895,68.27790000,217335.19728000,0
1648407600000,3180.57000000,3182.87000000,3174.94000000,3176.79000000,91.87190000,1648411199999,292061.60167100,655,44.08520000,140143.87075500,0
1648411200000,3177.20000000,3253.00000000,3165.76000000,3239.21000000,868.82820000,1648414799999,2791947.73286400,3550,455.68630000,1464338.50664000,0
1648414800000,3238.96000000,3298.99000000,3225.02000000,3277.96000000,1385.48540000,1648418399999,4536276.44911900,4696,621.87090000,2033466.06248400,0
1648418400000,3278.55000000,3289.85000000,3262.88000000,3270.51000000,1779.08050000,1648421999999,5825205.99119300,3591,764.10860000,2502267.41634900,0
1648422000000,3270.91000000,3300.00000000,3267.30000000,3296.60000000,481.94090000,1648425599999,1583687.67483400,1887,240.41170000,790260.60452300,0
1648425600000,3296.84000000,3325.00000000,3276.77000000,3292.35000000,678.97080000,1648429199999,2239347.33482000,3006,333.07090000,1098979.67460800,0
1648429200000,3292.68000000,3307.25000000,3285.63000000,3292.58000000,643.40550000,1648432799999,2119870.42470500,1966,172.12960000,567345.27818300,0
1648432800000,3292.99000000,3308.74000000,3292.99000000,3301.95000000,287.63930000,1648436399999,949130.40005800,1200,165.48860000,546013.55270600,0
1648436400000,3301.40000000,3318.27000000,3301.29000000,3312.85000000,259.44980000,1648439999999,859205.13035000,1019,124.63320000,412616.02502600,0
1648440000000,3313.16000000,3320.92000000,3301.00000000,3319.82000000,173.40380000,1648443599999,573737.17684500,841,93.23310000,308624.19820500,0
1648443600000,3318.81000000,3341.00000000,3317.39000000,3325.74000000,396.56600000,1648447199999,1320426.21193400,1318,230.16310000,766485.88790700,0
1648447200000,3324.98000000,3330.77000000,3304.27000000,3320.45000000,362.84800000,1648450799999,1203728.11745900,1048,90.50690000,300599.17591300,0
1648450800000,3319.90000000,3328.42000000,3314.80000000,3320.48000000,272.50450000,1648454399999,905425.15121800,851,113.07630000,375653.78682100,0
1648454400000,3320.49000000,3326.98000000,3307.27000000,3323.70000000,330.75600000,1648457999999,1098444.30972100,989,104.41300000,346655.44296100,0
1648458000000,3324.03000000,3350.00000000,3323.92000000,3338.28000000,251.22510000,1648461599999,838263.61250800,1006,161.48440000,538879.16778900,0
1648461600000,3337.80000000,3357.36000000,3336.00000000,3350.46000000,316.62580000,1648465199999,1059888.17501100,1175,183.98440000,615967.40514400,0
1648465200000,3351.22000000,3358.38000000,3340.73000000,3347.76000000,295.06150000,1648468799999,988158.69582900,991,113.24430000,379307.06907500,0
1648468800000,3347.50000000,3355.69000000,3332.27000000,3339.27000000,290.46420000,1648472399999,971241.03968600,1183,113.13940000,378194.82609200,0
1648472400000,3340.00000000,3391.00000000,3336.41000000,3379.92000000,527.88940000,1648475999999,1778033.93285100,2102,285.10210000,960769.59289000,0
1648476000000,3380.49000000,3398.00000000,3358.05000000,3391.00000000,543.41490000,1648479599999,1837944.16173300,1505,424.76890000,1437375.16707800,0
1648479600000,3391.71000000,3402.55000000,3358.87000000,3358.87000000,587.46010000,1648483199999,1988522.47123700,2114,269.53560000,912599.08127600,0
1648483200000,3358.76000000,3372.49000000,3335.67000000,3362.82000000,725.57130000,1648486799999,2435889.00118000,2067,404.24400000,1356442.51309800,0
1648486800000,3362.78000000,3393.09000000,3348.44000000,3388.60000000,604.21330000,1648490399999,2037929.53650100,2767,318.64440000,1075283.50026500,0
1648490400000,3386.88000000,3424.62000000,3377.27000000,3417.62000000,657.12400000,1648493999999,2236453.08707400,2835,276.24940000,940442.89850700,0
1648494000000,3418.67000000,3432.32000000,3399.83000000,3411.44000000,616.19030000,1648497599999,2106619.58342300,1899,254.32750000,869428.43460300,0
1648497600000,3411.47000000,3419.51000000,3392.65000000,3417.62000000,649.20930000,1648501199999,2213902.44911700,1278,188.48180000,642864.03480900,0
1648501200000,3418.02000000,3427.28000000,3365.72000000,3380.00000000,681.46860000,1648504799999,2303493.33426400,1616,310.83310000,1050520.06792400,0
1648504800000,3380.00000000,3390.79000000,3364.53000000,3372.87000000,1199.12490000,1648508399999,4044733.79727300,1569,1016.14150000,3427127.65014400,0
1648508400000,3372.03000000,3376.89000000,3317.69000000,3330.52000000,1475.07200000,1648511999999,4936019.51416100,2317,229.05760000,766068.65925100,0
1648512000000,3334.14000000,3377.10000000,3331.49000000,3365.34000000,264.46450000,1648515599999,886939.48425700,997,123.71490000,414985.99954100,0
1648515600000,3364.76000000,3394.74000000,3359.50000000,3389.42000000,184.51550000,1648519199999,623436.70123200,809,95.14100000,321505.39795900,0
1648519200000,3390.99000000,3403.96000000,3374.71000000,3375.99000000,1382.82800000,1648522799999,4676973.03494300,1815,1136.39760000,3842709.59604200,0
1648522800000,3375.99000000,3382.85000000,3369.03000000,3371.98000000,159.54030000,1648526399999,538397.39487000,575,51.88420000,175169.95756400,0
1648526400000,3372.20000000,3395.09000000,3371.08000000,3391.93000000,263.18080000,1648529999999,891753.84273800,697,182.57540000,618962.38697500,0
1648530000000,3391.20000000,3415.60000000,3389.75000000,3406.78000000,169.94720000,1648533599999,577952.72356000,710,115.13710000,391424.66075400,0
1648533600000,3406.76000000,3425.00000000,3403.09000000,3417.56000000,347.54510000,1648537199999,1187521.54604500,883,179.12730000,611918.11741300,0
1648537200000,3417.42000000,3417.42000000,3387.85000000,3387.95000000,141.99660000,1648540799999,482835.12140700,657,50.68480000,172392.15117100,0
1648540800000,3388.04000000,3420.60000000,3387.21000000,3413.87000000,106.25900000,1648544399999,362162.04558900,626,61.28800000,208905.86489800,0
1648544400000,3413.88000000,3446.41000000,3412.19000000,3425.60000000,1457.00360000,1648547999999,4995049.36619600,2493,281.46610000,965442.98770200,0
1648548000000,3427.77000000,3438.70000000,3415.91000000,3434.55000000,162.78430000,1648551599999,557923.80771400,951,92.73200000,317863.15781300,0
1648551600000,3435.46000000,3473.24000000,3428.36000000,3466.16000000,562.40350000,1648555199999,1941362.55529800,2132,289.17600000,997707.21545100,0
1648555200000,3466.70000000,3483.19000000,3461.23000000,3466.81000000,640.54030000,1648558799999,2223825.95879600,2346,286.18690000,993575.03226600,0
1648558800000,3466.96000000,3474.70000000,3425.75000000,3445.44000000,1745.26580000,1648562399999,6029036.67881700,3200,1304.82180000,4508972.00290800,0
1648562400000,3445.75000000,3457.63000000,3433.71000000,3449.34000000,449.36310000,1648565999999,1549346.15102600,1549,191.66110000,660901.98304500,0
1648566000000,3449.77000000,3456.46000000,3394.77000000,3405.16000000,3367.12990000,1648569599999,11536140.75684900,4759,1823.44330000,6220685.46895900,0
1648569600000,3404.38000000,3427.33000000,3370.02000000,3423.45000000,3124.85860000,1648573199999,10597125.67076100,5353,1316.63000000,4462830.08688900,0
1648573200000,3423.26000000,3423.26000000,3382.87000000,3403.75000000,590.88460000,1648576799999,2007058.80894000,1870,370.71990000,1258916.81656300,0
1648576800000,3403.81000000,3417.26000000,3398.36000000,3415.69000000,528.44140000,1648580399999,1802639.81142100,1459,382.58660000,1305260.51567400,0
1648580400000,3415.95000000,3444.52000000,3413.64000000,3431.42000000,623.13640000,1648583999999,2136189.37762400,1769,210.45710000,722355.83603600,0
1648584000000,3431.02000000,3431.02000000,3387.35000000,3399.09000000,339.52400000,1648587599999,1160592.93120100,1468,214.96650000,735106.21187400,0
1648587600000,3398.45000000,3403.77000000,3362.65000000,3377.50000000,629.27150000,1648591199999,2129595.06582500,2158,260.30380000,881847.14226200,0
1648591200000,3377.00000000,3392.65000000,3344.32000000,3386.84000000,807.28730000,1648594799999,2720353.93055700,2165,355.09230000,1198203.65837000,0
1648594800000,3386.40000000,3407.16000000,3377.18000000,3401.71000000,240.12970000,1648598399999,815528.27845000,990,162.94040000,553538.16250100,0
1648598400000,3401.44000000,3401.44000000,3357.12000000,3374.38000000,513.81520000,1648601999999,1740053.03992300,1352,365.54860000,1239389.19830900,0
1648602000000,3372.86000000,3379.25000000,3334.00000000,3348.91000000,331.98830000,1648605599999,1112972.61577700,1712,128.19420000,429701.30325000,0
1648605600000,3348.45000000,3377.09000000,3343.13000000,3371.50000000,171.89130000,1648609199999,578357.37673700,777,100.28990000,337354.97024100,0
1648609200000,3370.43000000,3390.14000000,3370.41000000,3385.05000000,120.81400000,1648612799999,408521.94640100,622,75.80170000,256231.93071000,0
1648612800000,3385.63000000,3392.82000000,3363.47000000,3372.16000000,153.43680000,1648616399999,518610.49768900,779,70.85030000,239633.92892500,0
1648616400000,3373.39000000,3408.67000000,3369.41000000,3404.93000000,175.11290000,1648619999999,593603.60552500,1031,90.44860000,306461.75518000,0
1648620000000,3406.11000000,3418.53000000,3393.77000000,3405.60000000,156.16640000,1648623599999,532123.94238900,904,85.81770000,292403.74440500,0
1648623600000,3405.10000000,3416.58000000,3395.00000000,3409.39000000,149.92300000,1648627199999,510871.54310900,833,71.30720000,243045.01112400,0
1648627200000,3410.09000000,3411.61000000,3388.29000000,3404.44000000,178.72680000,1648630799999,607689.93632000,924,98.62790000,335365.32577400,0
1648630800000,3404.17000000,3406.33000000,3382.74000000,3390.20000000,173.70280000,1648634399999,589799.33228600,990,79.09740000,268529.75837600,0
1648634400000,3387.42000000,3404.99000000,3381.58000000,3399.17000000,157.20470000,1648637999999,533830.70634200,811,83.60970000,283998.24297600,0
1648638000000,3400.40000000,3419.99000000,3385.19000000,3410.36000000,215.39320000,1648641599999,733791.03596700,1296,105.29490000,358610.38489100,0
1648641600000,3409.64000000,3411.55000000,3390.15000000,3403.35000000,205.50590000,1648645199999,698745.54627100,1035,100.95390000,343114.20243000,0
1648645200000,3401.42000000,3402.75000000,3362.55000000,3370.32000000,694.09720000,1648648799999,2350311.19441200,1716,229.48630000,774859.50615600,0
1648648800000,3370.60000000,3386.44000000,3354.17000000,3374.18000000,413.52850000,1648652399999,1393753.32013100,1553,241.61100000,814497.71371100,0
1648652400000,3374.15000000,3386.23000000,3347.56000000,3383.24000000,424.15700000,1648655999999,1428077.30251600,1396,243.63450000,820562.33494500,0
1648656000000,3383.18000000,3405.36000000,3375.07000000,3396.48000000,422.52400000,1648659599999,1435212.01372700,1582,113.97120000,386840.75219200,0
1648659600000,3398.08000000,3440.53000000,3390.00000000,3438.56000000,406.69090000,1648663199999,1388019.40063000,2169,152.37560000,521004.20950900,0
1648663200000,3438.41000000,3447.83000000,3395.95000000,3397.38000000,342.68130000,1648666799999,1175497.47311700,1608,174.58330000,599252.25926600,0
1648666800000,3397.78000000,3397.78000000,3373.43000000,3396.05000000,404.69030000,1648670399999,1370804.48394800,1504,95.96240000,324926.18942800,0
1648670400000,3396.81000000,3414.89000000,3387.92000000,3413.97000000,227.87220000,1648673999999,774362.30255700,845,86.11640000,292859.21702500,0
1648674000000,3414.36000000,3415.60000000,3383.09000000,3388.69000000,150.10630000,1648677599999,510252.54282900,655,77.11000000,262225.91381000,0
1648677600000,3389.27000000,3396.79000000,3372.20000000,3390.14000000,201.97710000,1648681199999,683688.60355500,729,130.88520000,442998.32921700,0
1648681200000,3390.88000000,3395.86000000,3378.60000000,3386.28000000,96.89550000,1648684799999,328386.55029000,491,44.42920000,150526.61251900,0
1648684800000,3386.82000000,3410.53000000,3378.88000000,3400.10000000,172.65850000,1648688399999,586547.99052700,935,84.13640000,285942.06229200,0
1648688400000,3400.85000000,3425.25000000,3400.04000000,3420.92000000,138.51770000,1648691999999,472413.64704200,795,88.18950000,300658.15877600,0
1648692000000,3423.22000000,3424.40000000,3403.87000000,3405.41000000,102.04290000,1648695599999,348176.65427900,578,49.87130000,170171.29710800,0
1648695600000,3404.64000000,3413.77000000,3393.28000000,3397.54000000,169.95910000,1648699199999,578159.34710700,757,41.21180000,140218.11904600,0
1648699200000,3398.23000000,3409.26000000,3389.92000000,3392.48000000,92.03840000,1648702799999,312880.72429600,580,48.38530000,164477.56211800,0
1648702800000,3391.83000000,3404.67000000,3386.19000000,3395.30000000,295.05790000,1648706399999,1002038.86157400,1040,134.90150000,458155.94455000,0
1648706400000,3395.22000000,3405.84000000,3391.02000000,3401.17000000,120.67720000,1648709999999,410062.89020400,574,69.97350000,237797.29085600,0
1648710000000,3401.21000000,3405.36000000,3394.57000000,3403.76000000,114.26850000,1648713599999,388596.91486700,469,47.34130000,160986.21134900,0
1648713600000,3403.46000000,3414.43000000,3396.70000000,3408.08000000,128.15230000,1648717199999,436668.58916800,730,70.09670000,238816.28380800,0
1648717200000,3409.81000000,3424.32000000,3398.72000000,3419.26000000,190.61760000,1648720799999,650001.81665600,788,114.12200000,389312.89870300,0
1648720800000,3419.27000000,3427.73000000,3412.69000000,3417.74000000,281.17750000,1648724399999,961959.63148400,1068,193.63580000,662549.94176900,0
1648724400000,3417.17000000,3418.03000000,3401.19000000,3410.70000000,323.58240000,1648727999999,1103256.74923700,957,77.59480000,264406.78637300,0
1648728000000,3410.78000000,3445.97000000,3404.96000000,3428.80000000,610.83590000,1648731599999,2094150.63957800,1799,264.14310000,903804.04910200,0
1648731600000,3430.83000000,3444.14000000,3380.00000000,3381.38000000,396.91750000,1648735199999,1351811.63464100,1518,191.34400000,651767.74220300,0
1648735200000,3380.56000000,3384.87000000,3336.52000000,3381.55000000,1154.65770000,1648738799999,3876330.15118500,3357,723.85190000,2428694.69526900,0
1648738800000,3381.17000000,3389.62000000,3347.29000000,3350.32000000,1378.37900000,1648742399999,4632407.03123000,1776,1184.23560000,3979694.46429100,0
1648742400000,3351.30000000,3354.58000000,3266.93000000,3271.41000000,2306.65420000,1648745999999,7663133.16577600,4694,522.75360000,1731668.99323300,0
1648746000000,3271.77000000,3303.68000000,3266.69000000,3295.16000000,570.23550000,1648749599999,1873228.91189300,1532,231.51710000,760174.02586200,0
1648749600000,3294.38000000,3309.35000000,3262.38000000,3309.35000000,277.76600000,1648753199999,912847.21806700,1223,136.47240000,448871.04710600,0
1648753200000,3308.16000000,3311.60000000,3283.06000000,3284.00000000,333.59030000,1648756799999,1099387.50364300,1096,83.62200000,275729.47307200,0
1648756800000,3286.64000000,3303.88000000,3280.15000000,3299.66000000,415.20110000,1648760399999,1367946.79270200,1025,95.14730000,313413.08376600,0
1648760400000,3299.19000000,3306.16000000,3288.76000000,3288.76000000,273.77420000,1648763999999,902952.95121900,683,72.23380000,238111.14444000,0
1648764000000,3289.14000000,3292.48000000,3274.59000000,3291.58000000,236.81710000,1648767599999,777950.57461900,849,74.45000000,244648.50202000,0
1648767600000,3290.51000000,3297.33000000,3264.62000000,3282.45000000,332.05430000,1648771199999,1089789.47303600,1144,102.64390000,336776.92489900,0
1648771200000,3283.52000000,3309.16000000,3273.08000000,3301.89000000,415.21300000,1648774799999,1367197.88576800,1733,222.40940000,732072.03620000,0
1648774800000,3300.39000000,3300.71000000,3251.04000000,3258.34000000,781.09310000,1648778399999,2553915.95540100,2000,191.50200000,626771.59356500,0
1648778400000,3257.91000000,3263.75000000,3211.55000000,3226.38000000,1132.93270000,1648781999999,3664929.65874500,3405,544.33180000,1758986.75442400,0
1648782000000,3224.28000000,3250.74000000,3220.05000000,3250.73000000,373.32700000,1648785599999,1207685.20739400,1547,162.35790000,525237.83493400,0
1648785600000,3250.89000000,3259.77000000,3243.49000000,3248.45000000,305.74690000,1648789199999,994915.71881500,1091,125.70430000,409136.82312200,0
1648789200000,3248.71000000,3267.14000000,3243.70000000,3251.74000000,361.96590000,1648792799999,1178755.63504900,1426,162.94640000,530698.57763600,0
1648792800000,3252.71000000,3265.33000000,3246.15000000,3264.60000000,301.67890000,1648796399999,982480.13929200,1209,136.48070000,444717.35520800,0
1648796400000,3264.79000000,3284.30000000,3262.41000000,3280.33000000,387.59470000,1648799999999,1268230.28342800,1672,210.35900000,688360.95678200,0
1648800000000,3280.89000000,3295.73000000,3277.97000000,3280.50000000,667.05200000,1648803599999,2191522.89774100,1651,199.83910000,656624.94629600,0
1648803600000,3280.66000000,3286.60000000,3270.23000000,3274.89000000,306.56050000,1648807199999,1004753.39196100,1110,220.62380000,723041.78533100,0
1648807200000,3274.29000000,3285.84000000,3269.48000000,3285.84000000,209.31400000,1648810799999,686078.80508600,1145,113.07190000,370608.80893600,0
1648810800000,3285.85000000,3304.86000000,3281.69000000,3286.37000000,1771.54170000,1648814399999,5826940.60226600,2680,1387.03060000,4561736.78595200,0
1648814400000,3286.37000000,3314.99000000,3262.26000000,3309.94000000,741.43450000,1648817999999,2438467.50227100,2759,367.46720000,1207480.53858700,0
1648818000000,3309.38000000,3367.42000000,3309.38000000,3351.04000000,876.18210000,1648821599999,2926075.02427900,2429,477.70980000,1596084.78916500,0
1648821600000,3351.47000000,3425.32000000,3351.47000000,3423.25000000,561.79670000,1648825199999,1903177.81139900,2263,313.94590000,1063761.50272500,0
1648825200000,3423.18000000,3489.00000000,3416.48000000,3433.92000000,1687.51860000,1648828799999,5808194.77939800,3882,827.48380000,2851607.37716500,0
1648828800000,3432.93000000,3446.41000000,3411.08000000,3411.08000000,367.52330000,1648832399999,1259645.58054600,1575,180.17530000,617506.14164700,0
1648832400000,3412.45000000,3475.68000000,3406.01000000,3470.75000000,516.33930000,1648835999999,1781370.31916400,1960,281.68470000,972729.91555900,0
1648836000000,3469.95000000,3482.75000000,3447.80000000,3464.99000000,479.76000000,1648839599999,1662103.79193000,1800,257.25040000,891543.82171900,0
1648839600000,3465.53000000,3471.83000000,3447.31000000,3470.60000000,295.63820000,1648843199999,1022747.52269900,1045,126.95090000,438859.37785200,0
1648843200000,3470.61000000,3473.60000000,3438.42000000,3443.26000000,1156.07830000,1648846799999,4002241.12214100,1855,623.50050000,2157328.12566900,0
1648846800000,3441.71000000,3463.15000000,3441.71000000,3452.37000000,113.97820000,1648850399999,393718.36986300,464,62.92740000,217328.13396300,0
1648850400000,3451.91000000,3458.32000000,3431.83000000,3451.96000000,226.81700000,1648853999999,781950.32536400,756,97.48530000,335975.72203600,0
1648854000000,3452.08000000,3457.62000000,3427.39000000,3455.94000000,280.28550000,1648857599999,964876.27182300,721,143.37120000,493758.45890700,0
1648857600000,3455.86000000,3524.30000000,3440.04000000,3512.40000000,908.66880000,1648861199999,3164127.08142300,2605,648.80590000,2260726.33096800,0
1648861200000,3515.66000000,3523.27000000,3469.33000000,3483.38000000,688.74500000,1648864799999,2403577.07043400,2368,322.08940000,1123468.60206500,0
1648864800000,3484.38000000,3496.14000000,3445.62000000,3470.38000000,329.33040000,1648868399999,1144215.26996700,1527,161.37540000,560493.51244900,0
1648868400000,3470.11000000,3475.22000000,3454.10000000,3475.22000000,595.79600000,1648871999999,2061984.63832100,1033,376.25480000,1301553.20187500,0
1648872000000,3475.94000000,3490.23000000,3463.73000000,3479.68000000,234.20990000,1648875599999,813943.16567700,881,125.59210000,436528.71305100,0
1648875600000,3480.07000000,3500.95000000,3466.04000000,3481.99000000,426.06810000,1648879199999,1482700.22764200,1053,245.34720000,854200.12325400,0
1648879200000,3481.98000000,3494.67000000,3473.00000000,3490.06000000,611.88950000,1648882799999,2131824.59023000,1276,161.37030000,561946.46884400,0
1648882800000,3489.92000000,3496.72000000,3473.53000000,3486.62000000,363.05320000,1648886399999,1264546.76058400,1400,197.03430000,686487.17673900,0
1648886400000,3485.70000000,3485.77000000,3471.66000000,3478.78000000,254.02890000,1648889999999,883905.26066000,978,160.67960000,559075.41582800,0
1648890000000,3478.89000000,3498.59000000,3473.53000000,3496.38000000,367.97440000,1648893599999,1281929.03009200,1114,221.37210000,771009.86170600,0
1648893600000,3496.06000000,3497.15000000,3478.00000000,3495.09000000,1083.49290000,1648897199999,3775398.58622100,1904,326.54280000,1138106.88458800,0
1648897200000,3495.32000000,3499.99000000,3488.33000000,3488.44000000,1147.14050000,1648900799999,4004995.79226900,1826,170.70890000,596157.48937200,0
1648900800000,3488.65000000,3533.02000000,3463.40000000,3508.57000000,1779.27990000,1648904399999,6215911.92269700,3648,437.30950000,1532335.18738900,0
1648904400000,3509.05000000,3530.24000000,3501.00000000,3504.91000000,826.85760000,1648907999999,2904095.72996400,1807,249.39400000,877297.10577700,0
1648908000000,3505.71000000,3511.54000000,3482.79000000,3491.01000000,717.82710000,1648911599999,2508580.20758700,1567,237.22570000,829213.68781500,0
1648911600000,3490.10000000,3490.84000000,3446.60000000,3462.64000000,1021.28460000,1648915199999,3534206.88556500,2246,736.55330000,2546972.55076500,0
1648915200000,3462.35000000,3488.09000000,3450.05000000,3476.84000000,519.69480000,1648918799999,1804993.83079700,1783,207.97480000,722175.86118200,0
1648918800000,3477.63000000,3488.62000000,3467.23000000,3478.16000000,351.55160000,1648922399999,1224162.33991700,1291,145.32120000,505966.54080000,0
1648922400000,3477.79000000,3484.70000000,3434.04000000,3450.73000000,834.02660000,1648925999999,2886811.89172200,2459,373.80400000,1292738.44388200,0
1648926000000,3451.69000000,3482.79000000,3450.38000000,3470.86000000,226.73800000,1648929599999,786687.02679200,975,101.19220000,351051.22379600,0
1648929600000,3471.84000000,3487.04000000,3455.22000000,3472.01000000,334.68550000,1648933199999,1163346.78850800,1272,168.42590000,585244.84554300,0
1648933200000,3470.40000000,3479.88000000,3452.87000000,3479.88000000,168.80700000,1648936799999,585332.06220400,679,62.40170000,216388.82324100,0
1648936800000,3479.14000000,3487.56000000,3457.28000000,3468.73000000,540.14870000,1648940399999,1877127.45649700,1174,149.00300000,517337.74548700,0
1648940400000,3467.78000000,3472.91000000,3435.43000000,3444.60000000,287.99940000,1648943999999,994777.61820100,983,126.93570000,438325.11502300,0
1648944000000,3445.14000000,3468.06000000,3442.66000000,3467.68000000,280.42720000,1648947599999,969689.64329600,1213,138.01420000,477100.18320500,0
1648947600000,3467.29000000,3467.82000000,3414.07000000,3441.09000000,337.14510000,1648951199999,1158152.92141500,1592,155.68310000,534602.76414400,0
1648951200000,3439.82000000,3451.36000000,3430.46000000,3432.00000000,224.70280000,1648954799999,773390.12829900,1059,108.64960000,373945.32696800,0
1648954800000,3431.94000000,3464.31000000,3428.75000000,3457.49000000,274.65410000,1648958399999,948824.95863600,1251,122.67210000,423646.55949200,0
1648958400000,3457.74000000,3476.98000000,3452.97000000,3476.98000000,221.99830000,1648961999999,769567.33875300,997,121.50930000,421288.53228100,0
1648962000000,3477.27000000,3482.93000000,3471.92000000,3477.44000000,554.75010000,1648965599999,1928730.68488900,1278,123.19840000,428416.68102100,0
1648965600000,3478.02000000,3509.39000000,3472.90000000,3506.57000000,545.44940000,1648969199999,1907734.95983200,1762,326.24230000,1141340.32381100,0
1648969200000,3506.87000000,3509.06000000,3482.78000000,3491.31000000,363.60560000,1648972799999,1269803.60181500,1551,156.93720000,547825.58479400,0
1648972800000,3491.36000000,3499.70000000,3474.52000000,3477.18000000,235.69860000,1648976399999,822132.61752800,1176,108.29080000,377787.00024300,0
1648976400000,3477.45000000,3511.71000000,3471.66000000,3495.45000000,322.53920000,1648979999999,1127165.13295000,1402,151.73600000,529929.27226600,0
1648980000000,3496.18000000,3499.98000000,3479.32000000,3485.34000000,233.19080000,1648983599999,813064.63747700,1135,137.44350000,479119.09354300,0
1648983600000,3485.25000000,3493.21000000,3473.31000000,3486.33000000,253.26840000,1648987199999,881968.28652700,1136,166.04790000,578141.23626300,0
1648987200000,3486.02000000,3502.80000000,3479.45000000,3494.51000000,364.31610000,1648990799999,1273293.12615200,1624,190.89620000,667136.36719000,0
1648990800000,3495.53000000,3513.67000000,3488.52000000,3500.24000000,452.55950000,1648994399999,1584711.66993800,1796,227.02050000,794792.33382700,0
1648994400000,3500.71000000,3513.56000000,3482.19000000,3513.50000000,500.45970000,1648997999999,1750808.97294100,1477,143.68430000,502158.02574700,0
1648998000000,3513.87000000,3521.25000000,3500.10000000,3501.13000000,441.63480000,1649001599999,1551037.68964400,1497,272.05620000,955477.00122600,0
1649001600000,3501.09000000,3516.63000000,3484.94000000,3489.00000000,344.03650000,1649005199999,1202372.85496800,1041,183.45990000,641299.18511100,0
1649005200000,3490.17000000,3495.96000000,3480.48000000,3494.58000000,257.73350000,1649008799999,899568.87188300,804,133.43340000,465715.29263700,0
1649008800000,3494.85000000,3521.29000000,3489.12000000,3509.71000000,254.48350000,1649012399999,892158.49670100,872,126.59550000,443692.40978600,0
1649012400000,3509.70000000,3517.40000000,3487.95000000,3488.87000000,344.71230000,1649015999999,1207380.87708400,1102,137.02000000,479551.80414700,0
1649016000000,3489.54000000,3506.06000000,3487.33000000,3493.83000000,169.64000000,1649019599999,593366.02310200,607,68.34940000,239012.23297400,0
1649019600000,3493.60000000,3528.20000000,3490.01000000,3528.20000000,234.41610000,1649023199999,823027.28669700,670,129.14830000,453374.91520300,0
1649023200000,3528.42000000,3588.78000000,3516.93000000,3544.09000000,1072.67380000,1649026799999,3813377.47977700,2521,372.49650000,1325103.63547800,0
1649026800000,3546.03000000,3546.45000000,3501.85000000,3522.04000000,473.45670000,1649030399999,1668935.19941000,1369,201.72320000,711252.05581500,0
1649030400000,3522.85000000,3524.06000000,3470.34000000,3475.32000000,701.56840000,1649033999999,2449453.52366600,1899,488.40650000,1704020.52661200,0
1649034000000,3476.23000000,3494.85000000,3473.55000000,3487.24000000,206.60680000,1649037599999,720325.11396900,866,96.56410000,336619.94078000,0
1649037600000,3486.33000000,3504.20000000,3479.25000000,3502.69000000,321.88450000,1649041199999,1124804.52163800,946,114.92880000,401775.44757300,0
1649041200000,3502.48000000,3509.22000000,3489.48000000,3490.74000000,371.42840000,1649044799999,1301396.81053800,887,74.30580000,260305.93020100,0
1649044800000,3490.69000000,3507.36000000,3480.91000000,3497.91000000,230.09890000,1649048399999,804822.40354300,1026,122.06590000,426902.22486900,0
1649048400000,3497.95000000,3508.43000000,3491.24000000,3506.80000000,223.31100000,1649051999999,782133.01897400,808,111.46300000,390425.00377000,0
1649052000000,3507.00000000,3510.73000000,3499.72000000,3503.55000000,210.40020000,1649055599999,737447.75228200,806,95.48310000,334578.82263300,0
1649055600000,3503.88000000,3512.77000000,3492.23000000,3503.04000000,610.46430000,1649059199999,2135761.89596300,1398,182.66280000,639527.85671300,0
1649059200000,3503.65000000,3507.03000000,3485.47000000,3493.91000000,657.69630000,1649062799999,2297643.48222200,1519,148.09430000,517696.24979900,0
1649062800000,3495.12000000,3496.53000000,3463.42000000,3468.69000000,1575.10290000,1649066399999,5483276.11458600,2809,313.40590000,1091184.74919200,0
1649066400000,3467.33000000,3482.97000000,3450.00000000,3458.30000000,1164.84730000,1649069999999,4032856.92511600,3150,318.24650000,1102659.80476100,0
1649070000000,3457.88000000,3482.42000000,3452.67000000,3479.93000000,498.87530000,1649073599999,1732337.90240100,1747,233.96380000,812396.53575100,0
1649073600000,3479.70000000,3494.52000000,3459.43000000,3468.67000000,312.77920000,1649077199999,1087546.31144400,1517,142.12320000,494093.71952300,0
1649077200000,3467.29000000,3487.13000000,3452.48000000,3481.27000000,715.81180000,1649080799999,2481984.11779400,2041,335.38340000,1163665.65060700,0
1649080800000,3481.09000000,3488.70000000,3444.14000000,3448.13000000,1027.09020000,1649084399999,3559020.14216100,2482,480.47860000,1666298.76381500,0
1649084400000,3448.07000000,3452.74000000,3421.77000000,3424.52000000,1048.74080000,1649087999999,3597803.82389600,2531,736.16380000,2524504.41082500,0
1649088000000,3425.83000000,3456.47000000,3417.32000000,3450.74000000,1084.53000000,1649091599999,3725290.43569500,2279,785.81550000,2696829.86432800,0
1649091600000,3450.56000000,3461.72000000,3420.54000000,3438.81000000,504.29690000,1649095199999,1735286.39924500,1786,315.89400000,1086491.47161700,0
1649095200000,3436.94000000,3464.57000000,3409.73000000,3461.78000000,500.38190000,1649098799999,1720160.93119800,1913,277.77890000,954959.80486700,0
1649098800000,3463.36000000,3500.00000000,3463.36000000,3491.68000000,744.12180000,1649102399999,2593767.29683900,1932,277.88810000,967897.50579200,0
1649102400000,3493.64000000,3519.91000000,3475.00000000,3510.30000000,663.77050000,1649105999999,2324661.99200400,1976,250.69060000,877534.98230900,0
1649106000000,3511.12000000,3520.77000000,3497.80000000,3509.14000000,250.43060000,1649109599999,879595.39684800,982,146.48430000,514356.64422100,0
1649109600000,3510.30000000,3547.82000000,3499.66000000,3527.47000000,291.78800000,1649113199999,1027629.95944500,1368,156.89000000,552502.18727000,0
1649113200000,3527.74000000,3541.03000000,3516.15000000,3520.72000000,307.41480000,1649116799999,1084675.68999900,1200,131.71290000,464475.61686500,0
1649116800000,3520.18000000,3524.77000000,3501.59000000,3507.53000000,339.43910000,1649120399999,1192933.36971000,1401,195.12030000,685841.92623500,0
1649120400000,3508.25000000,3523.39000000,3504.32000000,3519.90000000,170.72110000,1649123999999,599604.42955700,953,68.78150000,241598.41399800,0
1649124000000,3520.95000000,3528.04000000,3510.78000000,3515.74000000,139.56430000,1649127599999,491101.19821000,747,83.71440000,294624.11053200,0
1649127600000,3515.26000000,3535.52000000,3515.26000000,3524.52000000,187.27410000,1649131199999,659990.51672600,1014,101.35390000,357210.29794700,0
1649131200000,3524.63000000,3535.58000000,3517.12000000,3524.66000000,242.41710000,1649134799999,854483.46789100,1116,148.50080000,523480.78534600,0
1649134800000,3524.66000000,3528.30000000,3518.91000000,3521.62000000,175.59120000,1649138399999,618555.22897800,830,94.50690000,332941.19465100,0
1649138400000,3520.60000000,3523.65000000,3510.00000000,3519.08000000,276.17950000,1649141999999,971709.37230000,1302,131.51510000,462644.36168700,0
1649142000000,3519.64000000,3536.77000000,3514.50000000,3528.04000000,220.86500000,1649145599999,779135.57933100,1247,108.71930000,383536.81206500,0
1649145600000,3528.00000000,3530.40000000,3514.81000000,3525.38000000,246.62660000,1649149199999,868881.34618100,1262,151.89780000,535162.22604500,0
1649149200000,3525.61000000,3528.53000000,3508.84000000,3510.09000000,217.66890000,1649152799999,766374.66367300,1030,127.57630000,449179.48313300,0
1649152800000,3509.98000000,3521.46000000,3504.49000000,3517.01000000,255.99340000,1649156399999,899824.93591300,1191,154.76460000,543878.88231000,0
1649156400000,3517.02000000,3525.87000000,3510.59000000,3523.71000000,215.70950000,1649159999999,759229.35833700,1043,111.26120000,391546.32536900,0
1649160000000,3523.68000000,3555.49000000,3509.70000000,3509.70000000,1419.86400000,1649163599999,5021116.31125700,3607,646.45210000,2284671.64389000,0
1649163600000,3509.14000000,3517.49000000,3466.87000000,3479.03000000,1341.57520000,1649167199999,4678072.95857200,3368,493.30090000,1719834.48716300,0
1649167200000,3478.91000000,3484.36000000,3440.77000000,3452.49000000,2867.51340000,1649170799999,9902166.26488100,5556,1081.55420000,3735077.48617300,0
1649170800000,3452.90000000,3468.90000000,3445.00000000,3454.05000000,1363.27990000,1649174399999,4706946.52240700,2512,399.66000000,1381263.52843800,0
1649174400000,3453.36000000,3477.41000000,3436.07000000,3464.87000000,3571.22790000,1649177999999,12314976.64618000,4644,653.85160000,2258054.87688600,0
1649178000000,3465.58000000,3478.62000000,3449.64000000,3452.11000000,424.50410000,1649181599999,1471031.04531600,1437,223.44550000,774333.30769900,0
1649181600000,3452.02000000,3457.67000000,3443.31000000,3444.87000000,463.40870000,1649185199999,1598601.69667300,1173,325.51690000,1122735.33899900,0
1649185200000,3446.07000000,3468.08000000,3420.00000000,3465.51000000,1367.18760000,1649188799999,4697430.48216000,2495,253.47680000,872897.96560600,0
1649188800000,3466.98000000,3472.96000000,3418.48000000,3442.66000000,968.41220000,1649192399999,3341324.82115200,2188,660.08030000,2277307.56332500,0
1649192400000,3442.84000000,3454.72000000,3426.28000000,3453.77000000,280.66200000,1649195999999,965124.45578100,866,165.10330000,567870.70016400,0
1649196000000,3453.94000000,3462.27000000,3436.63000000,3444.55000000,335.49510000,1649199599999,1156345.99118500,989,209.32280000,721288.58041800,0
1649199600000,3444.27000000,3449.41000000,3398.11000000,3406.93000000,364.98780000,1649203199999,1249512.29218000,1559,164.12710000,561646.27110500,0
1649203200000,3407.00000000,3407.00000000,3268.96000000,3325.04000000,4026.61780000,1649206799999,13439097.78721200,8053,1977.93050000,6636451.89051200,0
1649206800000,3325.03000000,3381.40000000,3322.64000000,3344.93000000,491.04300000,1649210399999,1642299.36577000,1677,304.56330000,1019890.29810900,0
1649210400000,3344.92000000,3357.77000000,3340.35000000,3343.39000000,385.66240000,1649213999999,1291772.13060300,1194,142.64940000,477867.94303400,0
1649214000000,3343.28000000,3351.34000000,3337.04000000,3342.33000000,238.42430000,1649217599999,797352.23533600,830,103.16880000,345059.44366700,0
1649217600000,3343.99000000,3361.70000000,3322.27000000,3359.58000000,437.40360000,1649221199999,1462041.86742100,1453,170.49570000,570661.84261200,0
1649221200000,3360.51000000,3373.92000000,3356.84000000,3369.16000000,284.93560000,1649224799999,959353.14507100,1153,136.65660000,460047.81893500,0
1649224800000,3369.53000000,3374.10000000,3352.27000000,3368.99000000,1122.14660000,1649228399999,3771855.08273300,2385,661.29910000,2222997.64161600,0
1649228400000,3369.51000000,3373.15000000,3342.27000000,3346.03000000,874.18690000,1649231999999,2935330.22193600,1784,348.65400000,1172001.23831400,0
1649232000000,3346.24000000,3360.58000000,3333.19000000,3356.97000000,562.40820000,1649235599999,1881470.98230800,1668,265.30220000,887722.95497300,0
1649235600000,3356.48000000,3359.43000000,3334.62000000,3348.52000000,277.75570000,1649239199999,929423.50353200,1064,102.48540000,342802.90156300,0
1649239200000,3348.30000000,3355.84000000,3317.69000000,3327.88000000,3027.22610000,1649242799999,10088380.42682000,4104,404.27040000,1349105.66305500,0
1649242800000,3328.47000000,3332.43000000,3281.84000000,3305.47000000,3628.66660000,1649246399999,12024982.42017100,5732,903.61200000,2988975.15151600,0
1649246400000,3305.57000000,3329.36000000,3290.00000000,3308.00000000,4323.65340000,1649249999999,14295893.04728300,6149,555.94280000,1840303.91507300,0
1649250000000,3307.19000000,3321.63000000,3251.19000000,3255.50000000,4229.56640000,1649253599999,13905631.45038000,6990,615.57130000,2024231.36854200,0
1649253600000,3255.50000000,3274.37000000,3229.54000000,3258.78000000,1801.61830000,1649257199999,5850546.35323600,4153,1182.82510000,3839993.60664200,0
1649257200000,3257.13000000,3265.83000000,3216.51000000,3255.90000000,972.53790000,1649260799999,3154517.58862000,2766,688.50300000,2233010.70286100,0
1649260800000,3256.37000000,3261.84000000,3182.01000000,3212.59000000,934.60740000,1649264399999,3007825.31071200,3071,497.36670000,1601446.41741700,0
1649264400000,3212.41000000,3229.76000000,3180.00000000,3218.42000000,1518.49970000,1649267999999,4860273.05865400,3150,1159.27720000,3709446.88534900,0
1649268000000,3218.12000000,3264.81000000,3172.08000000,3237.77000000,1278.84270000,1649271599999,4111638.49948400,4590,673.14260000,2164070.41366000,0
1649271600000,3237.36000000,3248.90000000,3205.32000000,3224.30000000,876.24980000,1649275199999,2826440.10890600,2511,560.36270000,1806618.04000100,0
1649275200000,3224.82000000,3240.19000000,3198.22000000,3234.23000000,530.58640000,1649278799999,1707711.69138900,1662,234.63580000,755539.50060300,0
1649278800000,3232.82000000,3240.52000000,3218.30000000,3226.59000000,137.83070000,1649282399999,445126.10708300,738,60.22670000,194505.45703900,0
1649282400000,3223.37000000,3231.86000000,3185.96000000,3188.95000000,1292.03300000,1649285999999,4160109.20922600,1264,100.70870000,322524.85361400,0
1649286000000,3189.14000000,3207.86000000,3163.20000000,3168.68000000,373.73820000,1649289599999,1191851.44134600,1564,222.18880000,708834.13675200,0
1649289600000,3167.76000000,3206.39000000,3143.83000000,3155.35000000,1358.28690000,1649293199999,4302666.64632100,3224,504.47970000,1598471.93847300,0
1649293200000,3152.48000000,3196.12000000,3150.12000000,3191.86000000,397.35190000,1649296799999,1262222.10609000,1448,206.21110000,654579.49637400,0
1649296800000,3193.39000000,3201.02000000,3168.88000000,3184.87000000,313.11910000,1649300399999,997430.35963300,1257,175.56010000,559343.51301000,0
1649300400000,3184.55000000,3192.94000000,3168.74000000,3186.18000000,355.59170000,1649303999999,1131234.03589300,1414,245.17940000,779717.66584500,0
1649304000000,3187.57000000,3212.18000000,3184.49000000,3206.57000000,355.65420000,1649307599999,1137467.49803100,1567,160.63640000,513691.50568400,0
1649307600000,3206.09000000,3219.82000000,3196.98000000,3218.95000000,482.55860000,1649311199999,1546498.82144500,1812,218.18270000,699271.76112700,0
1649311200000,3218.92000000,3223.08000000,3202.35000000,3213.61000000,410.40500000,1649314799999,1318634.32860000,1515,212.01640000,681094.49421400,0
1649314800000,3214.26000000,3234.83000000,3210.00000000,3225.65000000,280.77730000,1649318399999,905483.51330400,1200,142.61260000,460201.08085500,0
1649318400000,3225.60000000,3233.19000000,3217.42000000,3225.06000000,239.67550000,1649321999999,772710.64083600,1095,127.58200000,411232.41163600,0
1649322000000,3224.19000000,3231.09000000,3203.78000000,3227.33000000,534.37060000,1649325599999,1718831.81855700,1466,294.88930000,948641.39920800,0
1649325600000,3227.39000000,3230.38000000,3215.59000000,3222.93000000,385.33070000,1649329199999,1242454.16484000,1218,173.49560000,559333.31737200,0
1649329200000,3223.33000000,3261.84000000,3210.23000000,3250.83000000,961.22750000,1649332799999,3111273.25578400,2852,504.13640000,1631345.98084600,0
1649332800000,3250.45000000,3268.76000000,3229.26000000,3230.81000000,442.29070000,1649336399999,1438360.71263600,1810,230.26970000,748835.20316200,0
1649336400000,3231.24000000,3237.18000000,3200.01000000,3229.15000000,965.43250000,1649339999999,3106692.04082800,3101,751.04050000,2416365.64028800,0
1649340000000,3230.30000000,3239.71000000,3182.18000000,3190.10000000,3262.05440000,1649343599999,10447896.38242900,5078,928.00270000,2973771.58322700,0
1649343600000,3189.19000000,3202.64000000,3160.10000000,3199.77000000,4973.27830000,1649347199999,15821549.08626000,7190,1417.84630000,4513172.42866500,0
1649347200000,3198.92000000,3221.83000000,3195.52000000,3220.92000000,1981.78050000,1649350799999,6354609.73439600,3442,608.54230000,1951626.31632400,0
1649350800000,3221.47000000,3238.18000000,3214.15000000,3227.38000000,930.85030000,1649354399999,3001277.87701900,2206,582.73070000,1878874.23855700,0
1649354400000,3228.19000000,3241.06000000,3222.27000000,3240.01000000,1016.56970000,1649357999999,3280866.85748500,2240,534.85080000,1726237.77572600,0
1649358000000,3238.96000000,3247.78000000,3216.78000000,3216.78000000,396.95660000,1649361599999,1283433.07793700,1220,158.09660000,510922.56322800,0
1649361600000,3216.76000000,3243.86000000,3216.76000000,3239.12000000,273.69190000,1649365199999,883947.64724700,1240,149.03890000,481261.94389400,0
1649365200000,3240.52000000,3243.34000000,3198.10000000,3220.10000000,223.88110000,1649368799999,721793.84488800,1009,96.73120000,311626.50723700,0
1649368800000,3219.65000000,3236.65000000,3214.66000000,3236.58000000,277.45890000,1649372399999,894856.02419300,631,175.99700000,567458.55796300,0
1649372400000,3236.13000000,3259.59000000,3227.20000000,3228.19000000,418.63910000,1649375999999,1358180.13335500,1588,234.27100000,759596.77195900,0
1649376000000,3227.16000000,3245.33000000,3217.86000000,3219.26000000,386.61740000,1649379599999,1248768.45917500,1764,230.68460000,744866.99792200,0
1649379600000,3218.29000000,3256.10000000,3216.76000000,3248.26000000,356.71200000,1649383199999,1154686.56004500,1299,212.22050000,686700.04246200,0
1649383200000,3248.42000000,3276.32000000,3244.32000000,3260.90000000,380.88220000,1649386799999,1242319.88920300,1556,172.89760000,563996.02698900,0
1649386800000,3260.72000000,3269.92000000,3254.35000000,3267.40000000,181.50730000,1649390399999,591983.18043700,830,99.29110000,323841.06058900,0
1649390400000,3267.81000000,3274.30000000,3253.09000000,3258.84000000,188.19480000,1649393999999,613836.20611000,850,88.81300000,289662.80237600,0
1649394000000,3259.08000000,3274.23000000,3249.75000000,3270.71000000,283.94510000,1649397599999,927074.34080300,1064,102.64140000,335266.98246500,0
1649397600000,3270.49000000,3272.81000000,3250.41000000,3267.29000000,517.52930000,1649401199999,1690077.45112700,1788,260.14400000,849348.52068400,0
1649401200000,3267.39000000,3287.73000000,3245.15000000,3286.73000000,528.08180000,1649404799999,1723457.79067400,2251,255.62510000,834051.64938600,0
1649404800000,3287.00000000,3315.47000000,3283.77000000,3293.38000000,1125.38070000,1649408399999,3710587.64496800,2876,448.89580000,1480067.62098900,0
1649408400000,3292.53000000,3301.61000000,3279.82000000,3289.77000000,425.74390000,1649411999999,1401192.56344800,1516,223.78060000,736405.02902400,0
1649412000000,3291.20000000,3293.49000000,3273.75000000,3286.76000000,337.58680000,1649415599999,1107823.39800600,1558,149.53680000,490701.03324700,0
1649415600000,3286.54000000,3286.66000000,3255.18000000,3259.24000000,703.93190000,1649419199999,2301570.39570700,2285,225.36050000,736598.65226700,0
1649419200000,3257.47000000,3271.47000000,3226.03000000,3237.90000000,484.77770000,1649422799999,1577374.30305000,1962,245.26690000,798024.79909500,0
1649422800000,3236.28000000,3241.16000000,3212.26000000,3227.44000000,472.79590000,1649426399999,1525272.62578100,1999,254.81740000,822082.75621100,0
1649426400000,3227.09000000,3304.41000000,3226.67000000,3292.63000000,1377.96210000,1649429999999,4511009.67768800,3776,484.34580000,1584358.40168000,0
1649430000000,3291.30000000,3307.06000000,3273.83000000,3282.23000000,668.02390000,1649433599999,2197223.77668600,2080,263.20100000,865619.06203500,0
1649433600000,3281.98000000,3292.77000000,3259.43000000,3266.96000000,349.03490000,1649437199999,1143838.05048900,1453,173.19430000,567721.36890200,0
1649437200000,3268.57000000,3270.45000000,3229.09000000,3246.32000000,959.24110000,1649440799999,3109375.35533400,2103,446.69520000,1448276.60485400,0
1649440800000,3245.70000000,3281.11000000,3215.03000000,3257.50000000,667.42550000,1649444399999,2163063.92435100,2188,342.54110000,1110086.34570500,0
1649444400000,3259.71000000,3275.31000000,3231.50000000,3239.97000000,440.26210000,1649447999999,1433337.14380900,1514,191.33390000,621678.16837700,0
1649448000000,3237.98000000,3251.49000000,3229.57000000,3251.48000000,379.06350000,1649451599999,1229964.74400400,944,232.79040000,755257.90988500,0
1649451600000,3250.27000000,3257.95000000,3214.71000000,3222.60000000,152.49990000,1649455199999,493051.68419300,657,90.85840000,293542.96681500,0
1649455200000,3221.60000000,3228.99000000,3186.29000000,3191.23000000,496.72050000,1649458799999,1591696.12631300,1382,239.89120000,768604.51955800,0
1649458800000,3191.41000000,3198.08000000,3173.83000000,3194.84000000,322.54790000,1649462399999,1027728.11437400,1257,181.16900000,577157.07012300,0
1649462400000,3192.75000000,3217.40000000,3190.47000000,3216.13000000,441.17260000,1649465999999,1412816.12225500,2171,212.27090000,679815.16522900,0
1649466000000,3216.12000000,3225.00000000,3202.34000000,3217.27000000,248.53550000,1649469599999,799099.53803900,1041,127.01120000,408354.85773100,0
1649469600000,3217.39000000,3223.87000000,3184.19000000,3187.78000000,151.15960000,1649473199999,484182.51591200,909,75.20770000,241070.17339100,0
1649473200000,3188.52000000,3218.47000000,3182.05000000,3209.68000000,242.79510000,1649476799999,777137.16137500,1152,137.15250000,438914.56787500,0
1649476800000,3209.93000000,3220.11000000,3204.79000000,3206.66000000,106.61760000,1649480399999,342439.80858300,548,46.26730000,148628.79915400,0
1649480400000,3210.06000000,3228.05000000,3203.97000000,3225.80000000,145.26810000,1649483999999,467049.68792300,736,79.48540000,255533.05935100,0
1649484000000,3225.70000000,3226.31000000,3199.62000000,3202.14000000,319.37840000,1649487599999,1025267.36141600,1165,121.40530000,389826.13212900,0
1649487600000,3202.15000000,3214.45000000,3191.33000000,3210.55000000,214.09250000,1649491199999,685579.96247300,837,107.98200000,345995.41506300,0
1649491200000,3210.51000000,3217.10000000,3201.45000000,3209.34000000,152.26310000,1649494799999,488480.07009500,686,81.95570000,262994.22825200,0
1649494800000,3210.25000000,3213.84000000,3200.53000000,3208.45000000,144.94740000,1649498399999,464967.08441400,789,71.16230000,228304.53407200,0
1649498400000,3208.26000000,3213.16000000,3193.45000000,3212.72000000,220.56560000,1649501999999,707019.56898800,977,119.88900000,384348.16558800,0
1649502000000,3213.05000000,3217.27000000,3207.19000000,3210.57000000,147.16300000,1649505599999,472624.41691300,893,91.00250000,292226.47328800,0
1649505600000,3210.99000000,3232.04000000,3204.12000000,3229.27000000,237.76370000,1649509199999,764559.16083000,1107,152.94000000,491887.23195600,0
1649509200000,3230.07000000,3234.49000000,3219.68000000,3222.17000000,202.37830000,1649512799999,653012.19722800,1029,108.12490000,348835.71304100,0
1649512800000,3222.57000000,3229.76000000,3208.69000000,3229.72000000,277.77520000,1649516399999,893962.59413000,1188,157.60130000,507135.18866900,0
1649516400000,3228.61000000,3230.43000000,3200.03000000,3209.99000000,315.66630000,1649519999999,1015544.83544800,1401,175.21280000,563762.33210600,0
1649520000000,3209.53000000,3246.44000000,3203.21000000,3221.61000000,280.45010000,1649523599999,904491.00497500,828,182.73960000,589970.92143100,0
1649523600000,3221.18000000,3249.71000000,3207.28000000,3242.42000000,420.23370000,1649527199999,1356873.58719200,1159,158.68920000,512926.68656800,0
1649527200000,3242.48000000,3246.57000000,3230.15000000,3234.02000000,90.37620000,1649530799999,292465.10802200,541,45.35360000,146724.57780500,0
1649530800000,3233.82000000,3240.56000000,3230.33000000,3234.91000000,158.63050000,1649534399999,513311.13418200,654,93.14580000,301385.48541200,0
1649534400000,3233.94000000,3251.14000000,3223.40000000,3223.40000000,160.41020000,1649537999999,519626.62260300,619,70.34490000,227901.57374300,0
1649538000000,3223.49000000,3251.01000000,3223.11000000,3237.30000000,95.68770000,1649541599999,309623.06095700,485,45.45620000,147065.84629300,0
1649541600000,3238.01000000,3251.36000000,3238.01000000,3248.10000000,99.82620000,1649545199999,324173.86357200,571,48.21590000,156568.70934800,0
1649545200000,3248.29000000,3269.29000000,3242.27000000,3259.12000000,251.45860000,1649548799999,819315.35004500,1179,123.13070000,401115.47757700,0
1649548800000,3259.84000000,3263.37000000,3247.22000000,3250.39000000,236.21150000,1649552399999,768814.75448700,945,106.71810000,347373.91155600,0
1649552400000,3250.86000000,3266.24000000,3247.78000000,3258.29000000,107.71250000,1649555999999,350924.14000800,658,53.88890000,175582.61705300,0
1649556000000,3258.02000000,3261.48000000,3253.14000000,3261.28000000,90.21130000,1649559599999,293789.31914300,477,46.12320000,150213.67307800,0
1649559600000,3261.55000000,3268.77000000,3256.55000000,3258.25000000,119.71770000,1649563199999,390526.62760800,573,49.66120000,161994.51383900,0
1649563200000,3257.86000000,3263.22000000,3253.07000000,3253.08000000,100.64540000,1649566799999,327675.32180900,540,47.93420000,156054.56842700,0
1649566800000,3253.45000000,3259.12000000,3243.52000000,3245.55000000,84.06320000,1649570399999,273244.43482700,505,38.70470000,125827.35339400,0
1649570400000,3245.66000000,3256.90000000,3240.53000000,3251.88000000,148.97690000,1649573999999,484031.25653000,768,80.21790000,260611.40313600,0
1649574000000,3252.07000000,3253.00000000,3236.03000000,3244.18000000,238.25780000,1649577599999,773897.53602900,709,160.34850000,521035.23945900,0
1649577600000,3244.14000000,3253.09000000,3239.01000000,3244.11000000,818.86550000,1649581199999,2659797.34633500,1179,687.74590000,2234186.84520400,0
1649581200000,3244.27000000,3245.46000000,3234.31000000,3241.56000000,123.37640000,1649584799999,399648.79948600,584,60.48490000,195936.41123400,0
1649584800000,3241.34000000,3246.30000000,3234.54000000,3246.16000000,213.97260000,1649588399999,693497.28565000,770,76.17520000,246885.58962000,0
1649588400000,3246.07000000,3257.13000000,3242.52000000,3253.51000000,314.79490000,1649591999999,1022138.60515400,1024,119.50840000,388151.92913400,0
1649592000000,3252.45000000,3261.50000000,3240.54000000,3245.34000000,207.75540000,1649595599999,675682.00633100,961,89.63860000,291476.54165100,0
1649595600000,3244.54000000,3249.00000000,3233.68000000,3240.94000000,188.62030000,1649599199999,611455.51555100,936,100.13430000,324676.86804700,0
1649599200000,3240.61000000,3256.46000000,3238.62000000,3251.63000000,178.26890000,1649602799999,578978.65855300,957,100.02750000,324839.73679700,0
1649602800000,3252.59000000,3261.43000000,3238.61000000,3256.66000000,241.62530000,1649606399999,786220.19706500,1010,112.45020000,366095.43044800,0
1649606400000,3256.66000000,3279.56000000,3252.52000000,3278.75000000,262.26770000,1649609999999,857079.48266200,1190,122.52140000,400519.07201000,0
1649610000000,3279.27000000,3308.00000000,3279.27000000,3296.57000000,356.16910000,1649613599999,1173118.76306600,1536,168.51270000,555209.22218400,0
1649613600000,3298.06000000,3314.49000000,3288.05000000,3288.21000000,222.07340000,1649617199999,732381.03783400,908,121.59140000,401196.81528800,0
1649617200000,3289.74000000,3299.91000000,3286.20000000,3292.64000000,175.01770000,1649620799999,576397.53774500,823,92.13370000,303459.66290500,0
1649620800000,3292.54000000,3298.24000000,3284.93000000,3289.57000000,236.90020000,1649624399999,779986.25191400,1073,129.61390000,426748.79936300,0
1649624400000,3288.60000000,3294.01000000,3268.91000000,3270.38000000,106.31030000,1649627999999,348976.93875200,579,57.93860000,190187.89799200,0
1649628000000,3271.27000000,3277.73000000,3209.35000000,3225.71000000,462.68710000,1649631599999,1496741.04630800,2098,208.10630000,672576.03839000,0
1649631600000,3222.73000000,3231.63000000,3192.05000000,3203.40000000,416.42960000,1649635199999,1339525.91381400,1517,188.17190000,605444.91860200,0
1649635200000,3203.46000000,3211.60000000,3175.73000000,3203.62000000,506.51940000,1649638799999,1619339.77263000,1876,280.09370000,895795.05378000,0
1649638800000,3204.45000000,3214.13000000,3186.63000000,3188.32000000,182.28600000,1649642399999,583791.34725600,831,84.75460000,271492.84568400,0
1649642400000,3187.62000000,3200.45000000,3154.19000000,3163.85000000,374.23760000,1649645999999,1189136.55755200,1648,205.06700000,652042.65037500,0
1649646000000,3164.49000000,3176.95000000,3152.50000000,3173.79000000,408.52550000,1649649599999,1293118.65911300,1412,204.71410000,647770.96769900,0
1649649600000,3175.44000000,3185.19000000,3165.75000000,3179.38000000,450.41990000,1649653199999,1429747.14453300,1452,241.06480000,765284.82480400,0
1649653200000,3180.89000000,3187.82000000,3174.17000000,3185.63000000,271.34560000,1649656799999,863320.49340200,1126,135.16160000,430081.23323400,0
1649656800000,3185.88000000,3186.70000000,3171.50000000,3178.59000000,233.28970000,1649660399999,741410.79241100,1064,119.06980000,378423.63247800,0
1649660400000,3179.52000000,3190.63000000,3168.05000000,3178.94000000,305.65000000,1649663999999,971932.73594300,1140,147.87420000,470467.24160400,0
1649664000000,3179.44000000,3181.41000000,3146.70000000,3162.31000000,305.43460000,1649667599999,965954.42701900,1333,119.35170000,377626.36547800,0
1649667600000,3159.58000000,3162.59000000,3080.00000000,3081.84000000,1311.57720000,1649671199999,4084807.01311200,3565,490.66040000,1532510.90400300,0
1649671200000,3082.63000000,3092.95000000,3058.63000000,3078.70000000,2487.13980000,1649674799999,7637609.62328600,4379,765.38480000,2351356.27251100,0
1649674800000,3077.83000000,3081.54000000,3027.20000000,3051.70000000,5757.94610000,1649678399999,17573531.98988000,7393,753.00470000,2298631.75947000,0
1649678400000,3052.44000000,3067.15000000,3034.39000000,3055.04000000,849.68030000,1649681999999,2592179.08287500,2260,449.34370000,1370988.82084600,0
1649682000000,3054.82000000,3060.63000000,3006.00000000,3048.63000000,1196.90600000,1649685599999,3631216.96986500,3274,576.77070000,1751968.94181200,0
1649685600000,3047.59000000,3058.27000000,3019.17000000,3025.52000000,942.99920000,1649689199999,2859951.37957900,2213,730.96510000,2216395.88063000,0
1649689200000,3025.61000000,3040.22000000,3002.50000000,3003.41000000,689.48930000,1649692799999,2083729.64767900,2179,426.18550000,1287986.45834800,0
1649692800000,3003.47000000,3026.01000000,2978.44000000,3017.79000000,1480.99900000,1649696399999,4447327.61928900,3511,887.70250000,2665981.45340500,0
1649696400000,3020.00000000,3030.55000000,2991.99000000,3023.86000000,569.53540000,1649699999999,1717063.07362400,1939,311.10960000,937600.70331600,0
1649700000000,3022.86000000,3039.65000000,3008.34000000,3036.78000000,567.04100000,1649703599999,1713802.69796400,1621,307.93760000,930676.34873500,0
1649703600000,3038.37000000,3042.29000000,2984.75000000,3006.17000000,594.12770000,1649707199999,1788996.23796200,1885,343.12710000,1033501.66523500,0
1649707200000,3004.76000000,3019.63000000,2970.59000000,2992.60000000,780.87000000,1649710799999,2340787.51962700,2251,417.34580000,1250444.00833400,0
1649710800000,2992.98000000,3003.10000000,2950.00000000,2964.88000000,1119.47300000,1649714399999,3336390.51670800,2787,351.18090000,1046438.25061000,0
1649714400000,2964.54000000,3014.98000000,2953.59000000,3001.37000000,542.31050000,1649717999999,1620767.38689400,1848,285.32460000,852097.63528300,0
1649718000000,3000.66000000,3006.63000000,2974.05000000,2978.70000000,413.73620000,1649721599999,1235862.47620800,1260,232.75250000,694903.31977500,0
1649721600000,2979.96000000,2996.99000000,2962.81000000,2972.11000000,580.99440000,1649725199999,1732932.96770700,1668,293.52870000,875254.26287900,0
1649725200000,2973.20000000,2989.15000000,2957.86000000,2972.59000000,457.78550000,1649728799999,1361396.74197700,1540,257.69580000,766007.70200000,0
1649728800000,2972.46000000,2978.67000000,2950.09000000,2966.72000000,516.25920000,1649732399999,1529344.52477700,1686,266.38410000,789108.73488000,0
1649732400000,2965.58000000,2984.83000000,2965.30000000,2983.33000000,365.51190000,1649735999999,1086687.46886300,1071,207.30940000,616315.36768700,0
1649736000000,2983.26000000,3003.36000000,2970.46000000,3001.01000000,327.53900000,1649739599999,979085.21205000,1322,184.96100000,552886.67756900,0
1649739600000,3001.41000000,3021.31000000,2993.07000000,3019.37000000,381.24310000,1649743199999,1146077.97915300,1576,192.23000000,578082.60667900,0
1649743200000,3019.69000000,3028.26000000,3002.30000000,3006.84000000,521.43370000,1649746799999,1572901.57786800,1886,211.18320000,636915.58354000,0
1649746800000,3006.73000000,3027.54000000,2998.72000000,3024.48000000,828.16480000,1649750399999,2498040.28568900,2037,369.01230000,1113313.17994300,0
1649750400000,3025.74000000,3035.21000000,3019.20000000,3026.20000000,332.91240000,1649753999999,1007898.95595700,1312,168.38650000,509765.21592000,0
1649754000000,3026.03000000,3029.54000000,3012.73000000,3025.79000000,444.49480000,1649757599999,1342704.09921200,1234,242.31330000,732047.50323200,0
1649757600000,3025.73000000,3028.80000000,3012.17000000,3016.67000000,278.17150000,1649761199999,840320.37662200,944,168.05290000,507624.74093600,0
1649761200000,3016.36000000,3042.87000000,3013.84000000,3041.37000000,404.73070000,1649764799999,1226624.98897400,1402,239.51370000,725947.13427000,0
1649764800000,3041.69000000,3082.65000000,3026.40000000,3081.51000000,1394.64160000,1649768399999,4261054.56066600,4061,806.67110000,2464571.41869500,0
1649768400000,3080.66000000,3085.76000000,3047.26000000,3052.21000000,1677.51600000,1649771999999,5141542.76196200,3956,763.26350000,2338779.51610000,0
1649772000000,3052.21000000,3056.21000000,3015.57000000,3028.33000000,1779.51590000,1649775599999,5402380.73045900,3755,757.07870000,2297465.74952300,0
1649775600000,3027.67000000,3058.39000000,3026.21000000,3044.56000000,911.42140000,1649779199999,2778979.17439700,2105,323.80370000,986170.58211300,0
1649779200000,3045.56000000,3063.82000000,3021.90000000,3042.52000000,519.53840000,1649782799999,1579022.06436000,1543,273.46420000,831351.23721000,0
1649782800000,3042.15000000,3050.39000000,3027.05000000,3033.89000000,689.62230000,1649786399999,2096917.44722100,1671,213.90240000,650408.33122600,0
1649786400000,3033.62000000,3037.67000000,2997.22000000,3001.00000000,794.64430000,1649789999999,2392251.02104300,1892,452.96890000,1363653.56802300,0
1649790000000,3001.63000000,3099.00000000,2968.87000000,2973.23000000,1150.63570000,1649793599999,3443344.54510700,2395,657.91650000,1971122.08632600,0
1649793600000,2973.11000000,2996.20000000,2941.79000000,2986.30000000,1453.55350000,1649797199999,4325634.32525300,2293,676.00310000,2009521.91134500,0
1649797200000,2987.87000000,3013.00000000,2984.87000000,3010.23000000,699.22040000,1649800799999,2098352.86551700,1161,202.70960000,608347.62029000,0
1649800800000,3009.97000000,3022.41000000,2995.84000000,3014.47000000,258.42830000,1649804399999,777248.88819900,955,145.88990000,438943.21422900,0
1649804400000,3014.94000000,3037.95000000,3011.82000000,3027.75000000,539.70480000,1649807999999,1631988.85804600,1395,392.22890000,1185833.52810700,0
1649808000000,3028.12000000,3044.19000000,3023.45000000,3026.88000000,311.93560000,1649811599999,946436.31023200,1260,196.31890000,595645.76356000,0
1649811600000,3026.98000000,3030.22000000,3005.98000000,3030.22000000,335.56530000,1649815199999,1013465.74297500,1117,211.18370000,638008.72959000,0
1649815200000,3030.59000000,3051.51000000,3019.15000000,3046.30000000,240.18710000,1649818799999,729354.81182000,1255,129.90470000,394524.66978300,0
1649818800000,3045.83000000,3067.59000000,3042.31000000,3049.57000000,321.25870000,1649822399999,981817.43100600,1197,215.55750000,658964.30876200,0
1649822400000,3049.97000000,3060.57000000,3041.95000000,3060.01000000,194.73400000,1649825999999,593723.30496400,803,123.54080000,376627.63478000,0
1649826000000,3060.58000000,3069.92000000,3052.38000000,3065.17000000,253.52430000,1649829599999,775667.82522900,966,125.20370000,383181.65400800,0
1649829600000,3065.20000000,3070.49000000,3041.00000000,3048.63000000,386.30590000,1649833199999,1181928.46195300,1128,155.28670000,475077.46674100,0
1649833200000,3047.76000000,3063.44000000,3044.30000000,3051.76000000,520.87120000,1649836799999,1589887.02628800,1521,283.53090000,865792.23848600,0
1649836800000,3052.13000000,3060.37000000,3048.93000000,3056.61000000,362.73100000,1649840399999,1108181.49701300,1111,186.66260000,570195.60288200,0
1649840400000,3056.32000000,3060.45000000,3044.95000000,3050.92000000,219.50960000,1649843999999,670055.12643800,921,95.39480000,291265.96560200,0
1649844000000,3050.59000000,3057.46000000,3029.76000000,3032.30000000,281.94790000,1649847599999,858257.88080800,931,188.81580000,574883.48145100,0
1649847600000,3033.23000000,3046.49000000,3013.37000000,3014.54000000,427.36970000,1649851199999,1296231.36526300,1578,159.13070000,482902.62547100,0
1649851200000,3015.06000000,3030.09000000,3005.14000000,3006.97000000,640.50870000,1649854799999,1932037.15873500,2239,341.47360000,1030051.28235800,0
1649854800000,3006.67000000,3089.29000000,2998.02000000,3078.65000000,1360.69230000,1649858399999,4126712.07200600,4223,453.93890000,1380702.05540800,0
1649858400000,3080.73000000,3099.74000000,3062.41000000,3074.33000000,822.78920000,1649861999999,2536023.44391700,2901,373.39040000,1150791.92631400,0
1649862000000,3073.76000000,3117.38000000,3073.49000000,3094.43000000,881.01290000,1649865599999,2729938.69700800,3067,419.57750000,1300092.51888200,0
1649865600000,3094.18000000,3113.93000000,3078.79000000,3087.21000000,867.87050000,1649869199999,2686563.58595500,2140,434.49940000,1345518.72067800,0
1649869200000,3086.66000000,3087.21000000,3065.01000000,3081.61000000,521.73730000,1649872799999,1606088.43908800,1479,226.41650000,697035.49711800,0
1649872800000,3081.81000000,3107.61000000,3073.64000000,3107.06000000,438.16240000,1649876399999,1354492.93096000,1412,224.04220000,692743.36628700,0
1649876400000,3107.20000000,3114.66000000,3084.44000000,3087.08000000,342.95560000,1649879999999,1062646.89155200,1041,146.07260000,452609.24890900,0
1649880000000,3086.67000000,3115.41000000,3082.63000000,3106.64000000,415.20850000,1649883599999,1284791.90889900,1141,276.33460000,854694.13424600,0
1649883600000,3107.32000000,3112.37000000,3092.45000000,3105.30000000,447.12620000,1649887199999,1389843.58169000,818,153.81270000,477630.86717400,0
1649887200000,3106.73000000,3130.85000000,3101.50000000,3123.51000000,313.08250000,1649890799999,976327.75166700,852,136.95250000,427200.15480000,0
1649890800000,3123.32000000,3129.59000000,3110.71000000,3116.95000000,382.83330000,1649894399999,1194860.75227800,1102,137.47070000,428863.40761400,0
1649894400000,3118.63000000,3126.25000000,3110.98000000,3118.94000000,295.09460000,1649897999999,920413.65620900,1023,160.60300000,500882.36537200,0
1649898000000,3119.28000000,3145.56000000,3116.11000000,3140.47000000,365.60030000,1649901599999,1144446.74072600,993,268.98570000,841983.45432500,0
1649901600000,3140.08000000,3144.14000000,3123.50000000,3127.12000000,313.23860000,1649905199999,981215.92674500,986,149.59680000,468695.35382800,0
1649905200000,3126.22000000,3128.73000000,3113.70000000,3118.47000000,357.64830000,1649908799999,1115612.19701800,1007,204.23370000,637040.75128400,0
1649908800000,3118.48000000,3124.54000000,3108.02000000,3112.85000000,308.47200000,1649912399999,961184.82915100,894,181.89390000,566797.63034400,0
1649912400000,3112.64000000,3116.14000000,3104.28000000,3110.76000000,204.16450000,1649915999999,634698.21490300,679,79.80140000,248149.23097400,0
1649916000000,3110.78000000,3114.20000000,3100.16000000,3107.39000000,218.67840000,1649919599999,679409.01364000,696,102.59860000,318712.54747200,0
1649919600000,3106.06000000,3120.35000000,3101.49000000,3113.44000000,223.09730000,1649923199999,694481.75796800,746,82.74280000,257416.72768400,0
1649923200000,3114.00000000,3122.57000000,3105.61000000,3107.73000000,234.55150000,1649926799999,730019.14327000,757,101.44550000,315726.09221200,0
1649926800000,3107.02000000,3108.16000000,3085.67000000,3100.16000000,392.69110000,1649930399999,1216854.74680400,1276,175.37390000,543520.39306800,0
1649930400000,3100.05000000,3104.87000000,3076.96000000,3079.48000000,332.01670000,1649933999999,1026494.55098400,1078,130.10630000,402384.38397500,0
1649934000000,3079.04000000,3089.42000000,3070.00000000,3071.02000000,280.37290000,1649937599999,863884.88464100,980,144.36780000,444885.70000600,0
1649937600000,3073.33000000,3092.05000000,3070.37000000,3086.59000000,442.11340000,1649941199999,1362282.15610100,1416,203.53750000,627048.49793500,0
1649941200000,3087.59000000,3100.00000000,3043.59000000,3047.68000000,431.58850000,1649944799999,1324479.79904500,1924,192.64840000,591470.15278400,0
1649944800000,3046.52000000,3059.02000000,3032.26000000,3046.16000000,651.08660000,1649948399999,1981916.45052400,1915,383.55370000,1167629.20486300,0
1649948400000,3042.61000000,3051.20000000,3011.73000000,3016.58000000,439.32560000,1649951999999,1330527.49821300,1625,239.76940000,725711.19033200,0
1649952000000,3015.82000000,3025.68000000,3001.25000000,3016.02000000,977.54900000,1649955599999,2943967.21689700,1886,675.50910000,2034364.18526700,0
1649955600000,3016.33000000,3023.88000000,3007.37000000,3020.64000000,306.06020000,1649959199999,922836.20323800,943,158.79580000,478830.55338100,0
1649959200000,3020.95000000,3025.46000000,2982.76000000,2984.32000000,840.01440000,1649962799999,2530096.88135200,1584,510.91870000,1540961.59221700,0
1649962800000,2983.68000000,3001.87000000,2976.09000000,2996.80000000,924.92330000,1649966399999,2765720.95088000,1373,720.46200000,2154346.42302300,0
1649966400000,2996.07000000,3014.16000000,2983.89000000,3014.04000000,477.64700000,1649969999999,1432153.93485400,1299,215.37920000,645820.93410100,0
1649970000000,3013.96000000,3021.00000000,3010.60000000,3019.53000000,258.39120000,1649973599999,779218.95326000,554,150.65050000,454325.93333000,0
1649973600000,3018.90000000,3026.56000000,3011.91000000,3014.49000000,150.19540000,1649977199999,453566.99527800,491,87.16810000,263238.36802400,0
1649977200000,3015.08000000,3025.17000000,3013.36000000,3022.29000000,184.51980000,1649980799999,557207.82388700,586,123.70450000,373552.75416700,0
1649980800000,3021.90000000,3037.28000000,3013.19000000,3015.37000000,316.92850000,1649984399999,958591.39073800,1159,165.83380000,501568.54718000,0
1649984400000,3015.40000000,3027.39000000,3013.38000000,3023.49000000,145.65630000,1649987999999,440005.56717400,555,75.10400000,226877.87747200,0
1649988000000,3025.02000000,3030.22000000,3018.27000000,3025.17000000,184.73260000,1649991599999,558689.62423900,700,91.54560000,276848.92823400,0
1649991600000,3024.90000000,3043.58000000,3022.58000000,3041.26000000,217.82100000,1649995199999,660976.65343500,855,109.56690000,332505.42211800,0
1649995200000,3042.14000000,3065.03000000,3029.52000000,3032.62000000,417.66740000,1649998799999,1270072.19097100,1191,284.07900000,864198.08133500,0
1649998800000,3033.14000000,3044.12000000,3029.18000000,3038.21000000,269.43330000,1650002399999,817548.52823000,813,162.98920000,494496.33658500,0
1650002400000,3038.73000000,3042.91000000,3019.27000000,3023.68000000,252.25870000,1650005999999,764718.07045000,784,96.06120000,291231.13898100,0
1650006000000,3023.24000000,3046.34000000,3011.11000000,3035.25000000,474.51320000,1650009599999,1435294.92518600,1216,216.91660000,656213.08005900,0
1650009600000,3034.93000000,3040.50000000,3016.91000000,3025.36000000,468.38870000,1650013199999,1416899.80441100,1150,180.82970000,546932.04844100,0
1650013200000,3025.33000000,3034.38000000,3017.88000000,3024.65000000,226.50560000,1650016799999,684882.12427700,739,121.84380000,368442.58261500,0
1650016800000,3024.57000000,3040.38000000,3023.75000000,3031.33000000,214.19040000,1650020399999,649086.97864400,672,98.66360000,299019.19234600,0
1650020400000,3032.04000000,3036.69000000,3020.04000000,3026.02000000,252.95330000,1650023999999,766062.32549500,767,117.99840000,357304.93348800,0
1650024000000,3027.53000000,3031.65000000,3017.91000000,3021.51000000,286.79700000,1650027599999,867906.39658800,652,185.29040000,560974.07872000,0
1650027600000,3022.39000000,3030.93000000,3003.94000000,3006.62000000,555.21460000,1650031199999,1674648.67643700,1387,323.31990000,975431.77417700,0
1650031200000,3008.36000000,3061.42000000,2992.61000000,3036.44000000,2418.87150000,1650034799999,7308643.77377300,3199,2109.40050000,6373210.54047800,0
1650034800000,3036.44000000,3043.74000000,3025.21000000,3029.55000000,351.07520000,1650038399999,1064991.89545600,1279,169.29390000,513545.42643600,0
1650038400000,3029.54000000,3029.54000000,3010.00000000,3022.63000000,362.10830000,1650041999999,1093566.26777600,1279,203.63000000,615040.18200900,0
1650042000000,3024.03000000,3043.32000000,3021.24000000,3032.38000000,258.84240000,1650045599999,784845.06707600,1024,132.25310000,400965.69589700,0
1650045600000,3031.47000000,3035.40000000,3027.00000000,3030.06000000,320.95160000,1650049199999,972947.43018100,1133,137.85730000,417902.24292200,0
1650049200000,3030.81000000,3031.00000000,3020.12000000,3023.03000000,278.19560000,1650052799999,841457.22444000,972,155.25550000,469601.58252000,0
1650052800000,3023.37000000,3031.10000000,3019.10000000,3030.80000000,338.02800000,1650056399999,1022309.13374000,1230,165.29510000,499891.21814400,0
1650056400000,3031.88000000,3035.88000000,3027.32000000,3035.75000000,173.23860000,1650059999999,525111.43295800,487,117.30160000,355573.15921700,0
1650060000000,3035.38000000,3038.16000000,3027.00000000,3033.28000000,54.88190000,1650063599999,166342.10105400,282,24.13490000,73155.79996300,0
1650063600000,3034.11000000,3045.10000000,3031.08000000,3041.87000000,174.43890000,1650067199999,530141.01726700,760,93.22880000,283348.14318100,0
1650067200000,3040.77000000,3045.42000000,3035.34000000,3042.46000000,363.27610000,1650070799999,1104108.98361300,1272,211.34230000,642282.04712800,0
1650070800000,3043.38000000,3050.44000000,3039.12000000,3041.16000000,264.96650000,1650074399999,806641.62263700,968,151.61820000,461606.83344700,0
1650074400000,3041.17000000,3046.65000000,3036.23000000,3041.77000000,189.00210000,1650077999999,575026.14347700,798,91.64410000,278813.81232700,0
1650078000000,3040.46000000,3043.68000000,3036.33000000,3037.77000000,135.13970000,1650081599999,410788.53955700,612,62.84480000,191008.56399500,0
1650081600000,3038.60000000,3048.80000000,3037.55000000,3044.87000000,99.35120000,1650085199999,302465.32320600,509,51.69790000,157373.54426500,0
1650085200000,3045.13000000,3047.69000000,3038.75000000,3042.54000000,142.61220000,1650088799999,433868.73458000,588,66.20310000,201415.93177000,0
1650088800000,3041.25000000,3042.41000000,3035.59000000,3038.38000000,146.89390000,1650092399999,446447.66925000,692,78.44750000,238427.43352200,0
1650092400000,3038.51000000,3041.39000000,3033.83000000,3034.82000000,168.40790000,1650095999999,511568.77178000,678,80.93950000,245863.16140200,0
1650096000000,3034.82000000,3043.22000000,3029.39000000,3036.19000000,209.03980000,1650099599999,634682.96562800,748,98.20820000,298217.56579200,0
1650099600000,3035.75000000,3041.48000000,3032.12000000,3034.37000000,231.49160000,1650103199999,702812.61686500,701,151.75580000,460771.76584400,0
1650103200000,3033.98000000,3043.42000000,3033.12000000,3040.28000000,269.90500000,1650106799999,820185.83588100,865,151.96280000,461770.71835900,0
1650106800000,3040.33000000,3047.74000000,3038.21000000,3039.82000000,434.08940000,1650110399999,1320635.58874000,1184,196.92750000,599032.36490200,0
1650110400000,3039.97000000,3046.74000000,3034.80000000,3044.26000000,442.56720000,1650113999999,1345857.49066000,1197,217.41380000,661120.73754400,0
1650114000000,3043.15000000,3045.19000000,3036.03000000,3041.86000000,318.48720000,1650117599999,968577.55728900,1003,185.95820000,565497.40054600,0
1650117600000,3041.56000000,3048.11000000,3034.83000000,3047.09000000,246.83900000,1650121199999,750783.44554200,772,142.56750000,433551.20834900,0
1650121200000,3048.10000000,3059.61000000,3010.62000000,3018.36000000,760.19350000,1650124799999,2302925.78740100,2595,386.95620000,1171990.57675500,0
1650124800000,3017.73000000,3028.16000000,3014.58000000,3026.77000000,231.89320000,1650128399999,700988.53266400,911,122.94880000,371657.26269900,0
1650128400000,3026.37000000,3029.50000000,3018.02000000,3020.58000000,156.03270000,1650131999999,471760.11765700,571,79.95380000,241730.68171100,0
1650132000000,3020.44000000,3027.10000000,3017.89000000,3026.08000000,143.59890000,1650135599999,433896.55895500,491,64.64170000,195335.33923100,0
1650135600000,3025.91000000,3029.56000000,3023.20000000,3025.86000000,186.41700000,1650139199999,564213.28137200,528,81.17390000,245691.29860000,0
1650139200000,3025.00000000,3042.80000000,3023.10000000,3033.27000000,217.75570000,1650142799999,660127.08413500,715,98.75060000,299442.93361900,0
1650142800000,3034.62000000,3054.58000000,3033.50000000,3050.36000000,94.42740000,1650146399999,287036.72111400,578,40.40310000,122800.01487200,0
1650146400000,3053.30000000,3086.80000000,3053.30000000,3061.44000000,354.78330000,1650149999999,1089075.34905700,1590,171.34660000,525971.22798000,0
1650150000000,3063.69000000,3071.91000000,3059.16000000,3060.01000000,211.32670000,1650153599999,647890.62327400,894,107.03480000,328161.31017000,0
1650153600000,3061.00000000,3064.89000000,3054.81000000,3057.39000000,202.83100000,1650157199999,620543.80121100,805,104.25800000,318954.10691500,0
1650157200000,3057.07000000,3061.99000000,3054.67000000,3058.01000000,169.23620000,1650160799999,517644.75620200,594,83.25380000,254648.36764600,0
1650160800000,3058.14000000,3058.14000000,3027.73000000,3033.49000000,294.32790000,1650164399999,895026.23312500,1108,137.30680000,417391.37942900,0
1650164400000,3031.52000000,3036.89000000,3023.17000000,3029.85000000,297.02830000,1650167999999,900131.54972100,986,142.21300000,430949.96070300,0
1650168000000,3029.44000000,3040.40000000,3029.02000000,3038.25000000,204.33110000,1650171599999,620533.64450600,738,111.26070000,337822.96348100,0
1650171600000,3037.76000000,3046.53000000,3035.01000000,3042.65000000,200.44620000,1650175199999,609327.30279600,656,103.26670000,313910.15223800,0
1650175200000,3042.60000000,3045.42000000,3038.97000000,3042.42000000,213.00360000,1650178799999,647957.74610200,736,99.21570000,301783.52503000,0
1650178800000,3042.42000000,3044.78000000,3032.11000000,3039.51000000,204.84310000,1650182399999,622419.32117800,636,103.71280000,315126.98711900,0
1650182400000,3038.72000000,3047.14000000,3037.37000000,3041.64000000,263.51000000,1650185999999,801590.25196900,949,146.32800000,445162.25691000,0
1650186000000,3041.76000000,3050.21000000,3041.76000000,3043.52000000,289.98800000,1650189599999,883271.47468300,1051,148.77060000,453128.98756500,0
1650189600000,3043.28000000,3046.66000000,3038.41000000,3042.85000000,191.00550000,1650193199999,581195.19659100,522,97.67840000,297190.61361300,0
1650193200000,3042.87000000,3049.36000000,3024.15000000,3048.27000000,389.18090000,1650196799999,1183611.59811500,822,161.26100000,490945.07687900,0
1650196800000,3048.68000000,3059.17000000,3043.28000000,3048.94000000,421.72400000,1650200399999,1286169.54441300,1481,232.74360000,709798.88446700,0
1650200400000,3048.92000000,3083.26000000,3046.88000000,3061.52000000,829.45860000,1650203999999,2544847.60394800,2399,437.63690000,1342540.14657000,0
1650204000000,3061.73000000,3075.58000000,3054.13000000,3064.38000000,466.53930000,1650207599999,1430788.75347900,1353,277.50460000,851012.39948000,0
1650207600000,3065.03000000,3081.07000000,3058.78000000,3073.89000000,502.43520000,1650211199999,1542108.82699000,1394,281.88000000,865130.46177100,0
1650211200000,3074.03000000,3078.72000000,3056.94000000,3060.15000000,614.86330000,1650214799999,1888559.01675000,1795,323.46810000,993430.12195800,0
1650214800000,3059.47000000,3062.94000000,3045.29000000,3050.69000000,359.01080000,1650218399999,1097496.61732500,1174,170.35310000,520771.58405300,0
1650218400000,3051.15000000,3053.22000000,3023.56000000,3032.44000000,476.24280000,1650221999999,1444376.28146900,1609,179.49990000,544381.88515200,0
1650222000000,3031.61000000,3060.58000000,3029.11000000,3052.45000000,403.14140000,1650225599999,1225073.33236900,1189,228.22070000,693762.23228100,0
1650225600000,3052.78000000,3059.46000000,3044.41000000,3046.39000000,188.04050000,1650229199999,573800.83747800,673,94.70770000,288999.84010400,0
1650229200000,3045.00000000,3056.82000000,3037.86000000,3056.05000000,215.09040000,1650232799999,655241.94094700,708,92.31850000,281016.61623000,0
1650232800000,3055.25000000,3077.21000000,3042.03000000,3046.17000000,430.41990000,1650236399999,1318864.12450300,1285,234.83270000,719656.09284700,0
1650236400000,3046.49000000,3046.51000000,2983.30000000,2988.29000000,1067.38760000,1650239999999,3209950.61720100,2924,411.59020000,1236684.45731000,0
1650240000000,2988.24000000,2997.36000000,2977.07000000,2991.40000000,565.64090000,1650243599999,1690950.46374500,1557,335.30780000,1002578.49184500,0
1650243600000,2991.44000000,2998.54000000,2930.00000000,2990.29000000,747.46250000,1650247199999,2226604.28065400,1437,225.78910000,674432.56222000,0
1650247200000,2990.28000000,2997.62000000,2987.58000000,2995.50000000,388.05050000,1650250799999,1161504.78314100,1077,208.09000000,622815.83056800,0
1650250800000,2996.27000000,3003.25000000,2989.47000000,2995.18000000,238.52200000,1650254399999,714440.03552800,666,129.88560000,389081.17017600,0
1650254400000,2996.04000000,2996.04000000,2903.41000000,2913.55000000,3869.32950000,1650257999999,11309738.52894400,5986,862.26230000,2524114.18025200,0
1650258000000,2913.00000000,2926.26000000,2900.00000000,2915.39000000,804.12800000,1650261599999,2344836.24216400,1902,474.32450000,1383310.37035700,0
1650261600000,2915.71000000,2925.34000000,2913.10000000,2916.26000000,506.46090000,1650265199999,1477943.42798600,1164,232.51140000,678467.59415900,0
1650265200000,2916.25000000,2921.05000000,2884.53000000,2892.49000000,877.04310000,1650268799999,2549701.44915400,2172,462.74740000,1345316.35917000,0
1650268800000,2893.27000000,2909.04000000,2890.03000000,2894.30000000,483.93780000,1650272399999,1403430.14139200,1335,239.87380000,695682.76253900,0
1650272400000,2893.93000000,2910.00000000,2889.51000000,2909.82000000,614.55160000,1650275999999,1783156.21230800,1659,353.37560000,1025310.57078400,0
1650276000000,2909.96000000,2923.77000000,2905.95000000,2910.03000000,573.06610000,1650279599999,1669792.14366700,1779,320.47180000,933649.57467900,0
1650279600000,2911.19000000,2923.82000000,2909.61000000,2912.16000000,722.00250000,1650283199999,2105365.40668700,1519,465.15960000,1356414.44798100,0
1650283200000,2913.14000000,2949.00000000,2911.01000000,2941.81000000,737.98130000,1650286799999,2165140.42601100,2076,400.70320000,1175720.56552600,0
1650286800000,2941.96000000,2954.24000000,2917.05000000,2923.00000000,840.76150000,1650290399999,2468214.38433200,2411,457.92350000,1344963.07063200,0
1650290400000,2922.95000000,2945.00000000,2920.95000000,2929.33000000,605.77140000,1650293999999,1777310.21688500,1886,315.91520000,926800.08822900,0
1650294000000,2926.99000000,2930.48000000,2905.63000000,2914.74000000,537.84460000,1650297599999,1568215.66582400,1519,277.86800000,809895.78416800,0
1650297600000,2914.69000000,2943.24000000,2895.73000000,2928.04000000,911.10380000,1650301199999,2657103.53379800,2473,550.18860000,1603694.17247400,0
1650301200000,2929.36000000,2993.00000000,2924.91000000,2986.01000000,1656.57290000,1650304799999,4902489.10970800,4598,737.07920000,2183403.28548400,0
1650304800000,2985.68000000,3024.94000000,2981.44000000,3014.96000000,1232.17320000,1650308399999,3707237.15943300,3585,741.31960000,2229918.66017300,0
1650308400000,3014.85000000,3020.18000000,2980.34000000,3005.98000000,1221.11970000,1650311999999,3667356.73101000,2508,519.33730000,1559295.90346000,0
1650312000000,3006.03000000,3022.43000000,3004.81000000,3006.20000000,559.45930000,1650315599999,1684727.02672200,1619,318.11590000,957930.72298200,0
1650315600000,3006.21000000,3051.41000000,3006.21000000,3042.72000000,626.43060000,1650319199999,1900447.57974600,1846,262.80500000,795823.55773500,0
1650319200000,3042.58000000,3068.26000000,3032.04000000,3065.47000000,375.86770000,1650322799999,1145773.97304800,1346,216.97980000,661718.31371300,0
1650322800000,3066.06000000,3069.50000000,3050.42000000,3056.31000000,436.35100000,1650326399999,1335177.62260800,1011,245.03390000,749703.44671600,0
1650326400000,3056.17000000,3096.17000000,3055.84000000,3059.94000000,841.17580000,1650329999999,2584665.24094700,2305,438.70930000,1347644.78053900,0
1650330000000,3060.53000000,3067.30000000,3052.46000000,3053.52000000,428.02840000,1650333599999,1309956.58655500,1158,180.29280000,551870.04339700,0
1650333600000,3053.40000000,3057.61000000,3038.82000000,3040.43000000,426.97270000,1650337199999,1301493.73639500,1384,213.20510000,649825.53527400,0
1650337200000,3040.73000000,3049.57000000,3035.47000000,3038.04000000,511.92060000,1650340799999,1557846.28055500,1439,253.72670000,772081.97071700,0
1650340800000,3038.61000000,3051.35000000,3035.46000000,3047.40000000,361.60470000,1650344399999,1100717.38305100,1081,190.69100000,580308.77598800,0
1650344400000,3047.23000000,3048.28000000,3036.28000000,3038.18000000,303.72070000,1650347999999,923883.79489400,773,142.02040000,431958.33310900,0
1650348000000,3038.26000000,3052.64000000,3038.18000000,3045.69000000,337.68960000,1650351599999,1028323.02025100,847,137.43450000,418564.30887500,0
1650351600000,3045.93000000,3052.05000000,3030.00000000,3039.68000000,393.47720000,1650355199999,1196577.54728500,1215,186.54430000,567253.45424400,0
1650355200000,3039.52000000,3049.72000000,3037.42000000,3040.55000000,481.43150000,1650358799999,1465456.52669600,1415,256.93510000,782142.42019200,0
1650358800000,3041.24000000,3048.20000000,3032.77000000,3039.76000000,544.17630000,1650362399999,1653998.18115700,1453,321.41480000,976889.07106800,0
1650362400000,3039.27000000,3056.41000000,3038.49000000,3054.52000000,618.91270000,1650365999999,1885696.45371000,1743,383.13320000,1167144.85335200,0
1650366000000,3054.56000000,3063.81000000,3039.53000000,3042.37000000,467.55570000,1650369599999,1427240.77848500,1680,259.99940000,793629.71789200,0
1650369600000,3042.56000000,3071.48000000,3041.62000000,3062.32000000,572.40940000,1650373199999,1750594.29778200,1872,292.41610000,894217.40187100,0
1650373200000,3062.32000000,3094.83000000,3047.99000000,3094.83000000,1065.26560000,1650376799999,3269559.06915100,3320,584.72460000,1795002.36724200,0
1650376800000,3095.04000000,3126.95000000,3094.00000000,3113.86000000,1226.37500000,1650380399999,3819156.22584200,4117,587.48770000,1829575.71402700,0
1650380400000,3114.11000000,3130.97000000,3108.89000000,3112.34000000,671.85110000,1650383999999,2095007.29508900,2192,351.79500000,1096969.36505400,0
1650384000000,3111.33000000,3126.62000000,3094.45000000,3102.79000000,581.05460000,1650387599999,1807284.26514600,1839,296.81030000,923404.61862800,0
1650387600000,3103.15000000,3104.76000000,3081.02000000,3093.61000000,598.55730000,1650391199999,1851403.51340900,1966,303.69480000,939293.20913500,0
1650391200000,3092.29000000,3103.36000000,3087.72000000,3099.77000000,450.93170000,1650394799999,1396024.41635500,1473,267.81430000,829185.08443400,0
1650394800000,3099.61000000,3120.20000000,3098.10000000,3111.59000000,478.29490000,1650398399999,1487515.97223200,1562,233.74840000,726865.63006200,0
1650398400000,3110.91000000,3110.91000000,3086.20000000,3094.67000000,512.74130000,1650401999999,1586350.28455600,1512,276.04050000,853917.68007400,0
1650402000000,3094.83000000,3106.02000000,3087.22000000,3097.62000000,254.68900000,1650405599999,788706.26220600,761,142.18780000,440383.19963000,0
1650405600000,3099.76000000,3112.19000000,3092.82000000,3099.32000000,287.53880000,1650409199999,892111.50926400,1120,134.31950000,416730.72936200,0
1650409200000,3098.72000000,3108.37000000,3098.29000000,3102.08000000,281.10960000,1650412799999,872499.31699100,1172,136.71010000,424300.53051200,0
1650412800000,3102.08000000,3107.26000000,3066.62000000,3077.53000000,448.03950000,1650416399999,1383384.83724500,1574,193.56450000,597552.64096800,0
1650416400000,3077.35000000,3094.17000000,3070.20000000,3087.92000000,241.31330000,1650419999999,743454.76788600,998,117.19170000,361018.54463900,0
1650420000000,3087.22000000,3092.58000000,3083.29000000,3087.88000000,315.61590000,1650423599999,974191.10955700,1111,154.81010000,477815.49413500,0
1650423600000,3087.84000000,3093.35000000,3077.08000000,3092.17000000,349.60520000,1650427199999,1078662.42789000,1119,208.79180000,644165.45106700,0
1650427200000,3092.73000000,3093.34000000,3079.49000000,3086.18000000,307.46340000,1650430799999,949055.16251300,898,135.42720000,418015.68278100,0
1650430800000,3086.92000000,3101.02000000,3081.95000000,3100.00000000,344.33420000,1650434399999,1063820.74581400,1103,185.86430000,574240.58887900,0
1650434400000,3100.42000000,3108.71000000,3095.17000000,3100.90000000,422.35120000,1650437999999,1309211.48079000,1155,242.68290000,752222.88904500,0
1650438000000,3101.35000000,3115.64000000,3086.78000000,3090.49000000,485.83960000,1650441599999,1505242.46890700,1595,227.89160000,705979.82614800,0
1650441600000,3090.47000000,3104.84000000,3087.22000000,3101.50000000,387.17440000,1650445199999,1199702.81647600,1153,227.05940000,703549.66228300,0
1650445200000,3102.13000000,3116.56000000,3096.23000000,3106.77000000,716.98400000,1650448799999,2227627.50544100,2026,327.77430000,1018269.09890800,0
1650448800000,3106.61000000,3135.26000000,3098.34000000,3126.78000000,1148.03320000,1650452399999,3579277.30847500,2770,699.64470000,2181738.97717500,0
1650452400000,3127.31000000,3167.20000000,3116.39000000,3154.63000000,843.50770000,1650455999999,2648327.33764800,2829,440.31760000,1382715.94631600,0
1650456000000,3153.66000000,3162.48000000,3139.01000000,3156.77000000,758.21910000,1650459599999,2392007.79176900,2392,329.02740000,1037953.88187100,0
1650459600000,3156.84000000,3158.11000000,3088.74000000,3103.93000000,1089.29370000,1650463199999,3405359.51932200,3669,508.78610000,1590772.69454700,0
1650463200000,3103.93000000,3113.77000000,3092.15000000,3100.01000000,1019.05770000,1650466799999,3164479.14610800,2972,563.10250000,1748810.41467600,0
1650466800000,3100.41000000,3101.26000000,3050.00000000,3068.69000000,1492.37920000,1650470399999,4581366.74526500,3487,815.76080000,2504573.51570800,0
1650470400000,3068.94000000,3084.69000000,3054.80000000,3083.32000000,955.80490000,1650473999999,2934233.80240300,2479,514.94910000,1580984.66451100,0
1650474000000,3083.43000000,3088.80000000,3073.21000000,3082.85000000,455.19300000,1650477599999,1401797.64317100,1398,263.54380000,811516.50499400,0
1650477600000,3081.99000000,3082.53000000,3035.36000000,3049.38000000,1180.64260000,1650481199999,3604955.09423700,2225,541.34010000,1652989.73640000,0
1650481200000,3049.76000000,3079.79000000,3046.63000000,3070.05000000,620.61350000,1650484799999,1903227.65430800,1840,351.12140000,1076712.35173200,0
1650484800000,3070.35000000,3086.29000000,3059.02000000,3085.29000000,471.41470000,1650488399999,1448066.59423400,1668,232.33840000,713626.50363900,0
1650488400000,3085.11000000,3089.16000000,3077.74000000,3084.59000000,170.69210000,1650491999999,526224.40897600,802,70.92680000,218658.76642700,0
1650492000000,3085.22000000,3097.06000000,3079.12000000,3085.73000000,236.64800000,1650495599999,731357.26414600,853,117.01790000,361626.75813400,0
1650495600000,3085.74000000,3087.47000000,3070.39000000,3077.05000000,310.41890000,1650499199999,955631.59739300,1093,131.62580000,405236.92700500,0
1650499200000,3076.79000000,3099.80000000,3071.12000000,3086.42000000,497.19330000,1650502799999,1533038.99256400,1443,305.49970000,942295.54035100,0
1650502800000,3086.70000000,3104.14000000,3081.31000000,3100.75000000,355.67350000,1650506399999,1100740.09529800,1264,143.86750000,445119.99556200,0
1650506400000,3100.91000000,3105.57000000,3088.23000000,3090.90000000,292.83460000,1650509999999,906711.48093800,971,121.24230000,375404.13796100,0
1650510000000,3090.51000000,3098.61000000,3083.07000000,3097.60000000,266.93140000,1650513599999,825255.90691200,841,117.55090000,363450.06715600,0
1650513600000,3097.54000000,3104.85000000,3078.76000000,3084.92000000,385.17380000,1650517199999,1190936.09572100,1131,169.42160000,523604.64326700,0
1650517200000,3083.73000000,3095.28000000,3070.81000000,3072.87000000,232.14850000,1650520799999,715679.35467400,769,112.96600000,348321.05513500,0
1650520800000,3073.34000000,3083.12000000,3067.55000000,3077.89000000,262.02510000,1650524399999,805910.20432200,807,131.26230000,403778.19195200,0
1650524400000,3077.96000000,3106.01000000,3074.48000000,3103.25000000,380.18760000,1650527999999,1174527.03914900,1142,166.49060000,514473.86491900,0
1650528000000,3102.62000000,3111.15000000,3094.25000000,3101.94000000,581.71920000,1650531599999,1804574.16595000,1580,267.94120000,831336.27690900,0
1650531600000,3102.48000000,3104.72000000,3085.07000000,3089.71000000,289.28040000,1650535199999,895605.40368400,886,129.13370000,399829.29504100,0
1650535200000,3087.97000000,3142.23000000,3087.23000000,3128.03000000,797.90900000,1650538799999,2489676.22664000,2529,392.49140000,1225250.21414500,0
1650538800000,3128.90000000,3163.41000000,3128.07000000,3152.28000000,1007.41270000,1650542399999,3169231.19400600,2681,555.52620000,1747715.59348000,0
1650542400000,3152.28000000,3181.14000000,3141.42000000,3162.99000000,982.46550000,1650545999999,3104010.03858900,2904,581.91190000,1838515.57117800,0
1650546000000,3162.99000000,3179.45000000,3142.84000000,3156.23000000,832.41830000,1650549599999,2633629.78448100,2890,417.28630000,1320304.00076500,0
1650549600000,3156.73000000,3157.29000000,3142.83000000,3148.94000000,281.34860000,1650553199999,886160.25938300,1010,132.36060000,416876.67504700,0
1650553200000,3147.81000000,3154.02000000,3103.90000000,3105.62000000,867.24610000,1650556799999,2715775.13610300,2466,535.92590000,1679592.72570300,0
1650556800000,3105.04000000,3108.10000000,3078.67000000,3079.90000000,1014.05990000,1650560399999,3139058.37630100,2874,492.21170000,1523188.45037300,0
1650560400000,3079.65000000,3090.66000000,3059.75000000,3065.32000000,847.58760000,1650563999999,2606633.44923400,2572,469.72660000,1444555.26972200,0
1650564000000,3066.18000000,3073.56000000,3055.81000000,3059.37000000,825.41140000,1650567599999,2529047.24431900,2620,472.09920000,1446408.85599400,0
1650567600000,3058.77000000,3068.78000000,3022.22000000,3027.00000000,874.07830000,1650571199999,2664104.87810700,2824,510.58960000,1555901.48167800,0
1650571200000,3026.70000000,3034.95000000,2994.10000000,3000.30000000,1058.90370000,1650574799999,3192143.17133100,2976,534.02960000,1609333.25768800,0
1650574800000,3000.99000000,3017.32000000,2998.62000000,3003.90000000,325.14030000,1650578399999,977512.09362100,1020,197.20740000,592743.34544900,0
1650578400000,3002.07000000,3012.36000000,2943.10000000,2983.58000000,954.78890000,1650581999999,2845312.88183000,2757,534.56380000,1593704.42215500,0
1650582000000,2981.60000000,2991.38000000,2972.89000000,2983.75000000,396.71110000,1650585599999,1183274.27672400,1223,226.12380000,674530.99777000,0
1650585600000,2983.94000000,3002.39000000,2969.53000000,2987.83000000,572.87720000,1650589199999,1710132.28854600,1717,293.27430000,875343.78098800,0
1650589200000,2987.82000000,3002.20000000,2980.64000000,2997.48000000,420.96590000,1650592799999,1259595.17071100,1331,254.07820000,760218.36601600,0
1650592800000,2997.04000000,3008.35000000,2993.08000000,3000.25000000,558.82680000,1650596399999,1677730.46589700,1494,322.77500000,969064.51114700,0
1650596400000,3000.21000000,3010.30000000,2993.45000000,2995.60000000,535.94390000,1650599999999,1608268.51147700,1545,284.24980000,852835.25008000,0
1650600000000,2995.89000000,3017.06000000,2991.66000000,3016.30000000,508.58460000,1650603599999,1528424.16510200,1517,277.97230000,835342.69419500,0
1650603600000,3016.88000000,3021.55000000,3010.49000000,3013.30000000,558.41250000,1650607199999,1684219.27975600,1784,282.70550000,852665.37763000,0
1650607200000,3012.58000000,3021.90000000,3008.46000000,3012.14000000,597.18650000,1650610799999,1801025.54140900,2135,332.80340000,1003648.21163700,0
1650610800000,3012.35000000,3033.42000000,2987.22000000,3020.46000000,763.92600000,1650614399999,2296765.07421700,2620,382.14490000,1149176.73147400,0
1650614400000,3020.79000000,3029.70000000,2994.50000000,3000.74000000,626.51160000,1650617999999,1885840.98833600,1947,318.24710000,958219.34782400,0
1650618000000,3000.89000000,3005.26000000,2978.99000000,2987.43000000,690.80530000,1650621599999,2070232.15295800,2034,389.85550000,1168296.52866300,0
1650621600000,2986.59000000,3010.11000000,2976.90000000,3005.93000000,540.90150000,1650625199999,1620236.06417700,1801,301.90160000,904157.60969600,0
1650625200000,3005.13000000,3018.04000000,2999.73000000,3014.89000000,513.02100000,1650628799999,1544807.91256600,1767,271.82060000,818401.37117600,0
1650628800000,3014.50000000,3020.34000000,2998.55000000,3001.55000000,528.68790000,1650632399999,1590828.65320900,1731,285.32330000,858547.59910000,0
1650632400000,3001.29000000,3016.42000000,2977.32000000,2988.35000000,811.21210000,1650635999999,2430669.33671800,2708,460.27440000,1378987.84124600,0
1650636000000,2988.34000000,3002.22000000,2960.58000000,2973.46000000,843.18960000,1650639599999,2510710.00839400,2396,512.74860000,1526624.75241200,0
1650639600000,2973.65000000,2986.07000000,2944.63000000,2950.07000000,921.16330000,1650643199999,2729387.35615300,2230,474.55030000,1405669.42917300,0
1650643200000,2949.33000000,2966.03000000,2932.56000000,2949.45000000,1502.30900000,1650646799999,4430460.48939500,2709,593.19500000,1750627.83244600,0
1650646800000,2948.27000000,2965.03000000,2943.57000000,2950.23000000,657.38130000,1650650399999,1942530.49916700,1695,338.74120000,1000951.56610300,0
1650650400000,2950.18000000,2974.91000000,2943.08000000,2970.21000000,431.67810000,1650653999999,1277274.84856000,1516,255.71510000,756389.53632600,0
1650654000000,2970.27000000,2983.12000000,2953.70000000,2955.09000000,431.51100000,1650657599999,1280807.62514100,1468,243.35840000,722149.94795300,0
1650657600000,2956.51000000,2971.83000000,2954.94000000,2971.53000000,503.08290000,1650661199999,1490043.75720600,1133,313.31670000,927618.88961400,0
1650661200000,2971.93000000,2973.54000000,2960.85000000,2964.75000000,305.68370000,1650664799999,907282.25431900,808,199.85030000,593245.29313400,0
1650664800000,2962.18000000,2965.07000000,2937.26000000,2958.81000000,333.30930000,1650668399999,984586.28456200,1549,115.09460000,340051.45750200,0
1650668400000,2959.04000000,2970.78000000,2953.95000000,2962.12000000,301.01240000,1650671999999,891661.10220300,1279,151.21450000,447852.96254500,0
1650672000000,2962.60000000,2975.34000000,2954.53000000,2955.42000000,265.58850000,1650675599999,786965.87162500,1298,118.00690000,349587.15558300,0
1650675600000,2955.52000000,2970.00000000,2954.64000000,2962.84000000,198.90630000,1650679199999,588984.20138600,880,109.55200000,324385.21599800,0
1650679200000,2962.81000000,2966.77000000,2952.40000000,2958.86000000,230.94670000,1650682799999,683595.96546200,971,126.01160000,372993.68416700,0
1650682800000,2958.86000000,2961.04000000,2942.93000000,2946.90000000,281.94350000,1650686399999,831883.56262500,1187,114.14600000,336759.26668100,0
1650686400000,2947.64000000,2955.63000000,2916.00000000,2948.54000000,665.11470000,1650689999999,1948741.50431100,1900,225.20970000,660397.39851800,0
1650690000000,2948.27000000,2959.38000000,2945.16000000,2955.01000000,315.53690000,1650693599999,931611.78652400,1222,165.13270000,487588.48193300,0
1650693600000,2954.84000000,2964.92000000,2951.16000000,2953.28000000,252.04980000,1650697199999,745264.27211000,970,105.78560000,312762.53427900,0
1650697200000,2953.18000000,2960.56000000,2953.18000000,2960.00000000,205.18220000,1650700799999,606775.37829600,849,105.00000000,310479.31997100,0
1650700800000,2959.89000000,2969.99000000,2953.82000000,2964.30000000,335.44570000,1650704399999,993750.44275500,1097,163.79690000,485235.11607300,0
1650704400000,2964.43000000,2967.43000000,2953.13000000,2955.31000000,262.60100000,1650707999999,777248.01722400,964,107.28310000,317521.00148600,0
1650708000000,2955.32000000,2961.27000000,2953.44000000,2957.51000000,236.46030000,1650711599999,699465.33725300,883,137.57460000,406967.23344400,0
1650711600000,2957.84000000,2964.94000000,2956.47000000,2959.02000000,250.83340000,1650715199999,742428.27969000,919,100.91900000,298727.21350200,0
1650715200000,2959.76000000,2971.37000000,2947.30000000,2961.96000000,360.33650000,1650718799999,1066731.69619300,1280,182.77860000,541135.41339700,0
1650718800000,2962.98000000,2969.65000000,2958.30000000,2963.27000000,420.19950000,1650722399999,1245347.07383200,1229,162.43490000,481389.82915200,0
1650722400000,2964.18000000,2966.79000000,2955.47000000,2962.42000000,306.69600000,1650725999999,908439.36204200,951,138.13160000,409157.67223200,0
1650726000000,2963.55000000,2969.74000000,2959.90000000,2966.84000000,276.80590000,1650729599999,820665.22907700,979,129.20470000,383043.91624400,0
1650729600000,2967.16000000,2978.79000000,2960.16000000,2964.22000000,362.26780000,1650733199999,1075597.53507700,1389,179.37870000,532523.30836300,0
1650733200000,2964.08000000,2964.24000000,2954.75000000,2960.85000000,277.62640000,1650736799999,821506.67620700,1070,131.69670000,389668.27688600,0
1650736800000,2960.87000000,2961.44000000,2948.03000000,2949.09000000,282.91900000,1650740399999,835646.28041300,816,154.50200000,456355.05738000,0
1650740400000,2949.08000000,2956.19000000,2947.63000000,2953.38000000,470.38730000,1650743999999,1387858.93382100,1262,217.62790000,641989.75772100,0
1650744000000,2954.60000000,2964.91000000,2952.24000000,2963.33000000,295.81380000,1650747599999,875757.86669300,1227,114.98460000,340334.43750100,0
1650747600000,2963.81000000,2970.00000000,2961.43000000,2968.15000000,126.88140000,1650751199999,376195.20268500,452,44.25420000,131211.23431800,0
1650751200000,2967.98000000,2968.85000000,2954.72000000,2956.31000000,124.74220000,1650754799999,369543.81273100,576,59.26750000,175600.13462300,0
1650754800000,2955.94000000,2955.94000000,2922.29000000,2932.70000000,464.33330000,1650758399999,1366066.12104600,1731,193.21870000,568306.13511700,0
1650758400000,2933.38000000,2946.51000000,2932.10000000,2936.14000000,531.14260000,1650761999999,1561881.26081700,1597,153.63580000,451676.24497000,0
1650762000000,2935.66000000,2943.27000000,2928.00000000,2928.63000000,305.84060000,1650765599999,898137.37583100,1108,120.49220000,353731.99032900,0
1650765600000,2928.44000000,2939.71000000,2923.23000000,2932.74000000,378.49400000,1650769199999,1109986.23755500,1331,177.46720000,520370.53500500,0
1650769200000,2933.16000000,2960.37000000,2930.63000000,2956.70000000,476.56440000,1650772799999,1405350.49087700,1649,215.67560000,635928.10787300,0
1650772800000,2956.95000000,2959.73000000,2949.40000000,2951.88000000,235.84940000,1650776399999,697134.41453700,956,93.16930000,275334.16389500,0
1650776400000,2951.65000000,2953.92000000,2945.67000000,2945.89000000,201.99960000,1650779999999,595667.01230300,674,97.23340000,286728.33684800,0
1650780000000,2945.88000000,2958.95000000,2944.71000000,2952.60000000,267.20880000,1650783599999,788742.97328700,1014,117.43670000,346700.13939100,0
1650783600000,2952.95000000,2957.50000000,2945.98000000,2950.01000000,237.35550000,1650787199999,700833.06280900,996,104.93880000,309828.30600800,0
1650787200000,2949.83000000,2955.03000000,2945.38000000,2946.04000000,153.38880000,1650790799999,452482.70619200,483,100.53930000,296619.83683000,0
1650790800000,2945.65000000,2954.17000000,2941.78000000,2949.55000000,371.67790000,1650794399999,1096689.35415800,1009,180.11250000,531373.84728800,0
1650794400000,2949.55000000,2956.17000000,2943.00000000,2947.17000000,287.99210000,1650797999999,849317.81511000,1133,135.86030000,400631.91792700,0
1650798000000,2947.15000000,2950.61000000,2935.44000000,2939.26000000,387.00220000,1650801599999,1138403.42201100,1376,190.84230000,561403.16523100,0
1650801600000,2939.10000000,2945.58000000,2932.51000000,2935.59000000,424.87860000,1650805199999,1248588.98821000,1624,214.79610000,631217.32553800,0
1650805200000,2935.66000000,2945.60000000,2924.37000000,2939.84000000,709.45400000,1650808799999,2080902.81853200,2582,379.27030000,1112363.44180200,0
1650808800000,2939.92000000,2957.45000000,2913.10000000,2947.10000000,646.05820000,1650812399999,1896525.30674000,2346,324.83460000,953207.60838000,0
1650812400000,2949.08000000,2955.46000000,2936.77000000,2944.34000000,374.20130000,1650815999999,1101254.95098800,1453,153.30800000,451177.80385700,0
1650816000000,2944.58000000,2952.20000000,2916.99000000,2942.81000000,671.73500000,1650819599999,1973187.59061700,2158,314.41810000,923839.27709500,0
1650819600000,2944.24000000,2944.55000000,2918.98000000,2923.21000000,452.76060000,1650823199999,1324763.65755800,1661,224.45100000,656685.07086500,0
1650823200000,2923.13000000,2954.13000000,2922.24000000,2951.42000000,446.92560000,1650826799999,1313978.54452400,1600,207.01630000,608619.14510700,0
1650826800000,2952.71000000,2967.49000000,2952.05000000,2960.37000000,493.87550000,1650830399999,1462487.33816500,1535,217.15190000,642930.00079600,0
1650830400000,2960.77000000,2963.16000000,2939.04000000,2941.64000000,386.42030000,1650833999999,1140026.55029100,1242,220.19000000,649687.55885800,0
1650834000000,2941.78000000,2946.43000000,2937.55000000,2946.43000000,171.65510000,1650837599999,504818.60501400,757,87.76520000,258115.03021700,0
1650837600000,2945.91000000,2953.43000000,2926.79000000,2929.62000000,244.70660000,1650841199999,719000.73781800,1151,117.22130000,344396.47882400,0
1650841200000,2929.60000000,2932.82000000,2917.80000000,2921.74000000,396.64550000,1650844799999,1160237.67437400,1419,185.60000000,543048.80390100,0
1650844800000,2921.60000000,2926.96000000,2852.94000000,2857.02000000,1096.49250000,1650848399999,3163656.19243100,3538,457.31310000,1318798.33185800,0
1650848400000,2857.03000000,2869.21000000,2840.64000000,2865.25000000,853.12210000,1650851999999,2435709.88627000,2448,382.63060000,1092831.33219300,0
1650852000000,2865.62000000,2870.38000000,2853.75000000,2860.93000000,455.90970000,1650855599999,1304802.66366100,1621,221.54690000,634058.43611800,0
1650855600000,2860.29000000,2880.17000000,2860.22000000,2876.23000000,433.05790000,1650859199999,1244056.63137600,1411,238.47780000,685194.47480100,0
1650859200000,2876.33000000,2877.00000000,2863.67000000,2865.51000000,578.21370000,1650862799999,1658121.36195200,1171,315.67220000,905208.11896700,0
1650862800000,2865.53000000,2873.07000000,2847.08000000,2850.90000000,678.72470000,1650866399999,1940841.14539000,1556,246.25490000,704259.82705500,0
1650866400000,2851.35000000,2856.56000000,2817.62000000,2821.46000000,1863.50450000,1650869999999,5291524.58384600,3184,1193.82420000,3390002.14561000,0
1650870000000,2821.70000000,2824.33000000,2793.36000000,2812.13000000,1695.45840000,1650873599999,4767216.05231700,3609,1026.63790000,2887813.55476700,0
1650873600000,2812.06000000,2817.77000000,2805.98000000,2809.15000000,777.79180000,1650877199999,2187588.94274700,2099,439.87430000,1237389.34601700,0
1650877200000,2809.36000000,2834.02000000,2797.24000000,2827.57000000,736.06190000,1650880799999,2073631.61896100,2394,393.13500000,1107748.92829500,0
1650880800000,2827.79000000,2831.34000000,2818.42000000,2825.33000000,451.42080000,1650884399999,1276022.86787400,1666,179.96560000,508676.28092700,0
1650884400000,2825.09000000,2864.12000000,2819.44000000,2862.43000000,786.16880000,1650887999999,2232664.39856200,2184,414.94410000,1177762.40226200,0
1650888000000,2862.73000000,2871.99000000,2856.04000000,2860.60000000,1410.54510000,1650891599999,4037584.27072400,2489,387.51480000,1109266.88614200,0
1650891600000,2859.34000000,2894.24000000,2842.70000000,2858.21000000,799.20780000,1650895199999,2290604.83437600,2984,361.08240000,1035312.01289600,0
1650895200000,2858.35000000,2895.86000000,2845.79000000,2871.68000000,1096.67170000,1650898799999,3151799.18119100,3045,464.54970000,1333986.83506600,0
1650898800000,2872.06000000,2891.55000000,2864.11000000,2869.85000000,666.74000000,1650902399999,1918913.86787700,2112,348.68100000,1003640.43447900,0
1650902400000,2869.37000000,2935.06000000,2865.75000000,2924.01000000,1236.91660000,1650905999999,3601056.27975000,3431,519.58090000,1509804.05676500,0
1650906000000,2926.29000000,2941.52000000,2920.22000000,2928.30000000,760.89890000,1650909599999,2230026.82804000,2343,340.30130000,997349.75328700,0
1650909600000,2929.37000000,2982.48000000,2922.36000000,2960.84000000,948.00520000,1650913199999,2794640.12797000,3070,470.88810000,1387674.14660000,0
1650913200000,2961.49000000,3017.00000000,2953.61000000,3013.39000000,1987.12590000,1650916799999,5946085.92564900,4229,1236.44730000,3696382.54110300,0
1650916800000,3013.70000000,3025.73000000,2989.00000000,3000.06000000,557.26880000,1650920399999,1675117.34299100,1459,333.54300000,1002304.12245800,0
1650920400000,3000.07000000,3008.40000000,2994.47000000,3007.79000000,164.94450000,1650923999999,495102.25487700,673,58.03260000,174206.47691200,0
1650924000000,3007.84000000,3026.02000000,3003.41000000,3010.14000000,322.44380000,1650927599999,971420.37446800,942,148.12280000,446591.07090400,0
1650927600000,3009.48000000,3019.42000000,3004.28000000,3006.98000000,140.54310000,1650931199999,423548.53091500,580,62.13490000,187325.23274100,0
1650931200000,3007.22000000,3039.17000000,3006.04000000,3011.35000000,491.05710000,1650934799999,1482050.88874300,1600,236.62150000,714355.79486500,0
1650934800000,3011.92000000,3016.78000000,3002.72000000,3003.54000000,610.31790000,1650938399999,1836670.97073500,1714,253.13070000,761835.21740200,0
1650938400000,3003.46000000,3007.12000000,2987.05000000,2998.74000000,510.92290000,1650941999999,1532746.03845900,1582,216.01200000,647957.71164700,0
1650942000000,2998.55000000,3005.68000000,2997.25000000,3001.20000000,359.73260000,1650945599999,1079678.56293100,1118,193.99940000,582260.45758100,0
1650945600000,3001.21000000,3011.34000000,2996.16000000,3006.59000000,445.43280000,1650949199999,1337641.81786400,1340,206.79240000,621105.62477100,0
1650949200000,3006.47000000,3013.44000000,3001.78000000,3004.70000000,351.71260000,1650952799999,1058087.61932000,1128,209.20140000,629309.87085100,0
1650952800000,3005.10000000,3006.60000000,2982.29000000,2995.77000000,775.59690000,1650956399999,2323931.10541700,1944,315.87210000,946940.10010000,0
1650956400000,2995.80000000,3010.30000000,2975.63000000,3003.54000000,621.27750000,1650959999999,1863166.79538100,2081,328.24600000,984450.70785900,0
1650960000000,3003.53000000,3021.30000000,2993.41000000,2999.96000000,532.65250000,1650963599999,1600956.55170600,1649,259.20500000,779132.72503000,0
1650963600000,3000.55000000,3001.70000000,2990.26000000,2995.71000000,481.97140000,1650967199999,1444268.79613200,1485,286.18530000,857591.66066100,0
1650967200000,2994.88000000,3001.77000000,2991.97000000,2994.59000000,327.99560000,1650970799999,983006.05673900,1147,176.91370000,530258.89269300,0
1650970800000,2994.57000000,3009.88000000,2976.55000000,3003.29000000,653.50070000,1650974399999,1959936.36885700,1671,279.52340000,839098.47457100,0
1650974400000,3002.50000000,3012.51000000,2974.88000000,2978.83000000,440.04000000,1650977999999,1320114.47506200,1704,202.06920000,606362.41385500,0
1650978000000,2978.40000000,2985.04000000,2942.08000000,2942.63000000,905.97030000,1650981599999,2683856.67980900,2702,552.27440000,1635781.39807100,0
1650981600000,2941.91000000,2944.64000000,2892.69000000,2896.55000000,927.30590000,1650985199999,2708389.57792400,2877,344.86110000,1006957.07167800,0
1650985200000,2896.66000000,2908.68000000,2854.10000000,2860.10000000,1048.15450000,1650988799999,3024934.29215200,3222,405.79220000,1171678.47411500,0
1650988800000,2860.57000000,2886.94000000,2836.80000000,2882.14000000,1128.14380000,1650992399999,3231249.38581300,2932,601.70270000,1723218.10004400,0
1650992400000,2882.19000000,2882.19000000,2842.94000000,2861.31000000,1163.91400000,1650995999999,3325374.14968800,2503,711.64000000,2032481.50113200,0
1650996000000,2860.89000000,2868.12000000,2846.10000000,2856.85000000,552.92040000,1650999599999,1579152.22999600,1569,295.07600000,842764.80665400,0
1650999600000,2857.45000000,2862.50000000,2810.05000000,2839.77000000,675.07800000,1651003199999,1915621.98522200,2352,347.48920000,985973.26449400,0
1651003200000,2839.89000000,2854.08000000,2798.55000000,2828.36000000,1676.23410000,1651006799999,4717703.93029600,2774,1397.01610000,3929831.02815400,0
1651006800000,2829.74000000,2854.79000000,2821.20000000,2840.33000000,178.56990000,1651010399999,506675.27167500,742,93.83230000,266259.12246100,0
1651010400000,2841.57000000,2845.65000000,2819.05000000,2819.39000000,376.30660000,1651013999999,1065139.33012000,1167,204.91630000,579914.78743800,0
1651014000000,2821.44000000,2824.36000000,2766.99000000,2809.46000000,597.26650000,1651017599999,1669516.12768100,2154,304.14680000,850618.51391600,0
1651017600000,2809.04000000,2825.03000000,2794.63000000,2816.21000000,434.72420000,1651021199999,1223279.57908500,1396,211.90050000,596456.81738200,0
1651021200000,2815.68000000,2838.47000000,2813.97000000,2836.90000000,522.51580000,1651024799999,1477276.64661500,1625,248.70440000,703061.27407000,0
1651024800000,2837.45000000,2841.23000000,2830.05000000,2837.95000000,355.83340000,1651028399999,1009180.81590700,1214,170.13430000,482465.17312500,0
1651028400000,2837.64000000,2844.24000000,2829.60000000,2836.25000000,305.99930000,1651031999999,868386.10389600,1102,163.17720000,463080.38348900,0
1651032000000,2835.78000000,2848.87000000,2831.10000000,2842.79000000,344.60580000,1651035599999,979376.63941500,1039,166.56600000,473378.10739600,0
1651035600000,2843.70000000,2858.22000000,2841.48000000,2844.86000000,298.41250000,1651039199999,850262.07410400,1002,151.79190000,432486.49688500,0
1651039200000,2845.15000000,2874.98000000,2843.34000000,2870.48000000,480.94220000,1651042799999,1375232.35388600,1496,178.24220000,509222.29345300,0
1651042800000,2869.63000000,2891.60000000,2866.81000000,2890.53000000,1244.38460000,1651046399999,3578919.81674800,2568,468.19060000,1346745.19719500,0
1651046400000,2890.53000000,2916.45000000,2867.72000000,2885.42000000,1001.46350000,1651049999999,2894132.15346200,2453,455.79090000,1317489.98818400,0
1651050000000,2885.59000000,2906.25000000,2875.31000000,2899.79000000,736.32340000,1651053599999,2130703.86001600,1979,345.84270000,1000431.20991400,0
1651053600000,2900.64000000,2904.37000000,2889.56000000,2897.17000000,361.32140000,1651057199999,1046884.36063700,1255,189.17080000,547987.94728700,0
1651057200000,2897.90000000,2898.35000000,2860.54000000,2884.69000000,637.97960000,1651060799999,1836024.98412800,1987,270.39250000,778362.02195300,0
1651060800000,2885.50000000,2895.84000000,2862.96000000,2866.22000000,646.95830000,1651064399999,1862529.55365200,1912,272.14340000,782993.02832400,0
1651064400000,2867.11000000,2919.72000000,2855.99000000,2905.87000000,822.02270000,1651067999999,2375266.42569600,2397,440.79950000,1273501.75249000,0
1651068000000,2905.99000000,2910.41000000,2819.86000000,2842.72000000,1270.98770000,1651071599999,3622037.65727600,3963,682.65270000,1944784.46096100,0
1651071600000,2842.67000000,2875.01000000,2835.46000000,2864.31000000,1008.64920000,1651075199999,2878321.93323100,3244,522.49800000,1491501.83034200,0
1651075200000,2865.16000000,2894.87000000,2854.90000000,2882.20000000,710.16330000,1651078799999,2044971.87664900,2276,307.88480000,886186.76516700,0
1651078800000,2881.47000000,2888.02000000,2858.69000000,2872.70000000,638.57100000,1651082399999,1833747.42830200,2157,314.29230000,902503.19863000,0
1651082400000,2871.71000000,2878.11000000,2845.77000000,2848.32000000,435.94970000,1651085999999,1248025.06589600,1759,213.68300000,611727.60704200,0
1651086000000,2848.64000000,2860.47000000,2838.76000000,2852.00000000,524.75640000,1651089599999,1495149.33294700,2048,282.79410000,805822.90156200,0
1651089600000,2852.89000000,2883.37000000,2850.74000000,2864.37000000,614.80730000,1651093199999,1762720.85628800,1534,221.22390000,634266.84815600,0
1651093200000,2864.39000000,2900.00000000,2863.07000000,2886.55000000,199.60950000,1651096799999,575624.46875900,820,85.92110000,247512.23777900,0
1651096800000,2887.75000000,2892.37000000,2869.85000000,2875.60000000,225.76480000,1651100399999,650303.10190000,705,87.41690000,251836.74288600,0
1651100400000,2875.21000000,2899.06000000,2874.28000000,2889.33000000,570.11760000,1651103999999,1647799.29740300,947,135.75000000,392089.41381200,0
1651104000000,2889.02000000,2900.67000000,2880.92000000,2894.72000000,364.40530000,1651107599999,1053491.56292200,1268,174.66850000,505093.77696100,0
1651107600000,2895.50000000,2915.54000000,2870.08000000,2876.64000000,451.95220000,1651111199999,1307862.95494600,1741,181.57670000,525531.38300400,0
1651111200000,2877.18000000,2900.10000000,2872.76000000,2897.22000000,417.27610000,1651114799999,1205258.79691400,1274,218.52420000,631125.95337800,0
1651114800000,2896.98000000,2900.98000000,2882.89000000,2883.75000000,794.33900000,1651118399999,2299570.87854300,1693,233.19540000,674708.50008700,0
1651118400000,2884.63000000,2907.57000000,2872.92000000,2892.92000000,596.62320000,1651121999999,1722459.69969800,1433,317.17410000,916534.39016700,0
1651122000000,2893.41000000,2895.35000000,2874.95000000,2882.40000000,424.00730000,1651125599999,1222099.93678900,1338,179.90360000,518555.72440200,0
1651125600000,2882.07000000,2891.48000000,2877.48000000,2886.51000000,384.19530000,1651129199999,1108365.58969300,1105,161.87300000,467076.95442800,0
1651129200000,2886.48000000,2936.14000000,2880.57000000,2901.30000000,729.21450000,1651132799999,2116464.73716500,2264,363.54300000,1055079.32633200,0
1651132800000,2901.12000000,2944.32000000,2899.48000000,2930.16000000,728.35030000,1651136399999,2132586.98972800,2305,360.20840000,1054534.86611000,0
1651136400000,2931.50000000,2948.26000000,2930.87000000,2940.49000000,508.53980000,1651139999999,1494262.65669500,1777,245.71170000,722061.19106900,0
1651140000000,2940.58000000,2942.12000000,2923.82000000,2931.22000000,364.24300000,1651143599999,1068382.86450800,1303,171.13450000,501851.54055600,0
1651143600000,2930.34000000,2937.75000000,2924.37000000,2928.34000000,311.24840000,1651147199999,911668.16976300,964,183.11840000,536324.87524100,0
1651147200000,2928.53000000,2936.32000000,2908.35000000,2915.13000000,391.91850000,1651150799999,1145943.00631000,1430,190.81180000,558130.56476500,0
1651150800000,2914.43000000,2916.84000000,2867.85000000,2869.70000000,698.92310000,1651154399999,2024615.74641700,2379,353.33660000,1023911.87889500,0
1651154400000,2870.37000000,2888.51000000,2854.67000000,2880.91000000,754.25470000,1651157999999,2161792.12771300,2515,342.88950000,982895.10899900,0
1651158000000,2879.11000000,2945.84000000,2860.55000000,2891.34000000,1250.56170000,1651161599999,3628866.80972200,3987,655.42840000,1905222.46591300,0
1651161600000,2890.13000000,2938.68000000,2875.97000000,2934.83000000,870.04190000,1651165199999,2537061.98084100,2577,550.07860000,1605090.98302900,0
1651165200000,2936.07000000,2972.09000000,2927.99000000,2970.92000000,856.66750000,1651168799999,2525419.59740900,2461,468.11350000,1379850.95168200,0
1651168800000,2972.05000000,2979.84000000,2959.32000000,2964.10000000,624.19710000,1651172399999,1853395.20305200,2053,380.78040000,1130434.80655600,0
1651172400000,2964.23000000,2977.76000000,2943.48000000,2946.31000000,566.22230000,1651175999999,1676477.07313000,1654,354.49010000,1049809.05188300,0
1651176000000,2947.34000000,2969.18000000,2929.49000000,2948.05000000,1200.60460000,1651179599999,3531767.82515600,2397,620.89570000,1827364.10327900,0
1651179600000,2947.60000000,2955.86000000,2923.39000000,2936.51000000,480.68020000,1651183199999,1413798.26306500,1066,168.95150000,497302.58733800,0
1651183200000,2936.90000000,2937.65000000,2911.61000000,2928.82000000,253.40830000,1651186799999,740836.39500600,840,143.18140000,418559.63511000,0
1651186800000,2929.37000000,2940.90000000,2922.80000000,2937.11000000,338.34770000,1651190399999,992156.55350600,1048,165.94600000,486624.09069600,0
1651190400000,2937.18000000,2946.71000000,2925.89000000,2943.68000000,332.48010000,1651193999999,976477.01666100,1293,162.48490000,477165.08514700,0
1651194000000,2942.98000000,2944.86000000,2927.51000000,2930.75000000,524.03080000,1651197599999,1539326.71958000,1782,306.16910000,899359.35211500,0
1651197600000,2931.61000000,2936.09000000,2904.44000000,2910.78000000,499.44220000,1651201199999,1459692.34181300,1733,296.88420000,867921.31120300,0
1651201200000,2909.93000000,2927.27000000,2903.79000000,2925.70000000,431.23560000,1651204799999,1257520.56758000,1625,230.59950000,672454.82976800,0
1651204800000,2925.84000000,2926.65000000,2909.40000000,2919.69000000,457.68290000,1651208399999,1335612.88601200,1682,250.59480000,731093.53060700,0
1651208400000,2919.21000000,2935.66000000,2919.09000000,2921.57000000,457.68230000,1651211999999,1339845.48985800,1529,240.21950000,703263.22467000,0
1651212000000,2921.18000000,2928.37000000,2909.11000000,2920.42000000,397.77840000,1651215599999,1161831.48328600,1550,215.35250000,628974.91796200,0
1651215600000,2920.53000000,2929.20000000,2914.98000000,2925.56000000,337.92340000,1651219199999,987499.57807000,1240,183.55800000,536451.46240500,0
1651219200000,2925.42000000,2927.74000000,2905.00000000,2906.22000000,417.30760000,1651222799999,1217175.40132400,1651,199.38660000,581548.02844600,0
1651222800000,2906.22000000,2906.22000000,2875.02000000,2880.04000000,503.77260000,1651226399999,1455427.83830100,1826,225.52540000,651408.80634800,0
1651226400000,2878.06000000,2889.35000000,2853.05000000,2863.04000000,726.30540000,1651229999999,2087783.85056800,2162,301.33840000,866171.59837900,0
1651230000000,2861.71000000,2868.94000000,2835.00000000,2843.19000000,856.92100000,1651233599999,2443006.29237500,2082,519.04360000,1479545.48640800,0
1651233600000,2844.68000000,2874.65000000,2831.58000000,2859.59000000,817.83830000,1651237199999,2338765.91464500,2033,389.90410000,1115096.02376100,0
1651237200000,2858.51000000,2886.47000000,2842.09000000,2879.28000000,740.62690000,1651240799999,2123015.10933700,2152,444.10460000,1272987.11422700,0
1651240800000,2879.33000000,2883.33000000,2843.24000000,2858.82000000,1375.42310000,1651244399999,3932702.61234700,2863,1066.51830000,3049149.59049900,0
1651244400000,2858.99000000,2867.61000000,2846.06000000,2856.75000000,776.02610000,1651247999999,2215079.80120400,1854,530.96420000,1515519.55834000,0
1651248000000,2856.28000000,2856.80000000,2808.61000000,2815.57000000,992.66370000,1651251599999,2811820.30344300,2452,525.26450000,1487875.02340400,0
1651251600000,2815.19000000,2835.99000000,2805.06000000,2822.90000000,747.59880000,1651255199999,2111691.00307000,1743,386.60140000,1091958.45984300,0
1651255200000,2823.18000000,2828.88000000,2800.15000000,2816.16000000,768.47250000,1651258799999,2162370.10045200,1887,510.98140000,1437693.31944700,0
1651258800000,2814.95000000,2820.08000000,2776.34000000,2793.78000000,1564.01110000,1651262399999,4373865.26676100,2884,1098.69210000,3073328.36131400,0
1651262400000,2792.65000000,2814.35000000,2788.25000000,2807.12000000,647.50930000,1651265999999,1813696.80965800,1671,367.85450000,1030596.03184400,0
1651266000000,2807.12000000,2817.86000000,2801.47000000,2807.07000000,327.74820000,1651269599999,921450.60318500,838,135.51370000,380844.14890100,0
1651269600000,2804.48000000,2822.45000000,2795.46000000,2819.53000000,224.87620000,1651273199999,632322.89341600,660,125.10570000,351907.51136900,0
1651273200000,2818.44000000,2822.51000000,2809.16000000,2817.22000000,278.87300000,1651276799999,785390.86161200,794,104.70440000,294779.16271100,0
1651276800000,2816.77000000,2828.95000000,2802.46000000,2824.33000000,409.04740000,1651280399999,1153425.99148100,1028,203.60810000,574655.75249100,0
1651280400000,2825.07000000,2833.61000000,2820.38000000,2825.10000000,265.81350000,1651283999999,751503.86222200,859,125.97130000,356129.86480400,0
1651284000000,2825.97000000,2837.64000000,2822.76000000,2824.68000000,357.80080000,1651287599999,1012847.44762400,988,235.16290000,665854.59165100,0
1651287600000,2824.68000000,2825.59000000,2810.64000000,2817.98000000,438.99600000,1651291199999,1236159.98014000,1230,286.11780000,805623.97505100,0
1651291200000,2818.46000000,2824.03000000,2809.60000000,2820.67000000,295.18010000,1651294799999,831635.10244000,915,134.66640000,379428.26922200,0
1651294800000,2821.43000000,2841.59000000,2818.24000000,2836.33000000,437.86960000,1651298399999,1238137.40196500,1385,165.78520000,469124.42686200,0
1651298400000,2836.74000000,2839.35000000,2825.02000000,2831.83000000,300.17150000,1651301999999,849744.57931600,1238,142.70960000,403980.50611500,0
1651302000000,2831.67000000,2833.17000000,2823.01000000,2829.99000000,227.90910000,1651305599999,644512.22106000,781,113.23720000,320124.98829200,0
1651305600000,2829.88000000,2832.93000000,2820.59000000,2822.51000000,267.15860000,1651309199999,755147.76247200,1220,123.66570000,349552.98185500,0
1651309200000,2822.61000000,2847.61000000,2818.33000000,2833.63000000,509.75320000,1651312799999,1443027.36175400,1327,318.19120000,901404.11356100,0
1651312800000,2833.86000000,2840.33000000,2829.48000000,2830.47000000,297.41740000,1651316399999,842745.93956500,1120,133.95410000,379597.62005500,0
1651316400000,2830.18000000,2835.95000000,2829.67000000,2831.05000000,281.78650000,1651319999999,798264.65736300,1055,154.11840000,436612.11137100,0
1651320000000,2830.62000000,2837.89000000,2821.94000000,2825.35000000,290.66400000,1651323599999,822526.40859200,1044,151.56120000,428975.86020600,0
1651323600000,2825.17000000,2830.90000000,2814.46000000,2821.25000000,430.23730000,1651327199999,1214666.55297200,1354,218.69980000,617453.03883000,0
1651327200000,2821.11000000,2824.52000000,2780.00000000,2782.75000000,686.86040000,1651330799999,1924513.59508400,2063,315.51590000,884367.12738900,0
1651330800000,2783.53000000,2823.06000000,2770.84000000,2816.44000000,527.96770000,1651334399999,1477720.93333800,1815,309.65780000,866322.59057400,0
1651334400000,2816.06000000,2821.85000000,2799.29000000,2802.09000000,299.62000000,1651337999999,842961.45314300,1205,142.19690000,400025.72832100,0
1651338000000,2802.10000000,2804.63000000,2781.21000000,2786.00000000,444.64280000,1651341599999,1241423.42973300,1629,243.99060000,681044.51703800,0
1651341600000,2785.56000000,2794.81000000,2775.01000000,2794.81000000,703.51170000,1651345199999,1960262.69322800,1468,437.20480000,1218177.08458100,0
1651345200000,2794.18000000,2810.89000000,2788.52000000,2807.64000000,314.93310000,1651348799999,880472.66571400,1072,180.65650000,504953.36895900,0
1651348800000,2805.16000000,2807.84000000,2786.34000000,2790.04000000,191.41990000,1651352399999,535090.87204000,812,93.34820000,260951.07466400,0
1651352400000,2790.21000000,2800.33000000,2785.96000000,2795.48000000,156.99670000,1651355999999,438327.81255200,562,79.47010000,221900.08842900,0
1651356000000,2794.96000000,2797.45000000,2780.31000000,2782.44000000,102.53450000,1651359599999,285757.62836700,587,54.36720000,151532.36044800,0
1651359600000,2781.49000000,2787.33000000,2715.93000000,2728.01000000,1017.72170000,1651363199999,2786820.40757600,2936,468.23750000,1282744.41125800,0
1651363200000,2726.48000000,2747.24000000,2715.91000000,2737.36000000,445.53390000,1651366799999,1217838.59822200,1632,208.02210000,568651.28180500,0
1651366800000,2737.25000000,2778.25000000,2725.92000000,2770.08000000,317.02820000,1651370399999,871934.33947300,1291,187.68920000,516585.21328600,0
1651370400000,2769.23000000,2780.54000000,2755.24000000,2758.88000000,242.10810000,1651373999999,670352.62113200,928,109.50420000,303135.75792700,0
1651374000000,2759.39000000,2778.40000000,2758.47000000,2778.19000000,283.07640000,1651377599999,783978.47054100,917,138.18140000,382650.05798000,0
1651377600000,2777.65000000,2781.42000000,2766.31000000,2773.19000000,340.53570000,1651381199999,944110.65246700,1046,169.92780000,471130.57458100,0
1651381200000,2773.03000000,2795.83000000,2769.79000000,2782.52000000,413.94370000,1651384799999,1153226.47551000,1370,229.97490000,640676.98914800,0
1651384800000,2782.59000000,2790.60000000,2772.54000000,2775.82000000,359.19600000,1651388399999,999833.29873100,1105,220.79430000,614630.74356800,0
1651388400000,2776.46000000,2779.81000000,2765.02000000,2766.11000000,448.46040000,1651391999999,1243708.78104500,1731,199.01800000,551857.54459600,0
1651392000000,2766.47000000,2782.41000000,2765.47000000,2778.80000000,817.53980000,1651395599999,2268719.59103500,1845,564.67120000,1566868.06747200,0
1651395600000,2779.43000000,2781.28000000,2758.00000000,2768.71000000,335.25210000,1651399199999,928285.16385700,1282,164.75150000,456235.43639200,0
1651399200000,2768.60000000,2775.79000000,2761.95000000,2767.07000000,361.10650000,1651402799999,1000077.22605300,1413,173.25320000,479804.81263400,0
1651402800000,2767.44000000,2769.45000000,2753.31000000,2757.41000000,437.72770000,1651406399999,1209013.26906900,1509,205.90360000,568726.26127900,0
1651406400000,2757.14000000,2769.79000000,2749.23000000,2764.12000000,487.75100000,1651409999999,1346153.09175400,1421,223.31480000,616369.47157200,0
1651410000000,2764.69000000,2771.53000000,2757.12000000,2758.17000000,337.19350000,1651413599999,932150.16933500,1155,186.27140000,514920.11682300,0
1651413600000,2758.41000000,2767.50000000,2754.89000000,2760.07000000,521.87330000,1651417199999,1441495.46770400,1434,279.45840000,771916.67842000,0
1651417200000,2760.25000000,2818.62000000,2760.25000000,2806.41000000,932.49290000,1651420799999,2601818.52082000,2720,585.46000000,1632547.03036000,0
1651420800000,2806.80000000,2828.35000000,2801.95000000,2812.01000000,598.50230000,1651424399999,1686041.59590800,2069,329.27030000,927675.41827000,0
1651424400000,2812.01000000,2819.99000000,2803.98000000,2807.28000000,501.91770000,1651427999999,1411401.84463300,1466,265.38730000,746021.71197400,0
1651428000000,2807.34000000,2808.33000000,2771.37000000,2773.18000000,431.76780000,1651431599999,1205175.02477700,1727,227.86110000,636232.94234400,0
1651431600000,2773.16000000,2777.35000000,2755.37000000,2765.09000000,661.55330000,1651435199999,1830562.42204600,2212,359.31950000,994249.55370000,0
1651435200000,2765.45000000,2817.47000000,2758.35000000,2813.80000000,481.81160000,1651438799999,1337968.44542800,1911,277.62630000,770787.67410300,0
1651438800000,2812.56000000,2819.90000000,2793.62000000,2808.04000000,252.44970000,1651442399999,708486.00930900,1146,143.70930000,403348.41695500,0
1651442400000,2808.75000000,2825.18000000,2793.92000000,2806.78000000,572.89080000,1651445999999,1607845.57280900,1921,253.54110000,711355.03011300,0
1651446000000,2808.02000000,2848.67000000,2802.92000000,2825.70000000,590.65070000,1651449599999,1671325.07776200,2077,300.55530000,850576.80168800,0
1651449600000,2824.81000000,2850.99000000,2822.92000000,2841.24000000,516.09320000,1651453199999,1465403.40167500,1989,251.82890000,715029.38416900,0
1651453200000,2842.63000000,2848.30000000,2833.40000000,2834.87000000,314.86200000,1651456799999,894871.30322200,1150,139.99540000,397883.65983700,0
1651456800000,2834.55000000,2841.11000000,2829.27000000,2838.71000000,274.32510000,1651460399999,778112.75330900,1194,128.86490000,365502.72953000,0
1651460400000,2839.13000000,2846.48000000,2835.27000000,2841.58000000,275.71420000,1651463999999,783518.67516900,982,145.10950000,412317.93252200,0
1651464000000,2841.44000000,2865.66000000,2832.69000000,2857.76000000,683.06170000,1651467599999,1940717.73982900,1415,211.40290000,601256.94213800,0
1651467600000,2858.06000000,2866.86000000,2849.52000000,2861.45000000,368.20430000,1651471199999,1052245.75667500,1258,216.42730000,618416.19058800,0
1651471200000,2861.50000000,2874.62000000,2849.93000000,2858.22000000,1686.20090000,1651474799999,4827836.42243500,2623,240.84480000,690145.13812000,0
1651474800000,2858.78000000,2865.88000000,2841.20000000,2845.63000000,376.11150000,1651478399999,1074331.25775700,1400,144.77390000,413463.14531100,0
1651478400000,2845.63000000,2855.66000000,2831.76000000,2839.14000000,475.11280000,1651481999999,1351029.17692900,1668,190.19290000,540546.43055700,0
1651482000000,2838.79000000,2848.36000000,2807.79000000,2811.58000000,668.06940000,1651485599999,1889110.96888300,2019,287.79710000,814047.25002000,0
1651485600000,2808.91000000,2819.85000000,2802.73000000,2806.56000000,394.06990000,1651489199999,1107609.59225600,1638,189.49700000,532496.98302200,0
1651489200000,2806.47000000,2809.60000000,2789.05000000,2795.50000000,466.05000000,1651492799999,1305101.92344400,1742,222.56210000,623220.57174100,0
1651492800000,2794.99000000,2811.35000000,2789.44000000,2795.34000000,515.46690000,1651496399999,1443117.23832000,1679,288.45270000,807663.64334300,0
1651496400000,2795.25000000,2845.24000000,2778.90000000,2829.43000000,1227.62650000,1651499999999,3454445.08059800,4123,624.86050000,1756798.40159700,0
1651500000000,2829.13000000,2852.17000000,2805.07000000,2827.49000000,929.72660000,1651503599999,2629717.73972800,3377,435.27980000,1231487.32982000,0
1651503600000,2828.05000000,2835.41000000,2813.48000000,2827.23000000,1090.74660000,1651507199999,3078348.45402200,2887,722.38290000,2038548.49458400,0
1651507200000,2827.88000000,2836.43000000,2806.28000000,2809.48000000,608.33930000,1651510799999,1716205.79278100,2090,331.64500000,935459.53920000,0
1651510800000,2808.48000000,2811.86000000,2784.60000000,2797.24000000,765.31550000,1651514399999,2142213.74789000,2352,403.50060000,1129646.76808100,0
1651514400000,2796.22000000,2810.75000000,2773.98000000,2799.25000000,698.47370000,1651517999999,1951040.53444000,2242,348.34560000,973196.53979100,0
1651518000000,2801.34000000,2850.00000000,2795.27000000,2840.38000000,1101.90210000,1651521599999,3119132.36657200,3152,582.60930000,1648944.76024100,0
1651521600000,2843.40000000,2847.39000000,2825.72000000,2827.00000000,389.10390000,1651525199999,1103854.18645200,1221,167.97960000,476368.84154000,0
1651525200000,2827.18000000,2869.78000000,2824.33000000,2865.64000000,551.65140000,1651528799999,1575844.91979100,1415,294.30700000,840838.16065700,0
1651528800000,2865.66000000,2882.35000000,2860.87000000,2860.89000000,729.86790000,1651532399999,2093824.48905300,1828,212.55530000,610041.86066100,0
1651532400000,2862.30000000,2874.15000000,2850.58000000,2855.54000000,454.85380000,1651535999999,1303237.26768400,1465,186.33750000,533781.45867500,0
1651536000000,2856.55000000,2861.20000000,2835.77000000,2836.87000000,468.11830000,1651539599999,1333472.49111000,1645,194.41440000,553916.44611600,0
1651539600000,2837.15000000,2845.40000000,2829.89000000,2844.91000000,449.84550000,1651543199999,1277002.61638300,1688,207.39620000,588612.12090700,0
1651543200000,2844.76000000,2852.66000000,2827.69000000,2839.31000000,502.88520000,1651546799999,1429405.78894200,1637,288.11810000,819098.84386200,0
1651546800000,2839.95000000,2856.21000000,2838.71000000,2850.61000000,407.71510000,1651550399999,1161357.73104800,1543,196.25120000,558951.32583500,0
1651550400000,2850.34000000,2854.73000000,2844.06000000,2848.72000000,437.14560000,1651553999999,1245370.60745900,1485,254.97260000,726429.44231000,0
1651554000000,2849.05000000,2849.39000000,2830.00000000,2843.55000000,499.69130000,1651557599999,1418183.53832800,1527,235.79310000,669059.67078000,0
1651557600000,2843.45000000,2848.38000000,2836.43000000,2839.80000000,284.11740000,1651561199999,807702.43640200,1124,133.15680000,378562.17932800,0
1651561200000,2839.80000000,2847.02000000,2834.67000000,2844.28000000,405.53580000,1651564799999,1152029.42358900,1304,152.57910000,433258.39265800,0
1651564800000,2844.51000000,2853.58000000,2843.18000000,2844.70000000,497.24650000,1651568399999,1415715.42420400,1344,354.07260000,1008036.71237900,0
1651568400000,2845.37000000,2846.29000000,2832.44000000,2833.29000000,337.57870000,1651571999999,958815.40380200,1071,162.69770000,462099.32852900,0
1651572000000,2833.15000000,2835.48000000,2823.27000000,2830.02000000,440.50360000,1651575599999,1246392.35575900,1306,208.63870000,590330.63329700,0
1651575600000,2829.61000000,2849.21000000,2824.81000000,2848.67000000,470.11100000,1651579199999,1333402.76290100,1291,209.97990000,595348.60424500,0
1651579200000,2849.18000000,2850.37000000,2835.80000000,2837.09000000,458.86390000,1651582799999,1304356.07952500,1284,220.47170000,626651.40028100,0
1651582800000,2837.09000000,2842.42000000,2813.73000000,2833.55000000,713.21260000,1651586399999,2018596.04988700,2505,402.67920000,1139779.43313200,0
1651586400000,2834.56000000,2846.77000000,2818.33000000,2821.71000000,594.58760000,1651589999999,1682968.13902100,2267,322.12930000,911709.38838700,0
1651590000000,2821.04000000,2835.40000000,2815.50000000,2821.90000000,584.64480000,1651593599999,1652014.27034300,1845,303.56510000,857575.09285500,0
1651593600000,2821.93000000,2827.30000000,2800.48000000,2806.31000000,710.30950000,1651597199999,1994166.60616400,2132,348.82390000,979087.68104100,0
1651597200000,2806.45000000,2826.11000000,2802.29000000,2802.53000000,768.40610000,1651600799999,2162619.08219400,1763,304.31330000,856411.25415700,0
1651600800000,2801.89000000,2801.89000000,2769.20000000,2783.75000000,1112.76810000,1651604399999,3102007.48958600,3200,603.67270000,1683431.36493800,0
1651604400000,2784.32000000,2784.34000000,2760.96000000,2772.46000000,837.72420000,1651607999999,2323917.21840300,2644,419.62220000,1163815.87084200,0
1651608000000,2773.19000000,2791.62000000,2755.04000000,2787.66000000,765.81720000,1651611599999,2118221.47069700,1906,440.39000000,1218039.27273500,0
1651611600000,2784.21000000,2796.51000000,2769.72000000,2786.90000000,230.28420000,1651615199999,641029.45357000,999,114.40090000,318423.70423300,0
1651615200000,2786.73000000,2799.34000000,2779.19000000,2784.02000000,311.24610000,1651618799999,868778.93091200,1013,186.96540000,521834.55053900,0
1651618800000,2784.79000000,2788.33000000,2775.23000000,2781.10000000,251.63890000,1651622399999,699929.59882100,943,132.20200000,367637.45191800,0
1651622400000,2781.31000000,2796.42000000,2771.02000000,2793.14000000,330.85870000,1651625999999,921448.98289100,1172,174.63460000,486619.03552600,0
1651626000000,2793.62000000,2797.54000000,2785.79000000,2787.77000000,265.52910000,1651629599999,740809.27859500,878,94.56900000,263864.10992900,0
1651629600000,2787.76000000,2810.00000000,2787.14000000,2792.91000000,354.80930000,1651633199999,992183.62806300,1300,198.03860000,553820.02527500,0
1651633200000,2792.72000000,2802.93000000,2792.72000000,2798.04000000,254.94660000,1651636799999,713341.95158400,798,110.04710000,307893.93449800,0
1651636800000,2798.04000000,2812.54000000,2793.01000000,2793.31000000,306.44020000,1651640399999,857874.30782800,974,145.97340000,408797.95632000,0
1651640400000,2793.44000000,2797.25000000,2788.98000000,2792.95000000,303.88920000,1651643999999,848846.31190900,1062,144.38280000,403333.25991600,0
1651644000000,2792.94000000,2817.29000000,2792.87000000,2816.60000000,489.18500000,1651647599999,1372877.54747000,1768,261.11280000,732495.86869300,0
1651647600000,2816.32000000,2833.09000000,2810.01000000,2828.87000000,664.72980000,1651651199999,1873988.39128000,1989,397.06660000,1119498.28240200,0
1651651200000,2828.89000000,2848.06000000,2826.90000000,2843.16000000,745.07290000,1651654799999,2114026.89861800,2360,358.11120000,1016012.80152800,0
1651654800000,2843.23000000,2845.91000000,2828.65000000,2832.28000000,528.72980000,1651658399999,1499163.54703900,1726,249.21640000,706688.13696600,0
1651658400000,2834.99000000,2869.44000000,2829.56000000,2863.88000000,725.13260000,1651661999999,2069912.84557600,2553,432.27900000,1234283.91656400,0
1651662000000,2864.30000000,2889.03000000,2856.46000000,2870.35000000,607.95700000,1651665599999,1745902.64216800,2113,307.26090000,882434.79888000,0
1651665600000,2870.35000000,2882.28000000,2848.46000000,2859.50000000,783.95930000,1651669199999,2243781.87176700,2544,506.21220000,1448379.10972600,0
1651669200000,2858.18000000,2868.81000000,2834.74000000,2835.51000000,641.00120000,1651672799999,1830362.79853000,2234,343.48890000,980758.49884400,0
1651672800000,2835.99000000,2846.63000000,2834.23000000,2838.00000000,506.13750000,1651676399999,1437481.10771500,1824,264.30140000,750613.13358200,0
1651676400000,2838.10000000,2850.61000000,2825.87000000,2843.80000000,511.97430000,1651679999999,1452576.04773900,1965,254.33450000,721656.55251500,0
1651680000000,2843.49000000,2873.90000000,2835.40000000,2857.58000000,579.82550000,1651683599999,1655317.25444300,2049,278.68440000,795401.75292600,0
1651683600000,2857.71000000,2862.03000000,2836.40000000,2850.95000000,489.96450000,1651687199999,1394691.28993500,1921,254.23720000,723620.66189500,0
1651687200000,2851.89000000,2946.29000000,2822.92000000,2934.36000000,2265.45210000,1651690799999,6491503.32248100,6543,1089.34160000,3119064.61796000,0
1651690800000,2934.24000000,2965.60000000,2930.30000000,2954.44000000,868.82150000,1651694399999,2564958.11639000,2832,384.36940000,1134651.10326800,0
1651694400000,2953.94000000,2958.91000000,2943.26000000,2945.32000000,666.72180000,1651697999999,1966949.07170500,1276,458.02300000,1351194.08427000,0
1651698000000,2945.94000000,2951.84000000,2933.39000000,2934.41000000,282.89620000,1651701599999,832723.24591400,1109,140.25360000,412602.83872300,0
1651701600000,2934.47000000,2937.25000000,2924.16000000,2925.17000000,431.02240000,1651705199999,1262702.02533500,1140,279.06490000,817456.91409600,0
1651705200000,2924.26000000,2944.06000000,2919.69000000,2940.48000000,389.46430000,1651708799999,1142080.18334400,1096,218.08350000,639510.80646800,0
1651708800000,2940.36000000,2954.10000000,2937.86000000,2942.69000000,521.26580000,1651712399999,1535697.38385800,1821,320.88170000,945251.13838500,0
1651712400000,2942.51000000,2948.75000000,2939.51000000,2940.08000000,317.58850000,1651715999999,934771.65531600,1108,176.00220000,518006.62965900,0
1651716000000,2940.18000000,2951.78000000,2939.45000000,2947.79000000,359.30790000,1651719599999,1058792.02596300,1244,211.37210000,622841.01979500,0
1651719600000,2947.06000000,2947.79000000,2937.86000000,2941.44000000,317.84730000,1651723199999,935274.07564600,1043,141.32010000,415772.50593600,0
1651723200000,2941.49000000,2947.50000000,2938.12000000,2945.19000000,158.51730000,1651726799999,466399.50651600,612,75.45150000,222014.16055700,0
1651726800000,2945.19000000,2951.09000000,2927.53000000,2931.25000000,355.57400000,1651730399999,1044612.41840700,1276,178.44490000,524244.85777800,0
1651730400000,2931.60000000,2939.34000000,2927.21000000,2928.38000000,210.64740000,1651733999999,617724.78999200,772,72.32360000,212074.42410000,0
1651734000000,2927.63000000,2937.81000000,2924.73000000,2933.90000000,279.13970000,1651737599999,818404.73272100,1112,136.58160000,400397.92930500,0
1651737600000,2933.82000000,2935.68000000,2917.14000000,2924.95000000,421.37520000,1651741199999,1233145.48586100,1438,181.73600000,531857.52376700,0
1651741200000,2924.15000000,2932.65000000,2915.87000000,2923.63000000,225.36230000,1651744799999,658938.60034000,1024,108.68370000,317775.01540500,0
1651744800000,2923.25000000,2938.29000000,2923.12000000,2927.77000000,390.18060000,1651748399999,1142847.68082300,1501,193.57640000,566960.56936900,0
1651748400000,2927.68000000,2932.81000000,2921.03000000,2925.10000000,307.07130000,1651751999999,899205.98669800,1230,150.59890000,440997.51995800,0
1651752000000,2925.14000000,2934.84000000,2921.79000000,2929.28000000,328.34330000,1651755599999,961537.69758100,1132,180.27580000,527766.12812900,0
1651755600000,2928.99000000,2929.19000000,2890.60000000,2894.45000000,805.92390000,1651759199999,2346199.50081200,2028,290.04520000,844718.73176200,0
1651759200000,2893.27000000,2902.53000000,2814.37000000,2830.60000000,1537.03940000,1651762799999,4397702.97626500,4463,744.22310000,2131146.06142900,0
1651762800000,2830.14000000,2830.14000000,2729.01000000,2742.76000000,2739.64260000,1651766399999,7609764.23904800,8649,1409.10440000,3907623.53922100,0
1651766400000,2741.62000000,2771.67000000,2728.26000000,2759.14000000,1169.38500000,1651769999999,3213154.00263300,3266,726.39090000,1995993.45339600,0
1651770000000,2760.35000000,2770.69000000,2741.42000000,2743.83000000,528.68840000,1651773599999,1456761.58335600,1785,270.92100000,746296.24522700,0
1651773600000,2742.07000000,2752.03000000,2705.00000000,2728.57000000,865.53570000,1651777199999,2360603.86161500,3099,373.19480000,1018508.31911600,0
1651777200000,2728.82000000,2732.58000000,2688.36000000,2729.08000000,4085.73620000,1651780799999,11087454.58135600,6826,950.51120000,2579088.67190900,0
1651780800000,2729.42000000,2756.02000000,2713.88000000,2755.99000000,796.46620000,1651784399999,2178450.31415500,1987,498.60670000,1363629.63781700,0
1651784400000,2756.10000000,2756.10000000,2735.52000000,2737.32000000,407.27840000,1651787999999,1119434.27449800,1056,170.83210000,469494.97582500,0
1651788000000,2737.87000000,2747.17000000,2732.96000000,2736.51000000,264.90640000,1651791599999,725662.45697600,882,177.62450000,486489.17024400,0
1651791600000,2736.51000000,2752.17000000,2734.60000000,2747.55000000,797.09360000,1651795199999,2189946.28946300,1452,139.32550000,382517.83536100,0
1651795200000,2747.73000000,2751.88000000,2725.00000000,2737.45000000,315.43100000,1651798799999,862979.84693300,1067,149.49240000,409276.32194200,0
1651798800000,2736.94000000,2740.25000000,2725.00000000,2738.22000000,281.31610000,1651802399999,768931.41933000,1077,156.25080000,427096.99574100,0
1651802400000,2738.20000000,2758.50000000,2738.11000000,2746.02000000,500.22190000,1651805999999,1375052.97384100,1640,265.66650000,730185.02108900,0
1651806000000,2746.69000000,2750.99000000,2739.01000000,2745.49000000,275.81960000,1651809599999,756591.19855700,885,153.23770000,420358.16156300,0
1651809600000,2745.84000000,2746.43000000,2732.00000000,2746.42000000,469.61800000,1651813199999,1286143.91548900,1483,237.63400000,650881.13883600,0
1651813200000,2746.41000000,2751.71000000,2743.12000000,2750.65000000,413.74690000,1651816799999,1136922.15091000,1260,199.27970000,547688.40406800,0
1651816800000,2751.26000000,2755.05000000,2742.14000000,2742.27000000,431.90830000,1651820399999,1186945.25467000,1417,256.61550000,705254.11380000,0
1651820400000,2742.52000000,2745.83000000,2694.27000000,2729.84000000,975.52830000,1651823999999,2653517.07491900,2380,340.05970000,924911.45215100,0
1651824000000,2729.49000000,2743.74000000,2716.92000000,2719.62000000,424.30600000,1651827599999,1156484.65360100,1655,230.03240000,627092.77058900,0
1651827600000,2719.54000000,2737.58000000,2716.92000000,2731.97000000,244.60230000,1651831199999,667155.79259800,1123,125.79790000,343087.66036700,0
1651831200000,2731.97000000,2734.39000000,2675.15000000,2688.17000000,1005.50960000,1651834799999,2719878.00586500,2764,402.91130000,1090094.28050100,0
1651834800000,2688.52000000,2705.94000000,2660.02000000,2676.77000000,2020.08590000,1651838399999,5409512.32199000,4921,844.67820000,2261499.46191800,0
1651838400000,2674.86000000,2724.62000000,2668.67000000,2682.80000000,1968.25650000,1651841999999,5317751.59401800,4491,1245.49740000,3371353.48252000,0
1651842000000,2682.79000000,2700.00000000,2634.00000000,2665.08000000,1490.83400000,1651845599999,3968186.80245600,4661,700.62560000,1864816.25407200,0
1651845600000,2664.70000000,2706.52000000,2650.91000000,2696.86000000,1280.40850000,1651849199999,3427539.31821200,4697,587.03110000,1572305.84507100,0
1651849200000,2696.54000000,2727.50000000,2683.13000000,2687.50000000,1219.04030000,1651852799999,3300448.42314300,3264,360.99040000,976589.51090400,0
1651852800000,2687.25000000,2712.44000000,2684.72000000,2709.51000000,1224.18130000,1651856399999,3307382.99310500,3435,471.50310000,1274008.51652300,0
1651856400000,2707.65000000,2712.16000000,2679.41000000,2683.78000000,614.69200000,1651859999999,1654864.54529400,2103,316.35510000,851427.55260900,0
1651860000000,2684.09000000,2693.65000000,2673.41000000,2683.00000000,402.20270000,1651863599999,1078920.48718500,1392,211.80630000,568202.28037500,0
1651863600000,2682.32000000,2702.43000000,2669.19000000,2688.19000000,604.67440000,1651867199999,1623487.17584700,1966,373.10470000,1001119.08198700,0
1651867200000,2688.61000000,2706.71000000,2673.80000000,2704.46000000,525.86770000,1651870799999,1412199.05110100,1364,275.76460000,739775.88382500,0
1651870800000,2705.27000000,2706.23000000,2682.23000000,2689.00000000,135.06370000,1651874399999,364262.94742900,631,52.05800000,140341.58380200,0
1651874400000,2688.51000000,2701.61000000,2684.61000000,2694.79000000,221.85350000,1651877999999,597415.57015900,1038,115.85030000,312002.87610500,0
1651878000000,2694.96000000,2706.63000000,2691.27000000,2692.36000000,272.58270000,1651881599999,735600.03993700,1083,127.53130000,344185.73572300,0
1651881600000,2692.44000000,2696.85000000,2682.68000000,2686.60000000,410.91760000,1651885199999,1105519.97367800,1187,276.52270000,744173.64401400,0
1651885200000,2685.90000000,2694.13000000,2676.62000000,2687.47000000,266.27690000,1651888799999,715234.47076800,960,136.53920000,366746.16157400,0
1651888800000,2686.85000000,2687.44000000,2679.01000000,2681.00000000,190.71160000,1651892399999,511594.48991900,772,106.31870000,285206.40883400,0
1651892400000,2680.25000000,2683.19000000,2664.09000000,2668.62000000,454.99930000,1651895999999,1214993.71671000,1291,153.58050000,410443.52551500,0
1651896000000,2668.52000000,2672.11000000,2654.65000000,2654.74000000,321.89990000,1651899599999,857168.53837100,1220,155.76380000,414721.32050500,0
1651899600000,2655.74000000,2677.60000000,2653.31000000,2677.48000000,475.58160000,1651903199999,1269210.50626100,1093,368.16590000,982679.77753900,0
1651903200000,2677.48000000,2677.48000000,2658.37000000,2661.49000000,394.75190000,1651906799999,1052377.43155400,1229,162.58230000,433324.50457400,0
1651906800000,2661.44000000,2673.72000000,2655.49000000,2671.58000000,819.56030000,1651910399999,2184698.16848100,1382,465.43340000,1241265.64925300,0
1651910400000,2671.85000000,2691.34000000,2666.78000000,2684.42000000,744.77800000,1651913999999,1997987.19396700,1778,212.76820000,570123.90766100,0
1651914000000,2684.53000000,2693.91000000,2680.50000000,2683.44000000,369.88760000,1651917599999,993461.04043100,1387,174.20460000,467858.90667300,0
1651917600000,2681.97000000,2694.61000000,2677.81000000,2690.66000000,458.92850000,1651921199999,1232705.07934200,1309,245.62220000,659752.71495600,0
1651921200000,2690.66000000,2696.88000000,2684.19000000,2687.66000000,576.04710000,1651924799999,1549510.09472100,1579,312.61300000,840865.50959000,0
1651924800000,2687.65000000,2689.66000000,2679.27000000,2687.22000000,282.80220000,1651928399999,759447.13716300,883,119.71120000,321464.46907500,0
1651928400000,2687.32000000,2688.51000000,2670.56000000,2673.48000000,985.51590000,1651931999999,2636765.33073400,1859,638.76010000,1708366.85926300,0
1651932000000,2673.56000000,2689.40000000,2672.08000000,2687.89000000,499.19480000,1651935599999,1337167.66517300,1511,217.16480000,581723.96290700,0
1651935600000,2688.00000000,2703.24000000,2684.11000000,2691.73000000,555.96610000,1651939199999,1496568.14309800,1713,225.45430000,606888.35997900,0
1651939200000,2691.69000000,2694.98000000,2680.00000000,2689.69000000,579.78130000,1651942799999,1558142.13671600,1317,315.00960000,846355.42756500,0
1651942800000,2689.46000000,2690.13000000,2679.05000000,2680.72000000,281.88140000,1651946399999,756813.80239000,887,132.64820000,356113.51673900,0
1651946400000,2680.29000000,2700.35000000,2680.29000000,2686.44000000,481.45640000,1651949999999,1295032.10846700,1287,221.86720000,596752.87658600,0
1651950000000,2686.58000000,2689.47000000,2678.79000000,2682.24000000,148.42510000,1651953599999,398579.56499000,575,79.28200000,212863.90905300,0
1651953600000,2681.74000000,2681.74000000,2667.11000000,2672.72000000,389.56620000,1651957199999,1042065.02394300,1265,188.78850000,504939.79388200,0
1651957200000,2673.06000000,2676.16000000,2615.01000000,2621.32000000,734.08940000,1651960799999,1946343.92727500,2046,306.90980000,814260.40059000,0
1651960800000,2621.31000000,2634.69000000,2588.00000000,2602.36000000,1171.97590000,1651964399999,3059711.21186700,3089,424.08770000,1108984.59610400,0
1651964400000,2602.36000000,2653.53000000,2599.17000000,2634.64000000,965.08870000,1651967999999,2537806.88909600,2597,388.37690000,1022221.41781600,0
1651968000000,2634.78000000,2641.18000000,2614.80000000,2617.67000000,281.33610000,1651971599999,739648.30346000,1098,119.46340000,314100.33151400,0
1651971600000,2617.66000000,2625.37000000,2594.57000000,2594.57000000,607.81890000,1651975199999,1586777.32018500,1908,276.37660000,721623.89368700,0
1651975200000,2594.56000000,2600.46000000,2524.35000000,2548.51000000,1873.06500000,1651978799999,4791741.02710700,5196,710.84730000,1821293.59293200,0
1651978800000,2547.45000000,2556.12000000,2516.53000000,2544.26000000,1400.35500000,1651982399999,3553423.38529500,3627,636.78870000,1616259.93719100,0
1651982400000,2544.66000000,2557.99000000,2535.02000000,2535.57000000,942.75000000,1651985999999,2402950.00049200,2306,426.34670000,1086004.87932200,0
1651986000000,2535.40000000,2549.74000000,2529.24000000,2536.63000000,780.37770000,1651989599999,1980960.14665300,2091,442.99040000,1124352.15933100,0
1651989600000,2536.62000000,2567.96000000,2536.62000000,2560.80000000,940.56080000,1651993199999,2399167.29204900,2578,411.53990000,1049702.23485600,0
1651993200000,2560.48000000,2568.34000000,2553.25000000,2556.09000000,717.98410000,1651996799999,1837531.89930300,1889,372.42910000,952933.15177900,0
1651996800000,2556.08000000,2566.52000000,2549.31000000,2562.11000000,709.14700000,1652000399999,1814930.90733200,1822,311.70220000,797695.40556800,0
1652000400000,2561.97000000,2566.25000000,2547.12000000,2550.21000000,793.84980000,1652003999999,2028510.18476400,1850,442.31860000,1130364.61454600,0
1652004000000,2550.67000000,2575.19000000,2545.73000000,2566.46000000,1266.13870000,1652007599999,3239860.61415500,2698,478.24750000,1224731.09974200,0
1652007600000,2566.79000000,2576.22000000,2555.24000000,2567.44000000,980.55100000,1652011199999,2518151.82069700,2077,484.37780000,1244424.42747900,0
1652011200000,2566.95000000,2577.87000000,2551.76000000,2555.60000000,1155.38070000,1652014799999,2963382.83144500,2949,450.27690000,1154797.61507300,0
1652014800000,2554.93000000,2560.42000000,2522.03000000,2523.31000000,1545.11880000,1652018399999,3934136.92712300,3100,860.49430000,2191439.18651800,0
1652018400000,2524.04000000,2542.65000000,2512.01000000,2524.74000000,1626.73310000,1652021999999,4109593.16074400,3630,960.95590000,2427049.64624400,0
1652022000000,2525.33000000,2544.39000000,2514.78000000,2515.53000000,651.89790000,1652025599999,1650247.13559200,1971,342.72810000,867995.97748500,0
1652025600000,2516.12000000,2535.28000000,2515.59000000,2520.03000000,549.14690000,1652029199999,1387159.49901900,1583,307.61350000,777105.66059700,0
1652029200000,2520.72000000,2533.26000000,2484.31000000,2528.83000000,2134.38550000,1652032799999,5354536.27401400,4896,897.04270000,2252151.85778700,0
1652032800000,2528.49000000,2569.70000000,2512.31000000,2561.20000000,771.80740000,1652036399999,1963129.55806500,2049,386.96800000,984185.64380400,0
1652036400000,2561.20000000,2572.21000000,2557.84000000,2563.19000000,262.42610000,1652039999999,672702.01724700,799,138.00460000,353719.87707900,0
1652040000000,2561.96000000,2563.00000000,2538.56000000,2540.18000000,324.45710000,1652043599999,826651.03126300,990,135.27650000,344652.09880000,0
1652043600000,2540.09000000,2556.10000000,2540.09000000,2554.89000000,142.58220000,1652047199999,363014.69976600,587,89.13570000,226946.30660900,0
1652047200000,2554.67000000,2556.36000000,2522.66000000,2540.18000000,262.76300000,1652050799999,666498.81577300,1067,130.63020000,331158.73456300,0
1652050800000,2538.23000000,2539.73000000,2508.22000000,2518.72000000,319.08780000,1652054399999,804270.28568200,993,151.31160000,381515.23740100,0
1652054400000,2519.24000000,2529.38000000,2512.21000000,2523.12000000,404.72100000,1652057999999,1020637.83783400,1257,204.11370000,514773.92051400,0
1652058000000,2523.66000000,2529.79000000,2502.89000000,2504.50000000,447.05560000,1652061599999,1125682.95329900,1411,226.81450000,571068.82056500,0
1652061600000,2505.02000000,2507.15000000,2422.23000000,2441.94000000,1627.09680000,1652065199999,3997064.24751600,4229,788.79840000,1938067.70207700,0
1652065200000,2441.03000000,2471.99000000,2434.21000000,2457.17000000,834.65270000,1652068799999,2050353.50193300,1980,501.45320000,1230719.37104400,0
1652068800000,2456.86000000,2478.81000000,2451.76000000,2460.52000000,424.23550000,1652072399999,1045852.57922900,1279,204.81390000,504908.84962300,0
1652072400000,2460.70000000,2467.96000000,2437.48000000,2443.31000000,838.14080000,1652075999999,2053567.53605400,2079,499.46180000,1223419.26067400,0
1652076000000,2444.53000000,2456.15000000,2423.99000000,2453.07000000,910.45380000,1652079599999,2223455.41183700,2134,509.63600000,1244650.62283300,0
1652079600000,2453.03000000,2466.71000000,2444.33000000,2447.34000000,671.91290000,1652083199999,1648986.66191200,1903,332.98360000,817242.65656200,0
1652083200000,2447.45000000,2466.36000000,2427.48000000,2463.62000000,772.59080000,1652086799999,1887850.35012900,2126,378.82640000,925955.51227200,0
1652086800000,2463.19000000,2468.59000000,2440.00000000,2444.96000000,608.28780000,1652090399999,1490961.83231600,1490,347.95250000,852282.07456300,0
1652090400000,2445.59000000,2449.15000000,2360.01000000,2375.00000000,1656.19410000,1652093999999,3983204.27408700,4388,744.84380000,1790324.82594400,0
1652094000000,2376.47000000,2411.95000000,2362.23000000,2406.01000000,1309.23380000,1652097599999,3120436.30504400,3133,788.73540000,1879824.61082600,0
1652097600000,2405.17000000,2421.54000000,2387.23000000,2394.15000000,955.30310000,1652101199999,2297259.27361400,2699,444.97700000,1070264.46246900,0
1652101200000,2394.23000000,2445.49000000,2384.53000000,2413.32000000,1614.39850000,1652104799999,3891612.19086000,4387,1023.85640000,2469675.41313200,0
1652104800000,2413.21000000,2416.98000000,2371.32000000,2386.05000000,1009.32890000,1652108399999,2416157.99279800,3339,539.49740000,1291899.40733100,0
1652108400000,2383.62000000,2403.09000000,2343.38000000,2381.87000000,1411.62370000,1652111999999,3351952.37379500,3578,693.81660000,1650066.49088800,0
1652112000000,2382.03000000,2403.28000000,2319.32000000,2327.50000000,1068.89070000,1652115599999,2524524.69147800,3625,501.06070000,1183443.92067600,0
1652115600000,2326.66000000,2348.26000000,2250.33000000,2298.91000000,2358.39130000,1652119199999,5452949.95146200,6939,789.41700000,1823814.65650200,0
1652119200000,2298.37000000,2313.32000000,2243.79000000,2283.12000000,2202.97780000,1652122799999,5029291.46397800,6573,1155.06030000,2637053.33164500,0
1652122800000,2284.88000000,2298.82000000,2211.00000000,2269.69000000,3441.61470000,1652126399999,7768784.60007000,6407,1284.40700000,2903382.51912700,0
1652126400000,2272.00000000,2338.13000000,2247.47000000,2291.70000000,4793.99680000,1652129999999,11014714.24760600,7484,1309.86640000,3014896.83282200,0
1652130000000,2292.40000000,2322.36000000,2266.29000000,2276.45000000,2653.19670000,1652133599999,6107639.96065600,4016,819.88130000,1888623.10902400,0
1652133600000,2275.91000000,2310.77000000,2263.77000000,2293.22000000,1801.32290000,1652137199999,4132935.46317800,2710,460.10600000,1056541.74858800,0
1652137200000,2292.28000000,2311.27000000,2225.30000000,2231.64000000,1055.53770000,1652140799999,2398261.95510000,2252,438.95750000,995305.81288600,0
1652140800000,2227.69000000,2298.10000000,2200.00000000,2287.29000000,2238.73760000,1652144399999,4994281.81506200,6593,1220.79920000,2722002.90132100,0
1652144400000,2287.37000000,2340.66000000,2274.83000000,2312.43000000,1759.65110000,1652147999999,4079325.61578800,5356,925.60490000,2146695.97606600,0
1652148000000,2310.44000000,2347.35000000,2300.01000000,2321.57000000,1278.80350000,1652151599999,2973383.34121900,3947,700.80550000,1628944.75132000,0
1652151600000,2321.42000000,2346.52000000,2299.77000000,2299.96000000,1357.83650000,1652155199999,3144637.20653600,3372,675.58980000,1565765.01644200,0
1652155200000,2300.78000000,2359.64000000,2297.37000000,2345.30000000,741.80250000,1652158799999,1725647.18372800,2597,334.38400000,777594.94963400,0
1652158800000,2343.77000000,2417.61000000,2343.17000000,2406.05000000,2057.38960000,1652162399999,4888814.55015300,4150,1434.56320000,3406213.01926600,0
1652162400000,2405.03000000,2444.55000000,2393.13000000,2396.63000000,2142.24880000,1652165999999,5175136.95864900,4897,1261.33890000,3048435.11655900,0
1652166000000,2398.00000000,2415.67000000,2371.16000000,2373.26000000,1601.93090000,1652169599999,3837859.46679000,3161,1027.65250000,2465287.30216900,0
1652169600000,2372.25000000,2405.23000000,2372.25000000,2385.39000000,1300.19650000,1652173199999,3105326.62710700,3111,609.11550000,1455022.38220500,0
1652173200000,2387.12000000,2396.13000000,2365.08000000,2373.58000000,1152.38340000,1652176799999,2744744.93228100,3297,591.83320000,1409202.49598900,0
1652176800000,2373.47000000,2389.08000000,2365.57000000,2370.37000000,1280.48630000,1652180399999,3043856.44801600,3726,575.75500000,1368377.99792700,0
1652180400000,2369.99000000,2410.32000000,2367.07000000,2401.12000000,1350.28430000,1652183999999,3227403.66829100,4279,667.79750000,1595194.94486700,0
1652184000000,2401.25000000,2453.08000000,2390.71000000,2444.19000000,1895.69560000,1652187599999,4582379.68523100,4977,884.82710000,2141537.38995400,0
1652187600000,2444.61000000,2456.69000000,2399.89000000,2424.25000000,1798.18110000,1652191199999,4367952.34386300,5527,848.21410000,2062151.53263600,0
1652191200000,2425.71000000,2442.04000000,2345.65000000,2357.78000000,1858.83550000,1652194799999,4448487.88412100,5173,934.43650000,2234839.97723200,0
1652194800000,2357.21000000,2378.63000000,2320.69000000,2359.90000000,1891.65390000,1652198399999,4444720.60681200,4885,731.57040000,1717549.14010700,0
1652198400000,2362.65000000,2373.72000000,2328.89000000,2353.22000000,1500.41880000,1652201999999,3528134.05778400,4144,660.76260000,1551937.39147300,0
1652202000000,2353.09000000,2409.88000000,2351.84000000,2398.69000000,1690.36370000,1652205599999,4018719.16975400,4592,681.65830000,1620906.86915700,0
1652205600000,2400.19000000,2401.00000000,2365.97000000,2376.49000000,1440.10810000,1652209199999,3431864.68905500,3608,857.97290000,2043890.30745800,0
1652209200000,2376.97000000,2387.38000000,2337.44000000,2353.69000000,1552.69670000,1652212799999,3658834.20859900,3565,808.98650000,1902878.49565900,0
1652212800000,2353.79000000,2356.74000000,2320.02000000,2326.54000000,852.58680000,1652216399999,1994973.76953700,2703,518.35730000,1213310.55579300,0
1652216400000,2328.47000000,2340.10000000,2261.29000000,2263.91000000,1207.42170000,1652219999999,2779488.56236000,4021,659.26700000,1517168.23954400,0
1652220000000,2263.36000000,2329.30000000,2259.86000000,2318.77000000,802.94990000,1652223599999,1846966.10142900,3859,395.43870000,909606.42491900,0
1652223600000,2319.96000000,2367.04000000,2312.59000000,2341.83000000,826.35400000,1652227199999,1937915.49489100,2801,361.11100000,847501.01258100,0
1652227200000,2340.71000000,2384.07000000,2329.36000000,2354.38000000,1272.87850000,1652230799999,3000735.24175500,3618,445.50140000,1050517.37630800,0
1652230800000,2353.46000000,2359.34000000,2332.73000000,2336.45000000,828.32590000,1652234399999,1942717.71861200,3126,423.94820000,994143.64698700,0
1652234400000,2335.92000000,2385.41000000,2319.14000000,2376.19000000,1022.13200000,1652237999999,2411748.79953500,3676,575.10000000,1356460.81519500,0
1652238000000,2376.79000000,2391.82000000,2355.58000000,2360.10000000,659.90000000,1652241599999,1564743.74871600,2648,316.64680000,750775.45930000,0
1652241600000,2359.86000000,2370.73000000,2341.99000000,2351.61000000,827.78090000,1652245199999,1951851.01468500,3007,365.61560000,861916.54221400,0
1652245200000,2352.31000000,2404.34000000,2344.28000000,2380.04000000,1342.14360000,1652248799999,3197084.43571700,4281,671.08090000,1597786.25124600,0
1652248800000,2380.02000000,2386.19000000,2281.29000000,2293.26000000,1545.38790000,1652252399999,3621206.01547900,5711,506.49340000,1186358.87176400,0
1652252400000,2294.80000000,2334.28000000,2266.10000000,2314.73000000,2323.54940000,1652255999999,5324943.19252100,7599,1017.73630000,2335076.36608800,0
1652256000000,2314.21000000,2379.00000000,2290.80000000,2376.75000000,2429.98480000,1652259599999,5680749.87061400,7612,1168.74510000,2734156.68590400,0
1652259600000,2377.02000000,2436.61000000,2358.12000000,2434.31000000,3003.85100000,1652263199999,7202030.12800000,7344,1653.78210000,3965177.88833800,0
1652263200000,2434.77000000,2451.69000000,2414.87000000,2432.31000000,1568.06820000,1652266799999,3817663.96551000,4619,721.24020000,1756463.19221300,0
1652266800000,2432.31000000,2442.23000000,2391.32000000,2408.47000000,1716.61230000,1652270399999,4144286.21401800,5047,652.29160000,1577092.26456800,0
1652270400000,2407.68000000,2429.52000000,2103.00000000,2165.60000000,6094.25160000,1652273999999,13976626.24443700,18946,2027.47740000,4663009.43606500,0
1652274000000,2168.02000000,2386.33000000,2105.00000000,2336.43000000,6756.94890000,1652277599999,15061890.42733300,23106,2204.37100000,4934191.21512600,0
1652277600000,2334.46000000,2381.84000000,2287.23000000,2346.25000000,3419.55950000,1652281199999,7969279.31674300,13662,1576.12830000,3682185.59517000,0
1652281200000,2347.87000000,2348.92000000,2246.51000000,2261.29000000,1422.53720000,1652284799999,3266909.98123000,6212,623.31860000,1431404.06392000,0
1652284800000,2261.60000000,2280.16000000,2197.61000000,2203.87000000,2224.01400000,1652288399999,4968503.25270600,6873,869.77480000,1944775.03416000,0
1652288400000,2204.62000000,2217.58000000,2130.00000000,2179.53000000,1745.81780000,1652291999999,3802935.75725500,6356,853.12330000,1859573.02985000,0
1652292000000,2179.25000000,2209.98000000,2160.00000000,2171.60000000,1069.76570000,1652295599999,2337781.30778800,4983,497.48520000,1086831.86396200,0
1652295600000,2171.39000000,2186.21000000,2089.00000000,2110.97000000,1599.36830000,1652299199999,3406061.79447720,6541,612.33060000,1304799.32878800,0
1652299200000,2112.11000000,2146.15000000,2022.00000000,2035.54000000,2830.22020000,1652302799999,5903406.38651060,9965,1353.94700000,2831631.13401100,0
1652302800000,2034.83000000,2099.94000000,2000.00000000,2087.18000000,2677.47260000,1652306399999,5483590.44872600,9465,1232.75240000,2529409.19806700,0
1652306400000,2087.18000000,2112.89000000,2030.00000000,2075.08000000,1536.65450000,1652309999999,3184169.84958500,6438,667.65220000,1387310.90876700,0
1652310000000,2075.05000000,2095.40000000,2041.33000000,2076.37000000,1122.50950000,1652313599999,2321114.38759000,3713,526.28510000,1088888.69597500,0
1652313600000,2074.41000000,2185.11000000,2068.02000000,2143.02000000,2491.10130000,1652317199999,5297134.18598700,7848,1335.77150000,2842931.95570800,0
1652317200000,2143.63000000,2157.48000000,2084.64000000,2096.88000000,1462.94350000,1652320799999,3111066.60560300,5193,756.50610000,1609568.53770800,0
1652320800000,2096.06000000,2115.36000000,2035.31000000,2039.09000000,1414.25550000,1652324399999,2927742.07107300,6074,598.52820000,1240593.85381100,0
1652324400000,2039.50000000,2056.85000000,1958.87000000,1958.88000000,4101.95070000,1652327999999,8194750.97867760,9594,1689.58520000,3364638.60125700,0
1652328000000,1959.06000000,1973.41000000,1834.31000000,1890.09000000,6074.91230000,1652331599999,11581767.48279300,18712,2261.10100000,4333270.86575800,0
1652331600000,1890.29000000,1898.00000000,1775.00000000,1801.88000000,7600.46988000,1652335199999,13875967.85456500,32854,2711.82060000,4963818.05298700,0
1652335200000,1802.78000000,1890.00000000,1757.00000000,1758.56000000,7882.66750000,1652338799999,14284340.03308100,29986,2917.49070000,5298208.28104800,0
1652338800000,1761.60000000,1944.37000000,1625.75000000,1878.22000000,11824.55592000,1652342399999,21046241.94277400,24158,4699.82420000,8479309.12678800,0
1652342400000,1882.48000000,1917.62000000,1826.73000000,1876.76000000,6275.61210000,1652345999999,11714868.61768200,15937,3677.55170000,6858261.94336900,0
1652346000000,1874.78000000,1927.15000000,1855.00000000,1882.63000000,3570.69460000,1652349599999,6730374.29190500,16514,1787.25130000,3370917.53097500,0
1652349600000,1882.39000000,1962.88000000,1861.80000000,1950.05000000,4555.19220000,1652353199999,8673808.13885600,11383,2682.40710000,5109472.12220100,0
1652353200000,1950.05000000,1999.99000000,1913.62000000,1935.95000000,2808.89460000,1652356799999,5502451.68563000,7318,1571.12710000,3078516.92432800,0
1652356800000,1935.46000000,1971.49000000,1899.31000000,1945.72000000,2756.20380000,1652360399999,5341255.97493400,7001,1007.33900000,1946828.67059600,0
1652360400000,1945.73000000,1962.31000000,1872.66000000,1896.15000000,3326.77160000,1652363999999,6372593.22412600,8315,1789.82130000,3424235.41561000,0
1652364000000,1895.59000000,2017.56000000,1879.24000000,2013.83000000,4877.80480000,1652367599999,9498700.79257000,8113,2500.84430000,4843729.90225300,0
1652367600000,2016.30000000,2046.42000000,1878.95000000,1959.66000000,4609.54930000,1652371199999,9209526.22898900,11330,2034.36170000,4077678.23107500,0
1652371200000,1960.00000000,2030.65000000,1954.07000000,2020.14000000,2342.49840000,1652374799999,4689296.79494800,7315,1063.94620000,2130886.29240700,0
1652374800000,2021.14000000,2027.00000000,1922.00000000,1928.74000000,2174.42010000,1652378399999,4293090.44066600,5629,1303.95920000,2574307.42146500,0
1652378400000,1927.61000000,1946.16000000,1886.95000000,1905.50000000,1259.98660000,1652381999999,2412780.45813800,4537,585.26010000,1120332.71560700,0
1652382000000,1904.74000000,1967.44000000,1901.88000000,1940.28000000,1316.66030000,1652385599999,2542540.80183700,4772,668.16340000,1292417.61691400,0
1652385600000,1940.28000000,1953.35000000,1922.31000000,1925.31000000,1258.06340000,1652389199999,2433091.15912000,4184,747.66840000,1444856.94171100,0
1652389200000,1925.44000000,1925.93000000,1863.56000000,1907.38000000,2665.64650000,1652392799999,5060786.18447200,5055,1624.27480000,3091014.17408000,0
1652392800000,1907.38000000,1927.69000000,1893.09000000,1918.84000000,924.01170000,1652396399999,1765145.40603700,3380,467.15350000,892834.07654500,0
1652396400000,1919.08000000,1978.57000000,1919.08000000,1953.18000000,1361.23810000,1652399999999,2649596.33415600,3984,734.59780000,1426762.77649600,0
1652400000000,1953.91000000,2020.22000000,1935.02000000,2007.93000000,2613.23080000,1652403599999,5185245.92600500,5848,1173.86030000,2324287.60131700,0
1652403600000,2007.00000000,2039.33000000,1993.19000000,2012.13000000,1653.42180000,1652407199999,3327418.83509300,4922,790.84940000,1593456.98072400,0
1652407200000,2012.95000000,2070.00000000,2004.51000000,2059.77000000,3207.25130000,1652410799999,6536361.68206200,6881,1213.75000000,2479172.59740000,0
1652410800000,2057.72000000,2105.28000000,2051.08000000,2090.21000000,3188.08550000,1652414399999,6656512.84044100,7157,1229.15800000,2566188.65485400,0
1652414400000,2091.87000000,2094.00000000,2064.31000000,2083.48000000,1631.81850000,1652417999999,3393453.68775600,4307,762.43080000,1587074.43964900,0
1652418000000,2084.32000000,2138.96000000,2075.98000000,2102.15000000,3953.51650000,1652421599999,8354265.87974500,7734,1527.09800000,3225950.65231800,0
1652421600000,2102.44000000,2119.70000000,2084.87000000,2089.64000000,2339.33940000,1652425199999,4920017.17638800,5472,852.80090000,1794818.50477600,0
1652425200000,2089.10000000,2091.37000000,2042.48000000,2043.93000000,2122.50140000,1652428799999,4389897.86673100,5388,699.61580000,1449685.66981900,0
1652428800000,2044.10000000,2074.87000000,2044.10000000,2065.19000000,2141.69300000,1652432399999,4410118.03691100,5163,561.73780000,1157209.02080800,0
1652432400000,2065.19000000,2095.78000000,2064.49000000,2074.04000000,1391.60310000,1652435999999,2891446.67503000,3934,506.18060000,1052305.54620300,0
1652436000000,2073.81000000,2103.41000000,2054.68000000,2094.49000000,2097.86780000,1652439599999,4361952.19998500,4775,886.46170000,1846901.55068700,0
1652439600000,2094.36000000,2122.33000000,2074.89000000,2112.62000000,1703.36560000,1652443199999,3569892.99518200,4074,940.27360000,1971822.27292600,0
1652443200000,2113.72000000,2132.02000000,2095.62000000,2118.35000000,1961.13290000,1652446799999,4143987.45824700,4489,941.33490000,1989844.59074700,0
1652446800000,2117.43000000,2130.95000000,2078.18000000,2123.18000000,2595.73640000,1652450399999,5468882.63858600,5439,1275.59200000,2687185.62382600,0
1652450400000,2123.18000000,2147.82000000,2110.19000000,2125.75000000,3763.57780000,1652453999999,8024751.05362500,6239,2410.40240000,5140522.18757200,0
1652454000000,2125.54000000,2125.57000000,2076.63000000,2089.43000000,2232.96350000,1652457599999,4693352.59908000,3745,1126.55970000,2369891.12805400,0
1652457600000,2091.07000000,2110.00000000,2049.31000000,2064.10000000,2855.48610000,1652461199999,5912276.67259100,4469,1226.75780000,2546065.85695000,0
1652461200000,2064.12000000,2092.16000000,2048.85000000,2050.05000000,1402.19680000,1652464799999,2904233.54094900,2640,920.66900000,1908270.74602200,0
1652464800000,2049.99000000,2077.05000000,2027.11000000,2072.62000000,3049.31400000,1652468399999,6248532.97167500,3969,1759.48800000,3610009.20589700,0
1652468400000,2071.99000000,2077.05000000,2051.06000000,2060.72000000,1725.62460000,1652471999999,3565242.77353900,2465,1348.09000000,2786239.35507800,0
1652472000000,2060.00000000,2070.49000000,2040.87000000,2040.87000000,957.38330000,1652475599999,1967142.97261700,1474,577.33080000,1185552.58748200,0
1652475600000,2042.49000000,2077.00000000,2037.94000000,2072.84000000,1064.88720000,1652479199999,2192929.32957300,1352,561.83270000,1154208.20341500,0
1652479200000,2073.36000000,2081.50000000,2052.01000000,2052.75000000,517.74320000,1652482799999,1071592.69681900,1178,247.54640000,512483.41367400,0
1652482800000,2055.00000000,2058.31000000,1997.80000000,2006.54000000,1618.22740000,1652486399999,3278161.64920500,2776,675.04220000,1366490.99708100,0
1652486400000,2007.11000000,2041.35000000,1997.51000000,2035.43000000,1660.50150000,1652489999999,3359696.63804500,2791,709.99320000,1438010.11398400,0
1652490000000,2035.09000000,2066.09000000,2022.77000000,2056.31000000,899.97510000,1652493599999,1843917.87997900,1907,419.54240000,858368.82468900,0
1652493600000,2056.44000000,2061.37000000,2039.88000000,2044.08000000,905.86610000,1652497199999,1858939.25129500,1931,608.03160000,1247259.37808900,0
1652497200000,2043.02000000,2056.28000000,2036.32000000,2051.23000000,598.25040000,1652500799999,1222909.64109900,1473,332.60040000,679972.22885800,0
1652500800000,2050.62000000,2050.62000000,2012.45000000,2019.27000000,708.09850000,1652504399999,1439549.57461700,1527,261.70600000,532097.57976000,0
1652504400000,2018.64000000,2041.62000000,2011.04000000,2031.96000000,630.18310000,1652507999999,1274336.86381500,1361,416.40940000,841032.59030300,0
1652508000000,2031.82000000,2043.96000000,2022.95000000,2038.20000000,856.95970000,1652511599999,1745408.37941300,1874,382.09670000,778498.06343800,0
1652511600000,2039.03000000,2044.40000000,2024.05000000,2027.68000000,985.32140000,1652515199999,2008694.81977400,1954,256.54720000,522766.17822300,0
1652515200000,2028.21000000,2045.72000000,2023.77000000,2037.81000000,805.23620000,1652518799999,1638076.00845200,2151,381.88970000,776807.95476100,0
1652518800000,2037.78000000,2049.54000000,2015.97000000,2023.40000000,2104.81180000,1652522399999,4256919.81706500,3036,1366.06860000,2760065.25357200,0
1652522400000,2023.93000000,2028.99000000,2006.53000000,2008.70000000,1084.93780000,1652525999999,2190617.02822800,2649,393.32390000,793785.85143900,0
1652526000000,2009.21000000,2013.53000000,1967.61000000,1980.87000000,2204.41820000,1652529599999,4374066.11302500,4469,995.62650000,1976243.59129900,0
1652529600000,1980.00000000,1995.78000000,1969.96000000,1980.09000000,698.02120000,1652533199999,1383303.06124500,2024,305.96650000,606375.84717600,0
1652533200000,1980.66000000,1987.60000000,1953.40000000,1959.01000000,1595.97350000,1652536799999,3137165.43416600,3634,643.68430000,1265148.25825600,0
1652536800000,1958.76000000,1972.98000000,1947.24000000,1969.07000000,2609.01440000,1652540399999,5107323.12430500,4225,941.37150000,1843899.50276800,0
1652540400000,1969.65000000,1983.37000000,1957.14000000,1960.15000000,690.61630000,1652543999999,1359903.18759000,1792,300.45090000,591685.87908400,0
1652544000000,1959.94000000,2023.94000000,1951.62000000,2002.60000000,926.14740000,1652547599999,1842940.86492200,2508,529.98010000,1054892.64957300,0
1652547600000,2004.94000000,2016.61000000,1996.87000000,2014.97000000,790.91610000,1652551199999,1588327.63034100,1899,386.74480000,776612.60740800,0
1652551200000,2015.52000000,2031.98000000,2009.15000000,2012.06000000,2222.31630000,1652554799999,4491432.77880200,6517,1145.04650000,2313515.90885900,0
1652554800000,2011.69000000,2017.07000000,1983.99000000,1994.02000000,910.17570000,1652558399999,1822461.16227000,2441,546.18080000,1092987.35547200,0
1652558400000,1994.26000000,2016.89000000,1990.34000000,1995.76000000,533.62860000,1652561999999,1068588.45801900,1320,179.03530000,358437.90384600,0
1652562000000,1996.25000000,2045.00000000,1990.45000000,2024.70000000,651.72390000,1652565599999,1316224.06201600,1335,327.38040000,661893.37843300,0
1652565600000,2025.12000000,2061.53000000,2020.24000000,2052.90000000,574.24190000,1652569199999,1168776.96743900,1458,344.85860000,701681.04757100,0
1652569200000,2052.91000000,2063.54000000,2039.54000000,2053.41000000,487.13100000,1652572799999,999712.50291800,1416,243.64780000,500075.56096500,0
1652572800000,2053.39000000,2075.90000000,2044.09000000,2050.18000000,1152.01250000,1652576399999,2373157.69137600,2250,395.11160000,813599.58197900,0
1652576400000,2051.95000000,2053.41000000,2029.89000000,2037.41000000,493.05840000,1652579999999,1005731.13064300,1377,266.54070000,543746.53612600,0
1652580000000,2037.34000000,2046.08000000,2018.63000000,2028.32000000,416.82870000,1652583599999,845718.53531400,1199,181.61140000,368492.71200900,0
1652583600000,2029.45000000,2031.33000000,1997.84000000,2011.39000000,520.48260000,1652587199999,1046816.94012100,1600,250.96790000,504406.99411900,0
1652587200000,2011.12000000,2020.66000000,1999.64000000,2012.51000000,456.98080000,1652590799999,919923.54295900,1255,272.36590000,548446.81213000,0
1652590800000,2011.51000000,2033.78000000,2003.36000000,2030.01000000,302.75740000,1652594399999,611584.04115100,1026,163.52030000,330399.33651500,0
1652594400000,2031.22000000,2036.39000000,2020.54000000,2034.42000000,611.22360000,1652597999999,1240252.23297700,1432,296.12670000,600927.61000200,0
1652598000000,2033.95000000,2046.32000000,2030.90000000,2034.92000000,1563.89980000,1652601599999,3186952.25401900,4348,926.23090000,1887622.84096100,0
1652601600000,2034.41000000,2037.78000000,2015.86000000,2020.13000000,2389.81130000,1652605199999,4844525.43358700,6028,1464.11800000,2968226.56800600,0
1652605200000,2020.13000000,2036.14000000,2016.95000000,2033.32000000,865.17310000,1652608799999,1751078.75870200,2473,470.03510000,951544.46877500,0
1652608800000,2033.87000000,2052.48000000,2023.98000000,2052.39000000,773.71220000,1652612399999,1572882.90183900,1594,264.45980000,538449.22918300,0
1652612400000,2052.87000000,2082.70000000,2045.49000000,2079.67000000,869.61830000,1652615999999,1797507.68618200,2496,469.36860000,970104.87096600,0
1652616000000,2078.64000000,2096.99000000,2073.16000000,2081.71000000,985.32040000,1652619599999,2054342.86100600,2293,500.89180000,1044878.72245900,0
1652619600000,2081.62000000,2082.41000000,2063.61000000,2067.85000000,512.48440000,1652623199999,1061418.42436400,1530,237.91730000,492463.92765600,0
1652623200000,2067.69000000,2070.65000000,2052.37000000,2065.49000000,874.97920000,1652626799999,1804453.44194100,2136,309.56670000,638214.79219900,0
1652626800000,2064.80000000,2079.97000000,2045.84000000,2059.54000000,596.53720000,1652630399999,1229118.77172700,1822,311.14050000,640962.28085200,0
1652630400000,2060.12000000,2087.24000000,2054.11000000,2080.53000000,701.49920000,1652633999999,1455488.12506400,1683,348.16340000,722259.34240000,0
1652634000000,2080.52000000,2089.33000000,2063.61000000,2065.00000000,435.98380000,1652637599999,906252.60998100,1187,180.91740000,376267.59408900,0
1652637600000,2065.88000000,2093.78000000,2063.42000000,2086.68000000,564.45110000,1652641199999,1173510.22489700,1552,283.68160000,589323.20985700,0
1652641200000,2086.34000000,2102.40000000,2076.73000000,2101.40000000,1061.45580000,1652644799999,2214772.09583700,1814,671.69320000,1400863.53960800,0
1652644800000,2102.08000000,2131.44000000,2093.76000000,2129.25000000,2035.50290000,1652648399999,4315367.26905700,3133,843.69690000,1786398.67453300,0
1652648400000,2129.70000000,2135.86000000,2116.32000000,2132.77000000,810.53630000,1652651999999,1722208.67149000,1474,476.09990000,1011076.23040000,0
1652652000000,2132.79000000,2163.00000000,2126.75000000,2127.21000000,1719.30170000,1652655599999,3685398.71983100,2858,675.93870000,1449895.59118700,0
1652655600000,2127.42000000,2152.02000000,2125.35000000,2143.52000000,662.52280000,1652659199999,1416986.84749000,1816,338.82760000,724362.21566300,0
1652659200000,2142.63000000,2143.00000000,2114.44000000,2119.73000000,1249.65350000,1652662799999,2653191.02246600,2432,728.24460000,1545448.89219500,0
1652662800000,2119.53000000,2124.91000000,2085.31000000,2091.25000000,1394.22600000,1652666399999,2925846.03412600,3113,653.38080000,1371337.12750800,0
1652666400000,2091.18000000,2091.18000000,2071.71000000,2083.85000000,1376.23260000,1652669999999,2864421.23294500,2744,789.11860000,1643013.39966900,0
1652670000000,2082.81000000,2085.98000000,2064.21000000,2073.18000000,1080.64630000,1652673599999,2239753.13072300,2566,515.77570000,1068608.57934400,0
1652673600000,2073.61000000,2080.64000000,2060.21000000,2068.82000000,808.33510000,1652677199999,1674607.13123600,2337,403.04010000,835059.43162400,0
1652677200000,2068.84000000,2080.23000000,2061.90000000,2065.23000000,457.41040000,1652680799999,947926.26596600,1599,188.23920000,390173.60140000,0
1652680800000,2064.98000000,2065.25000000,2000.23000000,2006.67000000,2345.53580000,1652684399999,4745822.22799600,4930,1162.08550000,2349341.67868700,0
1652684400000,2005.13000000,2023.07000000,1989.75000000,2009.23000000,1355.25470000,1652687999999,2717676.14389500,3241,654.99040000,1313643.11851900,0
1652688000000,2009.03000000,2027.52000000,2006.65000000,2025.66000000,694.67850000,1652691599999,1403976.46104900,1874,320.38230000,647424.85193800,0
1652691600000,2025.78000000,2025.78000000,1997.28000000,2005.09000000,968.25430000,1652695199999,1947192.76773000,2448,406.42110000,817377.76085100,0
1652695200000,2005.11000000,2049.07000000,1978.78000000,2047.52000000,1452.64150000,1652698799999,2935247.76030000,3740,677.81950000,1370111.16173300,0
1652698800000,2047.84000000,2049.41000000,2028.58000000,2029.00000000,945.93930000,1652702399999,1927626.55289100,2903,413.04180000,841756.48892600,0
1652702400000,2029.39000000,2057.65000000,2003.00000000,2027.84000000,4178.05610000,1652705999999,8459325.01320500,6763,1073.71290000,2176320.21911000,0
1652706000000,2027.62000000,2043.29000000,1990.27000000,1991.09000000,2324.34150000,1652709599999,4689633.50017900,5358,917.24870000,1848537.91255300,0
1652709600000,1991.74000000,2026.62000000,1982.48000000,1997.54000000,3259.00190000,1652713199999,6550500.57842300,5065,806.38160000,1620103.15488900,0
1652713200000,1996.48000000,2024.59000000,1988.66000000,2010.74000000,1475.68970000,1652716799999,2961915.00897400,3054,650.69360000,1306977.05103700,0
1652716800000,2011.61000000,2018.76000000,1977.12000000,1990.14000000,1561.60880000,1652720399999,3119661.64462000,3317,807.82530000,1613869.01412800,0
1652720400000,1989.45000000,2021.28000000,1986.59000000,2019.30000000,991.07580000,1652723999999,1991803.73858800,2181,513.03350000,1030908.15823800,0
1652724000000,2019.04000000,2039.08000000,2015.66000000,2033.01000000,957.25230000,1652727599999,1942046.92069100,1921,483.14300000,980597.77848700,0
1652727600000,2032.88000000,2043.00000000,2002.80000000,2006.21000000,1001.69090000,1652731199999,2026126.78966900,1975,480.52660000,973227.38777300,0
1652731200000,2004.48000000,2033.32000000,2002.88000000,2032.78000000,646.59610000,1652734799999,1305090.28112900,1402,309.96890000,625301.36161200,0
1652734800000,2033.40000000,2051.70000000,2029.40000000,2045.83000000,579.82300000,1652738399999,1184564.79407600,1284,365.72400000,747548.77208900,0
1652738400000,2046.82000000,2053.21000000,2010.00000000,2030.96000000,1602.90870000,1652741999999,3265013.34303000,2398,653.73160000,1333369.15803100,0
1652742000000,2030.50000000,2033.84000000,2015.49000000,2019.91000000,481.42010000,1652745599999,975196.41952900,1130,252.40620000,511313.95354600,0
1652745600000,2021.17000000,2054.16000000,2015.97000000,2045.08000000,1385.45440000,1652749199999,2821767.70480800,2455,762.82780000,1553979.96138400,0
1652749200000,2044.61000000,2047.49000000,2021.98000000,2035.17000000,1023.99350000,1652752799999,2080762.85163800,1970,549.76110000,1116806.13430800,0
1652752800000,2035.53000000,2046.25000000,2029.27000000,2043.34000000,366.88470000,1652756399999,747517.84149600,1246,160.88370000,327858.39084300,0
1652756400000,2042.31000000,2077.12000000,2039.81000000,2070.29000000,1125.85730000,1652759999999,2320192.38533100,2490,671.24980000,1383398.35646500,0
1652760000000,2072.22000000,2080.28000000,2061.63000000,2073.87000000,1138.95790000,1652763599999,2361661.67011300,3383,449.59050000,932369.39322400,0
1652763600000,2073.74000000,2080.03000000,2064.22000000,2077.69000000,2104.56100000,1652767199999,4363110.05895300,5539,1562.13530000,3239723.12897500,0
1652767200000,2078.72000000,2091.11000000,2068.96000000,2085.44000000,1292.04650000,1652770799999,2680632.74671700,2097,913.99280000,1895431.92431400,0
1652770800000,2086.81000000,2090.05000000,2065.39000000,2069.19000000,665.55460000,1652774399999,1380604.01298700,1681,292.09650000,605876.15226900,0
1652774400000,2067.95000000,2096.45000000,2066.32000000,2081.71000000,615.49290000,1652777999999,1282405.21690700,1884,331.24460000,690211.45481100,0
1652778000000,2081.56000000,2095.43000000,2080.46000000,2087.02000000,590.75130000,1652781599999,1233576.04784000,1567,270.86240000,565637.91126300,0
1652781600000,2088.46000000,2089.54000000,2077.90000000,2080.21000000,1111.78650000,1652785199999,2316330.44869700,1792,780.84740000,1626909.88198300,0
1652785200000,2079.67000000,2087.85000000,2073.00000000,2078.65000000,624.94270000,1652788799999,1300077.23856000,1681,349.20030000,726348.55994300,0
1652788800000,2078.03000000,2102.41000000,2074.91000000,2096.59000000,1254.30940000,1652792399999,2623887.00865500,2701,698.28590000,1460741.52254900,0
1652792400000,2096.85000000,2120.05000000,2070.98000000,2097.87000000,2154.45570000,1652795999999,4525069.91752000,3832,809.13330000,1701379.28094900,0
1652796000000,2098.13000000,2098.28000000,2048.27000000,2053.19000000,1789.75580000,1652799599999,3703601.62440200,3889,918.00980000,1901443.74259100,0
1652799600000,2051.66000000,2065.93000000,2041.07000000,2058.21000000,888.80410000,1652803199999,1825663.82681900,2446,403.92740000,829604.12153400,0
1652803200000,2058.17000000,2060.80000000,2034.17000000,2057.23000000,1075.76270000,1652806799999,2205793.03454300,2419,377.02210000,772808.02012400,0
1652806800000,2056.46000000,2066.87000000,2052.07000000,2055.37000000,582.62620000,1652810399999,1200680.44955100,1508,299.21480000,616570.81201800,0
1652810400000,2056.39000000,2067.45000000,2005.08000000,2024.80000000,2251.35380000,1652813999999,4568106.94139600,3584,1427.34810000,2897677.06928900,0
1652814000000,2024.80000000,2063.45000000,2022.78000000,2044.87000000,975.86690000,1652817599999,1997154.92283800,2340,498.15750000,1019553.88842900,0
1652817600000,2044.86000000,2064.40000000,2039.38000000,2051.37000000,1050.46410000,1652821199999,2155009.78947500,1566,768.22160000,1575795.48490700,0
1652821200000,2051.74000000,2089.28000000,2047.81000000,2084.33000000,564.05630000,1652824799999,1165608.80209200,1226,351.70350000,726281.24262700,0
1652824800000,2084.61000000,2100.57000000,2068.81000000,2078.87000000,895.44960000,1652828399999,1866667.20793800,1641,517.03680000,1078164.40311600,0
1652828400000,2079.29000000,2099.91000000,2073.14000000,2088.06000000,940.68760000,1652831999999,1966297.04677400,2075,391.06590000,818021.22949300,0
1652832000000,2088.57000000,2108.15000000,2086.33000000,2089.33000000,1011.63310000,1652835599999,2121687.12379100,2388,580.40950000,1216887.23195600,0
1652835600000,2090.09000000,2090.54000000,2062.24000000,2065.91000000,677.56420000,1652839199999,1406525.46597800,1972,288.68990000,599084.73181900,0
1652839200000,2064.91000000,2070.30000000,2057.45000000,2069.77000000,545.87320000,1652842799999,1127200.41985600,1469,291.94430000,602772.21650500,0
1652842800000,2069.58000000,2070.30000000,2031.01000000,2036.80000000,1125.70340000,1652846399999,2300754.06820200,2609,507.50700000,1037312.06535200,0
1652846400000,2036.00000000,2043.66000000,2027.34000000,2031.31000000,850.85220000,1652849999999,1732593.77152100,1633,328.84180000,670131.53808700,0
1652850000000,2031.05000000,2046.24000000,2028.07000000,2046.14000000,1032.62320000,1652853599999,2106406.03837600,1724,594.33890000,1212151.03806100,0
1652853600000,2046.16000000,2053.89000000,2017.26000000,2017.26000000,844.82350000,1652857199999,1720178.41673700,1907,426.67440000,869911.01587100,0
1652857200000,2017.43000000,2037.38000000,2016.02000000,2036.05000000,637.49920000,1652860799999,1291961.16135500,1654,324.69060000,658098.42169700,0
1652860800000,2036.15000000,2039.02000000,2021.59000000,2032.77000000,486.76380000,1652864399999,987947.83669300,1269,235.75330000,478422.93396800,0
1652864400000,2033.01000000,2036.34000000,2020.09000000,2034.14000000,689.78990000,1652867999999,1399777.84437800,1752,346.85650000,703746.47855900,0
1652868000000,2034.43000000,2046.98000000,2032.85000000,2037.84000000,588.55950000,1652871599999,1199834.58200600,1306,267.84310000,546009.62508100,0
1652871600000,2037.79000000,2039.43000000,2022.52000000,2029.07000000,804.23030000,1652875199999,1630270.54359700,1798,425.74820000,863079.14222600,0
1652875200000,2029.56000000,2032.89000000,1991.34000000,1996.09000000,1988.16890000,1652878799999,3994373.73347800,3140,695.79300000,1401909.55889600,0
1652878800000,1995.81000000,2003.73000000,1979.32000000,1983.74000000,2428.09110000,1652882399999,4835992.72880300,4459,1322.57080000,2635785.50868100,0
1652882400000,1984.14000000,1997.71000000,1963.00000000,1973.86000000,2041.41100000,1652885999999,4041839.25019500,3870,927.73280000,1836744.64044000,0
1652886000000,1972.54000000,1974.68000000,1941.80000000,1953.17000000,3294.74980000,1652889599999,6448041.60239900,5177,1187.21250000,2323207.84812400,0
1652889600000,1953.17000000,1976.24000000,1931.78000000,1975.06000000,1724.86030000,1652893199999,3367744.69778400,3616,817.02880000,1596896.54112800,0
1652893200000,1975.07000000,1975.57000000,1952.47000000,1956.93000000,1228.20510000,1652896799999,2410892.63733300,2421,662.45950000,1300130.33025100,0
1652896800000,1957.48000000,1971.54000000,1948.83000000,1967.73000000,827.68850000,1652900399999,1622941.43290900,1749,418.68620000,820581.20194300,0
1652900400000,1969.17000000,1990.94000000,1966.00000000,1979.23000000,1746.70810000,1652903999999,3451895.23615900,3017,923.30170000,1824047.81880700,0
1652904000000,1978.55000000,1979.15000000,1944.34000000,1964.39000000,1145.48890000,1652907599999,2244203.79638000,1938,673.83050000,1319930.19431800,0
1652907600000,1964.60000000,1971.44000000,1952.06000000,1960.70000000,590.66540000,1652911199999,1159533.35286400,1063,241.66450000,473982.86884500,0
1652911200000,1961.07000000,1971.60000000,1941.00000000,1946.55000000,1869.09770000,1652914799999,3647127.47738800,2499,491.14070000,958642.09849500,0
1652914800000,1947.08000000,1956.44000000,1905.57000000,1911.40000000,1929.01150000,1652918399999,3712963.09372000,3235,748.80710000,1440931.28134300,0
1652918400000,1911.87000000,1943.78000000,1905.41000000,1929.43000000,1543.35300000,1652921999999,2973250.06093200,3192,723.36510000,1394737.53384000,0
1652922000000,1929.11000000,1943.44000000,1902.11000000,1907.18000000,2595.67060000,1652925599999,4994345.14020700,3876,1219.83280000,2344968.84396500,0
1652925600000,1907.26000000,1950.52000000,1900.00000000,1943.26000000,2381.90880000,1652929199999,4571525.46877300,4012,1050.00350000,2015819.33667900,0
1652929200000,1942.48000000,1966.21000000,1940.55000000,1951.43000000,1458.89450000,1652932799999,2848783.22155300,3351,730.77410000,1427322.52441700,0
1652932800000,1951.57000000,1965.01000000,1944.58000000,1945.72000000,927.88870000,1652936399999,1813801.37005400,2241,547.83430000,1071135.36121600,0
1652936400000,1945.61000000,1954.49000000,1941.43000000,1944.39000000,1288.26680000,1652939999999,2508102.29772800,2817,521.80780000,1016090.55833200,0
1652940000000,1944.38000000,1970.04000000,1944.38000000,1963.58000000,1334.22140000,1652943599999,2611467.78112500,2476,706.52500000,1383563.78163000,0
1652943600000,1963.62000000,1966.59000000,1939.03000000,1949.91000000,2253.67500000,1652947199999,4399277.85937400,3485,1254.64350000,2449162.18489300,0
1652947200000,1949.90000000,1955.43000000,1930.58000000,1930.58000000,1756.26570000,1652950799999,3412321.61719100,2769,708.98050000,1376948.42162500,0
1652950800000,1930.92000000,1937.24000000,1911.00000000,1927.32000000,2799.15160000,1652954399999,5389051.38355500,4414,951.52770000,1831188.49085800,0
1652954400000,1927.46000000,1943.23000000,1917.72000000,1938.51000000,2323.02300000,1652957999999,4487447.60763000,3963,951.92210000,1838993.86620400,0
1652958000000,1937.97000000,1966.69000000,1928.88000000,1963.02000000,2080.39010000,1652961599999,4055284.78234600,3379,1117.33470000,2176616.00541600,0
1652961600000,1963.19000000,1966.51000000,1947.94000000,1951.07000000,1701.01690000,1652965199999,3326788.31196700,2842,794.34280000,1553414.10349300,0
1652965200000,1951.18000000,1988.36000000,1941.17000000,1959.00000000,2438.35020000,1652968799999,4799636.41081600,4858,1194.93750000,2351084.90342800,0
1652968800000,1958.84000000,1988.00000000,1958.04000000,1977.67000000,2144.98480000,1652972399999,4235686.23459600,3768,902.40900000,1781234.97355400,0
1652972400000,1977.94000000,2040.00000000,1972.75000000,2022.18000000,6659.33170000,1652975999999,13451441.88642700,7071,2936.57460000,5913941.24687600,0
1652976000000,2022.16000000,2026.67000000,2005.38000000,2009.96000000,2951.72020000,1652979599999,5960228.13641800,3294,1232.76160000,2486942.93106100,0
1652979600000,2010.14000000,2017.79000000,1992.90000000,2013.18000000,1248.99850000,1652983199999,2502904.86137200,2504,575.85090000,1154376.91873000,0
1652983200000,2014.00000000,2018.96000000,2004.25000000,2012.17000000,1574.06640000,1652986799999,3164711.21577900,2245,1212.07950000,2436667.57480200,0
1652986800000,2012.41000000,2017.22000000,1988.54000000,1991.15000000,1055.49990000,1652990399999,2107804.65396800,2152,427.97960000,854986.22804500,0
1652990400000,1990.93000000,2013.86000000,1989.48000000,2013.82000000,1003.43810000,1652993999999,2009290.88354200,1623,474.68060000,949459.51930400,0
1652994000000,2013.91000000,2025.71000000,2007.39000000,2011.02000000,1157.69340000,1652997599999,2331967.22813200,1579,459.78000000,925935.07161200,0
1652997600000,2011.77000000,2011.77000000,1995.00000000,2004.19000000,935.99810000,1653001199999,1876321.06879800,1260,239.55680000,480038.54905200,0
1653001200000,2004.19000000,2025.18000000,1995.07000000,2016.89000000,1003.28640000,1653004799999,2019596.78245800,1812,418.82360000,844144.25289000,0
1653004800000,2016.74000000,2018.92000000,2004.79000000,2013.74000000,1013.79180000,1653008399999,2039502.30042000,1465,717.47470000,1442984.38544600,0
1653008400000,2013.60000000,2064.99000000,2002.32000000,2033.69000000,2622.18840000,1653011999999,5334899.41272500,4291,1207.23300000,2455722.11555300,0
1653012000000,2032.99000000,2035.68000000,2014.19000000,2027.40000000,787.09090000,1653015599999,1593363.36819300,1685,372.23420000,753360.02755500,0
1653015600000,2026.64000000,2029.81000000,2018.40000000,2020.69000000,630.76080000,1653019199999,1275163.03702500,1377,275.16490000,556291.12388000,0
1653019200000,2020.63000000,2031.94000000,2010.64000000,2017.76000000,839.72780000,1653022799999,1698015.53700400,1724,423.32100000,855995.65666300,0
1653022800000,2016.75000000,2025.70000000,2012.56000000,2025.61000000,632.06360000,1653026399999,1275575.71145200,1590,273.36580000,551684.61230200,0
1653026400000,2025.04000000,2026.19000000,1987.95000000,2012.68000000,2264.54130000,1653029999999,4555283.10427800,3211,513.92540000,1032790.80712400,0
1653030000000,2011.41000000,2031.00000000,2008.15000000,2023.79000000,1015.19760000,1653033599999,2052600.94108000,2280,552.98810000,1117819.43526100,0
1653033600000,2023.84000000,2035.23000000,2020.47000000,2026.23000000,831.31830000,1653037199999,1686784.36374500,1979,422.03110000,856292.80407700,0
1653037200000,2026.25000000,2042.91000000,2021.21000000,2037.14000000,1215.63230000,1653040799999,2472733.42355900,2643,477.00640000,969741.68274500,0
1653040800000,2037.04000000,2046.99000000,2033.79000000,2046.10000000,850.00630000,1653044399999,1734491.49822700,1885,353.23080000,720912.88329100,0
1653044400000,2046.21000000,2062.13000000,2035.95000000,2052.99000000,2150.63860000,1653047999999,4413157.15997000,3337,1072.42460000,2199935.27536300,0
1653048000000,2052.43000000,2056.88000000,2022.88000000,2035.18000000,913.02990000,1653051599999,1862606.65670900,2340,486.27740000,992082.11134100,0
1653051600000,2034.25000000,2051.39000000,2026.86000000,2042.39000000,1636.86830000,1653055199999,3337203.42432200,3710,701.90270000,1431111.83453500,0
1653055200000,2042.38000000,2043.35000000,1977.75000000,1984.45000000,2447.85990000,1653058799999,4922898.28801400,5344,1237.60540000,2489235.75391100,0
1653058800000,1984.06000000,1984.27000000,1950.23000000,1958.12000000,2547.83890000,1653062399999,5000108.74736500,5167,1251.55270000,2456516.73219800,0
1653062400000,1958.74000000,1959.83000000,1920.88000000,1931.43000000,4128.88950000,1653065999999,7990741.19815600,5604,2799.45150000,5415194.34156300,0
1653066000000,1931.93000000,1941.30000000,1923.35000000,1936.84000000,1524.23490000,1653069599999,2942530.04084200,2473,862.31020000,1664741.80856600,0
1653069600000,1934.88000000,1944.55000000,1920.71000000,1938.46000000,934.82150000,1653073199999,1803273.71135200,1986,477.85400000,922036.08542500,0
1653073200000,1938.33000000,1970.00000000,1934.12000000,1965.82000000,959.01960000,1653076799999,1871481.27899300,2136,530.95580000,1036511.42843200,0
1653076800000,1966.02000000,1973.13000000,1954.80000000,1957.68000000,522.53650000,1653080399999,1025799.28414300,1209,260.32210000,511180.10250300,0
1653080400000,1957.20000000,1970.00000000,1956.21000000,1956.54000000,387.95940000,1653083999999,761836.71540200,918,169.23200000,332313.94641500,0
1653084000000,1957.62000000,1968.55000000,1950.00000000,1950.87000000,489.45360000,1653087599999,959969.23222900,1111,225.83890000,442893.22837400,0
1653087600000,1950.99000000,1976.14000000,1950.99000000,1957.15000000,962.31850000,1653091199999,1890461.28552300,1868,379.11510000,743777.10502900,0
1653091200000,1957.17000000,1971.60000000,1953.59000000,1960.50000000,1367.17610000,1653094799999,2680309.98934100,1553,1100.03570000,2156222.85603100,0
1653094800000,1960.75000000,1962.72000000,1935.22000000,1949.27000000,1063.28130000,1653098399999,2073405.24987100,2146,754.76930000,1471772.79860600,0
1653098400000,1949.62000000,1960.39000000,1941.77000000,1956.31000000,229.00410000,1653101999999,447165.04923700,825,119.84110000,233899.74473300,0
1653102000000,1956.73000000,1967.21000000,1946.97000000,1965.18000000,960.82620000,1653105599999,1880947.64738300,1735,695.31520000,1361672.79299700,0
1653105600000,1965.18000000,1966.56000000,1959.53000000,1962.66000000,374.52430000,1653109199999,735379.98667600,968,175.25050000,344076.23817800,0
1653109200000,1962.57000000,1967.06000000,1958.56000000,1964.33000000,1562.04750000,1653112799999,3064997.20696800,2221,1245.85520000,2444456.21912800,0
1653112800000,1964.24000000,1971.92000000,1960.01000000,1969.42000000,428.50450000,1653116399999,842252.11849000,851,257.19350000,505442.45363100,0
1653116400000,1969.95000000,1984.20000000,1962.95000000,1976.01000000,977.71950000,1653119999999,1930872.93784600,1502,718.16740000,1418098.92080900,0
1653120000000,1976.01000000,1985.74000000,1973.88000000,1975.56000000,463.94290000,1653123599999,918226.89907500,1072,216.97010000,429494.39897300,0
1653123600000,1975.57000000,1976.33000000,1964.25000000,1970.17000000,333.55410000,1653127199999,657304.52158200,768,114.73750000,225973.07919700,0
1653127200000,1970.45000000,1975.75000000,1962.86000000,1968.61000000,406.11770000,1653130799999,799659.21598400,939,210.68080000,414796.04888000,0
1653130800000,1967.98000000,1969.96000000,1954.10000000,1967.94000000,511.07200000,1653134399999,1003137.35307900,1353,224.59880000,440670.61086500,0
1653134400000,1966.88000000,1972.86000000,1959.03000000,1967.28000000,377.58410000,1653137999999,742543.89945700,1156,203.12270000,399425.65504300,0
1653138000000,1967.48000000,1974.71000000,1962.12000000,1966.84000000,375.73100000,1653141599999,739691.57658600,1086,181.06560000,356436.52619600,0
1653141600000,1966.92000000,1980.52000000,1956.60000000,1975.05000000,617.95650000,1653145199999,1215647.56421700,1661,342.96210000,674728.85775300,0
1653145200000,1975.00000000,1982.61000000,1961.68000000,1977.59000000,902.84040000,1653148799999,1781252.14346000,2233,372.63140000,735460.72711700,0
1653148800000,1977.80000000,1988.11000000,1974.24000000,1978.72000000,743.57860000,1653152399999,1472146.18830100,1997,366.97630000,726476.06806800,0
1653152400000,1978.45000000,1983.53000000,1970.45000000,1973.62000000,564.10210000,1653155999999,1114753.73310200,1581,276.64510000,546632.35296800,0
1653156000000,1973.59000000,1982.40000000,1973.59000000,1982.23000000,481.84750000,1653159599999,953169.75760800,1309,223.85800000,442869.72898500,0
1653159600000,1981.72000000,1986.55000000,1974.53000000,1978.54000000,416.42400000,1653163199999,824654.91839900,1310,217.48320000,430709.73257500,0
1653163200000,1978.68000000,1982.47000000,1970.22000000,1974.06000000,519.08460000,1653166799999,1025283.35777200,1444,195.03710000,385312.81081300,0
1653166800000,1973.74000000,1976.08000000,1964.71000000,1964.90000000,335.60900000,1653170399999,661387.12938700,759,132.22430000,260631.88422500,0
1653170400000,1965.42000000,1972.09000000,1963.36000000,1971.84000000,191.37360000,1653173999999,376698.88808600,615,118.41820000,233078.16234600,0
1653174000000,1972.01000000,1978.80000000,1970.22000000,1973.07000000,333.54340000,1653177599999,658369.82527700,904,163.50890000,322691.98942700,0
1653177600000,1971.81000000,1977.61000000,1969.00000000,1976.07000000,441.40840000,1653181199999,871131.90396300,1038,192.76600000,380553.24219400,0
1653181200000,1975.44000000,1981.29000000,1975.44000000,1977.82000000,263.00100000,1653184799999,520333.87161200,850,138.33160000,273707.90396600,0
1653184800000,1977.79000000,1978.35000000,1969.02000000,1972.72000000,538.44020000,1653188399999,1062230.27269000,1372,235.96710000,465469.99482900,0
1653188400000,1972.72000000,1978.62000000,1969.42000000,1971.74000000,471.49180000,1653191999999,930489.61127800,1248,213.58140000,421483.36812700,0
1653192000000,1970.88000000,1972.34000000,1963.74000000,1963.87000000,319.43360000,1653195599999,628620.73195900,919,139.73130000,274969.09659200,0
1653195600000,1963.89000000,1972.71000000,1963.51000000,1969.37000000,380.53660000,1653199199999,749238.80203500,1029,202.92190000,399481.87564300,0
1653199200000,1969.88000000,1973.24000000,1968.78000000,1972.52000000,316.62460000,1653202799999,624225.17667900,801,150.76950000,297229.42665300,0
1653202800000,1972.05000000,1974.62000000,1967.64000000,1972.76000000,438.05690000,1653206399999,863418.81736600,1047,212.99490000,419843.43103600,0
1653206400000,1973.04000000,1983.57000000,1970.93000000,1981.41000000,669.64340000,1653209999999,1323733.39374100,1820,287.88780000,569150.95411500,0
1653210000000,1981.67000000,2032.20000000,1981.67000000,2025.39000000,2675.74600000,1653213599999,5363764.39055200,4708,1098.49540000,2203683.24625400,0
1653213600000,2025.74000000,2034.83000000,2022.80000000,2025.42000000,1009.85630000,1653217199999,2048671.10420600,2608,509.62540000,1034045.10471700,0
1653217200000,2026.05000000,2032.86000000,2008.98000000,2014.81000000,1163.24880000,1653220799999,2348565.98369900,2524,561.22490000,1133535.84671000,0
1653220800000,2014.81000000,2029.88000000,2014.81000000,2025.30000000,953.75830000,1653224399999,1929959.49582000,2198,529.32130000,1070770.70750400,0
1653224400000,2025.31000000,2025.41000000,2015.25000000,2019.72000000,1103.72260000,1653227999999,2230757.00755400,1512,327.65400000,661562.99942000,0
1653228000000,2019.68000000,2025.39000000,2012.94000000,2015.10000000,1127.20720000,1653231599999,2275558.48046400,2338,522.05900000,1053921.79108900,0
1653231600000,2015.49000000,2016.55000000,1988.25000000,2002.08000000,1779.05660000,1653235199999,3563661.00561100,2921,1074.90540000,2153907.07455700,0
1653235200000,2002.30000000,2009.33000000,1990.27000000,2006.91000000,672.00370000,1653238799999,1344921.63452100,1708,323.47750000,647494.03375300,0
1653238800000,2006.76000000,2020.00000000,2002.57000000,2004.76000000,979.85100000,1653242399999,1969985.68508300,2327,481.44420000,967941.95934500,0
1653242400000,2004.56000000,2013.75000000,1999.85000000,2011.39000000,512.35970000,1653245999999,1028524.45958600,1521,256.90930000,515693.10190000,0
1653246000000,2011.26000000,2015.31000000,2003.55000000,2005.07000000,627.53000000,1653249599999,1261010.05486000,1277,260.27780000,522858.83486800,0
1653249600000,2005.13000000,2016.26000000,2004.30000000,2006.03000000,695.67900000,1653253199999,1398930.18619400,1374,215.32800000,432855.69346500,0
1653253200000,2005.39000000,2017.55000000,2003.50000000,2015.44000000,262.58090000,1653256799999,527953.28373000,725,156.60840000,314930.20043000,0
1653256800000,2015.12000000,2049.76000000,2015.12000000,2033.64000000,1249.15670000,1653260399999,2545270.33710100,2148,773.30220000,1576509.08656000,0
1653260400000,2033.38000000,2054.00000000,2033.38000000,2040.96000000,1051.58140000,1653263999999,2149945.79534400,1828,511.75800000,1046081.16646800,0
1653264000000,2040.90000000,2056.05000000,2035.07000000,2040.31000000,832.25530000,1653267599999,1699334.20877200,2163,395.66160000,807845.92105000,0
1653267600000,2040.15000000,2040.15000000,2027.98000000,2031.54000000,734.17760000,1653271199999,1492269.25475200,1537,409.98760000,833310.25526100,0
1653271200000,2032.00000000,2032.09000000,2017.28000000,2025.76000000,917.75170000,1653274799999,1856998.05228300,1811,431.42650000,873033.45811300,0
1653274800000,2026.12000000,2032.45000000,2024.61000000,2028.78000000,720.33140000,1653278399999,1460504.35860800,1227,282.35580000,572584.24085100,0
1653278400000,2028.59000000,2035.49000000,2024.34000000,2026.01000000,722.35490000,1653281999999,1467108.86687600,1535,400.38630000,813335.88120100,0
1653282000000,2025.75000000,2043.00000000,2024.25000000,2041.51000000,1092.16750000,1653285599999,2219311.55027000,1864,434.26420000,883014.30677100,0
1653285600000,2041.30000000,2058.79000000,2037.50000000,2054.90000000,1123.61760000,1653289199999,2301937.86644800,2673,556.43230000,1140358.92415000,0
1653289200000,2054.95000000,2080.04000000,2045.89000000,2065.13000000,1942.00710000,1653292799999,4013870.98146800,2951,735.73070000,1520174.81759700,0
1653292800000,2064.98000000,2072.46000000,2044.83000000,2053.35000000,1470.63250000,1653296399999,3027872.27329500,2532,726.18270000,1496767.46281800,0
1653296400000,2053.20000000,2069.99000000,2050.51000000,2065.37000000,787.62090000,1653299999999,1621188.83838600,2028,440.56260000,906858.52832400,0
1653300000000,2065.87000000,2075.80000000,2062.95000000,2071.27000000,1146.93970000,1653303599999,2373075.50179200,2338,429.10620000,887942.68392800,0
1653303600000,2072.40000000,2083.34000000,2063.78000000,2066.91000000,1313.33040000,1653307199999,2723843.19723000,2516,514.24420000,1066729.50273100,0
1653307200000,2067.21000000,2086.66000000,2061.57000000,2063.65000000,951.35780000,1653310799999,1971316.83781700,2228,464.93590000,963416.88585500,0
1653310800000,2063.72000000,2075.32000000,2042.43000000,2055.01000000,2222.68700000,1653314399999,4580434.73741500,4066,1132.48830000,2334114.42896100,0
1653314400000,2055.74000000,2064.37000000,2033.49000000,2056.26000000,1936.07110000,1653317999999,3972222.74240600,4304,862.24860000,1768302.35123900,0
1653318000000,2056.15000000,2073.50000000,2053.84000000,2062.82000000,1538.05250000,1653321599999,3180007.37762300,2537,618.55850000,1277935.75394300,0
1653321600000,2063.09000000,2081.50000000,2050.00000000,2056.57000000,1282.83940000,1653325199999,2651361.61809100,2497,504.72210000,1043888.83445200,0
1653325200000,2056.35000000,2057.66000000,2043.17000000,2048.47000000,665.61830000,1653328799999,1364146.85510000,1778,300.85200000,616584.77101500,0
1653328800000,2048.32000000,2056.48000000,2025.10000000,2030.10000000,965.98790000,1653332399999,1971709.84981800,2156,576.90260000,1176424.09177000,0
1653332400000,2029.65000000,2030.06000000,1976.30000000,1977.99000000,3617.66970000,1653335999999,7231736.38026300,4643,1945.23950000,3883040.42329600,0
1653336000000,1978.00000000,2002.00000000,1974.35000000,1997.86000000,1743.66960000,1653339599999,3472234.09280100,2505,718.74310000,1430584.16897900,0
1653339600000,1997.42000000,2006.20000000,1990.93000000,1991.89000000,624.18730000,1653343199999,1246622.92842000,1156,404.74010000,808353.20519000,0
1653343200000,1992.22000000,1992.22000000,1955.28000000,1976.37000000,1601.16560000,1653346799999,3161305.77279700,2431,675.07590000,1332125.72720500,0
1653346800000,1976.02000000,1976.23000000,1954.18000000,1970.96000000,2139.72100000,1653350399999,4207996.86883800,2716,1533.53380000,3015141.56313600,0
1653350400000,1971.25000000,1985.43000000,1966.77000000,1978.04000000,1048.97980000,1653353999999,2076306.30992900,2374,396.68730000,785187.38439200,0
1653354000000,1978.41000000,1986.13000000,1973.05000000,1983.92000000,668.66800000,1653357599999,1323030.80919600,1333,423.57630000,837933.25092000,0
1653357600000,1984.15000000,1988.01000000,1979.67000000,1983.08000000,538.00770000,1653361199999,1066688.27245600,1358,182.64070000,362252.36203500,0
1653361200000,1982.65000000,1988.59000000,1980.92000000,1985.45000000,302.78750000,1653364799999,601203.11626600,966,169.98860000,337517.65630600,0
1653364800000,1985.66000000,1991.56000000,1980.89000000,1985.43000000,367.02880000,1653368399999,729024.36391800,1024,181.25810000,360030.77310300,0
1653368400000,1985.32000000,1987.54000000,1978.02000000,1980.18000000,480.84180000,1653371999999,953731.44109900,1197,255.13510000,506168.71591700,0
1653372000000,1980.04000000,1985.49000000,1972.36000000,1978.57000000,1166.51940000,1653375599999,2311232.69833200,2149,226.02250000,447801.75401100,0
1653375600000,1978.53000000,1984.81000000,1973.24000000,1983.31000000,578.07990000,1653379199999,1145103.84529600,1300,232.71830000,460962.99434900,0
1653379200000,1982.82000000,1983.26000000,1958.11000000,1961.13000000,2875.46550000,1653382799999,5667881.59001000,3581,1823.83010000,3596612.83855800,0
1653382800000,1961.08000000,1972.85000000,1949.26000000,1970.28000000,1054.47270000,1653386399999,2069708.50242400,2078,498.92860000,979849.21534500,0
1653386400000,1970.44000000,1974.92000000,1965.88000000,1974.69000000,592.25010000,1653389999999,1166799.85314200,1200,318.61880000,627736.16161000,0
1653390000000,1974.72000000,1983.01000000,1959.67000000,1964.27000000,1155.38020000,1653393599999,2278539.97251100,1839,420.91470000,829490.45602800,0
1653393600000,1964.07000000,1981.27000000,1951.74000000,1964.54000000,4765.23270000,1653397199999,9355934.75295100,4709,1148.57310000,2255920.86238800,0
1653397200000,1964.92000000,1987.28000000,1925.00000000,1928.80000000,2584.14190000,1653400799999,5031011.93272100,3544,1477.81090000,2875368.85290000,0
1653400800000,1929.18000000,1940.02000000,1911.00000000,1934.73000000,2885.96440000,1653404399999,5547806.37590400,4664,1710.92620000,3287456.37081300,0
1653404400000,1934.73000000,1972.85000000,1929.56000000,1962.75000000,2775.34140000,1653407999999,5375277.30984300,3693,748.07200000,1455192.59560900,0
1653408000000,1961.02000000,1974.93000000,1948.32000000,1956.75000000,1251.28150000,1653411599999,2455321.29522000,2333,554.70280000,1088889.25856100,0
1653411600000,1956.75000000,1960.46000000,1933.45000000,1957.38000000,1143.78660000,1653415199999,2225081.29576300,2046,471.78430000,918843.94653000,0
1653415200000,1956.84000000,1971.71000000,1937.71000000,1942.89000000,853.01810000,1653418799999,1667499.17088000,1846,408.65350000,798941.21875700,0
1653418800000,1942.68000000,1967.99000000,1941.21000000,1961.13000000,879.38170000,1653422399999,1721936.16212200,1702,408.33960000,799536.66887200,0
1653422400000,1960.97000000,1971.63000000,1949.80000000,1967.49000000,603.63520000,1653425999999,1182732.90508000,1280,401.77200000,787232.16087600,0
1653426000000,1967.97000000,1984.54000000,1967.39000000,1981.97000000,394.79380000,1653429599999,779669.71881800,922,229.46440000,453341.03777200,0
1653429600000,1982.69000000,1986.37000000,1976.93000000,1979.98000000,1569.34870000,1653433199999,3109500.77521500,2340,606.54030000,1201781.05289200,0
1653433200000,1981.23000000,1990.00000000,1973.87000000,1977.10000000,645.26530000,1653436799999,1279174.74103500,1212,333.08980000,660291.05104500,0
1653436800000,1977.49000000,1984.80000000,1971.00000000,1972.76000000,960.84230000,1653440399999,1897687.04451800,1450,688.77090000,1359992.39844800,0
1653440400000,1972.56000000,1985.33000000,1968.15000000,1984.07000000,386.02660000,1653443999999,762469.66765700,1061,186.91360000,369122.34924100,0
1653444000000,1984.78000000,2018.30000000,1978.20000000,2013.63000000,1444.21150000,1653447599999,2890785.71122800,2901,883.55470000,1768179.25428400,0
1653447600000,2013.13000000,2019.56000000,2006.25000000,2012.73000000,531.13190000,1653451199999,1068765.33012500,1163,300.72640000,604975.71299300,0
1653451200000,2012.07000000,2012.73000000,2000.26000000,2003.94000000,435.92010000,1653454799999,874269.14605500,1027,175.44930000,351926.32075000,0
1653454800000,2003.58000000,2009.84000000,1982.78000000,1985.00000000,498.53900000,1653458399999,995070.12744500,1408,227.58470000,454723.40379600,0
1653458400000,1985.22000000,1987.56000000,1971.25000000,1982.60000000,820.68360000,1653461999999,1625336.33225300,1786,353.34610000,699659.45288900,0
1653462000000,1982.55000000,1985.22000000,1972.24000000,1974.47000000,373.51620000,1653465599999,738610.72217500,989,157.19750000,310931.43878700,0
1653465600000,1974.88000000,1979.84000000,1959.38000000,1974.37000000,1021.22150000,1653469199999,2012448.71800900,1914,555.37020000,1094041.09702500,0
1653469200000,1974.25000000,1978.60000000,1962.21000000,1972.93000000,595.60290000,1653472799999,1172978.93284400,1388,254.04960000,500302.49380800,0
1653472800000,1973.08000000,1976.07000000,1960.08000000,1960.96000000,708.45370000,1653476399999,1393604.22001700,2013,330.19140000,649430.90726100,0
1653476400000,1961.43000000,1964.50000000,1940.01000000,1942.25000000,3652.85990000,1653479999999,7111458.29376100,5169,976.18450000,1902019.33528200,0
1653480000000,1942.00000000,1957.78000000,1930.30000000,1955.48000000,3841.92050000,1653483599999,7471755.23810400,5830,1018.20330000,1981197.26017700,0
1653483600000,1955.44000000,1984.72000000,1948.08000000,1970.62000000,1880.78410000,1653487199999,3695389.14035600,4787,825.78150000,1623432.21034500,0
1653487200000,1970.58000000,1982.27000000,1960.07000000,1968.22000000,1467.81070000,1653490799999,2895445.58119000,4055,695.37230000,1371866.10845800,0
1653490800000,1968.23000000,1972.67000000,1953.14000000,1962.60000000,1323.41730000,1653494399999,2599236.56378300,3263,714.73740000,1403773.14782800,0
1653494400000,1962.45000000,1965.14000000,1941.91000000,1952.06000000,1119.49720000,1653497999999,2185987.97023600,3297,516.12390000,1007728.94556800,0
1653498000000,1952.22000000,1964.75000000,1950.68000000,1960.26000000,898.43020000,1653501599999,1758285.26476000,2303,470.39520000,920516.47649600,0
1653501600000,1960.38000000,1980.58000000,1944.77000000,1973.42000000,2126.45090000,1653505199999,4188734.09660900,5804,1060.81230000,2089777.69495200,0
1653505200000,1973.59000000,1978.37000000,1946.78000000,1948.61000000,1907.38860000,1653508799999,3742451.56426500,3346,1227.65880000,2408299.58096100,0
1653508800000,1949.30000000,1961.86000000,1946.42000000,1958.72000000,1063.84900000,1653512399999,2077939.00072100,1879,727.14480000,1420030.19374800,0
1653512400000,1959.02000000,1967.93000000,1950.79000000,1966.75000000,500.95420000,1653515999999,980437.27616500,1222,198.07720000,387783.17996200,0
1653516000000,1965.94000000,1970.74000000,1958.14000000,1963.57000000,395.78150000,1653519599999,777005.27200400,1008,192.51080000,377779.88208200,0
1653519600000,1962.97000000,1963.49000000,1938.39000000,1940.47000000,1139.72940000,1653523199999,2220908.26826400,2482,456.01270000,888245.45919600,0
1653523200000,1940.51000000,1964.28000000,1938.51000000,1957.27000000,844.33960000,1653526799999,1650037.14196100,2337,463.19750000,905095.06730400,0
1653526800000,1957.26000000,1958.26000000,1941.63000000,1942.26000000,630.92720000,1653530399999,1230352.94696400,1779,304.19630000,593076.06827500,0
1653530400000,1942.39000000,1955.25000000,1942.39000000,1950.06000000,476.77070000,1653533999999,929494.34959200,1523,231.11740000,450572.31927700,0
1653534000000,1949.89000000,1951.32000000,1931.37000000,1946.70000000,866.77630000,1653537599999,1681774.82045400,2282,397.99000000,772036.23513400,0
1653537600000,1946.46000000,1948.71000000,1934.07000000,1935.97000000,574.44180000,1653541199999,1115447.01815600,1596,272.11150000,528456.88845200,0
1653541200000,1936.01000000,1944.00000000,1917.40000000,1922.67000000,1637.29110000,1653544799999,3156811.13060800,3353,938.80190000,1810143.54187400,0
1653544800000,1922.67000000,1926.97000000,1910.00000000,1920.93000000,2982.92760000,1653548399999,5711705.94741600,4419,783.83780000,1502587.61702500,0
1653548400000,1920.83000000,1926.42000000,1908.80000000,1924.04000000,2494.41710000,1653551999999,4771996.36720300,3152,503.76950000,966178.92891200,0
1653552000000,1924.10000000,1925.16000000,1812.64000000,1831.60000000,8063.26370000,1653555599999,14925213.30280800,11102,2254.39550000,4167857.69651200,0
1653555600000,1832.04000000,1848.30000000,1820.00000000,1836.88000000,3159.13610000,1653559199999,5788514.21992600,5698,1519.88140000,2784318.80199600,0
1653559200000,1836.64000000,1842.15000000,1829.14000000,1829.30000000,1825.43410000,1653562799999,3348329.39289800,3219,1009.67080000,1850541.59672600,0
1653562800000,1829.27000000,1832.35000000,1796.96000000,1814.54000000,6102.76480000,1653566399999,11058501.13093900,8256,3075.01620000,5574921.95702500,0
1653566400000,1814.14000000,1829.29000000,1790.00000000,1810.00000000,3479.61040000,1653569999999,6298957.73852700,6551,1658.24480000,3003700.68112900,0
1653570000000,1809.77000000,1820.55000000,1725.98000000,1808.85000000,9394.87320000,1653573599999,16672578.55108500,16253,3882.66990000,6904025.02536500,0
1653573600000,1808.73000000,1857.84000000,1807.47000000,1852.28000000,3657.20340000,1653577199999,6708827.39172400,7651,1507.40170000,2771091.08762500,0
1653577200000,1851.76000000,1873.25000000,1846.88000000,1860.14000000,2042.50230000,1653580799999,3794704.29767900,4774,1047.45840000,1946073.00588700,0
1653580800000,1859.83000000,1909.46000000,1858.79000000,1880.76000000,3496.36560000,1653584399999,6589925.42120500,6780,1680.07330000,3167570.75235800,0
1653584400000,1881.12000000,1886.34000000,1865.16000000,1874.77000000,1744.58000000,1653587999999,3268557.13657400,2906,823.01700000,1541350.80149300,0
1653588000000,1874.57000000,1875.44000000,1854.64000000,1860.15000000,1371.86000000,1653591599999,2555062.33469700,2903,647.00190000,1204620.59604800,0
1653591600000,1860.16000000,1861.76000000,1821.81000000,1824.64000000,2152.14960000,1653595199999,3954540.80589200,4598,810.72370000,1489794.84738200,0
1653595200000,1824.91000000,1834.36000000,1810.56000000,1825.69000000,2321.63070000,1653598799999,4223927.11971200,3769,1347.42510000,2449540.82587400,0
1653598800000,1825.98000000,1845.42000000,1824.97000000,1831.57000000,1172.98130000,1653602399999,2152478.44811200,2454,500.55050000,918809.98578100,0
1653602400000,1831.26000000,1844.43000000,1816.62000000,1818.09000000,866.74270000,1653605999999,1587526.54856500,2298,351.56430000,643623.04048900,0
1653606000000,1818.30000000,1827.41000000,1786.73000000,1791.07000000,1633.84960000,1653609599999,2956935.50547200,4250,674.14550000,1220093.17949600,0
1653609600000,1789.61000000,1806.39000000,1768.80000000,1771.47000000,1747.11940000,1653613199999,3125244.01083500,4195,779.95320000,1395642.97801200,0
1653613200000,1771.27000000,1778.25000000,1734.63000000,1741.63000000,2819.62690000,1653616799999,4945486.60736400,5968,1219.36870000,2139744.84793200,0
1653616800000,1741.96000000,1766.25000000,1726.00000000,1751.36000000,3708.88560000,1653620399999,6474796.20474400,7096,2021.53850000,3530872.66629400,0
1653620400000,1751.39000000,1778.76000000,1748.96000000,1766.17000000,1307.73390000,1653623999999,2305402.10982200,3357,667.73030000,1177005.69006500,0
1653624000000,1766.45000000,1775.55000000,1739.53000000,1743.25000000,1631.41800000,1653627599999,2864316.13260000,3868,690.77080000,1213025.28210600,0
1653627600000,1743.38000000,1757.26000000,1711.00000000,1734.45000000,3888.35300000,1653631199999,6762158.60418800,6193,1523.46970000,2649904.87779900,0
1653631200000,1734.22000000,1775.88000000,1720.43000000,1768.67000000,2800.69950000,1653634799999,4889016.97256600,6294,1392.97490000,2432504.14409300,0
1653634800000,1768.58000000,1796.93000000,1762.22000000,1762.39000000,2534.74070000,1653638399999,4506033.08874400,4566,1197.17680000,2126828.29363800,0
1653638400000,1762.48000000,1787.26000000,1747.95000000,1763.86000000,2547.37640000,1653641999999,4517717.19586100,4132,1224.45330000,2173302.27878400,0
1653642000000,1765.84000000,1784.74000000,1759.73000000,1782.93000000,2054.34810000,1653645599999,3639267.70967700,2926,786.32760000,1393519.81902200,0
1653645600000,1782.71000000,1785.69000000,1755.35000000,1757.03000000,2650.94720000,1653649199999,4699023.36400800,3253,1330.47550000,2363010.89817400,0
1653649200000,1756.94000000,1787.05000000,1754.15000000,1769.71000000,1878.80980000,1653652799999,3327301.55073800,2817,1042.26110000,1845266.16605700,0
1653652800000,1769.19000000,1820.39000000,1761.36000000,1811.04000000,2353.02410000,1653656399999,4227699.94838200,4171,1071.17710000,1925504.56287600,0
1653656400000,1810.13000000,1824.08000000,1793.00000000,1813.27000000,1873.64090000,1653659999999,3380640.95045700,3085,1128.22320000,2033999.68190400,0
1653660000000,1813.83000000,1815.05000000,1760.75000000,1766.59000000,5861.21020000,1653663599999,10467014.90635300,5066,2873.39460000,5126896.68871500,0
1653663600000,1766.56000000,1777.60000000,1753.30000000,1762.18000000,2319.84680000,1653667199999,4095458.94467700,3781,1141.86890000,2016422.89909600,0
1653667200000,1762.22000000,1772.63000000,1737.14000000,1743.64000000,1628.15980000,1653670799999,2852128.48140100,3477,759.64930000,1331546.87932100,0
1653670800000,1744.00000000,1756.11000000,1723.80000000,1730.15000000,2170.16110000,1653674399999,3768558.52121400,4411,936.26430000,1626270.76342900,0
1653674400000,1728.77000000,1734.57000000,1713.52000000,1726.74000000,3642.30680000,1653677999999,6288583.87216500,5026,1323.76840000,2283923.33882100,0
1653678000000,1725.89000000,1768.02000000,1719.14000000,1752.03000000,1926.89310000,1653681599999,3341890.81602800,2915,1132.91720000,1966944.41006300,0
1653681600000,1750.29000000,1771.00000000,1741.50000000,1743.31000000,1718.65300000,1653685199999,3018396.00032300,2564,1108.92000000,1947912.63239900,0
1653685200000,1743.32000000,1750.33000000,1729.54000000,1733.27000000,921.83060000,1653688799999,1607395.54949600,1443,258.17120000,449927.38494300,0
1653688800000,1732.83000000,1753.43000000,1724.05000000,1740.20000000,982.44400000,1653692399999,1711035.33580200,1765,314.18030000,547299.18692300,0
1653692400000,1740.46000000,1743.20000000,1702.90000000,1725.82000000,1628.10690000,1653695999999,2804472.97167900,3468,658.87210000,1136651.74873000,0
1653696000000,1725.71000000,1747.04000000,1720.06000000,1746.25000000,1593.68510000,1653699599999,2768809.28099600,3030,538.61760000,935170.48862800,0
1653699600000,1746.26000000,1749.93000000,1724.51000000,1727.99000000,887.38890000,1653703199999,1540783.34869400,2362,468.69710000,813535.08528000,0
1653703200000,1728.46000000,1740.02000000,1720.61000000,1727.54000000,1296.85280000,1653706799999,2244960.49881300,2424,818.38430000,1416348.87731900,0
1653706800000,1727.50000000,1765.15000000,1720.00000000,1762.81000000,1225.16930000,1653710399999,2138848.91758500,3146,684.65090000,1196220.10061900,0
1653710400000,1763.55000000,1765.57000000,1752.68000000,1760.15000000,608.47560000,1653713999999,1070676.36841800,1634,280.67620000,493832.11949900,0
1653714000000,1760.16000000,1781.33000000,1753.00000000,1769.56000000,1170.61180000,1653717599999,2069104.86763000,2859,622.12130000,1099689.80484600,0
1653717600000,1769.30000000,1772.48000000,1763.01000000,1763.67000000,560.81160000,1653721199999,991208.23931900,1504,270.91310000,478826.88928500,0
1653721200000,1763.96000000,1766.73000000,1751.48000000,1762.82000000,1080.26520000,1653724799999,1901490.64459200,1743,636.31810000,1119996.20711400,0
1653724800000,1763.48000000,1768.83000000,1747.26000000,1758.31000000,790.01610000,1653728399999,1390150.96921500,2060,399.09250000,702565.94058300,0
1653728400000,1759.49000000,1763.93000000,1750.00000000,1754.88000000,629.71540000,1653731999999,1105659.61681200,1514,367.52250000,645135.12820400,0
1653732000000,1755.04000000,1762.17000000,1749.44000000,1759.25000000,472.11740000,1653735599999,829132.88439700,1341,240.32560000,422040.78923800,0
1653735600000,1759.94000000,1785.82000000,1757.28000000,1771.24000000,837.55090000,1653739199999,1486311.39734900,2147,430.83640000,764258.40935700,0
1653739200000,1770.90000000,1791.53000000,1767.76000000,1785.75000000,736.11900000,1653742799999,1310926.83417600,1934,342.94370000,610711.81662600,0
1653742800000,1785.16000000,1798.51000000,1761.29000000,1786.79000000,2583.35700000,1653746399999,4605953.12577900,3827,922.78890000,1649415.50001000,0
1653746400000,1787.17000000,1789.99000000,1775.04000000,1779.34000000,859.52050000,1653749999999,1530872.48383900,1903,451.98790000,805007.42036800,0
1653750000000,1778.91000000,1806.93000000,1776.36000000,1793.15000000,1444.09510000,1653753599999,2584786.14641300,2684,695.74980000,1246373.36332200,0
1653753600000,1793.07000000,1796.70000000,1771.34000000,1773.02000000,1500.22670000,1653757199999,2684144.32209500,2579,543.80350000,973483.69662100,0
1653757200000,1771.34000000,1789.55000000,1758.00000000,1774.34000000,1788.94510000,1653760799999,3166175.01136000,3356,784.93180000,1389891.99621300,0
1653760800000,1774.76000000,1788.75000000,1774.75000000,1786.77000000,2014.00230000,1653764399999,3592016.36973700,1853,701.16300000,1250587.71398800,0
1653764400000,1787.05000000,1803.98000000,1779.36000000,1791.51000000,1165.71090000,1653767999999,2086971.81013000,1965,680.48110000,1219103.87034900,0
1653768000000,1791.45000000,1791.92000000,1782.89000000,1790.82000000,567.33940000,1653771599999,1014286.93829900,901,400.50410000,715971.86525700,0
1653771600000,1791.34000000,1796.71000000,1782.01000000,1782.01000000,251.15170000,1653775199999,449169.74120200,683,105.75950000,189024.55584200,0
1653775200000,1782.56000000,1786.46000000,1776.56000000,1782.44000000,239.53320000,1653778799999,426494.13565400,773,130.64820000,232593.65898900,0
1653778800000,1782.30000000,1803.13000000,1781.46000000,1790.17000000,702.94630000,1653782399999,1261449.38276400,1726,298.18930000,535350.22802000,0
1653782400000,1790.17000000,1793.78000000,1784.81000000,1787.78000000,371.26940000,1653785999999,664249.43167600,1131,195.88380000,350526.64317200,0
1653786000000,1787.71000000,1788.37000000,1770.44000000,1773.83000000,651.58500000,1653789599999,1158671.47057500,1670,290.68070000,516772.25375300,0
1653789600000,1774.18000000,1774.81000000,1760.00000000,1766.43000000,699.52750000,1653793199999,1235141.74962500,1654,255.91200000,451975.06446400,0
1653793200000,1766.21000000,1776.47000000,1762.80000000,1776.12000000,630.18530000,1653796799999,1114757.41962500,1209,313.62030000,554853.51093700,0
1653796800000,1774.81000000,1777.40000000,1767.51000000,1773.46000000,881.18170000,1653800399999,1561492.21343500,1093,140.29410000,248678.01614400,0
1653800400000,1773.26000000,1783.22000000,1771.61000000,1782.91000000,427.53580000,1653803999999,760385.13698900,1126,237.00980000,421522.08249600,0
1653804000000,1782.86000000,1788.04000000,1776.58000000,1781.67000000,947.13040000,1653807599999,1684316.50029200,1171,747.68540000,1329302.86258700,0
1653807600000,1781.36000000,1785.11000000,1776.97000000,1781.83000000,324.61010000,1653811199999,578072.60563500,827,152.99290000,272461.80309800,0
1653811200000,1782.15000000,1795.38000000,1778.19000000,1783.88000000,630.49910000,1653814799999,1126438.69002800,1703,307.04970000,548676.96075400,0
1653814800000,1783.88000000,1786.04000000,1772.59000000,1777.84000000,519.41640000,1653818399999,923866.83994000,1465,242.31960000,430994.00584300,0
1653818400000,1778.14000000,1798.26000000,1777.21000000,1794.40000000,911.68650000,1653821999999,1632384.05956800,2280,453.55020000,812102.18971900,0
1653822000000,1794.85000000,1803.00000000,1790.46000000,1800.17000000,659.66860000,1653825599999,1184988.82397700,1670,348.23430000,625506.01336400,0
1653825600000,1800.26000000,1818.68000000,1797.19000000,1812.64000000,1126.39100000,1653829199999,2038931.42051000,2904,540.18170000,978043.14865900,0
1653829200000,1812.75000000,1825.62000000,1806.93000000,1807.74000000,901.47670000,1653832799999,1634739.19141100,2271,445.70480000,808225.53043000,0
1653832800000,1808.80000000,1811.70000000,1802.00000000,1803.65000000,568.64320000,1653836399999,1027377.37989200,1465,301.67270000,545015.55617600,0
1653836400000,1802.08000000,1802.54000000,1789.82000000,1795.08000000,815.11710000,1653839999999,1463590.25010900,1911,380.53110000,683137.74401400,0
1653840000000,1795.94000000,1808.54000000,1790.27000000,1801.95000000,900.73340000,1653843599999,1622954.23956900,1830,372.14500000,670930.87480500,0
1653843600000,1801.80000000,1808.37000000,1793.54000000,1797.01000000,685.40510000,1653847199999,1234735.00952700,1497,411.99630000,742056.64521900,0
1653847200000,1796.97000000,1802.45000000,1790.88000000,1792.99000000,1774.51650000,1653850799999,3183709.83951800,1957,1429.35430000,2563690.35989800,0
1653850800000,1793.22000000,1795.65000000,1782.92000000,1786.45000000,597.31440000,1653854399999,1067547.85719400,1462,312.77360000,558950.83455100,0
1653854400000,1786.50000000,1796.37000000,1785.05000000,1795.28000000,530.78310000,1653857999999,951172.02474000,1342,297.07860000,532151.69189800,0
1653858000000,1795.38000000,1804.23000000,1792.23000000,1801.83000000,528.59890000,1653861599999,950272.62257100,940,423.78630000,761805.60882800,0
1653861600000,1802.91000000,1824.98000000,1792.44000000,1809.04000000,1555.81280000,1653865199999,2815815.04887300,3227,617.01300000,1116865.16885400,0
1653865200000,1808.87000000,1815.40000000,1806.53000000,1811.90000000,676.75610000,1653868799999,1226002.51391500,1475,327.34130000,593042.63086700,0
1653868800000,1811.66000000,1812.93000000,1801.48000000,1803.66000000,638.27540000,1653872399999,1152544.89317800,1762,295.84030000,534161.45462800,0
1653872400000,1803.64000000,1844.73000000,1803.54000000,1843.54000000,2755.59200000,1653875999999,5034380.34963900,4185,952.19900000,1740395.83098500,0
1653876000000,1843.52000000,1886.21000000,1842.27000000,1873.47000000,3359.27090000,1653879599999,6277420.29613000,6154,1712.19560000,3197066.09250200,0
1653879600000,1873.61000000,1887.90000000,1869.16000000,1878.06000000,1672.05220000,1653883199999,3139146.54314200,3412,849.14020000,1594515.20807400,0
1653883200000,1878.25000000,1882.79000000,1867.85000000,1872.30000000,970.61670000,1653886799999,1819994.71718200,2136,490.40330000,919412.00186600,0
1653886800000,1872.39000000,1898.09000000,1871.26000000,1896.96000000,1151.75640000,1653890399999,2168484.84474800,2978,670.85720000,1263251.72557100,0
1653890400000,1897.56000000,1915.21000000,1891.04000000,1904.30000000,2232.12460000,1653893999999,4250866.75294800,4913,1091.04970000,2077598.73605300,0
1653894000000,1904.20000000,1911.76000000,1898.03000000,1906.28000000,1227.93160000,1653897599999,2337790.97609400,2335,754.53640000,1436797.95759000,0
1653897600000,1906.28000000,1909.61000000,1898.69000000,1906.71000000,690.23520000,1653901199999,1314991.81307600,1628,302.66950000,576710.97734300,0
1653901200000,1906.83000000,1908.79000000,1897.76000000,1902.69000000,1146.21000000,1653904799999,2181863.80337000,2442,649.34400000,1236177.83623000,0
1653904800000,1902.86000000,1907.13000000,1889.76000000,1891.75000000,897.30620000,1653908399999,1702134.59734100,2379,448.47460000,850861.71457500,0
1653908400000,1892.05000000,1906.77000000,1890.96000000,1901.35000000,530.81080000,1653911999999,1007543.27316900,1623,270.18050000,512761.45345700,0
1653912000000,1901.28000000,1913.05000000,1871.60000000,1887.00000000,1661.28020000,1653915599999,3139139.94708100,3815,734.95460000,1388131.61191800,0
1653915600000,1887.00000000,1892.25000000,1872.82000000,1891.14000000,2153.59220000,1653919199999,4054164.44911100,3891,679.65420000,1279040.57353700,0
1653919200000,1891.49000000,1921.38000000,1888.81000000,1895.19000000,1667.18400000,1653922799999,3176964.15494800,4003,834.77630000,1589663.92267400,0
1653922800000,1895.01000000,1914.15000000,1893.69000000,1910.98000000,1258.58490000,1653926399999,2398626.50996800,2835,756.12000000,1440913.58301300,0
1653926400000,1912.01000000,1933.54000000,1904.96000000,1917.77000000,1160.65630000,1653929999999,2225671.74036100,3090,575.32960000,1103399.56275200,0
1653930000000,1917.76000000,1933.46000000,1911.48000000,1926.67000000,1190.77720000,1653933599999,2292984.00536900,2495,719.95830000,1386435.00216800,0
1653933600000,1925.83000000,1926.27000000,1916.78000000,1919.97000000,469.94450000,1653937199999,903467.90328200,1255,232.14660000,446318.60456400,0
1653937200000,1919.57000000,1931.48000000,1908.95000000,1916.20000000,982.66130000,1653940799999,1888682.71880900,2000,560.19290000,1076317.87895800,0
1653940800000,1915.68000000,1957.78000000,1911.37000000,1952.21000000,2428.58910000,1653944399999,4711331.86912800,4975,1382.96540000,2683659.90441900,0
1653944400000,1953.09000000,1999.00000000,1947.35000000,1988.07000000,3204.24440000,1653947999999,6341068.38825200,6012,1988.70700000,3937763.11022400,0
1653948000000,1989.19000000,1999.03000000,1976.13000000,1997.92000000,1802.97990000,1653951599999,3587432.20852000,3607,966.03880000,1921869.40619000,0
1653951600000,1997.92000000,2011.91000000,1983.38000000,1997.24000000,2614.93970000,1653955199999,5226575.81510600,4632,1580.95560000,3160283.94827900,0
1653955200000,1997.50000000,2014.85000000,1978.35000000,1991.39000000,1646.79310000,1653958799999,3282704.48282300,3869,782.76980000,1560574.41610400,0
1653958800000,1991.34000000,1992.12000000,1973.30000000,1985.02000000,917.72210000,1653962399999,1821717.65617400,2287,451.63890000,896926.84272700,0
1653962400000,1985.13000000,1998.18000000,1980.22000000,1994.82000000,843.24610000,1653965999999,1679084.42745400,1851,459.51090000,915048.67971500,0
1653966000000,1995.17000000,2001.78000000,1984.93000000,1993.16000000,1124.34690000,1653969599999,2240970.78650500,2828,549.29810000,1094717.74385800,0
1653969600000,1992.35000000,1994.93000000,1981.61000000,1983.02000000,889.64040000,1653973199999,1769800.73337100,1890,460.73830000,916779.21887700,0
1653973200000,1983.56000000,1987.39000000,1976.54000000,1977.14000000,872.68550000,1653976799999,1729314.61549600,2231,493.18670000,977272.07256700,0
1653976800000,1976.52000000,1978.16000000,1957.29000000,1965.54000000,1298.99930000,1653980399999,2555937.87935600,3566,636.14260000,1251517.54886600,0
1653980400000,1966.05000000,1975.96000000,1963.62000000,1969.30000000,1036.55030000,1653983999999,2041419.67875400,2478,449.84360000,886252.86460000,0
1653984000000,1968.89000000,1983.84000000,1968.21000000,1970.01000000,1082.05060000,1653987599999,2134368.03446900,2471,477.74390000,942327.18507600,0
1653987600000,1970.01000000,1972.10000000,1955.59000000,1964.26000000,1049.57630000,1653991199999,2061523.88282100,2767,502.69960000,987681.19296500,0
1653991200000,1964.59000000,1974.49000000,1960.25000000,1971.71000000,935.69630000,1653994799999,1842899.35264900,2372,437.16850000,861088.44768300,0
1653994800000,1971.90000000,1984.87000000,1966.20000000,1977.36000000,1424.39600000,1653998399999,2816841.96524900,2739,557.33120000,1103005.83480300,0
1653998400000,1977.23000000,1979.00000000,1954.80000000,1962.24000000,2579.35350000,1654001999999,5071062.49838500,3286,1705.20010000,3352345.45440500,0
1654002000000,1962.49000000,1986.27000000,1934.46000000,1944.30000000,2152.00910000,1654005599999,4208311.28174800,5608,1094.56700000,2141675.64830600,0
1654005600000,1942.63000000,1966.06000000,1928.16000000,1960.24000000,1227.97000000,1654009199999,2392710.13567500,3641,658.64520000,1283733.01511100,0
1654009200000,1960.32000000,1993.69000000,1944.15000000,1987.04000000,2010.53180000,1654012799999,3953452.44239400,4193,1033.18850000,2029375.72379500,0
1654012800000,1986.48000000,1999.96000000,1959.70000000,1972.58000000,2876.70080000,1654016399999,5684631.12967700,5365,1318.41300000,2603321.37237700,0
1654016400000,1971.17000000,1977.34000000,1950.25000000,1967.00000000,1651.28680000,1654019999999,3237248.04618900,3247,693.88320000,1360288.70722800,0
1654020000000,1964.99000000,1968.98000000,1920.16000000,1932.44000000,1773.49790000,1654023599999,3445627.83823900,3411,1120.43770000,2174060.83607200,0
1654023600000,1932.88000000,1943.56000000,1926.76000000,1932.75000000,940.97390000,1654027199999,1820529.28697700,2318,451.06190000,872724.17993500,0
1654027200000,1932.93000000,1952.26000000,1932.82000000,1951.04000000,836.19270000,1654030799999,1622776.70818500,1752,519.28250000,1007629.80202300,0
1654030800000,1952.02000000,1952.63000000,1940.37000000,1944.59000000,499.48380000,1654034399999,973511.78636200,992,241.59560000,470832.65492300,0
1654034400000,1945.81000000,1958.34000000,1940.36000000,1955.58000000,933.40230000,1654037999999,1819358.62005800,2265,450.75550000,878551.89546800,0
1654038000000,1955.66000000,1956.87000000,1936.54000000,1940.31000000,777.05390000,1654041599999,1514564.00929400,2164,385.85790000,751930.27544700,0
1654041600000,1940.85000000,1957.82000000,1928.57000000,1952.48000000,1021.13580000,1654045199999,1985085.36985800,3005,530.44100000,1031422.63410000,0
1654045200000,1952.28000000,1953.31000000,1940.33000000,1947.12000000,557.55250000,1654048799999,1085132.28529000,1679,260.89740000,507779.49193800,0
1654048800000,1946.26000000,1946.44000000,1929.31000000,1939.07000000,923.78760000,1654052399999,1787986.67052800,2049,476.26550000,921947.00353300,0
1654052400000,1939.13000000,1939.45000000,1926.22000000,1928.44000000,713.18710000,1654055999999,1377064.65158100,1915,356.65580000,688570.89205100,0
1654056000000,1928.45000000,1935.19000000,1912.42000000,1932.87000000,918.15850000,1654059599999,1767671.28005300,2820,441.19330000,849375.59620900,0
1654059600000,1933.34000000,1936.27000000,1921.04000000,1932.07000000,436.65520000,1654063199999,842657.77071800,1456,199.99930000,386042.67795600,0
1654063200000,1932.08000000,1939.12000000,1929.93000000,1935.68000000,391.04070000,1654066799999,756531.26283600,1309,209.91480000,406134.93612200,0
1654066800000,1936.19000000,1943.99000000,1927.37000000,1929.31000000,513.69030000,1654070399999,993725.38169300,1621,237.84670000,460266.76398300,0
1654070400000,1929.41000000,1937.76000000,1922.68000000,1933.67000000,756.34570000,1654073999999,1462319.06371900,1954,411.68900000,796059.36259700,0
1654074000000,1933.86000000,1942.72000000,1931.19000000,1942.06000000,517.05100000,1654077599999,1001800.91123800,1413,273.22390000,529419.59853000,0
1654077600000,1942.07000000,1943.20000000,1927.28000000,1933.80000000,771.92400000,1654081199999,1494821.28000600,1875,277.66200000,537980.39032500,0
1654081200000,1933.81000000,1940.91000000,1925.39000000,1937.49000000,962.82760000,1654084799999,1861073.17259500,2196,448.94040000,867836.91566400,0
1654084800000,1937.49000000,1962.30000000,1929.81000000,1951.59000000,1135.73450000,1654088399999,2210086.95629600,2988,488.78610000,950835.22429400,0
1654088400000,1951.60000000,1971.57000000,1944.66000000,1962.20000000,1804.23800000,1654091999999,3533544.28615500,4743,894.07780000,1751007.13895400,0
1654092000000,1961.92000000,1966.21000000,1890.40000000,1908.64000000,2782.74250000,1654095599999,5344792.59667500,6567,1304.37830000,2505129.19256400,0
1654095600000,1907.94000000,1911.81000000,1876.86000000,1879.26000000,2420.17050000,1654099199999,4584616.27428300,5961,1049.41480000,1988960.78269200,0
1654099200000,1879.17000000,1879.17000000,1849.50000000,1855.50000000,2303.93020000,1654102799999,4285616.25641400,5915,1093.97170000,2034678.98932400,0
1654102800000,1855.40000000,1856.69000000,1825.69000000,1844.98000000,2289.72060000,1654106399999,4210167.59844400,4930,1209.09570000,2221264.14953100,0
1654106400000,1845.42000000,1853.08000000,1814.29000000,1817.23000000,2120.33410000,1654109999999,3899588.10478000,4945,993.04790000,1827261.57080400,0
1654110000000,1816.65000000,1827.55000000,1806.04000000,1819.58000000,1746.70150000,1654113599999,3174612.21313300,4451,805.15310000,1463788.79274700,0
1654113600000,1819.16000000,1822.21000000,1761.41000000,1791.10000000,4358.68730000,1654117199999,7801559.51517100,7400,2032.48600000,3641691.81986200,0
1654117200000,1791.59000000,1805.35000000,1789.33000000,1795.38000000,871.28010000,1654120799999,1567624.89955100,1980,417.84080000,751709.45710400,0
1654120800000,1797.79000000,1819.02000000,1792.41000000,1817.12000000,663.02160000,1654124399999,1197585.21059800,1776,409.43470000,739100.84066500,0
1654124400000,1816.39000000,1842.30000000,1813.59000000,1815.94000000,1732.76370000,1654127999999,3174195.31425800,3936,992.37860000,1818557.53843500,0
1654128000000,1816.28000000,1824.40000000,1803.45000000,1814.62000000,1351.54340000,1654131599999,2448964.19201700,3454,667.43460000,1209559.83035700,0
1654131600000,1814.49000000,1833.08000000,1810.70000000,1823.48000000,1127.29320000,1654135199999,2056431.79083200,2648,527.26670000,962517.18768900,0
1654135200000,1823.75000000,1833.52000000,1819.45000000,1829.12000000,1124.87530000,1654138799999,2055403.70749100,2781,628.91120000,1149065.38990100,0
1654138800000,1828.68000000,1831.64000000,1808.37000000,1813.23000000,1428.06480000,1654142399999,2596913.91981200,3536,632.23350000,1150027.19684400,0
1654142400000,1813.19000000,1816.82000000,1800.22000000,1815.01000000,1076.58870000,1654145999999,1948734.24635300,2641,604.82600000,1094916.42606000,0
1654146000000,1814.91000000,1823.18000000,1802.98000000,1819.77000000,1012.27800000,1654149599999,1835811.47984700,2604,599.86560000,1087601.76402300,0
1654149600000,1820.09000000,1823.87000000,1810.08000000,1822.75000000,902.75150000,1654153199999,1640396.31195400,2097,596.12130000,1083125.74618000,0
1654153200000,1822.98000000,1835.55000000,1817.64000000,1824.68000000,1424.68950000,1654156799999,2600836.06038900,3538,845.93430000,1544155.80158800,0
1654156800000,1824.92000000,1831.45000000,1820.33000000,1820.49000000,1259.40350000,1654160399999,2299539.22070700,3155,665.63550000,1215236.20337000,0
1654160400000,1820.51000000,1828.05000000,1811.36000000,1818.24000000,881.01150000,1654163999999,1603333.46482000,2369,509.21370000,926605.07651500,0
1654164000000,1818.19000000,1838.01000000,1812.23000000,1827.98000000,1625.13130000,1654167599999,2958538.28372300,3455,1100.80880000,2002986.99548500,0
1654167600000,1828.10000000,1842.40000000,1820.77000000,1837.94000000,1331.90500000,1654171199999,2439767.05518300,3206,797.32910000,1460569.92487800,0
1654171200000,1838.32000000,1839.58000000,1823.90000000,1826.96000000,1136.79380000,1654174799999,2081104.76294700,3057,645.10450000,1180875.88156100,0
1654174800000,1826.93000000,1828.85000000,1780.81000000,1798.49000000,5392.23800000,1654178399999,9704388.52643700,9587,1976.55020000,3554953.47753000,0
1654178400000,1797.76000000,1817.09000000,1783.18000000,1802.43000000,2115.84890000,1654181999999,3804067.64650600,5998,1103.96810000,1984524.04218900,0
1654182000000,1802.69000000,1828.86000000,1801.47000000,1815.09000000,1528.01560000,1654185599999,2777229.91371700,4398,758.34480000,1378180.89511900,0
1654185600000,1815.49000000,1832.70000000,1811.98000000,1825.48000000,1443.04280000,1654189199999,2627782.66964700,3834,630.23420000,1146884.74230500,0
1654189200000,1824.95000000,1830.91000000,1812.59000000,1815.94000000,1565.83900000,1654192799999,2851618.97703400,3396,514.07270000,936123.32128000,0
1654192800000,1816.59000000,1828.28000000,1799.63000000,1806.68000000,1444.48150000,1654196399999,2625489.44290600,3610,522.88560000,949656.67542200,0
1654196400000,1806.81000000,1820.98000000,1800.63000000,1820.66000000,1871.47840000,1654199999999,3385745.96787400,3667,519.85340000,940647.67370000,0
1654200000000,1820.64000000,1828.65000000,1817.63000000,1822.68000000,1099.27430000,1654203599999,2006073.31973300,2596,352.49350000,643193.91184200,0
1654203600000,1822.12000000,1829.98000000,1820.73000000,1826.72000000,352.00230000,1654207199999,642501.10270200,1068,163.22400000,297928.66996400,0
1654207200000,1826.91000000,1851.66000000,1823.28000000,1832.57000000,1182.84910000,1654210799999,2176865.05616900,3140,388.45730000,714894.11428000,0
1654210800000,1832.57000000,1843.47000000,1830.57000000,1832.64000000,554.12760000,1654214399999,1017464.95221300,1835,250.85640000,460571.73701900,0
1654214400000,1832.68000000,1834.24000000,1820.76000000,1824.24000000,749.18060000,1654217999999,1370217.86429500,2314,387.42070000,708599.54466400,0
1654218000000,1824.01000000,1842.18000000,1818.90000000,1838.63000000,1093.80680000,1654221599999,2002573.64016200,2617,530.70280000,972112.37022200,0
1654221600000,1838.92000000,1842.02000000,1829.34000000,1829.93000000,551.12640000,1654225199999,1010721.01294700,1736,274.37270000,503138.42645600,0
1654225200000,1830.03000000,1831.82000000,1825.19000000,1826.70000000,578.02390000,1654228799999,1056817.64346900,1870,279.55260000,511126.22689400,0
1654228800000,1826.37000000,1827.79000000,1814.70000000,1815.28000000,441.63890000,1654232399999,804349.54180100,1544,203.68810000,371025.74202700,0
1654232400000,1814.93000000,1827.66000000,1814.93000000,1823.41000000,801.77030000,1654235999999,1461138.50638900,1926,527.99150000,962460.11201900,0
1654236000000,1824.56000000,1825.73000000,1810.03000000,1810.85000000,642.97200000,1654239599999,1169849.34640700,1981,313.52110000,570429.89388000,0
1654239600000,1811.03000000,1818.50000000,1805.42000000,1812.67000000,759.76580000,1654243199999,1376771.62983900,2337,391.59130000,709624.80314900,0
1654243200000,1812.67000000,1820.12000000,1805.69000000,1809.11000000,703.63500000,1654246799999,1275334.74694000,2001,345.35630000,625812.93728000,0
1654246800000,1809.10000000,1812.59000000,1789.03000000,1796.07000000,1493.62490000,1654250399999,2685147.73637500,4294,774.86340000,1393259.45432400,0
1654250400000,1796.47000000,1799.26000000,1755.00000000,1760.72000000,4239.45490000,1654253999999,7532366.31247700,7079,1181.27180000,2095286.02885600,0
1654254000000,1761.32000000,1773.77000000,1751.44000000,1760.52000000,2216.29880000,1654257599999,3902470.39847200,5057,1302.53840000,2292682.91701100,0
1654257600000,1760.85000000,1778.15000000,1735.00000000,1744.35000000,2547.44420000,1654261199999,4484622.92985200,7749,1095.01540000,1929514.04925100,0
1654261200000,1744.74000000,1774.71000000,1739.52000000,1766.75000000,2977.43160000,1654264799999,5227236.02722000,8699,1664.05950000,2921793.36583600,0
1654264800000,1766.59000000,1772.87000000,1747.58000000,1765.92000000,2186.21640000,1654268399999,3845020.76378200,5459,1032.89190000,1818187.03871800,0
1654268400000,1765.35000000,1771.53000000,1753.76000000,1761.60000000,1041.07050000,1654271999999,1835337.36746400,2934,463.39860000,816963.21843600,0
1654272000000,1761.33000000,1765.21000000,1749.36000000,1760.38000000,936.05300000,1654275599999,1644086.36074300,2632,525.03520000,922110.40011700,0
1654275600000,1760.51000000,1766.34000000,1743.81000000,1750.08000000,1283.35870000,1654279199999,2250608.69152700,2966,766.27090000,1343229.81187000,0
1654279200000,1750.00000000,1753.07000000,1740.56000000,1748.09000000,829.72070000,1654282799999,1450097.94108700,2272,429.98760000,751406.10774500,0
1654282800000,1747.76000000,1753.52000000,1743.47000000,1748.92000000,938.04710000,1654286399999,1640750.63621900,2686,443.83900000,776395.40289800,0
1654286400000,1749.60000000,1763.51000000,1747.54000000,1757.79000000,771.04830000,1654289999999,1354434.00685300,2215,390.89760000,686628.82160000,0
1654290000000,1757.98000000,1793.20000000,1757.98000000,1787.16000000,537.16830000,1654293599999,953894.45435700,1847,239.90330000,425397.19232600,0
1654293600000,1787.42000000,1793.21000000,1777.62000000,1780.85000000,651.74940000,1654297199999,1162964.75903400,1963,336.60780000,600253.19703700,0
1654297200000,1781.16000000,1781.94000000,1768.35000000,1773.60000000,489.25120000,1654300799999,868177.43194600,1583,251.40180000,446084.51264600,0
1654300800000,1773.17000000,1777.73000000,1768.95000000,1772.73000000,487.68590000,1654304399999,865294.71491200,1551,243.17880000,431456.44733000,0
1654304400000,1773.36000000,1775.98000000,1756.69000000,1758.39000000,564.41460000,1654307999999,994717.80980700,2002,263.15470000,463726.90863400,0
1654308000000,1758.38000000,1760.92000000,1746.57000000,1752.95000000,1322.05790000,1654311599999,2314130.07728500,2397,823.45850000,1440494.05588500,0
1654311600000,1752.53000000,1756.79000000,1750.13000000,1750.96000000,633.25420000,1654315199999,1110621.27885000,1457,302.55110000,530440.68006800,0
1654315200000,1751.03000000,1768.73000000,1749.84000000,1766.62000000,625.86030000,1654318799999,1103243.53656300,1854,297.18280000,523921.36661300,0
1654318800000,1767.24000000,1768.28000000,1763.10000000,1767.02000000,331.60060000,1654322399999,585589.59929400,932,152.52070000,269328.72022700,0
1654322400000,1766.95000000,1773.20000000,1766.26000000,1768.97000000,513.12720000,1654325999999,908168.17903200,1343,279.31700000,494409.21296000,0
1654326000000,1768.87000000,1769.16000000,1762.96000000,1767.39000000,376.08380000,1654329599999,663940.37972700,1121,185.23640000,327022.41539400,0
1654329600000,1767.36000000,1776.50000000,1763.63000000,1773.38000000,559.03450000,1654333199999,989996.66274000,1758,317.11410000,561488.42714900,0
1654333200000,1773.49000000,1778.46000000,1768.47000000,1772.51000000,460.81750000,1654336799999,816675.87104500,1404,259.01470000,459006.39725900,0
1654336800000,1772.55000000,1779.08000000,1769.34000000,1772.14000000,759.69640000,1654340399999,1346972.82095900,1878,493.45500000,874965.67977600,0
1654340400000,1772.11000000,1773.17000000,1761.44000000,1766.73000000,666.69300000,1654343999999,1179331.07486200,1693,360.52530000,637812.24672400,0
1654344000000,1766.74000000,1770.83000000,1755.64000000,1757.83000000,1054.47660000,1654347599999,1857710.79267000,2328,644.69140000,1135696.12077600,0
1654347600000,1757.81000000,1766.65000000,1756.71000000,1764.91000000,656.43430000,1654351199999,1157023.04078600,1725,419.72010000,739754.66341800,0
1654351200000,1764.97000000,1787.31000000,1757.17000000,1775.61000000,1469.38380000,1654354799999,2606887.60836400,3783,865.44540000,1536326.93567400,0
1654354800000,1775.75000000,1781.34000000,1772.99000000,1777.33000000,741.21190000,1654358399999,1317363.92720500,1985,342.10240000,607955.34924400,0
1654358400000,1777.33000000,1778.35000000,1770.48000000,1771.60000000,713.39370000,1654361999999,1266289.72962700,1683,386.22610000,685642.89245200,0
1654362000000,1771.58000000,1776.30000000,1765.93000000,1774.18000000,542.97730000,1654365599999,961391.61966400,1700,257.07970000,455208.65431800,0
1654365600000,1774.15000000,1780.87000000,1774.14000000,1777.45000000,490.31260000,1654369199999,871879.89089500,1430,249.08140000,442933.40154800,0
1654369200000,1777.16000000,1778.79000000,1768.96000000,1771.00000000,607.45070000,1654372799999,1077287.86647500,1523,351.98040000,624209.55323700,0
1654372800000,1770.97000000,1776.62000000,1769.00000000,1775.75000000,508.32790000,1654376399999,901576.29988900,1142,340.15530000,603352.38409500,0
1654376400000,1776.17000000,1786.39000000,1774.34000000,1786.27000000,423.72960000,1654379999999,753750.55736500,1174,234.47570000,416856.97025900,0
1654380000000,1786.27000000,1814.11000000,1784.55000000,1797.43000000,1188.41810000,1654383599999,2142494.65935000,3343,462.53010000,833483.20906200,0
1654383600000,1797.54000000,1804.00000000,1793.52000000,1803.09000000,555.76620000,1654387199999,999171.77822300,1727,309.83400000,557054.19317200,0
1654387200000,1803.01000000,1809.80000000,1796.12000000,1796.63000000,557.38780000,1654390799999,1005229.82380100,1866,296.78190000,535277.88910500,0
1654390800000,1796.65000000,1797.51000000,1783.91000000,1784.50000000,615.40290000,1654394399999,1101954.99976700,1957,336.27070000,602155.93433200,0
1654394400000,1784.48000000,1793.83000000,1782.76000000,1792.06000000,421.69710000,1654397999999,754783.38635300,1415,216.78270000,387990.59740800,0
1654398000000,1792.09000000,1796.76000000,1789.18000000,1792.34000000,359.00100000,1654401599999,643377.29144500,1197,180.54580000,323566.40675800,0
1654401600000,1792.06000000,1792.77000000,1785.00000000,1789.00000000,451.48940000,1654405199999,807640.72540900,1310,218.83880000,391469.59147100,0
1654405200000,1788.99000000,1798.18000000,1788.86000000,1796.00000000,363.84870000,1654408799999,652992.97378000,1209,176.05390000,315936.59405800,0
1654408800000,1796.02000000,1796.34000000,1789.85000000,1789.85000000,344.94840000,1654412399999,618578.49089100,1161,159.26790000,285603.43737300,0
1654412400000,1789.70000000,1795.99000000,1784.28000000,1784.41000000,415.78610000,1654415999999,745093.18597200,1419,216.39710000,387836.59451600,0
1654416000000,1784.28000000,1794.06000000,1784.24000000,1787.38000000,460.49160000,1654419599999,824245.72981600,1435,238.79890000,427421.31316700,0
1654419600000,1787.21000000,1787.36000000,1771.81000000,1780.41000000,540.30310000,1654423199999,961557.13044500,1917,263.44030000,468881.01355400,0
1654423200000,1780.41000000,1785.67000000,1776.83000000,1779.47000000,461.41780000,1654426799999,822159.80284600,1476,222.10590000,395758.09531400,0
1654426800000,1779.44000000,1788.83000000,1774.55000000,1786.91000000,581.78950000,1654430399999,1036855.58774600,1508,313.64290000,559026.42055700,0
1654430400000,1786.62000000,1792.74000000,1783.25000000,1789.58000000,477.28620000,1654433999999,853194.04786800,1443,264.30150000,472492.01456900,0
1654434000000,1789.17000000,1792.52000000,1781.49000000,1782.56000000,933.37570000,1654437599999,1669111.08147000,1569,303.74490000,542796.20581800,0
1654437600000,1782.43000000,1797.10000000,1778.41000000,1794.61000000,633.75900000,1654441199999,1134210.03823400,2003,313.01050000,560127.31162200,0
1654441200000,1794.17000000,1811.08000000,1792.45000000,1809.67000000,1043.00010000,1654444799999,1878034.45477500,3077,533.86830000,961400.06604500,0
1654444800000,1810.17000000,1823.72000000,1794.26000000,1799.03000000,1241.45150000,1654448399999,2242517.67410300,3833,604.17720000,1091377.57477000,0
1654448400000,1799.15000000,1827.68000000,1796.95000000,1822.76000000,1349.21270000,1654451999999,2447486.95197100,3970,739.49370000,1340854.46914500,0
1654452000000,1823.06000000,1828.58000000,1813.97000000,1814.45000000,826.44240000,1654455599999,1504492.04452500,2259,466.38110000,849071.09729900,0
1654455600000,1814.59000000,1823.52000000,1812.87000000,1819.55000000,708.70190000,1654459199999,1286776.93616900,1742,426.84990000,774952.09202800,0
1654459200000,1819.60000000,1825.62000000,1808.72000000,1809.09000000,814.54940000,1654462799999,1482560.05265800,1873,468.87870000,853499.95597800,0
1654462800000,1808.90000000,1813.42000000,1802.13000000,1811.62000000,396.21100000,1654466399999,715705.68363000,1396,210.78410000,380763.62846600,0
1654466400000,1811.63000000,1819.77000000,1799.43000000,1813.93000000,565.40020000,1654469999999,1023724.75055900,1659,276.56590000,500943.37332700,0
1654470000000,1813.82000000,1817.18000000,1800.91000000,1804.57000000,473.75420000,1654473599999,856311.43182200,1573,210.99800000,381384.05134500,0
1654473600000,1804.60000000,1842.20000000,1802.05000000,1834.48000000,1644.60940000,1654477199999,3003047.58306200,3650,1087.56370000,1988521.13696600,0
1654477200000,1834.50000000,1870.55000000,1834.50000000,1862.41000000,1822.51700000,1654480799999,3371263.80346300,5254,920.93300000,1703496.51703600,0
1654480800000,1862.94000000,1869.75000000,1855.15000000,1865.54000000,1320.34120000,1654484399999,2459129.72716600,3399,772.20730000,1438129.46661200,0
1654484400000,1865.84000000,1882.85000000,1865.84000000,1876.91000000,2616.88830000,1654487999999,4905364.48374300,4082,990.85100000,1855812.86734000,0
1654488000000,1876.94000000,1882.46000000,1873.52000000,1878.78000000,1298.08060000,1654491599999,2438702.23253200,2504,858.36750000,1612705.50828000,0
1654491600000,1878.80000000,1886.20000000,1865.31000000,1868.85000000,886.22070000,1654495199999,1662155.15389700,2276,486.65350000,912870.07060500,0
1654495200000,1869.16000000,1892.59000000,1865.73000000,1884.48000000,1554.85070000,1654498799999,2914722.13139800,3383,1061.32880000,1989276.47109700,0
1654498800000,1884.49000000,1894.63000000,1883.15000000,1892.25000000,970.37860000,1654502399999,1832768.56641400,2805,625.17930000,1180820.27939500,0
1654502400000,1892.42000000,1904.08000000,1888.55000000,1903.26000000,1336.93930000,1654505999999,2536512.58315700,3727,705.97870000,1339998.19941500,0
1654506000000,1903.64000000,1911.47000000,1896.72000000,1909.86000000,691.41470000,1654509599999,1315940.14491500,2168,339.89030000,646881.49999800,0
1654509600000,1909.75000000,1913.62000000,1901.76000000,1906.91000000,668.35740000,1654513199999,1275142.14561900,2058,409.50520000,781367.10898600,0
1654513200000,1906.86000000,1913.82000000,1902.07000000,1907.81000000,1357.26960000,1654516799999,2588286.32120300,3558,671.55660000,1281013.33767400,0
1654516800000,1908.23000000,1918.66000000,1903.73000000,1908.82000000,1593.73320000,1654520399999,3046381.78002100,3813,498.90690000,953450.59971600,0
1654520400000,1908.46000000,1915.26000000,1891.09000000,1902.98000000,2601.70810000,1654523999999,4954923.54670200,5064,1678.52990000,3196970.99726400,0
1654524000000,1903.30000000,1914.89000000,1887.57000000,1892.55000000,1456.23740000,1654527599999,2773714.10666700,4148,818.11060000,1558344.39752700,0
1654527600000,1892.91000000,1894.87000000,1864.19000000,1885.49000000,2015.49300000,1654531199999,3785457.80112500,4925,993.22890000,1866805.64199500,0
1654531200000,1885.23000000,1887.30000000,1848.34000000,1856.98000000,1632.61970000,1654534799999,3042113.18923800,4773,873.90190000,1629247.45867500,0
1654534800000,1857.07000000,1858.34000000,1842.42000000,1854.95000000,1236.57170000,1654538399999,2289003.03994800,3573,666.05050000,1232936.65809600,0
1654538400000,1855.15000000,1866.28000000,1848.30000000,1859.80000000,844.93350000,1654541999999,1569148.65404300,2835,409.31580000,760199.92577400,0
1654542000000,1859.75000000,1865.08000000,1852.67000000,1862.30000000,890.55260000,1654545599999,1655592.23832500,2411,470.82050000,875213.51271500,0
1654545600000,1862.35000000,1864.88000000,1845.28000000,1860.25000000,1353.74020000,1654549199999,2513844.27449600,2866,658.23190000,1222718.48183100,0
1654549200000,1859.64000000,1875.00000000,1859.64000000,1872.00000000,367.05690000,1654552799999,684854.67197300,1293,191.38860000,357078.23453400,0
1654552800000,1871.65000000,1874.10000000,1850.16000000,1853.63000000,417.60620000,1654556399999,776978.53031100,1486,213.65210000,397686.48867900,0
1654556400000,1853.68000000,1860.39000000,1851.70000000,1858.36000000,521.93350000,1654559999999,969012.47464800,1648,238.97710000,443637.97559200,0
1654560000000,1858.14000000,1859.93000000,1750.07000000,1757.14000000,3769.21540000,1654563599999,6759390.46071600,9677,1769.57830000,3171979.12312100,0
1654563600000,1756.27000000,1770.92000000,1725.00000000,1740.77000000,3713.13980000,1654567199999,6472455.69753800,5830,993.71320000,1739003.50543100,0
1654567200000,1740.79000000,1741.97000000,1724.16000000,1739.47000000,1678.67410000,1654570799999,2908139.50336600,4247,879.12900000,1522816.09468300,0
1654570800000,1739.18000000,1760.04000000,1735.73000000,1755.38000000,1131.69750000,1654574399999,1981655.97844600,2953,605.50980000,1060033.68651900,0
1654574400000,1755.38000000,1758.17000000,1746.56000000,1752.96000000,1064.50580000,1654577999999,1864876.98776600,2787,479.61080000,840263.78290600,0
1654578000000,1752.71000000,1763.97000000,1748.33000000,1753.34000000,990.73970000,1654581599999,1736600.94545800,2449,483.95350000,848378.48778400,0
1654581600000,1753.04000000,1758.42000000,1749.92000000,1754.02000000,558.98270000,1654585199999,980202.27061400,1576,282.54090000,495450.96562200,0
1654585200000,1755.61000000,1763.31000000,1752.62000000,1761.85000000,1059.92840000,1654588799999,1864656.16589600,2257,520.88290000,916425.74826500,0
1654588800000,1761.68000000,1775.96000000,1758.69000000,1769.16000000,849.74450000,1654592399999,1501852.93291700,2219,382.76180000,676474.79613400,0
1654592400000,1769.17000000,1770.47000000,1762.02000000,1762.32000000,743.37770000,1654595999999,1311651.50045700,1910,386.60190000,682143.02787900,0
1654596000000,1762.29000000,1770.43000000,1760.01000000,1765.60000000,1091.77610000,1654599599999,1926907.45506000,2353,621.43280000,1096566.35016700,0
1654599600000,1765.38000000,1767.25000000,1746.18000000,1752.33000000,1083.18070000,1654603199999,1899038.04401000,2901,486.97170000,853757.84190300,0
1654603200000,1752.38000000,1756.19000000,1734.89000000,1749.91000000,1081.02060000,1654606799999,1889549.05984400,2985,509.72190000,890661.09551100,0
1654606800000,1749.34000000,1774.73000000,1745.42000000,1760.64000000,800.01760000,1654610399999,1406707.90121200,2570,399.63440000,702922.41359600,0
1654610400000,1760.17000000,1792.83000000,1756.09000000,1782.56000000,1206.59410000,1654613999999,2141733.64264400,3399,587.27770000,1042428.93429100,0
1654614000000,1783.42000000,1788.02000000,1772.44000000,1779.88000000,798.41930000,1654617599999,1420885.29871200,2430,332.78570000,592126.34664500,0
1654617600000,1780.07000000,1784.20000000,1767.37000000,1782.61000000,787.95690000,1654621199999,1400397.28182900,2236,296.78580000,527193.57527900,0
1654621200000,1781.76000000,1790.53000000,1776.63000000,1781.13000000,556.09610000,1654624799999,991145.83698100,1650,273.07010000,486668.29531200,0
1654624800000,1781.43000000,1811.09000000,1778.15000000,1806.11000000,2076.60550000,1654628399999,3737388.48096200,3143,593.81380000,1068637.32245500,0
1654628400000,1806.24000000,1873.66000000,1805.62000000,1845.60000000,4841.98490000,1654631999999,8918204.88668500,6320,1361.81820000,2512592.89843200,0
1654632000000,1845.30000000,1867.87000000,1833.00000000,1844.21000000,3361.83500000,1654635599999,6205808.35652100,5119,1727.70280000,3185618.09278000,0
1654635600000,1844.21000000,1846.69000000,1830.12000000,1839.39000000,545.54430000,1654639199999,1004400.72541600,1629,268.77660000,495329.33533800,0
1654639200000,1839.77000000,1845.35000000,1751.58000000,1807.08000000,2197.97700000,1654642799999,3968549.42619600,4851,1093.86890000,1971309.49494800,0
1654642800000,1808.09000000,1831.83000000,1780.90000000,1811.92000000,1494.08640000,1654646399999,2698838.04337200,3949,870.08690000,1572061.74567300,0
1654646400000,1812.20000000,1826.93000000,1810.06000000,1813.15000000,1144.01970000,1654649999999,2080985.05882000,2353,630.58540000,1147444.52088600,0
1654650000000,1813.11000000,1826.75000000,1787.28000000,1819.71000000,954.88480000,1654653599999,1728582.37790900,2901,464.37050000,840194.04331400,0
1654653600000,1819.59000000,1834.59000000,1817.78000000,1823.39000000,608.84060000,1654657199999,1112424.18282900,1936,315.91330000,577177.67971300,0
1654657200000,1823.27000000,1826.88000000,1764.27000000,1778.27000000,2356.77570000,1654660799999,4206769.17557600,5777,978.60340000,1747363.21266400,0
1654660800000,1777.94000000,1794.62000000,1770.37000000,1786.87000000,1354.60580000,1654664399999,2415099.32137700,3303,716.04190000,1276502.47934800,0
1654664400000,1787.03000000,1816.22000000,1784.29000000,1809.81000000,818.28060000,1654667999999,1471875.73272700,2178,450.40160000,809967.13528000,0
1654668000000,1810.20000000,1816.62000000,1794.64000000,1804.66000000,666.39720000,1654671599999,1201811.61567700,2043,338.49660000,610372.46771900,0
1654671600000,1804.57000000,1813.51000000,1788.91000000,1804.98000000,854.35590000,1654675199999,1538764.15199200,2332,483.09240000,869699.93863100,0
1654675200000,1805.57000000,1809.60000000,1794.92000000,1805.51000000,552.09670000,1654678799999,996382.22052100,1456,330.03230000,595788.25260000,0
1654678800000,1806.83000000,1815.67000000,1796.64000000,1815.67000000,739.98690000,1654682399999,1335085.67927800,2181,382.75340000,690629.65667000,0
1654682400000,1815.53000000,1815.53000000,1802.23000000,1804.58000000,480.25430000,1654685999999,868212.13016000,1503,231.47660000,418421.41816100,0
1654686000000,1804.88000000,1812.35000000,1801.07000000,1807.81000000,503.87300000,1654689599999,911236.05719900,1677,269.74870000,487905.09151600,0
1654689600000,1807.74000000,1808.68000000,1783.42000000,1791.81000000,994.89110000,1654693199999,1786086.82758200,3177,525.30180000,943029.99044400,0
1654693200000,1791.16000000,1838.00000000,1787.88000000,1822.12000000,3013.34130000,1654696799999,5499997.07782700,4946,1093.08350000,1986317.40169700,0
1654696800000,1822.70000000,1826.07000000,1789.61000000,1799.12000000,3020.14490000,1654700399999,5443084.81810400,4201,2219.87480000,3997657.11270500,0
1654700400000,1799.08000000,1820.50000000,1797.56000000,1814.23000000,2734.11130000,1654703999999,4967515.19755400,3319,656.76790000,1191075.48102800,0
1654704000000,1814.05000000,1820.79000000,1786.96000000,1795.38000000,2209.08050000,1654707599999,3977363.85061300,3601,1505.24710000,2708931.50876700,0
1654707600000,1795.43000000,1803.04000000,1791.57000000,1800.84000000,514.19740000,1654711199999,924768.00975200,1623,296.51350000,533273.36108600,0
1654711200000,1800.84000000,1805.20000000,1770.61000000,1791.48000000,1581.17960000,1654714799999,2821870.65950900,3699,742.66440000,1326442.52422900,0
1654714800000,1790.68000000,1800.19000000,1781.72000000,1788.24000000,654.34270000,1654718399999,1172279.89265200,2329,326.63300000,585301.86408700,0
1654718400000,1789.06000000,1804.95000000,1787.16000000,1795.83000000,675.41210000,1654721999999,1212722.88716700,1460,353.31320000,634153.21604200,0
1654722000000,1795.26000000,1812.40000000,1795.02000000,1808.30000000,274.52460000,1654725599999,494351.62132800,866,136.55290000,245835.87199400,0
1654725600000,1807.98000000,1810.42000000,1796.34000000,1798.67000000,658.65840000,1654729199999,1186989.10829200,1519,212.32560000,382735.65914500,0
1654729200000,1798.69000000,1802.74000000,1788.71000000,1790.32000000,516.24410000,1654732799999,927206.26361800,1536,211.53970000,379913.18949500,0
1654732800000,1790.31000000,1795.46000000,1775.71000000,1789.90000000,1262.27890000,1654736399999,2254395.95343000,2876,797.08600000,1424103.68624300,0
1654736400000,1790.71000000,1797.97000000,1780.83000000,1781.09000000,385.55350000,1654739999999,690988.76695500,1287,190.18350000,340791.19389300,0
1654740000000,1781.01000000,1794.70000000,1778.05000000,1793.18000000,374.29540000,1654743599999,668733.44959300,1181,168.46990000,301107.99099500,0
1654743600000,1793.15000000,1800.60000000,1791.21000000,1797.74000000,384.39090000,1654747199999,690641.10320300,1052,133.17530000,239277.47167500,0
1654747200000,1797.78000000,1799.36000000,1792.43000000,1797.20000000,495.21990000,1654750799999,890007.81818100,1013,109.70090000,197019.81397700,0
1654750800000,1796.66000000,1806.61000000,1793.91000000,1798.10000000,370.72680000,1654754399999,667581.11193800,1263,182.34810000,328287.56239400,0
1654754400000,1798.23000000,1800.03000000,1793.76000000,1797.31000000,290.87200000,1654757999999,522972.78405600,770,137.62600000,247397.99708800,0
1654758000000,1798.33000000,1810.61000000,1796.58000000,1810.61000000,290.11130000,1654761599999,522785.22581200,1145,153.63520000,276850.30643800,0
1654761600000,1810.43000000,1817.91000000,1804.28000000,1814.52000000,613.44390000,1654765199999,1110704.86952900,2013,315.55630000,571342.29643200,0
1654765200000,1814.64000000,1831.51000000,1813.07000000,1818.99000000,1591.21070000,1654768799999,2901272.55548600,3609,881.25970000,1606885.66596900,0
1654768800000,1818.40000000,1820.78000000,1807.51000000,1809.76000000,1163.87520000,1654772399999,2112862.16257100,2815,452.56370000,821833.58959200,0
1654772400000,1809.55000000,1813.44000000,1801.51000000,1803.76000000,1248.89590000,1654775999999,2258834.23430500,2632,875.72460000,1583908.49586800,0
1654776000000,1803.25000000,1810.19000000,1789.91000000,1792.40000000,2233.98550000,1654779599999,4020607.67753600,4332,1296.50440000,2331844.30954700,0
1654779600000,1792.40000000,1803.90000000,1777.15000000,1794.88000000,1770.24750000,1654783199999,3169501.21531100,4039,861.19780000,1544433.03268300,0
1654783200000,1794.39000000,1800.67000000,1784.21000000,1789.24000000,873.13910000,1654786799999,1565337.42444200,2923,459.77690000,824249.06304200,0
1654786800000,1788.84000000,1800.69000000,1784.08000000,1798.07000000,679.76250000,1654790399999,1218602.61148700,2427,364.23170000,652999.70353200,0
1654790400000,1798.66000000,1810.60000000,1790.09000000,1810.34000000,1067.43750000,1654793999999,1918794.11564600,2762,655.31470000,1177580.61978800,0
1654794000000,1810.60000000,1816.97000000,1797.56000000,1803.64000000,864.35190000,1654797599999,1560052.57932000,2801,372.85160000,673293.87969600,0
1654797600000,1804.35000000,1805.96000000,1789.73000000,1791.33000000,721.99850000,1654801199999,1296397.59820900,2263,421.54340000,756657.13225100,0
1654801200000,1790.30000000,1791.31000000,1780.68000000,1782.19000000,624.50010000,1654804799999,1115988.60981100,2189,343.31900000,613502.05480900,0
1654804800000,1781.60000000,1795.68000000,1779.71000000,1793.66000000,637.87880000,1654808399999,1140982.95900000,2178,296.74100000,530744.98367200,0
1654808400000,1793.37000000,1798.18000000,1792.04000000,1793.26000000,274.32050000,1654811999999,492297.27736200,1021,136.21820000,244434.37907700,0
1654812000000,1792.93000000,1795.26000000,1782.95000000,1786.62000000,230.34330000,1654815599999,411879.40960000,919,114.71130000,205091.84579500,0
1654815600000,1787.04000000,1789.49000000,1780.03000000,1787.34000000,449.61260000,1654819199999,803011.83948800,1672,194.68370000,347683.42452900,0
1654819200000,1787.34000000,1792.73000000,1744.00000000,1773.11000000,2204.65910000,1654822799999,3893307.77415700,5673,889.10130000,1572026.26774100,0
1654822800000,1773.05000000,1783.69000000,1767.63000000,1774.81000000,820.88500000,1654826399999,1457664.26211200,2692,411.33780000,730412.36188700,0
1654826400000,1774.51000000,1787.12000000,1773.83000000,1785.52000000,793.96290000,1654829999999,1415684.00017700,2213,344.89040000,615060.26626200,0
1654830000000,1785.54000000,1802.89000000,1785.45000000,1790.92000000,1117.15390000,1654833599999,2006469.73906700,3191,593.48350000,1065982.99651200,0
1654833600000,1791.20000000,1793.48000000,1786.36000000,1791.94000000,501.02490000,1654837199999,896908.52742400,1567,247.05560000,442295.81491100,0
1654837200000,1792.02000000,1798.99000000,1789.89000000,1790.37000000,498.74620000,1654840799999,894843.42473300,1585,260.53660000,467495.89110700,0
1654840800000,1790.79000000,1798.20000000,1787.29000000,1787.29000000,567.29450000,1654844399999,1016385.02165200,1924,281.10650000,503681.44151600,0
1654844400000,1788.26000000,1793.51000000,1785.63000000,1787.08000000,564.10510000,1654847999999,1009076.39529800,1793,282.43560000,505232.79283400,0
1654848000000,1787.04000000,1793.46000000,1783.43000000,1784.08000000,691.20390000,1654851599999,1235867.44473900,2119,324.88290000,580904.71393100,0
1654851600000,1784.03000000,1786.29000000,1763.63000000,1766.63000000,1140.80960000,1654855199999,2025536.06663300,3161,534.81140000,949119.88663300,0
1654855200000,1766.09000000,1770.91000000,1762.03000000,1769.48000000,697.54320000,1654858799999,1232916.95395500,2100,331.73300000,586338.32384100,0
1654858800000,1769.58000000,1776.95000000,1766.60000000,1770.57000000,587.44360000,1654862399999,1040737.68850400,1964,315.00910000,558099.61347500,0
1654862400000,1770.58000000,1780.10000000,1719.89000000,1727.90000000,3838.59660000,1654865999999,6702212.56536400,7679,2252.11120000,3929948.37233900,0
1654866000000,1727.02000000,1747.57000000,1706.26000000,1727.20000000,4192.63200000,1654869599999,7235487.66301300,5897,3042.78000000,5255713.04544700,0
1654869600000,1727.09000000,1748.02000000,1716.83000000,1737.14000000,2288.70560000,1654873199999,3966834.95246500,4364,972.09730000,1685593.87450900,0
1654873200000,1737.10000000,1740.04000000,1721.56000000,1726.03000000,1331.90280000,1654876799999,2302656.67097400,3716,689.44310000,1191997.71155200,0
1654876800000,1725.32000000,1729.55000000,1659.07000000,1681.06000000,4316.86530000,1654880399999,7279839.00767300,8630,1915.43840000,3230979.33232400,0
1654880400000,1680.57000000,1693.10000000,1673.66000000,1681.97000000,2016.41690000,1654883999999,3392414.73350600,4618,964.47240000,1622514.76544100,0
1654884000000,1681.49000000,1686.45000000,1671.84000000,1677.72000000,1467.18770000,1654887599999,2463827.81276800,3347,754.17930000,1266311.95982700,0
1654887600000,1677.71000000,1681.56000000,1664.50000000,1667.17000000,1380.92390000,1654891199999,2309027.83227200,3570,667.85930000,1116959.16958200,0
1654891200000,1667.39000000,1684.11000000,1665.61000000,1677.05000000,1137.74240000,1654894799999,1910421.31064800,2648,631.28830000,1059951.67373300,0
1654894800000,1676.99000000,1681.31000000,1670.69000000,1676.65000000,1414.13150000,1654898399999,2369129.21008400,1568,1206.30420000,2020864.77072600,0
1654898400000,1676.48000000,1683.89000000,1671.03000000,1673.81000000,515.13520000,1654901999999,863703.66234000,1182,271.37360000,454863.56389400,0
1654902000000,1673.63000000,1675.28000000,1654.00000000,1660.81000000,1720.01190000,1654905599999,2860069.92224200,3321,665.48500000,1107127.93119100,0
1654905600000,1661.21000000,1680.22000000,1656.56000000,1677.58000000,1233.11560000,1654909199999,2062291.28166800,2805,743.86430000,1244388.76555500,0
1654909200000,1677.55000000,1679.54000000,1673.28000000,1674.17000000,704.25380000,1654912799999,1180261.02405200,1860,351.36340000,588816.68698700,0
1654912800000,1674.14000000,1675.49000000,1665.35000000,1671.83000000,842.91960000,1654916399999,1407394.71004900,2353,380.33790000,635004.45684000,0
1654916400000,1672.66000000,1674.57000000,1667.44000000,1667.82000000,535.83630000,1654919999999,895020.11796000,1540,302.35720000,505071.05566400,0
1654920000000,1667.82000000,1677.54000000,1666.71000000,1675.94000000,576.03350000,1654923599999,963588.48223700,1728,314.24310000,525692.57808800,0
1654923600000,1675.71000000,1678.45000000,1662.74000000,1666.93000000,1814.15880000,1654927199999,3032316.29364900,2918,403.72480000,674516.59344400,0
1654927200000,1667.30000000,1669.71000000,1661.50000000,1663.95000000,838.74240000,1654930799999,1396586.09361200,2138,376.23660000,626580.13049400,0
1654930800000,1663.99000000,1668.38000000,1661.50000000,1665.80000000,785.78590000,1654934399999,1308724.50798900,2086,383.52160000,638797.72983100,0
1654934400000,1665.70000000,1668.39000000,1572.15000000,1578.65000000,5560.63511000,1654937999999,9025855.65958100,9171,1767.36627000,2874432.55425200,0
1654938000000,1577.60000000,1612.54000000,1544.00000000,1595.29000000,6312.81083000,1654941599999,10016682.49943000,12121,2480.15320000,3938175.35847400,0
1654941600000,1595.08000000,1604.41000000,1580.26000000,1585.21000000,4672.07550000,1654945199999,7426633.30841700,6953,1243.17160000,1978208.64300900,0
1654945200000,1585.19000000,1586.72000000,1566.27000000,1574.28000000,2900.83610000,1654948799999,4569448.71184200,6856,1211.17690000,1908228.67171500,0
1654948800000,1574.13000000,1589.47000000,1550.00000000,1551.17000000,4298.32890000,1654952399999,6753442.81753300,7210,2663.46070000,4186885.57277000,0
1654952400000,1550.43000000,1579.04000000,1546.95000000,1570.62000000,4376.87210000,1654955999999,6845156.16208200,6656,2905.98080000,4546643.53610300,0
1654956000000,1570.46000000,1570.46000000,1514.00000000,1525.31000000,4655.10961000,1654959599999,7179810.07296400,8438,1809.60130000,2800313.53857300,0
1654959600000,1524.48000000,1532.46000000,1500.00000000,1515.48000000,8623.79541000,1654963199999,13034820.30131000,12403,4179.61210000,6325312.79624600,0
1654963200000,1515.91000000,1544.11000000,1505.07000000,1534.62000000,5603.70670000,1654966799999,8532922.18869400,7558,2171.13310000,3306674.51437800,0
1654966800000,1534.28000000,1543.42000000,1526.65000000,1532.33000000,1775.80300000,1654970399999,2725294.52519900,4001,940.52150000,1443086.91662800,0
1654970400000,1532.30000000,1576.46000000,1528.87000000,1549.18000000,1815.59340000,1654973999999,2803981.65086300,4387,914.96320000,1413556.62584700,0
1654974000000,1549.65000000,1562.53000000,1543.70000000,1544.92000000,1445.97020000,1654977599999,2241824.54164800,3170,537.04400000,832741.49884900,0
1654977600000,1544.76000000,1548.77000000,1516.55000000,1521.39000000,1953.99390000,1654981199999,3000377.74969500,3804,861.44990000,1321876.14305300,0
1654981200000,1521.12000000,1541.89000000,1519.22000000,1537.69000000,1264.30040000,1654984799999,1936660.45737100,2454,460.70230000,704852.27987500,0
1654984800000,1537.20000000,1551.02000000,1536.87000000,1546.06000000,2786.60130000,1654988399999,4297876.34806800,2732,1824.98000000,2812470.47537000,0
1654988400000,1546.44000000,1546.90000000,1521.54000000,1530.81000000,1633.37460000,1654991999999,2502477.75780100,3867,738.23860000,1130652.10550600,0
1654992000000,1531.25000000,1594.98000000,1525.54000000,1535.77000000,2866.46640000,1654995599999,4434753.47458000,4357,1520.79820000,2368007.66024200,0
1654995600000,1535.80000000,1537.14000000,1505.84000000,1511.91000000,1847.49490000,1654999199999,2807873.55624500,4256,749.67500000,1138430.74129300,0
1654999200000,1511.82000000,1519.15000000,1445.00000000,1451.23000000,8048.37200000,1655002799999,11878802.01059000,9300,2800.06230000,4115172.71412700,0
1655002800000,1450.95000000,1475.00000000,1446.68000000,1465.16000000,2673.12190000,1655006399999,3910476.66312200,5674,1259.34800000,1842444.12051900,0
1655006400000,1464.78000000,1478.11000000,1450.75000000,1451.19000000,2356.67950000,1655009999999,3449504.20001400,4975,1018.41070000,1490331.44020300,0
1655010000000,1450.90000000,1453.97000000,1422.88000000,1429.06000000,5272.09469000,1655013599999,7577904.40520470,9656,2417.98600000,3476238.85617170,0
1655013600000,1429.07000000,1466.25000000,1426.84000000,1456.46000000,2852.06500000,1655017199999,4138122.42479300,6445,1475.82820000,2140767.47799000,0
1655017200000,1456.49000000,1470.99000000,1446.88000000,1469.38000000,2641.22310000,1655020799999,3846846.97575600,4893,934.87400000,1361213.72674500,0
1655020800000,1469.41000000,1484.98000000,1461.63000000,1468.60000000,2126.26440000,1655024399999,3129414.91462700,5156,1102.80390000,1622706.46481700,0
1655024400000,1468.67000000,1477.40000000,1461.55000000,1462.00000000,1710.40140000,1655027999999,2512267.41014500,4516,758.26630000,1113535.87350700,0
1655028000000,1462.06000000,1474.99000000,1456.00000000,1458.81000000,2012.74540000,1655031599999,2947516.51506200,4896,1039.03570000,1521597.73235000,0
1655031600000,1458.54000000,1472.44000000,1451.30000000,1467.08000000,2030.73660000,1655035199999,2962370.31225700,4644,1088.50290000,1587339.16961300,0
1655035200000,1467.18000000,1474.29000000,1460.30000000,1461.24000000,1425.73240000,1655038799999,2091411.99236400,3782,659.60270000,967673.18508100,0
1655038800000,1461.33000000,1466.00000000,1437.04000000,1445.75000000,2476.86060000,1655042399999,3599788.89097700,5673,1215.62980000,1766169.93848400,0
1655042400000,1445.76000000,1529.72000000,1426.80000000,1507.67000000,6814.20070000,1655045999999,10052041.97016400,12461,2965.89520000,4366815.25212800,0
1655046000000,1509.10000000,1545.26000000,1502.56000000,1523.84000000,2807.78120000,1655049599999,4279540.11873000,5841,1431.09630000,2180942.96090400,0
1655049600000,1523.60000000,1530.18000000,1495.01000000,1504.40000000,2242.90600000,1655053199999,3399263.93739400,4358,1141.22620000,1729719.37820200,0
1655053200000,1504.85000000,1525.60000000,1504.45000000,1519.57000000,1302.92060000,1655056799999,1976270.87513800,2770,770.49830000,1168455.29286600,0
1655056800000,1520.02000000,1521.10000000,1508.18000000,1510.45000000,1518.20590000,1655060399999,2298720.12292900,3140,803.98880000,1217386.46394800,0
1655060400000,1510.93000000,1515.05000000,1473.00000000,1477.93000000,2462.15320000,1655063999999,3665284.88011600,4611,1176.53890000,1750633.16569100,0
1655064000000,1477.68000000,1486.75000000,1475.18000000,1475.68000000,1782.00600000,1655067599999,2638897.98941500,2893,1150.31460000,1703999.95000700,0
1655067600000,1475.63000000,1485.04000000,1470.63000000,1473.25000000,703.85880000,1655071199999,1040077.65114100,1571,390.15910000,576517.02642200,0
1655071200000,1472.49000000,1474.16000000,1451.16000000,1454.90000000,1647.05370000,1655074799999,2409662.63779800,3306,854.60760000,1250535.91299500,0
1655074800000,1454.13000000,1465.25000000,1430.00000000,1433.15000000,1664.20100000,1655078399999,2415817.75963000,3620,762.37170000,1106822.27055500,0
1655078400000,1432.64000000,1452.97000000,1383.50000000,1385.14000000,6379.86769000,1655081999999,9056067.71441900,11424,2464.44430000,3505259.44169300,0
1655082000000,1385.40000000,1397.76000000,1341.06000000,1362.43000000,10804.90360000,1655085599999,14735756.25158300,19990,4930.92380000,6722113.08125500,0
1655085600000,1362.96000000,1365.79000000,1336.31000000,1337.66000000,6254.79800000,1655089199999,8448281.06418700,12704,2951.87740000,3987398.90236600,0
1655089200000,1337.99000000,1373.80000000,1303.53000000,1350.31000000,9443.96700000,1655092799999,12622898.01625400,17406,4097.37080000,5485499.87149300,0
1655092800000,1348.58000000,1385.34000000,1341.16000000,1347.66000000,4810.96490000,1655096399999,6569709.84974000,8540,2223.22460000,3037217.13201000,0
1655096400000,1347.57000000,1366.69000000,1317.39000000,1321.29000000,4001.46830000,1655099999999,5372600.97178900,6609,2000.83200000,2685001.35585600,0
1655100000000,1321.44000000,1347.97000000,1297.30000000,1322.33000000,5814.33240000,1655103599999,7671363.70343400,8843,2700.73330000,3566457.04238900,0
1655103600000,1321.57000000,1337.45000000,1262.00000000,1281.36000000,6487.39678000,1655107199999,8417665.11918900,10173,2837.10630000,3683051.44461400,0
1655107200000,1281.92000000,1286.89000000,1200.95000000,1204.39000000,16393.84827000,1655110799999,20489770.12850640,18650,7437.79840000,9326201.51602700,0
1655110800000,1204.37000000,1263.97000000,1177.07000000,1236.10000000,12551.47633000,1655114399999,15324832.15585900,17197,5896.39050000,7206427.14817400,0
1655114400000,1235.43000000,1257.85000000,1213.44000000,1219.33000000,6998.48600000,1655117999999,8632891.51842300,9705,3351.01760000,4132171.38759500,0
1655118000000,1218.85000000,1228.84000000,1176.21000000,1206.47000000,11121.20800000,1655121599999,13299952.27773600,12150,5691.28950000,6810571.92377500,0
1655121600000,1206.28000000,1265.11000000,1206.28000000,1217.32000000,7948.56830000,1655125199999,9823606.81435400,10805,3998.53760000,4947031.34676800,0
1655125200000,1215.21000000,1248.34000000,1200.06000000,1235.45000000,5961.65680000,1655128799999,7286516.91581300,9519,2831.28030000,3463016.27302000,0
1655128800000,1235.54000000,1243.37000000,1163.79000000,1189.65000000,8763.08280000,1655132399999,10561206.39140900,12361,3694.27430000,4459871.29481100,0
1655132400000,1190.71000000,1242.93000000,1183.99000000,1227.93000000,9310.38970000,1655135999999,11304073.23955700,10431,4629.48760000,5629732.26438600,0
1655136000000,1228.52000000,1278.00000000,1216.58000000,1237.55000000,6988.15570000,1655139599999,8730680.88812000,9848,3324.14690000,4151564.95295900,0
1655139600000,1238.38000000,1240.89000000,1207.34000000,1237.65000000,2840.31760000,1655143199999,3479896.31727900,4435,1346.30950000,1649991.94782800,0
1655143200000,1237.65000000,1259.88000000,1229.03000000,1230.90000000,2046.34390000,1655146799999,2542142.22648500,3132,933.54450000,1159663.05606400,0
1655146800000,1230.45000000,1236.02000000,1215.65000000,1226.42000000,1838.65280000,1655150399999,2253841.62575300,2965,787.12670000,965284.42142300,0
1655150400000,1226.42000000,1282.19000000,1226.42000000,1239.78000000,3661.72390000,1655153999999,4583521.43591400,4198,1233.71160000,1545878.12942100,0
1655154000000,1241.20000000,1246.79000000,1220.24000000,1227.53000000,1335.17740000,1655157599999,1650729.64781100,1593,962.22650000,1190629.47374100,0
1655157600000,1228.14000000,1234.82000000,1190.49000000,1191.48000000,1276.63180000,1655161199999,1546339.92760500,2073,604.37490000,732826.87889700,0
1655161200000,1191.25000000,1210.88000000,1166.66000000,1208.08000000,2741.98520000,1655164799999,3251622.31967100,4113,1356.27890000,1608441.55780800,0
1655164800000,1207.91000000,1222.97000000,1170.45000000,1171.28000000,4054.77530000,1655168399999,4862615.00360500,7238,2043.93530000,2451555.68298900,0
1655168400000,1170.81000000,1186.15000000,1100.15000000,1101.00000000,14605.76176000,1655171999999,16629801.39101120,21616,6411.80850000,7294193.04042400,0
1655172000000,1100.65000000,1131.70000000,1074.00000000,1116.74000000,13617.11456000,1655175599999,15029151.90844000,17068,4933.07290000,5455547.00732100,0
1655175600000,1116.73000000,1191.98000000,1103.32000000,1172.10000000,7646.04390000,1655179199999,8780936.42435300,10546,4196.75150000,4831107.98595600,0
1655179200000,1172.73000000,1194.45000000,1134.42000000,1155.00000000,8971.89780000,1655182799999,10402953.98246200,9354,4688.02010000,5427043.08621800,0
1655182800000,1155.93000000,1249.98000000,1146.87000000,1226.48000000,6791.28570000,1655186399999,8212886.31730600,10200,3541.52100000,4287541.61782000,0
1655186400000,1225.41000000,1236.37000000,1205.50000000,1231.51000000,4825.14620000,1655189999999,5896574.46766400,7507,2277.18280000,2782145.91376300,0
1655190000000,1231.92000000,1254.96000000,1209.14000000,1239.06000000,7008.11340000,1655193599999,8609498.49234400,8322,3006.02410000,3695707.19180000,0
1655193600000,1239.65000000,1242.70000000,1211.72000000,1216.97000000,3347.80110000,1655197199999,4102670.28099300,4951,1688.70130000,2069689.99044400,0
1655197200000,1217.45000000,1228.99000000,1188.31000000,1188.49000000,4309.21550000,1655200799999,5220760.83860600,5028,2065.39400000,2503820.97787600,0
1655200800000,1189.53000000,1204.45000000,1175.22000000,1184.38000000,6058.71710000,1655204399999,7202436.02912500,5637,3061.69330000,3639031.03470100,0
1655204400000,1184.49000000,1189.22000000,1153.57000000,1173.22000000,6353.98740000,1655207999999,7453031.33920100,6357,3277.81600000,3844991.35951600,0
1655208000000,1174.34000000,1216.53000000,1156.55000000,1196.28000000,4115.46290000,1655211599999,4871696.22277400,5088,1902.04590000,2251085.98541700,0
1655211600000,1196.84000000,1227.61000000,1187.42000000,1217.20000000,4035.49700000,1655215199999,4884670.96292200,5599,2034.09390000,2462135.97359100,0
1655215200000,1217.85000000,1226.51000000,1188.73000000,1221.11000000,5238.15090000,1655218799999,6322430.08110500,6146,2577.45090000,3109288.58098900,0
1655218800000,1221.27000000,1259.28000000,1211.64000000,1249.32000000,6999.84470000,1655222399999,8605849.15081500,6822,2751.63600000,3384671.72855000,0
1655222400000,1248.76000000,1268.99000000,1220.01000000,1225.96000000,3596.52100000,1655225999999,4442393.38995500,4548,1710.29660000,2113159.43148500,0
1655226000000,1225.43000000,1242.87000000,1212.07000000,1212.07000000,2953.14720000,1655229599999,3629067.31072300,3138,1539.40160000,1892769.08802800,0
1655229600000,1212.00000000,1230.16000000,1204.59000000,1207.81000000,5913.71030000,1655233199999,7171106.27568000,5934,1441.78400000,1754687.71734100,0
1655233200000,1208.07000000,1211.23000000,1193.98000000,1204.37000000,1570.52170000,1655236799999,1887573.88259500,2500,753.64170000,906063.80921100,0
1655236800000,1204.67000000,1209.05000000,1176.35000000,1188.06000000,2687.25340000,1655240399999,3193214.79754700,3359,1326.11490000,1576105.73932500,0
1655240400000,1187.82000000,1192.59000000,1158.00000000,1168.19000000,1534.58170000,1655243999999,1799704.13667900,2235,860.96020000,1008570.66427500,0
1655244000000,1168.14000000,1180.85000000,1165.28000000,1175.49000000,687.98770000,1655247599999,806766.75898800,1484,328.50520000,385276.45653800,0
1655247600000,1175.04000000,1219.28000000,1174.49000000,1207.01000000,1372.91000000,1655251199999,1648298.44253200,2584,751.38860000,901669.54576100,0
1655251200000,1206.98000000,1217.19000000,1187.61000000,1191.49000000,2173.60150000,1655254799999,2611848.13879000,4170,998.31600000,1199757.88000100,0
1655254800000,1191.29000000,1230.00000000,1189.19000000,1219.42000000,3294.77800000,1655258399999,3979927.10660100,5861,1524.18830000,1842369.69424800,0
1655258400000,1219.36000000,1220.49000000,1193.56000000,1203.38000000,2179.77870000,1655261999999,2626507.75952600,3965,1102.26000000,1327907.78774300,0
1655262000000,1203.67000000,1208.56000000,1167.25000000,1171.56000000,4197.60910000,1655265599999,4963982.58316700,5945,2846.48760000,3363559.60221400,0
1655265600000,1171.64000000,1174.14000000,1120.00000000,1135.18000000,7417.71310000,1655269199999,8458362.56102300,11363,3687.01790000,4205471.89175900,0
1655269200000,1134.45000000,1143.29000000,1091.35000000,1121.90000000,6705.97140000,1655272799999,7493475.77695700,8880,2929.48620000,3270803.89810100,0
1655272800000,1121.41000000,1140.41000000,1104.42000000,1134.55000000,4237.95480000,1655276399999,4755085.20246100,5710,2371.28970000,2659584.47340000,0
1655276400000,1134.06000000,1136.61000000,1081.63000000,1091.49000000,4472.12440000,1655279999999,4960790.65718400,6587,2341.56950000,2596746.85125700,0
1655280000000,1092.27000000,1092.27000000,1022.00000000,1027.10000000,13997.31546000,1655283599999,14745075.76124700,20097,6487.26870000,6834917.77624400,0
1655283600000,1027.52000000,1044.20000000,1010.00000000,1029.57000000,11953.34469000,1655287199999,12242864.54999470,20201,5790.97170000,5937092.25749700,0
1655287200000,1029.63000000,1078.39000000,1024.00000000,1062.98000000,12167.39950000,1655290799999,12821596.59211300,16543,6288.40270000,6622400.88625700,0
1655290800000,1063.36000000,1135.00000000,1048.47000000,1117.95000000,10349.74240000,1655294399999,11319538.61027300,18659,5552.18040000,6069060.56220000,0
1655294400000,1118.35000000,1150.57000000,1103.51000000,1111.58000000,11719.50690000,1655297999999,13120041.34757900,15583,4537.63670000,5077319.39219600,0
1655298000000,1111.14000000,1158.45000000,1106.18000000,1139.39000000,14536.10380000,1655301599999,16465702.54775100,20636,5615.40920000,6355916.96677700,0
1655301600000,1138.81000000,1153.64000000,1093.87000000,1104.59000000,6838.58890000,1655305199999,7677352.17410600,11128,3781.24180000,4245283.68164000,0
1655305200000,1104.46000000,1123.28000000,1094.60000000,1118.85000000,5407.85180000,1655308799999,5995477.15779100,9511,3145.35650000,3487687.68749400,0
1655308800000,1118.95000000,1127.90000000,1071.53000000,1077.26000000,10619.32700000,1655312399999,11721940.96103100,11485,4206.99470000,4613218.16676400,0
1655312400000,1077.67000000,1134.17000000,1057.31000000,1111.82000000,11046.50590000,1655315999999,11948448.47424400,12119,5731.42780000,6190310.57804000,0
1655316000000,1114.22000000,1229.38000000,1043.25000000,1171.34000000,21687.56530000,1655319599999,24815190.14042900,22202,9869.97630000,11181336.51797600,0
1655319600000,1170.92000000,1215.23000000,1162.56000000,1170.12000000,10363.55930000,1655323199999,12274560.28245100,13697,4729.25870000,5601186.68661800,0
1655323200000,1169.08000000,1189.01000000,1149.99000000,1178.40000000,6497.13070000,1655326799999,7573447.65251700,7584,4011.48410000,4667010.25345700,0
1655326800000,1178.95000000,1248.99000000,1175.83000000,1224.51000000,3996.63400000,1655330399999,4811678.19585800,5092,2009.71200000,2422267.08955800,0
1655330400000,1225.97000000,1244.92000000,1212.74000000,1216.47000000,7759.17370000,1655333999999,9546071.20962200,6581,5637.18660000,6937052.31658500,0
1655334000000,1216.19000000,1237.97000000,1213.29000000,1236.14000000,3119.63820000,1655337599999,3824733.18997300,3878,1950.39210000,2389798.91598700,0
1655337600000,1236.20000000,1256.23000000,1221.46000000,1233.79000000,4445.06220000,1655341199999,5497235.37223900,7693,1750.01700000,2165398.66843200,0
1655341200000,1233.73000000,1254.50000000,1213.77000000,1214.23000000,2997.55510000,1655344799999,3708052.09311300,5701,1480.37920000,1831998.29464600,0
1655344800000,1213.76000000,1225.74000000,1210.67000000,1217.09000000,1696.28600000,1655348399999,2067525.79588300,3682,828.09350000,1009546.36064900,0
1655348400000,1217.21000000,1221.93000000,1201.20000000,1208.30000000,2432.44990000,1655351999999,2942535.82072400,4549,1195.03160000,1445435.71761200,0
1655352000000,1208.74000000,1217.09000000,1185.79000000,1190.87000000,2298.10680000,1655355599999,2755866.43282500,4226,1132.93050000,1357742.05733000,0
1655355600000,1191.11000000,1203.82000000,1180.00000000,1181.36000000,2324.07090000,1655359199999,2770358.81953100,4343,1064.71340000,1269344.76017800,0
1655359200000,1181.12000000,1187.44000000,1169.14000000,1174.82000000,2417.49430000,1655362799999,2848208.44886000,3929,1575.22450000,1856368.92004600,0
1655362800000,1174.37000000,1183.03000000,1154.40000000,1163.86000000,4753.28990000,1655366399999,5536035.88279400,6447,2304.32960000,2683401.56638400,0
1655366400000,1163.86000000,1179.38000000,1152.60000000,1171.80000000,2858.02180000,1655369999999,3334645.00276000,4104,1633.09550000,1905247.50309100,0
1655370000000,1171.94000000,1174.09000000,1114.73000000,1126.83000000,6643.83570000,1655373599999,7524365.08764600,8395,3359.78680000,3802560.53447100,0
1655373600000,1126.66000000,1131.38000000,1092.17000000,1120.43000000,4015.03660000,1655377199999,4458722.34007400,6974,1890.97560000,2101528.96102100,0
1655377200000,1120.06000000,1125.74000000,1097.53000000,1110.57000000,7441.60320000,1655380799999,8309722.03773600,8685,1946.62150000,2170458.18920500,0
1655380800000,1109.72000000,1150.54000000,1101.96000000,1115.79000000,3120.57390000,1655384399999,3507872.17021700,5437,1638.58160000,1841507.38105900,0
1655384400000,1115.79000000,1129.79000000,1085.00000000,1097.54000000,3588.76430000,1655387999999,3981801.55817300,6797,1751.85270000,1943550.58298600,0
1655388000000,1095.84000000,1116.07000000,1080.77000000,1096.72000000,4311.18490000,1655391599999,4737546.94845800,6051,2099.75530000,2307807.98035000,0
1655391600000,1097.64000000,1127.27000000,1097.29000000,1112.86000000,3080.73630000,1655395199999,3434038.17382800,4781,1684.40620000,1878298.53413500,0
1655395200000,1112.77000000,1132.49000000,1094.84000000,1124.89000000,3355.11280000,1655398799999,3741853.69663600,5507,1775.31610000,1979609.84822700,0
1655398800000,1124.53000000,1130.17000000,1105.13000000,1106.51000000,2722.46320000,1655402399999,3049880.82249500,4347,1426.73560000,1598006.86841400,0
1655402400000,1106.18000000,1110.69000000,1096.34000000,1106.27000000,1909.09530000,1655405999999,2107591.80068700,3391,1001.09720000,1105149.05094900,0
1655406000000,1105.91000000,1116.28000000,1091.47000000,1094.80000000,1868.78460000,1655409599999,2061945.54468400,3292,812.77420000,897749.94174500,0
1655409600000,1094.86000000,1113.42000000,1085.00000000,1098.29000000,1894.78960000,1655413199999,2085382.24434900,3026,1010.36490000,1113156.43115300,0
1655413200000,1098.28000000,1117.85000000,1096.64000000,1100.98000000,1927.40280000,1655416799999,2127800.32713800,2654,903.91380000,998319.05216900,0
1655416800000,1102.28000000,1102.76000000,1063.75000000,1065.02000000,2182.54120000,1655420399999,2366319.94497400,3762,849.04770000,922101.27844800,0
1655420400000,1065.63000000,1073.24000000,1050.00000000,1067.03000000,4477.53440000,1655423999999,4750388.07673600,4744,2536.39830000,2694621.67840900,0
1655424000000,1066.85000000,1086.76000000,1050.00000000,1064.88000000,3265.91870000,1655427599999,3483587.61066000,4733,2190.38060000,2337191.78820000,0
1655427600000,1064.30000000,1114.63000000,1063.71000000,1105.86000000,4844.09420000,1655431199999,5267563.39809000,10269,2669.79460000,2895307.53999900,0
1655431200000,1106.54000000,1115.75000000,1083.08000000,1086.21000000,2137.82140000,1655434799999,2345309.31709000,5402,1021.15180000,1120074.21479700,0
1655434800000,1086.06000000,1093.84000000,1067.69000000,1069.95000000,2928.36710000,1655438399999,3174239.07897900,4931,892.61930000,966700.73375500,0
1655438400000,1070.36000000,1091.04000000,1066.60000000,1085.00000000,2646.13550000,1655441999999,2862044.93231300,5010,1090.11350000,1178748.54789300,0
1655442000000,1085.01000000,1109.29000000,1082.69000000,1098.78000000,1863.57090000,1655445599999,2047590.72770300,4347,930.94590000,1023184.43828800,0
1655445600000,1098.78000000,1107.92000000,1086.13000000,1103.44000000,2081.24200000,1655449199999,2281755.44204800,4287,870.75230000,954901.82737900,0
1655449200000,1103.56000000,1116.82000000,1095.05000000,1097.31000000,2778.25490000,1655452799999,3070192.17355900,5574,1472.43320000,1627218.97813600,0
1655452800000,1097.69000000,1111.96000000,1092.01000000,1094.45000000,3649.07400000,1655456399999,4015895.60919300,6085,1872.30390000,2059975.81149900,0
1655456400000,1094.27000000,1101.60000000,1085.06000000,1091.74000000,3438.22870000,1655459999999,3758464.46575700,5209,1385.10770000,1513053.74358200,0
1655460000000,1091.58000000,1103.99000000,1087.70000000,1103.14000000,1946.33650000,1655463599999,2131526.23958900,3434,1140.66420000,1249906.18156800,0
1655463600000,1103.31000000,1109.76000000,1090.22000000,1091.19000000,1946.90380000,1655467199999,2143189.66416400,3426,1127.22050000,1240432.28099600,0
1655467200000,1091.07000000,1097.49000000,1070.00000000,1073.87000000,2119.03030000,1655470799999,2295674.66142000,3843,1020.39480000,1105602.98121900,0
1655470800000,1074.02000000,1100.00000000,1069.55000000,1094.00000000,2733.84550000,1655474399999,2966458.44336300,5470,1496.27580000,1623625.15413200,0
1655474400000,1094.12000000,1094.39000000,1063.35000000,1074.55000000,3405.66690000,1655477999999,3658127.61453700,4758,1494.73660000,1604411.48977400,0
1655478000000,1074.47000000,1087.90000000,1070.89000000,1083.48000000,2028.73170000,1655481599999,2189886.64306600,3577,1154.34320000,1245746.14891200,0
1655481600000,1083.55000000,1092.30000000,1070.29000000,1075.08000000,3315.12280000,1655485199999,3583164.77719900,5095,1219.46530000,1321285.69144900,0
1655485200000,1074.72000000,1084.85000000,1071.39000000,1078.25000000,1947.53350000,1655488799999,2099884.71854300,3270,890.14460000,959522.55519000,0
1655488800000,1078.35000000,1085.19000000,1075.34000000,1079.00000000,1528.63850000,1655492399999,1648793.64276400,1563,921.85630000,994257.16298300,0
1655492400000,1078.59000000,1081.97000000,1072.31000000,1078.86000000,966.79590000,1655495999999,1041811.22372400,1511,481.10190000,518454.10828500,0
1655496000000,1078.57000000,1098.52000000,1078.57000000,1093.02000000,4477.99650000,1655499599999,4891914.74898500,3731,1822.53340000,1989709.57765200,0
1655499600000,1094.11000000,1098.37000000,1079.36000000,1080.78000000,1789.52630000,1655503199999,1951266.57744300,1373,1029.74290000,1121452.23460100,0
1655503200000,1080.27000000,1086.89000000,1074.13000000,1083.20000000,1200.38450000,1655506799999,1296144.23649200,1578,583.41890000,630281.03814300,0
1655506800000,1081.67000000,1091.87000000,1080.97000000,1085.27000000,251.26930000,1655510399999,272865.34834700,720,166.66830000,181006.03968500,0
1655510400000,1084.62000000,1096.64000000,1081.05000000,1085.57000000,1223.75640000,1655513999999,1334558.47016700,2048,552.47910000,602160.50508100,0
1655514000000,1086.95000000,1091.23000000,1072.00000000,1075.23000000,1920.76610000,1655517599999,2072272.42014200,2801,805.10200000,870676.15463000,0
1655517600000,1074.92000000,1082.31000000,1070.71000000,1080.93000000,1953.51940000,1655521199999,2099804.57694000,2705,955.53820000,1028713.22707100,0
1655521200000,1081.26000000,1082.64000000,1074.03000000,1078.10000000,609.80670000,1655524799999,657025.85600400,1386,360.39330000,388404.99993800,0
1655524800000,1077.64000000,1079.57000000,1073.38000000,1079.31000000,688.20040000,1655528399999,741748.23146400,1388,442.99300000,477482.25678000,0
1655528400000,1078.57000000,1081.79000000,1074.00000000,1076.68000000,684.63190000,1655531999999,736814.65823900,1200,402.23820000,432907.51987500,0
1655532000000,1077.03000000,1078.26000000,1000.00000000,1017.19000000,7577.47900000,1655535599999,7793212.26606900,9547,2059.35690000,2122821.99349900,0
1655535600000,1018.30000000,1028.40000000,987.86000000,1002.84000000,11573.64234000,1655539199999,11638954.46274100,16338,6180.57150000,6213583.61084900,0
1655539200000,1002.49000000,1007.80000000,973.39000000,989.40000000,8955.10000000,1655542799999,8884248.81122900,11941,3780.70750000,3752222.16373700,0
1655542800000,989.53000000,998.55000000,983.39000000,993.97000000,8165.37090000,1655546399999,8107210.38555000,6227,2028.69610000,2009901.79808100,0
1655546400000,993.80000000,1015.66000000,992.32000000,1006.15000000,3849.94410000,1655549999999,3859511.16738600,5703,2211.22780000,2217322.46431200,0
1655550000000,1005.53000000,1014.05000000,998.36000000,1003.61000000,7856.30900000,1655553599999,7875322.91833200,5365,1172.48200000,1179621.46431500,0
1655553600000,1003.74000000,1007.00000000,995.00000000,998.40000000,2397.16370000,1655557199999,2399721.97857600,3938,1102.78460000,1103752.03592400,0
1655557200000,998.94000000,1002.79000000,991.81000000,998.09000000,1838.73900000,1655560799999,1832484.76087800,2964,955.26730000,952079.27076500,0
1655560800000,998.42000000,1002.39000000,991.23000000,991.53000000,2173.36740000,1655564399999,2165994.63816500,2397,1229.17720000,1224159.61646300,0
1655564400000,991.54000000,995.53000000,986.72000000,987.47000000,2607.20980000,1655567999999,2581646.15326300,3058,1504.50800000,1488932.95439300,0
1655568000000,987.96000000,998.78000000,975.84000000,980.70000000,2770.15790000,1655571599999,2734584.06581400,3828,1156.87740000,1142398.76781600,0
1655571600000,981.20000000,986.76000000,955.55000000,961.33000000,4538.51648000,1655575199999,4393565.17002700,5354,1990.33390000,1929339.94744700,0
1655575200000,961.60000000,962.85000000,933.00000000,936.63000000,8668.02844000,1655578799999,8194076.89303200,8264,4516.10720000,4266967.19416400,0
1655578800000,937.07000000,945.21000000,911.17000000,913.49000000,8442.96520000,1655582399999,7812195.45562800,8017,4558.02870000,4216906.61613400,0
1655582400000,913.49000000,925.85000000,880.03000000,902.90000000,13349.38707000,1655585999999,12037021.83815400,11954,5966.63280000,5370275.20257700,0
1655586000000,903.47000000,980.00000000,899.87000000,941.79000000,8591.56820000,1655589599999,8044520.25831700,8343,4987.94950000,4687101.81179200,0
1655589600000,942.15000000,1014.82000000,936.34000000,989.50000000,6378.64670000,1655593199999,6219060.03452600,6984,3299.31820000,3226110.82005100,0
1655593200000,989.49000000,1004.02000000,977.82000000,993.64000000,4121.59190000,1655596799999,4087478.71270000,5127,1902.59870000,1887316.00372200,0
1655596800000,993.45000000,1009.66000000,986.24000000,989.63000000,3853.40210000,1655600399999,3843182.05975600,4793,1456.16620000,1452646.34067300,0
1655600400000,990.02000000,995.04000000,957.12000000,960.85000000,4470.47300000,1655603999999,4373277.46924600,6375,2685.75670000,2628389.83668600,0
1655604000000,960.12000000,966.59000000,937.15000000,949.29000000,2945.74100000,1655607599999,2798602.34111900,5905,1256.17890000,1194178.73145500,0
1655607600000,949.63000000,976.52000000,947.17000000,951.95000000,2733.15160000,1655611199999,2636380.00742300,5595,1458.76310000,1407762.87565400,0
1655611200000,951.81000000,971.88000000,947.04000000,966.06000000,2726.94420000,1655614799999,2623553.61226400,5170,1417.05540000,1362437.87030900,0
1655614800000,966.41000000,968.76000000,935.00000000,944.87000000,3975.76210000,1655618399999,3768168.58336900,6813,2038.61140000,1931128.79557300,0
1655618400000,945.05000000,963.59000000,937.30000000,953.88000000,2743.79570000,1655621999999,2617764.93384600,5097,1575.73610000,1502779.22930400,0
1655622000000,953.96000000,971.30000000,951.12000000,954.01000000,2119.42620000,1655625599999,2034724.66933500,3990,1015.58770000,975434.16788800,0
1655625600000,954.27000000,971.15000000,951.56000000,966.43000000,1934.05190000,1655629199999,1858017.79798300,4138,1029.66550000,989539.68399700,0
1655629200000,966.42000000,1009.04000000,963.02000000,991.18000000,4423.59960000,1655632799999,4376196.35830400,7117,2559.27560000,2530008.75065100,0
1655632800000,990.83000000,1076.85000000,985.92000000,1062.85000000,8175.77460000,1655636399999,8534184.95922800,13976,4563.79490000,4766134.13120500,0
1655636400000,1062.16000000,1065.44000000,1046.01000000,1053.46000000,3420.24520000,1655639999999,3606430.45977900,5857,1849.82890000,1950450.50644400,0
1655640000000,1054.34000000,1067.21000000,1026.26000000,1031.49000000,3810.16910000,1655643599999,3972927.94855900,6455,1798.60150000,1878361.65766800,0
1655643600000,1031.49000000,1044.88000000,1017.35000000,1020.40000000,1882.41430000,1655647199999,1947784.79282800,3036,914.24640000,946523.51520800,0
1655647200000,1019.79000000,1039.52000000,1018.05000000,1035.86000000,1698.67410000,1655650799999,1746578.15444300,2314,1053.05620000,1083097.11371500,0
1655650800000,1036.28000000,1075.28000000,1026.28000000,1070.59000000,3189.27690000,1655654399999,3354475.18888100,3991,1730.15700000,1823727.45487300,0
1655654400000,1070.50000000,1073.46000000,1045.25000000,1051.54000000,1898.08410000,1655657999999,2010118.01732200,2908,807.38260000,855413.69819700,0
1655658000000,1051.51000000,1055.27000000,1041.62000000,1046.57000000,1245.06860000,1655661599999,1304433.79637300,1720,597.54390000,626379.67037900,0
1655661600000,1045.85000000,1115.83000000,1044.08000000,1108.57000000,3179.43220000,1655665199999,3412766.00164400,3905,1489.49840000,1606687.35365600,0
1655665200000,1108.72000000,1126.66000000,1088.00000000,1099.17000000,6034.18760000,1655668799999,6669321.63907300,6146,2984.12250000,3310472.05156900,0
1655668800000,1098.82000000,1157.26000000,1096.56000000,1140.04000000,5417.76940000,1655672399999,6118562.07747500,6557,3027.06720000,3416829.42286000,0
1655672400000,1140.64000000,1141.63000000,1123.89000000,1130.14000000,2139.25240000,1655675999999,2426557.19558700,2866,964.91360000,1094680.22349700,0
1655676000000,1131.51000000,1149.28000000,1124.83000000,1139.92000000,1244.24060000,1655679599999,1415708.23039600,2140,546.63450000,621952.52344300,0
1655679600000,1139.92000000,1141.97000000,1116.09000000,1126.82000000,1523.13090000,1655683199999,1711834.60512200,1858,811.04400000,911716.78540300,0
1655683200000,1126.56000000,1130.77000000,1080.83000000,1087.11000000,2368.12520000,1655686799999,2606195.45622100,3580,1173.17850000,1291715.09823900,0
1655686800000,1086.68000000,1093.27000000,1065.01000000,1073.95000000,2346.33740000,1655690399999,2526982.36993600,4851,1151.05560000,1239436.07815900,0
1655690400000,1074.32000000,1093.44000000,1051.36000000,1073.78000000,2250.27250000,1655693999999,2414677.91596100,5371,1100.70390000,1180616.10788900,0
1655694000000,1073.31000000,1090.00000000,1065.53000000,1078.38000000,1708.50580000,1655697599999,1842150.97414000,3543,887.55630000,956740.21545300,0
1655697600000,1078.38000000,1090.77000000,1066.15000000,1067.57000000,1174.59140000,1655701199999,1268639.41495100,2578,496.21100000,535689.41237900,0
1655701200000,1068.06000000,1081.40000000,1058.90000000,1079.79000000,1697.28780000,1655704799999,1815251.80549600,3702,826.12470000,883591.33643000,0
1655704800000,1080.58000000,1090.28000000,1068.68000000,1083.76000000,1676.27180000,1655708399999,1808508.58382100,3588,851.95850000,919319.08983300,0
1655708400000,1083.36000000,1086.05000000,1064.13000000,1077.96000000,1726.87390000,1655711999999,1852872.78512300,3574,896.32940000,962480.42769400,0
1655712000000,1078.38000000,1129.25000000,1075.21000000,1125.22000000,3972.44830000,1655715599999,4409119.34850400,8491,2027.65250000,2249624.93913500,0
1655715600000,1125.46000000,1137.01000000,1116.67000000,1122.66000000,3292.30960000,1655719199999,3703315.23676200,6348,1702.67910000,1914621.12815400,0
1655719200000,1122.73000000,1169.00000000,1115.57000000,1158.88000000,4530.82350000,1655722799999,5159864.08072500,7745,2286.71200000,2605124.18659100,0
1655722800000,1160.16000000,1164.98000000,1138.28000000,1151.57000000,12139.92710000,1655726399999,13969465.11964600,10282,9222.00190000,10612055.69704200,0
1655726400000,1151.76000000,1152.79000000,1119.33000000,1129.65000000,9251.94450000,1655729999999,10476582.56453500,7512,6450.75800000,7301541.87462000,0
1655730000000,1130.62000000,1139.08000000,1105.65000000,1115.96000000,5228.16390000,1655733599999,5879531.52289600,5802,1782.52090000,2002891.10312900,0
1655733600000,1115.87000000,1146.28000000,1114.41000000,1139.28000000,2855.50970000,1655737199999,3225562.22115200,4175,1458.52790000,1648472.27250300,0
1655737200000,1139.29000000,1151.53000000,1117.50000000,1133.21000000,4543.01450000,1655740799999,5156772.76482400,5392,2804.57040000,3189324.41999800,0
1655740800000,1133.26000000,1135.33000000,1101.44000000,1107.49000000,2841.51810000,1655744399999,3176147.31111800,4144,1462.19860000,1635111.71246100,0
1655744400000,1107.43000000,1118.86000000,1092.68000000,1096.02000000,1827.18280000,1655747999999,2025140.45492000,2746,1031.37600000,1143780.52773700,0
1655748000000,1095.55000000,1102.47000000,1082.00000000,1100.26000000,3093.98070000,1655751599999,3375230.20926300,3399,1768.90980000,1929503.69900900,0
1655751600000,1101.08000000,1109.86000000,1086.97000000,1105.44000000,1512.23850000,1655755199999,1662866.94719300,2261,808.54590000,888732.27789700,0
1655755200000,1105.51000000,1126.37000000,1099.51000000,1119.32000000,2118.42630000,1655758799999,2363062.17555500,2435,825.41240000,922295.61656700,0
1655758800000,1119.95000000,1124.64000000,1097.39000000,1101.55000000,1877.57690000,1655762399999,2083900.72261300,1833,1293.28370000,1433050.73206900,0
1655762400000,1102.34000000,1109.47000000,1089.75000000,1106.51000000,1124.48380000,1655765999999,1234701.15852400,1937,500.42320000,549712.44446400,0
1655766000000,1106.22000000,1136.65000000,1100.36000000,1127.02000000,1774.73770000,1655769599999,1984903.60095600,2558,1066.78440000,1194999.16011600,0
1655769600000,1126.71000000,1132.13000000,1107.64000000,1128.59000000,2936.96980000,1655773199999,3290363.85304000,5230,1326.48110000,1486359.02993300,0
1655773200000,1128.59000000,1141.99000000,1118.80000000,1130.44000000,2657.08610000,1655776799999,3005632.32179100,4568,1524.02320000,1725437.44399300,0
1655776800000,1130.50000000,1132.84000000,1112.58000000,1118.92000000,1529.89640000,1655780399999,1711892.00451600,3260,767.68010000,858825.36130100,0
1655780400000,1118.46000000,1131.66000000,1112.52000000,1129.63000000,2185.11110000,1655783999999,2449135.31011700,3975,834.42840000,935462.84122200,0
1655784000000,1129.37000000,1136.23000000,1117.02000000,1129.61000000,1375.00010000,1655787599999,1547216.06712400,2835,755.75210000,850778.75014200,0
1655787600000,1129.61000000,1159.39000000,1129.61000000,1149.37000000,2914.62040000,1655791199999,3329829.51988600,5700,1540.18060000,1758428.82941000,0
1655791200000,1149.28000000,1163.56000000,1149.28000000,1159.10000000,3333.25680000,1655794799999,3854058.25478000,6324,1698.71500000,1964490.47548700,0
1655794800000,1159.51000000,1162.64000000,1138.94000000,1147.27000000,3089.87910000,1655798399999,3556123.29964900,5414,1518.41870000,1747127.49624000,0
1655798400000,1147.37000000,1176.00000000,1137.16000000,1165.38000000,3393.77380000,1655801999999,3941102.39037100,6499,1703.02190000,1977784.66051100,0
1655802000000,1165.51000000,1171.00000000,1154.39000000,1156.19000000,2761.92360000,1655805599999,3208062.14778400,4724,1279.98510000,1486423.30781600,0
1655805600000,1156.38000000,1162.56000000,1149.01000000,1159.98000000,2533.74730000,1655809199999,2931103.08816800,3498,885.70660000,1023829.48076600,0
1655809200000,1160.38000000,1165.33000000,1135.72000000,1140.64000000,2934.98840000,1655812799999,3369196.44285600,5034,977.97970000,1122798.67630600,0
1655812800000,1140.02000000,1151.93000000,1134.43000000,1146.84000000,1942.13730000,1655816399999,2219207.29310300,3899,877.21440000,1002524.56883900,0
1655816400000,1146.75000000,1190.27000000,1140.21000000,1183.54000000,6571.53920000,1655819999999,7686575.32916800,8075,2424.57030000,2827539.47296500,0
1655820000000,1183.89000000,1192.40000000,1173.01000000,1181.96000000,3991.76530000,1655823599999,4718860.31567200,5470,1672.99310000,1977853.75987700,0
1655823600000,1181.87000000,1182.27000000,1164.79000000,1167.16000000,1789.37750000,1655827199999,2100564.73159100,2983,883.27970000,1037301.05735000,0
1655827200000,1167.13000000,1173.74000000,1162.11000000,1166.52000000,1114.16030000,1655830799999,1301555.13975500,2064,514.80200000,601424.36664100,0
1655830800000,1166.30000000,1171.00000000,1146.74000000,1150.40000000,2103.19760000,1655834399999,2436669.75138500,2396,1199.01240000,1388754.48400800,0
1655834400000,1150.40000000,1151.37000000,1141.02000000,1142.63000000,2600.73530000,1655837999999,2980717.09409900,2441,1894.74870000,2171380.65363800,0
1655838000000,1141.66000000,1153.37000000,1117.79000000,1123.74000000,3453.88370000,1655841599999,3916315.47753200,3423,1299.85270000,1476278.11955700,0
1655841600000,1122.53000000,1127.65000000,1112.32000000,1121.60000000,2176.70160000,1655845199999,2438634.66035600,2872,1461.12380000,1637762.89715100,0
1655845200000,1121.66000000,1135.74000000,1121.23000000,1128.74000000,888.26520000,1655848799999,1002024.31270700,1453,420.20090000,474442.53743300,0
1655848800000,1128.72000000,1139.85000000,1121.55000000,1136.77000000,812.20850000,1655852399999,917496.31928600,1544,381.37170000,431021.54771800,0
1655852400000,1137.25000000,1139.68000000,1117.47000000,1124.59000000,1055.53700000,1655855999999,1188561.10459300,2055,452.98260000,509625.80855000,0
1655856000000,1124.86000000,1126.05000000,1103.92000000,1117.15000000,2022.38820000,1655859599999,2255509.49061600,3721,940.46020000,1048709.64091000,0
1655859600000,1116.78000000,1125.06000000,1100.37000000,1100.51000000,1853.37150000,1655863199999,2065180.94358100,3285,693.00100000,771779.99279800,0
1655863200000,1100.51000000,1106.54000000,1092.20000000,1101.64000000,1865.70060000,1655866799999,2052434.41524400,3076,1000.67970000,1100551.54303900,0
1655866800000,1101.50000000,1105.52000000,1083.00000000,1088.21000000,1646.23320000,1655870399999,1799751.59269100,2843,597.61060000,654365.20440000,0
1655870400000,1087.78000000,1100.99000000,1084.05000000,1098.68000000,2090.49640000,1655873999999,2284737.54720500,3536,1132.72680000,1238059.40334600,0
1655874000000,1098.15000000,1105.53000000,1091.70000000,1092.06000000,1322.87010000,1655877599999,1453661.75453100,2958,722.08540000,792978.42123800,0
1655877600000,1092.01000000,1097.39000000,1068.70000000,1077.68000000,5102.97410000,1655881199999,5496469.89409700,5604,3704.77400000,3987852.22852500,0
1655881200000,1077.68000000,1083.55000000,1065.45000000,1073.95000000,1838.27060000,1655884799999,1977903.32730000,4146,865.29870000,931239.26971800,0
1655884800000,1073.65000000,1081.42000000,1067.90000000,1080.27000000,1363.93720000,1655888399999,1467732.82290800,3298,710.32620000,764359.24715300,0
1655888400000,1080.28000000,1096.33000000,1077.91000000,1090.14000000,2207.54320000,1655891999999,2398742.69834300,4515,1294.27170000,1405772.58255500,0
1655892000000,1090.00000000,1094.55000000,1084.45000000,1088.48000000,1208.86610000,1655895599999,1315904.90556500,2392,590.28860000,642601.53231400,0
1655895600000,1088.51000000,1104.46000000,1087.02000000,1096.15000000,1251.31660000,1655899199999,1372897.48860600,2848,708.83970000,777887.38346600,0
1655899200000,1096.11000000,1096.22000000,1069.89000000,1081.49000000,1732.19270000,1655902799999,1877130.01734200,3988,861.20640000,932734.93759200,0
1655902800000,1081.80000000,1116.07000000,1074.77000000,1111.49000000,3585.83120000,1655906399999,3938634.14956100,6542,1763.35390000,1937146.47027900,0
1655906400000,1110.73000000,1123.40000000,1106.45000000,1109.06000000,3032.01680000,1655909999999,3375695.81055500,6430,1619.39670000,1802363.48458700,0
1655910000000,1109.32000000,1109.62000000,1072.75000000,1073.64000000,2877.58150000,1655913599999,3144573.17658300,6295,1360.77140000,1489048.17963700,0
1655913600000,1073.55000000,1078.40000000,1051.79000000,1078.17000000,4614.67480000,1655917199999,4914022.59834900,8539,1799.59560000,1920028.84719700,0
1655917200000,1077.91000000,1128.00000000,1070.92000000,1081.07000000,8133.44800000,1655920799999,8826105.12267500,6571,4205.62890000,4594795.10555500,0
1655920800000,1081.31000000,1087.74000000,1077.68000000,1080.10000000,967.55790000,1655924399999,1047499.46769000,2290,438.45730000,474671.06830100,0
1655924400000,1080.63000000,1082.86000000,1059.71000000,1069.52000000,1593.25990000,1655927999999,1706732.12634500,3025,706.92470000,756924.30589300,0
1655928000000,1069.86000000,1073.53000000,1042.82000000,1047.91000000,4654.96250000,1655931599999,4934325.28708800,6230,3086.63820000,3277445.09325600,0
1655931600000,1048.15000000,1061.59000000,1045.09000000,1057.74000000,1912.04890000,1655935199999,2014314.38261700,3091,1131.00240000,1192182.37447300,0
1655935200000,1058.08000000,1065.00000000,1053.83000000,1060.67000000,1089.56080000,1655938799999,1153469.39110600,2495,514.50800000,544780.64616400,0
1655938800000,1061.19000000,1062.26000000,1047.23000000,1048.69000000,1292.80710000,1655942399999,1363390.51486100,2204,674.59590000,711245.50718500,0
1655942400000,1048.99000000,1083.00000000,1043.90000000,1077.47000000,2785.61990000,1655945999999,2976009.74093700,6341,1579.29890000,1685916.87482700,0
1655946000000,1077.60000000,1097.12000000,1072.28000000,1083.70000000,2336.75090000,1655949599999,2535535.97951900,4705,1193.62220000,1295176.40785600,0
1655949600000,1083.84000000,1091.68000000,1081.70000000,1085.03000000,1495.08240000,1655953199999,1623230.02730900,2705,851.17460000,924017.32956800,0
1655953200000,1084.57000000,1085.54000000,1074.49000000,1075.32000000,864.26560000,1655956799999,932727.83302100,1809,399.08100000,430581.64861200,0
1655956800000,1075.23000000,1088.66000000,1071.24000000,1086.41000000,1118.89980000,1655960399999,1210769.06279600,2639,687.82390000,744399.65614200,0
1655960400000,1086.64000000,1091.49000000,1081.04000000,1084.54000000,937.78020000,1655963999999,1018310.89179200,2272,492.17850000,534597.35716800,0
1655964000000,1084.76000000,1109.00000000,1081.50000000,1098.91000000,3115.75290000,1655967599999,3421446.66501700,5141,1315.21100000,1442770.18158800,0
1655967600000,1098.97000000,1105.32000000,1090.11000000,1090.80000000,1851.92630000,1655971199999,2030808.39961300,3453,885.89440000,971720.99676500,0
1655971200000,1090.65000000,1102.13000000,1090.07000000,1096.93000000,1772.18170000,1655974799999,1942625.39954500,3337,894.75970000,980509.99715800,0
1655974800000,1097.35000000,1115.07000000,1092.60000000,1109.59000000,2738.87730000,1655978399999,3019453.08460800,4867,1349.74590000,1487401.40265000,0
1655978400000,1109.84000000,1126.95000000,1107.15000000,1109.12000000,5884.65330000,1655981999999,6556881.27455000,5940,4068.12820000,4538367.10408600,0
1655982000000,1108.96000000,1109.93000000,1102.37000000,1105.67000000,1173.06100000,1655985599999,1297991.12083300,2334,613.96700000,679440.35072000,0
1655985600000,1105.62000000,1129.99000000,1105.09000000,1117.88000000,2927.42740000,1655989199999,3274882.18188500,6133,1572.30310000,1758397.67996400,0
1655989200000,1117.83000000,1123.42000000,1100.41000000,1107.12000000,4736.99990000,1655992799999,5270827.85208600,5603,1786.12980000,1987572.37404600,0
1655992800000,1107.22000000,1111.94000000,1099.82000000,1110.35000000,1654.41090000,1655996399999,1829191.62872100,3538,789.17660000,872591.21778100,0
1655996400000,1110.48000000,1112.51000000,1086.37000000,1093.15000000,2115.36110000,1655999999999,2318621.64226100,3663,865.72940000,949334.36234700,0
1656000000000,1093.31000000,1096.92000000,1086.71000000,1089.40000000,1181.07460000,1656003599999,1289459.96563000,2464,531.10470000,579926.73684300,0
1656003600000,1089.35000000,1097.35000000,1081.55000000,1092.57000000,976.91350000,1656007199999,1065658.98634300,2496,493.31140000,538188.16470600,0
1656007200000,1092.71000000,1104.82000000,1088.42000000,1100.90000000,3124.91700000,1656010799999,3436175.86181000,3241,687.37420000,755078.01404600,0
1656010800000,1100.57000000,1127.11000000,1098.69000000,1125.70000000,2756.28420000,1656014399999,3073533.24262700,5517,1482.98420000,1652292.61714400,0
1656014400000,1125.49000000,1144.22000000,1119.00000000,1134.56000000,3637.43710000,1656017999999,4111476.69740500,5975,1466.45980000,1660199.05560600,0
1656018000000,1134.71000000,1136.42000000,1120.54000000,1121.43000000,1774.72670000,1656021599999,2007653.66410300,2589,1007.85300000,1140205.11344400,0
1656021600000,1121.25000000,1153.26000000,1120.43000000,1140.41000000,5490.19560000,1656025199999,6263478.19903300,8761,2354.55510000,2683775.61710500,0
1656025200000,1140.56000000,1150.13000000,1139.39000000,1143.53000000,1451.52710000,1656028799999,1660396.65047700,2409,515.04510000,589266.19887800,0
1656028800000,1143.22000000,1158.18000000,1139.99000000,1142.39000000,1715.04080000,1656032399999,1966440.44146400,3812,935.25460000,1072191.38167200,0
1656032400000,1142.39000000,1166.27000000,1140.52000000,1150.60000000,1977.41060000,1656035999999,2282571.97346500,3053,1127.69280000,1301239.66569200,0
1656036000000,1150.77000000,1167.34000000,1148.35000000,1151.21000000,2348.26740000,1656039599999,2721581.92321900,3327,1516.76080000,1758868.86067300,0
1656039600000,1151.52000000,1158.71000000,1147.00000000,1149.45000000,1295.63830000,1656043199999,1491721.08707300,2466,530.31600000,610934.29415800,0
1656043200000,1149.27000000,1161.00000000,1144.00000000,1147.55000000,4606.01720000,1656046799999,5299799.48092400,3525,2730.44670000,3134793.32385300,0
1656046800000,1147.36000000,1155.27000000,1136.42000000,1140.55000000,1051.96230000,1656050399999,1207856.92976200,2238,625.17950000,718286.16552800,0
1656050400000,1140.76000000,1143.01000000,1131.24000000,1135.20000000,1530.63030000,1656053999999,1741951.52837900,2582,680.72800000,774787.87594400,0
1656054000000,1135.34000000,1156.31000000,1131.11000000,1147.44000000,2634.62110000,1656057599999,3011018.71003200,3714,1135.26280000,1299506.91743500,0
1656057600000,1147.94000000,1161.48000000,1147.36000000,1158.63000000,1915.13410000,1656061199999,2209057.40301800,2704,1139.06510000,1313872.16956100,0
1656061200000,1158.33000000,1160.04000000,1142.40000000,1146.33000000,1386.12390000,1656064799999,1597777.52855700,2324,673.94480000,776909.55649200,0
1656064800000,1146.56000000,1163.73000000,1144.95000000,1162.20000000,1542.29390000,1656068399999,1779094.85020900,2138,922.49960000,1063782.31571600,0
1656068400000,1161.93000000,1205.00000000,1160.23000000,1195.18000000,5179.59460000,1656071999999,6137401.77313200,7772,2678.59120000,3172959.62049300,0
1656072000000,1195.28000000,1224.99000000,1190.96000000,1210.04000000,5899.31030000,1656075599999,7151689.71192600,7103,3778.02720000,4581648.14258500,0
1656075600000,1210.06000000,1220.52000000,1188.87000000,1202.01000000,14751.78540000,1656079199999,17854332.71246700,7984,8491.53000000,10299113.18982500,0
1656079200000,1202.01000000,1220.05000000,1192.35000000,1200.58000000,3273.50820000,1656082799999,3950157.47051000,4277,2123.10660000,2563427.05943700,0
1656082800000,1200.84000000,1201.44000000,1186.38000000,1196.63000000,3455.24470000,1656086399999,4134712.79858000,3882,1097.68310000,1312619.38238200,0
1656086400000,1196.85000000,1204.29000000,1182.94000000,1203.26000000,1767.46640000,1656089999999,2108226.18502500,2797,1114.49920000,1329455.23422300,0
1656090000000,1203.33000000,1217.68000000,1201.60000000,1203.12000000,1874.11930000,1656093599999,2266685.08047800,3341,899.88020000,1088391.62550900,0
1656093600000,1203.05000000,1221.89000000,1200.19000000,1220.35000000,1492.55030000,1656097199999,1808517.15371200,2338,810.10550000,981750.99605000,0
1656097200000,1220.42000000,1230.00000000,1211.27000000,1226.39000000,1801.42710000,1656100799999,2200414.77107600,2666,819.93430000,1001456.35354300,0
1656100800000,1226.60000000,1242.59000000,1214.15000000,1217.83000000,3127.08180000,1656104399999,3849038.58182600,4663,1863.62330000,2295786.05837600,0
1656104400000,1218.39000000,1226.17000000,1214.37000000,1224.05000000,943.37860000,1656107999999,1151718.80678800,1841,518.37740000,632968.84038800,0
1656108000000,1223.85000000,1244.98000000,1222.19000000,1229.95000000,1725.91990000,1656111599999,2131511.24018100,2938,641.80640000,793063.61564500,0
1656111600000,1229.19000000,1241.90000000,1221.86000000,1223.83000000,1093.62840000,1656115199999,1347587.83286700,1829,458.79220000,565561.41447600,0
1656115200000,1224.19000000,1226.05000000,1207.52000000,1215.86000000,1059.77330000,1656118799999,1290935.52320100,2444,463.51510000,564885.04498300,0
1656118800000,1215.28000000,1223.84000000,1210.93000000,1223.07000000,1288.34680000,1656122399999,1569952.40747300,1772,852.59580000,1038933.79253600,0
1656122400000,1222.84000000,1226.21000000,1203.43000000,1206.57000000,724.79050000,1656125999999,879583.26830400,1951,376.39830000,456863.75494300,0
1656126000000,1206.42000000,1225.75000000,1204.81000000,1222.79000000,921.92730000,1656129599999,1119810.46194200,2133,436.88200000,530883.24513600,0
1656129600000,1222.80000000,1224.83000000,1212.60000000,1220.49000000,911.73330000,1656133199999,1111175.39107400,1885,530.36110000,646641.94599300,0
1656133200000,1220.15000000,1228.91000000,1217.21000000,1217.43000000,1338.24210000,1656136799999,1639727.14832900,2118,409.39540000,501267.11019500,0
1656136800000,1218.53000000,1221.26000000,1209.43000000,1218.29000000,779.33140000,1656140399999,947157.56841000,1659,401.63730000,488288.41142500,0
1656140400000,1218.79000000,1238.72000000,1218.57000000,1233.70000000,1635.21670000,1656143999999,2012264.02337900,3405,917.82460000,1128821.08836300,0
1656144000000,1233.76000000,1242.40000000,1223.99000000,1226.28000000,1051.40080000,1656147599999,1294447.59495300,2200,565.20830000,696045.70902500,0
1656147600000,1226.95000000,1236.67000000,1223.04000000,1227.15000000,808.55920000,1656151199999,994938.89045500,1727,403.86260000,497074.69283300,0
1656151200000,1226.36000000,1232.83000000,1218.31000000,1225.25000000,757.48050000,1656154799999,926202.48868000,2105,416.31360000,509072.93106000,0
1656154800000,1225.58000000,1230.91000000,1212.31000000,1216.26000000,651.37050000,1656158399999,795732.97917500,1738,330.14940000,403646.81908000,0
1656158400000,1216.09000000,1218.78000000,1187.10000000,1195.87000000,2326.51990000,1656161999999,2790526.85688300,4149,1220.58770000,1464988.82183600,0
1656162000000,1195.62000000,1207.26000000,1188.60000000,1198.88000000,1979.92780000,1656165599999,2369513.00465500,2992,909.22350000,1088485.39404600,0
1656165600000,1198.82000000,1205.03000000,1191.00000000,1193.19000000,846.21660000,1656169199999,1012634.24091900,2046,460.71050000,551303.30318300,0
1656169200000,1193.28000000,1202.20000000,1179.05000000,1182.94000000,3126.86640000,1656172799999,3724508.96999700,3741,2335.65370000,2782659.08229700,0
1656172800000,1182.86000000,1193.82000000,1179.03000000,1192.36000000,1162.80160000,1656176399999,1379237.21788400,2212,554.97160000,658727.32501800,0
1656176400000,1192.31000000,1202.94000000,1186.62000000,1195.53000000,991.96510000,1656179999999,1184491.27926300,2236,498.90520000,595589.56267000,0
1656180000000,1195.62000000,1212.39000000,1190.54000000,1211.21000000,1141.82450000,1656183599999,1371292.69550000,2051,617.52910000,741694.61912500,0
1656183600000,1211.21000000,1213.23000000,1201.89000000,1204.91000000,805.53840000,1656187199999,971864.83216900,1644,563.73940000,680167.01186700,0
1656187200000,1204.74000000,1210.56000000,1200.11000000,1208.69000000,441.57680000,1656190799999,532276.74048200,1105,253.38880000,305537.84253600,0
1656190800000,1208.69000000,1255.00000000,1207.04000000,1247.05000000,3465.44810000,1656194399999,4282128.04891300,5921,1983.19400000,2455562.19070000,0
1656194400000,1247.63000000,1252.08000000,1239.86000000,1241.56000000,1244.11090000,1656197999999,1549632.81567400,2171,684.53300000,852758.39162900,0
1656198000000,1241.70000000,1247.21000000,1238.49000000,1240.66000000,450.76740000,1656201599999,560338.28851000,1231,259.05130000,322070.12101400,0
1656201600000,1241.41000000,1244.59000000,1231.37000000,1239.16000000,1210.10130000,1656205199999,1497002.14613300,1718,418.15570000,517783.61863100,0
1656205200000,1239.81000000,1245.07000000,1227.67000000,1235.08000000,677.67950000,1656208799999,838328.53087600,1786,346.90740000,429087.20242000,0
1656208800000,1235.75000000,1235.83000000,1226.61000000,1230.79000000,606.79640000,1656212399999,747427.57679300,1362,277.67860000,342143.38816500,0
1656212400000,1230.84000000,1234.46000000,1228.83000000,1232.26000000,329.74640000,1656215999999,406332.28136600,746,115.75330000,142616.41220500,0
1656216000000,1232.45000000,1242.38000000,1231.82000000,1236.91000000,478.63140000,1656219599999,591851.68035500,1162,305.31110000,377555.20925300,0
1656219600000,1237.09000000,1241.53000000,1231.75000000,1239.66000000,245.47140000,1656223199999,303764.22483300,761,112.76460000,139548.05700900,0
1656223200000,1239.51000000,1251.13000000,1232.02000000,1246.31000000,1004.85770000,1656226799999,1249136.17596300,2263,438.06330000,544450.82771000,0
1656226800000,1246.10000000,1248.83000000,1236.24000000,1237.13000000,611.77950000,1656230399999,760297.63748200,1434,271.27740000,337359.70364000,0
1656230400000,1237.29000000,1246.49000000,1236.54000000,1243.50000000,653.98740000,1656233999999,812224.83981100,1363,411.18630000,510986.82371600,0
1656234000000,1243.84000000,1251.28000000,1234.74000000,1238.63000000,1012.55060000,1656237599999,1257734.42297400,2358,532.69900000,662114.83307500,0
1656237600000,1238.83000000,1246.40000000,1236.61000000,1243.45000000,785.15390000,1656241199999,975700.91240900,1631,458.92610000,570401.18736000,0
1656241200000,1243.45000000,1275.83000000,1241.40000000,1269.57000000,2721.67260000,1656244799999,3432470.56422900,5007,1530.39460000,1930805.51869100,0
1656244800000,1269.01000000,1279.75000000,1238.02000000,1240.62000000,4032.72130000,1656248399999,5088875.20224400,6589,1973.86700000,2492029.87734700,0
1656248400000,1240.10000000,1242.06000000,1222.23000000,1227.54000000,3073.43930000,1656251999999,3785982.75337100,5741,1655.35980000,2039418.90358300,0
1656252000000,1227.87000000,1234.10000000,1225.00000000,1228.66000000,1112.13630000,1656255599999,1367373.22122900,2448,458.88920000,564191.05436700,0
1656255600000,1229.15000000,1229.28000000,1210.93000000,1222.72000000,1436.86250000,1656259199999,1750323.30533800,3621,734.30150000,894643.38170400,0
1656259200000,1222.52000000,1233.05000000,1217.33000000,1224.56000000,1031.52110000,1656262799999,1263715.84475500,2371,483.63230000,592421.47864300,0
1656262800000,1224.66000000,1226.84000000,1212.21000000,1222.02000000,1276.02000000,1656266399999,1556579.46649800,2425,504.70690000,615493.20133100,0
1656266400000,1222.02000000,1223.05000000,1208.03000000,1217.74000000,867.32150000,1656269999999,1055308.48819700,2045,387.28310000,470996.94383700,0
1656270000000,1216.95000000,1228.57000000,1216.57000000,1225.31000000,573.90600000,1656273599999,702294.84865300,1404,283.52690000,346858.68565700,0
1656273600000,1225.27000000,1247.94000000,1223.15000000,1246.39000000,1779.57420000,1656277199999,2197116.43446500,2979,817.68670000,1010787.98657400,0
1656277200000,1246.59000000,1249.42000000,1235.25000000,1238.07000000,906.60770000,1656280799999,1124829.08301400,2202,474.44650000,588837.87549100,0
1656280800000,1238.06000000,1240.21000000,1204.51000000,1213.30000000,3070.88360000,1656284399999,3734116.20899500,6154,1562.55680000,1898866.62115900,0
1656284400000,1212.86000000,1219.73000000,1193.85000000,1197.04000000,1669.43380000,1656287999999,2013838.44317600,3715,712.26660000,859270.68551700,0
1656288000000,1197.13000000,1215.06000000,1194.97000000,1208.97000000,2231.67600000,1656291599999,2682786.02502100,3752,1300.24810000,1562505.84589900,0
1656291600000,1208.70000000,1217.81000000,1201.89000000,1214.94000000,1367.20340000,1656295199999,1655116.38433600,3043,763.34760000,924194.43842900,0
1656295200000,1214.80000000,1223.43000000,1211.67000000,1218.85000000,858.44370000,1656298799999,1044872.21744900,1940,443.28630000,539742.89890700,0
1656298800000,1218.24000000,1226.24000000,1214.69000000,1219.19000000,1180.16140000,1656302399999,1439202.71486100,2093,601.31360000,733197.27209400,0
1656302400000,1219.18000000,1228.26000000,1216.20000000,1222.14000000,813.59760000,1656305999999,994396.77106200,1603,426.34620000,521028.70862100,0
1656306000000,1222.59000000,1223.25000000,1212.19000000,1213.85000000,697.23650000,1656309599999,848291.40462700,1788,292.36990000,355730.37444900,0
1656309600000,1214.01000000,1221.21000000,1211.86000000,1220.25000000,558.61460000,1656313199999,678924.34960500,1377,229.99560000,279576.37163600,0
1656313200000,1220.33000000,1235.91000000,1219.11000000,1226.66000000,2323.90480000,1656316799999,2848675.14231800,3114,1761.06520000,2158427.16382200,0
1656316800000,1227.10000000,1234.47000000,1223.33000000,1232.10000000,1053.48940000,1656320399999,1295399.57585800,1592,562.87460000,692312.14214500,0
1656320400000,1232.08000000,1235.26000000,1227.74000000,1232.36000000,486.19270000,1656323999999,598519.85626400,1254,263.50250000,324428.50019200,0
1656324000000,1233.25000000,1237.98000000,1227.53000000,1232.53000000,1943.14830000,1656327599999,2393222.39319200,2864,538.29660000,663603.39844800,0
1656327600000,1232.46000000,1234.79000000,1216.49000000,1218.82000000,1411.96800000,1656331199999,1730397.31490800,2192,524.96600000,642610.59630300,0
1656331200000,1219.43000000,1225.79000000,1210.23000000,1214.55000000,1522.22270000,1656334799999,1853130.47976000,2938,834.38670000,1016089.08713700,0
1656334800000,1214.73000000,1218.31000000,1179.50000000,1182.43000000,3748.06540000,1656338399999,4483583.84882500,6293,1676.57990000,2006589.12861200,0
1656338400000,1181.81000000,1191.71000000,1172.14000000,1189.89000000,2722.22540000,1656341999999,3218336.61089200,5134,1373.48370000,1624194.49083400,0
1656342000000,1189.77000000,1192.71000000,1179.60000000,1186.38000000,1373.91360000,1656345599999,1629125.17576300,2534,698.83730000,829010.55263600,0
1656345600000,1186.26000000,1192.13000000,1180.49000000,1189.75000000,753.65660000,1656349199999,893922.20983700,1838,330.84380000,392338.74121400,0
1656349200000,1190.00000000,1190.76000000,1183.03000000,1185.50000000,714.92110000,1656352799999,848456.63878900,1567,372.10520000,441574.69284100,0
1656352800000,1185.44000000,1210.21000000,1173.00000000,1197.49000000,3032.04260000,1656356399999,3635221.11850100,5165,1263.95590000,1513660.79990300,0
1656356400000,1197.12000000,1200.12000000,1184.72000000,1195.69000000,1230.13540000,1656359999999,1466018.48996000,2462,519.64400000,619517.84041400,0
1656360000000,1195.80000000,1204.92000000,1195.80000000,1201.44000000,589.28900000,1656363599999,708383.46475700,1410,260.70170000,313349.56607800,0
1656363600000,1201.83000000,1204.06000000,1194.99000000,1198.14000000,699.18540000,1656367199999,840085.67568500,1181,209.28430000,251341.11416900,0
1656367200000,1198.75000000,1217.00000000,1194.91000000,1201.02000000,2064.93810000,1656370799999,2492683.23917600,4009,897.65060000,1083768.84410900,0
1656370800000,1201.02000000,1206.03000000,1188.14000000,1190.81000000,1377.33130000,1656374399999,1647474.05971500,2786,504.36600000,602935.09473100,0
1656374400000,1191.08000000,1198.69000000,1175.73000000,1184.71000000,1382.67730000,1656377999999,1642245.86650600,3099,603.25180000,716505.72665400,0
1656378000000,1184.25000000,1189.64000000,1165.00000000,1169.97000000,1616.53820000,1656381599999,1904236.60640200,2907,694.77910000,818747.89480400,0
1656381600000,1170.15000000,1176.64000000,1161.12000000,1173.60000000,1271.65350000,1656385199999,1487783.96480600,2640,596.45490000,697760.84452600,0
1656385200000,1174.21000000,1182.54000000,1173.10000000,1180.28000000,900.63740000,1656388799999,1061233.13364200,1701,380.31250000,448130.62190900,0
1656388800000,1180.49000000,1187.46000000,1177.58000000,1185.26000000,690.16800000,1656392399999,816423.82508700,1262,424.34560000,502068.24815800,0
1656392400000,1185.80000000,1191.76000000,1182.73000000,1183.60000000,576.65230000,1656395999999,684421.36964500,1214,241.36090000,286577.75199400,0
1656396000000,1183.61000000,1201.53000000,1183.61000000,1198.17000000,2022.95440000,1656399599999,2416691.38815100,2664,1285.95640000,1535471.23579400,0
1656399600000,1198.17000000,1213.59000000,1198.17000000,1206.41000000,1530.07680000,1656403199999,1847287.26138600,2251,736.24570000,889174.13896000,0
1656403200000,1206.28000000,1227.25000000,1202.54000000,1223.58000000,1742.59460000,1656406799999,2121834.80696800,2972,1026.03710000,1249757.96796800,0
1656406800000,1223.69000000,1233.09000000,1220.23000000,1222.59000000,2268.23100000,1656410399999,2779838.89279900,2388,869.51530000,1065509.29679300,0
1656410400000,1222.64000000,1225.03000000,1216.84000000,1220.62000000,847.89350000,1656413999999,1035553.28757200,1328,276.72450000,337948.42365200,0
1656414000000,1220.75000000,1231.81000000,1213.28000000,1222.23000000,1581.20390000,1656417599999,1932783.41638600,2076,949.59440000,1160553.83258300,0
1656417600000,1222.11000000,1232.34000000,1220.39000000,1220.59000000,1071.28280000,1656421199999,1312150.40398000,2068,672.49980000,823633.16587500,0
1656421200000,1220.34000000,1236.07000000,1216.10000000,1226.64000000,2306.53610000,1656424799999,2833108.24905200,2932,852.87610000,1046976.99931700,0
1656424800000,1226.58000000,1228.65000000,1193.72000000,1202.88000000,4300.20490000,1656428399999,5191892.13471400,4524,2077.15700000,2509343.64890400,0
1656428400000,1202.00000000,1202.89000000,1180.56000000,1182.29000000,1881.00790000,1656431999999,2239207.23036200,2864,1162.48240000,1385055.67319100,0
1656432000000,1182.40000000,1192.16000000,1178.00000000,1188.12000000,2021.36130000,1656435599999,2396588.34842300,2592,803.90410000,953930.05721600,0
1656435600000,1187.36000000,1188.82000000,1171.81000000,1177.72000000,1629.65950000,1656439199999,1919830.92994200,2049,944.94070000,1113441.80712200,0
1656439200000,1176.34000000,1177.24000000,1153.00000000,1161.08000000,2919.62590000,1656442799999,3390617.00862900,3846,1416.26810000,1644130.14074600,0
1656442800000,1160.93000000,1161.48000000,1150.33000000,1155.10000000,2109.47300000,1656446399999,2440178.55708900,2505,1293.74910000,1497062.85943100,0
1656446400000,1154.75000000,1164.35000000,1152.80000000,1160.66000000,1555.90360000,1656449999999,1802048.14803800,2139,1009.19010000,1168443.94740100,0
1656450000000,1160.45000000,1166.95000000,1159.99000000,1165.80000000,717.89930000,1656453599999,835276.85213900,1199,419.92910000,488694.47502100,0
1656453600000,1165.94000000,1166.08000000,1144.00000000,1146.89000000,1707.43830000,1656457199999,1971688.11760600,1891,890.07080000,1026970.62185100,0
1656457200000,1146.71000000,1150.38000000,1135.09000000,1142.73000000,1640.31680000,1656460799999,1876544.52039000,2261,1013.05600000,1159359.65308800,0
1656460800000,1142.24000000,1150.66000000,1131.76000000,1139.76000000,1419.56490000,1656464399999,1620744.72758900,2131,732.18940000,836288.24807200,0
1656464400000,1139.98000000,1152.64000000,1137.35000000,1149.57000000,734.38460000,1656467999999,842287.70637200,1614,425.40010000,487959.31863200,0
1656468000000,1149.64000000,1155.38000000,1143.80000000,1149.09000000,1620.96420000,1656471599999,1861782.72470900,1941,1156.85180000,1328411.74856800,0
1656471600000,1148.93000000,1151.42000000,1139.07000000,1143.38000000,833.66120000,1656475199999,956256.85942700,1749,300.31090000,344411.65697500,0
1656475200000,1143.55000000,1153.85000000,1142.24000000,1148.27000000,1015.30450000,1656478799999,1165061.94727700,2100,580.48100000,665769.28393100,0
1656478800000,1148.11000000,1150.97000000,1120.94000000,1130.91000000,2691.16920000,1656482399999,3055246.66940700,3453,1607.57920000,1826898.17528300,0
1656482400000,1131.63000000,1133.25000000,1112.98000000,1117.68000000,2909.98060000,1656485999999,3273252.68279700,4574,1296.63450000,1457368.92380000,0
1656486000000,1117.80000000,1131.07000000,1115.19000000,1128.88000000,1445.25710000,1656489599999,1625243.55861600,2875,695.29030000,781378.94714000,0
1656489600000,1128.77000000,1133.90000000,1121.37000000,1123.63000000,7102.87040000,1656493199999,8030630.10835900,4154,1290.92160000,1456457.65486900,0
1656493200000,1123.20000000,1141.50000000,1121.70000000,1127.92000000,1693.64510000,1656496799999,1916354.53229900,2814,801.31960000,907363.74831900,0
1656496800000,1128.15000000,1132.91000000,1123.36000000,1126.26000000,977.04400000,1656500399999,1102362.18942100,1942,562.29070000,634431.11204700,0
1656500400000,1126.12000000,1127.33000000,1101.00000000,1116.50000000,4852.03910000,1656503999999,5397555.88001900,5854,2621.96900000,2915963.25816700,0
1656504000000,1116.31000000,1122.76000000,1103.00000000,1105.00000000,2727.05420000,1656507599999,3030104.22529100,5260,1537.10160000,1707242.19440700,0
1656507600000,1105.24000000,1114.96000000,1088.61000000,1108.87000000,3364.07330000,1656511199999,3710300.32575600,7473,1758.93520000,1940761.64535300,0
1656511200000,1109.20000000,1122.53000000,1106.26000000,1115.02000000,5242.80800000,1656514799999,5855716.26304100,6554,1242.35800000,1386593.99057100,0
1656514800000,1114.91000000,1117.26000000,1102.63000000,1113.05000000,1562.96660000,1656518399999,1736825.72513000,3163,884.88290000,983969.64871400,0
1656518400000,1112.59000000,1114.31000000,1093.62000000,1097.68000000,2107.93610000,1656521999999,2327423.82471400,4500,1224.63990000,1352407.40853900,0
1656522000000,1097.66000000,1105.65000000,1085.91000000,1103.35000000,3864.92140000,1656525599999,4233464.56504500,5833,1811.74090000,1986262.59299700,0
1656525600000,1103.39000000,1109.67000000,1098.87000000,1102.40000000,2623.96950000,1656529199999,2899091.66854500,4030,1730.92610000,1912096.93570500,0
1656529200000,1102.08000000,1117.69000000,1100.03000000,1116.59000000,1128.30770000,1656532799999,1250526.41072700,2938,660.63840000,732201.63384800,0
1656532800000,1116.33000000,1121.18000000,1103.86000000,1108.10000000,1757.56850000,1656536399999,1957377.11292500,3941,927.91260000,1034768.39184100,0
1656536400000,1108.51000000,1117.28000000,1105.66000000,1112.64000000,1230.06510000,1656539999999,1365672.48608400,2171,529.79400000,587792.78369800,0
1656540000000,1112.78000000,1118.39000000,1102.75000000,1107.75000000,2188.58970000,1656543599999,2424144.31453300,7457,1019.82240000,1129254.52159900,0
1656543600000,1108.09000000,1108.09000000,1091.38000000,1098.10000000,1547.34150000,1656547199999,1697058.64335500,3017,753.49540000,826609.61404000,0
1656547200000,1098.97000000,1105.84000000,1087.08000000,1091.23000000,6373.50370000,1656550799999,6981604.70187800,3668,5393.91420000,5907929.96175800,0
1656550800000,1091.16000000,1097.64000000,1075.43000000,1085.20000000,1550.42820000,1656554399999,1684757.70308200,3616,696.83260000,758397.88082000,0
1656554400000,1085.69000000,1095.75000000,1084.31000000,1090.88000000,1080.86930000,1656557999999,1178543.38878400,2019,703.86010000,767405.93099400,0
1656558000000,1091.25000000,1093.31000000,1085.74000000,1092.59000000,1144.94750000,1656561599999,1246980.10063100,1685,844.70470000,919902.48568600,0
1656561600000,1092.21000000,1095.60000000,1086.86000000,1090.21000000,675.24930000,1656565199999,737451.87495300,1837,351.74030000,384192.15532800,0
1656565200000,1090.61000000,1095.42000000,1082.18000000,1087.77000000,817.40530000,1656568799999,889261.84471200,2465,342.83140000,373047.55660900,0
1656568800000,1087.77000000,1090.80000000,1054.40000000,1058.84000000,2882.83270000,1656572399999,3075668.46031900,5704,1486.07990000,1583892.12752600,0
1656572400000,1059.19000000,1061.56000000,1051.00000000,1056.70000000,1994.22700000,1656575999999,2106246.82727000,3748,871.53400000,920408.88360700,0
1656576000000,1056.19000000,1056.19000000,1041.01000000,1047.85000000,2915.24920000,1656579599999,3058140.71624800,4013,1118.18630000,1173242.65474500,0
1656579600000,1047.77000000,1049.73000000,1014.81000000,1027.51000000,5758.70880000,1656583199999,5919935.23809500,8607,2690.71470000,2767611.17202600,0
1656583200000,1027.46000000,1028.29000000,1010.58000000,1020.47000000,3135.67940000,1656586799999,3197825.18580500,5026,1627.74410000,1662849.37737300,0
1656586800000,1021.17000000,1028.04000000,1011.16000000,1017.42000000,2291.69430000,1656590399999,2329376.66675100,4608,1350.59550000,1373142.43204400,0
1656590400000,1017.23000000,1040.35000000,1012.71000000,1031.35000000,2582.75660000,1656593999999,2655135.83798300,5608,1584.17130000,1626301.85384700,0
1656594000000,1030.90000000,1035.82000000,997.00000000,1006.36000000,4153.73530000,1656597599999,4205785.14993200,7942,1551.53740000,1574978.11663600,0
1656597600000,1006.19000000,1029.28000000,1005.00000000,1025.25000000,2205.18970000,1656601199999,2238506.27343900,4978,1227.06960000,1245139.23838000,0
1656601200000,1025.65000000,1039.85000000,1022.96000000,1030.91000000,2488.12640000,1656604799999,2567751.99946000,5558,1238.82080000,1278307.62436800,0
1656604800000,1030.80000000,1052.13000000,1023.50000000,1033.14000000,2281.42940000,1656608399999,2366733.34962300,4520,1299.09070000,1349581.52995000,0
1656608400000,1032.97000000,1039.78000000,1028.62000000,1032.53000000,1295.10320000,1656611999999,1339082.65344400,2367,731.82620000,756437.31586100,0
1656612000000,1032.74000000,1033.73000000,1016.59000000,1020.81000000,1449.90780000,1656615599999,1487847.66545800,2623,741.15670000,761164.84075100,0
1656615600000,1020.54000000,1024.88000000,1010.58000000,1019.79000000,1890.36460000,1656619199999,1923878.95830300,3787,817.51110000,831713.81812300,0
1656619200000,1019.58000000,1031.20000000,1003.80000000,1010.30000000,2205.71650000,1656622799999,2245290.79992900,3705,1344.22530000,1368082.89562100,0
1656622800000,1010.30000000,1035.37000000,1009.90000000,1020.60000000,1562.23440000,1656626399999,1601255.81948300,2684,741.96360000,761737.72235900,0
1656626400000,1020.95000000,1031.34000000,1013.39000000,1022.39000000,1041.67490000,1656629999999,1067313.34576700,2242,399.62220000,409527.37493300,0
1656630000000,1021.94000000,1081.34000000,1016.29000000,1069.82000000,4870.28240000,1656633599999,5116393.51952600,5482,3402.37450000,3579567.32387500,0
1656633600000,1069.88000000,1114.82000000,1049.28000000,1094.21000000,6694.60840000,1656637199999,7230749.53194400,14759,3966.57670000,4279508.97226900,0
1656637200000,1094.56000000,1101.62000000,1083.03000000,1095.11000000,3031.10670000,1656640799999,3307857.94573800,7839,1610.86500000,1757503.21767600,0
1656640800000,1095.60000000,1107.18000000,1089.00000000,1090.64000000,1686.67620000,1656644399999,1848709.37807500,4269,740.57080000,811827.12865900,0
1656644400000,1091.06000000,1091.82000000,1053.34000000,1053.34000000,2377.32960000,1656647999999,2548833.11061300,5430,938.65380000,1007477.09932900,0
1656648000000,1053.51000000,1063.57000000,1043.62000000,1049.08000000,3090.75640000,1656651599999,3248335.28648600,6155,1317.71680000,1384329.10329300,0
1656651600000,1048.99000000,1061.75000000,1045.81000000,1055.59000000,1422.58830000,1656655199999,1500415.80537300,4019,802.64950000,846537.02862000,0
1656655200000,1055.30000000,1057.97000000,1048.59000000,1054.96000000,1402.13570000,1656658799999,1477041.96241400,2942,929.98670000,979767.31526800,0
1656658800000,1054.47000000,1074.59000000,1049.57000000,1065.50000000,1293.35580000,1656662399999,1377274.69386100,3548,742.54890000,790312.65358100,0
1656662400000,1066.09000000,1085.98000000,1061.04000000,1068.45000000,1824.18070000,1656665999999,1959624.07470900,5175,937.12040000,1006825.65054900,0
1656666000000,1068.67000000,1073.76000000,1059.32000000,1062.20000000,2086.26720000,1656669599999,2224944.54511000,4429,780.06750000,832152.67019600,0
1656669600000,1062.33000000,1067.05000000,1034.87000000,1038.32000000,3065.13820000,1656673199999,3221111.40310700,5595,997.17680000,1049878.95082900,0
1656673200000,1038.42000000,1050.78000000,1032.13000000,1048.70000000,1661.35520000,1656676799999,1734978.22832500,4067,744.55480000,777219.47779400,0
1656676800000,1048.59000000,1054.84000000,1039.84000000,1048.82000000,1509.87340000,1656680399999,1584713.72510000,3336,827.90630000,869098.62293900,0
1656680400000,1048.33000000,1073.35000000,1043.26000000,1060.91000000,2599.78510000,1656683999999,2753416.75720400,6559,1291.09630000,1369549.34854500,0
1656684000000,1060.42000000,1065.90000000,1043.20000000,1056.26000000,2019.17840000,1656687599999,2125127.77511000,5457,858.99450000,904905.46171300,0
1656687600000,1055.63000000,1064.28000000,1051.03000000,1056.33000000,986.84560000,1656691199999,1043701.50922000,2586,594.58750000,629138.09113300,0
1656691200000,1056.09000000,1070.12000000,1053.54000000,1063.22000000,1168.44720000,1656694799999,1244817.39678900,2244,695.24230000,740783.36321400,0
1656694800000,1063.95000000,1080.68000000,1060.86000000,1072.88000000,1090.00090000,1656698399999,1167297.63837900,2407,619.57430000,663712.65786700,0
1656698400000,1072.80000000,1076.01000000,1066.62000000,1070.22000000,1202.66570000,1656701999999,1288589.29582200,2210,662.22260000,709744.91657900,0
1656702000000,1069.68000000,1071.89000000,1056.76000000,1066.60000000,1158.91580000,1656705599999,1232562.98948200,2370,620.84250000,660658.66874100,0
1656705600000,1066.37000000,1091.11000000,1063.61000000,1068.41000000,2445.57240000,1656709199999,2636297.32351500,3605,1254.56370000,1352464.76512200,0
1656709200000,1068.09000000,1075.25000000,1061.68000000,1067.42000000,998.31280000,1656712799999,1067218.83985600,1411,234.45940000,250806.91629300,0
1656712800000,1067.06000000,1070.07000000,1059.47000000,1063.46000000,1332.86060000,1656716399999,1418001.15465000,1821,413.81460000,440703.85150200,0
1656716400000,1063.71000000,1073.08000000,1053.45000000,1058.30000000,829.98960000,1656719999999,884679.28648100,1376,465.54060000,496352.51263100,0
1656720000000,1058.61000000,1068.20000000,1049.88000000,1050.75000000,1539.46700000,1656723599999,1628725.45782800,3221,824.02740000,871941.28295700,0
1656723600000,1050.30000000,1063.49000000,1045.74000000,1057.89000000,1305.49960000,1656727199999,1375893.57152100,2508,409.11270000,432046.33262900,0
1656727200000,1058.01000000,1061.82000000,1035.78000000,1040.46000000,1161.10620000,1656730799999,1213897.33649600,3289,530.87670000,554903.34673900,0
1656730800000,1040.40000000,1042.44000000,1032.57000000,1036.96000000,961.21630000,1656734399999,997617.01657900,2566,452.55650000,469643.12987400,0
1656734400000,1036.19000000,1045.76000000,1034.51000000,1044.06000000,879.64740000,1656737999999,916494.67281200,1961,444.76890000,463471.67304600,0
1656738000000,1043.94000000,1050.26000000,1041.80000000,1044.85000000,871.83810000,1656741599999,911162.18105300,1822,410.86760000,429316.00088600,0
1656741600000,1045.23000000,1049.30000000,1043.25000000,1046.17000000,314.04460000,1656745199999,328554.21938600,984,162.70570000,170260.80933800,0
1656745200000,1046.30000000,1052.05000000,1039.43000000,1040.79000000,491.33460000,1656748799999,513275.51505000,1438,261.51370000,273314.14879900,0
1656748800000,1040.92000000,1044.09000000,1035.45000000,1038.36000000,828.97370000,1656752399999,861618.71109400,1792,314.74400000,327149.20397800,0
1656752400000,1038.23000000,1043.92000000,1026.92000000,1039.40000000,1011.45490000,1656755999999,1046850.60101800,2560,546.13750000,565269.19606500,0
1656756000000,1039.83000000,1047.52000000,1034.49000000,1044.30000000,524.46340000,1656759599999,546186.08226600,1725,289.51100000,301419.45114600,0
1656759600000,1044.78000000,1045.97000000,1037.74000000,1042.25000000,899.61540000,1656763199999,936923.22603200,1738,597.80750000,622402.86615800,0
1656763200000,1042.43000000,1063.77000000,1038.49000000,1057.36000000,1938.40220000,1656766799999,2035943.85629700,4235,1196.12150000,1255695.00978400,0
1656766800000,1057.45000000,1057.65000000,1048.12000000,1051.24000000,562.15440000,1656770399999,591613.31001200,1585,227.69810000,239617.21350800,0
1656770400000,1051.05000000,1061.09000000,1050.37000000,1053.74000000,751.60800000,1656773999999,793702.84918000,2038,400.50640000,422847.16689800,0
1656774000000,1054.24000000,1054.85000000,1042.89000000,1051.50000000,871.75140000,1656777599999,915169.67899200,2108,431.31310000,452749.97669200,0
1656777600000,1051.71000000,1066.77000000,1048.12000000,1060.39000000,2026.97210000,1656781199999,2145877.70400400,3268,986.76640000,1044976.95422200,0
1656781200000,1060.38000000,1065.47000000,1057.82000000,1062.06000000,2325.96420000,1656784799999,2469321.56143000,2276,593.54150000,629819.92783600,0
1656784800000,1062.21000000,1076.02000000,1060.93000000,1068.74000000,1381.57920000,1656788399999,1472903.00779600,2324,890.34170000,948405.95966100,0
1656788400000,1068.91000000,1077.51000000,1060.39000000,1064.28000000,1323.80780000,1656791999999,1414509.72236500,3070,698.35690000,746537.13419100,0
1656792000000,1064.71000000,1066.46000000,1059.13000000,1063.32000000,484.71740000,1656795599999,514943.04900500,1278,236.08990000,250761.23284700,0
1656795600000,1063.43000000,1073.19000000,1062.42000000,1072.04000000,501.89880000,1656799199999,535902.09764500,1675,310.66610000,331774.31174900,0
1656799200000,1072.04000000,1074.20000000,1066.86000000,1069.57000000,386.52430000,1656802799999,414035.95152000,1401,212.18570000,227303.23411200,0
1656802800000,1069.35000000,1070.34000000,1063.81000000,1065.69000000,406.26250000,1656806399999,433517.12173300,1186,252.69440000,269698.49101900,0
1656806400000,1065.71000000,1070.01000000,1057.20000000,1061.90000000,1071.60000000,1656809999999,1136531.13390700,1694,184.02980000,195401.73533200,0
1656810000000,1061.92000000,1062.54000000,1053.03000000,1055.29000000,709.11140000,1656813599999,750473.94889800,1372,190.02250000,200880.95842900,0
1656813600000,1055.17000000,1061.00000000,1055.00000000,1059.65000000,511.82510000,1656817199999,542457.61643200,899,136.92520000,144881.93041700,0
1656817200000,1059.77000000,1065.08000000,1056.32000000,1061.21000000,342.55490000,1656820799999,363578.75647700,921,165.10780000,175285.45692200,0
1656820800000,1061.78000000,1071.53000000,1039.88000000,1071.53000000,747.50640000,1656824399999,789347.87181200,2989,412.21050000,435141.62670600,0
1656824400000,1071.22000000,1090.67000000,1055.45000000,1057.48000000,1630.88210000,1656827999999,1746364.42189600,5676,834.39700000,895696.22270600,0
1656828000000,1057.61000000,1064.50000000,1055.68000000,1063.22000000,481.64990000,1656831599999,510557.76189800,1711,218.34300000,231485.89668700,0
1656831600000,1063.44000000,1063.54000000,1058.45000000,1062.35000000,236.12170000,1656835199999,250563.19858400,987,102.55680000,108849.57172900,0
1656835200000,1062.48000000,1063.86000000,1048.53000000,1056.33000000,767.84380000,1656838799999,809973.06517400,2296,312.23070000,329622.90726700,0
1656838800000,1055.98000000,1059.95000000,1051.48000000,1057.51000000,1250.98400000,1656842399999,1320341.81710200,1994,932.04410000,983642.40933800,0
1656842400000,1057.93000000,1062.70000000,1057.25000000,1060.14000000,201.66370000,1656845999999,213853.91245600,746,108.96490000,115558.37020300,0
1656846000000,1060.08000000,1063.98000000,1058.79000000,1059.81000000,277.25900000,1656849599999,294392.12792500,841,135.92750000,144331.01335300,0
1656849600000,1059.75000000,1061.99000000,1045.79000000,1053.44000000,914.09880000,1656853199999,963957.12571600,1619,545.47360000,575520.67592800,0
1656853200000,1053.65000000,1054.36000000,1040.05000000,1041.45000000,655.32050000,1656856799999,686608.33351700,1812,301.31150000,315970.04148600,0
1656856800000,1041.10000000,1052.57000000,1039.56000000,1050.14000000,895.33980000,1656860399999,937586.77778100,1701,655.70570000,686688.94521600,0
1656860400000,1050.49000000,1054.84000000,1047.76000000,1049.60000000,664.00590000,1656863999999,698252.99920100,1531,451.57800000,474927.25448300,0
1656864000000,1049.28000000,1060.00000000,1048.34000000,1056.35000000,688.05400000,1656867599999,726069.07008700,1526,326.12330000,344100.91083800,0
1656867600000,1056.49000000,1061.28000000,1052.71000000,1058.81000000,464.17560000,1656871199999,490480.47107400,1020,341.87770000,361338.24857100,0
1656871200000,1059.23000000,1062.21000000,1055.91000000,1058.21000000,267.35330000,1656874799999,282813.56163800,773,136.43390000,144360.55911300,0
1656874800000,1058.78000000,1081.98000000,1057.99000000,1076.51000000,962.93120000,1656878399999,1032102.77025200,2753,528.22780000,566095.60412800,0
1656878400000,1077.35000000,1085.21000000,1076.28000000,1083.94000000,1300.93580000,1656881999999,1407167.00579700,2931,697.38630000,754839.33167300,0
1656882000000,1083.63000000,1085.99000000,1072.78000000,1074.96000000,621.49090000,1656885599999,670073.05772500,1721,376.93150000,406205.16772400,0
1656885600000,1074.71000000,1080.62000000,1068.76000000,1074.73000000,581.55130000,1656889199999,624987.05233400,1637,337.79500000,363157.61344300,0
1656889200000,1074.65000000,1078.07000000,1068.76000000,1072.94000000,439.78620000,1656892799999,472347.37418400,1180,267.43980000,287242.43156000,0
1656892800000,1072.88000000,1075.52000000,1066.02000000,1071.74000000,1617.04590000,1656896399999,1731670.86408900,2399,777.78360000,833157.05679600,0
1656896400000,1071.66000000,1073.63000000,1066.54000000,1073.13000000,802.72020000,1656899999999,858878.20712800,1439,269.71420000,288611.83121600,0
1656900000000,1073.39000000,1074.38000000,1048.26000000,1048.80000000,1352.86670000,1656903599999,1435805.68705300,2776,589.84640000,625945.06639100,0
1656903600000,1048.88000000,1053.19000000,1046.59000000,1050.61000000,1099.25260000,1656907199999,1152667.43977300,1533,329.08610000,345302.34847400,0
1656907200000,1050.06000000,1055.70000000,1049.24000000,1053.90000000,1062.30730000,1656910799999,1117993.10363800,1179,623.54580000,656041.34021300,0
1656910800000,1054.15000000,1056.30000000,1051.86000000,1053.15000000,384.55550000,1656914399999,405292.26624100,745,205.37350000,216444.38951300,0
1656914400000,1053.27000000,1056.56000000,1044.32000000,1046.13000000,723.26910000,1656917999999,761162.41803200,1191,404.21520000,425472.46032700,0
1656918000000,1046.25000000,1051.15000000,1044.98000000,1049.79000000,532.11160000,1656921599999,557947.89269300,1159,259.53630000,272140.67100800,0
1656921600000,1049.62000000,1053.29000000,1048.91000000,1050.10000000,394.43420000,1656925199999,414608.13282700,1078,219.47060000,230743.23886600,0
1656925200000,1049.78000000,1071.00000000,1049.51000000,1067.32000000,2253.25130000,1656928799999,2389964.40746400,3344,1438.05810000,1525612.79320200,0
1656928800000,1068.41000000,1078.58000000,1067.03000000,1074.04000000,1917.12370000,1656932399999,2057452.77164200,3190,1193.59410000,1280591.05411100,0
1656932400000,1074.01000000,1104.32000000,1070.49000000,1099.48000000,3567.24260000,1656935999999,3867838.64572800,5400,1810.10490000,1966568.01734300,0
1656936000000,1099.84000000,1115.00000000,1099.59000000,1107.70000000,3493.17750000,1656939599999,3861322.05442600,7046,1983.55850000,2193248.50589100,0
1656939600000,1107.95000000,1108.85000000,1087.33000000,1088.64000000,2092.49820000,1656943199999,2299166.66641600,3397,628.22450000,690601.53866300,0
1656943200000,1088.95000000,1094.32000000,1083.06000000,1089.00000000,1796.16130000,1656946799999,1954150.96184000,3074,728.73480000,793089.85340900,0
1656946800000,1089.12000000,1132.99000000,1089.12000000,1111.20000000,3414.19770000,1656950399999,3800568.16139500,7212,1815.94870000,2021448.35763100,0
1656950400000,1111.10000000,1115.20000000,1101.97000000,1108.11000000,1498.81160000,1656953999999,1658330.43755900,2879,894.95310000,989829.03734300,0
1656954000000,1108.26000000,1132.58000000,1107.72000000,1124.64000000,1892.42430000,1656957599999,2126641.96101000,4116,1062.66510000,1194060.49686000,0
1656957600000,1124.73000000,1134.56000000,1119.02000000,1129.42000000,1767.57540000,1656961199999,1986413.52852300,3042,949.42400000,1066955.29086900,0
1656961200000,1129.27000000,1132.89000000,1116.62000000,1122.23000000,1156.56030000,1656964799999,1297828.14602900,2553,588.73130000,660906.23198600,0
1656964800000,1122.23000000,1125.73000000,1115.90000000,1120.45000000,633.34830000,1656968399999,709311.04420500,1768,372.60040000,417235.02812700,0
1656968400000,1120.84000000,1145.71000000,1118.36000000,1134.00000000,793.82260000,1656971999999,897517.80846500,2170,406.63540000,459754.47569000,0
1656972000000,1134.53000000,1148.50000000,1129.72000000,1141.85000000,1600.92830000,1656975599999,1824761.24619200,4631,847.62640000,965591.47512600,0
1656975600000,1141.87000000,1159.46000000,1139.47000000,1149.63000000,4160.43690000,1656979199999,4782652.02464700,5680,1831.78530000,2103077.32372800,0
1656979200000,1149.60000000,1162.06000000,1146.88000000,1151.96000000,2035.15150000,1656982799999,2350280.83512500,4562,1022.14860000,1180925.95658800,0
1656982800000,1152.19000000,1154.09000000,1144.42000000,1151.03000000,2042.26430000,1656986399999,2344572.62271500,2652,1542.09710000,1769935.03644200,0
1656986400000,1150.04000000,1150.57000000,1141.07000000,1143.33000000,818.23390000,1656989999999,937015.13531300,1973,433.78760000,496578.12158900,0
1656990000000,1143.20000000,1154.89000000,1143.20000000,1151.71000000,531.98940000,1656993599999,610785.50717800,1392,292.12820000,335485.56630400,0
1656993600000,1152.02000000,1152.46000000,1140.96000000,1149.52000000,684.40830000,1656997199999,785146.86358200,1683,292.18270000,335048.00637500,0
1656997200000,1149.75000000,1166.64000000,1146.94000000,1157.04000000,1955.94860000,1657000799999,2265990.62882500,3710,1335.65910000,1548019.00074500,0
1657000800000,1157.03000000,1172.84000000,1156.44000000,1164.79000000,1545.20130000,1657004399999,1800417.59368200,2784,773.32030000,901561.01784000,0
1657004400000,1164.73000000,1164.73000000,1152.71000000,1156.92000000,1061.99080000,1657007999999,1228859.53257400,2364,576.32480000,666873.92075200,0
1657008000000,1157.06000000,1157.11000000,1133.01000000,1136.39000000,2454.23690000,1657011599999,2799996.03372000,4984,1048.42260000,1196582.27374700,0
1657011600000,1136.00000000,1139.76000000,1118.91000000,1128.57000000,3662.19370000,1657015199999,4133031.66709800,4894,1276.26720000,1442763.77996200,0
1657015200000,1128.58000000,1131.64000000,1124.28000000,1127.78000000,843.06060000,1657018799999,950218.80366600,1871,444.30370000,500726.43510000,0
1657018800000,1127.64000000,1132.64000000,1106.09000000,1110.74000000,1762.27910000,1657022399999,1967718.10475200,3617,820.11000000,915655.49149300,0
1657022400000,1110.42000000,1111.57000000,1090.32000000,1092.49000000,3282.57560000,1657025999999,3613467.67866000,5607,1348.53170000,1486006.89048200,0
1657026000000,1091.97000000,1103.15000000,1086.29000000,1093.98000000,2310.16870000,1657029599999,2528893.66230600,5709,1181.27170000,1293452.28763900,0
1657029600000,1093.60000000,1106.51000000,1087.82000000,1091.99000000,2154.17920000,1657033199999,2367058.42782200,4410,766.99880000,842448.74145500,0
1657033200000,1092.13000000,1093.85000000,1075.00000000,1091.71000000,2062.00540000,1657036799999,2238280.44994300,4757,1161.31430000,1260470.47797300,0
1657036800000,1091.61000000,1102.76000000,1087.03000000,1094.67000000,4226.16310000,1657040399999,4634609.92088300,5470,1221.99730000,1340145.50544300,0
1657040400000,1094.36000000,1107.04000000,1092.97000000,1100.90000000,1550.66980000,1657043999999,1707518.03909800,3183,690.79150000,760784.73391400,0
1657044000000,1101.60000000,1126.84000000,1098.17000000,1126.35000000,1845.94060000,1657047599999,2052673.68100100,4320,877.55510000,976512.75611600,0
1657047600000,1126.53000000,1151.56000000,1122.63000000,1145.26000000,4734.44800000,1657051199999,5378235.55027800,7025,2548.62500000,2895753.75903000,0
1657051200000,1145.45000000,1169.57000000,1143.54000000,1153.66000000,6519.33360000,1657054799999,7553324.90472200,7138,1985.85100000,2298773.38804400,0
1657054800000,1153.32000000,1157.83000000,1135.96000000,1151.29000000,3874.96940000,1657058399999,4443981.77219100,3783,2709.17140000,3106217.92149000,0
1657058400000,1151.68000000,1154.26000000,1137.13000000,1150.32000000,1394.81360000,1657061999999,1595506.39120500,2443,675.40370000,773195.45112800,0
1657062000000,1150.46000000,1150.46000000,1126.37000000,1131.69000000,1798.32650000,1657065599999,2041477.73318000,2756,501.81320000,570073.53565300,0
1657065600000,1131.27000000,1153.10000000,1124.45000000,1142.90000000,1530.01120000,1657069199999,1742829.22766200,4019,767.85950000,874592.87423900,0
1657069200000,1143.13000000,1147.17000000,1112.02000000,1114.06000000,1207.39930000,1657072799999,1359535.61036400,3921,510.71740000,575282.71990500,0
1657072800000,1113.70000000,1122.47000000,1110.03000000,1117.91000000,1058.84300000,1657076399999,1181748.99036600,2916,514.05480000,573660.94307600,0
1657076400000,1117.63000000,1132.40000000,1112.46000000,1129.71000000,1168.10350000,1657079999999,1310189.22192600,2545,593.75510000,666185.88778500,0
1657080000000,1129.98000000,1149.39000000,1126.03000000,1131.41000000,2687.06920000,1657083599999,3058292.98892600,5251,1786.84890000,2033351.52981200,0
1657083600000,1131.24000000,1141.19000000,1120.88000000,1130.46000000,1586.70990000,1657087199999,1792541.30912100,3205,735.97440000,832853.55680500,0
1657087200000,1130.69000000,1134.35000000,1119.24000000,1133.56000000,934.97790000,1657090799999,1053666.69878400,2603,538.14970000,606423.96895200,0
1657090800000,1133.83000000,1143.57000000,1131.45000000,1138.25000000,878.06660000,1657094399999,999334.85622300,2607,533.57530000,607374.35112500,0
1657094400000,1137.96000000,1147.70000000,1132.52000000,1139.64000000,1027.32820000,1657097999999,1172200.01137500,2962,517.16200000,590651.00869700,0
1657098000000,1139.24000000,1154.47000000,1136.61000000,1145.52000000,899.46810000,1657101599999,1030340.64811000,2310,469.99930000,538527.47728200,0
1657101600000,1145.79000000,1147.06000000,1132.02000000,1139.49000000,1208.59580000,1657105199999,1376956.79735700,2755,528.55570000,602106.90837100,0
1657105200000,1139.45000000,1140.64000000,1127.40000000,1132.84000000,1519.08990000,1657108799999,1722408.55076700,3207,677.87160000,768755.92820100,0
1657108800000,1132.83000000,1139.83000000,1121.75000000,1135.19000000,1672.86940000,1657112399999,1892301.77905500,3761,775.68440000,878643.30007400,0
1657112400000,1134.95000000,1149.75000000,1125.56000000,1140.00000000,3227.90630000,1657115999999,3668834.62668600,5114,1406.45280000,1599754.01756100,0
1657116000000,1140.12000000,1145.24000000,1131.43000000,1138.51000000,1420.23150000,1657119599999,1616434.57379500,2934,833.31890000,948471.16663000,0
1657119600000,1138.24000000,1138.31000000,1124.94000000,1132.23000000,1723.23720000,1657123199999,1947374.50009600,2366,468.70970000,530293.27652300,0
1657123200000,1132.50000000,1146.37000000,1131.31000000,1144.31000000,1247.69130000,1657126799999,1424873.99667700,2159,547.44350000,624661.08137700,0
1657126800000,1144.27000000,1148.79000000,1136.54000000,1140.64000000,824.85860000,1657130399999,942036.37668400,1873,483.58000000,552512.95261900,0
1657130400000,1140.23000000,1164.63000000,1133.04000000,1161.42000000,3548.69730000,1657133999999,4096270.76322400,5513,1812.47840000,2090596.44645500,0
1657134000000,1161.87000000,1167.51000000,1147.24000000,1151.86000000,1511.72680000,1657137599999,1749945.00007100,2254,479.23900000,555785.89185500,0
1657137600000,1152.15000000,1163.73000000,1149.77000000,1160.67000000,1319.62630000,1657141199999,1524950.81171300,1961,645.10740000,745254.54415000,0
1657141200000,1160.48000000,1163.22000000,1154.06000000,1160.99000000,637.00900000,1657144799999,738988.10361700,1072,202.78040000,235089.41073800,0
1657144800000,1161.38000000,1192.43000000,1160.58000000,1189.48000000,3247.26810000,1657148399999,3842501.15424200,4777,1669.89590000,1976230.44553400,0
1657148400000,1189.49000000,1203.50000000,1184.35000000,1185.56000000,1732.94950000,1657151999999,2069035.04855400,2856,910.12420000,1087350.75850500,0
1657152000000,1185.27000000,1188.73000000,1179.00000000,1183.14000000,1252.30610000,1657155599999,1482711.75113500,2349,375.35980000,444551.36294600,0
1657155600000,1183.49000000,1187.63000000,1176.00000000,1183.41000000,991.54980000,1657159199999,1172172.05276500,2199,382.57290000,452402.41755500,0
1657159200000,1183.61000000,1186.11000000,1165.20000000,1169.40000000,1831.52220000,1657162799999,2147863.43382600,3313,811.54290000,951142.70626900,0
1657162800000,1169.36000000,1176.73000000,1166.23000000,1174.91000000,882.85310000,1657166399999,1033645.76881200,1600,296.82050000,347644.18129500,0
1657166400000,1174.51000000,1176.20000000,1164.43000000,1170.38000000,3011.03610000,1657169999999,3518508.56037400,3197,2122.49380000,2479696.71451900,0
1657170000000,1170.65000000,1174.19000000,1162.40000000,1163.98000000,1601.31330000,1657173599999,1871632.26728900,2708,674.89970000,788770.95600500,0
1657173600000,1163.89000000,1169.47000000,1162.23000000,1167.56000000,1595.02150000,1657177199999,1860276.33806400,2134,1006.80530000,1174374.82364600,0
1657177200000,1167.74000000,1177.09000000,1165.93000000,1175.62000000,1553.31030000,1657180799999,1821228.31107500,2845,771.02890000,903879.86857600,0
1657180800000,1175.18000000,1188.99000000,1172.00000000,1184.92000000,2234.13400000,1657184399999,2635395.88389300,3650,1037.23210000,1222858.73916300,0
1657184400000,1184.30000000,1192.53000000,1180.67000000,1184.17000000,4129.53220000,1657187999999,4896395.10438400,4136,1485.20070000,1760486.79064300,0
1657188000000,1184.24000000,1186.56000000,1178.96000000,1185.16000000,5777.33070000,1657191599999,6832495.70509600,4081,3676.42430000,4345989.35979500,0
1657191600000,1185.13000000,1185.40000000,1177.27000000,1185.15000000,1270.34350000,1657195199999,1501280.10265200,2364,623.23010000,736441.94381000,0
1657195200000,1185.15000000,1190.88000000,1178.30000000,1186.37000000,2998.45190000,1657198799999,3556830.10692600,3712,818.52090000,969763.65097700,0
1657198800000,1186.44000000,1200.50000000,1180.67000000,1196.07000000,3975.52600000,1657202399999,4733956.68153400,5069,2223.54970000,2647893.03952200,0
1657202400000,1196.30000000,1227.84000000,1191.74000000,1221.55000000,22833.82950000,1657205999999,27827558.08607000,16774,15236.35220000,18589888.39905800,0
1657206000000,1221.91000000,1227.60000000,1212.47000000,1219.30000000,2837.99290000,1657209599999,3457631.12343000,4095,1323.50840000,1613219.42892500,0
1657209600000,1219.22000000,1238.72000000,1213.54000000,1232.35000000,4792.62280000,1657213199999,5875993.49078300,6259,2066.99880000,2531426.33115800,0
1657213200000,1232.40000000,1232.97000000,1216.17000000,1220.71000000,2153.82940000,1657216799999,2632323.90433300,3911,1012.69450000,1237252.51747500,0
1657216800000,1221.40000000,1236.00000000,1220.03000000,1233.01000000,3070.96360000,1657220399999,3776767.17802500,5451,1463.86910000,1800747.52544500,0
1657220400000,1233.10000000,1253.46000000,1232.56000000,1246.87000000,7490.62300000,1657223999999,9306568.03654600,9205,3475.88470000,4318841.52862400,0
1657224000000,1247.08000000,1251.77000000,1232.00000000,1237.44000000,2919.91770000,1657227599999,3613646.82505600,4834,1260.00950000,1559821.09790200,0
1657227600000,1237.44000000,1241.56000000,1232.70000000,1238.98000000,638.52890000,1657231199999,790021.57794200,1607,249.57900000,308847.50407300,0
1657231200000,1239.58000000,1240.84000000,1224.00000000,1229.00000000,2727.67420000,1657234799999,3349559.45963500,3229,1959.27840000,2404230.93024800,0
1657234800000,1229.04000000,1244.00000000,1226.77000000,1236.01000000,1267.85730000,1657238399999,1565006.54108300,1920,572.42790000,707105.64964600,0
1657238400000,1237.03000000,1242.81000000,1230.42000000,1241.15000000,1630.02840000,1657241999999,2013761.55539600,3102,598.40010000,739671.57815600,0
1657242000000,1241.26000000,1275.64000000,1238.00000000,1260.89000000,4511.34740000,1657245599999,5661117.95622200,7447,2043.97620000,2564488.09441100,0
1657245600000,1261.60000000,1262.84000000,1241.86000000,1253.28000000,2896.30450000,1657249199999,3621289.92039100,4607,900.31010000,1126278.27607400,0
1657249200000,1253.39000000,1258.71000000,1249.70000000,1258.64000000,1088.56320000,1657252799999,1365672.70652100,2263,378.24090000,474651.44550400,0
1657252800000,1258.64000000,1266.79000000,1252.16000000,1253.49000000,1315.57440000,1657256399999,1655913.37902100,2469,627.50900000,789973.95002500,0
1657256400000,1252.40000000,1255.46000000,1238.00000000,1244.00000000,1473.89540000,1657259999999,1840975.46066400,2734,732.74530000,914858.42282100,0
1657260000000,1244.04000000,1248.07000000,1239.81000000,1242.57000000,4100.76480000,1657263599999,5099648.29819900,3212,2571.70710000,3194748.92217000,0
1657263600000,1243.60000000,1244.97000000,1233.47000000,1240.56000000,1325.04170000,1657267199999,1641206.71039500,2291,722.04860000,894590.80434600,0
1657267200000,1240.50000000,1244.19000000,1215.93000000,1216.91000000,1290.08470000,1657270799999,1585930.99939200,3145,531.26030000,653732.06892600,0
1657270800000,1216.53000000,1219.91000000,1203.82000000,1216.42000000,4594.18310000,1657274399999,5565318.65235200,5872,2454.52210000,2972048.81679700,0
1657274400000,1216.19000000,1230.54000000,1212.10000000,1216.69000000,2227.64900000,1657277999999,2724578.86313100,3540,929.26600000,1135559.34964700,0
1657278000000,1216.63000000,1226.34000000,1213.21000000,1220.00000000,1638.42860000,1657281599999,2003029.87423300,2568,1184.99710000,1449279.18235900,0
1657281600000,1220.34000000,1233.89000000,1200.03000000,1210.50000000,5566.20140000,1657285199999,6768326.29731300,7613,3719.14990000,4521308.90872300,0
1657285200000,1210.00000000,1219.98000000,1192.94000000,1197.98000000,2611.66250000,1657288799999,3153643.44059100,5773,1266.61200000,1529728.55260800,0
1657288800000,1198.08000000,1230.76000000,1192.41000000,1226.14000000,4913.49840000,1657292399999,5973286.08457000,6442,1966.97230000,2392777.92550300,0
1657292400000,1226.49000000,1240.42000000,1221.02000000,1234.92000000,5772.33670000,1657295999999,7114921.74085800,7326,2840.82580000,3503399.70522700,0
1657296000000,1234.91000000,1235.81000000,1213.17000000,1221.04000000,2188.91630000,1657299599999,2674120.21575100,3948,880.06730000,1074834.66351900,0
1657299600000,1220.58000000,1229.99000000,1215.74000000,1224.78000000,1701.21510000,1657303199999,2083493.22703200,2647,532.60540000,651861.33722900,0
1657303200000,1224.91000000,1236.66000000,1221.04000000,1227.64000000,1204.22200000,1657306799999,1480276.71982700,2303,536.12960000,659242.26396200,0
1657306800000,1227.35000000,1246.98000000,1220.70000000,1239.37000000,2026.97850000,1657310399999,2503535.60053100,3473,879.61090000,1085290.54092500,0
1657310400000,1238.84000000,1254.41000000,1235.42000000,1243.07000000,1511.79210000,1657313999999,1881230.95497500,3034,804.26680000,1000379.30619300,0
1657314000000,1243.05000000,1250.58000000,1226.90000000,1228.45000000,1040.84520000,1657317599999,1293052.09710000,2185,479.77130000,596153.39790200,0
1657317600000,1228.38000000,1236.65000000,1227.67000000,1230.49000000,1168.62670000,1657321199999,1440898.66805700,2014,715.44560000,882039.86067900,0
1657321200000,1230.64000000,1242.12000000,1210.85000000,1213.09000000,3165.63540000,1657324799999,3898308.71580100,3785,1612.39820000,1982968.99130300,0
1657324800000,1213.10000000,1221.07000000,1206.44000000,1210.24000000,3155.53670000,1657328399999,3832045.98990100,4710,1511.57840000,1834953.82092400,0
1657328400000,1210.42000000,1218.58000000,1208.42000000,1211.65000000,1165.67250000,1657331999999,1412976.78645600,2374,577.75320000,700386.28745300,0
1657332000000,1211.50000000,1216.17000000,1210.65000000,1215.14000000,831.30080000,1657335599999,1008638.71924100,1566,468.37650000,568256.70077500,0
1657335600000,1214.91000000,1216.45000000,1203.80000000,1215.57000000,1604.11880000,1657339199999,1941681.20045300,2401,996.48990000,1205298.08592200,0
1657339200000,1215.91000000,1217.92000000,1209.81000000,1216.90000000,1134.73540000,1657342799999,1376839.91123600,2227,532.39730000,645955.27230700,0
1657342800000,1216.68000000,1221.93000000,1210.53000000,1214.04000000,1134.78810000,1657346399999,1378761.23748200,1994,669.37090000,813208.24676400,0
1657346400000,1213.88000000,1218.72000000,1212.96000000,1217.05000000,1199.59290000,1657349999999,1458556.47289700,1736,855.02480000,1039620.20328800,0
1657350000000,1216.97000000,1226.58000000,1216.71000000,1224.21000000,1700.76670000,1657353599999,2078300.27280800,2476,622.17940000,760473.34093000,0
1657353600000,1224.18000000,1227.15000000,1218.05000000,1226.57000000,982.48720000,1657357199999,1202066.22933700,2022,537.47090000,657731.85044600,0
1657357200000,1226.34000000,1226.34000000,1215.59000000,1219.06000000,765.57190000,1657360799999,934885.02534100,1629,355.97430000,434795.98629300,0
1657360800000,1219.15000000,1225.49000000,1215.95000000,1224.48000000,1127.98940000,1657364399999,1377920.24115900,1886,628.90660000,768311.98339000,0
1657364400000,1224.18000000,1225.81000000,1204.62000000,1210.00000000,2429.22180000,1657367999999,2949092.86038100,2888,737.00010000,896357.74223900,0
1657368000000,1210.00000000,1215.57000000,1205.93000000,1213.57000000,1955.82480000,1657371599999,2368735.96131600,3327,599.95980000,726986.65956600,0
1657371600000,1213.32000000,1217.70000000,1209.73000000,1213.20000000,900.90260000,1657375199999,1094654.97392400,1780,533.05260000,647631.71571500,0
1657375200000,1212.67000000,1221.90000000,1211.22000000,1214.10000000,1147.29370000,1657378799999,1396281.07710900,2186,590.46330000,718722.41646800,0
1657378800000,1214.21000000,1217.71000000,1212.17000000,1214.61000000,750.80960000,1657382399999,912556.04159500,1512,333.36650000,405148.53341600,0
1657382400000,1214.57000000,1223.07000000,1213.50000000,1221.69000000,864.72600000,1657385999999,1052979.48958400,1682,391.95050000,477429.29369100,0
1657386000000,1221.63000000,1234.17000000,1219.67000000,1227.71000000,1469.52850000,1657389599999,1802216.35572600,3003,755.49040000,926564.85507300,0
1657389600000,1227.55000000,1232.65000000,1221.85000000,1222.80000000,903.92310000,1657393199999,1108302.86984800,1847,419.78690000,514748.27631400,0
1657393200000,1222.75000000,1223.87000000,1209.00000000,1218.13000000,1057.18770000,1657396799999,1285408.78854100,2337,513.66020000,624542.71480400,0
1657396800000,1217.70000000,1219.95000000,1214.53000000,1218.90000000,565.32460000,1657400399999,688164.43755500,1257,292.50010000,356074.69098000,0
1657400400000,1219.10000000,1222.97000000,1217.68000000,1220.93000000,457.46520000,1657403999999,558289.67843400,1189,257.36210000,314087.52589400,0
1657404000000,1220.81000000,1226.00000000,1213.70000000,1215.85000000,1163.73640000,1657407599999,1422014.07846200,2238,564.56980000,689741.70375200,0
1657407600000,1215.58000000,1219.66000000,1212.37000000,1216.38000000,575.49340000,1657411199999,699973.29538500,1567,287.10490000,349174.92723400,0
1657411200000,1216.46000000,1217.54000000,1209.64000000,1209.64000000,842.41830000,1657414799999,1022172.78772200,1741,443.61570000,538283.06202000,0
1657414800000,1209.64000000,1219.06000000,1207.98000000,1209.59000000,1120.19010000,1657418399999,1359602.67326900,2138,524.27710000,636563.10026000,0
1657418400000,1209.82000000,1212.80000000,1181.17000000,1190.14000000,3467.32560000,1657421999999,4142326.94685300,5198,1835.30200000,2190276.13453700,0
1657422000000,1189.85000000,1191.15000000,1183.71000000,1187.46000000,1888.51650000,1657425599999,2243493.30565100,3175,920.12930000,1093091.19225900,0
1657425600000,1187.38000000,1194.55000000,1183.55000000,1191.37000000,1795.16320000,1657429199999,2133235.98323400,2882,790.99630000,939869.22114200,0
1657429200000,1191.69000000,1194.97000000,1190.80000000,1192.89000000,606.81720000,1657432799999,723657.38100200,1413,329.73980000,393248.70282900,0
1657432800000,1192.95000000,1193.05000000,1185.08000000,1188.10000000,773.76900000,1657436399999,920763.71679800,1659,351.88650000,418661.53511100,0
1657436400000,1188.27000000,1191.14000000,1185.35000000,1188.79000000,758.57860000,1657439999999,901665.28575500,1622,364.53970000,433253.53367800,0
1657440000000,1188.90000000,1193.47000000,1180.79000000,1187.25000000,1278.77760000,1657443599999,1519356.29020100,2580,615.87030000,731833.14989100,0
1657443600000,1187.41000000,1189.87000000,1183.51000000,1186.52000000,964.88610000,1657447199999,1145387.98805300,1818,500.46550000,594209.63703400,0
1657447200000,1186.34000000,1187.68000000,1168.89000000,1182.31000000,2388.58990000,1657450799999,2822103.07771200,3179,940.57390000,1112762.26292500,0
1657450800000,1182.16000000,1183.46000000,1173.40000000,1182.64000000,1738.26360000,1657454399999,2050140.81751700,3094,826.43230000,974569.04262400,0
1657454400000,1182.75000000,1186.90000000,1181.71000000,1183.91000000,824.70750000,1657457999999,976264.79056600,2129,437.74190000,518204.05592900,0
1657458000000,1183.93000000,1184.00000000,1169.30000000,1175.56000000,2419.88150000,1657461599999,2844343.43031700,4424,1136.98810000,1336794.49922500,0
1657461600000,1175.38000000,1175.40000000,1155.73000000,1158.72000000,3553.27500000,1657465199999,4135152.67270400,5871,1739.98000000,2025494.89608700,0
1657465200000,1158.79000000,1167.25000000,1157.29000000,1162.65000000,1880.82920000,1657468799999,2186589.46951200,3163,976.01660000,1134920.49058400,0
1657468800000,1162.80000000,1175.48000000,1153.21000000,1171.22000000,2417.12980000,1657472399999,2813381.36732900,4372,1122.78610000,1306789.90314800,0
1657472400000,1171.41000000,1174.00000000,1169.08000000,1171.46000000,930.89480000,1657475999999,1090931.18288900,2052,492.36550000,577065.23742000,0
1657476000000,1171.23000000,1171.76000000,1163.63000000,1167.15000000,1301.00680000,1657479599999,1517920.83281100,2659,673.94290000,786341.10636800,0
1657479600000,1167.17000000,1173.95000000,1161.66000000,1173.74000000,1391.90670000,1657483199999,1623295.66511800,2905,778.40540000,908048.98692700,0
1657483200000,1173.78000000,1183.48000000,1169.99000000,1177.53000000,2129.71000000,1657486799999,2505223.92999100,3409,1329.43450000,1563837.62327000,0
1657486800000,1177.53000000,1184.26000000,1175.89000000,1176.66000000,1147.18490000,1657490399999,1354034.82955600,2345,600.79170000,709375.39029800,0
1657490400000,1176.72000000,1176.72000000,1159.78000000,1167.80000000,1667.96820000,1657493999999,1943766.14613800,3381,833.95960000,971800.18479500,0
1657494000000,1167.82000000,1169.46000000,1162.79000000,1167.46000000,1170.19810000,1657497599999,1365138.20334900,2231,592.88460000,691655.27361800,0
1657497600000,1167.68000000,1170.57000000,1156.11000000,1169.33000000,1991.08580000,1657501199999,2315802.54757400,3978,1048.84200000,1220040.71847700,0
1657501200000,1169.33000000,1169.86000000,1147.62000000,1151.90000000,2321.06310000,1657504799999,2682247.64630400,3919,1069.30730000,1235418.26925200,0
1657504800000,1151.48000000,1154.40000000,1140.50000000,1148.48000000,2147.21420000,1657508399999,2468020.62961000,3987,1065.78560000,1224834.74262200,0
1657508400000,1148.40000000,1155.34000000,1143.52000000,1153.68000000,1530.19720000,1657511999999,1761606.07326200,2958,812.44620000,935414.91625600,0
1657512000000,1153.69000000,1154.29000000,1142.84000000,1148.47000000,1568.12150000,1657515599999,1802466.87255100,2790,695.15060000,798850.11032700,0
1657515600000,1148.61000000,1152.08000000,1143.65000000,1146.33000000,1001.93700000,1657519199999,1150548.63129200,2218,490.94560000,563715.39516300,0
1657519200000,1146.31000000,1148.05000000,1136.69000000,1139.41000000,2422.35310000,1657522799999,2763377.32705200,4144,1151.78090000,1313675.29956600,0
1657522800000,1139.33000000,1144.64000000,1137.73000000,1142.27000000,2185.55080000,1657526399999,2496432.41471700,3829,1100.43940000,1256885.81443200,0
1657526400000,1142.39000000,1146.61000000,1140.79000000,1141.96000000,1533.80740000,1657529999999,1753314.15918400,2760,694.67220000,794098.29071700,0
1657530000000,1141.85000000,1148.93000000,1141.11000000,1146.21000000,879.62680000,1657533599999,1007582.63183900,1897,464.65800000,532236.75897900,0
1657533600000,1146.28000000,1149.25000000,1142.65000000,1144.19000000,1151.47900000,1657537199999,1320189.07791400,2000,565.43080000,648268.28655100,0
1657537200000,1143.94000000,1148.53000000,1140.46000000,1142.76000000,1728.92380000,1657540799999,1979829.85346100,2227,858.90430000,983054.42663000,0
1657540800000,1143.05000000,1153.76000000,1138.02000000,1151.99000000,1294.18200000,1657544399999,1481681.10198800,2499,650.61730000,745079.62378000,0
1657544400000,1152.27000000,1160.73000000,1129.42000000,1135.59000000,3789.59970000,1657547999999,4337105.97843000,6049,1847.27050000,2115190.57159400,0
1657548000000,1135.32000000,1144.58000000,1128.14000000,1138.49000000,4837.90370000,1657551599999,5507946.22795400,7132,2170.94760000,2470500.17831400,0
1657551600000,1138.28000000,1143.28000000,1133.48000000,1142.76000000,4310.79890000,1657555199999,4906688.56928000,6318,1606.34410000,1828102.22609200,0
1657555200000,1142.85000000,1147.54000000,1139.39000000,1140.82000000,4045.77220000,1657558799999,4626600.23949500,6226,1538.07440000,1758658.48067800,0
1657558800000,1140.81000000,1155.87000000,1140.29000000,1153.61000000,4338.31630000,1657562399999,4991325.15727000,6595,1654.42720000,1903218.06678900,0
1657562400000,1153.58000000,1155.68000000,1146.40000000,1147.94000000,4358.93200000,1657565999999,5016127.57409900,6363,1707.40920000,1964774.80882700,0
1657566000000,1148.01000000,1149.42000000,1135.36000000,1140.67000000,6291.06680000,1657569599999,7171922.49920500,7562,3257.44250000,3712396.95816300,0
1657569600000,1140.57000000,1143.89000000,1133.50000000,1137.55000000,2982.59860000,1657573199999,3398867.11783200,4564,1107.96760000,1262358.48849500,0
1657573200000,1137.84000000,1137.88000000,1117.00000000,1120.72000000,1867.99410000,1657576799999,2100447.34628000,2472,427.70600000,482331.08559200,0
1657576800000,1120.37000000,1120.37000000,1091.77000000,1097.85000000,6529.28280000,1657580399999,7213640.60650200,7021,2740.87350000,3032171.93439100,0
1657580400000,1097.31000000,1100.64000000,1090.94000000,1095.55000000,2237.21780000,1657583999999,2452585.09988400,3325,1138.05560000,1246906.83874000,0
1657584000000,1095.31000000,1097.53000000,1082.56000000,1084.88000000,4228.55530000,1657587599999,4610345.79253000,6128,2073.68320000,2260434.04435700,0
1657587600000,1084.87000000,1094.34000000,1084.05000000,1090.10000000,2226.46640000,1657591199999,2425043.76176100,3458,1255.33500000,1367159.00736700,0
1657591200000,1089.98000000,1094.09000000,1088.13000000,1090.55000000,1860.50070000,1657594799999,2029797.85960300,2755,958.64640000,1045904.30163700,0
1657594800000,1090.36000000,1090.36000000,1080.69000000,1085.02000000,2332.60640000,1657598399999,2528314.06719600,3212,891.95750000,966834.71493000,0
1657598400000,1085.02000000,1090.91000000,1083.98000000,1087.30000000,1220.48720000,1657601999999,1327137.97024200,1974,619.34840000,673352.74905700,0
1657602000000,1087.45000000,1092.28000000,1085.95000000,1086.06000000,1190.45450000,1657605599999,1296523.01879000,1907,554.07660000,603327.31951700,0
1657605600000,1085.96000000,1086.35000000,1075.90000000,1077.93000000,2872.00230000,1657609199999,3102841.82038500,3234,1729.76920000,1867967.62331000,0
1657609200000,1077.80000000,1078.77000000,1060.04000000,1068.00000000,4537.91330000,1657612799999,4847292.22359500,6190,2281.80810000,2437612.63332000,0
1657612800000,1068.00000000,1069.70000000,1060.31000000,1066.13000000,2442.11280000,1657616399999,2602728.00867000,3811,1144.10400000,1218830.65263200,0
1657616400000,1065.99000000,1068.31000000,1052.90000000,1053.69000000,3082.85690000,1657619999999,3264035.24991000,4657,1513.13290000,1601651.84089200,0
1657620000000,1053.68000000,1063.98000000,1053.59000000,1057.49000000,2122.68280000,1657623599999,2247376.93782200,3385,1253.70160000,1326939.88509200,0
1657623600000,1057.16000000,1071.56000000,1056.25000000,1064.91000000,4682.84580000,1657627199999,4987547.44275700,4788,1854.58110000,1974688.29563100,0
1657627200000,1064.72000000,1076.76000000,1064.36000000,1071.43000000,3145.91180000,1657630799999,3367359.07227000,4045,1950.54170000,2087810.69458700,0
1657630800000,1071.92000000,1081.34000000,1065.28000000,1066.88000000,5291.37020000,1657634399999,5677390.72816700,6386,2058.61860000,2210133.85741800,0
1657634400000,1066.62000000,1076.36000000,1060.76000000,1075.02000000,3710.71500000,1657637999999,3967061.06397400,5391,1929.84750000,2062655.96482300,0
1657638000000,1074.93000000,1084.03000000,1073.87000000,1074.87000000,4193.31680000,1657641599999,4518027.99749000,4481,1959.87200000,2110953.40563800,0
1657641600000,1075.05000000,1087.82000000,1073.52000000,1082.30000000,3804.00360000,1657645199999,4117200.69414200,4880,1936.18640000,2095699.00113200,0
1657645200000,1082.23000000,1083.51000000,1071.90000000,1075.12000000,2301.35490000,1657648799999,2478532.20461600,3537,1062.52640000,1144337.07858800,0
1657648800000,1075.43000000,1075.72000000,1059.41000000,1060.33000000,4936.95160000,1657652399999,5272849.85945500,4642,3389.10460000,3620671.40590800,0
1657652400000,1060.42000000,1060.42000000,1032.50000000,1040.53000000,7357.29410000,1657655999999,7689835.21963000,10010,3547.00680000,3707503.53322700,0
1657656000000,1040.07000000,1049.49000000,1036.69000000,1046.39000000,2490.56790000,1657659599999,2598575.83189600,3633,1072.41130000,1118902.63734300,0
1657659600000,1046.15000000,1050.71000000,1039.85000000,1040.06000000,620.21440000,1657663199999,648563.94486600,1367,279.54960000,292107.90503600,0
1657663200000,1039.86000000,1048.26000000,1035.14000000,1041.56000000,809.91490000,1657666799999,844881.12290900,1880,430.06990000,448661.06887100,0
1657666800000,1041.96000000,1047.55000000,1034.24000000,1037.51000000,1595.98600000,1657670399999,1661030.19187600,2607,625.23330000,650916.22306600,0
1657670400000,1037.39000000,1045.76000000,1034.45000000,1041.82000000,2635.11860000,1657673999999,2743074.11497700,4417,1489.56220000,1550256.46419800,0
1657674000000,1041.93000000,1047.83000000,1040.17000000,1045.59000000,1715.91040000,1657677599999,1792655.08999400,3154,921.95420000,963112.11177700,0
1657677600000,1046.05000000,1058.63000000,1046.05000000,1055.74000000,1356.98370000,1657681199999,1429473.60326800,2543,692.97940000,729903.24237700,0
1657681200000,1055.73000000,1057.62000000,1050.01000000,1051.22000000,1099.64090000,1657684799999,1157639.24122600,2091,521.80080000,549290.62280300,0
1657684800000,1051.43000000,1056.72000000,1048.19000000,1050.84000000,1211.68440000,1657688399999,1275675.47252100,1936,665.49070000,700515.45119600,0
1657688400000,1050.83000000,1062.36000000,1049.03000000,1057.68000000,1584.57810000,1657691999999,1674657.51456700,2368,780.26900000,824014.66914600,0
1657692000000,1057.59000000,1060.69000000,1054.29000000,1060.62000000,1550.73020000,1657695599999,1638673.81025600,2378,832.91740000,880139.77853300,0
1657695600000,1060.70000000,1071.17000000,1055.91000000,1068.57000000,1885.07430000,1657699199999,2004038.45188600,3308,949.23680000,1009263.50558800,0
1657699200000,1068.75000000,1078.53000000,1064.70000000,1075.40000000,3885.76130000,1657702799999,4167111.82575600,4989,2233.72090000,2395293.80285400,0
1657702800000,1075.65000000,1077.64000000,1071.55000000,1072.78000000,1182.61780000,1657706399999,1270522.15007100,2297,569.04430000,611389.22695500,0
1657706400000,1072.78000000,1075.44000000,1067.00000000,1071.13000000,1733.48400000,1657709999999,1857112.15159700,2468,645.30630000,690966.75329200,0
1657710000000,1071.23000000,1082.74000000,1069.58000000,1081.12000000,2327.89030000,1657713599999,2504168.25975100,3119,1064.56030000,1145569.76811600,0
1657713600000,1081.06000000,1107.05000000,1005.00000000,1028.23000000,16620.79230000,1657717199999,17370837.03141300,14659,6911.58200000,7252552.76798800,0
1657717200000,1028.21000000,1045.66000000,1015.14000000,1040.81000000,10575.44370000,1657720799999,10902493.66627300,9988,5173.41850000,5331247.26635500,0
1657720800000,1040.76000000,1071.62000000,1031.70000000,1065.74000000,8890.04950000,1657724399999,9338774.88888000,8339,4358.70300000,4576730.93998900,0
1657724400000,1065.69000000,1073.46000000,1055.37000000,1059.63000000,2105.77850000,1657727999999,2240216.63130400,2830,1078.57280000,1147252.40408700,0
1657728000000,1059.27000000,1072.88000000,1048.58000000,1072.62000000,2358.98990000,1657731599999,2500772.98271300,3014,1053.15060000,1116795.18132700,0
1657731600000,1072.81000000,1097.60000000,1071.41000000,1093.03000000,3488.89630000,1657735199999,3794523.62438800,4089,1778.19790000,1933477.69437700,0
1657735200000,1093.19000000,1093.80000000,1081.24000000,1089.92000000,1399.93570000,1657738799999,1520435.74696100,2338,589.31790000,639940.35818900,0
1657738800000,1089.65000000,1093.39000000,1073.88000000,1075.66000000,2034.04350000,1657742399999,2200768.22489400,2907,979.14740000,1059204.77786200,0
1657742400000,1075.65000000,1080.63000000,1073.60000000,1075.52000000,2525.72590000,1657745999999,2714979.20208800,2134,2066.98500000,2221301.19933400,0
1657746000000,1075.50000000,1090.87000000,1074.76000000,1089.57000000,896.39300000,1657749599999,970585.37436300,1426,340.47140000,368310.51052600,0
1657749600000,1089.92000000,1096.06000000,1082.26000000,1085.45000000,1710.18890000,1657753199999,1862055.41991600,1687,770.23930000,839835.68502800,0
1657753200000,1085.60000000,1118.67000000,1085.01000000,1114.67000000,3126.52260000,1657756799999,3462473.68171000,3676,1662.00000000,1840520.81381000,0
1657756800000,1113.97000000,1123.16000000,1108.65000000,1113.26000000,3040.32990000,1657760399999,3384406.42950200,4279,1594.36210000,1775082.49022800,0
1657760400000,1113.40000000,1126.01000000,1109.36000000,1112.61000000,3247.18080000,1657763999999,3623692.31486600,3702,1769.63680000,1974686.63038500,0
1657764000000,1112.73000000,1115.41000000,1108.15000000,1111.36000000,1907.78950000,1657767599999,2119428.39709100,2515,1000.95910000,1111890.41312100,0
1657767600000,1111.41000000,1118.41000000,1109.92000000,1111.88000000,2221.97120000,1657771199999,2476069.28784800,2943,1171.17740000,1305063.82216300,0
1657771200000,1112.05000000,1114.17000000,1103.51000000,1105.19000000,1622.72620000,1657774799999,1798764.34804200,2367,849.98700000,942044.18743000,0
1657774800000,1105.42000000,1112.65000000,1102.41000000,1105.21000000,1745.03420000,1657778399999,1931781.62727600,2082,1042.97870000,1154786.92202700,0
1657778400000,1105.37000000,1106.93000000,1093.56000000,1101.40000000,2562.52180000,1657781999999,2819258.46384500,3114,1201.00830000,1321237.59983600,0
1657782000000,1101.42000000,1103.04000000,1092.46000000,1096.65000000,1568.53440000,1657785599999,1721033.92420500,2449,758.90410000,832624.44573600,0
1657785600000,1096.75000000,1101.49000000,1082.22000000,1083.33000000,2460.47500000,1657789199999,2685347.89550300,3325,1155.87650000,1262238.26778100,0
1657789200000,1083.74000000,1088.39000000,1076.36000000,1088.39000000,2254.60650000,1657792799999,2441620.72063500,2733,1087.59220000,1177647.88828100,0
1657792800000,1088.09000000,1091.42000000,1083.07000000,1086.79000000,2708.71740000,1657796399999,2941848.99661300,2809,1380.56930000,1499519.02107300,0
1657796400000,1086.57000000,1087.83000000,1070.00000000,1080.74000000,2603.21450000,1657799999999,2812619.76189400,3385,1419.57280000,1533588.07138700,0
1657800000000,1080.47000000,1090.00000000,1072.56000000,1085.99000000,3731.32630000,1657803599999,4039531.34699900,4270,2006.83230000,2172303.19220700,0
1657803600000,1085.98000000,1092.56000000,1074.57000000,1083.84000000,6800.51070000,1657807199999,7363603.78059900,6148,4148.30690000,4495370.67205900,0
1657807200000,1083.77000000,1101.33000000,1077.63000000,1096.00000000,3700.60170000,1657810799999,4022759.02447200,4180,2053.66490000,2232994.58503600,0
1657810800000,1096.37000000,1147.39000000,1096.37000000,1139.53000000,4823.18740000,1657814399999,5420885.32377900,5578,2582.28980000,2900253.39029400,0
1657814400000,1140.35000000,1155.56000000,1132.52000000,1139.76000000,5199.67690000,1657817999999,5938258.74767400,4746,2408.85580000,2751152.40756600,0
1657818000000,1139.60000000,1200.00000000,1136.87000000,1194.77000000,5854.29660000,1657821599999,6840957.90338200,6441,3322.01620000,3883660.48397300,0
1657821600000,1195.05000000,1204.56000000,1187.32000000,1194.27000000,8277.73510000,1657825199999,9879337.65508400,5862,1871.24510000,2235256.81992700,0
1657825200000,1194.27000000,1213.27000000,1186.35000000,1192.85000000,8380.97460000,1657828799999,10060061.78415500,7113,2032.28410000,2435939.63723000,0
1657828800000,1194.06000000,1200.63000000,1188.06000000,1192.54000000,2636.86090000,1657832399999,3144308.25009400,2963,1548.17600000,1845745.51676700,0
1657832400000,1192.49000000,1195.47000000,1179.92000000,1181.05000000,992.67840000,1657835999999,1180333.69466000,1926,412.67650000,490478.81286800,0
1657836000000,1181.46000000,1191.87000000,1179.90000000,1186.57000000,867.16750000,1657839599999,1027969.56583600,1491,448.72740000,531807.31892800,0
1657839600000,1186.57000000,1195.77000000,1184.75000000,1192.60000000,1155.46120000,1657843199999,1374288.65372700,1883,649.81890000,772714.56391000,0
1657843200000,1192.59000000,1193.40000000,1180.20000000,1181.49000000,1629.82480000,1657846799999,1932445.10453600,2730,759.36600000,900364.40767100,0
1657846800000,1181.42000000,1211.36000000,1181.34000000,1208.62000000,1974.10690000,1657850399999,2355497.24618300,2780,1065.09480000,1270749.69636400,0
1657850400000,1208.59000000,1221.84000000,1191.52000000,1195.36000000,3425.55960000,1657853999999,4140986.41400400,4930,1902.07740000,2299542.36974800,0
1657854000000,1195.17000000,1202.24000000,1190.30000000,1199.29000000,1510.81480000,1657857599999,1806568.07505800,2536,796.65290000,952480.64859700,0
1657857600000,1199.28000000,1210.02000000,1189.00000000,1192.05000000,2193.97510000,1657861199999,2630886.47710600,3267,1023.51760000,1227267.89269600,0
1657861200000,1192.05000000,1207.51000000,1189.71000000,1206.93000000,3221.14700000,1657864799999,3858797.75392300,3429,1631.47570000,1953392.72081300,0
1657864800000,1206.92000000,1207.95000000,1195.18000000,1197.48000000,1492.21050000,1657868399999,1792762.00907400,2287,718.60870000,863250.99449400,0
1657868400000,1197.37000000,1217.36000000,1192.67000000,1211.15000000,3107.98420000,1657871999999,3757236.63592200,4355,1710.55950000,2067477.09065300,0
1657872000000,1211.15000000,1217.75000000,1202.64000000,1204.91000000,2734.51740000,1657875599999,3309806.10960100,3943,1506.81300000,1823517.16857000,0
1657875600000,1204.98000000,1229.50000000,1204.71000000,1218.22000000,3228.83050000,1657879199999,3939411.97976000,4471,1738.80840000,2121184.56728800,0
1657879200000,1218.17000000,1223.14000000,1214.83000000,1219.66000000,1698.08590000,1657882799999,2068004.96089400,2609,852.95720000,1038580.51368500,0
1657882800000,1219.48000000,1228.00000000,1210.27000000,1210.51000000,2773.16870000,1657886399999,3380074.96819300,3981,1376.32780000,1677264.04412100,0
1657886400000,1210.51000000,1234.47000000,1207.07000000,1227.41000000,4851.61950000,1657889999999,5926371.78489300,5759,2627.95250000,3209758.39110400,0
1657890000000,1227.30000000,1231.79000000,1215.77000000,1221.13000000,3828.00230000,1657893599999,4685399.78273600,4611,1839.19460000,2251460.57790700,0
1657893600000,1221.21000000,1236.65000000,1221.21000000,1227.21000000,4013.48050000,1657897199999,4931626.59163300,5079,1998.90000000,2456045.90949500,0
1657897200000,1227.67000000,1236.48000000,1221.59000000,1221.69000000,2901.63670000,1657900799999,3567410.88389500,3381,1593.44060000,1959015.44903400,0
1657900800000,1221.48000000,1226.10000000,1202.97000000,1211.23000000,4614.30140000,1657904399999,5596793.02358900,5259,2478.13680000,3007313.88208400,0
1657904400000,1211.15000000,1234.86000000,1210.33000000,1221.00000000,4825.34430000,1657907999999,5905446.86423600,5412,2359.81220000,2889138.49192700,0
1657908000000,1221.19000000,1255.60000000,1219.76000000,1254.57000000,6565.44240000,1657911599999,8147942.32696400,5831,3091.76840000,3837392.24363000,0
1657911600000,1254.04000000,1270.08000000,1244.96000000,1265.72000000,5877.44800000,1657915199999,7386535.88541300,5085,2086.83170000,2625423.85889000,0
1657915200000,1265.96000000,1287.68000000,1247.84000000,1255.69000000,4706.44650000,1657918799999,5958609.14108200,4817,1618.73720000,2051740.97081000,0
1657918800000,1256.16000000,1262.86000000,1242.44000000,1256.25000000,1530.67930000,1657922399999,1918067.33791700,2043,679.59800000,851955.25233000,0
1657922400000,1256.25000000,1258.71000000,1244.34000000,1248.63000000,860.64350000,1657925999999,1075606.60308200,1338,414.43260000,517713.49933800,0
1657926000000,1248.68000000,1251.16000000,1225.83000000,1230.89000000,1373.24990000,1657929599999,1698483.35831400,2251,579.33140000,716658.89381600,0
1657929600000,1230.78000000,1234.80000000,1212.58000000,1212.59000000,2340.65680000,1657933199999,2862726.71046700,3049,1178.77840000,1442266.16335100,0
1657933200000,1212.52000000,1224.48000000,1208.96000000,1219.91000000,1568.15580000,1657936799999,1907281.18075400,2286,673.38850000,819570.90897200,0
1657936800000,1219.95000000,1224.60000000,1209.00000000,1219.08000000,3436.95360000,1657940399999,4173997.83211600,3039,2516.81120000,3055602.79701000,0
1657940400000,1219.46000000,1225.98000000,1217.76000000,1221.81000000,1249.02570000,1657943999999,1526374.35915400,1847,633.14020000,773885.15837000,0
1657944000000,1221.83000000,1223.02000000,1211.63000000,1221.70000000,1841.61710000,1657947599999,2243207.63008600,2229,944.95560000,1151029.96826300,0
1657947600000,1221.89000000,1222.39000000,1203.98000000,1206.37000000,2820.51510000,1657951199999,3429264.35280500,2751,682.12380000,827538.41508400,0
1657951200000,1206.55000000,1210.01000000,1193.28000000,1197.82000000,3728.97020000,1657954799999,4478164.02725200,4101,1346.39310000,1615832.67223500,0
1657954800000,1198.03000000,1203.93000000,1191.08000000,1197.14000000,1189.05310000,1657958399999,1425660.75118800,1982,597.14120000,716123.36235100,0
1657958400000,1197.05000000,1206.24000000,1195.38000000,1197.92000000,1446.20240000,1657961999999,1736440.02274100,2075,697.22010000,837358.61332000,0
1657962000000,1197.93000000,1200.26000000,1194.45000000,1197.23000000,827.48210000,1657965599999,990457.90043200,1558,362.61900000,433986.72295600,0
1657965600000,1197.10000000,1204.86000000,1193.12000000,1197.70000000,1060.08760000,1657969199999,1270970.09491100,1612,491.78930000,589235.32107100,0
1657969200000,1197.50000000,1204.34000000,1195.61000000,1197.77000000,991.61370000,1657972799999,1190439.55963500,1663,419.14580000,503188.08670600,0
1657972800000,1197.79000000,1219.67000000,1195.78000000,1214.71000000,2186.12630000,1657976399999,2638787.37188100,3085,982.37180000,1186314.00134200,0
1657976400000,1214.98000000,1237.00000000,1212.60000000,1234.60000000,5207.44850000,1657979999999,6395551.04430900,5807,1690.53420000,2076464.60758500,0
1657980000000,1234.59000000,1247.30000000,1231.33000000,1244.62000000,3544.39700000,1657983599999,4390431.43619100,4052,1969.55750000,2439512.10641100,0
1657983600000,1244.65000000,1276.85000000,1244.16000000,1274.24000000,5216.35610000,1657987199999,6579105.80908800,6140,2607.14650000,3287301.40489200,0
1657987200000,1274.06000000,1421.83000000,1272.10000000,1357.89000000,17001.26640000,1657990799999,22870163.45215900,17077,8946.12420000,12056549.82039500,0
1657990800000,1358.73000000,1363.83000000,1326.38000000,1327.84000000,4201.22140000,1657994399999,5677743.71333800,5895,1984.64450000,2683101.05230700,0
1657994400000,1328.14000000,1341.54000000,1324.19000000,1336.22000000,3820.02170000,1657997999999,5095717.80778200,4181,1964.00820000,2620295.08019100,0
1657998000000,1336.10000000,1357.14000000,1331.32000000,1335.69000000,3551.51670000,1658001599999,4770615.87773200,4659,1679.27300000,2255370.07943700,0
1658001600000,1335.74000000,1347.49000000,1313.84000000,1347.25000000,3543.46500000,1658005199999,4713707.28604500,5194,1785.67710000,2376480.57723600,0
1658005200000,1347.17000000,1361.80000000,1337.01000000,1344.94000000,2367.58130000,1658008799999,3189161.63548300,3260,1331.12460000,1792819.03814200,0
1658008800000,1345.15000000,1360.62000000,1337.67000000,1358.22000000,2068.10910000,1658012399999,2789199.30929500,2953,1016.64330000,1371187.81398600,0
1658012400000,1357.36000000,1359.45000000,1344.31000000,1355.44000000,1478.67680000,1658015999999,2000192.12752300,1957,540.48570000,730608.86556300,0
1658016000000,1355.61000000,1389.00000000,1355.27000000,1363.32000000,4462.53790000,1658019599999,6112014.44304400,5751,2481.54940000,3399198.33664400,0
1658019600000,1362.98000000,1368.12000000,1328.18000000,1338.54000000,2638.80450000,1658023199999,3541821.19493700,4199,1227.08950000,1646543.44278600,0
1658023200000,1338.32000000,1348.73000000,1335.64000000,1343.00000000,1688.51760000,1658026799999,2265332.07246900,2590,959.78310000,1287773.44976300,0
1658026800000,1342.77000000,1366.71000000,1342.48000000,1353.31000000,2156.21570000,1658030399999,2922950.35521100,3562,1198.77960000,1625112.17266700,0
1658030400000,1353.26000000,1363.19000000,1346.93000000,1351.27000000,1357.60270000,1658033999999,1838741.48524200,2230,708.71560000,959783.69400800,0
1658034000000,1351.50000000,1361.90000000,1350.00000000,1351.21000000,1574.91630000,1658037599999,2133937.49830300,2499,708.13560000,959943.83264100,0
1658037600000,1351.13000000,1377.03000000,1350.43000000,1374.54000000,3175.84950000,1658041199999,4337313.47714100,4336,1547.37010000,2112585.07251100,0
1658041200000,1374.59000000,1374.81000000,1358.89000000,1361.47000000,2146.34160000,1658044799999,2933679.31709700,3552,1049.89780000,1434525.62384300,0
1658044800000,1361.39000000,1368.31000000,1355.83000000,1366.87000000,1564.04170000,1658048399999,2129652.04063700,2940,772.44260000,1051905.92315800,0
1658048400000,1366.53000000,1375.40000000,1354.08000000,1355.68000000,2274.71160000,1658051999999,3101157.58859700,3258,1278.11800000,1741896.37895000,0
1658052000000,1355.89000000,1358.31000000,1337.11000000,1357.11000000,2829.03980000,1658055599999,3813011.93912600,4287,1233.81850000,1663060.40548800,0
1658055600000,1357.02000000,1365.79000000,1348.35000000,1362.79000000,2002.27690000,1658059199999,2719806.76720300,4016,860.76830000,1168919.99118500,0
1658059200000,1362.84000000,1367.06000000,1349.13000000,1355.16000000,1543.41530000,1658062799999,2096521.20163700,3218,697.21610000,946867.10121200,0
1658062800000,1354.93000000,1364.98000000,1330.17000000,1338.26000000,4335.58190000,1658066399999,5837576.99292800,6582,1812.11500000,2439864.86814200,0
1658066400000,1338.49000000,1357.42000000,1338.05000000,1350.79000000,2258.85960000,1658069999999,3048370.69658600,3832,1241.29030000,1675167.08921100,0
1658070000000,1350.98000000,1357.27000000,1343.49000000,1351.42000000,1487.32270000,1658073599999,2008934.36547700,2960,702.34730000,948737.32029500,0
1658073600000,1351.31000000,1355.00000000,1338.38000000,1344.37000000,3087.13340000,1658077199999,4154394.12349100,4319,1882.46790000,2533747.78817300,0
1658077200000,1344.37000000,1384.98000000,1317.61000000,1327.19000000,7137.10150000,1658080799999,9688324.64041800,8731,4197.25720000,5701965.89576700,0
1658080800000,1326.86000000,1342.95000000,1321.79000000,1335.67000000,2511.18620000,1658084399999,3350660.38528000,3942,1125.68260000,1501449.82991400,0
1658084400000,1336.41000000,1353.92000000,1333.61000000,1347.34000000,2234.74760000,1658087999999,3002795.40135400,3578,1062.19820000,1427732.48517300,0
1658088000000,1347.40000000,1349.19000000,1339.13000000,1343.37000000,996.94340000,1658091599999,1339220.95817100,1937,541.64610000,727327.17193100,0
1658091600000,1343.97000000,1367.83000000,1339.92000000,1365.43000000,1188.87640000,1658095199999,1613218.21648500,2610,639.38120000,867604.42902100,0
1658095200000,1365.29000000,1375.67000000,1349.13000000,1359.98000000,1702.43290000,1658098799999,2314562.76292600,2448,969.15890000,1316980.59726800,0
1658098800000,1359.93000000,1360.47000000,1334.69000000,1338.12000000,1472.34060000,1658102399999,1983498.67296600,2534,758.14000000,1020932.35534000,0
1658102400000,1338.24000000,1356.56000000,1335.75000000,1347.83000000,1797.50550000,1658105999999,2423526.22900600,3187,870.96460000,1173949.73835000,0
1658106000000,1347.88000000,1364.02000000,1347.34000000,1359.29000000,2179.64660000,1658109599999,2960400.80361500,3560,1148.22230000,1559550.38395200,0
1658109600000,1359.30000000,1418.39000000,1358.45000000,1412.52000000,5409.50720000,1658113199999,7506479.07045700,7515,3017.96620000,4186447.59845200,0
1658113200000,1412.87000000,1420.62000000,1395.47000000,1406.34000000,2509.37680000,1658116799999,3537320.02691200,4069,1400.66760000,1974811.12822400,0
1658116800000,1406.13000000,1412.57000000,1393.59000000,1412.57000000,3874.12910000,1658120399999,5439304.89462000,4544,1494.15660000,2095974.63011800,0
1658120400000,1412.73000000,1449.00000000,1408.67000000,1433.37000000,6420.13490000,1658123999999,9173296.24087700,8427,3521.68880000,5030715.11501100,0
1658124000000,1433.66000000,1465.99000000,1426.77000000,1453.67000000,7538.92130000,1658127599999,10899274.65969000,8046,3176.25910000,4588659.02841800,0
1658127600000,1453.67000000,1474.68000000,1448.41000000,1466.70000000,7084.15300000,1658131199999,10333513.34061200,7189,4039.01900000,5889267.34435500,0
1658131200000,1466.79000000,1497.08000000,1463.02000000,1478.23000000,10030.61940000,1658134799999,14838655.30024600,10190,4017.42700000,5938834.63281700,0
1658134800000,1478.22000000,1488.55000000,1470.49000000,1484.02000000,4256.25010000,1658138399999,6297831.87486800,5371,2496.29260000,3693498.17106800,0
1658138400000,1484.12000000,1510.00000000,1471.04000000,1485.01000000,6465.35340000,1658141999999,9621657.98990400,7211,3252.39530000,4837008.72620300,0
1658142000000,1485.00000000,1497.86000000,1465.13000000,1478.45000000,4097.41680000,1658145599999,6074012.15793600,6031,1937.47720000,2873893.26108000,0
1658145600000,1478.84000000,1486.87000000,1450.65000000,1484.97000000,4021.72650000,1658149199999,5915079.37741800,6115,2092.65340000,3077813.66998900,0
1658149200000,1485.38000000,1493.49000000,1470.21000000,1475.34000000,2729.68100000,1658152799999,4044414.07003200,4235,1485.66480000,2201553.02276100,0
1658152800000,1475.37000000,1487.39000000,1463.49000000,1485.40000000,2290.39810000,1658156399999,3377310.83509800,3678,1204.98340000,1777784.75387700,0
1658156400000,1485.30000000,1530.00000000,1477.13000000,1520.57000000,3902.33280000,1658159999999,5831065.37166200,4929,2403.84740000,3585832.71125200,0
1658160000000,1520.89000000,1530.00000000,1489.44000000,1495.66000000,4246.54320000,1658163599999,6401928.99970800,5078,2715.29650000,4092521.80003300,0
1658163600000,1495.72000000,1496.70000000,1465.78000000,1468.13000000,2721.81010000,1658167199999,4033601.20994700,4579,1419.83700000,2104446.10037400,0
1658167200000,1468.47000000,1485.25000000,1464.27000000,1474.09000000,1669.43270000,1658170799999,2464127.68176100,2980,773.84160000,1142290.01118600,0
1658170800000,1474.41000000,1478.13000000,1448.58000000,1471.98000000,3999.70870000,1658174399999,5861374.91182300,4448,2044.54500000,2998324.55567500,0
1658174400000,1472.13000000,1483.34000000,1461.00000000,1470.00000000,1298.81790000,1658177999999,1911774.69542500,2125,627.17170000,923248.95776700,0
1658178000000,1471.07000000,1494.00000000,1468.01000000,1487.11000000,1114.34110000,1658181599999,1653689.15680100,2035,695.81500000,1033184.99254900,0
1658181600000,1487.43000000,1521.06000000,1483.91000000,1515.30000000,1487.83280000,1658185199999,2232401.16886200,2612,743.08530000,1115671.27051800,0
1658185200000,1514.22000000,1597.93000000,1510.75000000,1580.67000000,5741.65970000,1658188799999,8944740.91947100,6859,3206.39560000,5000014.56832700,0
1658188800000,1580.49000000,1630.66000000,1541.13000000,1559.70000000,14795.17640000,1658192399999,23309591.20649300,15905,6394.87930000,10089858.46757800,0
1658192400000,1559.79000000,1565.67000000,1526.17000000,1527.48000000,7684.85160000,1658195999999,11849478.99261100,8700,4365.93370000,6723462.06698400,0
1658196000000,1527.46000000,1531.15000000,1511.16000000,1523.64000000,5750.63700000,1658199599999,8756756.33740800,6935,2498.42500000,3801318.14418000,0
1658199600000,1523.48000000,1546.42000000,1511.20000000,1516.17000000,5413.60900000,1658203199999,8292622.05587800,8594,2094.87140000,3207613.18207500,0
1658203200000,1516.05000000,1523.71000000,1492.99000000,1519.77000000,4365.28370000,1658206799999,6592000.08604800,6040,2030.66250000,3066569.81720400,0
1658206800000,1519.77000000,1545.00000000,1513.77000000,1530.12000000,5789.79170000,1658210399999,8855846.54997800,6076,2790.68560000,4260425.69214200,0
1658210400000,1529.90000000,1540.95000000,1499.21000000,1517.72000000,6675.79540000,1658213999999,10136837.69556000,7633,3850.09390000,5837651.95911500,0
1658214000000,1517.84000000,1527.20000000,1506.79000000,1510.53000000,3059.51420000,1658217599999,4643098.52583300,4989,1522.13630000,2309757.95800300,0
1658217600000,1510.78000000,1538.04000000,1506.05000000,1534.77000000,5471.19130000,1658221199999,8333311.64879500,6381,3397.11990000,5173324.69996300,0
1658221200000,1534.76000000,1538.74000000,1522.52000000,1533.39000000,3126.83180000,1658224799999,4788307.16775400,4880,1755.49130000,2688554.88212100,0
1658224800000,1533.33000000,1553.26000000,1519.25000000,1541.72000000,4854.62370000,1658228399999,7453349.72734400,6588,2294.68780000,3521209.74322100,0
1658228400000,1541.55000000,1561.06000000,1533.83000000,1541.79000000,3047.27150000,1658231999999,4716372.93681700,4916,1636.72130000,2534367.41927600,0
1658232000000,1541.66000000,1563.79000000,1539.20000000,1560.48000000,3974.06360000,1658235599999,6175221.49036500,4464,1897.16590000,2943505.56984500,0
1658235600000,1560.97000000,1577.24000000,1540.00000000,1559.13000000,5075.05990000,1658239199999,7906695.86298900,6189,1910.29790000,2979860.18801300,0
1658239200000,1560.00000000,1560.00000000,1529.30000000,1548.22000000,4470.31950000,1658242799999,6893335.32724500,5565,1896.55500000,2923715.26690700,0
1658242800000,1547.85000000,1551.20000000,1500.00000000,1541.29000000,8617.92800000,1658246399999,13145691.26601500,7149,4532.42730000,6924727.33763400,0
1658246400000,1541.56000000,1585.91000000,1534.22000000,1563.56000000,7135.01270000,1658249999999,11133746.12978500,7352,2990.54240000,4663469.50360300,0
1658250000000,1564.84000000,1581.58000000,1547.66000000,1574.90000000,1980.14250000,1658253599999,3100490.81694000,3762,750.21310000,1175448.87248200,0
1658253600000,1575.35000000,1577.31000000,1558.43000000,1571.65000000,1631.07380000,1658257199999,2560185.72137500,3115,748.44250000,1174832.99581600,0
1658257200000,1572.03000000,1589.70000000,1556.82000000,1560.76000000,1410.50890000,1658260799999,2220950.12349800,3151,561.66620000,884705.21542900,0
1658260800000,1560.86000000,1565.02000000,1548.45000000,1560.18000000,1630.66730000,1658264399999,2537857.46684400,2389,863.48880000,1342159.84989400,0
1658264400000,1559.47000000,1588.50000000,1556.52000000,1575.91000000,1684.11510000,1658267999999,2651611.02033400,2952,1017.80600000,1603098.64799100,0
1658268000000,1575.91000000,1580.35000000,1555.10000000,1563.75000000,1247.59860000,1658271599999,1954139.17537300,2125,598.85660000,936721.14416700,0
1658271600000,1563.75000000,1576.77000000,1525.32000000,1542.41000000,2962.68310000,1658275199999,4589495.00448900,4035,1355.02050000,2099506.08716100,0
1658275200000,1542.44000000,1544.91000000,1509.56000000,1522.72000000,3884.35190000,1658278799999,5932268.87184100,6999,1920.07760000,2932944.25763300,0
1658278800000,1522.81000000,1548.48000000,1517.91000000,1539.90000000,2461.04550000,1658282399999,3777106.20038000,4526,1266.29500000,1944300.66917300,0
1658282400000,1540.06000000,1552.01000000,1536.27000000,1546.53000000,1709.20180000,1658285999999,2640908.63859300,3246,861.50150000,1331170.03182500,0
1658286000000,1546.56000000,1569.59000000,1542.68000000,1561.89000000,3982.08580000,1658289599999,6201250.51010600,5472,2128.55560000,3312388.99819700,0
1658289600000,1562.01000000,1570.59000000,1553.38000000,1562.02000000,1770.06090000,1658293199999,2763458.84821300,3611,924.00700000,1442949.12391400,0
1658293200000,1561.87000000,1576.77000000,1557.54000000,1568.42000000,1534.79380000,1658296799999,2404919.70814800,3253,775.45060000,1214426.52183000,0
1658296800000,1568.42000000,1580.00000000,1566.00000000,1570.44000000,2898.25700000,1658300399999,4556648.21019100,4529,1581.77390000,2486254.38795500,0
1658300400000,1569.78000000,1572.55000000,1530.10000000,1531.36000000,3928.74730000,1658303999999,6102704.01386900,6171,1772.18600000,2752625.73655500,0
1658304000000,1531.16000000,1545.07000000,1525.44000000,1532.38000000,3474.78290000,1658307599999,5339980.01635800,4919,1463.14050000,2247634.64742200,0
1658307600000,1532.19000000,1555.38000000,1527.73000000,1550.68000000,2379.00410000,1658311199999,3677252.60383400,3927,1247.77210000,1928279.23418000,0
1658311200000,1550.68000000,1611.92000000,1547.98000000,1592.50000000,8446.09170000,1658314799999,13410740.25768100,10690,4462.03150000,7088882.00895000,0
1658314800000,1592.86000000,1613.79000000,1584.56000000,1603.19000000,5946.18680000,1658318399999,9495127.17444800,7472,2058.53430000,3287117.05334700,0
1658318400000,1602.99000000,1617.06000000,1583.32000000,1602.44000000,4756.36130000,1658321999999,7624940.55663900,7736,2432.35730000,3900505.67737100,0
1658322000000,1602.43000000,1622.82000000,1587.41000000,1590.89000000,5498.78400000,1658325599999,8821951.23572700,7613,2917.88070000,4679627.59313800,0
1658325600000,1590.77000000,1609.74000000,1588.00000000,1606.25000000,4309.08220000,1658329199999,6906051.70588100,4821,2136.25400000,3421168.31421200,0
1658329200000,1605.91000000,1606.19000000,1581.26000000,1596.47000000,4350.93640000,1658332799999,6953371.47050400,4662,1963.20910000,3139195.27677000,0
1658332800000,1596.47000000,1597.57000000,1543.46000000,1558.22000000,4411.82970000,1658336399999,6927234.19457700,5709,2570.76110000,4035596.24702600,0
1658336400000,1557.83000000,1564.98000000,1536.36000000,1545.51000000,2861.40120000,1658339999999,4446107.11628100,4441,1346.55820000,2092478.59513100,0
1658340000000,1546.35000000,1573.07000000,1546.35000000,1560.52000000,3630.12720000,1658343599999,5682545.75654500,4066,1181.95280000,1849464.68682700,0
1658343600000,1560.67000000,1576.65000000,1547.56000000,1551.61000000,1464.48810000,1658347199999,2282316.53405300,2564,797.21850000,1242866.72157400,0
1658347200000,1551.61000000,1560.79000000,1484.20000000,1520.88000000,7414.65730000,1658350799999,11229495.91072800,8273,3343.78590000,5063252.85313400,0
1658350800000,1521.11000000,1566.77000000,1516.34000000,1545.73000000,2105.30600000,1658354399999,3246441.53507900,3561,1014.55750000,1561756.68527400,0
1658354400000,1545.72000000,1549.81000000,1525.89000000,1527.44000000,1989.37920000,1658357999999,3061615.80335100,2783,612.23830000,942955.91293000,0
1658358000000,1526.56000000,1535.61000000,1506.53000000,1521.91000000,2735.25480000,1658361599999,4159717.02107100,3764,1878.52530000,2857212.14766100,0
1658361600000,1521.19000000,1540.07000000,1516.01000000,1527.89000000,2965.52440000,1658365199999,4529010.79277800,4341,1142.49350000,1743948.44088200,0
1658365200000,1528.20000000,1552.87000000,1523.27000000,1530.47000000,3965.08190000,1658368799999,6091488.00845300,5198,2488.82400000,3823765.99767200,0
1658368800000,1530.53000000,1538.62000000,1488.01000000,1489.20000000,3602.59090000,1658372399999,5447951.69243600,5774,1895.53210000,2865889.13509200,0
1658372400000,1488.52000000,1499.08000000,1481.91000000,1487.97000000,4170.63500000,1658375999999,6218746.10568400,5400,2242.55200000,3342725.57940100,0
1658376000000,1487.98000000,1494.57000000,1464.28000000,1485.07000000,4351.77610000,1658379599999,6439610.14045000,6102,2162.14480000,3199526.06991800,0
1658379600000,1485.10000000,1496.52000000,1482.57000000,1492.05000000,2434.98020000,1658383199999,3624552.67565000,4117,1114.42370000,1658824.23678200,0
1658383200000,1492.29000000,1493.64000000,1471.00000000,1475.00000000,3096.95520000,1658386799999,4595991.81481500,4318,1632.15820000,2421603.77525300,0
1658386800000,1475.20000000,1497.88000000,1472.51000000,1488.12000000,2299.56510000,1658390399999,3424596.57824200,3800,1075.99430000,1602168.20095600,0
1658390400000,1488.11000000,1493.53000000,1481.06000000,1490.19000000,2550.94300000,1658393999999,3794010.61784700,4117,1357.60010000,2019044.89619400,0
1658394000000,1490.33000000,1516.59000000,1489.46000000,1511.29000000,2555.36360000,1658397599999,3848887.85366000,4360,1270.03570000,1912893.71315300,0
1658397600000,1511.48000000,1519.25000000,1495.65000000,1497.18000000,1883.11280000,1658401199999,2842606.17490300,3284,856.84890000,1293914.44582400,0
1658401200000,1497.55000000,1503.37000000,1476.57000000,1489.18000000,3211.06110000,1658404799999,4786199.11104400,4693,1526.71720000,2274660.28109700,0
1658404800000,1489.05000000,1516.23000000,1484.18000000,1506.18000000,3169.88710000,1658408399999,4760931.76316700,5242,1614.99270000,2425950.85598200,0
1658408400000,1506.11000000,1509.18000000,1489.61000000,1506.20000000,1828.36070000,1658411999999,2741781.83228700,3499,892.95800000,1338774.65079700,0
1658412000000,1505.16000000,1510.31000000,1481.30000000,1499.59000000,4067.56930000,1658415599999,6071221.27296900,3847,3012.41390000,4495745.33834000,0
1658415600000,1499.38000000,1514.38000000,1498.64000000,1511.04000000,3107.67960000,1658419199999,4682371.44500800,3183,827.87890000,1248273.02441500,0
1658419200000,1511.09000000,1569.79000000,1509.00000000,1558.77000000,5619.22070000,1658422799999,8677270.75089200,6893,2269.31690000,3506613.19986900,0
1658422800000,1558.74000000,1566.62000000,1530.26000000,1536.65000000,4276.33960000,1658426399999,6591676.60859100,4527,3022.62100000,4651612.26070300,0
1658426400000,1536.41000000,1548.26000000,1533.89000000,1543.54000000,1187.96370000,1658429999999,1830384.00140300,1916,427.46220000,658869.90393300,0
1658430000000,1543.92000000,1580.80000000,1543.56000000,1579.03000000,3992.11980000,1658433599999,6240901.41519600,4333,1168.21340000,1826714.58576900,0
1658433600000,1578.54000000,1606.06000000,1576.40000000,1585.44000000,4337.33380000,1658437199999,6893923.30184900,5005,2185.17900000,3474013.71932000,0
1658437200000,1585.48000000,1595.83000000,1581.87000000,1589.85000000,1228.96010000,1658440799999,1950975.08781000,2169,509.71150000,808947.63805500,0
1658440800000,1589.85000000,1591.04000000,1564.78000000,1576.37000000,5435.83480000,1658444399999,8558198.70697100,4307,2689.95800000,4230209.43185900,0
1658444400000,1576.51000000,1589.25000000,1569.65000000,1575.49000000,3252.43810000,1658447999999,5135644.13077500,3092,2368.12250000,3738827.18348300,0
1658448000000,1575.56000000,1596.09000000,1569.30000000,1589.54000000,4528.73710000,1658451599999,7190456.94015500,5040,1332.30880000,2113323.83135900,0
1658451600000,1589.71000000,1593.69000000,1572.42000000,1576.15000000,1425.89900000,1658455199999,2254617.11622600,2646,632.18010000,999468.70461000,0
1658455200000,1576.32000000,1579.24000000,1561.21000000,1563.84000000,1661.35890000,1658458799999,2604960.91995200,2870,804.50810000,1261003.75160600,0
1658458800000,1563.85000000,1571.28000000,1553.10000000,1561.44000000,2896.57420000,1658462399999,4522664.95244900,3632,1139.53460000,1779497.19330600,0
1658462400000,1561.72000000,1573.17000000,1556.09000000,1569.78000000,1230.21760000,1658465999999,1925786.50930800,2301,684.13280000,1070582.10903600,0
1658466000000,1569.68000000,1590.80000000,1562.82000000,1590.21000000,2265.94070000,1658469599999,3583503.54622800,3593,1334.07190000,2110117.83938600,0
1658469600000,1590.34000000,1604.48000000,1585.89000000,1596.36000000,3808.94330000,1658473199999,6066415.12513100,4358,2373.40130000,3778104.68175300,0
1658473200000,1596.38000000,1613.79000000,1585.94000000,1601.57000000,4730.94420000,1658476799999,7564999.32731600,5730,1661.04200000,2656093.89940700,0
1658476800000,1602.01000000,1626.12000000,1595.61000000,1619.61000000,3885.34170000,1658480399999,6252374.21830500,6013,1958.16900000,3151017.76986500,0
1658480400000,1619.04000000,1649.99000000,1619.04000000,1631.01000000,7611.66330000,1658483999999,12457864.34111700,8722,3534.21800000,5786134.23323600,0
1658484000000,1631.13000000,1642.20000000,1623.51000000,1624.64000000,2596.57170000,1658487599999,4247755.62339400,4111,1256.18990000,2055514.74432300,0
1658487600000,1624.73000000,1640.93000000,1621.08000000,1639.22000000,2761.88840000,1658491199999,4508689.02497000,3788,1471.64620000,2402482.37703300,0
1658491200000,1639.24000000,1644.47000000,1624.35000000,1625.55000000,2549.93470000,1658494799999,4162999.63218900,3756,1093.60860000,1785419.98180400,0
1658494800000,1625.87000000,1631.22000000,1598.17000000,1599.98000000,5510.34240000,1658498399999,8898338.80265800,7492,2666.75150000,4307149.54195700,0
1658498400000,1600.08000000,1617.60000000,1588.01000000,1612.13000000,5299.35650000,1658501999999,8478747.03227600,6270,2671.23460000,4273445.99065700,0
1658502000000,1612.09000000,1614.29000000,1569.65000000,1575.11000000,6280.98540000,1658505599999,9941306.68341800,6803,3868.86550000,6112488.98516200,0
1658505600000,1574.97000000,1584.65000000,1563.47000000,1580.99000000,2455.85040000,1658509199999,3869443.10184700,4477,1306.50010000,2058869.05982000,0
1658509200000,1580.84000000,1592.02000000,1558.32000000,1569.27000000,2191.29540000,1658512799999,3449208.10186600,3475,1276.81110000,2010462.33720900,0
1658512800000,1568.96000000,1577.77000000,1557.77000000,1575.50000000,593.29260000,1658516399999,930714.16697300,1597,299.81240000,470158.45920600,0
1658516400000,1574.95000000,1579.24000000,1519.66000000,1526.77000000,4263.89740000,1658519999999,6591820.00601800,5415,1567.44680000,2419615.01264200,0
1658520000000,1526.56000000,1536.97000000,1516.47000000,1527.07000000,1992.55590000,1658523599999,3042618.32090300,3109,962.13730000,1469324.09162400,0
1658523600000,1526.77000000,1543.11000000,1523.05000000,1539.00000000,1003.34300000,1658527199999,1541525.85580700,1520,428.73410000,658598.28722600,0
1658527200000,1538.96000000,1544.03000000,1528.89000000,1539.24000000,576.70580000,1658530799999,887188.27460000,1188,185.37220000,285011.78158100,0
1658530800000,1539.88000000,1544.33000000,1531.81000000,1535.43000000,811.02340000,1658534399999,1246742.53853500,1340,303.77430000,466865.91656400,0
1658534400000,1535.35000000,1552.75000000,1523.94000000,1544.61000000,1849.75650000,1658537999999,2847376.45363500,3315,940.25790000,1447794.45676800,0
1658538000000,1544.63000000,1557.01000000,1542.43000000,1552.13000000,1413.29220000,1658541599999,2190815.69702700,2232,651.65730000,1009917.75810300,0
1658541600000,1552.17000000,1575.43000000,1550.92000000,1566.83000000,1641.84970000,1658545199999,2568935.01185300,3075,986.25300000,1542631.30919900,0
1658545200000,1566.80000000,1579.65000000,1563.86000000,1570.77000000,939.22880000,1658548799999,1477235.18066100,2170,527.23060000,829198.10601700,0
1658548800000,1571.42000000,1596.98000000,1564.41000000,1587.26000000,1658.76630000,1658552399999,2627706.14457600,3130,865.10170000,1370686.82774900,0
1658552400000,1587.39000000,1595.10000000,1575.61000000,1581.33000000,1287.05940000,1658555999999,2038837.52667600,2519,673.16020000,1065570.29100900,0
1658556000000,1581.34000000,1592.38000000,1577.60000000,1581.39000000,837.88860000,1658559599999,1326563.92928700,1958,396.25090000,627310.81326300,0
1658559600000,1581.51000000,1585.84000000,1568.46000000,1578.32000000,1356.99390000,1658563199999,2141777.57018500,2832,680.99890000,1074951.00621000,0
1658563200000,1578.58000000,1588.75000000,1546.51000000,1550.09000000,4559.54520000,1658566799999,7187014.86110700,5526,1407.60180000,2212816.47250000,0
1658566800000,1550.26000000,1565.53000000,1546.73000000,1560.39000000,1591.53770000,1658570399999,2477217.00608000,2901,799.57650000,1244454.41327000,0
1658570400000,1560.45000000,1564.66000000,1534.44000000,1543.57000000,1484.97400000,1658573999999,2297873.89714700,2892,737.39960000,1140949.09104700,0
1658574000000,1543.80000000,1544.56000000,1519.37000000,1522.31000000,2506.07830000,1658577599999,3837356.53787500,4082,1291.94410000,1978167.47686400,0
1658577600000,1522.49000000,1527.08000000,1503.00000000,1520.84000000,5241.33710000,1658581199999,7973163.50284700,5827,1954.69250000,2971234.17230600,0
1658581200000,1520.19000000,1536.94000000,1518.13000000,1533.04000000,1381.85680000,1658584799999,2110027.11147800,2962,646.04020000,986744.32338300,0
1658584800000,1532.86000000,1536.25000000,1509.37000000,1520.47000000,1667.03060000,1658588399999,2542314.08088600,3257,769.39430000,1173451.11457400,0
1658588400000,1520.64000000,1533.62000000,1516.67000000,1523.50000000,1438.51190000,1658591999999,2192620.91781600,3027,777.18780000,1184331.49687500,0
1658592000000,1523.59000000,1533.02000000,1517.37000000,1518.57000000,3726.46950000,1658595599999,5680672.10341700,4074,2355.04780000,3587237.67077400,0
1658595600000,1518.66000000,1523.49000000,1494.00000000,1501.38000000,3457.25570000,1658599199999,5208051.65411300,5063,1753.50910000,2641371.04049100,0
1658599200000,1501.08000000,1514.54000000,1486.06000000,1498.80000000,4192.71210000,1658602799999,6322451.23659300,5093,1278.78800000,1926416.44696200,0
1658602800000,1499.33000000,1516.49000000,1490.17000000,1513.63000000,1638.47240000,1658606399999,2459960.13842300,3063,850.59070000,1276737.04685600,0
1658606400000,1513.13000000,1527.63000000,1511.38000000,1525.41000000,956.28460000,1658609999999,1452919.54474700,1947,485.35700000,737384.21157100,0
1658610000000,1525.40000000,1529.12000000,1514.68000000,1516.11000000,2271.85830000,1658613599999,3448147.68066000,1852,1725.16720000,2616673.05252900,0
1658613600000,1516.37000000,1550.00000000,1515.63000000,1542.17000000,2848.22950000,1658617199999,4394664.96717400,2870,669.32120000,1029989.28659000,0
1658617200000,1541.63000000,1555.48000000,1540.08000000,1548.89000000,1249.15800000,1658620799999,1936569.32686200,1965,816.08940000,1265303.07840400,0
1658620800000,1549.14000000,1577.08000000,1549.14000000,1564.64000000,1191.93960000,1658624399999,1867360.15156200,2543,681.46360000,1067361.57557600,0
1658624400000,1565.59000000,1571.69000000,1549.70000000,1561.13000000,842.71280000,1658627999999,1312765.46022100,1970,373.89900000,582250.43497200,0
1658628000000,1561.55000000,1567.66000000,1553.50000000,1565.24000000,591.17910000,1658631599999,922347.54950700,1432,321.98270000,502243.05277000,0
1658631600000,1565.25000000,1566.13000000,1546.58000000,1551.95000000,500.03820000,1658635199999,777621.85281100,1268,245.70790000,382022.96765700,0
1658635200000,1552.56000000,1563.90000000,1547.00000000,1561.53000000,395.77000000,1658638799999,616139.03589400,1127,215.73800000,335979.23844100,0
1658638800000,1561.23000000,1608.00000000,1560.08000000,1601.07000000,3437.99240000,1658642399999,5470450.65037400,4697,1914.42840000,3045204.97754400,0
1658642400000,1601.41000000,1619.98000000,1599.65000000,1610.00000000,1668.65200000,1658645999999,2687561.20778700,3046,1001.65890000,1613332.91750500,0
1658646000000,1609.96000000,1619.55000000,1603.03000000,1604.73000000,909.40570000,1658649599999,1464010.66966600,2020,547.03200000,881235.78900300,0
1658649600000,1604.67000000,1609.14000000,1593.35000000,1603.51000000,1179.44250000,1658653199999,1888580.50389800,2236,531.77230000,851786.03714000,0
1658653200000,1603.50000000,1613.33000000,1596.00000000,1597.82000000,4846.88090000,1658656799999,7770249.26874900,3570,1075.19520000,1723469.25811300,0
1658656800000,1597.66000000,1604.24000000,1579.05000000,1584.78000000,3029.24310000,1658660399999,4806402.54988900,2805,2312.47890000,3665499.92878600,0
1658660400000,1585.49000000,1628.55000000,1584.25000000,1615.98000000,1420.93020000,1658663999999,2294617.56846500,3040,776.79750000,1254315.53690200,0
1658664000000,1616.38000000,1623.49000000,1576.02000000,1578.81000000,1658.18410000,1658667599999,2659865.88870400,3353,775.48640000,1245609.26237100,0
1658667600000,1578.28000000,1585.58000000,1571.62000000,1581.72000000,719.55520000,1658671199999,1137307.67609200,1794,323.46450000,511451.99445500,0
1658671200000,1581.85000000,1617.74000000,1573.74000000,1610.77000000,1334.91280000,1658674799999,2136877.76952400,3129,690.36060000,1106672.35287400,0
1658674800000,1610.72000000,1621.17000000,1603.57000000,1612.47000000,1194.65280000,1658678399999,1923722.41590900,2191,408.12640000,658040.90192100,0
1658678400000,1612.61000000,1616.00000000,1583.89000000,1591.18000000,849.64280000,1658681999999,1356660.54061800,2185,365.47840000,583507.41316500,0
1658682000000,1591.67000000,1613.81000000,1589.90000000,1604.14000000,1129.41640000,1658685599999,1811620.42270500,2143,433.17130000,694333.91706500,0
1658685600000,1603.98000000,1607.89000000,1591.05000000,1598.37000000,498.93420000,1658689199999,798834.50321800,1322,266.23330000,426760.59116000,0
1658689200000,1597.72000000,1615.00000000,1594.20000000,1603.39000000,679.55680000,1658692799999,1090161.02631400,1969,354.68910000,569142.05105200,0
1658692800000,1602.69000000,1620.16000000,1598.88000000,1608.42000000,810.45740000,1658696399999,1305680.56180500,1908,450.12830000,724433.40933600,0
1658696400000,1608.43000000,1637.00000000,1607.50000000,1622.58000000,1550.87610000,1658699999999,2516506.02145700,2877,839.84680000,1362495.92249500,0
1658700000000,1623.06000000,1664.47000000,1595.63000000,1605.58000000,10735.22180000,1658703599999,17446317.29984600,10077,3908.54140000,6388309.77954200,0
1658703600000,1605.03000000,1615.97000000,1589.43000000,1597.99000000,4007.53870000,1658707199999,6419967.80538900,5508,1977.92430000,3167841.64316200,0
1658707200000,1597.81000000,1609.29000000,1555.93000000,1558.73000000,5088.59450000,1658710799999,8013570.29791500,7639,2339.71860000,3686599.57219200,0
1658710800000,1558.25000000,1560.68000000,1534.28000000,1544.51000000,3493.95920000,1658714399999,5408383.06466000,4899,1779.28240000,2752285.26415600,0
1658714400000,1544.47000000,1544.47000000,1516.43000000,1520.04000000,4206.83820000,1658717999999,6429996.82224200,5840,1955.17370000,2988460.54514900,0
1658718000000,1520.08000000,1523.95000000,1499.86000000,1511.62000000,3184.88600000,1658721599999,4819580.28888500,4634,1354.44490000,2050161.22851600,0
1658721600000,1511.54000000,1524.13000000,1499.85000000,1522.80000000,3486.53490000,1658725199999,5267169.09868800,4357,1762.65640000,2663090.35525000,0
1658725200000,1522.79000000,1529.64000000,1515.00000000,1528.20000000,2548.31170000,1658728799999,3883078.91269600,3709,1216.02310000,1852410.43447400,0
1658728800000,1528.17000000,1529.11000000,1514.74000000,1519.46000000,1838.86820000,1658732399999,2798361.39529100,2778,789.07850000,1201107.56447900,0
1658732400000,1519.82000000,1528.98000000,1514.35000000,1522.50000000,1441.68220000,1658735999999,2195498.93830800,2450,774.15810000,1178855.63837300,0
1658736000000,1522.38000000,1544.15000000,1512.01000000,1537.03000000,2500.09250000,1658739599999,3820066.68293200,3912,1245.56380000,1903714.64307200,0
1658739600000,1537.14000000,1543.74000000,1531.97000000,1535.53000000,1656.12050000,1658743199999,2544832.59969300,2471,993.25560000,1525940.71212500,0
1658743200000,1535.66000000,1550.07000000,1532.69000000,1547.15000000,1431.76820000,1658746799999,2209243.24746400,2652,739.07220000,1140619.21072900,0
1658746800000,1546.79000000,1553.66000000,1535.63000000,1537.59000000,1526.21440000,1658750399999,2353759.66581500,2532,761.86750000,1175198.11583800,0
1658750400000,1538.22000000,1539.03000000,1517.83000000,1536.07000000,2272.31310000,1658753999999,3473781.61383900,3620,1080.72720000,1652003.54395300,0
1658754000000,1536.10000000,1537.29000000,1506.31000000,1521.66000000,2818.96600000,1658757599999,4292864.89531500,5054,1378.18790000,2098183.30728500,0
1658757600000,1521.89000000,1527.13000000,1502.82000000,1524.57000000,2681.00850000,1658761199999,4061207.98567400,4755,1489.33040000,2255785.14336700,0
1658761200000,1524.61000000,1531.71000000,1511.64000000,1526.03000000,1487.20570000,1658764799999,2263968.87406500,3121,723.18870000,1100922.69163200,0
1658764800000,1526.08000000,1533.86000000,1514.87000000,1527.66000000,2491.54510000,1658768399999,3804658.83572800,3757,949.89110000,1450026.05119300,0
1658768400000,1527.94000000,1534.57000000,1511.69000000,1514.44000000,1636.03770000,1658771999999,2495324.33331200,2973,843.79230000,1288171.93376300,0
1658772000000,1513.73000000,1523.22000000,1507.86000000,1510.52000000,1609.00870000,1658775599999,2437925.89560500,3027,789.87520000,1196849.00190300,0
1658775600000,1510.60000000,1512.27000000,1455.23000000,1495.29000000,7867.81180000,1658779199999,11652137.65397500,9519,3730.02660000,5526235.34311100,0
1658779200000,1495.90000000,1538.26000000,1491.97000000,1523.52000000,6356.80950000,1658782799999,9658621.95278400,8277,3482.54120000,5291764.84714800,0
1658782800000,1523.65000000,1525.40000000,1508.14000000,1514.31000000,985.81650000,1658786399999,1496906.15696600,1633,425.60220000,646361.69964700,0
1658786400000,1514.48000000,1514.71000000,1467.02000000,1481.97000000,2946.03120000,1658789999999,4380331.31696700,5379,1299.09520000,1930690.71671500,0
1658790000000,1481.83000000,1487.39000000,1433.00000000,1441.61000000,4480.82740000,1658793599999,6550934.97146500,6065,2140.93890000,3130940.17445700,0
1658793600000,1440.62000000,1449.63000000,1412.82000000,1415.59000000,7024.69960000,1658797199999,10053444.80089700,8908,3459.09260000,4950652.61885000,0
1658797200000,1415.37000000,1427.30000000,1412.55000000,1421.04000000,3231.10570000,1658800799999,4590909.63119400,4868,1737.83410000,2469598.43636300,0
1658800800000,1420.49000000,1426.35000000,1415.43000000,1419.64000000,2919.66530000,1658804399999,4148965.50012300,3317,1005.23870000,1429057.75726200,0
1658804400000,1419.57000000,1438.21000000,1401.00000000,1433.28000000,5182.58570000,1658807999999,7376517.96520500,6038,2956.89860000,4210074.93650900,0
1658808000000,1432.76000000,1438.93000000,1424.61000000,1427.17000000,2095.03000000,1658811599999,3000595.83822000,2959,1148.60720000,1645256.12821800,0
1658811600000,1427.40000000,1432.24000000,1420.00000000,1426.82000000,1689.68930000,1658815199999,2407999.00109100,2779,840.39780000,1197727.18077900,0
1658815200000,1426.63000000,1427.43000000,1413.51000000,1417.74000000,1746.78580000,1658818799999,2480600.22427200,2583,1013.37860000,1439191.48309800,0
1658818800000,1417.71000000,1424.28000000,1406.83000000,1409.44000000,2104.91820000,1658822399999,2985967.85243500,3054,906.42470000,1285917.04114300,0
1658822400000,1409.45000000,1418.66000000,1404.15000000,1412.16000000,2326.54730000,1658825999999,3283263.78281200,3439,1228.69970000,1733571.70190800,0
1658826000000,1412.15000000,1423.85000000,1411.16000000,1419.06000000,1084.12410000,1658829599999,1536378.73035500,1975,582.77600000,825775.43995300,0
1658829600000,1419.26000000,1423.03000000,1408.69000000,1410.51000000,1280.15730000,1658833199999,1809479.55107500,1829,680.13310000,960897.60941300,0
1658833200000,1410.74000000,1416.22000000,1385.00000000,1405.86000000,1956.69920000,1658836799999,2749989.06883000,3248,809.16580000,1137553.31152700,0
1658836800000,1406.13000000,1420.27000000,1382.79000000,1392.02000000,3378.09500000,1658840399999,4717935.61780700,5267,1518.80860000,2122439.93955900,0
1658840400000,1391.95000000,1392.98000000,1370.69000000,1389.25000000,5620.56080000,1658843999999,7776729.59135400,6443,3392.71680000,4693328.26012600,0
1658844000000,1389.05000000,1396.71000000,1376.18000000,1392.27000000,2862.01280000,1658847599999,3969631.51513300,4212,1453.64940000,2015159.01794300,0
1658847600000,1391.60000000,1395.10000000,1364.00000000,1368.66000000,3494.45200000,1658851199999,4811277.55286300,4905,1695.96340000,2335383.34717300,0
1658851200000,1368.74000000,1383.89000000,1367.18000000,1383.22000000,2007.17050000,1658854799999,2758580.37681400,3285,1021.99010000,1404584.54891000,0
1658854800000,1383.32000000,1396.28000000,1377.57000000,1378.41000000,2865.37330000,1658858399999,3971654.50137600,4417,1386.33720000,1921631.49015700,0
1658858400000,1378.73000000,1386.84000000,1366.59000000,1371.31000000,2217.34960000,1658861999999,3051990.98944300,3369,1142.30610000,1571869.56447300,0
1658862000000,1371.32000000,1375.99000000,1356.73000000,1366.02000000,2440.55330000,1658865599999,3329741.19205500,3970,1282.02150000,1748944.76105100,0
1658865600000,1366.42000000,1382.97000000,1356.69000000,1380.51000000,3476.49630000,1658869199999,4766435.61323900,4519,1791.52340000,2455960.70228700,0
1658869200000,1380.59000000,1404.47000000,1366.23000000,1380.26000000,1617.21400000,1658872799999,2248464.91616700,2826,907.51390000,1264012.27985300,0
1658872800000,1380.20000000,1414.64000000,1378.37000000,1411.48000000,2642.44780000,1658876399999,3703980.75259600,3122,1464.97100000,2055507.91729900,0
1658876400000,1411.12000000,1453.77000000,1408.09000000,1448.73000000,3994.64770000,1658879999999,5726917.50530600,4500,1712.80790000,2455947.95217900,0
1658880000000,1449.30000000,1458.44000000,1436.27000000,1442.79000000,2527.89360000,1658883599999,3660900.06493600,3754,1201.44530000,1740125.02757600,0
1658883600000,1442.80000000,1447.29000000,1432.22000000,1433.22000000,2779.96580000,1658887199999,4003702.40155400,3259,1183.03210000,1704338.27225600,0
1658887200000,1433.67000000,1439.30000000,1427.10000000,1437.92000000,2454.17020000,1658890799999,3517257.20744500,2829,1682.68880000,2411971.94484400,0
1658890800000,1438.47000000,1438.72000000,1420.94000000,1424.45000000,3004.68620000,1658894399999,4298808.28296100,3000,1216.07980000,1741251.89128400,0
1658894400000,1424.77000000,1438.75000000,1422.59000000,1434.74000000,1183.00670000,1658897999999,1693980.33289600,2088,603.19590000,863552.00771400,0
1658898000000,1434.97000000,1458.50000000,1434.03000000,1452.60000000,1646.84360000,1658901599999,2384088.82074200,2975,863.29030000,1249791.20968900,0
1658901600000,1452.67000000,1457.51000000,1443.94000000,1454.81000000,2050.58530000,1658905199999,2972385.93024200,2999,967.30690000,1402679.29270300,0
1658905200000,1454.55000000,1472.06000000,1453.67000000,1464.57000000,2761.46690000,1658908799999,4043653.20134600,3981,1297.31520000,1899239.60373900,0
1658908800000,1464.69000000,1474.97000000,1460.61000000,1460.81000000,2553.65160000,1658912399999,3750741.23119900,3471,1212.77750000,1781441.52664900,0
1658912400000,1460.68000000,1462.78000000,1455.30000000,1457.97000000,1387.22140000,1658915999999,2024801.79315500,2484,704.02470000,1027493.52006600,0
1658916000000,1457.97000000,1467.06000000,1454.46000000,1457.11000000,1039.93970000,1658919599999,1517786.34904500,2008,544.03870000,793844.49620200,0
1658919600000,1457.10000000,1468.76000000,1448.46000000,1453.09000000,1262.34900000,1658923199999,1842755.18088500,2412,677.06430000,987974.65014300,0
1658923200000,1452.92000000,1483.29000000,1444.91000000,1479.86000000,2665.49390000,1658926799999,3904806.49555700,4313,1151.49150000,1686150.71543700,0
1658926800000,1480.07000000,1497.13000000,1467.15000000,1491.47000000,2727.46730000,1658930399999,4039404.43567800,4616,1307.22310000,1935136.49332500,0
1658930400000,1492.13000000,1495.18000000,1482.60000000,1491.57000000,2062.10940000,1658933999999,3069365.15705700,2896,798.27890000,1188489.45992200,0
1658934000000,1491.25000000,1495.28000000,1483.82000000,1489.80000000,1412.20280000,1658937599999,2101405.41018700,1987,724.82110000,1078373.05133700,0
1658937600000,1489.88000000,1520.00000000,1477.73000000,1484.06000000,2880.13870000,1658941199999,4327900.81431600,4361,1377.36240000,2068992.48824500,0
1658941200000,1484.92000000,1509.35000000,1478.52000000,1500.12000000,2686.69300000,1658944799999,4021337.53489800,4506,1410.88430000,2110877.65751200,0
1658944800000,1499.93000000,1592.35000000,1499.85000000,1581.19000000,13825.11780000,1658948399999,21572241.00544200,17216,6351.90950000,9915201.65787000,0
1658948400000,1581.36000000,1614.14000000,1579.93000000,1588.32000000,10009.71980000,1658951999999,15951632.55211400,12006,4140.49020000,6596326.04750200,0
1658952000000,1588.35000000,1614.99000000,1585.30000000,1601.53000000,5000.46610000,1658955599999,7999109.82945700,6297,3045.29040000,4872133.69736000,0
1658955600000,1601.55000000,1621.00000000,1594.15000000,1607.05000000,2256.04710000,1658959199999,3621654.81842600,3821,1278.94040000,2053230.25513400,0
1658959200000,1608.78000000,1636.53000000,1607.72000000,1626.54000000,4235.03090000,1658962799999,6882403.75582300,5925,2129.51260000,3461102.84074300,0
1658962800000,1626.50000000,1644.89000000,1623.44000000,1636.54000000,2043.66410000,1658966399999,3333779.98538400,3779,1032.77040000,1684807.87921600,0
1658966400000,1636.52000000,1639.39000000,1612.16000000,1616.26000000,2977.38330000,1658969999999,4832168.66629600,5660,1268.85390000,2060162.01441500,0
1658970000000,1616.03000000,1617.52000000,1605.90000000,1615.89000000,1103.50130000,1658973599999,1778853.39388000,2435,581.33510000,937088.06398400,0
1658973600000,1615.93000000,1676.89000000,1609.61000000,1659.80000000,4234.62200000,1658977199999,6985279.54206600,5941,2217.56470000,3654676.38781800,0
1658977200000,1660.15000000,1664.86000000,1645.54000000,1649.13000000,2890.33500000,1658980799999,4785462.61075300,5586,1417.47200000,2346158.75133100,0
1658980800000,1649.05000000,1653.45000000,1632.85000000,1632.89000000,2161.30500000,1658984399999,3549644.33886500,3752,1033.72750000,1697820.93624000,0
1658984400000,1633.64000000,1653.69000000,1628.10000000,1651.46000000,2302.11500000,1658987999999,3779606.70092800,3762,1122.48090000,1843311.49446000,0
1658988000000,1651.21000000,1655.02000000,1634.52000000,1644.18000000,3679.05410000,1658991599999,6053569.99393000,4294,1346.40800000,2216314.56533200,0
1658991600000,1642.90000000,1643.56000000,1614.33000000,1619.01000000,2228.74750000,1658995199999,3629745.67256700,3942,1053.61100000,1715200.63514000,0
1658995200000,1618.43000000,1628.86000000,1615.23000000,1625.32000000,2859.47910000,1658998799999,4635481.10658300,3711,1648.66650000,2671700.07074700,0
1658998800000,1625.19000000,1631.06000000,1599.30000000,1619.84000000,2448.21780000,1659002399999,3952879.83561500,3525,1278.67480000,2064531.36281700,0
1659002400000,1619.92000000,1634.19000000,1617.39000000,1621.13000000,2488.05500000,1659005999999,4043917.68747900,3496,1179.17260000,1916025.81350400,0
1659006000000,1621.71000000,1643.97000000,1619.42000000,1641.72000000,2507.69450000,1659009599999,4095744.50123900,3464,1384.79390000,2261421.07650300,0
1659009600000,1641.89000000,1656.78000000,1594.53000000,1635.29000000,7751.10090000,1659013199999,12622848.02901000,10414,3394.28770000,5534878.01312000,0
1659013200000,1635.12000000,1667.09000000,1613.70000000,1620.65000000,6389.30450000,1659016799999,10476128.93456000,8696,3196.61640000,5245715.28579900,0
1659016800000,1620.80000000,1653.11000000,1613.13000000,1652.08000000,6740.83890000,1659020399999,11006850.97440300,7418,4355.16430000,7115336.06685100,0
1659020400000,1652.14000000,1755.00000000,1645.80000000,1727.83000000,14920.70820000,1659023999999,25339075.18119200,14901,7302.51650000,12371719.26679900,0
1659024000000,1728.91000000,1743.74000000,1716.68000000,1722.72000000,5211.14300000,1659027599999,9009817.49386400,7817,2630.65930000,4547971.91219700,0
1659027600000,1722.97000000,1750.00000000,1721.45000000,1748.38000000,3701.75540000,1659031199999,6424279.66677400,5363,1730.03640000,3003337.34451900,0
1659031200000,1748.31000000,1749.92000000,1709.02000000,1721.67000000,2986.47460000,1659034799999,5152310.70984200,3898,1367.15050000,2358547.83462000,0
1659034800000,1721.42000000,1731.71000000,1716.99000000,1725.61000000,2131.22410000,1659038399999,3679790.85167400,2905,850.36750000,1468144.03305400,0
1659038400000,1726.37000000,1785.75000000,1725.79000000,1757.44000000,6737.02380000,1659041999999,11825270.65394900,7126,2984.12560000,5231711.32772200,0
1659042000000,1758.05000000,1771.78000000,1734.92000000,1745.00000000,1848.19220000,1659045599999,3239437.32415700,2981,899.29140000,1576094.33041400,0
1659045600000,1745.13000000,1750.48000000,1727.60000000,1745.90000000,1616.07100000,1659049199999,2815447.23671000,2670,781.60680000,1361339.80951100,0
1659049200000,1746.08000000,1747.29000000,1712.44000000,1724.91000000,1699.57620000,1659052799999,2933821.36904300,2599,756.24350000,1305433.98804500,0
1659052800000,1725.25000000,1734.11000000,1696.90000000,1726.23000000,4517.50680000,1659056399999,7739756.33029000,6697,2259.64750000,3872451.45865500,0
1659056400000,1725.77000000,1728.86000000,1703.45000000,1715.92000000,2365.70980000,1659059999999,4056730.66611700,3986,1332.99310000,2285901.38456400,0
1659060000000,1715.82000000,1725.00000000,1704.24000000,1713.62000000,1677.88880000,1659063599999,2875232.97302500,3442,787.71280000,1349740.82263200,0
1659063600000,1713.46000000,1733.75000000,1708.71000000,1727.67000000,2207.39940000,1659067199999,3805165.56363800,3265,1284.98480000,2215627.73927300,0
1659067200000,1727.85000000,1744.32000000,1723.53000000,1740.43000000,2096.41160000,1659070799999,3635668.88588200,2991,1052.47990000,1825804.42268700,0
1659070800000,1740.52000000,1742.00000000,1720.42000000,1729.28000000,2844.32350000,1659074399999,4923370.35990900,3837,1323.30550000,2291922.25347800,0
1659074400000,1728.87000000,1753.03000000,1711.47000000,1717.18000000,2322.53110000,1659077999999,4023039.27268600,4181,1136.30710000,1968307.87501300,0
1659078000000,1715.69000000,1721.80000000,1707.06000000,1715.59000000,1593.83220000,1659081599999,2733454.49413600,3044,796.34540000,1365831.13582700,0
1659081600000,1715.71000000,1725.45000000,1692.16000000,1719.86000000,2658.67710000,1659085199999,4553687.97454300,4577,1269.56690000,2175464.01296400,0
1659085200000,1720.13000000,1730.86000000,1713.40000000,1729.02000000,1480.08930000,1659088799999,2548855.95767500,2890,781.23180000,1345270.76559100,0
1659088800000,1729.08000000,1733.93000000,1717.37000000,1720.93000000,2811.28370000,1659092399999,4856869.38556300,3666,883.27870000,1524851.54617700,0
1659092400000,1721.15000000,1722.17000000,1668.68000000,1681.95000000,3735.29510000,1659095999999,6317315.40066600,5745,1613.47650000,2727854.43672200,0
1659096000000,1681.97000000,1685.18000000,1656.40000000,1666.81000000,5751.41310000,1659099599999,9610744.55958800,8117,2614.95960000,4370800.90220900,0
1659099600000,1666.97000000,1709.79000000,1660.39000000,1699.88000000,4874.94420000,1659103199999,8207266.95114100,7246,2238.44630000,3766350.98339500,0
1659103200000,1698.98000000,1744.29000000,1696.38000000,1724.12000000,4935.61230000,1659106799999,8532419.36869800,7367,2292.95850000,3964538.66794200,0
1659106800000,1724.53000000,1728.13000000,1711.93000000,1721.99000000,2595.99690000,1659110399999,4467903.83141900,4175,1242.07610000,2137555.08966700,0
1659110400000,1722.44000000,1723.21000000,1669.02000000,1691.39000000,4736.83520000,1659113999999,7986604.69224800,6839,2256.55230000,3804080.85469500,0
1659114000000,1691.07000000,1706.12000000,1673.33000000,1695.27000000,2341.08100000,1659117599999,3952890.46472900,3952,1066.69810000,1800192.82212100,0
1659117600000,1695.27000000,1735.42000000,1692.01000000,1723.73000000,2240.39860000,1659121199999,3859570.95193800,3840,1274.29030000,2194921.57804000,0
1659121200000,1724.10000000,1731.43000000,1710.94000000,1723.86000000,1169.82590000,1659124799999,2014266.65976400,2151,624.27590000,1075163.44320700,0
1659124800000,1725.10000000,1739.45000000,1715.26000000,1733.45000000,1449.93630000,1659128399999,2504255.66421000,2928,610.55300000,1054396.04903700,0
1659128400000,1733.00000000,1739.75000000,1703.28000000,1717.11000000,1132.48370000,1659131999999,1951361.73528400,2133,761.60460000,1311430.66603700,0
1659132000000,1716.87000000,1744.29000000,1711.64000000,1742.39000000,1002.83860000,1659135599999,1733460.80777900,1872,537.39580000,927684.74069600,0
1659135600000,1742.81000000,1766.00000000,1720.86000000,1722.54000000,2088.32960000,1659139199999,3648962.80281300,3620,1058.38560000,1848847.61531500,0
1659139200000,1722.66000000,1735.26000000,1716.13000000,1731.38000000,1172.86010000,1659142799999,2025503.99997800,2927,605.58940000,1045739.72054500,0
1659142800000,1730.52000000,1733.91000000,1687.33000000,1723.40000000,1656.72790000,1659146399999,2838106.29068800,3956,766.46460000,1312379.66850600,0
1659146400000,1723.58000000,1724.50000000,1700.65000000,1714.48000000,1444.24700000,1659149999999,2470753.44117600,3228,689.91340000,1180181.39464600,0
1659150000000,1714.17000000,1715.73000000,1698.03000000,1707.79000000,1221.32150000,1659153599999,2082724.63077600,2456,573.69010000,978126.24599500,0
1659153600000,1708.09000000,1710.25000000,1688.52000000,1702.58000000,984.55600000,1659157199999,1674434.74968700,2567,489.91640000,833381.28447000,0
1659157200000,1702.55000000,1711.90000000,1701.40000000,1707.70000000,665.54430000,1659160799999,1136335.64451000,1660,359.33290000,613421.07599000,0
1659160800000,1708.02000000,1719.36000000,1703.57000000,1715.15000000,998.23230000,1659164399999,1709734.10588000,1944,360.06710000,616314.90663900,0
1659164400000,1715.20000000,1720.86000000,1712.26000000,1715.75000000,552.75450000,1659167999999,948803.21232700,1364,279.44240000,479700.33473800,0
1659168000000,1715.83000000,1723.47000000,1709.72000000,1713.18000000,899.23310000,1659171599999,1543608.13252000,2049,443.68080000,761532.41270100,0
1659171600000,1713.14000000,1717.98000000,1697.02000000,1701.62000000,919.33400000,1659175199999,1570463.13607900,1990,439.84270000,751268.12592400,0
1659175200000,1701.48000000,1701.68000000,1679.19000000,1685.84000000,2439.90020000,1659178799999,4115463.68173900,3704,961.08890000,1621633.52922400,0
1659178800000,1685.84000000,1714.96000000,1680.47000000,1705.11000000,1824.05930000,1659182399999,3093636.88219500,2880,869.32440000,1476567.16011600,0
1659182400000,1705.46000000,1721.40000000,1696.96000000,1720.81000000,1665.73370000,1659185999999,2850871.11578300,3557,796.65410000,1363342.69196900,0
1659186000000,1721.00000000,1738.00000000,1718.52000000,1726.55000000,3248.09870000,1659189599999,5613101.57770200,5579,1564.23460000,2703563.31158000,0
1659189600000,1727.04000000,1733.19000000,1713.51000000,1716.45000000,1709.99480000,1659193199999,2947407.73489300,2785,742.42810000,1280374.55105700,0
1659193200000,1716.70000000,1745.00000000,1716.70000000,1736.62000000,1444.46980000,1659196799999,2504541.91487500,3056,706.75270000,1225149.96865600,0
1659196800000,1737.34000000,1738.28000000,1726.72000000,1735.44000000,1404.59430000,1659200399999,2433317.24131100,2987,619.31320000,1072763.35387400,0
1659200400000,1735.47000000,1735.83000000,1717.01000000,1727.77000000,969.64120000,1659203999999,1673882.06504400,2037,464.83630000,802685.75466200,0
1659204000000,1727.83000000,1733.24000000,1723.16000000,1727.64000000,458.05650000,1659207599999,791823.79104000,1247,226.76420000,392032.17634600,0
1659207600000,1727.53000000,1727.71000000,1688.88000000,1692.31000000,4931.10070000,1659211199999,8420318.03959500,4840,3517.10530000,6008203.65067400,0
1659211200000,1692.01000000,1710.54000000,1686.52000000,1702.61000000,1551.27120000,1659214799999,2635055.82834600,2911,796.10300000,1352189.03189500,0
1659214800000,1702.62000000,1708.09000000,1689.21000000,1692.95000000,732.36080000,1659218399999,1244769.36295600,1364,321.83940000,546663.50216600,0
1659218400000,1692.57000000,1703.39000000,1673.74000000,1699.40000000,2006.12060000,1659221999999,3388374.58043900,3885,971.67080000,1642196.24772800,0
1659222000000,1699.25000000,1705.79000000,1680.76000000,1697.30000000,928.58850000,1659225599999,1571664.80190700,2145,476.00210000,805762.12782200,0
1659225600000,1697.54000000,1713.19000000,1686.95000000,1709.73000000,1202.81960000,1659229199999,2047387.91797800,3169,648.89200000,1104726.61734300,0
1659229200000,1709.21000000,1710.71000000,1694.92000000,1697.40000000,1513.42300000,1659232799999,2577847.84670000,2763,881.93130000,1502912.40670000,0
1659232800000,1697.38000000,1709.92000000,1691.54000000,1696.76000000,1122.90690000,1659236399999,1908251.60867400,2244,561.84460000,954581.01673500,0
1659236400000,1696.83000000,1700.42000000,1688.71000000,1694.21000000,664.72030000,1659239999999,1126139.92555300,1758,321.79870000,545277.46289200,0
1659240000000,1694.19000000,1705.79000000,1691.50000000,1703.39000000,807.01670000,1659243599999,1371752.03279100,1593,436.85770000,742925.68595600,0
1659243600000,1703.54000000,1706.38000000,1689.85000000,1691.43000000,554.87520000,1659247199999,941875.48655500,1627,235.54590000,399895.84338800,0
1659247200000,1691.66000000,1702.79000000,1691.00000000,1702.04000000,679.97560000,1659250799999,1154557.34257500,1639,360.75950000,612520.65919900,0
1659250800000,1701.80000000,1708.80000000,1694.18000000,1698.23000000,843.74590000,1659254399999,1434830.20727100,1789,394.23500000,670557.24823800,0
1659254400000,1698.04000000,1702.73000000,1690.00000000,1693.43000000,829.81800000,1659257999999,1406788.26684600,1857,384.43870000,651821.31495900,0
1659258000000,1693.20000000,1704.55000000,1686.81000000,1704.53000000,750.23910000,1659261599999,1273233.07316700,1766,356.11650000,604387.51286100,0
1659261600000,1704.53000000,1720.92000000,1697.97000000,1716.73000000,2258.51410000,1659265199999,3853253.13821600,2755,1245.45000000,2125469.49162700,0
1659265200000,1718.14000000,1724.44000000,1709.46000000,1719.43000000,1407.38330000,1659268799999,2416495.84376500,2736,715.98380000,1229691.63523100,0
1659268800000,1719.64000000,1722.78000000,1711.26000000,1719.39000000,592.51450000,1659272399999,1016860.42684200,1534,296.46360000,508861.38945800,0
1659272400000,1719.35000000,1721.27000000,1704.58000000,1709.00000000,1034.20710000,1659275999999,1769358.48730500,2043,404.03410000,691511.87270600,0
1659276000000,1709.03000000,1720.00000000,1693.40000000,1705.54000000,5773.69210000,1659279599999,9850917.98224800,4742,4552.80990000,7765998.21626500,0
1659279600000,1705.32000000,1714.53000000,1699.88000000,1712.54000000,981.40190000,1659283199999,1677041.93068600,1937,418.21450000,714606.92868400,0
1659283200000,1712.52000000,1716.01000000,1702.97000000,1709.35000000,929.48630000,1659286799999,1590252.84095900,2189,491.05310000,840222.14517500,0
1659286800000,1709.52000000,1713.12000000,1704.43000000,1708.36000000,523.40580000,1659290399999,894049.22959000,1326,240.96060000,411502.18604700,0
1659290400000,1708.44000000,1754.18000000,1686.75000000,1707.74000000,5304.70110000,1659293999999,9109571.53342600,9031,2785.94650000,4788020.68933700,0
1659294000000,1707.50000000,1733.74000000,1703.45000000,1717.91000000,1892.67680000,1659297599999,3255384.62883400,3289,1075.02000000,1849826.26960700,0
1659297600000,1717.91000000,1723.49000000,1713.12000000,1721.37000000,1026.26020000,1659301199999,1764710.05747200,2035,419.63510000,721300.82733100,0
1659301200000,1721.41000000,1725.79000000,1700.47000000,1702.74000000,753.89820000,1659304799999,1292386.23552800,1652,336.65240000,576918.13408300,0
1659304800000,1702.64000000,1704.94000000,1667.01000000,1685.18000000,4585.76470000,1659308399999,7746148.81068500,5627,1571.57150000,2648043.14375500,0
1659308400000,1685.08000000,1694.33000000,1676.67000000,1678.95000000,1309.61400000,1659311999999,2203626.22834100,2467,597.86930000,1006343.48107400,0
1659312000000,1678.94000000,1691.28000000,1674.87000000,1689.09000000,1294.20650000,1659315599999,2178395.32993000,2258,703.59830000,1184431.70298600,0
1659315600000,1688.95000000,1699.53000000,1684.44000000,1697.49000000,1566.23350000,1659319199999,2651575.17555800,2342,696.01710000,1178443.85282200,0
1659319200000,1697.45000000,1705.17000000,1691.27000000,1695.53000000,1114.20130000,1659322799999,1890917.33447500,2267,570.67920000,968699.36995600,0
1659322800000,1695.48000000,1697.34000000,1683.07000000,1692.61000000,1440.15670000,1659326399999,2431579.04290800,2096,384.01230000,648686.81082900,0
1659326400000,1692.37000000,1697.47000000,1689.12000000,1695.34000000,559.03880000,1659329999999,946929.61887500,1417,234.45450000,397107.35548100,0
1659330000000,1695.50000000,1697.80000000,1684.42000000,1691.96000000,857.98550000,1659333599999,1450473.90977800,1860,397.91610000,672659.98153400,0
1659333600000,1692.47000000,1693.04000000,1675.76000000,1686.30000000,1586.18160000,1659337199999,2670012.12166300,2324,718.56230000,1209861.99921700,0
1659337200000,1685.71000000,1697.30000000,1673.29000000,1693.31000000,1317.88020000,1659340799999,2216827.17693500,2196,670.59190000,1128455.43139400,0
1659340800000,1693.46000000,1696.22000000,1681.88000000,1683.85000000,887.45780000,1659344399999,1499375.51556100,1770,387.03620000,654000.45701000,0
1659344400000,1683.51000000,1692.98000000,1681.39000000,1687.07000000,933.25080000,1659347999999,1575545.91228600,1425,586.24150000,989698.25089200,0
1659348000000,1687.28000000,1688.81000000,1652.09000000,1658.06000000,1755.20800000,1659351599999,2929925.58394000,3228,752.30450000,1255780.52109200,0
1659351600000,1657.23000000,1674.57000000,1640.01000000,1668.52000000,3161.47940000,1659355199999,5228035.04125500,3832,1599.41520000,2648134.55861700,0
1659355200000,1668.60000000,1679.12000000,1654.16000000,1656.49000000,1451.65030000,1659358799999,2415106.74428000,2642,747.37760000,1242916.08921200,0
1659358800000,1656.80000000,1673.49000000,1637.17000000,1666.35000000,3340.72570000,1659362399999,5516980.91806400,5117,1416.89090000,2341655.44404100,0
1659362400000,1666.33000000,1690.53000000,1663.99000000,1685.62000000,3509.80030000,1659365999999,5893925.10224000,5496,1797.05510000,3016909.26695600,0
1659366000000,1686.02000000,1688.57000000,1666.34000000,1673.09000000,1698.10070000,1659369599999,2848072.45384600,2938,801.67660000,1343811.83208700,0
1659369600000,1673.11000000,1673.90000000,1648.16000000,1655.74000000,1670.60090000,1659373199999,2771949.87146200,2951,744.82410000,1236505.64299900,0
1659373200000,1655.93000000,1656.29000000,1623.99000000,1633.65000000,2955.49970000,1659376799999,4834856.73943500,5147,1411.44700000,2309014.69795400,0
1659376800000,1633.75000000,1636.75000000,1616.66000000,1627.46000000,2194.47800000,1659380399999,3567153.44615700,3682,986.95860000,1604974.84453900,0
1659380400000,1627.46000000,1632.68000000,1617.39000000,1622.96000000,1339.57350000,1659383999999,2176144.36884500,2888,669.95270000,1088282.09932000,0
1659384000000,1622.68000000,1630.41000000,1611.00000000,1628.43000000,1407.18720000,1659387599999,2282745.33534000,2834,675.53250000,1096118.19573500,0
1659387600000,1628.94000000,1634.97000000,1618.60000000,1624.61000000,1603.41130000,1659391199999,2603591.33874800,2299,752.49800000,1222207.40770800,0
1659391200000,1624.52000000,1632.00000000,1605.67000000,1629.48000000,1869.95780000,1659394799999,3030449.64194200,3050,737.17560000,1195173.32263700,0
1659394800000,1629.78000000,1644.10000000,1620.07000000,1630.73000000,2294.66660000,1659398399999,3752656.62998600,3643,932.29120000,1525256.12208800,0
1659398400000,1631.12000000,1657.18000000,1624.74000000,1632.63000000,2681.74320000,1659401999999,4394641.31789000,4270,1344.69960000,2204462.04194100,0
1659402000000,1632.89000000,1641.34000000,1601.00000000,1605.98000000,2198.78950000,1659405599999,3553600.67931900,4110,819.24440000,1326129.71867800,0
1659405600000,1605.45000000,1613.36000000,1582.35000000,1589.36000000,2569.02440000,1659409199999,4099710.34434000,4604,1217.44500000,1942296.36066900,0
1659409200000,1588.61000000,1588.61000000,1568.51000000,1577.65000000,4367.87970000,1659412799999,6888478.12609400,5538,2329.60680000,3673130.99492000,0
1659412800000,1577.45000000,1586.46000000,1566.84000000,1576.57000000,1906.03300000,1659416399999,3006453.38426800,3120,955.95080000,1508320.75439700,0
1659416400000,1576.58000000,1586.42000000,1574.79000000,1578.97000000,1730.05200000,1659419999999,2737194.81346100,2590,682.99740000,1080852.57497500,0
1659420000000,1579.38000000,1594.06000000,1578.40000000,1586.92000000,2552.77460000,1659423599999,4052290.42062400,3302,904.85930000,1436468.39149100,0
1659423600000,1586.76000000,1596.20000000,1573.25000000,1593.93000000,3217.35410000,1659427199999,5090697.30830400,4258,1568.38020000,2481207.10156000,0
1659427200000,1593.66000000,1595.53000000,1577.70000000,1580.83000000,2178.73390000,1659430799999,3454347.67578400,3092,707.69260000,1122277.36709700,0
1659430800000,1581.20000000,1583.85000000,1558.45000000,1570.75000000,2676.35290000,1659434399999,4210690.52311400,4026,1060.73070000,1668758.48903700,0
1659434400000,1570.45000000,1590.45000000,1562.94000000,1587.40000000,3067.72900000,1659437999999,4839625.92759000,4485,1271.25550000,2005984.77025100,0
1659438000000,1587.71000000,1598.28000000,1583.37000000,1588.11000000,1985.08910000,1659441599999,3157223.24694100,3446,1096.91070000,1745036.89675000,0
1659441600000,1587.79000000,1590.92000000,1565.02000000,1571.47000000,2004.07700000,1659445199999,3160538.35696800,3707,1035.45080000,1632706.86267300,0
1659445200000,1571.42000000,1585.31000000,1570.35000000,1581.23000000,2031.42180000,1659448799999,3205292.84017900,3985,1003.03660000,1583227.99908700,0
1659448800000,1580.87000000,1635.73000000,1567.32000000,1624.48000000,5344.85670000,1659452399999,8544360.00098300,8583,2792.52540000,4464617.24884100,0
1659452400000,1624.71000000,1637.98000000,1607.32000000,1629.94000000,3468.75650000,1659455999999,5630942.83541700,5652,1881.98700000,3054205.04825900,0
1659456000000,1630.53000000,1675.78000000,1626.83000000,1668.76000000,12937.11030000,1659459599999,21527506.07029500,12681,3892.42830000,6463988.34334000,0
1659459600000,1669.12000000,1678.82000000,1644.57000000,1651.32000000,2949.68350000,1659463199999,4904533.57259600,4755,1489.94170000,2476018.32020700,0
1659463200000,1650.79000000,1664.83000000,1634.44000000,1635.85000000,1111.65150000,1659466799999,1834238.15707000,2314,406.05730000,670980.03515700,0
1659466800000,1635.72000000,1655.81000000,1622.85000000,1636.44000000,2229.24790000,1659470399999,3647637.19433500,2903,1023.37050000,1673377.90130400,0
1659470400000,1637.88000000,1656.34000000,1633.17000000,1652.05000000,966.65950000,1659473999999,1591790.68475800,2170,509.79700000,840004.22969200,0
1659474000000,1652.22000000,1660.69000000,1630.32000000,1657.07000000,1261.38830000,1659477599999,2072691.84152400,1987,637.58900000,1048735.38409100,0
1659477600000,1657.24000000,1659.51000000,1642.55000000,1647.82000000,629.91250000,1659481199999,1039245.17844600,1532,250.27000000,412945.11570800,0
1659481200000,1647.62000000,1652.00000000,1628.49000000,1631.03000000,961.14690000,1659484799999,1576729.51873400,2357,490.32350000,804224.25471100,0
1659484800000,1631.15000000,1639.30000000,1593.95000000,1600.23000000,1573.35890000,1659488399999,2535732.66040900,3570,676.70180000,1091937.90007200,0
1659488400000,1600.31000000,1618.51000000,1590.58000000,1612.68000000,2647.72930000,1659491999999,4250056.67712900,4979,1353.05440000,2172212.59086000,0
1659492000000,1612.62000000,1618.29000000,1602.59000000,1607.65000000,2177.01870000,1659495599999,3506279.55491100,4248,1026.07510000,1653122.26508600,0
1659495600000,1607.61000000,1627.41000000,1606.53000000,1620.11000000,1754.62770000,1659499199999,2838136.14528000,3643,908.84080000,1469908.82907400,0
1659499200000,1619.96000000,1625.29000000,1613.48000000,1614.41000000,3025.09730000,1659502799999,4898535.59126200,3893,994.70770000,1610837.06632900,0
1659502800000,1614.70000000,1638.38000000,1613.79000000,1629.05000000,2226.24390000,1659506399999,3621377.71812400,3693,1256.96420000,2046061.33578400,0
1659506400000,1629.51000000,1644.78000000,1629.39000000,1634.55000000,2300.94620000,1659509999999,3767944.97737100,4155,1178.66370000,1930288.17521000,0
1659510000000,1634.38000000,1637.65000000,1626.37000000,1629.19000000,1340.32980000,1659513599999,2188466.60659400,2722,613.91040000,1002399.17957300,0
1659513600000,1629.25000000,1652.48000000,1628.95000000,1651.35000000,3245.45720000,1659517199999,5330106.07819400,4469,2075.78870000,3410967.17378100,0
1659517200000,1651.30000000,1664.44000000,1647.04000000,1654.71000000,3447.91450000,1659520799999,5706650.13233000,5113,1396.69980000,2312939.49989800,0
1659520800000,1655.12000000,1662.57000000,1652.40000000,1659.29000000,2853.74360000,1659524399999,4730424.88804900,4041,1640.74190000,2720407.30782900,0
1659524400000,1659.29000000,1672.62000000,1657.00000000,1666.00000000,2800.29830000,1659527999999,4658263.80352900,4443,1158.62880000,1927641.97560000,0
1659528000000,1666.00000000,1684.60000000,1650.07000000,1654.85000000,3999.68010000,1659531599999,6664552.13083900,6687,1787.99340000,2980311.35405800,0
1659531600000,1654.80000000,1667.94000000,1651.00000000,1663.51000000,4437.37970000,1659535199999,7366961.08620700,6370,2064.14160000,3427486.68867200,0
1659535200000,1663.64000000,1669.99000000,1644.82000000,1654.69000000,2864.45220000,1659538799999,4750950.95367200,5392,1369.19030000,2271605.27833400,0
1659538800000,1654.97000000,1663.95000000,1650.53000000,1656.30000000,2595.31800000,1659542399999,4304180.50765200,4596,1492.22110000,2475417.72950800,0
1659542400000,1656.09000000,1672.44000000,1648.19000000,1663.89000000,5632.69940000,1659545999999,9355112.40646200,6208,1826.54930000,3033196.73086500,0
1659546000000,1663.87000000,1670.55000000,1658.01000000,1660.92000000,2708.34980000,1659549599999,4507197.94783600,4363,1276.56410000,2124342.09402600,0
1659549600000,1660.97000000,1669.32000000,1653.93000000,1663.14000000,1894.56010000,1659553199999,3150953.32245200,3333,958.20650000,1593097.65796200,0
1659553200000,1663.10000000,1667.61000000,1650.00000000,1654.79000000,2151.23320000,1659556799999,3566901.29354700,3569,1219.70390000,2022434.31251900,0
1659556800000,1654.87000000,1657.71000000,1630.98000000,1643.23000000,2066.80070000,1659560399999,3398131.60284700,3799,1078.34320000,1772596.66026300,0
1659560400000,1643.01000000,1648.75000000,1635.29000000,1635.84000000,922.06770000,1659563999999,1515367.41308800,1827,425.66820000,699769.08431400,0
1659564000000,1635.65000000,1639.26000000,1616.36000000,1622.19000000,1941.17070000,1659567599999,3155786.41263300,3653,1074.62010000,1746684.38193000,0
1659567600000,1621.29000000,1625.91000000,1607.29000000,1618.62000000,2560.86830000,1659571199999,4134406.80120400,2815,1327.41700000,2143780.13182500,0
1659571200000,1618.50000000,1643.81000000,1615.91000000,1641.06000000,3311.36390000,1659574799999,5402503.82537700,4630,1311.05640000,2139404.02815900,0
1659574800000,1640.71000000,1661.37000000,1640.04000000,1649.47000000,2410.69860000,1659578399999,3981727.93066300,3824,1228.93980000,2029401.04403700,0
1659578400000,1649.54000000,1659.76000000,1643.85000000,1654.74000000,2031.41870000,1659581999999,3354981.72182400,3973,949.51870000,1568349.91180700,0
1659582000000,1654.71000000,1656.68000000,1646.81000000,1651.48000000,1123.39540000,1659585599999,1854052.95948300,2505,582.69600000,961838.77234100,0
1659585600000,1651.64000000,1659.75000000,1649.76000000,1655.32000000,899.32650000,1659589199999,1487956.62076200,2326,492.81400000,815365.01984100,0
1659589200000,1655.06000000,1663.00000000,1648.10000000,1649.83000000,1289.86410000,1659592799999,2133120.80470500,2574,686.95500000,1136731.31766000,0
1659592800000,1649.80000000,1652.94000000,1616.46000000,1627.05000000,2540.16450000,1659596399999,4136410.90061400,4688,1189.17670000,1935992.54346800,0
1659596400000,1626.70000000,1634.32000000,1623.18000000,1626.27000000,1333.97490000,1659599999999,2173908.62152000,2755,620.48020000,1011220.35612100,0
1659600000000,1626.56000000,1630.66000000,1611.71000000,1615.77000000,2162.45130000,1659603599999,3506632.44695800,3667,1235.33490000,2003179.06540500,0
1659603600000,1615.50000000,1625.80000000,1614.25000000,1623.25000000,1415.98930000,1659607199999,2294791.06819000,2795,787.21380000,1275848.16682400,0
1659607200000,1623.03000000,1631.27000000,1614.74000000,1617.67000000,5465.90620000,1659610799999,8857869.60066900,4890,3782.95300000,6124070.93763100,0
1659610800000,1617.13000000,1621.19000000,1606.94000000,1616.45000000,1962.30570000,1659614399999,3171607.99255900,3114,1052.59380000,1701646.86576700,0
1659614400000,1615.96000000,1626.61000000,1607.20000000,1617.47000000,1986.64240000,1659617999999,3209978.28837700,3672,973.97080000,1573512.95312200,0
1659618000000,1617.34000000,1644.23000000,1611.84000000,1633.76000000,2561.92750000,1659621599999,4167196.45933500,5027,1418.51200000,2307581.81078200,0
1659621600000,1634.11000000,1639.75000000,1597.47000000,1613.50000000,3827.08820000,1659625199999,6173134.09070300,6781,1675.27290000,2702199.99130500,0
1659625200000,1613.50000000,1618.39000000,1603.32000000,1615.93000000,3763.07510000,1659628799999,6061135.87690500,5426,1410.41340000,2272688.87364900,0
1659628800000,1615.80000000,1624.79000000,1580.63000000,1587.80000000,3061.10250000,1659632399999,4910032.71068000,5064,1463.38180000,2351058.94870900,0
1659632400000,1587.54000000,1598.05000000,1586.24000000,1596.72000000,2989.81150000,1659635999999,4758858.05969000,3388,2106.15250000,3351584.28636000,0
1659636000000,1596.89000000,1615.73000000,1582.88000000,1598.63000000,2444.92060000,1659639599999,3908842.33779700,4159,1481.45030000,2368399.56509800,0
1659639600000,1598.35000000,1609.60000000,1586.25000000,1591.16000000,2167.55540000,1659643199999,3462718.04562500,3726,1202.54110000,1920142.70908700,0
1659643200000,1591.24000000,1599.91000000,1589.08000000,1591.61000000,1686.30610000,1659646799999,2690672.51691300,1981,1334.39510000,2129258.82756900,0
1659646800000,1591.66000000,1597.68000000,1584.52000000,1586.14000000,520.26260000,1659650399999,827678.97753400,1014,325.52720000,517689.92474900,0
1659650400000,1586.38000000,1601.89000000,1581.48000000,1597.08000000,1395.26740000,1659653999999,2221265.19079400,2020,719.57240000,1144836.81575900,0
1659654000000,1597.33000000,1612.73000000,1595.60000000,1608.23000000,612.60790000,1659657599999,983114.11113400,1405,276.09880000,443263.18453200,0
1659657600000,1608.05000000,1617.66000000,1605.71000000,1607.59000000,926.03050000,1659661199999,1492074.18528400,2124,489.79230000,789099.97972400,0
1659661200000,1607.81000000,1650.18000000,1607.37000000,1647.47000000,1715.52060000,1659664799999,2794721.71986600,3537,997.51510000,1625264.64524100,0
1659664800000,1647.54000000,1668.82000000,1647.54000000,1662.34000000,3261.26020000,1659668399999,5409426.67680800,5324,1931.15340000,3203255.53531600,0
1659668400000,1661.81000000,1665.39000000,1652.99000000,1659.82000000,1345.37180000,1659671999999,2232559.78525600,2809,640.16790000,1062548.97093100,0
1659672000000,1660.07000000,1664.74000000,1653.51000000,1655.47000000,1085.54200000,1659675599999,1800544.74758900,2248,565.78550000,938510.93932500,0
1659675600000,1655.58000000,1660.64000000,1647.17000000,1660.43000000,1142.09660000,1659679199999,1888511.32052600,2257,583.37080000,964649.20364200,0
1659679200000,1660.39000000,1679.32000000,1660.13000000,1664.82000000,1841.56710000,1659682799999,3072821.99840000,3189,938.51430000,1565975.94244500,0
1659682800000,1665.12000000,1672.59000000,1658.05000000,1663.26000000,2526.68490000,1659686399999,4206117.18866700,3260,1260.20010000,2099268.83199000,0
1659686400000,1663.25000000,1668.17000000,1652.52000000,1657.38000000,1395.09690000,1659689999999,2314287.49343900,2378,545.94230000,905636.82164100,0
1659690000000,1657.57000000,1665.65000000,1654.68000000,1662.24000000,1151.03200000,1659693599999,1912128.17669800,2042,641.05680000,1065013.30931600,0
1659693600000,1663.01000000,1678.67000000,1659.28000000,1669.14000000,1492.86250000,1659697199999,2487732.44011300,2686,782.60400000,1304197.20892800,0
1659697200000,1669.14000000,1717.78000000,1666.67000000,1713.53000000,4698.13780000,1659700799999,7988036.39462600,6990,2073.65990000,3522303.28617300,0
1659700800000,1714.78000000,1725.00000000,1673.28000000,1680.29000000,7403.01380000,1659704399999,12556544.92269600,8956,4132.68130000,7007334.86038000,0
1659704400000,1679.75000000,1689.40000000,1665.00000000,1685.53000000,4647.67000000,1659707999999,7812484.94118100,7262,1861.06580000,3125828.22858800,0
1659708000000,1685.58000000,1719.72000000,1683.89000000,1693.94000000,4068.58330000,1659711599999,6934311.10516700,6550,2034.64440000,3469776.82136000,0
1659711600000,1693.94000000,1695.04000000,1668.01000000,1670.51000000,3125.54910000,1659715199999,5249520.01267400,5022,1180.02890000,1981273.75933400,0
1659715200000,1670.32000000,1675.94000000,1654.54000000,1673.39000000,2682.72710000,1659718799999,4470515.57279700,3733,1726.54070000,2875993.20297100,0
1659718800000,1673.21000000,1684.47000000,1658.26000000,1663.64000000,2166.50520000,1659722399999,3619597.92763500,3683,1107.10730000,1849383.67006900,0
1659722400000,1663.46000000,1673.01000000,1661.35000000,1666.04000000,1067.91860000,1659725999999,1780630.08566700,2134,543.40330000,905961.93386500,0
1659726000000,1665.79000000,1683.73000000,1665.03000000,1681.28000000,899.34940000,1659729599999,1507011.78931600,2009,456.81740000,765552.18285500,0
1659729600000,1681.23000000,1683.32000000,1666.80000000,1679.69000000,1959.32420000,1659733199999,3286166.52059000,2320,1417.94000000,2378324.61764200,0
1659733200000,1679.72000000,1711.36000000,1679.72000000,1698.76000000,2343.30130000,1659736799999,3981868.75850700,3174,1740.72510000,2957628.59849700,0
1659736800000,1698.77000000,1721.40000000,1698.77000000,1715.04000000,2243.96520000,1659740399999,3836202.40163200,3075,816.63660000,1398149.75636300,0
1659740400000,1716.95000000,1741.87000000,1714.02000000,1736.57000000,3268.50070000,1659743999999,5630821.11670800,4810,1885.21200000,3249003.69071000,0
1659744000000,1737.14000000,1751.47000000,1732.19000000,1737.97000000,3503.35050000,1659747599999,6099973.42364500,4822,2017.02810000,3512554.21882700,0
1659747600000,1738.11000000,1742.38000000,1727.49000000,1733.59000000,1333.93870000,1659751199999,2316168.36833500,2375,784.24950000,1361754.03959300,0
1659751200000,1733.62000000,1741.30000000,1727.24000000,1740.09000000,1814.12210000,1659754799999,3146801.90322900,2524,568.13050000,985083.37239200,0
1659754800000,1740.07000000,1742.16000000,1732.72000000,1735.00000000,1575.76720000,1659758399999,2737472.64310700,1915,1107.01810000,1923063.09526200,0
1659758400000,1735.38000000,1738.15000000,1731.35000000,1732.60000000,652.46430000,1659761999999,1131393.02859600,1416,325.23080000,563959.22064900,0
1659762000000,1732.39000000,1736.40000000,1715.93000000,1723.94000000,4372.65600000,1659765599999,7542717.84314400,3441,3065.96840000,5288579.58324200,0
1659765600000,1723.68000000,1725.39000000,1714.54000000,1722.56000000,1146.99580000,1659769199999,1973037.77671300,1550,354.71290000,610105.65632000,0
1659769200000,1723.12000000,1725.79000000,1716.79000000,1720.93000000,572.85040000,1659772799999,985929.20367600,1049,249.88790000,430119.74284300,0
1659772800000,1721.07000000,1724.70000000,1703.57000000,1709.00000000,1825.55100000,1659776399999,3132530.47758700,2417,1032.77310000,1773842.54814100,0
1659776400000,1708.65000000,1715.57000000,1707.00000000,1712.69000000,587.96140000,1659779999999,1006328.91888700,1151,265.36900000,454226.79988600,0
1659780000000,1712.46000000,1723.48000000,1712.27000000,1716.19000000,2022.21570000,1659783599999,3475047.70258100,2024,961.88630000,1653215.39605600,0
1659783600000,1717.02000000,1722.46000000,1712.28000000,1712.37000000,1190.00180000,1659787199999,2045312.73936100,1543,811.71420000,1395286.32127800,0
1659787200000,1712.45000000,1718.15000000,1708.77000000,1711.70000000,685.43030000,1659790799999,1174238.17499200,1386,259.07100000,443890.40172700,0
1659790800000,1711.96000000,1721.11000000,1710.00000000,1710.84000000,647.98000000,1659794399999,1111325.78271500,1303,338.38180000,580383.49324300,0
1659794400000,1710.86000000,1718.36000000,1707.01000000,1716.26000000,568.32940000,1659797999999,973265.74891100,1256,304.16090000,520978.75835500,0
1659798000000,1716.35000000,1718.03000000,1710.29000000,1715.55000000,622.19070000,1659801599999,1066808.30033100,1245,320.87840000,550267.97167200,0
1659801600000,1715.48000000,1720.58000000,1705.11000000,1707.13000000,991.98620000,1659805199999,1699918.94298000,1832,523.92680000,897490.87101300,0
1659805200000,1706.82000000,1718.71000000,1685.00000000,1708.48000000,2476.24160000,1659808799999,4215460.92160500,3854,1011.98660000,1723977.80758500,0
1659808800000,1707.59000000,1717.03000000,1700.46000000,1715.62000000,1182.97810000,1659812399999,2024946.13732700,2200,556.79330000,952785.48574900,0
1659812400000,1714.91000000,1718.43000000,1708.69000000,1714.95000000,793.46070000,1659815999999,1360215.02503400,1427,322.30800000,552564.62992100,0
1659816000000,1715.07000000,1717.49000000,1707.60000000,1715.42000000,922.91350000,1659819599999,1579368.40804400,1437,346.51450000,593045.39249700,0
1659819600000,1715.45000000,1720.00000000,1705.23000000,1717.92000000,916.39050000,1659823199999,1570916.45838300,1135,327.69100000,562673.46778200,0
1659823200000,1717.74000000,1724.20000000,1711.30000000,1713.47000000,709.55470000,1659826799999,1217241.45288200,1204,275.37620000,472509.20302100,0
1659826800000,1713.78000000,1713.95000000,1687.78000000,1690.33000000,1338.35810000,1659830399999,2271225.72245800,2504,598.38820000,1015112.68506900,0
1659830400000,1691.01000000,1698.35000000,1670.01000000,1672.52000000,3600.76290000,1659833999999,6070218.72762700,4114,827.59300000,1395811.22570500,0
1659834000000,1671.73000000,1679.55000000,1670.00000000,1677.35000000,1824.05050000,1659837599999,3050892.83037400,2422,660.38340000,1105281.59761100,0
1659837600000,1677.31000000,1688.00000000,1674.37000000,1686.29000000,1103.08040000,1659841199999,1853002.73219900,1692,526.97140000,885265.35304100,0
1659841200000,1686.32000000,1689.37000000,1678.54000000,1684.42000000,1544.87080000,1659844799999,2602997.23687300,1810,373.85280000,629792.01822300,0
1659844800000,1684.46000000,1689.29000000,1673.26000000,1675.31000000,1355.98820000,1659848399999,2278607.67488300,1968,736.94070000,1237884.65636500,0
1659848400000,1675.30000000,1685.85000000,1674.72000000,1681.68000000,597.25880000,1659851999999,1004393.77034200,1272,351.63630000,591361.51238600,0
1659852000000,1681.76000000,1685.62000000,1680.25000000,1683.77000000,394.06300000,1659855599999,663335.24465700,903,192.76940000,324520.62498800,0
1659855600000,1683.82000000,1689.37000000,1682.91000000,1686.45000000,1098.86720000,1659859199999,1854046.41891300,1498,311.68970000,525629.48083500,0
1659859200000,1686.45000000,1686.80000000,1677.55000000,1679.33000000,1270.09090000,1659862799999,2135054.02252100,1793,401.95560000,675848.87496400,0
1659862800000,1679.49000000,1685.67000000,1674.38000000,1684.57000000,1267.89210000,1659866399999,2129782.24690800,1732,567.17110000,953676.09781900,0
1659866400000,1684.66000000,1686.59000000,1680.93000000,1685.45000000,428.63700000,1659869999999,721882.16913400,919,225.92530000,380459.16222400,0
1659870000000,1685.48000000,1693.88000000,1681.34000000,1692.96000000,1835.18690000,1659873599999,3091132.71108700,1937,1408.65820000,2371870.83376200,0
1659873600000,1693.26000000,1712.73000000,1691.16000000,1708.28000000,2654.70370000,1659877199999,4514342.96156200,3385,839.67610000,1428326.30566900,0
1659877200000,1708.29000000,1722.93000000,1704.23000000,1708.20000000,1562.44870000,1659880799999,2672568.22380700,2035,1004.43600000,1718602.09982800,0
1659880800000,1707.98000000,1711.22000000,1693.04000000,1705.34000000,1189.44830000,1659884399999,2024261.96053200,1581,330.28760000,562521.58936600,0
1659884400000,1705.47000000,1706.38000000,1694.90000000,1699.31000000,786.71160000,1659887999999,1337704.80207800,1198,251.93730000,428379.76200300,0
1659888000000,1699.08000000,1709.65000000,1695.65000000,1706.41000000,685.31720000,1659891599999,1168921.70092600,1036,192.29580000,327774.57793000,0
1659891600000,1706.92000000,1717.46000000,1706.37000000,1712.46000000,588.21940000,1659895199999,1007012.88179200,1191,288.13290000,493201.95740900,0
1659895200000,1712.92000000,1715.00000000,1705.75000000,1708.07000000,871.59620000,1659898799999,1489573.92082300,1450,280.51850000,479611.00649300,0
1659898800000,1708.20000000,1712.26000000,1706.00000000,1708.44000000,910.29000000,1659902399999,1555562.88305400,1405,432.94630000,740184.79174200,0
1659902400000,1708.60000000,1724.42000000,1708.16000000,1722.49000000,991.14880000,1659905999999,1701588.45292800,1654,579.12350000,994321.72343600,0
1659906000000,1722.71000000,1730.00000000,1713.37000000,1717.66000000,660.19680000,1659909599999,1137062.13714700,1454,306.35940000,527655.61232000,0
1659909600000,1717.83000000,1720.40000000,1703.38000000,1704.89000000,1102.96930000,1659913199999,1887108.05656200,1874,435.75140000,745827.51943000,0
1659913200000,1705.25000000,1705.42000000,1690.01000000,1700.39000000,3173.69730000,1659916799999,5385122.82596900,3335,891.60250000,1512505.27295400,0
1659916800000,1700.55000000,1719.60000000,1695.81000000,1707.95000000,1255.89330000,1659920399999,2145650.43415400,2465,633.44910000,1081933.20925700,0
1659920400000,1707.47000000,1708.85000000,1694.27000000,1701.65000000,724.80940000,1659923999999,1233333.63743000,1693,389.02700000,661933.72913800,0
1659924000000,1701.50000000,1716.62000000,1700.42000000,1715.26000000,1289.65440000,1659927599999,2203074.19113900,1969,498.43230000,852437.37446000,0
1659927600000,1715.42000000,1717.31000000,1709.15000000,1710.06000000,464.06740000,1659931199999,794833.79268500,1111,219.59390000,376107.12657600,0
1659931200000,1710.07000000,1714.26000000,1708.25000000,1712.61000000,541.33780000,1659934799999,926403.73141000,1088,263.67260000,451214.28033600,0
1659934800000,1712.61000000,1726.66000000,1712.61000000,1724.82000000,2042.71730000,1659938399999,3515972.01415200,2225,1632.99930000,2811001.87093600,0
1659938400000,1724.40000000,1740.25000000,1724.33000000,1734.03000000,2218.99810000,1659941999999,3841927.29279800,3398,1114.11950000,1929006.10046700,0
1659942000000,1734.43000000,1738.66000000,1729.59000000,1733.91000000,1662.74720000,1659945599999,2885407.28979700,2270,598.60970000,1038659.10833700,0
1659945600000,1733.91000000,1776.42000000,1728.73000000,1773.95000000,3765.92100000,1659949199999,6616680.54226200,5114,1924.61910000,3381133.78125000,0
1659949200000,1774.36000000,1781.12000000,1767.19000000,1769.26000000,2254.40660000,1659952799999,4001411.24091600,3239,1283.03960000,2278171.88241400,0
1659952800000,1769.12000000,1775.69000000,1765.07000000,1773.12000000,1460.67110000,1659956399999,2587910.40287000,2235,647.48460000,1147111.08628100,0
1659956400000,1773.12000000,1792.65000000,1767.80000000,1789.69000000,2833.43300000,1659959999999,5037384.55348200,3318,1132.62990000,2014690.01618000,0
1659960000000,1789.66000000,1819.02000000,1785.86000000,1808.49000000,4308.15490000,1659963599999,7765299.61235500,5773,2265.79030000,4082857.91161900,0
1659963600000,1808.35000000,1808.42000000,1792.77000000,1801.21000000,2643.15160000,1659967199999,4758700.30248400,3754,1266.39880000,2280215.37725800,0
1659967200000,1800.83000000,1804.65000000,1793.27000000,1794.51000000,2674.15910000,1659970799999,4807433.20700400,3184,1141.68160000,2053393.07678900,0
1659970800000,1795.12000000,1799.07000000,1758.77000000,1775.65000000,7999.12400000,1659974399999,14247276.49248700,7000,5235.63500000,9336066.39661100,0
1659974400000,1775.56000000,1777.83000000,1756.48000000,1768.00000000,2544.05290000,1659977999999,4494520.47026400,3618,1075.43540000,1899016.79531200,0
1659978000000,1767.80000000,1774.83000000,1763.72000000,1770.81000000,718.70580000,1659981599999,1271754.50294100,1633,336.99740000,596369.55276000,0
1659981600000,1770.80000000,1782.79000000,1762.29000000,1773.82000000,1371.80920000,1659985199999,2430788.02867000,2260,849.35190000,1504983.96003300,0
1659985200000,1773.29000000,1787.28000000,1767.95000000,1783.75000000,1354.69030000,1659988799999,2408966.21374000,2640,791.24350000,1406423.53077800,0
1659988800000,1783.49000000,1799.43000000,1782.43000000,1796.96000000,991.18180000,1659992399999,1773512.45086100,2225,558.31480000,999084.93319200,0
1659992400000,1797.38000000,1797.38000000,1766.16000000,1769.94000000,2511.14160000,1659995999999,4460729.92092500,2728,1149.83820000,2039006.83933200,0
1659996000000,1769.96000000,1779.56000000,1758.61000000,1778.31000000,1125.29960000,1659999599999,1993754.08706500,1880,533.22810000,945024.71540600,0
1659999600000,1778.49000000,1790.31000000,1769.20000000,1777.16000000,1303.36920000,1660003199999,2318318.71309200,2405,702.61910000,1249393.03445800,0
1660003200000,1777.02000000,1787.10000000,1769.41000000,1774.12000000,981.83020000,1660006799999,1747099.43931900,2199,521.66460000,928353.78416900,0
1660006800000,1774.69000000,1989.00000000,1761.76000000,1766.41000000,7434.64890000,1660010399999,13421837.37107500,5715,4989.80540000,9077292.03938100,0
1660010400000,1766.43000000,1775.63000000,1761.97000000,1774.43000000,1560.80980000,1660013999999,2763310.00477000,2041,536.49990000,949741.96066000,0
1660014000000,1773.79000000,1781.75000000,1772.52000000,1779.16000000,817.09620000,1660017599999,1452725.32887400,1332,459.84240000,817330.56194300,0
1660017600000,1778.84000000,1781.91000000,1773.81000000,1780.71000000,519.39370000,1660021199999,923808.15965800,1055,230.93630000,410856.54831300,0
1660021200000,1780.40000000,1780.93000000,1774.37000000,1777.87000000,654.09650000,1660024799999,1162671.91068200,1282,304.39110000,541134.27172100,0
1660024800000,1777.87000000,1780.78000000,1766.88000000,1780.02000000,4808.77660000,1660028399999,8521263.98982300,4192,600.69570000,1064413.55813000,0
1660028400000,1780.00000000,1791.65000000,1776.49000000,1782.46000000,1809.35330000,1660031999999,3229428.03443200,2566,1178.68160000,2104807.28991100,0
1660032000000,1782.42000000,1783.46000000,1768.99000000,1772.15000000,1384.62360000,1660035599999,2457092.96190000,1983,347.66700000,617232.91867400,0
1660035600000,1771.91000000,1776.11000000,1732.76000000,1734.31000000,5125.23650000,1660039199999,8992062.06839000,5628,2448.63780000,4290487.31686000,0
1660039200000,1735.86000000,1744.56000000,1713.38000000,1714.43000000,3167.27480000,1660042799999,5470528.78390000,5016,1504.73960000,2599214.00239700,0
1660042800000,1713.46000000,1724.45000000,1692.41000000,1703.95000000,3609.80970000,1660046399999,6180474.33982200,4855,1671.07050000,2863141.86949700,0
1660046400000,1704.42000000,1716.56000000,1698.37000000,1706.98000000,2375.72730000,1660049999999,4056614.70663200,3720,1070.50940000,1828273.96971000,0
1660050000000,1707.14000000,1717.83000000,1683.16000000,1687.27000000,3653.11480000,1660053599999,6238490.73611600,4565,2088.81450000,3567061.13816500,0
1660053600000,1686.86000000,1692.86000000,1668.00000000,1685.32000000,3594.43710000,1660057199999,6043352.21499200,5256,1511.68440000,2541879.01235200,0
1660057200000,1685.43000000,1695.81000000,1680.85000000,1685.04000000,1377.73560000,1660060799999,2327777.15856500,2752,664.48030000,1122850.45806800,0
1660060800000,1685.05000000,1692.58000000,1675.02000000,1688.63000000,1397.56400000,1660064399999,2353677.31684600,2891,688.92490000,1160671.52205100,0
1660064400000,1688.73000000,1698.28000000,1683.29000000,1693.71000000,1125.55860000,1660067999999,1904738.05742100,2412,493.86670000,835752.69908400,0
1660068000000,1693.96000000,1695.07000000,1684.83000000,1690.50000000,1188.56670000,1660071599999,2007873.69624500,2345,532.38100000,899481.52978500,0
1660071600000,1690.17000000,1693.43000000,1681.41000000,1688.63000000,920.54570000,1660075199999,1553546.31464000,2265,490.94720000,828632.08910900,0
1660075200000,1688.49000000,1698.89000000,1687.74000000,1696.72000000,652.81620000,1660078799999,1106122.06332000,1574,320.11220000,542407.86638100,0
1660078800000,1697.14000000,1710.62000000,1693.36000000,1707.20000000,1188.54120000,1660082399999,2023858.28767900,1828,509.83220000,868846.33868300,0
1660082400000,1707.07000000,1716.16000000,1697.40000000,1703.72000000,931.59800000,1660085999999,1591818.91198100,1918,409.12690000,698966.66336200,0
1660086000000,1704.06000000,1711.37000000,1700.47000000,1703.28000000,1078.53590000,1660089599999,1839304.38010200,1931,613.13340000,1045579.38425900,0
1660089600000,1703.31000000,1703.31000000,1657.01000000,1672.57000000,3235.76150000,1660093199999,5423997.09121700,5191,1228.18180000,2059975.92562100,0
1660093200000,1672.35000000,1691.29000000,1672.00000000,1681.07000000,2138.72180000,1660096799999,3594361.78304500,3214,1281.48420000,2152005.51287400,0
1660096800000,1681.05000000,1685.57000000,1667.63000000,1680.98000000,1741.78040000,1660100399999,2920622.01380500,2977,807.62400000,1354103.58584000,0
1660100400000,1681.17000000,1684.74000000,1668.49000000,1669.48000000,1321.48590000,1660103999999,2213535.47046100,2522,549.55840000,920767.75791700,0
1660104000000,1669.87000000,1687.53000000,1667.95000000,1680.02000000,1585.15170000,1660107599999,2659578.52253900,2426,849.89860000,1426380.73728300,0
1660107600000,1679.98000000,1684.31000000,1675.28000000,1680.49000000,868.96150000,1660111199999,1459773.10286500,1475,409.68790000,688159.79209300,0
1660111200000,1680.32000000,1682.91000000,1673.25000000,1680.27000000,895.45290000,1660114799999,1502380.94461900,1972,373.81470000,627369.45215000,0
1660114800000,1680.27000000,1692.23000000,1679.70000000,1686.39000000,1219.54080000,1660118399999,2055675.53116900,2203,544.57910000,918108.98767800,0
1660118400000,1686.46000000,1706.54000000,1684.82000000,1702.42000000,2202.83110000,1660121999999,3728435.42814300,2877,850.52930000,1440024.04904300,0
1660122000000,1703.31000000,1709.36000000,1692.02000000,1700.50000000,1229.49430000,1660125599999,2090749.44596100,2270,574.96200000,977897.41253800,0
1660125600000,1700.50000000,1701.90000000,1689.71000000,1694.18000000,1542.62940000,1660129199999,2613858.60546300,2061,817.77610000,1385368.77387100,0
1660129200000,1694.26000000,1714.72000000,1692.59000000,1707.73000000,2601.31790000,1660132799999,4434900.90555100,3403,969.89770000,1653066.75850700,0
1660132800000,1707.82000000,1837.94000000,1704.33000000,1824.53000000,15276.08220000,1660136399999,27095986.12371000,17098,7631.04010000,13501199.97322500,0
1660136400000,1824.22000000,1850.00000000,1809.98000000,1830.20000000,9199.79660000,1660139999999,16825581.73081900,11583,5013.40760000,9165097.70069600,0
1660140000000,1830.18000000,1854.87000000,1821.21000000,1845.16000000,4859.57590000,1660143599999,8915465.87753500,6989,2067.05620000,3794554.88120500,0
1660143600000,1845.22000000,1851.97000000,1836.08000000,1837.98000000,3206.07890000,1660147199999,5906161.07850900,4908,1401.63120000,2582717.31289600,0
1660147200000,1838.00000000,1849.70000000,1826.25000000,1831.07000000,3559.59740000,1660150799999,6540414.49612700,5273,1947.94130000,3579781.22755400,0
1660150800000,1831.14000000,1839.57000000,1822.23000000,1833.90000000,2543.20160000,1660154399999,4660030.67483000,3384,1418.87220000,2600574.72719000,0
1660154400000,1834.04000000,1836.63000000,1802.46000000,1813.74000000,3955.86320000,1660157999999,7200588.54592600,5344,2449.95420000,4460010.57257800,0
1660158000000,1813.56000000,1826.60000000,1802.04000000,1818.70000000,2898.14440000,1660161599999,5265993.78103100,3161,1784.30200000,3244304.10725700,0
1660161600000,1818.53000000,1844.58000000,1818.53000000,1843.12000000,1935.31940000,1660165199999,3547382.91729800,3196,939.71880000,1721497.10357200,0
1660165200000,1842.53000000,1893.43000000,1829.88000000,1861.01000000,3123.47780000,1660168799999,5785959.91938200,5206,2046.76590000,3789092.54884700,0
1660168800000,1861.15000000,1869.64000000,1846.27000000,1850.53000000,1689.82060000,1660172399999,3136760.86886600,3193,860.95560000,1598094.94812900,0
1660172400000,1850.39000000,1855.98000000,1847.00000000,1854.21000000,1228.00890000,1660175999999,2274647.31187500,2076,439.91600000,814322.00745700,0
1660176000000,1854.21000000,1883.38000000,1851.03000000,1876.17000000,2577.85190000,1660179599999,4804781.65461700,5102,1315.35670000,2451930.78884500,0
1660179600000,1876.03000000,1920.00000000,1869.17000000,1906.53000000,5467.31140000,1660183199999,10353828.24635300,7772,3275.07100000,6200846.60468000,0
1660183200000,1907.07000000,1913.04000000,1864.72000000,1879.64000000,4733.89510000,1660186799999,8888698.40749900,6838,2061.94870000,3871277.47607700,0
1660186800000,1879.70000000,1888.52000000,1871.44000000,1880.78000000,3139.48670000,1660190399999,5903877.77561400,4508,1287.55090000,2421072.84953500,0
1660190400000,1880.86000000,1893.61000000,1879.82000000,1892.81000000,3912.72110000,1660193999999,7381174.72433500,4303,2827.55680000,5334852.77046400,0
1660194000000,1893.14000000,1906.65000000,1882.97000000,1893.05000000,4496.88000000,1660197599999,8529197.97214400,5693,2286.74570000,4336176.49139800,0
1660197600000,1892.91000000,1899.61000000,1881.99000000,1889.94000000,6081.65140000,1660201199999,11502508.38327300,5777,4619.01570000,8735952.41518900,0
1660201200000,1888.29000000,1904.71000000,1872.00000000,1879.51000000,2187.39070000,1660204799999,4130594.52501300,3539,1058.74240000,2000341.22894600,0
1660204800000,1879.42000000,1893.51000000,1874.56000000,1891.86000000,2302.86360000,1660208399999,4338207.48243800,3508,1335.30070000,2515775.92183500,0
1660208400000,1891.45000000,1895.19000000,1880.93000000,1881.56000000,1197.39680000,1660211999999,2261080.56671900,2267,590.21430000,1114993.72518100,0
1660212000000,1881.86000000,1890.63000000,1876.49000000,1886.41000000,1120.37540000,1660215599999,2111000.81971100,2057,533.14230000,1004655.99176100,0
1660215600000,1886.39000000,1914.09000000,1885.17000000,1904.45000000,1985.68290000,1660219199999,3771129.76118100,3260,909.24710000,1726387.01459200,0
1660219200000,1904.58000000,1942.28000000,1903.83000000,1928.02000000,5862.61820000,1660222799999,11280670.19781700,8814,2846.62650000,5476235.40905100,0
1660222800000,1928.02000000,1929.42000000,1898.63000000,1912.09000000,3372.12470000,1660226399999,6453647.38243100,5348,1598.94340000,3060871.70925300,0
1660226400000,1912.86000000,1927.39000000,1887.19000000,1903.28000000,4735.70040000,1660229999999,9039601.50477300,6054,2034.83750000,3883893.90917500,0
1660230000000,1903.35000000,1913.03000000,1884.60000000,1891.22000000,4343.56450000,1660233599999,8248288.94327200,5235,1626.00200000,3086883.04771500,0
1660233600000,1891.16000000,1903.86000000,1886.03000000,1901.14000000,1816.56740000,1660237199999,3440337.44680000,3026,805.05710000,1525191.28260100,0
1660237200000,1901.48000000,1908.80000000,1896.82000000,1902.13000000,1959.39110000,1660240799999,3730401.79741500,3027,866.34710000,1649117.61914900,0
1660240800000,1901.52000000,1901.52000000,1876.29000000,1887.72000000,2043.58840000,1660244399999,3853686.30515900,3580,944.01190000,1780148.13971600,0
1660244400000,1887.13000000,1899.57000000,1877.33000000,1899.48000000,1092.04890000,1660247999999,2063112.54539000,2110,569.01640000,1075177.90558800,0
1660248000000,1899.78000000,1904.74000000,1885.41000000,1903.03000000,1146.73030000,1660251599999,2174106.37322100,2209,597.02520000,1132121.91695400,0
1660251600000,1902.55000000,1906.27000000,1887.75000000,1900.40000000,600.19440000,1660255199999,1140680.66591300,1702,294.77490000,560185.38942800,0
1660255200000,1900.13000000,1901.44000000,1872.59000000,1874.88000000,1468.51450000,1660258799999,2768120.77103400,2595,789.55890000,1488382.17085000,0
1660258800000,1874.36000000,1884.21000000,1867.90000000,1880.95000000,2801.00080000,1660262399999,5253080.48160200,3707,1425.93480000,2672817.48955300,0
1660262400000,1881.04000000,1890.79000000,1858.00000000,1886.11000000,1519.58090000,1660265999999,2851587.95600900,3294,763.49940000,1433214.97673000,0
1660266000000,1886.33000000,1892.75000000,1878.75000000,1881.69000000,918.32170000,1660269599999,1732338.19566800,2098,540.83270000,1020426.75072800,0
1660269600000,1880.91000000,1914.47000000,1872.27000000,1904.11000000,3603.81810000,1660273199999,6816605.50413500,4498,2412.90150000,4566311.69547500,0
1660273200000,1904.47000000,1909.92000000,1896.20000000,1905.29000000,1135.39940000,1660276799999,2159644.83041700,2164,552.60020000,1051043.52053700,0
1660276800000,1905.14000000,1910.32000000,1888.67000000,1891.63000000,821.56270000,1660280399999,1560945.02379000,1989,408.06890000,775300.73626500,0
1660280400000,1891.74000000,1903.35000000,1891.59000000,1894.35000000,4803.27520000,1660283999999,9114660.40506900,4105,674.55480000,1279417.07264300,0
1660284000000,1894.27000000,1897.59000000,1883.26000000,1892.86000000,1320.84550000,1660287599999,2496398.46567800,2303,585.70350000,1106806.44161100,0
1660287600000,1892.89000000,1894.31000000,1883.46000000,1889.31000000,1405.71730000,1660291199999,2653409.45089200,2215,517.96800000,978015.59917900,0
1660291200000,1889.31000000,1897.70000000,1885.28000000,1888.86000000,1381.83280000,1660294799999,2614504.15437700,2471,677.57450000,1281994.86097400,0
1660294800000,1888.28000000,1904.45000000,1887.56000000,1894.08000000,1149.19540000,1660298399999,2180686.85965600,2617,545.09620000,1034405.53779000,0
1660298400000,1894.40000000,1895.69000000,1872.18000000,1874.14000000,1323.13350000,1660301999999,2495600.24917700,2832,529.22620000,998549.09569100,0
1660302000000,1874.13000000,1881.43000000,1854.08000000,1869.59000000,2793.40490000,1660305599999,5224132.41538500,4114,969.78610000,1812913.67664600,0
1660305600000,1869.51000000,1884.91000000,1868.14000000,1881.64000000,1256.24310000,1660309199999,2359177.00289000,2509,702.92680000,1320220.30630500,0
1660309200000,1881.45000000,1893.82000000,1869.49000000,1884.42000000,1779.05540000,1660312799999,3348101.59047500,3738,929.11760000,1748847.74985400,0
1660312800000,1884.50000000,1889.22000000,1870.67000000,1882.04000000,1527.00280000,1660316399999,2873052.24879400,2959,736.16450000,1384961.89124500,0
1660316400000,1881.91000000,1904.37000000,1878.85000000,1898.81000000,8263.27530000,1660319999999,15649600.50402300,6200,5544.73590000,10500652.81899100,0
1660320000000,1898.72000000,1908.10000000,1892.97000000,1894.37000000,1562.47870000,1660323599999,2968985.16490800,2705,723.12550000,1374122.27013600,0
1660323600000,1894.41000000,1902.73000000,1891.60000000,1899.70000000,881.16680000,1660327199999,1671209.21323000,2013,379.82700000,720365.72260000,0
1660327200000,1899.91000000,1926.44000000,1897.17000000,1912.53000000,3226.51180000,1660330799999,6164436.71137300,4143,1590.57020000,3040191.11214700,0
1660330800000,1912.45000000,1932.04000000,1912.45000000,1926.98000000,4323.90340000,1660334399999,8319062.15765900,4694,2260.13280000,4347044.73449400,0
1660334400000,1926.82000000,1938.00000000,1917.67000000,1932.75000000,1525.20130000,1660337999999,2937807.86237200,2671,771.08540000,1485416.85111600,0
1660338000000,1932.62000000,1934.53000000,1922.61000000,1923.13000000,570.29600000,1660341599999,1099353.74925800,1279,196.31260000,378447.40220500,0
1660341600000,1923.45000000,1933.31000000,1918.80000000,1932.13000000,768.14810000,1660345199999,1478213.08512400,1617,293.19380000,564576.65960400,0
1660345200000,1931.32000000,1965.65000000,1926.97000000,1959.00000000,5473.27920000,1660348799999,10690294.93258000,6666,2592.12820000,5061519.96578400,0
1660348800000,1959.16000000,1972.13000000,1947.40000000,1969.74000000,4231.24890000,1660352399999,8268051.75025700,4828,1936.18780000,3781468.97925200,0
1660352400000,1970.21000000,1971.76000000,1957.70000000,1964.96000000,1651.64120000,1660355999999,3245667.27789800,3010,778.27990000,1529434.61421100,0
1660356000000,1964.99000000,1980.62000000,1960.98000000,1978.45000000,1215.97030000,1660359599999,2392450.13217200,2267,676.65730000,1331932.50746900,0
1660359600000,1978.58000000,1999.50000000,1969.12000000,1997.22000000,5927.29090000,1660363199999,11735727.81900100,6779,3074.59280000,6092660.54379500,0
1660363200000,1997.23000000,2011.45000000,1986.00000000,1993.08000000,8984.50380000,1660366799999,17934622.76376400,7756,2424.00700000,4838595.53438400,0
1660366800000,1993.27000000,2001.46000000,1990.94000000,1995.04000000,5751.00520000,1660370399999,11473474.50257300,5404,1182.46110000,2358901.55170600,0
1660370400000,1995.37000000,2021.32000000,1995.37000000,2006.85000000,12603.61220000,1660373999999,25378052.10672200,9742,2466.85740000,4962994.81337600,0
1660374000000,2006.73000000,2012.46000000,1995.07000000,1996.83000000,2761.13470000,1660377599999,5530474.50591300,3169,1216.21910000,2436615.55840200,0
1660377600000,1996.75000000,2005.64000000,1976.39000000,1988.57000000,2695.86980000,1660381199999,5376020.31334100,3504,1109.72780000,2214605.78701200,0
1660381200000,1988.52000000,2008.62000000,1983.70000000,2003.14000000,2159.01850000,1660384799999,4316654.81609000,3149,844.59660000,1686502.68156300,0
1660384800000,2003.07000000,2003.80000000,1990.00000000,1994.84000000,1041.68030000,1660388399999,2081827.08596000,2125,476.23670000,951884.76600600,0
1660388400000,1994.82000000,1995.94000000,1974.54000000,1986.93000000,1595.33210000,1660391999999,3167602.00513900,2490,520.22300000,1033094.80855200,0
1660392000000,1986.92000000,1986.92000000,1961.36000000,1981.38000000,1861.92160000,1660395599999,3680862.03052000,2855,904.75910000,1789381.89867500,0
1660395600000,1981.38000000,1989.48000000,1975.01000000,1978.66000000,1546.69280000,1660399199999,3066088.01876800,3016,690.30400000,1368744.44172900,0
1660399200000,1978.65000000,1987.25000000,1974.77000000,1982.23000000,1435.33930000,1660402799999,2844067.64664800,2275,641.61800000,1271333.19847400,0
1660402800000,1982.93000000,1995.51000000,1979.81000000,1989.20000000,1417.90770000,1660406399999,2817479.97526800,2633,614.20760000,1220469.49333200,0
1660406400000,1989.11000000,1997.30000000,1984.59000000,1990.48000000,1094.91170000,1660409999999,2178350.61205000,2143,451.73790000,898897.81011800,0
1660410000000,1990.23000000,2001.06000000,1986.84000000,2000.31000000,1770.62170000,1660413599999,3528135.36009900,2616,661.85020000,1320245.95186000,0
1660413600000,2000.38000000,2005.22000000,1976.08000000,1984.28000000,3634.50890000,1660417199999,7236017.76983700,4313,757.02170000,1506549.94939000,0
1660417200000,1984.30000000,1987.55000000,1973.01000000,1976.09000000,1530.16650000,1660420799999,3031317.12278800,2297,861.88650000,1707189.83555500,0
1660420800000,1976.08000000,1995.05000000,1968.65000000,1990.14000000,1072.36380000,1660424399999,2125251.63690200,2424,500.96440000,993200.19669500,0
1660424400000,1990.22000000,1995.14000000,1984.13000000,1987.52000000,678.19760000,1660427999999,1349813.79886100,1620,350.37940000,697678.16422000,0
1660428000000,1987.52000000,1992.57000000,1979.11000000,1979.17000000,460.24270000,1660431599999,914049.64273900,1196,233.84850000,464444.55710400,0
1660431600000,1979.48000000,1987.99000000,1975.34000000,1984.21000000,449.41680000,1660435199999,890661.94583700,1126,220.02160000,436039.71332300,0
1660435200000,1984.38000000,1992.01000000,1975.75000000,1987.20000000,1706.22880000,1660438799999,3389723.63712400,2412,424.93020000,843626.39522000,0
1660438800000,1986.50000000,1995.25000000,1971.39000000,1988.95000000,1635.49690000,1660442399999,3250281.75189700,2721,1004.57660000,1997001.58304200,0
1660442400000,1988.94000000,1991.38000000,1982.96000000,1988.70000000,536.33370000,1660445999999,1066332.20980400,1371,273.05560000,542857.29474700,0
1660446000000,1988.41000000,1989.94000000,1982.91000000,1986.47000000,559.08490000,1660449599999,1110861.02105500,1336,286.30460000,568802.98415400,0
1660449600000,1986.84000000,1999.70000000,1981.46000000,1992.37000000,1692.20370000,1660453199999,3369113.96272600,2377,867.61780000,1730037.92437800,0
1660453200000,1992.44000000,1996.06000000,1987.50000000,1993.15000000,1085.69490000,1660456799999,2164650.38718700,1725,744.55760000,1484735.08861000,0
1660456800000,1993.23000000,1996.66000000,1989.63000000,1993.73000000,852.55540000,1660460399999,1699330.59794800,1539,270.73560000,539547.93357300,0
1660460400000,1993.92000000,2031.09000000,1992.40000000,2017.94000000,3500.24880000,1660463999999,7036158.46987900,5518,2296.42160000,4614591.30146100,0
1660464000000,2017.49000000,2018.35000000,1994.74000000,2000.20000000,2182.90570000,1660467599999,4381672.50630500,4045,832.80790000,1671044.78259800,0
1660467600000,2000.24000000,2013.29000000,1997.61000000,2009.72000000,1340.35020000,1660471199999,2690079.78285200,2705,531.83700000,1067182.85606600,0
1660471200000,2009.72000000,2010.40000000,1996.90000000,1998.39000000,1085.41370000,1660474799999,2171866.75428800,1936,611.20960000,1222714.14036300,0
1660474800000,1998.38000000,2002.67000000,1981.59000000,1990.94000000,1130.71060000,1660478399999,2253865.79364600,2352,477.30200000,951292.52177300,0
1660478400000,1990.63000000,1992.22000000,1975.34000000,1986.41000000,1369.78430000,1660481999999,2719126.72285100,2055,674.48950000,1339739.73246600,0
1660482000000,1986.40000000,1988.01000000,1970.52000000,1977.34000000,2348.16500000,1660485599999,4647539.77441200,3200,1248.45830000,2469253.58855400,0
1660485600000,1977.28000000,1986.33000000,1975.42000000,1982.51000000,891.72820000,1660489199999,1766440.76745800,2022,387.10540000,766734.51383600,0
1660489200000,1982.77000000,1987.10000000,1978.45000000,1984.52000000,617.75840000,1660492799999,1225045.35696500,1489,334.90340000,664121.13614300,0
1660492800000,1984.60000000,1985.33000000,1940.90000000,1942.03000000,2495.16780000,1660496399999,4902385.49077600,4564,1163.69920000,2283487.11052300,0
1660496400000,1941.57000000,1945.38000000,1921.48000000,1923.23000000,3483.15110000,1660499999999,6741838.77809300,5484,1144.02930000,2213206.89351100,0
1660500000000,1921.81000000,1932.98000000,1905.01000000,1930.57000000,2443.28130000,1660503599999,4695575.19424000,3899,949.18230000,1824860.90527500,0
1660503600000,1930.52000000,1935.20000000,1926.89000000,1931.79000000,826.45380000,1660507199999,1595923.96669200,1814,424.54730000,819762.06715700,0
1660507200000,1931.82000000,1945.63000000,1929.50000000,1941.14000000,869.33700000,1660510799999,1684818.35630400,1911,443.42350000,859313.21993800,0
1660510800000,1941.08000000,1960.87000000,1939.43000000,1948.93000000,817.34310000,1660514399999,1593113.44133800,1943,410.96780000,801038.22400500,0
1660514400000,1948.77000000,1950.28000000,1917.45000000,1933.04000000,2010.99200000,1660517999999,3889115.78731200,3403,925.83480000,1790293.45239300,0
1660518000000,1933.77000000,1940.93000000,1930.25000000,1935.81000000,1119.68550000,1660521599999,2167053.97048700,2328,555.36030000,1074603.20581700,0
1660521600000,1935.99000000,1959.44000000,1923.36000000,1957.97000000,1902.64990000,1660525199999,3688066.14631800,3696,1130.17680000,2189782.90544800,0
1660525200000,1959.19000000,1976.09000000,1947.00000000,1974.63000000,2292.10390000,1660528799999,4501654.53348800,4397,1108.17880000,2176518.72374200,0
1660528800000,1974.22000000,2006.86000000,1970.19000000,2000.92000000,2550.62040000,1660532399999,5078131.81645900,4973,1484.18430000,2956570.13891900,0
1660532400000,2000.99000000,2013.00000000,1977.26000000,1987.00000000,2368.09690000,1660535999999,4730782.69403400,5235,1265.28150000,2527861.70937000,0
1660536000000,1986.69000000,1987.65000000,1974.84000000,1983.74000000,1155.65200000,1660539599999,2288340.96892700,2451,558.40650000,1105647.87708300,0
1660539600000,1983.57000000,1992.69000000,1963.98000000,1970.25000000,1303.73600000,1660543199999,2575672.25008300,2938,567.33890000,1120680.71941200,0
1660543200000,1970.51000000,1971.18000000,1895.34000000,1907.30000000,4575.06250000,1660546799999,8804326.14651900,7988,1704.50600000,3278623.96843300,0
1660546800000,1907.22000000,1915.43000000,1885.41000000,1900.13000000,4964.97820000,1660550399999,9452346.00614900,6227,2629.57990000,5008116.40202500,0
1660550400000,1900.41000000,1908.22000000,1875.67000000,1905.36000000,3108.00900000,1660553999999,5895413.56530200,5365,1506.32800000,2858543.08516900,0
1660554000000,1905.28000000,1910.70000000,1888.60000000,1910.47000000,2021.20140000,1660557599999,3834470.19967300,3362,1159.26810000,2199154.07511900,0
1660557600000,1910.71000000,1912.44000000,1895.14000000,1907.31000000,1477.23250000,1660561199999,2812563.73464600,2929,655.80180000,1248263.76018300,0
1660561200000,1907.31000000,1913.15000000,1886.25000000,1891.80000000,1246.42350000,1660564799999,2368132.09632700,2632,641.35040000,1218329.64428600,0
1660564800000,1891.83000000,1905.58000000,1872.83000000,1877.72000000,1942.60350000,1660568399999,3671384.30763100,3555,904.67640000,1710903.33827500,0
1660568400000,1878.00000000,1921.00000000,1873.79000000,1916.99000000,2341.55180000,1660571999999,4447047.80694800,4786,1248.44850000,2371134.69862900,0
1660572000000,1917.23000000,1917.23000000,1898.71000000,1903.22000000,1982.22710000,1660575599999,3781172.41281400,3939,948.23710000,1808840.27553800,0
1660575600000,1903.10000000,1922.68000000,1893.76000000,1918.65000000,1724.47980000,1660579199999,3291412.96888800,3441,872.96280000,1665137.37645600,0
1660579200000,1918.64000000,1930.77000000,1908.75000000,1929.52000000,1754.86810000,1660582799999,3363637.11446500,3512,926.13270000,1775620.53376400,0
1660582800000,1929.96000000,1933.94000000,1897.00000000,1903.44000000,1883.93390000,1660586399999,3605890.19716300,3235,858.54130000,1644537.03784700,0
1660586400000,1903.29000000,1903.48000000,1891.44000000,1896.80000000,1535.24210000,1660589999999,2914357.65767200,2726,856.45740000,1625730.81001200,0
1660590000000,1897.03000000,1906.53000000,1885.28000000,1889.47000000,1466.58910000,1660593599999,2779273.93401200,3186,709.59340000,1345303.75532800,0
1660593600000,1889.73000000,1906.99000000,1888.26000000,1903.66000000,1334.13830000,1660597199999,2531757.55779000,2548,608.16140000,1154750.66501200,0
1660597200000,1903.20000000,1917.57000000,1898.73000000,1903.49000000,782.77800000,1660600799999,1492487.61248900,1841,378.72310000,722204.70108700,0
1660600800000,1903.87000000,1917.71000000,1893.79000000,1895.67000000,1435.07620000,1660604399999,2732723.20197000,2960,715.11540000,1361701.13234800,0
1660604400000,1895.82000000,1911.07000000,1876.50000000,1899.95000000,3525.58380000,1660607999999,6668093.08743400,5155,1741.53250000,3296000.33399000,0
1660608000000,1898.94000000,1904.59000000,1881.24000000,1896.94000000,1582.53550000,1660611599999,2995164.58597700,3537,803.72730000,1521384.41372000,0
1660611600000,1897.05000000,1915.00000000,1897.05000000,1899.26000000,1317.77530000,1660615199999,2511733.24862400,2892,679.65020000,1295673.67770000,0
1660615200000,1898.97000000,1908.79000000,1888.32000000,1891.59000000,1730.32340000,1660618799999,3278442.21520800,2886,604.65890000,1146580.08304800,0
1660618800000,1891.56000000,1894.93000000,1861.06000000,1888.26000000,2400.64410000,1660622399999,4508049.03930200,4983,1110.35210000,2085095.31851800,0
1660622400000,1888.40000000,1893.65000000,1869.07000000,1872.34000000,1913.87030000,1660625999999,3600008.37854300,3041,1139.30620000,2144748.62750200,0
1660626000000,1872.00000000,1875.75000000,1857.51000000,1871.55000000,2112.52730000,1660629599999,3941726.72197200,3814,790.05790000,1474620.22816300,0
1660629600000,1871.39000000,1886.92000000,1869.19000000,1881.00000000,1504.50620000,1660633199999,2826195.85403900,2721,895.92280000,1683113.48395800,0
1660633200000,1881.00000000,1887.06000000,1875.77000000,1886.94000000,823.72010000,1660636799999,1549028.53427500,1958,411.15120000,773216.50801800,0
1660636800000,1887.00000000,1888.28000000,1875.43000000,1880.49000000,1805.17070000,1660640399999,3395749.71262700,2804,1112.93410000,2093361.32581800,0
1660640400000,1880.34000000,1898.10000000,1879.14000000,1893.72000000,1382.38950000,1660643999999,2614669.16649200,2872,718.58020000,1358965.61274100,0
1660644000000,1894.02000000,1896.85000000,1887.26000000,1889.16000000,776.04070000,1660647599999,1468859.65806600,1801,376.84830000,713231.81887800,0
1660647600000,1889.01000000,1914.95000000,1887.65000000,1906.62000000,1541.08070000,1660651199999,2935401.10277700,3247,827.60250000,1576412.04307000,0
1660651200000,1907.20000000,1914.68000000,1884.93000000,1890.05000000,1463.15720000,1660654799999,2778935.84915200,2773,707.74320000,1343684.47454300,0
1660654800000,1889.95000000,1902.68000000,1875.02000000,1881.80000000,3011.30750000,1660658399999,5691099.78932700,3826,1340.47800000,2532442.77689100,0
1660658400000,1881.62000000,1885.25000000,1864.96000000,1874.30000000,2663.65620000,1660661999999,4993755.51681200,4487,1239.44530000,2323414.91113200,0
1660662000000,1873.77000000,1890.66000000,1869.51000000,1887.56000000,3838.93460000,1660665599999,7227343.37772700,4169,2939.84090000,5534744.65732600,0
1660665600000,1887.67000000,1893.45000000,1865.54000000,1880.60000000,3288.43990000,1660669199999,6185564.22271500,4010,1989.31100000,3745035.20931100,0
1660669200000,1880.23000000,1884.96000000,1870.01000000,1878.30000000,3721.27410000,1660672799999,6991890.59941400,4384,2630.37660000,4942089.43404000,0
1660672800000,1878.30000000,1898.00000000,1852.07000000,1871.14000000,3194.24850000,1660676399999,5991391.00706700,5119,1515.76880000,2845558.30609800,0
1660676400000,1871.45000000,1880.94000000,1867.43000000,1879.74000000,1260.14160000,1660679999999,2362763.65073000,2480,588.85220000,1104040.31787000,0
1660680000000,1879.57000000,1886.65000000,1872.00000000,1884.68000000,1184.17160000,1660683599999,2226934.17534400,1886,600.53330000,1129971.76632900,0
1660683600000,1884.98000000,1887.25000000,1873.70000000,1880.20000000,1259.24530000,1660687199999,2369046.68058600,1307,777.93890000,1464445.30581700,0
1660687200000,1880.15000000,1880.18000000,1867.10000000,1872.36000000,783.79210000,1660690799999,1467985.44370100,1582,367.96670000,689121.15597300,0
1660690800000,1872.16000000,1880.95000000,1869.45000000,1876.72000000,1357.42500000,1660694399999,2545951.86225900,1994,759.19200000,1423765.31106400,0
1660694400000,1876.95000000,1899.33000000,1870.50000000,1895.11000000,2500.98000000,1660697999999,4716752.51939500,4370,1232.10740000,2325598.57104600,0
1660698000000,1895.02000000,1898.75000000,1885.75000000,1887.66000000,1982.74060000,1660701599999,3749638.21435400,3076,1199.68830000,2268332.18701700,0
1660701600000,1887.41000000,1904.72000000,1881.87000000,1893.51000000,1310.73950000,1660705199999,2482832.71663200,2666,629.16050000,1192367.28718700,0
1660705200000,1893.37000000,1902.20000000,1893.37000000,1896.09000000,1017.71580000,1660708799999,1931755.63819600,1992,425.21740000,806950.64636200,0
1660708800000,1896.43000000,1904.86000000,1895.51000000,1900.76000000,822.61230000,1660712399999,1563010.69254100,1667,336.05030000,638531.55988100,0
1660712400000,1900.77000000,1927.47000000,1899.87000000,1924.69000000,2336.19770000,1660715999999,4471567.91533000,3746,1331.29360000,2549598.91334500,0
1660716000000,1924.69000000,1957.53000000,1924.05000000,1951.88000000,2960.50260000,1660719599999,5758936.45960300,4993,1494.59330000,2906495.34343300,0
1660719600000,1952.02000000,1955.26000000,1887.95000000,1890.76000000,4085.64840000,1660723199999,7817512.97975900,6693,1869.53960000,3573725.60631900,0
1660723200000,1890.53000000,1902.48000000,1879.43000000,1884.62000000,3389.96420000,1660726799999,6412375.92890600,4067,1360.70790000,2573410.95750100,0
1660726800000,1884.29000000,1896.43000000,1882.69000000,1890.07000000,1270.52160000,1660730399999,2400497.53000700,2041,577.36330000,1090825.17548600,0
1660730400000,1889.91000000,1890.12000000,1865.00000000,1879.36000000,1958.17920000,1660733999999,3676203.58865800,2819,752.54680000,1413655.78350100,0
1660734000000,1879.37000000,1884.16000000,1871.14000000,1876.87000000,1220.77650000,1660737599999,2292739.67055300,2076,545.87450000,1025165.71059500,0
1660737600000,1876.87000000,1886.41000000,1856.61000000,1872.22000000,2650.12940000,1660741199999,4953064.29046500,4416,1457.33420000,2722851.85278700,0
1660741200000,1872.12000000,1872.98000000,1818.99000000,1834.77000000,5031.45260000,1660744799999,9274328.33907400,7843,2394.10680000,4411393.19738500,0
1660744800000,1834.07000000,1840.72000000,1820.00000000,1823.35000000,3491.58220000,1660748399999,6383261.86851600,4739,2128.17930000,3890636.37403000,0
1660748400000,1823.09000000,1839.80000000,1820.79000000,1831.05000000,1808.12280000,1660751999999,3310930.60451000,3276,980.72070000,1795675.91288200,0
1660752000000,1831.30000000,1843.38000000,1823.99000000,1840.34000000,2003.35930000,1660755599999,3674351.34757500,3572,1217.30980000,2233296.29912900,0
1660755600000,1840.24000000,1853.62000000,1835.02000000,1850.70000000,1636.33650000,1660759199999,3013033.03689900,2994,920.74590000,1695608.52182100,0
1660759200000,1851.36000000,1870.87000000,1831.00000000,1850.47000000,7043.86450000,1660762799999,13066623.70793600,8681,2418.19720000,4482443.64467000,0
1660762800000,1850.34000000,1856.07000000,1830.15000000,1838.38000000,2098.84510000,1660766399999,3861354.54804600,3606,1125.67360000,2070790.29006000,0
1660766400000,1838.24000000,1854.07000000,1828.58000000,1851.39000000,1869.84570000,1660769999999,3443721.93692400,3163,1172.26840000,2157736.88330700,0
1660770000000,1851.34000000,1851.43000000,1831.41000000,1840.75000000,1046.16310000,1660773599999,1925572.23693200,2336,390.65380000,719397.88651600,0
1660773600000,1840.14000000,1840.14000000,1825.48000000,1828.96000000,999.76060000,1660777199999,1832599.52911800,2089,502.58770000,921465.36646600,0
1660777200000,1829.71000000,1837.40000000,1824.00000000,1834.11000000,966.97290000,1660780799999,1771392.47410400,2106,483.34240000,885433.99076200,0
1660780800000,1834.56000000,1850.32000000,1821.29000000,1847.05000000,2127.50720000,1660784399999,3912228.03639200,4058,1144.40780000,2104611.54892100,0
1660784400000,1847.13000000,1862.41000000,1841.83000000,1856.79000000,1396.07440000,1660787999999,2583522.06227400,2975,748.79910000,1385897.31295900,0
1660788000000,1856.97000000,1865.97000000,1844.84000000,1852.20000000,1205.98230000,1660791599999,2236164.80030200,2600,539.68600000,1000669.38250500,0
1660791600000,1852.54000000,1854.77000000,1845.71000000,1848.76000000,1017.97720000,1660795199999,1884142.57148300,2227,546.36210000,1011164.72713100,0
1660795200000,1848.76000000,1852.65000000,1839.30000000,1844.00000000,810.52940000,1660798799999,1496745.81610800,1859,496.14630000,916252.58689500,0
1660798800000,1844.06000000,1852.99000000,1842.67000000,1844.16000000,1103.38610000,1660802399999,2040530.46424800,2245,571.96450000,1057475.56226200,0
1660802400000,1844.21000000,1852.50000000,1838.73000000,1838.97000000,862.44980000,1660805999999,1591334.73379100,1908,494.96140000,913415.35590500,0
1660806000000,1839.17000000,1847.45000000,1836.23000000,1844.98000000,757.16540000,1660809599999,1395263.10769600,1723,431.15020000,794565.48007700,0
1660809600000,1844.83000000,1849.98000000,1834.87000000,1848.69000000,1232.51700000,1660813199999,2272361.89067200,2342,612.85180000,1129977.38489100,0
1660813200000,1848.73000000,1857.59000000,1845.54000000,1856.49000000,779.99010000,1660816799999,1442736.40413500,1763,437.91450000,810228.54651400,0
1660816800000,1856.49000000,1866.28000000,1845.67000000,1848.14000000,1273.84450000,1660820399999,2363791.52251200,2539,666.63330000,1237129.69988600,0
1660820400000,1848.00000000,1861.24000000,1847.84000000,1859.20000000,789.47080000,1660823999999,1464419.19873400,1816,433.86800000,804771.57721700,0
1660824000000,1859.88000000,1880.00000000,1856.15000000,1879.03000000,2486.14500000,1660827599999,4644236.75309800,4173,1241.44830000,2319497.23881300,0
1660827600000,1878.79000000,1882.72000000,1851.74000000,1855.05000000,2324.03380000,1660831199999,4336833.93129300,3700,1335.61960000,2493200.23381200,0
1660831200000,1855.12000000,1870.80000000,1849.58000000,1861.30000000,1843.49290000,1660834799999,3431157.64275100,3347,1006.05490000,1872838.98533900,0
1660834800000,1860.82000000,1877.84000000,1856.95000000,1872.90000000,1574.96910000,1660838399999,2944721.83386700,2909,797.16570000,1490876.51852900,0
1660838400000,1873.01000000,1874.79000000,1856.43000000,1869.24000000,1660.56250000,1660841999999,3097127.09234700,3184,893.37340000,1665716.36157000,0
1660842000000,1869.20000000,1878.58000000,1860.00000000,1860.76000000,1731.89340000,1660845599999,3238365.93106400,3464,989.77030000,1850557.05525200,0
1660845600000,1860.76000000,1871.51000000,1859.01000000,1866.39000000,1319.67350000,1660849199999,2459271.10151700,2412,826.40290000,1540036.36546300,0
1660849200000,1866.76000000,1877.48000000,1865.29000000,1870.56000000,1361.90000000,1660852799999,2549855.92763800,2421,706.98420000,1323694.82543800,0
1660852800000,1870.47000000,1879.44000000,1867.23000000,1876.95000000,1195.79070000,1660856399999,2239588.19412200,1985,670.61880000,1255845.98573000,0
1660856400000,1876.72000000,1878.80000000,1867.54000000,1869.29000000,1231.43850000,1660859999999,2305478.57675700,1839,1014.72360000,1899559.49588600,0
1660860000000,1869.09000000,1872.83000000,1863.99000000,1866.93000000,525.75090000,1660863599999,982222.82265000,1265,306.71360000,572966.10539200,0
1660863600000,1866.94000000,1871.03000000,1843.08000000,1846.47000000,1719.69050000,1660867199999,3186868.10907400,3071,597.64640000,1106599.34669600,0
1660867200000,1846.45000000,1848.18000000,1811.00000000,1825.80000000,2311.46870000,1660870799999,4221311.45246400,4076,1210.47040000,2212717.64661700,0
1660870800000,1825.89000000,1826.00000000,1806.35000000,1815.90000000,3397.30810000,1660874399999,6163932.20968200,4535,2297.31860000,4167382.61758200,0
1660874400000,1815.78000000,1828.05000000,1810.93000000,1824.84000000,1833.95920000,1660877999999,3340458.01789700,2692,1301.07950000,2370143.56366000,0
1660878000000,1824.75000000,1825.49000000,1815.07000000,1817.81000000,1072.83990000,1660881599999,1952333.22738900,2020,524.94140000,955443.29762600,0
1660881600000,1817.69000000,1824.40000000,1813.34000000,1818.55000000,755.26630000,1660885199999,1374458.14889800,1724,480.07690000,873767.16624900,0
1660885200000,1818.55000000,1823.57000000,1809.89000000,1816.95000000,1054.79350000,1660888799999,1917456.51333900,1972,512.62930000,932472.08528900,0
1660888800000,1816.79000000,1817.30000000,1720.46000000,1749.33000000,8233.46450000,1660892399999,14468790.11682600,9424,3728.44330000,6541037.71971400,0
1660892400000,1748.76000000,1763.68000000,1734.04000000,1744.87000000,5104.51690000,1660895999999,8915344.98017900,5419,2828.28270000,4934855.55811200,0
1660896000000,1744.95000000,1744.95000000,1721.81000000,1736.36000000,3465.17920000,1660899599999,6007648.85173800,4676,1650.69500000,2862397.07441500,0
1660899600000,1736.54000000,1746.09000000,1727.92000000,1737.40000000,2485.84240000,1660903199999,4315873.58277600,3974,1355.45560000,2354015.44451800,0
1660903200000,1737.87000000,1742.99000000,1727.33000000,1730.81000000,2306.82910000,1660906799999,4003748.67066800,3474,1218.17940000,2114112.84769000,0
1660906800000,1729.95000000,1731.09000000,1684.00000000,1707.88000000,6062.24010000,1660910399999,10353067.47220300,8170,2851.31410000,4868091.73245300,0
1660910400000,1707.65000000,1707.65000000,1676.01000000,1700.93000000,4586.75370000,1660913999999,7781355.17620200,6445,2388.47920000,4052187.31894900,0
1660914000000,1700.71000000,1704.75000000,1684.49000000,1690.25000000,3112.45980000,1660917599999,5276477.20470800,4394,1720.43770000,2917415.59000200,0
1660917600000,1690.17000000,1704.84000000,1686.39000000,1691.65000000,2331.37640000,1660921199999,3950929.41804000,3915,1302.49050000,2207354.44868800,0
1660921200000,1691.75000000,1702.13000000,1686.57000000,1698.14000000,2596.92490000,1660924799999,4400712.43497900,3998,1563.66420000,2649874.80865700,0
1660924800000,1698.05000000,1726.70000000,1694.23000000,1718.26000000,2959.75210000,1660928399999,5065861.44768600,5252,1744.32870000,2986049.36725200,0
1660928400000,1718.20000000,1726.06000000,1702.99000000,1706.31000000,2566.08910000,1660931999999,4402037.24569300,3972,984.23950000,1686212.08205800,0
1660932000000,1706.11000000,1708.02000000,1690.44000000,1700.20000000,1815.22820000,1660935599999,3083001.76448900,3478,1050.09150000,1783117.71259900,0
1660935600000,1699.96000000,1711.71000000,1681.00000000,1701.17000000,2251.82180000,1660939199999,3825236.67227900,4280,1082.20930000,1839238.48128500,0
1660939200000,1701.26000000,1706.28000000,1681.19000000,1686.46000000,1893.73330000,1660942799999,3202582.58113400,3873,1024.20870000,1732037.10141800,0
1660942800000,1686.57000000,1690.18000000,1630.04000000,1647.07000000,5375.98570000,1660946399999,8916192.79788300,5838,1219.45940000,2025505.65895000,0
1660946400000,1648.53000000,1665.38000000,1613.16000000,1619.82000000,5370.82500000,1660949999999,8785474.95463700,6795,2677.66860000,4379403.28896600,0
1660950000000,1619.83000000,1630.34000000,1603.32000000,1609.00000000,16149.66710000,1660953599999,26089789.70837100,11444,7708.04780000,12463904.43359400,0
1660953600000,1608.89000000,1639.86000000,1607.79000000,1624.69000000,5355.28730000,1660957199999,8690532.41585900,6544,3372.01720000,5466904.01531400,0
1660957200000,1624.75000000,1633.35000000,1615.20000000,1617.62000000,1960.24530000,1660960799999,3186548.56864300,3562,925.99440000,1505626.09093200,0
1660960800000,1617.72000000,1636.20000000,1616.97000000,1628.88000000,1759.41320000,1660964399999,2864265.30885700,3472,979.29950000,1594342.79047800,0
1660964400000,1628.87000000,1634.11000000,1621.99000000,1627.62000000,1977.52770000,1660967999999,3219521.23345400,3450,862.40650000,1403802.38092600,0
1660968000000,1627.74000000,1653.57000000,1625.54000000,1647.60000000,2384.38930000,1660971599999,3894699.40924400,4196,1407.43520000,2299385.04409700,0
1660971600000,1647.27000000,1648.71000000,1629.12000000,1635.09000000,2677.79550000,1660975199999,4392022.42831600,4281,1442.37040000,2365635.81838200,0
1660975200000,1635.11000000,1651.57000000,1632.72000000,1650.86000000,1732.32460000,1660978799999,2843004.27973200,3696,1042.72090000,1711210.74538600,0
1660978800000,1650.92000000,1656.68000000,1644.24000000,1647.72000000,1802.40630000,1660982399999,2971356.69334600,3783,1054.42170000,1738301.89515700,0
1660982400000,1647.73000000,1649.64000000,1634.26000000,1636.75000000,1779.68940000,1660985999999,2922096.42138500,3230,783.08370000,1286507.14370700,0
1660986000000,1637.20000000,1638.03000000,1627.30000000,1635.31000000,1298.56800000,1660989599999,2121567.95774900,2693,665.73670000,1087406.05499300,0
1660989600000,1635.26000000,1638.18000000,1617.70000000,1632.14000000,2010.00210000,1660993199999,3272219.53097100,3238,1042.90660000,1698563.19596600,0
1660993200000,1631.56000000,1637.36000000,1628.79000000,1631.02000000,989.76550000,1660996799999,1615748.83012800,2279,533.82650000,871473.17058700,0
1660996800000,1631.07000000,1635.50000000,1625.00000000,1627.18000000,1700.43710000,1661000399999,2771226.16123400,3023,683.82420000,1114546.11980600,0
1661000400000,1627.08000000,1639.36000000,1624.42000000,1635.56000000,1248.28510000,1661003999999,2034453.04607200,2345,662.97270000,1080687.75044500,0
1661004000000,1636.39000000,1643.84000000,1630.01000000,1633.84000000,2096.15610000,1661007599999,3436037.45390500,2547,629.28070000,1030519.21618100,0
1661007600000,1633.47000000,1637.43000000,1625.97000000,1634.90000000,1228.90340000,1661011199999,2004959.05879300,2016,637.97220000,1040964.27479300,0
1661011200000,1634.81000000,1639.30000000,1615.98000000,1618.61000000,2097.82330000,1661014799999,3417039.28656700,3026,988.57700000,1610231.52216200,0
1661014800000,1618.24000000,1631.23000000,1606.35000000,1616.51000000,2023.52930000,1661018399999,3269914.93262000,3201,1076.82790000,1740532.52749000,0
1661018400000,1616.69000000,1622.05000000,1573.51000000,1579.42000000,2734.86300000,1661021999999,4365608.82998100,4533,1193.44160000,1908437.55165400,0
1661022000000,1579.91000000,1583.40000000,1555.00000000,1563.04000000,4170.89420000,1661025599999,6528596.14790600,5316,1261.68100000,1978814.44907200,0
1661025600000,1563.84000000,1588.08000000,1528.43000000,1532.55000000,2766.95760000,1661029199999,4317646.61056900,5005,1450.22250000,2267955.30073900,0
1661029200000,1531.26000000,1571.30000000,1523.86000000,1569.19000000,2450.66180000,1661032799999,3805564.61788900,3798,1593.63820000,2475786.35416700,0
1661032800000,1569.29000000,1588.66000000,1564.97000000,1573.54000000,1917.82240000,1661036399999,3018867.38172400,3560,1003.52030000,1579719.44619000,0
1661036400000,1573.51000000,1585.58000000,1566.15000000,1575.93000000,1957.25170000,1661039999999,3082861.89760000,3195,972.06600000,1531098.45076700,0
1661040000000,1575.95000000,1595.93000000,1573.09000000,1576.74000000,2042.02960000,1661043599999,3235679.09213800,3697,1043.91340000,1653938.68249100,0
1661043600000,1576.68000000,1598.39000000,1575.98000000,1594.63000000,1623.77780000,1661047199999,2577081.64700600,2695,804.58620000,1276131.68267800,0
1661047200000,1594.51000000,1604.03000000,1586.27000000,1594.80000000,1391.73270000,1661050799999,2219121.50986400,2375,736.97340000,1174775.67145500,0
1661050800000,1594.90000000,1595.97000000,1581.05000000,1585.58000000,1135.17700000,1661054399999,1802355.51003100,1973,635.10140000,1008185.01585000,0
1661054400000,1585.41000000,1595.00000000,1581.73000000,1583.04000000,785.39000000,1661057999999,1245803.82411400,1549,439.84600000,697607.94984000,0
1661058000000,1583.54000000,1589.87000000,1577.11000000,1586.82000000,1302.84220000,1661061599999,2062900.83835800,2099,744.58910000,1178899.45567000,0
1661061600000,1586.87000000,1588.57000000,1566.64000000,1571.15000000,1960.91190000,1661065199999,3092371.79720600,3164,898.18400000,1416343.01966100,0
1661065200000,1571.43000000,1586.78000000,1562.34000000,1585.76000000,1537.75900000,1661068799999,2420209.95335900,2648,828.94390000,1304984.22221800,0
1661068800000,1585.36000000,1615.92000000,1584.93000000,1601.23000000,2997.15980000,1661072399999,4796010.72948800,4936,1489.59000000,2383443.54881800,0
1661072400000,1601.28000000,1624.65000000,1598.05000000,1617.37000000,2137.11340000,1661075999999,3446722.87667700,3816,1108.66920000,1787936.98326500,0
1661076000000,1617.18000000,1630.00000000,1610.49000000,1619.64000000,2668.81950000,1661079599999,4325067.37233700,3815,1334.91860000,2164502.81714200,0
1661079600000,1619.61000000,1629.29000000,1615.87000000,1626.55000000,2341.95340000,1661083199999,3797723.29745500,2952,1068.80960000,1733672.32287700,0
1661083200000,1626.65000000,1640.75000000,1623.78000000,1624.23000000,1778.35910000,1661086799999,2900949.04133900,3083,890.29740000,1452447.56143400,0
1661086800000,1624.19000000,1626.41000000,1611.04000000,1612.01000000,1436.40620000,1661090399999,2324361.75696600,2665,629.49590000,1018822.99360400,0
1661090400000,1612.22000000,1621.52000000,1600.48000000,1617.31000000,1542.73410000,1661093999999,2486062.41629500,2573,697.74840000,1125054.35326900,0
1661094000000,1617.38000000,1622.73000000,1611.43000000,1621.16000000,1076.70290000,1661097599999,1742297.27360100,1724,469.15720000,759135.75642700,0
1661097600000,1621.16000000,1634.45000000,1610.74000000,1623.95000000,1563.90470000,1661101199999,2538133.05184000,2856,718.81630000,1166638.45214100,0
1661101200000,1623.66000000,1631.76000000,1617.78000000,1619.95000000,1177.01540000,1661104799999,1913654.33343500,2173,593.24680000,964459.81155800,0
1661104800000,1620.44000000,1626.49000000,1612.79000000,1624.68000000,1081.41470000,1661108399999,1750595.55295600,2056,537.49630000,870198.75220100,0
1661108400000,1624.40000000,1628.54000000,1617.96000000,1624.16000000,999.31340000,1661111999999,1623193.72950900,1849,444.29890000,721560.56726800,0
1661112000000,1624.15000000,1640.53000000,1611.09000000,1616.94000000,2174.85680000,1661115599999,3530215.35297400,3663,985.97690000,1601673.20119700,0
1661115600000,1616.69000000,1646.13000000,1616.57000000,1621.74000000,2268.84130000,1661119199999,3707803.01198100,3602,738.59960000,1202987.37497100,0
1661119200000,1621.61000000,1630.50000000,1580.69000000,1619.04000000,4120.73720000,1661122799999,6617700.58174900,6464,1939.39960000,3115786.77197600,0
1661122800000,1619.54000000,1631.71000000,1614.84000000,1618.11000000,1758.78820000,1661126399999,2853635.24457100,3158,878.98090000,1425923.08011700,0
1661126400000,1618.27000000,1621.64000000,1601.85000000,1610.21000000,2692.64120000,1661129999999,4337915.33104600,4433,1349.63120000,2174813.79018800,0
1661130000000,1610.25000000,1613.15000000,1593.97000000,1605.63000000,2314.76260000,1661133599999,3708830.76645000,3643,1123.52510000,1800217.01609900,0
1661133600000,1606.16000000,1611.52000000,1596.75000000,1607.51000000,1204.50400000,1661137199999,1931317.14895600,2254,576.74160000,924528.45140100,0
1661137200000,1607.26000000,1610.38000000,1594.86000000,1595.09000000,1845.15770000,1661140799999,2960163.09102000,2478,1258.41810000,2019031.13553800,0
1661140800000,1595.04000000,1609.88000000,1585.02000000,1607.34000000,1746.88370000,1661144399999,2790005.24841500,2685,920.24150000,1470416.23985700,0
1661144400000,1607.29000000,1610.27000000,1599.23000000,1603.72000000,2357.93970000,1661147999999,3784251.52058700,2945,1715.28970000,2753157.69264200,0
1661148000000,1603.94000000,1603.94000000,1576.18000000,1584.67000000,3518.29870000,1661151599999,5590832.96493100,4343,1811.98790000,2881340.91289900,0
1661151600000,1584.66000000,1589.15000000,1551.38000000,1557.01000000,8052.09320000,1661155199999,12640589.94422100,6923,5985.60760000,9392263.17160700,0
1661155200000,1556.77000000,1564.82000000,1529.71000000,1563.23000000,16049.09220000,1661158799999,24821160.28964600,13455,8682.69820000,13428415.15013900,0
1661158800000,1563.23000000,1573.26000000,1549.08000000,1563.94000000,5981.41570000,1661162399999,9335795.46256900,5299,3881.13390000,6061606.44877200,0
1661162400000,1563.81000000,1578.94000000,1557.57000000,1573.78000000,3649.74620000,1661165999999,5722201.59411400,3594,2634.75800000,4130677.32392600,0
1661166000000,1573.41000000,1580.00000000,1563.53000000,1567.44000000,2204.97510000,1661169599999,3466509.77243000,2683,998.52120000,1570048.70745400,0
1661169600000,1567.71000000,1578.04000000,1554.02000000,1561.25000000,2363.83620000,1661173199999,3702007.33182500,3302,1254.56070000,1965232.27842500,0
1661173200000,1561.32000000,1576.03000000,1546.77000000,1566.86000000,3356.19870000,1661176799999,5243714.68435000,4592,1843.62500000,2880118.33379100,0
1661176800000,1566.58000000,1580.00000000,1556.81000000,1561.97000000,7958.73580000,1661180399999,12490758.78344800,6899,2549.99750000,3996819.84745700,0
1661180400000,1561.93000000,1594.44000000,1561.25000000,1590.12000000,3825.38160000,1661183999999,6037267.92101000,4340,2164.42280000,3415423.42094000,0
1661184000000,1589.88000000,1600.25000000,1575.27000000,1581.51000000,5753.78050000,1661187599999,9117553.86000100,4043,3265.00400000,5176185.33445700,0
1661187600000,1582.36000000,1583.65000000,1568.79000000,1573.93000000,1350.79710000,1661191199999,2128250.07413700,1901,650.76040000,1025148.83545600,0
1661191200000,1574.00000000,1575.08000000,1549.23000000,1558.42000000,2178.05170000,1661194799999,3397963.36132000,2849,1107.44540000,1727027.19237400,0
1661194800000,1557.89000000,1568.29000000,1556.26000000,1567.02000000,1532.68460000,1661198399999,2394381.78835400,2263,834.91290000,1304116.66724200,0
1661198400000,1567.18000000,1587.43000000,1566.34000000,1579.36000000,1848.08920000,1661201999999,2919341.89142300,2918,1047.78190000,1654867.60526300,0
1661202000000,1579.53000000,1581.58000000,1563.99000000,1571.80000000,604.40400000,1661205599999,951036.79162900,1288,328.42710000,516930.16560500,0
1661205600000,1571.63000000,1592.02000000,1568.78000000,1587.37000000,1279.59110000,1661209199999,2027546.83439800,1978,650.54150000,1030766.82208700,0
1661209200000,1587.62000000,1628.72000000,1586.18000000,1624.72000000,6152.31110000,1661212799999,9857180.18700200,4909,4945.84090000,7921156.43963900,0
1661212800000,1624.54000000,1636.10000000,1614.92000000,1620.38000000,1750.15980000,1661216399999,2841774.14944600,2801,886.68850000,1439974.42993500,0
1661216400000,1620.48000000,1638.47000000,1620.48000000,1623.61000000,1902.85290000,1661219999999,3098619.09598500,2571,1135.53820000,1848632.73506500,0
1661220000000,1623.70000000,1630.05000000,1618.14000000,1626.77000000,990.76510000,1661223599999,1607809.27039600,1568,483.82440000,785195.35233800,0
1661223600000,1626.73000000,1632.69000000,1607.43000000,1609.31000000,1084.24530000,1661227199999,1759844.68555400,1941,477.59270000,775348.13262400,0
1661227200000,1609.05000000,1617.46000000,1607.92000000,1610.95000000,943.97120000,1661230799999,1522102.77842100,1607,475.24020000,766288.76259100,0
1661230800000,1610.43000000,1612.74000000,1569.36000000,1570.99000000,6534.84740000,1661234399999,10334882.53922100,6016,1524.05040000,2412329.95276700,0
1661234400000,1570.83000000,1578.88000000,1563.81000000,1573.42000000,1781.46730000,1661237999999,2799518.44549800,2635,824.46970000,1295817.88369800,0
1661238000000,1574.09000000,1602.17000000,1572.25000000,1602.17000000,2343.31760000,1661241599999,3726289.74524100,3275,1284.62930000,2042882.79413000,0
1661241600000,1602.18000000,1617.46000000,1600.13000000,1609.45000000,3537.76970000,1661245199999,5699420.36560700,3607,1248.07390000,2010177.34916100,0
1661245200000,1609.33000000,1624.26000000,1588.53000000,1611.26000000,2662.93900000,1661248799999,4278094.26810800,3539,1388.07200000,2231204.76430200,0
1661248800000,1611.22000000,1614.65000000,1596.86000000,1608.32000000,1946.88180000,1661252399999,3125972.57685300,2727,1029.33210000,1652399.86505600,0
1661252400000,1608.57000000,1623.72000000,1599.29000000,1620.20000000,2802.15460000,1661255999999,4508025.78110200,3452,1600.08890000,2575009.46694500,0
1661256000000,1620.99000000,1628.38000000,1609.31000000,1610.94000000,2011.34590000,1661259599999,3252235.19393100,3228,1071.04180000,1731884.86421000,0
1661259600000,1611.06000000,1637.52000000,1606.42000000,1635.82000000,4507.03500000,1661263199999,7318529.93988400,5360,2174.95340000,3532406.71234800,0
1661263200000,1636.09000000,1653.86000000,1629.30000000,1632.18000000,8226.39200000,1661266799999,13539285.23290300,6642,6110.85550000,10062744.96041000,0
1661266800000,1632.14000000,1647.66000000,1624.46000000,1640.52000000,2636.38900000,1661270399999,4322082.03121200,3630,1392.60340000,2282861.58604000,0
1661270400000,1640.34000000,1641.39000000,1625.00000000,1639.13000000,2749.69450000,1661273999999,4490815.14433500,3265,1238.24080000,2020447.76566300,0
1661274000000,1638.24000000,1645.78000000,1633.30000000,1633.70000000,2633.83580000,1661277599999,4311013.94057700,2926,2010.53410000,3289692.38526400,0
1661277600000,1633.74000000,1675.00000000,1629.84000000,1656.96000000,5152.55520000,1661281199999,8520028.12191600,5383,2929.91450000,4834942.29563500,0
1661281200000,1657.25000000,1662.94000000,1646.49000000,1650.15000000,2842.82370000,1661284799999,4700420.71822500,3109,1502.78500000,2483486.80813600,0
1661284800000,1650.15000000,1665.55000000,1641.87000000,1647.18000000,2268.67320000,1661288399999,3744208.45226800,2725,1333.39260000,2200533.53861700,0
1661288400000,1647.25000000,1651.73000000,1641.71000000,1648.48000000,1530.03330000,1661291999999,2516724.10782300,1814,868.08540000,1427792.90740300,0
1661292000000,1648.70000000,1661.77000000,1645.85000000,1653.99000000,1998.36900000,1661295599999,3307083.38224800,2561,801.80900000,1327089.54668000,0
1661295600000,1654.20000000,1672.44000000,1650.90000000,1665.29000000,1575.28350000,1661299199999,2619617.97925600,2544,739.29860000,1229409.80226400,0
1661299200000,1665.60000000,1666.62000000,1632.39000000,1640.45000000,2409.40070000,1661302799999,3970815.24742900,3880,1185.57720000,1952776.02945900,0
1661302800000,1640.46000000,1643.27000000,1612.52000000,1623.15000000,2598.87540000,1661306399999,4229813.62727000,4176,1284.44960000,2091119.32838000,0
1661306400000,1622.78000000,1633.78000000,1608.52000000,1611.64000000,1506.84220000,1661309999999,2444100.26589300,2892,741.16320000,1202803.60435800,0
1661310000000,1611.09000000,1617.65000000,1605.69000000,1614.78000000,1213.27880000,1661313599999,1956011.44465900,2215,644.15770000,1038549.54321300,0
1661313600000,1614.78000000,1626.22000000,1610.53000000,1623.99000000,4872.10210000,1661317199999,7887238.18964600,3241,874.15620000,1414751.81009700,0
1661317200000,1623.36000000,1647.89000000,1621.13000000,1638.21000000,1939.55160000,1661320799999,3172683.13548200,2839,1097.55940000,1794857.01240800,0
1661320800000,1637.86000000,1647.55000000,1631.56000000,1645.20000000,1000.32650000,1661324399999,1639970.11741700,1851,585.32540000,959892.98459000,0
1661324400000,1645.20000000,1649.51000000,1621.00000000,1627.28000000,1617.21060000,1661327999999,2639391.48127600,2764,703.25320000,1148229.97158700,0
1661328000000,1627.28000000,1644.94000000,1626.51000000,1634.16000000,3438.27820000,1661331599999,5635888.70294700,3095,1356.11450000,2220802.37056100,0
1661331600000,1634.16000000,1642.66000000,1633.08000000,1635.56000000,1325.32260000,1661335199999,2170126.34919100,1497,922.95050000,1511453.42391900,0
1661335200000,1635.84000000,1645.23000000,1626.99000000,1629.61000000,1348.72300000,1661338799999,2207929.22778400,1991,577.21540000,945160.41254100,0
1661338800000,1629.68000000,1654.39000000,1627.59000000,1651.58000000,2304.96140000,1661342399999,3786949.90885700,2754,918.07170000,1508930.58143000,0
1661342400000,1651.14000000,1660.33000000,1646.52000000,1658.25000000,1531.22280000,1661345999999,2532674.90133100,2352,723.40840000,1196583.85166300,0
1661346000000,1658.51000000,1661.06000000,1643.53000000,1649.91000000,1899.68740000,1661349599999,3137208.81798800,2780,694.52960000,1147496.95890000,0
1661349600000,1649.71000000,1663.78000000,1642.90000000,1649.19000000,2856.70710000,1661353199999,4721191.02433100,3466,1340.19300000,2211019.66250300,0
1661353200000,1649.56000000,1687.79000000,1646.82000000,1683.00000000,4192.14460000,1661356799999,7017459.19505700,4342,2664.78960000,4466050.36818900,0
1661356800000,1683.00000000,1694.62000000,1673.52000000,1678.32000000,4181.48450000,1661360399999,7030742.49564400,4464,1758.59480000,2958777.69241500,0
1661360400000,1678.41000000,1680.92000000,1663.14000000,1668.00000000,1365.44780000,1661363999999,2281016.55548100,2158,523.33020000,874763.61004700,0
1661364000000,1668.46000000,1676.26000000,1666.16000000,1669.13000000,795.11140000,1661367599999,1328460.27553800,1313,442.19810000,738770.92052200,0
1661367600000,1668.86000000,1690.67000000,1668.37000000,1678.37000000,1200.37000000,1661371199999,2018342.27710900,1897,569.99870000,958030.15950300,0
1661371200000,1678.15000000,1686.42000000,1674.42000000,1683.01000000,785.34090000,1661374799999,1320721.72102700,1402,367.37190000,617802.75153400,0
1661374800000,1683.30000000,1683.95000000,1669.06000000,1670.46000000,597.72580000,1661378399999,1002669.47806200,1118,240.36630000,403293.12041600,0
1661378400000,1670.64000000,1676.85000000,1657.03000000,1660.44000000,2367.36790000,1661381999999,3944872.78218000,2759,1505.46850000,2509429.74191700,0
1661382000000,1660.68000000,1668.20000000,1652.08000000,1656.59000000,935.44620000,1661385599999,1551983.86389800,1698,435.72540000,722968.01901500,0
1661385600000,1656.60000000,1672.69000000,1653.44000000,1668.72000000,1262.39130000,1661389199999,2099987.65387500,2061,771.49710000,1283345.94931300,0
1661389200000,1668.89000000,1684.59000000,1665.29000000,1675.57000000,1591.94350000,1661392799999,2670883.73639400,2185,665.93690000,1117032.96685200,0
1661392800000,1675.37000000,1678.52000000,1671.92000000,1677.07000000,524.40750000,1661396399999,878093.54353100,1082,252.91800000,423478.40231100,0
1661396400000,1677.48000000,1683.73000000,1664.89000000,1669.87000000,1071.27890000,1661399999999,1793886.25121500,1704,664.53240000,1113367.08284600,0
1661400000000,1669.42000000,1679.25000000,1669.11000000,1676.09000000,1032.03800000,1661403599999,1729208.57814600,1437,483.01520000,808767.35722000,0
1661403600000,1676.91000000,1681.82000000,1673.03000000,1680.72000000,463.49070000,1661407199999,777574.51108500,1083,233.28250000,391412.64234800,0
1661407200000,1680.73000000,1707.26000000,1678.32000000,1702.25000000,2134.82000000,1661410799999,3622590.74114000,3339,1251.23500000,2123126.14948900,0
1661410800000,1702.40000000,1712.48000000,1697.33000000,1708.87000000,2435.15180000,1661414399999,4151685.36853100,2756,890.29780000,1517673.64838600,0
1661414400000,1708.95000000,1716.41000000,1704.48000000,1708.80000000,1952.25200000,1661417999999,3337985.90472100,2212,644.66810000,1102682.82529800,0
1661418000000,1708.78000000,1712.09000000,1698.34000000,1705.36000000,2214.41600000,1661421599999,3772092.42306800,2272,869.38830000,1481812.96609700,0
1661421600000,1704.81000000,1706.46000000,1691.94000000,1694.00000000,1010.08650000,1661425199999,1718060.85322000,1398,468.83460000,797563.30427000,0
1661425200000,1694.02000000,1713.30000000,1693.65000000,1710.13000000,2099.60560000,1661428799999,3583715.55077700,2122,923.26120000,1574628.41854600,0
1661428800000,1710.52000000,1719.00000000,1699.59000000,1704.86000000,4246.28600000,1661432399999,7262569.21799300,3084,1226.25560000,2094389.76812400,0
1661432400000,1704.66000000,1711.59000000,1696.77000000,1708.63000000,1652.93350000,1661435999999,2811880.70750600,2087,1045.29220000,1778202.21480100,0
1661436000000,1708.99000000,1722.40000000,1703.96000000,1709.47000000,1987.26360000,1661439599999,3406108.73849200,2788,906.11170000,1553453.01708100,0
1661439600000,1709.30000000,1714.84000000,1689.00000000,1701.40000000,1973.91680000,1661443199999,3358980.88794600,2572,830.04690000,1413923.14792800,0
1661443200000,1701.35000000,1704.87000000,1690.08000000,1695.78000000,1221.51200000,1661446799999,2074198.70339500,1936,514.96960000,874628.30272700,0
1661446800000,1695.50000000,1712.84000000,1693.83000000,1705.55000000,1858.36460000,1661450399999,3170047.49175800,2217,818.08620000,1394537.58174400,0
1661450400000,1705.47000000,1709.07000000,1696.12000000,1702.79000000,743.46320000,1661453999999,1265762.33960000,1256,331.65710000,564645.04856200,0
1661454000000,1702.74000000,1712.41000000,1699.62000000,1706.90000000,917.27030000,1661457599999,1567499.01948800,1409,258.55690000,441562.58195900,0
1661457600000,1707.13000000,1712.72000000,1700.00000000,1708.25000000,975.91830000,1661461199999,1666958.00115800,1349,434.70350000,742463.62324100,0
1661461200000,1708.57000000,1711.58000000,1696.85000000,1701.82000000,278.78000000,1661464799999,475047.91002000,658,130.23560000,221999.38770400,0
1661464800000,1701.89000000,1705.14000000,1693.30000000,1694.48000000,564.08140000,1661468399999,958273.87899000,1046,270.03800000,458719.29650900,0
1661468400000,1694.19000000,1698.45000000,1684.00000000,1695.62000000,923.66530000,1661471999999,1561988.72002100,1495,446.22970000,754616.26174300,0
1661472000000,1695.33000000,1695.33000000,1672.21000000,1675.29000000,2479.55430000,1661475599999,4170603.46514700,3221,920.32770000,1548982.76181200,0
1661475600000,1675.23000000,1686.38000000,1671.90000000,1684.50000000,999.00880000,1661479199999,1679163.56222800,1654,543.36640000,913272.17343600,0
1661479200000,1684.89000000,1690.79000000,1682.26000000,1690.60000000,541.54750000,1661482799999,913088.12525700,991,261.63720000,441122.50739200,0
1661482800000,1690.78000000,1692.00000000,1684.56000000,1687.49000000,440.23090000,1661486399999,743325.74407100,879,218.75480000,369370.13309400,0
1661486400000,1687.04000000,1688.00000000,1676.96000000,1682.86000000,493.48910000,1661489999999,830464.55169800,1019,223.76350000,376571.72618500,0
1661490000000,1682.88000000,1684.27000000,1658.00000000,1661.85000000,2569.25600000,1661493599999,4279322.00776300,3086,1145.57960000,1909496.85118500,0
1661493600000,1660.99000000,1665.69000000,1657.50000000,1659.64000000,719.37530000,1661497199999,1195336.70503900,1235,339.14130000,563787.92212000,0
1661497200000,1659.63000000,1661.93000000,1641.04000000,1660.62000000,1665.42910000,1661500799999,2749782.33175700,2844,863.67980000,1425966.89482600,0
1661500800000,1660.45000000,1666.98000000,1651.43000000,1659.73000000,517.82470000,1661504399999,859177.47922100,1065,211.10050000,350364.87023600,0
1661504400000,1659.53000000,1665.04000000,1657.09000000,1660.63000000,578.76620000,1661507999999,961521.35868300,1094,288.20950000,478834.04729900,0
1661508000000,1660.80000000,1661.69000000,1647.22000000,1649.51000000,1048.51270000,1661511599999,1733642.57291100,1859,580.26950000,959425.93296700,0
1661511600000,1649.69000000,1652.07000000,1620.03000000,1629.23000000,2837.74280000,1661515199999,4632925.61565400,4028,1396.52340000,2280880.17747700,0
1661515200000,1629.12000000,1681.54000000,1624.40000000,1680.58000000,3923.58980000,1661518799999,6491002.83789800,5432,2225.02740000,3678712.71581200,0
1661518800000,1681.02000000,1705.66000000,1674.24000000,1690.64000000,4081.51540000,1661522399999,6885269.38770800,5782,2104.02810000,3547933.12521200,0
1661522400000,1690.57000000,1701.82000000,1631.49000000,1634.55000000,9660.48870000,1661525999999,16078574.87907400,12877,4772.17590000,7939122.61065600,0
1661526000000,1634.05000000,1634.38000000,1584.66000000,1593.19000000,6830.00250000,1661529599999,10963942.83418800,9202,3194.60940000,5127760.24158800,0
1661529600000,1593.69000000,1599.92000000,1562.84000000,1580.76000000,3714.79900000,1661533199999,5862770.43925600,4973,1909.07380000,3013010.62798800,0
1661533200000,1580.58000000,1584.95000000,1565.66000000,1568.12000000,1626.03330000,1661536799999,2564453.03782100,2674,775.54590000,1223173.61402600,0
1661536800000,1567.70000000,1570.22000000,1538.49000000,1559.36000000,4578.80840000,1661540399999,7106264.72022700,6288,2469.57610000,3831932.91693700,0
1661540400000,1559.15000000,1564.28000000,1553.25000000,1559.86000000,2167.04800000,1661543999999,3376770.97540300,2819,1343.68440000,2093254.80272700,0
1661544000000,1559.86000000,1568.76000000,1553.05000000,1556.24000000,1832.31660000,1661547599999,2860413.43383400,2358,1070.23910000,1670291.01836300,0
1661547600000,1555.99000000,1560.66000000,1544.27000000,1556.15000000,925.48440000,1661551199999,1438151.63042100,1458,579.24330000,899959.18446000,0
1661551200000,1555.77000000,1560.90000000,1543.88000000,1549.10000000,1783.46770000,1661554799999,2768439.61490800,2628,933.10630000,1448379.75326900,0
1661554800000,1549.10000000,1551.13000000,1486.06000000,1508.24000000,7583.60500000,1661558399999,11491262.80008300,9017,3232.76850000,4896660.35064100,0
1661558400000,1507.71000000,1518.40000000,1494.35000000,1515.31000000,2943.43570000,1661561999999,4434279.43203500,4135,1563.26290000,2354784.14059800,0
1661562000000,1515.17000000,1518.55000000,1507.76000000,1509.66000000,1734.98210000,1661565599999,2625927.55190000,2568,813.67930000,1231511.90836600,0
1661565600000,1509.64000000,1511.57000000,1483.68000000,1498.72000000,3225.49680000,1661569199999,4833123.37373200,4080,1773.54430000,2657481.74092000,0
1661569200000,1498.41000000,1505.47000000,1490.89000000,1502.03000000,1698.81620000,1661572799999,2545684.57779000,2705,886.46060000,1328381.90579100,0
1661572800000,1501.89000000,1503.69000000,1491.69000000,1493.53000000,1803.78860000,1661576399999,2703300.94861200,2280,929.70800000,1393351.29588600,0
1661576400000,1493.83000000,1495.22000000,1470.00000000,1489.23000000,3362.53130000,1661579999999,4986351.90002700,4522,1711.59110000,2537937.26824300,0
1661580000000,1488.69000000,1506.00000000,1485.15000000,1499.63000000,2009.11530000,1661583599999,3001790.27182600,2546,1033.05340000,1543644.57369100,0
1661583600000,1499.57000000,1510.60000000,1488.15000000,1508.05000000,2370.91760000,1661587199999,3555892.18517700,3045,1189.82350000,1785297.03689500,0
1661587200000,1508.26000000,1509.66000000,1498.57000000,1502.22000000,1406.36810000,1661590799999,2116266.55689000,2037,522.74990000,786829.27850100,0
1661590800000,1502.28000000,1505.50000000,1495.13000000,1499.01000000,1339.54560000,1661594399999,2009017.90882600,1818,532.71900000,799051.59509400,0
1661594400000,1499.16000000,1511.58000000,1498.09000000,1503.36000000,1532.04360000,1661597999999,2307539.07726300,2308,894.90030000,1347413.76385800,0
1661598000000,1503.48000000,1510.38000000,1496.78000000,1505.03000000,1454.72480000,1661601599999,2186971.40212500,2101,693.60120000,1042594.18030900,0
1661601600000,1505.39000000,1509.31000000,1500.33000000,1502.82000000,984.15290000,1661605199999,1480822.66257000,1570,417.39460000,628167.33539900,0
1661605200000,1502.94000000,1507.35000000,1487.78000000,1499.99000000,1760.67970000,1661608799999,2639010.61939600,2684,900.64570000,1350513.01029000,0
1661608800000,1500.07000000,1503.33000000,1488.73000000,1490.17000000,1360.17720000,1661612399999,2034874.62648200,2171,606.21240000,906897.18264200,0
1661612400000,1489.81000000,1491.86000000,1455.00000000,1470.03000000,5206.27310000,1661615999999,7673096.92805700,5957,2833.06520000,4178525.18295500,0
1661616000000,1470.02000000,1474.55000000,1447.23000000,1469.29000000,4630.04640000,1661619599999,6758008.91522800,5328,2267.99130000,3311055.58919700,0
1661619600000,1469.01000000,1484.11000000,1464.44000000,1472.76000000,2980.27130000,1661623199999,4392979.95639100,3667,1352.10550000,1992863.04125100,0
1661623200000,1472.89000000,1477.60000000,1465.88000000,1468.76000000,2348.90290000,1661626799999,3458661.21156300,2741,1247.65710000,1837190.51781600,0
1661626800000,1468.91000000,1483.85000000,1466.55000000,1479.73000000,1487.35790000,1661630399999,2194594.37247400,2141,805.79600000,1188660.07521900,0
1661630400000,1479.56000000,1482.48000000,1473.03000000,1480.93000000,1374.01190000,1661633999999,2030541.83457500,1962,663.28200000,980199.69492400,0
1661634000000,1480.95000000,1482.56000000,1458.47000000,1462.71000000,771.95910000,1661637599999,1137295.07498500,1363,344.63880000,507897.16983600,0
1661637600000,1462.34000000,1498.52000000,1458.53000000,1484.30000000,2609.82820000,1661641199999,3865237.54232000,3632,1357.79170000,2010556.94954700,0
1661641200000,1484.09000000,1498.56000000,1481.65000000,1491.28000000,1146.77390000,1661644799999,1709416.15741000,2114,630.78400000,940015.57891400,0
1661644800000,1491.05000000,1495.89000000,1476.87000000,1486.20000000,1406.29450000,1661648399999,2089558.45878500,2495,683.39300000,1015126.22449300,0
1661648400000,1486.58000000,1499.65000000,1482.53000000,1493.93000000,1989.17110000,1661651999999,2975835.30479400,2528,751.50600000,1123534.81047300,0
1661652000000,1494.00000000,1511.15000000,1493.77000000,1495.09000000,1352.58730000,1661655599999,2030091.82535100,2403,674.34180000,1012175.11405800,0
1661655600000,1494.95000000,1499.82000000,1489.55000000,1491.25000000,632.14180000,1661659199999,944928.09533900,1238,304.76050000,455600.53961300,0
1661659200000,1491.42000000,1493.67000000,1483.18000000,1487.42000000,1073.34960000,1661662799999,1596634.97161500,1848,520.07540000,773555.83985600,0
1661662800000,1487.20000000,1495.45000000,1481.00000000,1495.04000000,889.04460000,1661666399999,1322619.83769600,1479,471.25160000,701327.02754600,0
1661666400000,1495.32000000,1496.89000000,1490.85000000,1494.08000000,657.35840000,1661669999999,982294.95511900,1182,333.91110000,499005.88446600,0
1661670000000,1494.09000000,1502.82000000,1491.99000000,1497.24000000,1826.16840000,1661673599999,2732039.16979900,1906,1164.07120000,1741316.95262100,0
1661673600000,1496.98000000,1504.19000000,1488.63000000,1493.52000000,1301.73470000,1661677199999,1948290.31290800,2526,663.68770000,993053.63278500,0
1661677200000,1493.47000000,1493.96000000,1486.10000000,1489.94000000,658.74420000,1661680799999,982096.47160900,1173,313.40240000,467185.08100100,0
1661680800000,1490.08000000,1492.02000000,1482.25000000,1484.98000000,699.71480000,1661684399999,1040251.46881800,1589,316.56590000,470631.94437500,0
1661684400000,1484.92000000,1487.00000000,1475.63000000,1485.30000000,1455.79770000,1661687999999,2157212.23339400,2488,804.49740000,1191819.46696600,0
1661688000000,1485.58000000,1489.07000000,1466.66000000,1469.03000000,1388.84850000,1661691599999,2052571.15709100,2418,667.02810000,985892.11507600,0
1661691600000,1468.89000000,1478.26000000,1467.24000000,1473.27000000,1339.99150000,1661695199999,1973944.15392800,2084,658.39030000,969829.86860300,0
1661695200000,1473.65000000,1483.71000000,1459.38000000,1474.04000000,2256.50470000,1661698799999,3319120.11383300,3216,1085.51640000,1597040.43060400,0
1661698800000,1475.33000000,1488.51000000,1473.15000000,1486.77000000,1682.10060000,1661702399999,2492927.65502200,2396,1132.83030000,1678681.63897300,0
1661702400000,1486.90000000,1497.03000000,1479.56000000,1481.15000000,1839.48890000,1661705999999,2740373.98385500,3036,896.11820000,1335342.00204300,0
1661706000000,1480.74000000,1490.54000000,1478.53000000,1482.38000000,1469.13580000,1661709599999,2180432.72765500,2238,721.49960000,1070850.60396300,0
1661709600000,1482.69000000,1493.32000000,1482.38000000,1489.35000000,652.91310000,1661713199999,971616.50996300,1135,354.11040000,526984.85053300,0
1661713200000,1489.36000000,1494.56000000,1481.79000000,1483.00000000,859.33170000,1661716799999,1278235.79584900,1500,399.62120000,594483.10521100,0
1661716800000,1482.97000000,1492.38000000,1482.19000000,1483.54000000,1037.36760000,1661720399999,1541344.57113300,1598,490.25800000,728442.98089200,0
1661720400000,1483.11000000,1490.78000000,1470.33000000,1476.85000000,767.04930000,1661723999999,1136447.36232100,1374,403.18170000,597152.94440400,0
1661724000000,1476.41000000,1480.63000000,1461.61000000,1464.33000000,3849.31720000,1661727599999,5654010.25719000,4235,1827.36510000,2684389.00395000,0
1661727600000,1464.33000000,1465.98000000,1424.08000000,1426.09000000,4876.45730000,1661731199999,7046362.08690900,6086,2116.30540000,3057894.05219900,0
1661731200000,1426.64000000,1447.28000000,1422.20000000,1431.72000000,3712.26170000,1661734799999,5313210.79594600,5132,1863.87600000,2668164.75578000,0
1661734800000,1431.91000000,1440.05000000,1428.22000000,1440.05000000,1918.33670000,1661738399999,2749643.27123800,2947,966.60670000,1385224.57550400,0
1661738400000,1439.62000000,1449.69000000,1436.46000000,1446.66000000,1692.36090000,1661741999999,2442169.10326700,2287,808.88240000,1167239.72229100,0
1661742000000,1446.66000000,1462.46000000,1444.57000000,1456.70000000,2379.27510000,1661745599999,3459488.13533500,3141,1397.49390000,2031421.28203600,0
1661745600000,1456.49000000,1461.81000000,1445.87000000,1449.29000000,1941.25120000,1661749199999,2822077.69333700,2599,1335.29550000,1941023.40321600,0
1661749200000,1449.69000000,1453.34000000,1439.28000000,1440.30000000,912.52370000,1661752799999,1319824.33371700,1541,477.35210000,690589.87989600,0
1661752800000,1440.77000000,1457.77000000,1440.77000000,1454.26000000,1191.81270000,1661756399999,1730310.47577500,2134,585.44800000,849925.19686500,0
1661756400000,1454.15000000,1459.34000000,1446.63000000,1454.75000000,2637.40850000,1661759999999,3835373.35019100,2584,1097.07710000,1596020.14540100,0
1661760000000,1454.84000000,1456.29000000,1443.27000000,1444.83000000,1321.56690000,1661763599999,1914796.78749200,1762,522.89560000,757623.68181100,0
1661763600000,1444.70000000,1454.02000000,1444.42000000,1451.66000000,1442.51280000,1661767199999,2088956.34541600,1726,630.46700000,913274.11116100,0
1661767200000,1451.50000000,1455.31000000,1445.45000000,1450.50000000,1870.54220000,1661770799999,2712495.77463800,2215,1053.97790000,1528530.14062000,0
1661770800000,1450.46000000,1451.55000000,1442.00000000,1448.87000000,1124.05050000,1661774399999,1625997.40102600,1666,454.12200000,656906.54430600,0
1661774400000,1448.91000000,1495.11000000,1447.13000000,1475.66000000,2937.62140000,1661777999999,4333718.13162200,4573,1670.44190000,2462789.10632900,0
1661778000000,1476.00000000,1503.44000000,1475.45000000,1495.77000000,3496.77160000,1661781599999,5215496.01828300,4965,1922.15380000,2867049.20572100,0
1661781600000,1496.38000000,1531.42000000,1495.04000000,1510.36000000,9249.62740000,1661785199999,14023181.98651300,8960,3381.47050000,5128675.69030500,0
1661785200000,1509.79000000,1529.73000000,1509.73000000,1521.92000000,2221.75150000,1661788799999,3374663.71070700,2900,1157.08800000,1757380.48996900,0
1661788800000,1522.08000000,1544.46000000,1519.51000000,1537.94000000,2927.99570000,1661792399999,4484414.38627500,4226,1570.64200000,2405740.35319300,0
1661792400000,1537.99000000,1544.71000000,1523.39000000,1543.21000000,1851.33000000,1661795999999,2838613.47651200,2737,972.19880000,1490385.54150000,0
1661796000000,1542.84000000,1542.94000000,1527.33000000,1532.31000000,2645.32060000,1661799599999,4063008.33500800,3486,1004.72640000,1543208.73755900,0
1661799600000,1532.16000000,1539.89000000,1526.22000000,1530.94000000,3451.78580000,1661803199999,5285922.16278600,3331,953.30310000,1460860.99242800,0
1661803200000,1531.09000000,1552.88000000,1530.30000000,1546.36000000,4852.24140000,1661806799999,7458908.45083900,3581,1660.18520000,2559169.18035200,0
1661806800000,1546.11000000,1546.35000000,1538.40000000,1542.61000000,527.24450000,1661810399999,813450.42603900,884,217.46810000,335543.69491900,0
1661810400000,1542.35000000,1548.64000000,1536.15000000,1540.44000000,989.34720000,1661813999999,1524430.38370600,1533,550.80820000,848483.22631500,0
1661814000000,1540.84000000,1559.92000000,1530.46000000,1552.20000000,1713.35180000,1661817599999,2649944.24579400,2857,829.89760000,1284412.68560100,0
1661817600000,1551.88000000,1552.56000000,1537.00000000,1545.70000000,1242.73140000,1661821199999,1918696.77050300,2422,580.49430000,896207.00939300,0
1661821200000,1546.06000000,1547.37000000,1523.92000000,1531.62000000,2024.46050000,1661824799999,3104572.29684900,2944,701.10810000,1075923.56093300,0
1661824800000,1531.62000000,1537.28000000,1526.80000000,1536.66000000,478.98060000,1661828399999,733982.78103300,1267,257.73180000,395076.94502500,0
1661828400000,1536.66000000,1547.16000000,1531.12000000,1544.24000000,792.25750000,1661831999999,1220841.11552600,1533,392.85370000,605302.09002000,0
1661832000000,1544.25000000,1585.85000000,1543.09000000,1582.68000000,6839.34110000,1661835599999,10772942.84952400,6750,1956.84770000,3077755.91529200,0
1661835600000,1583.05000000,1590.98000000,1578.00000000,1582.39000000,1713.47070000,1661839199999,2711772.73078200,2281,559.84390000,886786.17954900,0
1661839200000,1582.54000000,1588.92000000,1572.50000000,1577.25000000,1423.11800000,1661842799999,2248137.85099000,1879,657.50140000,1039366.93027700,0
1661842800000,1577.38000000,1600.80000000,1576.72000000,1586.80000000,2180.26510000,1661846399999,3467946.89500500,3045,1242.45440000,1976455.94911300,0
1661846400000,1586.96000000,1597.01000000,1583.39000000,1586.73000000,1212.90300000,1661849999999,1928392.53083700,1910,571.91380000,909579.22363700,0
1661850000000,1587.23000000,1594.69000000,1585.19000000,1591.99000000,960.64240000,1661853599999,1527229.45781500,1502,448.33000000,712694.85876200,0
1661853600000,1592.23000000,1606.01000000,1576.91000000,1584.61000000,2142.81880000,1661857199999,3410550.28788600,2888,1111.85930000,1769076.36036800,0
1661857200000,1585.75000000,1588.43000000,1579.09000000,1584.98000000,838.51820000,1661860799999,1328218.85157900,1477,417.86120000,661855.03160700,0
1661860800000,1585.01000000,1594.34000000,1562.00000000,1571.16000000,2001.96780000,1661864399999,3150723.82767200,2902,1023.65740000,1611893.57079100,0
1661864400000,1571.04000000,1583.20000000,1559.20000000,1567.28000000,2643.13940000,1661867999999,4154191.13905900,3027,1204.53030000,1893205.96700100,0
1661868000000,1567.06000000,1572.01000000,1509.43000000,1524.05000000,4596.63250000,1661871599999,7074741.75090500,6234,2392.63010000,3681525.04102100,0
1661871600000,1523.93000000,1536.20000000,1513.93000000,1524.83000000,2486.68200000,1661875199999,3785783.36373200,3509,1235.34120000,1881026.96909200,0
1661875200000,1524.98000000,1538.31000000,1483.66000000,1487.49000000,3393.72720000,1661878799999,5127302.99324100,4770,1683.16500000,2544329.82590100,0
1661878800000,1486.80000000,1493.25000000,1474.15000000,1489.38000000,2484.06170000,1661882399999,3683938.94835400,3745,1220.36470000,1809991.91392900,0
1661882400000,1489.33000000,1509.63000000,1487.25000000,1506.29000000,2425.95530000,1661885999999,3632458.00153500,3289,1382.26260000,2070374.14980600,0
1661886000000,1506.58000000,1568.63000000,1505.29000000,1543.10000000,5438.09860000,1661889599999,8396178.74669500,7110,3058.64300000,4719780.83039800,0
1661889600000,1543.59000000,1565.84000000,1526.34000000,1558.03000000,2968.23260000,1661893199999,4587490.18815000,3901,1569.15840000,2422689.26165100,0
1661893200000,1557.94000000,1561.34000000,1523.00000000,1536.64000000,1105.56420000,1661896799999,1707572.92594200,2115,571.95870000,884321.31113200,0
1661896800000,1536.73000000,1548.91000000,1528.45000000,1545.76000000,1408.86540000,1661900399999,2166966.19877200,2221,679.90170000,1046114.94830300,0
1661900400000,1545.71000000,1549.18000000,1517.19000000,1524.49000000,1776.96080000,1661903999999,2720745.65545800,2646,813.82310000,1245948.54140100,0
1661904000000,1524.79000000,1555.59000000,1524.62000000,1553.42000000,2138.57800000,1661907599999,3305123.55385100,3290,944.86170000,1458428.62122500,0
1661907600000,1554.25000000,1591.94000000,1550.57000000,1582.84000000,2610.31500000,1661911199999,4113188.70243600,4171,1341.09340000,2113029.55357200,0
1661911200000,1583.18000000,1600.03000000,1581.95000000,1591.72000000,1802.84940000,1661914799999,2869070.57149600,3014,954.86860000,1519162.03772500,0
1661914800000,1592.13000000,1616.38000000,1589.51000000,1606.77000000,2202.50270000,1661918399999,3535931.95882600,3697,1222.11050000,1961987.72209700,0
1661918400000,1606.49000000,1619.59000000,1602.62000000,1606.11000000,1373.67420000,1661921999999,2209793.68773400,2679,685.34400000,1102646.27995300,0
1661922000000,1606.27000000,1614.68000000,1597.02000000,1605.15000000,1199.43490000,1661925599999,1926173.56350500,2466,599.25610000,962734.07847500,0
1661925600000,1605.86000000,1615.44000000,1580.95000000,1583.45000000,2719.36480000,1661929199999,4340011.74079800,3791,1298.72470000,2075249.62744800,0
1661929200000,1584.04000000,1592.03000000,1574.47000000,1584.15000000,1443.65530000,1661932799999,2288333.65650000,2385,689.08040000,1092649.68624700,0
1661932800000,1584.90000000,1598.00000000,1560.00000000,1576.53000000,2414.76860000,1661936399999,3805541.68508300,3773,1082.74430000,1707269.75917000,0
1661936400000,1575.91000000,1578.60000000,1567.76000000,1570.37000000,1361.44590000,1661939999999,2141829.64272500,2086,696.70280000,1096089.54324000,0
1661940000000,1570.35000000,1612.72000000,1565.93000000,1597.19000000,2670.52840000,1661943599999,4245904.20824400,3707,1298.39090000,2067400.60851100,0
1661943600000,1597.11000000,1605.52000000,1586.07000000,1595.22000000,1359.78940000,1661947199999,2167669.79692300,2381,602.84150000,961125.46530300,0
1661947200000,1594.88000000,1610.00000000,1578.51000000,1592.90000000,3182.09110000,1661950799999,5071636.60846500,4510,1142.94170000,1819399.32863500,0
1661950800000,1592.69000000,1606.57000000,1579.35000000,1590.38000000,3082.40420000,1661954399999,4912959.90631000,4269,1564.66460000,2492755.62531400,0
1661954400000,1590.46000000,1596.79000000,1564.32000000,1565.71000000,3594.84900000,1661957999999,5687738.65465400,4562,1944.52740000,3078526.05957000,0
1661958000000,1566.82000000,1567.14000000,1535.85000000,1560.92000000,3164.05050000,1661961599999,4911782.01065500,4587,1479.13400000,2294859.21193700,0
1661961600000,1560.82000000,1570.00000000,1545.01000000,1549.63000000,2313.00440000,1661965199999,3598998.59630000,3158,1063.14540000,1652736.17003200,0
1661965200000,1548.91000000,1562.55000000,1528.27000000,1544.60000000,2609.03640000,1661968799999,4037354.34806200,3561,1245.35430000,1926187.83167700,0
1661968800000,1544.90000000,1554.57000000,1538.20000000,1548.42000000,1125.78000000,1661972399999,1740770.19526500,1910,563.14190000,870678.90793500,0
1661972400000,1548.80000000,1588.43000000,1548.27000000,1575.30000000,2762.02750000,1661975999999,4343078.85992800,4099,1363.11820000,2142284.29721300,0
1661976000000,1575.34000000,1578.69000000,1564.28000000,1570.55000000,1349.45980000,1661979599999,2120505.00834600,1988,640.37900000,1006577.63593200,0
1661979600000,1569.88000000,1582.23000000,1565.61000000,1579.28000000,656.96030000,1661983199999,1033914.50717100,1136,252.26570000,397002.33696900,0
1661983200000,1579.25000000,1584.53000000,1554.54000000,1567.99000000,1150.15750000,1661986799999,1801650.10248300,2022,539.73210000,845339.05191600,0
1661986800000,1568.23000000,1568.52000000,1542.04000000,1553.84000000,1344.24430000,1661990399999,2087671.46791700,2234,578.80970000,898986.62942600,0
1661990400000,1553.88000000,1566.70000000,1533.91000000,1551.01000000,1811.48930000,1661993999999,2807595.59469400,3265,914.93380000,1417929.89060200,0
1661994000000,1551.22000000,1564.18000000,1548.08000000,1559.40000000,1150.81700000,1661997599999,1789925.18604200,1947,649.37860000,1010096.30945200,0
1661997600000,1559.71000000,1574.12000000,1551.39000000,1557.26000000,1503.15940000,1662001199999,2352370.57296200,2596,575.80740000,900866.33643300,0
1662001200000,1557.19000000,1563.65000000,1537.57000000,1548.72000000,1386.57120000,1662004799999,2151021.13093800,2506,557.98550000,865195.67384600,0
1662004800000,1549.43000000,1557.00000000,1542.63000000,1551.59000000,762.44450000,1662008399999,1183081.83803400,1708,457.46260000,710192.01855500,0
1662008400000,1551.60000000,1562.97000000,1548.83000000,1553.33000000,983.28630000,1662011999999,1532289.21213900,1673,540.46180000,842300.14077000,0
1662012000000,1553.21000000,1556.06000000,1544.50000000,1550.26000000,886.97570000,1662015599999,1375156.62351900,1769,409.35710000,634719.95594500,0
1662015600000,1550.04000000,1550.04000000,1531.07000000,1544.65000000,1449.11200000,1662019199999,2232816.55120300,2497,708.97740000,1092688.99891300,0
1662019200000,1544.67000000,1549.46000000,1533.08000000,1547.42000000,975.77470000,1662022799999,1505822.78611400,1893,513.46730000,792494.58201100,0
1662022800000,1547.49000000,1554.75000000,1538.39000000,1550.17000000,857.02250000,1662026399999,1325283.87201800,1886,458.86410000,709595.59955400,0
1662026400000,1550.17000000,1568.25000000,1547.87000000,1564.97000000,1658.44140000,1662029999999,2583094.36084600,2328,793.34680000,1236204.67236900,0
1662030000000,1564.98000000,1586.13000000,1559.76000000,1577.65000000,1526.79510000,1662033599999,2399778.80916400,2683,795.21350000,1249975.02492600,0
1662033600000,1578.51000000,1581.10000000,1552.24000000,1565.20000000,1583.07090000,1662037199999,2477793.04410500,2842,699.99400000,1095786.50335200,0
1662037200000,1565.31000000,1576.42000000,1554.08000000,1567.74000000,2161.36300000,1662040799999,3379231.10885200,3043,918.34140000,1436535.09913500,0
1662040800000,1567.35000000,1569.33000000,1515.40000000,1518.61000000,4106.31290000,1662044399999,6316939.01016500,5407,2050.13940000,3154596.98595200,0
1662044400000,1518.56000000,1546.81000000,1513.17000000,1535.73000000,2063.51500000,1662047999999,3160446.56495800,3415,1053.22510000,1613261.98971100,0
1662048000000,1535.99000000,1542.09000000,1523.88000000,1539.06000000,1841.83740000,1662051599999,2823705.23943900,2891,930.36340000,1426178.10412500,0
1662051600000,1539.12000000,1569.16000000,1536.62000000,1555.37000000,1792.84870000,1662055199999,2788751.78094300,3164,948.65470000,1475391.28038000,0
1662055200000,1555.40000000,1572.90000000,1552.73000000,1559.89000000,1109.41920000,1662058799999,1733428.86153400,2046,501.90500000,784004.07086500,0
1662058800000,1559.97000000,1571.70000000,1554.66000000,1564.19000000,865.27990000,1662062399999,1351471.96030600,1461,427.99860000,669045.96156700,0
1662062400000,1564.72000000,1585.04000000,1561.99000000,1579.92000000,1595.33650000,1662065999999,2513186.15329400,2591,885.79770000,1395265.25908300,0
1662066000000,1580.32000000,1595.00000000,1576.82000000,1581.42000000,995.45100000,1662069599999,1577544.93414600,1956,539.83140000,855267.42205000,0
1662069600000,1582.70000000,1599.79000000,1582.70000000,1586.60000000,1017.02430000,1662073199999,1617014.53928700,1688,554.37270000,881436.37977800,0
1662073200000,1586.67000000,1590.99000000,1581.60000000,1586.11000000,617.72230000,1662076799999,979840.52956000,1171,301.41340000,477946.97553600,0
1662076800000,1585.96000000,1586.46000000,1573.11000000,1581.61000000,830.92890000,1662080399999,1312858.93302300,1496,345.77820000,546215.78350500,0
1662080400000,1581.80000000,1583.15000000,1571.66000000,1579.74000000,754.96440000,1662083999999,1190387.90665000,1318,270.56290000,426812.96007600,0
1662084000000,1579.44000000,1584.01000000,1567.01000000,1577.59000000,801.99670000,1662087599999,1263269.39186600,1712,416.66130000,656256.00640400,0
1662087600000,1577.90000000,1606.13000000,1577.71000000,1595.92000000,1790.32090000,1662091199999,2860088.03209100,3141,938.16470000,1498252.28736300,0
1662091200000,1596.08000000,1611.00000000,1591.41000000,1593.88000000,833.22890000,1662094799999,1332839.58031100,1633,435.08170000,696009.88086400,0
1662094800000,1593.86000000,1594.41000000,1586.38000000,1591.35000000,599.29500000,1662098399999,953069.68967900,1376,291.91510000,464330.25485900,0
1662098400000,1591.65000000,1592.47000000,1578.41000000,1588.81000000,707.26260000,1662101999999,1120987.80505300,1421,259.87830000,412159.54806100,0
1662102000000,1588.56000000,1597.08000000,1581.65000000,1594.24000000,709.96250000,1662105599999,1129474.52851000,1310,383.39840000,610107.89283600,0
1662105600000,1594.59000000,1597.63000000,1584.64000000,1590.46000000,607.35950000,1662109199999,965611.23297600,1283,281.88780000,448154.31580800,0
1662109200000,1590.07000000,1597.55000000,1586.54000000,1594.07000000,547.11860000,1662112799999,871510.75252600,981,220.56410000,351241.77115300,0
1662112800000,1593.81000000,1603.14000000,1582.78000000,1589.60000000,1226.52270000,1662116399999,1951846.09512600,2187,454.54950000,723688.91693900,0
1662116400000,1589.79000000,1594.11000000,1582.43000000,1592.87000000,773.70300000,1662119999999,1228275.45441700,1356,290.89150000,462050.35576200,0
1662120000000,1593.44000000,1644.30000000,1584.49000000,1624.35000000,7941.79990000,1662123599999,12807339.13546000,9319,4322.60140000,6970020.06015700,0
1662123600000,1624.68000000,1646.04000000,1621.39000000,1629.44000000,4332.24770000,1662127199999,7087996.18490200,5494,2172.72530000,3555350.00381900,0
1662127200000,1629.58000000,1649.00000000,1621.94000000,1637.63000000,2817.49700000,1662130799999,4613439.27548500,3684,1491.42170000,2441858.29980400,0
1662130800000,1638.44000000,1643.79000000,1630.11000000,1636.65000000,1322.28840000,1662134399999,2164542.74317600,1733,717.23520000,1174402.80382500,0
1662134400000,1636.82000000,1639.25000000,1604.20000000,1610.48000000,3311.72080000,1662137999999,5357613.59119300,3810,1958.53660000,3167350.91042700,0
1662138000000,1610.48000000,1612.66000000,1580.19000000,1583.40000000,4268.43680000,1662141599999,6813718.08121900,4348,1912.59670000,3052595.81225700,0
1662141600000,1583.35000000,1591.06000000,1570.39000000,1578.06000000,2464.96430000,1662145199999,3893786.59283200,3464,1480.99660000,2340008.50416200,0
1662145200000,1577.96000000,1581.33000000,1546.80000000,1561.42000000,2616.26550000,1662148799999,4078245.48271900,3559,1298.01770000,2022876.36180700,0
1662148800000,1561.61000000,1569.27000000,1551.36000000,1568.93000000,1126.42130000,1662152399999,1756584.55153300,1643,540.56660000,842831.87693100,0
1662152400000,1568.64000000,1584.78000000,1568.01000000,1579.71000000,768.21070000,1662155999999,1209722.62407800,1481,375.80530000,591813.91006600,0
1662156000000,1579.99000000,1586.44000000,1568.36000000,1580.80000000,1072.54180000,1662159599999,1692558.35397700,1780,582.00700000,918488.22936100,0
1662159600000,1580.85000000,1581.63000000,1572.88000000,1575.48000000,718.24320000,1662163199999,1133108.34009600,1361,253.49310000,399908.84141800,0
1662163200000,1575.19000000,1582.08000000,1566.31000000,1576.83000000,864.03360000,1662166799999,1360971.52604500,1808,415.57530000,654708.92069400,0
1662166800000,1577.06000000,1578.05000000,1568.69000000,1573.58000000,459.24300000,1662170399999,722197.95282600,1073,224.66620000,353318.91954600,0
1662170400000,1573.26000000,1573.75000000,1561.26000000,1567.46000000,944.93000000,1662173999999,1480781.62923800,1698,578.72660000,906802.67327000,0
1662174000000,1567.57000000,1567.57000000,1554.76000000,1561.04000000,661.26810000,1662177599999,1032146.99719600,1368,279.17440000,435743.08766900,0
1662177600000,1561.63000000,1567.73000000,1558.44000000,1565.53000000,365.15980000,1662181199999,570815.33983500,853,159.99330000,250208.47184600,0
1662181200000,1565.64000000,1573.21000000,1565.64000000,1571.05000000,499.71170000,1662184799999,784005.35964800,1048,296.36570000,464891.46200800,0
1662184800000,1571.12000000,1572.03000000,1558.37000000,1565.18000000,520.70700000,1662188399999,814365.58863200,1173,175.28360000,274203.19662400,0
1662188400000,1564.47000000,1567.38000000,1534.11000000,1544.54000000,2390.65680000,1662191999999,3699251.09936600,3115,1078.87120000,1669572.37591300,0
1662192000000,1544.20000000,1552.28000000,1540.21000000,1544.36000000,1212.75920000,1662195599999,1873772.65578100,2158,496.49800000,767152.48863500,0
1662195600000,1544.56000000,1554.71000000,1540.01000000,1551.59000000,907.02090000,1662199199999,1405243.66647300,1766,508.14720000,787184.53349100,0
1662199200000,1551.79000000,1559.35000000,1550.72000000,1556.32000000,732.59400000,1662202799999,1139126.75663400,1402,408.23480000,634712.63306800,0
1662202800000,1555.93000000,1556.47000000,1543.83000000,1548.89000000,983.09690000,1662206399999,1523110.47939300,1565,484.12680000,749946.11573900,0
1662206400000,1548.89000000,1558.60000000,1546.39000000,1557.55000000,629.38910000,1662209999999,978016.75393600,1309,347.18940000,539504.27677600,0
1662210000000,1557.47000000,1565.91000000,1553.25000000,1561.51000000,852.57650000,1662213599999,1329130.32901300,1657,458.66480000,715040.33612300,0
1662213600000,1561.73000000,1561.76000000,1545.75000000,1550.07000000,987.69700000,1662217199999,1532755.86529600,1785,470.83410000,730243.20925600,0
1662217200000,1550.22000000,1552.74000000,1543.44000000,1548.40000000,955.42330000,1662220799999,1479107.86887000,1716,503.53720000,779552.75007800,0
1662220800000,1548.43000000,1556.23000000,1546.12000000,1550.26000000,623.88690000,1662224399999,968363.37950800,1186,368.85160000,572590.42031400,0
1662224400000,1550.30000000,1555.52000000,1546.34000000,1554.44000000,390.40800000,1662227999999,605087.86874600,994,190.03890000,294569.75802600,0
1662228000000,1553.63000000,1557.96000000,1548.70000000,1551.16000000,825.46530000,1662231599999,1283400.33115300,1249,303.79110000,472278.36556100,0
1662231600000,1551.37000000,1563.00000000,1535.94000000,1549.50000000,1687.82930000,1662235199999,2610315.36061200,2812,840.23000000,1299043.99326500,0
1662235200000,1549.10000000,1553.69000000,1546.80000000,1552.44000000,578.52560000,1662238799999,897037.52442000,1164,321.14110000,497884.29746700,0
1662238800000,1552.76000000,1556.30000000,1551.40000000,1552.34000000,305.43970000,1662242399999,474485.54530500,792,166.01390000,257911.63086100,0
1662242400000,1552.36000000,1560.85000000,1552.36000000,1555.54000000,336.30710000,1662245999999,523568.41613900,686,170.52030000,265444.75276600,0
1662246000000,1555.46000000,1558.33000000,1549.69000000,1557.63000000,228.08800000,1662249599999,354427.21661400,662,102.74590000,159685.10857000,0
1662249600000,1557.28000000,1561.32000000,1553.92000000,1557.35000000,444.96070000,1662253199999,693299.32032800,1078,215.31220000,335495.14496500,0
1662253200000,1557.57000000,1560.89000000,1553.22000000,1555.21000000,291.86100000,1662256799999,454532.79359600,786,117.72730000,183292.34307600,0
1662256800000,1555.21000000,1558.34000000,1553.29000000,1553.76000000,200.15330000,1662260399999,311268.37408000,580,96.53350000,150116.27491700,0
1662260400000,1553.65000000,1555.88000000,1547.15000000,1551.91000000,446.55320000,1662263999999,693131.69619800,958,294.58300000,457322.64658700,0
1662264000000,1552.28000000,1556.72000000,1549.97000000,1556.35000000,239.94860000,1662267599999,372783.14259700,643,121.89980000,189393.86830400,0
1662267600000,1556.32000000,1556.82000000,1552.31000000,1552.66000000,136.36560000,1662271199999,211994.40465900,466,76.71500000,119256.58533500,0
1662271200000,1552.53000000,1554.58000000,1543.59000000,1549.04000000,367.54490000,1662274799999,569226.12290600,889,169.07160000,261893.05204900,0
1662274800000,1548.53000000,1550.73000000,1543.80000000,1545.93000000,443.58190000,1662278399999,686529.20760000,994,204.50290000,316527.31153000,0
1662278400000,1545.37000000,1555.90000000,1540.82000000,1553.56000000,596.40570000,1662281999999,923697.96995800,1292,331.92950000,514184.35545700,0
1662282000000,1553.56000000,1560.51000000,1552.65000000,1552.69000000,690.48950000,1662285599999,1074727.54506300,1338,274.26160000,426814.56322400,0
1662285600000,1552.77000000,1557.61000000,1550.70000000,1554.99000000,416.16790000,1662289199999,646726.77823900,883,145.34020000,225911.84978000,0
1662289200000,1555.15000000,1564.79000000,1551.11000000,1564.43000000,301.03830000,1662292799999,468481.74861000,838,194.13860000,302261.74188500,0
1662292800000,1564.78000000,1583.09000000,1555.22000000,1571.38000000,2194.23420000,1662296399999,3440998.27341000,3757,1283.11170000,2012259.58750000,0
1662296400000,1571.62000000,1572.45000000,1546.58000000,1548.55000000,1220.59300000,1662299999999,1902118.19573300,2193,546.52070000,851916.28536800,0
1662300000000,1548.81000000,1554.91000000,1544.79000000,1554.07000000,1323.98010000,1662303599999,2053918.14982900,2220,828.62750000,1285315.30249100,0
1662303600000,1554.24000000,1562.40000000,1551.30000000,1560.45000000,507.89020000,1662307199999,790635.27871900,1159,319.68810000,497731.09020100,0
1662307200000,1560.80000000,1570.65000000,1555.98000000,1567.84000000,903.92370000,1662310799999,1413400.60309900,1785,460.39870000,719851.16597000,0
1662310800000,1567.87000000,1576.41000000,1565.41000000,1569.81000000,946.87670000,1662314399999,1486659.83355200,1617,485.12880000,761712.44254100,0
1662314400000,1569.62000000,1572.99000000,1561.65000000,1565.66000000,565.60100000,1662317999999,886503.18854900,1147,260.21310000,407968.40351200,0
1662318000000,1565.64000000,1569.99000000,1562.39000000,1566.86000000,286.64080000,1662321599999,449012.04510100,757,134.24190000,210256.44558700,0
1662321600000,1567.30000000,1574.00000000,1564.52000000,1570.81000000,541.10920000,1662325199999,849238.48910200,1071,307.26850000,482302.02390900,0
1662325200000,1571.29000000,1582.00000000,1563.61000000,1570.37000000,742.93280000,1662328799999,1168671.41750100,1605,338.58850000,532413.23359600,0
1662328800000,1570.38000000,1572.48000000,1564.11000000,1567.27000000,650.07560000,1662332399999,1019232.16493700,1097,241.36400000,378534.70258300,0
1662332400000,1566.62000000,1580.66000000,1566.20000000,1579.53000000,1076.22240000,1662335999999,1695726.92476300,1950,558.66560000,880068.83697800,0
1662336000000,1579.38000000,1592.75000000,1571.03000000,1575.60000000,1734.69980000,1662339599999,2741369.88870300,3082,932.47120000,1473339.44953100,0
1662339600000,1576.09000000,1583.95000000,1570.20000000,1573.11000000,752.31940000,1662343199999,1186505.74724000,1654,384.35640000,606136.91573600,0
1662343200000,1572.66000000,1577.86000000,1568.98000000,1576.45000000,468.97350000,1662346799999,738138.77141100,1140,241.59320000,380261.05365900,0
1662346800000,1576.53000000,1578.62000000,1569.68000000,1575.43000000,421.21780000,1662350399999,663483.84712500,1208,182.32380000,287252.22275500,0
1662350400000,1575.72000000,1580.29000000,1572.62000000,1577.18000000,492.65140000,1662353999999,776574.56518300,1123,283.80750000,447392.91319200,0
1662354000000,1577.26000000,1577.50000000,1556.98000000,1562.15000000,1436.18200000,1662357599999,2246951.86839400,3193,645.45280000,1009965.93365600,0
1662357600000,1562.32000000,1570.32000000,1558.90000000,1567.74000000,777.06360000,1662361199999,1216004.20924700,1722,351.61820000,550380.50974300,0
1662361200000,1567.98000000,1568.26000000,1557.89000000,1562.78000000,946.58590000,1662364799999,1479551.11381800,1698,411.39190000,643105.52342300,0
1662364800000,1562.62000000,1566.79000000,1558.41000000,1565.30000000,865.75530000,1662368399999,1353563.58442200,1606,410.17700000,641362.76020300,0
1662368400000,1565.17000000,1569.35000000,1560.62000000,1565.43000000,737.85060000,1662371999999,1154520.83064900,1458,332.08140000,519710.81868000,0
1662372000000,1565.23000000,1569.17000000,1558.05000000,1562.09000000,770.59810000,1662375599999,1205072.53215300,1719,433.77770000,678494.87302400,0
1662375600000,1562.45000000,1567.91000000,1560.24000000,1566.91000000,660.21840000,1662379199999,1032374.12450400,1205,454.88620000,711192.98584300,0
1662379200000,1567.13000000,1576.73000000,1561.98000000,1572.82000000,944.38210000,1662382799999,1482337.74846300,1874,531.37460000,834356.10717000,0
1662382800000,1572.97000000,1582.70000000,1569.87000000,1574.21000000,979.08810000,1662386399999,1542773.36031700,1887,479.27140000,755183.84808000,0
1662386400000,1574.26000000,1593.00000000,1571.97000000,1590.10000000,1307.50440000,1662389999999,2070543.63319300,2499,658.87120000,1043142.75885100,0
1662390000000,1590.29000000,1606.30000000,1590.29000000,1600.60000000,3136.80000000,1662393599999,5014252.21265800,4705,1598.72370000,2554284.77332100,0
1662393600000,1600.80000000,1610.21000000,1595.23000000,1599.38000000,1742.68260000,1662397199999,2793216.81016100,3055,704.69600000,1129389.86270900,0
1662397200000,1599.33000000,1600.98000000,1588.24000000,1593.90000000,1023.79870000,1662400799999,1631650.60040700,1968,426.54750000,679835.98518800,0
1662400800000,1594.05000000,1598.42000000,1576.39000000,1586.98000000,1568.48430000,1662404399999,2484384.40105700,2827,865.96970000,1371154.87350900,0
1662404400000,1587.00000000,1591.82000000,1583.81000000,1586.31000000,850.58190000,1662407999999,1349967.34049800,1733,388.49600000,616609.36398700,0
1662408000000,1586.03000000,1600.16000000,1585.51000000,1598.20000000,962.19040000,1662411599999,1535258.62626500,2028,523.30300000,834837.61709700,0
1662411600000,1597.72000000,1604.41000000,1592.58000000,1597.17000000,427.55170000,1662415199999,683469.26422300,1121,204.39260000,326778.48561100,0
1662415200000,1596.92000000,1606.70000000,1592.48000000,1606.30000000,750.52070000,1662418799999,1200478.15957100,1309,432.94530000,692565.85240600,0
1662418800000,1606.17000000,1631.35000000,1599.31000000,1617.80000000,1671.29790000,1662422399999,2701497.63532400,2753,855.12800000,1381172.45630200,0
1662422400000,1617.81000000,1672.70000000,1615.30000000,1662.26000000,3461.44430000,1662425999999,5689915.05319800,5408,2028.36770000,3333327.67485300,0
1662426000000,1663.04000000,1675.99000000,1638.80000000,1639.20000000,2269.41930000,1662429599999,3770220.94250800,3952,1150.68830000,1911520.46043800,0
1662429600000,1639.19000000,1646.69000000,1624.12000000,1643.85000000,1650.78430000,1662433199999,2699615.11703600,3094,879.05220000,1437950.40211000,0
1662433200000,1644.23000000,1645.71000000,1627.74000000,1639.64000000,778.15270000,1662436799999,1273737.17700200,1692,396.92250000,649757.91053200,0
1662436800000,1640.21000000,1654.29000000,1637.32000000,1639.90000000,1058.53780000,1662440399999,1740779.40606100,2568,601.96270000,989677.11988400,0
1662440400000,1640.06000000,1663.73000000,1636.92000000,1652.97000000,2018.35650000,1662443999999,3331277.20054600,4228,1306.89170000,2156400.36144800,0
1662444000000,1652.17000000,1678.11000000,1649.68000000,1666.57000000,3618.44170000,1662447599999,6013744.33140800,4093,1578.45080000,2627987.58948300,0
1662447600000,1666.55000000,1672.35000000,1654.49000000,1658.70000000,1881.32270000,1662451199999,3129591.52751100,2702,919.15930000,1529582.98677500,0
1662451200000,1658.75000000,1667.95000000,1653.30000000,1665.54000000,1324.56230000,1662454799999,2198493.11065300,2084,594.43620000,987028.78350200,0
1662454800000,1665.18000000,1665.75000000,1647.08000000,1658.45000000,1140.14250000,1662458399999,1887723.02670800,2027,525.24160000,869655.04843700,0
1662458400000,1658.40000000,1668.67000000,1652.89000000,1664.03000000,1208.07210000,1662461999999,2008969.76641600,1872,686.28160000,1141111.85809600,0
1662462000000,1663.93000000,1678.79000000,1660.34000000,1668.30000000,1297.61500000,1662465599999,2163929.35844200,2122,638.43640000,1064751.23711500,0
1662465600000,1668.37000000,1687.25000000,1664.73000000,1664.76000000,5551.22090000,1662469199999,9313901.54581400,5117,1971.74830000,3308090.55727700,0
1662469200000,1664.86000000,1671.61000000,1637.49000000,1648.77000000,10988.84460000,1662472799999,18174060.20680400,8343,8242.89750000,13629739.27366400,0
1662472800000,1648.68000000,1669.61000000,1635.00000000,1665.99000000,9792.59960000,1662476399999,16199184.41031600,6893,7949.69920000,13156876.58114600,0
1662476400000,1665.81000000,1673.08000000,1659.23000000,1669.35000000,1819.46110000,1662479999999,3031511.84833100,2406,933.04010000,1554763.59727900,0
1662480000000,1669.55000000,1675.11000000,1650.97000000,1662.78000000,1119.53250000,1662483599999,1859330.67809300,2073,510.14490000,847928.06281500,0
1662483600000,1662.11000000,1663.24000000,1573.02000000,1588.64000000,10264.15610000,1662487199999,16473277.61625400,11852,5190.39810000,8323764.48999800,0
1662487200000,1587.49000000,1593.93000000,1565.11000000,1572.85000000,3329.79490000,1662490799999,5258532.29600900,4643,1785.39330000,2822200.64885100,0
1662490800000,1573.39000000,1582.79000000,1563.33000000,1576.72000000,2408.39350000,1662494399999,3792638.20696100,3161,1375.56430000,2166663.63560200,0
1662494400000,1576.27000000,1582.79000000,1554.27000000,1582.37000000,2808.54550000,1662497999999,4410703.39790900,3991,1510.21530000,2371997.45643400,0
1662498000000,1582.27000000,1588.76000000,1578.37000000,1584.34000000,822.78140000,1662501599999,1303340.69990000,1587,288.83950000,457619.34392600,0
1662501600000,1584.46000000,1586.98000000,1575.10000000,1579.42000000,924.72120000,1662505199999,1460882.95264300,1380,485.42700000,766910.79090900,0
1662505200000,1579.09000000,1580.78000000,1556.69000000,1558.93000000,1122.09940000,1662508799999,1758208.95869900,1946,523.78970000,820985.47535500,0
1662508800000,1559.03000000,1567.96000000,1522.18000000,1537.99000000,2843.38750000,1662512399999,4383971.84799300,4871,1282.35120000,1977360.05858100,0
1662512400000,1537.84000000,1537.90000000,1521.49000000,1526.93000000,1436.28910000,1662515999999,2199171.11234200,2369,738.00760000,1130067.18820200,0
1662516000000,1527.11000000,1529.63000000,1490.00000000,1498.09000000,7738.77840000,1662519599999,11634062.74047900,6000,4841.78040000,7271654.17417200,0
1662519600000,1498.24000000,1513.74000000,1497.42000000,1510.85000000,1452.04590000,1662523199999,2189373.27679400,2348,877.56200000,1323266.40443300,0
1662523200000,1510.18000000,1515.56000000,1499.79000000,1511.70000000,2018.05520000,1662526799999,3043804.24443300,2660,931.07410000,1404443.30772800,0
1662526800000,1511.72000000,1519.16000000,1507.52000000,1516.77000000,2675.84510000,1662530399999,4052084.52984500,3024,993.91690000,1505242.03679000,0
1662530400000,1517.00000000,1527.70000000,1513.21000000,1518.86000000,1940.69660000,1662533999999,2947923.38773400,2641,725.54320000,1102703.60607400,0
1662534000000,1519.55000000,1521.93000000,1510.10000000,1518.36000000,1982.20580000,1662537599999,3007126.47588100,2540,574.91740000,872546.42800100,0
1662537600000,1518.53000000,1523.60000000,1515.81000000,1521.09000000,809.16000000,1662541199999,1229053.74014000,1376,434.07380000,659668.45451900,0
1662541200000,1520.92000000,1524.86000000,1515.90000000,1519.24000000,1419.15670000,1662544799999,2155657.89637500,1769,378.71410000,575832.18509300,0
1662544800000,1518.90000000,1520.86000000,1507.45000000,1512.35000000,1475.54130000,1662548399999,2235112.67945300,1910,509.61880000,771671.61636000,0
1662548400000,1512.40000000,1518.43000000,1503.28000000,1513.66000000,931.59700000,1662551999999,1408739.43220900,1659,424.98720000,642605.17109600,0
1662552000000,1513.88000000,1517.96000000,1499.85000000,1517.25000000,2217.30430000,1662555599999,3344844.27020400,2799,1293.84510000,1950213.51354700,0
1662555600000,1517.29000000,1549.57000000,1516.77000000,1535.96000000,3381.68260000,1662559199999,5199578.53128200,4951,1520.74680000,2337080.48609300,0
1662559200000,1535.89000000,1549.19000000,1530.88000000,1543.87000000,1524.55800000,1662562799999,2346923.59648600,2605,580.48570000,894056.52440800,0
1662562800000,1543.93000000,1552.32000000,1539.31000000,1544.43000000,2716.32130000,1662566399999,4192791.56767600,2530,457.86090000,707107.48136700,0
1662566400000,1544.41000000,1559.39000000,1536.69000000,1554.50000000,1591.04780000,1662569999999,2464006.51014900,2179,585.39270000,907121.77481200,0
1662570000000,1554.38000000,1573.88000000,1553.02000000,1569.42000000,1845.20610000,1662573599999,2882697.64368800,2588,643.48100000,1004929.05244400,0
1662573600000,1570.00000000,1581.21000000,1563.73000000,1572.10000000,1861.11580000,1662577199999,2926499.84217900,2734,863.72620000,1357715.99299400,0
1662577200000,1572.74000000,1581.20000000,1568.51000000,1570.38000000,886.10610000,1662580799999,1395723.16619300,1621,382.41090000,602337.49232300,0
1662580800000,1570.12000000,1654.40000000,1569.08000000,1639.62000000,6328.46260000,1662584399999,10307271.09993600,8769,3179.95300000,5175773.97249100,0
1662584400000,1639.93000000,1652.88000000,1627.93000000,1645.85000000,2308.76620000,1662587999999,3784298.38107700,3546,1632.75380000,2674892.35138600,0
1662588000000,1646.02000000,1657.68000000,1634.80000000,1635.53000000,2102.19610000,1662591599999,3457780.23948700,2890,977.94510000,1609302.79325700,0
1662591600000,1635.35000000,1641.61000000,1621.20000000,1630.57000000,807.62650000,1662595199999,1320141.01842400,1603,358.04490000,585557.59987000,0
1662595200000,1630.51000000,1637.04000000,1613.90000000,1628.36000000,2164.01040000,1662598799999,3514450.75071300,2796,806.26330000,1311977.66602700,0
1662598800000,1628.09000000,1628.38000000,1615.30000000,1617.20000000,854.71440000,1662602399999,1386608.45718900,1516,458.48810000,743833.52333100,0
1662602400000,1617.17000000,1632.78000000,1617.17000000,1628.46000000,749.63840000,1662605999999,1218810.16416900,1393,426.78450000,693768.63303300,0
1662606000000,1629.32000000,1632.18000000,1621.45000000,1629.63000000,498.02180000,1662609599999,811116.06292500,1133,269.75340000,439396.08264400,0
1662609600000,1629.71000000,1647.70000000,1629.36000000,1642.73000000,1229.48680000,1662613199999,2015207.36534400,2089,713.94470000,1170207.75650300,0
1662613200000,1642.48000000,1643.86000000,1632.56000000,1635.00000000,451.73230000,1662616799999,739560.94882600,1228,198.06010000,324244.61361000,0
1662616800000,1634.44000000,1638.63000000,1623.73000000,1625.91000000,988.57970000,1662620399999,1614543.27743200,1529,498.61450000,814705.77380300,0
1662620400000,1625.92000000,1631.31000000,1595.23000000,1613.45000000,9347.21270000,1662623999999,14992775.17456700,7155,6355.41740000,10185113.59916700,0
1662624000000,1613.52000000,1626.33000000,1606.45000000,1623.59000000,1011.66680000,1662627599999,1633930.47791000,1813,501.12400000,809970.63777800,0
1662627600000,1624.33000000,1625.06000000,1610.97000000,1617.79000000,668.71630000,1662631199999,1081232.05851800,1323,266.65510000,431066.68485800,0
1662631200000,1618.11000000,1642.26000000,1614.91000000,1637.40000000,6745.24150000,1662634799999,11028079.15516800,4609,4164.36300000,6808964.66498900,0
1662634800000,1637.57000000,1644.48000000,1632.28000000,1636.08000000,2022.33900000,1662638399999,3317963.69860400,2376,581.40350000,952770.46682000,0
1662638400000,1635.96000000,1647.14000000,1609.88000000,1618.16000000,2471.99300000,1662641999999,4026299.46610000,4412,1117.76470000,1820689.52944100,0
1662642000000,1618.05000000,1647.33000000,1596.80000000,1634.78000000,3537.28410000,1662645599999,5743953.48513700,6229,1675.62420000,2721070.31129600,0
1662645600000,1635.69000000,1644.80000000,1617.76000000,1643.69000000,2060.83410000,1662649199999,3366117.55452100,3691,1032.54820000,1686301.28404500,0
1662649200000,1643.69000000,1654.60000000,1627.49000000,1629.39000000,1771.11840000,1662652799999,2907158.74376600,3111,1000.14710000,1642216.43235000,0
1662652800000,1630.08000000,1634.69000000,1609.08000000,1630.54000000,2465.92280000,1662656399999,3997194.50121000,3869,1272.41420000,2062620.07324300,0
1662656400000,1630.27000000,1639.41000000,1620.69000000,1630.56000000,1370.74010000,1662659999999,2238150.11429900,2224,781.53690000,1276437.21263200,0
1662660000000,1630.97000000,1636.66000000,1625.25000000,1630.60000000,748.72580000,1662663599999,1220569.72893400,1509,320.58160000,522539.02135500,0
1662663600000,1630.63000000,1650.34000000,1624.65000000,1650.00000000,4175.20410000,1662667199999,6814294.10462100,3597,3630.80340000,5924134.31847700,0
1662667200000,1649.47000000,1663.69000000,1640.16000000,1645.03000000,1422.55310000,1662670799999,2349889.15290300,2388,673.78530000,1112676.00247600,0
1662670800000,1644.44000000,1645.04000000,1630.62000000,1639.83000000,283.42860000,1662674399999,464633.42178700,700,110.57240000,181112.36536800,0
1662674400000,1639.41000000,1639.41000000,1627.10000000,1632.06000000,503.15400000,1662677999999,821427.90737600,919,262.76660000,428965.58770200,0
1662678000000,1632.17000000,1638.81000000,1626.43000000,1635.16000000,493.73270000,1662681599999,806854.48778600,1029,247.08530000,403761.36982400,0
1662681600000,1635.74000000,1645.66000000,1630.72000000,1639.78000000,572.98340000,1662685199999,939725.71443100,1431,309.30680000,507197.11166900,0
1662685200000,1639.82000000,1647.56000000,1632.77000000,1632.77000000,514.22160000,1662688799999,843097.46802500,1226,253.65770000,415953.60402700,0
1662688800000,1632.63000000,1646.80000000,1632.13000000,1640.40000000,612.05030000,1662692399999,1004105.50224000,1418,274.89110000,450953.44356700,0
1662692400000,1640.58000000,1676.27000000,1638.20000000,1672.62000000,7270.82640000,1662695999999,12009413.61950800,5867,5024.44190000,8284460.47702300,0
1662696000000,1672.99000000,1705.72000000,1669.86000000,1696.49000000,7849.93970000,1662699599999,13258422.54188100,7642,3955.87230000,6681440.29510900,0
1662699600000,1696.68000000,1716.58000000,1693.93000000,1707.58000000,2301.65390000,1662703199999,3924793.86103800,3643,1235.73560000,2106440.65661300,0
1662703200000,1707.78000000,1717.09000000,1701.18000000,1712.72000000,2178.50160000,1662706799999,3722155.34338000,3096,1134.25680000,1938669.06258600,0
1662706800000,1712.85000000,1714.06000000,1699.35000000,1705.17000000,1106.98290000,1662710399999,1889143.83391000,1951,493.83960000,842656.72131100,0
1662710400000,1705.31000000,1719.46000000,1702.26000000,1706.75000000,5120.75140000,1662713999999,8750608.23245100,4040,4155.64660000,7101149.27739400,0
1662714000000,1707.12000000,1707.83000000,1684.80000000,1695.50000000,2402.93070000,1662717599999,4066791.91924800,3187,1128.29560000,1909812.27596000,0
1662717600000,1695.10000000,1711.23000000,1688.22000000,1707.24000000,2177.20090000,1662721199999,3702597.21852700,3304,1198.00220000,2036999.49627400,0
1662721200000,1707.17000000,1708.50000000,1695.86000000,1701.12000000,1004.03930000,1662724799999,1709034.87082800,1707,396.54970000,675203.38823000,0
1662724800000,1700.65000000,1746.00000000,1699.17000000,1728.80000000,3683.47720000,1662728399999,6360925.69654400,4595,2083.84080000,3596740.50184000,0
1662728400000,1728.60000000,1731.38000000,1708.47000000,1722.32000000,2289.34250000,1662731999999,3934055.23975300,3772,958.45960000,1646895.00566200,0
1662732000000,1721.97000000,1732.98000000,1717.41000000,1726.38000000,1460.97300000,1662735599999,2519444.13449200,2390,807.79840000,1393221.87944400,0
1662735600000,1726.96000000,1735.58000000,1718.15000000,1719.30000000,1900.53510000,1662739199999,3282403.61565700,2782,1014.48690000,1752223.29912600,0
1662739200000,1719.79000000,1723.10000000,1699.63000000,1716.60000000,1538.65360000,1662742799999,2634302.61560200,2643,744.92920000,1275176.16978200,0
1662742800000,1715.79000000,1722.47000000,1696.90000000,1704.06000000,1182.93500000,1662746399999,2024003.83435800,2125,529.58920000,905803.58723700,0
1662746400000,1703.89000000,1710.51000000,1697.00000000,1709.97000000,993.49190000,1662749999999,1691090.56039200,1740,524.82500000,893320.93265400,0
1662750000000,1710.39000000,1727.26000000,1707.82000000,1720.51000000,1266.12970000,1662753599999,2172734.80146700,1884,724.77940000,1243277.92122400,0
1662753600000,1720.64000000,1729.99000000,1715.34000000,1721.94000000,1542.67600000,1662757199999,2653177.54109700,2036,412.47310000,710060.88326400,0
1662757200000,1721.31000000,1725.40000000,1708.27000000,1715.30000000,308.20110000,1662760799999,529368.96632800,929,141.34320000,242736.88764600,0
1662760800000,1714.98000000,1724.22000000,1712.17000000,1720.18000000,451.20000000,1662764399999,775721.64268200,941,249.47770000,428958.38341700,0
1662764400000,1720.01000000,1733.05000000,1707.26000000,1719.04000000,1611.68820000,1662767999999,2774761.70995500,2346,916.28250000,1579286.11635700,0
1662768000000,1719.45000000,1721.99000000,1707.00000000,1717.69000000,724.44440000,1662771599999,1241266.81185000,1624,408.41140000,699597.25709100,0
1662771600000,1717.77000000,1732.04000000,1717.11000000,1725.25000000,623.13870000,1662775199999,1074142.35379800,1382,359.18850000,619111.87164100,0
1662775200000,1725.07000000,1743.48000000,1719.90000000,1740.40000000,714.80630000,1662778799999,1238298.46161100,1517,410.27060000,710831.21837200,0
1662778800000,1740.75000000,1744.03000000,1733.49000000,1734.34000000,668.22060000,1662782399999,1161396.58519000,1311,354.31570000,615758.20112700,0
1662782400000,1734.30000000,1745.77000000,1729.56000000,1733.01000000,678.24320000,1662785999999,1177320.30172300,1424,331.16120000,574730.02184300,0
1662786000000,1733.91000000,1739.89000000,1730.54000000,1732.42000000,816.84960000,1662789599999,1417929.85090300,1489,459.90680000,798478.16603400,0
1662789600000,1732.87000000,1736.46000000,1730.06000000,1734.69000000,411.91120000,1662793199999,713991.79324100,975,209.38100000,362968.74134900,0
1662793200000,1734.91000000,1737.26000000,1708.73000000,1711.55000000,1118.47300000,1662796799999,1926081.88956700,1697,483.23370000,831666.29622800,0
1662796800000,1711.31000000,1720.55000000,1710.28000000,1717.04000000,652.38360000,1662800399999,1120008.68447500,1096,395.58580000,679169.28275800,0
1662800400000,1717.32000000,1723.00000000,1716.65000000,1723.00000000,1765.87470000,1662803999999,3041687.75641400,1955,1576.21960000,2715384.60456900,0
1662804000000,1723.00000000,1728.66000000,1715.52000000,1726.55000000,550.18360000,1662807599999,947948.82846400,1085,297.73580000,513085.91603300,0
1662807600000,1726.27000000,1729.46000000,1723.34000000,1724.55000000,333.28290000,1662811199999,575285.24920500,760,151.54970000,261609.64150400,0
1662811200000,1725.19000000,1734.43000000,1717.93000000,1728.64000000,754.64660000,1662814799999,1301480.99916300,1541,344.49280000,594129.29797400,0
1662814800000,1727.08000000,1728.90000000,1713.25000000,1716.91000000,593.23510000,1662818399999,1020399.24435600,1191,258.50790000,444624.97426000,0
1662818400000,1716.57000000,1721.51000000,1713.80000000,1718.30000000,443.84810000,1662821999999,762792.32489100,909,243.71620000,418907.39615100,0
1662822000000,1718.44000000,1722.24000000,1713.36000000,1716.46000000,820.47820000,1662825599999,1409549.14876300,1134,562.93880000,967116.71529400,0
1662825600000,1716.39000000,1726.89000000,1710.07000000,1723.66000000,742.47330000,1662829199999,1276218.35353900,1426,400.70320000,688500.92099100,0
1662829200000,1724.38000000,1725.75000000,1717.14000000,1722.75000000,467.48100000,1662832799999,804287.60011800,963,272.07650000,468081.82583200,0
1662832800000,1722.75000000,1741.10000000,1722.71000000,1735.46000000,2717.80520000,1662836399999,4719297.59991600,2729,2088.68140000,3627668.13222300,0
1662836400000,1735.08000000,1744.61000000,1733.01000000,1741.27000000,1467.67570000,1662839999999,2552652.03662600,2097,652.24220000,1133932.88155300,0
1662840000000,1741.44000000,1744.59000000,1729.20000000,1734.77000000,754.50680000,1662843599999,1310558.59737800,1556,354.55870000,616029.62453700,0
1662843600000,1734.46000000,1779.44000000,1734.29000000,1749.29000000,2304.81450000,1662847199999,4035274.57830500,2810,1728.37830000,3024991.57991400,0
1662847200000,1751.50000000,1789.06000000,1750.32000000,1784.46000000,2170.08880000,1662850799999,3845927.53270000,3504,1273.10400000,2256530.59816500,0
1662850800000,1783.83000000,1789.94000000,1773.38000000,1774.58000000,902.46490000,1662854399999,1607811.47669100,1936,453.70350000,808347.05021700,0
1662854400000,1774.70000000,1785.03000000,1770.04000000,1772.59000000,1302.31040000,1662857999999,2313571.53630900,1875,737.68710000,1311114.24168400,0
1662858000000,1773.09000000,1778.33000000,1759.48000000,1763.71000000,959.36210000,1662861599999,1697078.36092400,1666,429.98460000,760719.22015000,0
1662861600000,1763.89000000,1766.62000000,1757.18000000,1764.67000000,655.36550000,1662865199999,1154358.87427600,1378,318.55760000,561189.44065800,0
1662865200000,1764.72000000,1769.79000000,1760.37000000,1761.54000000,448.46500000,1662868799999,791544.68998800,974,207.55880000,366255.49910300,0
1662868800000,1761.55000000,1765.63000000,1757.73000000,1759.78000000,448.86540000,1662872399999,790937.83730500,842,136.47040000,240592.19317000,0
1662872400000,1760.47000000,1767.39000000,1757.89000000,1765.09000000,273.85530000,1662875999999,483080.41931400,628,142.26080000,250990.30879800,0
1662876000000,1765.09000000,1769.85000000,1744.43000000,1753.03000000,1109.20130000,1662879599999,1946505.14369500,1948,610.47520000,1071494.83667100,0
1662879600000,1752.75000000,1762.63000000,1750.68000000,1762.23000000,465.50700000,1662883199999,818857.65052800,978,258.97540000,455557.37558600,0
1662883200000,1762.27000000,1768.39000000,1758.13000000,1764.95000000,562.19040000,1662886799999,992008.48785800,1142,278.85140000,492108.67935000,0
1662886800000,1765.10000000,1766.15000000,1758.93000000,1760.39000000,492.81710000,1662890399999,868440.97168500,859,225.87480000,398067.99366700,0
1662890400000,1760.26000000,1764.82000000,1758.37000000,1762.44000000,276.45740000,1662893999999,486993.21604400,731,151.85460000,267497.36904800,0
1662894000000,1762.75000000,1780.81000000,1762.75000000,1770.90000000,947.00420000,1662897599999,1679531.46385500,1678,444.10470000,787702.09807800,0
1662897600000,1770.26000000,1777.18000000,1764.57000000,1774.01000000,674.96360000,1662901199999,1195922.06252900,1203,280.17470000,496315.90203500,0
1662901200000,1773.87000000,1774.30000000,1762.88000000,1767.81000000,427.09490000,1662904799999,755008.09969000,876,198.54260000,350955.12602700,0
1662904800000,1767.88000000,1769.01000000,1754.35000000,1762.48000000,1263.55570000,1662908399999,2224146.37739200,1736,674.33800000,1186630.85761500,0
1662908400000,1762.19000000,1779.58000000,1761.80000000,1769.09000000,789.54840000,1662911999999,1398281.43376200,1683,366.00760000,648188.81196800,0
1662912000000,1769.28000000,1778.19000000,1766.86000000,1771.75000000,418.52460000,1662915599999,741722.28866600,1034,210.18380000,372496.04208300,0
1662915600000,1771.99000000,1789.31000000,1767.75000000,1771.97000000,1287.39820000,1662919199999,2289438.59338600,2191,724.40950000,1287779.87397400,0
1662919200000,1771.79000000,1777.55000000,1757.24000000,1761.06000000,633.33680000,1662922799999,1120249.49462000,1376,354.70570000,627475.09629400,0
1662922800000,1761.03000000,1766.37000000,1758.92000000,1764.00000000,373.30660000,1662926399999,658058.06546800,912,193.43120000,340978.49475200,0
1662926400000,1764.04000000,1768.86000000,1747.45000000,1759.73000000,1102.34800000,1662929999999,1938849.31001200,2055,525.41100000,923539.01131600,0
1662930000000,1758.85000000,1766.18000000,1720.89000000,1733.39000000,1581.72180000,1662933599999,2755200.39171300,2200,569.28990000,991621.18162300,0
1662933600000,1734.30000000,1754.26000000,1734.30000000,1746.58000000,1049.45310000,1662937199999,1833528.46590900,1763,539.39350000,942388.02217900,0
1662937200000,1746.72000000,1768.53000000,1738.17000000,1766.84000000,1251.17670000,1662940799999,2195684.04791400,2139,705.61530000,1237458.54312300,0
1662940800000,1767.19000000,1768.38000000,1735.43000000,1735.66000000,1194.90500000,1662944399999,2094694.07837600,2218,559.50090000,980817.96256400,0
1662944400000,1736.27000000,1783.34000000,1730.54000000,1761.67000000,2379.38420000,1662947999999,4189507.06852800,4099,1143.00490000,2012303.46340900,0
1662948000000,1762.24000000,1766.34000000,1729.10000000,1737.28000000,1822.10590000,1662951599999,3175791.09542400,3239,895.04380000,1560334.36063600,0
1662951600000,1736.82000000,1740.14000000,1710.76000000,1728.83000000,2231.38990000,1662955199999,3849200.34014000,3409,1106.88040000,1909759.25071500,0
1662955200000,1727.37000000,1732.81000000,1721.19000000,1727.48000000,484.30080000,1662958799999,837010.86589600,972,245.87680000,424982.79642900,0
1662958800000,1726.92000000,1731.97000000,1717.96000000,1729.20000000,579.46750000,1662962399999,999942.69122200,1176,309.34520000,533930.03667400,0
1662962400000,1729.84000000,1738.27000000,1724.39000000,1737.51000000,370.44160000,1662965999999,641305.98410100,936,226.04530000,391408.07663900,0
1662966000000,1736.60000000,1761.90000000,1735.83000000,1759.31000000,1371.56800000,1662969599999,2398347.14951300,2666,740.63120000,1294870.34724700,0
1662969600000,1759.13000000,1766.35000000,1750.91000000,1754.85000000,943.50250000,1662973199999,1657798.58572000,1996,470.46170000,826738.92186700,0
1662973200000,1755.57000000,1759.43000000,1744.94000000,1751.52000000,732.80320000,1662976799999,1283731.04963900,1536,334.40650000,585889.30701600,0
1662976800000,1751.02000000,1751.11000000,1730.47000000,1745.27000000,1211.76520000,1662980399999,2110610.51687800,2414,619.27300000,1078814.42648500,0
1662980400000,1745.23000000,1762.04000000,1741.01000000,1748.87000000,1199.37220000,1662983999999,2101564.72907200,2275,629.91030000,1103722.80725100,0
1662984000000,1749.16000000,1750.55000000,1733.81000000,1746.79000000,1142.50610000,1662987599999,1993250.47197100,2261,458.59070000,799780.69794300,0
1662987600000,1747.32000000,1755.22000000,1738.51000000,1751.58000000,870.04150000,1662991199999,1520341.32551100,1999,455.34550000,795849.56594800,0
1662991200000,1751.61000000,1755.31000000,1733.03000000,1735.10000000,2373.89220000,1662994799999,4136721.59081000,2813,699.63640000,1219538.60795600,0
1662994800000,1735.50000000,1735.50000000,1696.18000000,1705.61000000,2791.51550000,1662998399999,4789425.82208500,3968,1314.50900000,2254521.69966100,0
1662998400000,1706.42000000,1717.74000000,1693.18000000,1713.75000000,5794.79840000,1663001999999,9919501.31645900,5023,4384.29390000,7510905.33246500,0
1663002000000,1713.72000000,1729.90000000,1703.40000000,1729.71000000,1379.72140000,1663005599999,2365574.67067000,2079,664.89930000,1139927.17364200,0
1663005600000,1728.78000000,1733.34000000,1718.97000000,1728.92000000,783.35350000,1663009199999,1351843.17406700,1597,366.35050000,632278.43919300,0
1663009200000,1728.57000000,1730.92000000,1720.36000000,1726.75000000,540.19510000,1663012799999,932471.59446100,1070,283.44600000,489227.21997800,0
1663012800000,1726.79000000,1731.15000000,1720.75000000,1724.23000000,737.92580000,1663016399999,1272758.71300800,1421,455.42640000,785273.51103500,0
1663016400000,1724.24000000,1724.24000000,1703.94000000,1716.45000000,3681.04760000,1663019999999,6298327.92497300,4116,3314.37340000,5670089.28563200,0
1663020000000,1716.69000000,1717.21000000,1701.70000000,1706.68000000,1296.13970000,1663023599999,2214440.03915500,1506,870.79050000,1487298.12154900,0
1663023600000,1706.31000000,1717.19000000,1703.52000000,1717.02000000,656.05490000,1663027199999,1121566.32097400,1116,362.78260000,620136.61293900,0
1663027200000,1716.44000000,1718.54000000,1675.47000000,1688.00000000,2743.64670000,1663030799999,4634693.65453000,4096,1371.82200000,2317340.67887400,0
1663030800000,1688.10000000,1700.71000000,1685.17000000,1696.35000000,755.51150000,1663034399999,1278503.04430400,1452,422.26490000,714524.48723700,0
1663034400000,1696.11000000,1709.76000000,1680.70000000,1708.99000000,1357.51780000,1663037999999,2303254.87828000,2302,744.77520000,1263690.01065200,0
1663038000000,1709.00000000,1716.58000000,1702.08000000,1716.43000000,776.04900000,1663041599999,1325997.55712300,1645,376.46870000,643351.97868000,0
1663041600000,1716.41000000,1724.99000000,1709.13000000,1714.42000000,799.95460000,1663045199999,1374092.50586800,1712,351.68270000,603856.15651800,0
1663045200000,1714.61000000,1721.81000000,1712.40000000,1719.88000000,689.13550000,1663048799999,1184222.94995700,1350,327.92240000,563453.01195000,0
1663048800000,1719.55000000,1731.78000000,1701.00000000,1706.99000000,2099.82440000,1663052399999,3608735.48981400,2883,1132.56430000,1947122.39781900,0
1663052400000,1706.58000000,1722.36000000,1699.84000000,1716.42000000,1295.76100000,1663055999999,2218226.25059800,2239,635.33470000,1087554.32290700,0
1663056000000,1716.51000000,1718.55000000,1709.05000000,1715.53000000,522.52510000,1663059599999,895283.29071700,1161,245.25280000,420094.52552800,0
1663059600000,1715.84000000,1726.45000000,1714.63000000,1722.20000000,1328.07990000,1663063199999,2286229.33038000,2051,792.06250000,1363293.93284200,0
1663063200000,1722.19000000,1741.11000000,1719.11000000,1732.15000000,1356.02950000,1663066799999,2346131.58985400,2184,731.45460000,1265097.66257900,0
1663066800000,1732.80000000,1747.22000000,1732.73000000,1738.26000000,1394.68160000,1663070399999,2426321.38005900,2329,690.14030000,1200399.01675700,0
1663070400000,1738.14000000,1760.00000000,1617.47000000,1629.38000000,9183.88930000,1663073999999,15414502.03307800,13557,4409.48840000,7417722.50485600,0
1663074000000,1628.22000000,1638.83000000,1598.46000000,1603.79000000,6275.16130000,1663077599999,10134347.30461000,9156,3285.87270000,5307106.18182200,0
1663077600000,1603.63000000,1613.50000000,1575.55000000,1590.32000000,3186.30710000,1663081199999,5085137.82093200,5324,1528.90150000,2440680.65555700,0
1663081200000,1589.80000000,1599.28000000,1585.35000000,1593.81000000,1855.65350000,1663084799999,2953548.11001300,2896,975.94950000,1553644.86091200,0
1663084800000,1594.42000000,1616.11000000,1588.46000000,1612.28000000,1766.07070000,1663088399999,2831175.18696400,3195,926.02730000,1484097.46923300,0
1663088400000,1611.70000000,1631.75000000,1608.91000000,1619.29000000,1324.68430000,1663091999999,2146869.27574600,2325,574.02620000,930347.43723400,0
1663092000000,1619.13000000,1622.55000000,1579.06000000,1581.67000000,1974.74300000,1663095599999,3174132.43119300,2994,778.22960000,1249501.54215800,0
1663095600000,1580.00000000,1608.19000000,1571.02000000,1605.84000000,1841.35730000,1663099199999,2927786.07425800,2739,918.51220000,1459801.52199400,0
1663099200000,1605.80000000,1624.32000000,1604.47000000,1608.14000000,1202.95130000,1663102799999,1942466.31047700,1802,634.56580000,1024425.97956800,0
1663102800000,1608.10000000,1608.75000000,1571.39000000,1596.61000000,936.93500000,1663106399999,1491594.44070900,2087,411.49580000,655133.98979200,0
1663106400000,1596.07000000,1598.37000000,1586.40000000,1587.67000000,7222.79940000,1663109999999,11468865.13370300,3641,1188.66220000,1890621.14436300,0
1663110000000,1587.24000000,1588.20000000,1561.54000000,1574.62000000,18734.32800000,1663113599999,29694611.19946300,6015,1738.35380000,2744826.47919800,0
1663113600000,1574.16000000,1578.79000000,1552.67000000,1573.77000000,2972.15360000,1663117199999,4657961.20830300,3107,1482.43990000,2323566.62195200,0
1663117200000,1573.33000000,1583.66000000,1571.22000000,1582.88000000,1133.36230000,1663120799999,1787211.75843300,1703,576.71060000,909569.68802800,0
1663120800000,1582.82000000,1601.85000000,1580.97000000,1601.67000000,1161.19690000,1663124399999,1848355.95328900,1978,615.16960000,979205.75188300,0
1663124400000,1601.04000000,1611.04000000,1593.98000000,1602.97000000,1211.63000000,1663127999999,1940656.10629100,2078,568.94590000,911303.28702400,0
1663128000000,1602.80000000,1622.78000000,1596.38000000,1621.86000000,1203.25930000,1663131599999,1936794.18952300,2032,626.51900000,1008809.85325600,0
1663131600000,1621.42000000,1623.63000000,1611.43000000,1613.04000000,631.04230000,1663135199999,1020526.33928100,1273,321.55870000,519903.25677400,0
1663135200000,1613.24000000,1617.45000000,1603.93000000,1607.58000000,863.19840000,1663138799999,1390918.59901000,1666,408.85630000,658592.46358200,0
1663138800000,1608.89000000,1618.26000000,1599.16000000,1612.19000000,1089.26080000,1663142399999,1753115.24865600,1978,544.70990000,876736.74198300,0
1663142400000,1611.94000000,1612.09000000,1584.79000000,1603.28000000,1907.48370000,1663145999999,3051221.24771100,2835,1015.68170000,1624753.14765800,0
1663146000000,1603.02000000,1610.71000000,1597.03000000,1605.12000000,1186.07820000,1663149599999,1901297.72658400,1629,562.81320000,902198.09805100,0
1663149600000,1604.83000000,1606.47000000,1593.81000000,1602.17000000,852.82800000,1663153199999,1364488.44317500,1417,437.22990000,699394.83279700,0
1663153200000,1601.69000000,1606.46000000,1583.67000000,1594.42000000,1137.82670000,1663156799999,1817150.24112500,1855,527.05150000,841471.87992500,0
1663156800000,1595.54000000,1613.20000000,1585.79000000,1606.10000000,2557.49850000,1663160399999,4086132.84926300,3476,1407.58650000,2247257.31091500,0
1663160400000,1605.34000000,1612.68000000,1590.38000000,1605.17000000,2318.71770000,1663163999999,3717521.83804400,3268,1111.14640000,1781161.26529400,0
1663164000000,1604.99000000,1608.32000000,1584.93000000,1601.24000000,1522.47690000,1663167599999,2430983.91348600,2464,633.46820000,1012176.96802300,0
1663167600000,1601.73000000,1604.12000000,1592.10000000,1594.74000000,1409.21810000,1663171199999,2252565.47120300,1951,722.04560000,1154239.31334400,0
1663171200000,1595.38000000,1600.80000000,1581.22000000,1585.62000000,1179.14310000,1663174799999,1875722.52859900,2073,673.90670000,1072343.67007600,0
1663174800000,1585.43000000,1603.19000000,1583.50000000,1589.01000000,874.79190000,1663178399999,1394066.31371000,1665,463.32860000,738436.86996500,0
1663178400000,1589.31000000,1594.20000000,1559.57000000,1579.02000000,2330.12790000,1663181999999,3682232.60727300,3837,1103.83290000,1743508.06926400,0
1663182000000,1578.91000000,1600.87000000,1574.59000000,1600.22000000,1403.86690000,1663185599999,2227606.81423200,2323,753.62450000,1196304.25415100,0
1663185600000,1599.64000000,1604.44000000,1592.65000000,1602.75000000,660.31320000,1663189199999,1055399.78596800,1387,371.99440000,594516.54158000,0
1663189200000,1602.95000000,1621.80000000,1594.85000000,1621.23000000,638.94640000,1663192799999,1028311.83761900,1481,279.38880000,449335.84627200,0
1663192800000,1620.81000000,1646.80000000,1615.19000000,1639.21000000,1873.37010000,1663196399999,3056200.26753400,2904,893.18880000,1455950.32430200,0
1663196400000,1639.15000000,1646.18000000,1626.49000000,1638.73000000,1467.03850000,1663199999999,2397326.41131500,2236,610.94380000,998686.94865100,0
1663200000000,1638.73000000,1657.23000000,1625.63000000,1628.01000000,2275.72690000,1663203599999,3730736.13390400,3609,1093.73880000,1796605.78746300,0
1663203600000,1628.19000000,1630.34000000,1599.57000000,1629.00000000,1555.03270000,1663207199999,2512718.11228900,2918,853.18440000,1379524.96937200,0
1663207200000,1629.02000000,1629.02000000,1602.72000000,1616.64000000,1303.23190000,1663210799999,2104101.08762300,2421,699.79170000,1129707.94056100,0
1663210800000,1617.64000000,1618.48000000,1584.07000000,1605.65000000,2849.00610000,1663214399999,4559804.33729800,4706,1236.91550000,1979123.11246800,0
1663214400000,1605.85000000,1609.73000000,1591.75000000,1601.56000000,1507.28420000,1663217999999,2413735.15963400,2667,618.22520000,990461.56490000,0
1663218000000,1602.08000000,1621.52000000,1595.82000000,1620.11000000,1225.57030000,1663221599999,1972362.58827500,2152,608.88690000,980319.19104500,0
1663221600000,1620.04000000,1641.57000000,1571.18000000,1598.47000000,19637.28710000,1663225199999,31429097.53841100,22091,16034.88200000,25671665.96387000,0
1663225200000,1600.40000000,1653.53000000,1596.12000000,1637.13000000,14320.09510000,1663228799999,23260000.38066200,15963,11281.14070000,18309556.52850100,0
1663228800000,1636.87000000,1636.87000000,1597.87000000,1607.65000000,2991.54740000,1663232399999,4826209.08164700,4486,1286.32460000,2076911.18528900,0
1663232400000,1608.11000000,1608.58000000,1583.83000000,1589.41000000,1724.43070000,1663235999999,2750382.65384400,2698,906.96070000,1446586.08815300,0
1663236000000,1589.46000000,1595.24000000,1576.69000000,1584.43000000,2223.72080000,1663239599999,3529599.44882100,3408,946.57320000,1503033.37784000,0
1663239600000,1583.60000000,1594.77000000,1574.34000000,1591.36000000,1558.04870000,1663243199999,2469189.95026900,2792,863.97390000,1368911.48304800,0
1663243200000,1591.85000000,1599.96000000,1582.74000000,1588.63000000,1616.70540000,1663246799999,2570395.18998900,2935,758.93920000,1206618.54196900,0
1663246800000,1588.85000000,1591.92000000,1568.59000000,1586.63000000,1541.66250000,1663250399999,2441666.54846100,3101,677.72500000,1073653.34351000,0
1663250400000,1587.09000000,1591.42000000,1482.95000000,1490.90000000,7040.54970000,1663253999999,10697084.48793200,9410,2519.62180000,3843749.07688100,0
1663254000000,1491.32000000,1501.77000000,1457.08000000,1492.74000000,4549.69740000,1663257599999,6751062.75896300,7637,2214.11680000,3285087.83115500,0
1663257600000,1492.62000000,1509.86000000,1483.38000000,1509.59000000,1667.10260000,1663261199999,2495061.72173500,3551,969.37950000,1451001.35747400,0
1663261200000,1509.52000000,1520.87000000,1504.76000000,1507.99000000,1491.74910000,1663264799999,2257361.42146200,2187,723.09000000,1094820.55732900,0
1663264800000,1507.60000000,1513.52000000,1489.95000000,1498.59000000,1507.29220000,1663268399999,2263940.02894800,2138,685.12530000,1030289.19607900,0
1663268400000,1498.36000000,1506.62000000,1490.25000000,1497.31000000,779.99350000,1663271999999,1167475.92721300,1769,417.11080000,624303.00407800,0
1663272000000,1498.20000000,1509.58000000,1493.70000000,1503.91000000,902.18080000,1663275599999,1355757.47119800,1645,403.12980000,605517.48984900,0
1663275600000,1503.91000000,1504.41000000,1484.00000000,1490.30000000,555.32920000,1663279199999,829707.74673900,1266,279.82860000,418093.89686900,0
1663279200000,1489.68000000,1489.68000000,1458.99000000,1475.53000000,2624.02300000,1663282799999,3871630.44098000,3287,1184.74190000,1748063.85862900,0
1663282800000,1474.27000000,1479.26000000,1462.35000000,1472.61000000,1064.60580000,1663286399999,1566633.43630200,2081,523.59950000,770515.91019600,0
1663286400000,1473.10000000,1482.99000000,1446.81000000,1482.82000000,1779.42880000,1663289999999,2606871.09477400,3320,949.75590000,1392596.20627900,0
1663290000000,1482.97000000,1483.26000000,1466.04000000,1471.48000000,1286.89580000,1663293599999,1900371.79692300,2750,561.40340000,829038.68037400,0
1663293600000,1471.48000000,1474.52000000,1453.47000000,1466.82000000,1616.29260000,1663297199999,2366738.16458400,2366,790.77490000,1157524.82682500,0
1663297200000,1466.35000000,1473.73000000,1460.19000000,1473.40000000,990.64280000,1663300799999,1454236.33329400,1835,457.82600000,672099.52492000,0
1663300800000,1473.73000000,1480.15000000,1469.18000000,1469.22000000,1120.84380000,1663304399999,1653818.23574200,1776,577.24330000,851630.81595800,0
1663304400000,1469.76000000,1478.75000000,1469.53000000,1472.21000000,615.07770000,1663307999999,906686.31376100,1254,348.17340000,513193.28746200,0
1663308000000,1472.13000000,1476.52000000,1467.13000000,1472.09000000,779.98230000,1663311599999,1148168.42141900,1493,408.63150000,601426.40146100,0
1663311600000,1472.39000000,1477.15000000,1469.41000000,1471.39000000,1214.28940000,1663315199999,1788315.59121900,1674,693.10060000,1020685.81471700,0
1663315200000,1471.51000000,1471.98000000,1442.00000000,1451.25000000,2423.79040000,1663318799999,3531357.56733500,3917,1113.53700000,1622195.74005300,0
1663318800000,1451.20000000,1465.86000000,1450.38000000,1463.13000000,1429.56330000,1663322399999,2088402.02593600,2841,669.68350000,978118.75246700,0
1663322400000,1462.75000000,1474.02000000,1458.66000000,1469.74000000,901.65960000,1663325999999,1322361.18387500,1756,482.24110000,707039.75707200,0
1663326000000,1469.07000000,1482.30000000,1465.26000000,1478.58000000,1309.05850000,1663329599999,1926829.50925300,2187,667.61170000,982603.14728700,0
1663329600000,1478.55000000,1478.67000000,1452.05000000,1455.00000000,1392.93420000,1663333199999,2038429.34761500,2431,617.57340000,903597.21064600,0
1663333200000,1455.04000000,1464.64000000,1424.71000000,1430.45000000,3221.34790000,1663336799999,4651763.09401300,4493,1507.15280000,2176628.14191200,0
1663336800000,1430.52000000,1458.98000000,1425.00000000,1447.04000000,2958.38420000,1663340399999,4274508.06285700,4530,1494.19560000,2159105.59459600,0
1663340400000,1446.81000000,1456.95000000,1439.45000000,1452.82000000,2088.45450000,1663343999999,3025302.89149000,3242,1013.82820000,1468472.84059300,0
1663344000000,1452.42000000,1452.42000000,1412.18000000,1427.74000000,3098.92690000,1663347599999,4426182.51174200,4376,1521.19350000,2172012.57299300,0
1663347600000,1427.78000000,1432.34000000,1405.60000000,1421.32000000,3405.20140000,1663351199999,4840280.89243900,4809,1730.73190000,2460030.92329600,0
1663351200000,1420.83000000,1433.84000000,1410.01000000,1428.55000000,2173.53460000,1663354799999,3095368.86987000,3031,1187.54310000,1691324.14337800,0
1663354800000,1428.00000000,1438.28000000,1427.03000000,1427.51000000,1503.82310000,1663358399999,2153449.28050900,2103,714.22750000,1022693.77880600,0
1663358400000,1427.33000000,1437.67000000,1426.39000000,1437.67000000,995.82820000,1663361999999,1425726.56181600,1427,451.08620000,646013.98075400,0
1663362000000,1437.54000000,1448.27000000,1434.22000000,1439.61000000,431.39480000,1663365599999,620739.44155200,972,253.20070000,364352.21515900,0
1663365600000,1439.69000000,1442.32000000,1431.06000000,1432.43000000,1187.16060000,1663369199999,1706838.24854000,1659,554.21480000,796779.01716700,0
1663369200000,1432.49000000,1434.60000000,1423.15000000,1434.44000000,705.14000000,1663372799999,1008471.33380300,1209,340.53230000,486937.60869300,0
1663372800000,1433.81000000,1456.43000000,1430.67000000,1442.90000000,1736.16120000,1663376399999,2508615.95311500,2623,882.67660000,1274909.51547700,0
1663376400000,1443.38000000,1448.38000000,1438.46000000,1445.70000000,851.76860000,1663379999999,1228992.63958000,1455,483.55130000,697549.98874400,0
1663380000000,1445.50000000,1446.06000000,1436.74000000,1439.96000000,570.89820000,1663383599999,822770.74203500,1096,262.52450000,378346.65905500,0
1663383600000,1439.63000000,1442.25000000,1436.68000000,1440.00000000,407.57820000,1663387199999,586901.53704800,734,175.88620000,253161.68145600,0
1663387200000,1440.71000000,1448.63000000,1439.22000000,1440.56000000,1029.02180000,1663390799999,1485235.86325200,1385,480.83020000,693965.26878400,0
1663390800000,1440.74000000,1440.74000000,1427.71000000,1432.01000000,1358.78190000,1663394399999,1947790.43990700,1837,668.81240000,958485.65410000,0
1663394400000,1431.00000000,1433.42000000,1425.01000000,1431.32000000,1030.89070000,1663397999999,1473849.46618800,1422,447.90160000,640399.80892500,0
1663398000000,1431.32000000,1433.35000000,1426.17000000,1432.25000000,1323.25760000,1663401599999,1891706.82604200,1495,685.44500000,979862.07015400,0
1663401600000,1432.31000000,1435.13000000,1430.49000000,1434.19000000,515.92760000,1663405199999,739378.45400700,898,309.49150000,443532.26558200,0
1663405200000,1433.97000000,1435.44000000,1430.17000000,1432.15000000,762.38980000,1663408799999,1092207.13576700,1088,360.18020000,515849.95615300,0
1663408800000,1432.04000000,1433.16000000,1416.51000000,1426.81000000,1048.52250000,1663412399999,1495075.72387100,1597,489.50920000,697823.07611100,0
1663412400000,1426.65000000,1428.03000000,1419.25000000,1419.67000000,690.69280000,1663415999999,982690.58692000,1128,356.88540000,507642.93046400,0
1663416000000,1419.99000000,1428.15000000,1409.00000000,1424.68000000,1203.31410000,1663419599999,1706519.83687000,1906,569.77730000,808094.11595800,0
1663419600000,1424.52000000,1427.25000000,1419.29000000,1423.06000000,585.82770000,1663423199999,834570.57305500,1059,299.37830000,426523.52721000,0
1663423200000,1422.72000000,1445.30000000,1422.01000000,1444.97000000,995.28040000,1663426799999,1426713.65757600,1714,526.42360000,754373.09638000,0
1663426800000,1445.20000000,1450.64000000,1436.82000000,1444.38000000,955.66960000,1663430399999,1379619.29672100,1528,471.41180000,680490.97674500,0
1663430400000,1444.54000000,1469.76000000,1442.38000000,1466.59000000,2083.69550000,1663433999999,3045183.55866200,3058,1101.85260000,1609866.09938900,0
1663434000000,1466.45000000,1475.78000000,1462.90000000,1470.77000000,1262.52450000,1663437599999,1854445.17087800,2028,563.56500000,827812.78514800,0
1663437600000,1470.68000000,1476.16000000,1465.33000000,1467.85000000,816.49500000,1663441199999,1200220.45632000,1401,371.90590000,546785.52212000,0
1663441200000,1467.93000000,1468.86000000,1458.48000000,1464.73000000,539.83060000,1663444799999,790180.50512300,1061,262.00640000,383483.63351600,0
1663444800000,1464.63000000,1465.96000000,1461.24000000,1462.18000000,555.25370000,1663448399999,812475.49207100,932,283.44220000,414713.90261300,0
1663448400000,1462.27000000,1463.02000000,1446.85000000,1452.32000000,430.25240000,1663451999999,626430.32938800,1123,212.31450000,309165.08348800,0
1663452000000,1453.07000000,1467.39000000,1451.08000000,1465.15000000,831.11000000,1663455599999,1212745.20929600,1444,432.55160000,631312.12601800,0
1663455600000,1465.53000000,1473.45000000,1461.62000000,1469.16000000,714.08420000,1663459199999,1048566.79570300,1345,385.52070000,566028.95279200,0
1663459200000,1468.92000000,1469.81000000,1449.09000000,1451.42000000,1307.56470000,1663462799999,1901394.22454900,2025,626.09630000,910324.36919800,0
1663462800000,1452.02000000,1457.16000000,1450.01000000,1452.38000000,782.96810000,1663466399999,1138208.56691500,1145,408.52220000,593854.37085300,0
1663466400000,1452.86000000,1456.82000000,1451.53000000,1455.66000000,368.65040000,1663469999999,536164.11625800,546,223.55020000,325097.02906000,0
1663470000000,1455.38000000,1455.97000000,1446.81000000,1451.91000000,616.37710000,1663473599999,894289.37009200,724,219.84490000,318948.55246500,0
1663473600000,1451.94000000,1456.42000000,1448.95000000,1453.51000000,507.85080000,1663477199999,737986.84605500,725,265.52020000,385811.46593800,0
1663477200000,1453.38000000,1460.17000000,1452.47000000,1457.87000000,365.66890000,1663480799999,532630.33458700,614,220.39060000,320958.73870400,0
1663480800000,1458.25000000,1459.43000000,1450.93000000,1453.65000000,364.01520000,1663484399999,529609.65101100,745,189.92590000,276289.02497200,0
1663484400000,1454.28000000,1457.64000000,1452.57000000,1453.38000000,442.78720000,1663487999999,644193.18473600,780,245.65530000,357383.12884400,0
1663488000000,1453.62000000,1459.40000000,1452.57000000,1455.23000000,612.06300000,1663491599999,891462.52880500,969,389.05630000,566699.19432000,0
1663491600000,1455.75000000,1458.33000000,1423.20000000,1424.33000000,2107.55110000,1663495199999,3030037.77998100,2583,934.95320000,1343976.01958400,0
1663495200000,1424.25000000,1444.24000000,1417.50000000,1431.88000000,1675.73040000,1663498799999,2398029.40790100,2617,931.13160000,1332135.75989800,0
1663498800000,1431.93000000,1435.86000000,1430.64000000,1434.10000000,886.77940000,1663502399999,1271356.92350500,1283,492.91370000,706749.31777700,0
1663502400000,1434.08000000,1439.92000000,1426.10000000,1438.62000000,1129.37390000,1663505999999,1617155.16090000,1757,473.35860000,677906.88979400,0
1663506000000,1438.47000000,1439.01000000,1431.96000000,1435.06000000,485.96590000,1663509599999,697801.59825900,992,226.60190000,325354.28723400,0
1663509600000,1435.14000000,1435.63000000,1410.00000000,1420.52000000,1537.51070000,1663513199999,2184856.91203200,2482,836.68800000,1189119.39983600,0
1663513200000,1420.51000000,1426.00000000,1412.27000000,1416.82000000,1144.68210000,1663516799999,1626112.24479600,1722,681.99490000,968807.43369800,0
1663516800000,1417.37000000,1424.34000000,1385.00000000,1395.87000000,4659.96900000,1663520399999,6524533.31037800,5567,2022.08170000,2830777.22467300,0
1663520400000,1396.08000000,1397.87000000,1372.15000000,1378.10000000,2063.88440000,1663523999999,2860863.44093900,3129,906.55240000,1256205.54054900,0
1663524000000,1377.38000000,1387.30000000,1367.02000000,1374.40000000,2221.36330000,1663527599999,3058961.56548100,3173,1097.99260000,1512096.34030100,0
1663527600000,1374.43000000,1386.94000000,1368.48000000,1380.89000000,1704.16240000,1663531199999,2351075.91330200,2265,810.96430000,1118737.35733400,0
1663531200000,1380.50000000,1381.56000000,1367.04000000,1372.10000000,1566.20920000,1663534799999,2154584.39462400,2150,833.85300000,1146823.05125300,0
1663534800000,1371.82000000,1372.00000000,1325.00000000,1334.37000000,8330.87200000,1663538399999,11139878.06960500,6342,6397.67380000,8540260.13670600,0
1663538400000,1333.59000000,1342.89000000,1327.18000000,1340.72000000,3751.95980000,1663541999999,5006117.25631600,3957,1800.40640000,2401767.00744300,0
1663542000000,1340.77000000,1355.36000000,1329.69000000,1334.17000000,2252.32070000,1663545599999,3023799.45163900,2926,1138.21600000,1528523.13579100,0
1663545600000,1334.56000000,1353.94000000,1331.49000000,1343.91000000,2516.30030000,1663549199999,3373939.38468200,3076,1240.30540000,1662738.94657100,0
1663549200000,1343.72000000,1352.68000000,1336.84000000,1340.36000000,1581.79620000,1663552799999,2127356.02984700,2081,835.67580000,1124104.41122000,0
1663552800000,1340.84000000,1342.03000000,1294.39000000,1301.80000000,8659.32350000,1663556399999,11318349.06545000,8855,3119.68800000,4081902.75419600,0
1663556400000,1301.63000000,1308.72000000,1290.00000000,1294.56000000,4373.51900000,1663559999999,5673529.10425900,3985,1779.86600000,2313517.64261800,0
1663560000000,1294.56000000,1309.37000000,1292.93000000,1305.90000000,1609.98210000,1663563599999,2097459.09013100,2172,787.81810000,1026323.66574600,0
1663563600000,1305.86000000,1313.33000000,1285.90000000,1296.40000000,2646.49860000,1663567199999,3447477.66843700,3478,1256.08430000,1635994.08576600,0
1663567200000,1296.61000000,1304.52000000,1281.00000000,1292.79000000,3893.89020000,1663570799999,5037364.58299400,4872,1874.82540000,2425405.39739100,0
1663570800000,1293.17000000,1304.32000000,1284.40000000,1302.05000000,2808.10780000,1663574399999,3634003.52492100,3723,1407.20720000,1821256.39957500,0
1663574400000,1302.30000000,1308.61000000,1292.95000000,1293.69000000,1658.46920000,1663577999999,2158185.45265300,2301,828.82620000,1078646.27930000,0
1663578000000,1293.67000000,1299.30000000,1289.33000000,1297.29000000,1611.10940000,1663581599999,2084143.46350300,2237,825.04650000,1067270.38032900,0
1663581600000,1296.89000000,1320.01000000,1295.95000000,1317.21000000,1617.84640000,1663585199999,2118662.12735500,2406,850.87530000,1114178.21779900,0
1663585200000,1316.94000000,1318.26000000,1302.38000000,1308.01000000,1736.74240000,1663588799999,2273061.15634600,2196,871.87980000,1141199.10659100,0
1663588800000,1308.19000000,1327.96000000,1306.76000000,1318.46000000,1905.66430000,1663592399999,2509207.66913500,2726,1031.46540000,1358315.23354400,0
1663592400000,1318.38000000,1343.81000000,1311.47000000,1339.60000000,3514.88060000,1663595999999,4675702.84773600,4190,1898.51160000,2527102.44957700,0
1663596000000,1339.65000000,1372.20000000,1331.96000000,1354.85000000,4123.63710000,1663599599999,5589753.45912900,5160,2058.54300000,2789253.24764300,0
1663599600000,1355.01000000,1361.59000000,1339.18000000,1341.64000000,1936.12500000,1663603199999,2611538.69134100,2852,909.83280000,1227658.90508100,0
1663603200000,1341.92000000,1353.90000000,1338.10000000,1351.47000000,1076.73840000,1663606799999,1449523.50717200,1884,567.39260000,763620.53983100,0
1663606800000,1351.97000000,1352.84000000,1322.40000000,1328.51000000,2561.17550000,1663610399999,3412568.78179000,2765,1632.46890000,2173828.60627600,0
1663610400000,1328.60000000,1345.22000000,1323.17000000,1344.79000000,1462.77660000,1663613999999,1949402.98290500,2273,761.17180000,1014411.06961300,0
1663614000000,1345.08000000,1367.55000000,1344.19000000,1362.68000000,2192.86220000,1663617599999,2975317.94153300,3259,1131.35480000,1535499.94749100,0
1663617600000,1362.63000000,1367.99000000,1356.70000000,1357.39000000,1288.45200000,1663621199999,1754069.46236000,1935,638.47560000,869080.81100800,0
1663621200000,1357.54000000,1393.13000000,1357.32000000,1378.12000000,1284.25170000,1663624799999,1766412.86701500,2445,587.95150000,808997.37872200,0
1663624800000,1378.38000000,1392.26000000,1374.03000000,1385.42000000,1270.15550000,1663628399999,1756504.11460900,1762,616.39520000,852270.23731900,0
1663628400000,1385.29000000,1388.46000000,1373.70000000,1376.30000000,1024.33010000,1663631999999,1414662.11626100,1556,462.02970000,638029.78847900,0
1663632000000,1376.01000000,1384.91000000,1363.76000000,1369.24000000,2643.07140000,1663635599999,3623059.32366200,3494,1462.04600000,2002960.35893500,0
1663635600000,1369.48000000,1369.82000000,1357.80000000,1366.01000000,1090.43590000,1663639199999,1486793.89283700,1596,551.88510000,752502.77914900,0
1663639200000,1366.45000000,1369.32000000,1360.75000000,1365.96000000,795.61510000,1663642799999,1085560.25365500,1377,375.30490000,512051.56006300,0
1663642800000,1365.98000000,1367.66000000,1342.09000000,1355.32000000,3554.53460000,1663646399999,4800399.16438700,3462,1312.94810000,1773743.11217900,0
1663646400000,1355.09000000,1359.45000000,1352.17000000,1356.82000000,1011.78270000,1663649999999,1371135.19964100,1399,483.44820000,655102.70230200,0
1663650000000,1357.01000000,1369.83000000,1356.00000000,1357.55000000,1208.98700000,1663653599999,1646533.83314400,1897,526.50690000,717327.73315900,0
1663653600000,1357.96000000,1361.69000000,1352.62000000,1360.25000000,951.91390000,1663657199999,1291913.50439000,1586,391.37490000,531002.96599900,0
1663657200000,1359.75000000,1377.71000000,1350.99000000,1358.94000000,2634.15400000,1663660799999,3598281.97960100,3712,1163.43090000,1590480.10228300,0
1663660800000,1358.47000000,1366.79000000,1354.55000000,1357.77000000,1135.21670000,1663664399999,1543313.02171800,1819,571.91560000,777713.95684000,0
1663664400000,1357.83000000,1359.96000000,1345.79000000,1352.77000000,1553.60280000,1663667999999,2100439.85984500,2342,795.56500000,1075254.13929200,0
1663668000000,1352.73000000,1360.79000000,1346.61000000,1360.48000000,951.50400000,1663671599999,1287244.03920300,1563,472.33990000,638841.13415300,0
1663671600000,1360.36000000,1365.34000000,1353.34000000,1356.25000000,1166.07880000,1663675199999,1585161.23841900,2049,570.34850000,775263.97668300,0
1663675200000,1356.34000000,1357.79000000,1346.32000000,1349.96000000,1170.31510000,1663678799999,1581355.80324100,1976,577.44940000,780169.55050000,0
1663678800000,1349.73000000,1352.47000000,1330.00000000,1343.91000000,5133.06430000,1663682399999,6870419.99985300,5563,2292.25080000,3067626.52464000,0
1663682400000,1343.81000000,1359.85000000,1335.70000000,1359.30000000,2992.62650000,1663685999999,4028148.56680100,3718,1459.71150000,1964224.92936800,0
1663686000000,1359.45000000,1381.41000000,1351.75000000,1377.26000000,2308.45520000,1663689599999,3149925.75821000,3229,1182.61600000,1613784.22130200,0
1663689600000,1377.38000000,1384.18000000,1357.97000000,1367.05000000,2609.26560000,1663693199999,3571434.65978700,3359,1238.47260000,1694536.08658600,0
1663693200000,1367.06000000,1369.03000000,1332.29000000,1335.67000000,2984.72280000,1663696799999,4017925.75223400,3796,1452.97460000,1955460.06633700,0
1663696800000,1335.39000000,1348.39000000,1331.94000000,1345.08000000,2359.23630000,1663700399999,3163654.37408000,2757,1276.32610000,1711526.86096600,0
1663700400000,1345.21000000,1357.71000000,1343.43000000,1352.18000000,1904.60630000,1663703999999,2573937.96978000,2366,960.78560000,1298508.96338700,0
1663704000000,1352.18000000,1356.49000000,1341.72000000,1343.44000000,1534.98000000,1663707599999,2068522.65247200,1887,700.56460000,943804.02806100,0
1663707600000,1343.43000000,1348.65000000,1317.14000000,1318.89000000,2056.50590000,1663711199999,2733309.21688500,2040,426.68650000,569407.73589300,0
1663711200000,1317.41000000,1332.25000000,1313.34000000,1331.09000000,3361.26420000,1663714799999,4435464.73827600,3429,1207.67600000,1595616.86487300,0
1663714800000,1331.01000000,1331.67000000,1315.92000000,1322.93000000,1039.97420000,1663718399999,1376583.22457400,1750,483.37130000,639573.96064800,0
1663718400000,1323.20000000,1335.69000000,1317.62000000,1334.14000000,1276.44680000,1663721999999,1693875.71226200,2083,725.83500000,963202.58304200,0
1663722000000,1334.34000000,1336.78000000,1327.25000000,1329.34000000,632.70240000,1663725599999,842563.43363300,1151,349.39200000,465204.60460900,0
1663725600000,1329.38000000,1345.98000000,1329.38000000,1340.28000000,965.46550000,1663729199999,1295034.39069200,1503,506.38180000,679112.20114300,0
1663729200000,1340.17000000,1342.89000000,1334.95000000,1337.54000000,441.26580000,1663732799999,591169.74260900,834,218.74670000,292992.69264100,0
1663732800000,1337.14000000,1338.43000000,1331.04000000,1338.26000000,593.46910000,1663736399999,792440.65256200,1125,247.14700000,329916.09674600,0
1663736400000,1338.37000000,1344.77000000,1330.39000000,1331.35000000,1286.50310000,1663739999999,1721376.60184400,2019,647.45020000,866264.61119500,0
1663740000000,1331.20000000,1338.85000000,1320.00000000,1327.08000000,2064.82410000,1663743599999,2743438.43123400,2852,933.14720000,1239830.24963200,0
1663743600000,1327.25000000,1333.30000000,1316.04000000,1332.23000000,1064.71220000,1663747199999,1411781.20578000,1820,524.61710000,695733.37191600,0
1663747200000,1332.23000000,1333.18000000,1323.21000000,1329.40000000,615.86910000,1663750799999,818002.08253700,1224,254.26110000,337647.09351400,0
1663750800000,1328.76000000,1340.51000000,1324.76000000,1339.06000000,855.15840000,1663754399999,1139585.74031900,1423,423.79990000,565052.29999100,0
1663754400000,1338.91000000,1349.21000000,1335.23000000,1346.21000000,1650.43370000,1663757999999,2212679.98444800,1968,947.92250000,1270701.83471300,0
1663758000000,1346.94000000,1354.00000000,1342.49000000,1350.83000000,1102.34550000,1663761599999,1485660.30139100,1586,577.34800000,778078.73555300,0
1663761600000,1351.77000000,1360.85000000,1346.75000000,1355.97000000,1509.91460000,1663765199999,2044016.99888400,2122,879.75930000,1191276.40396800,0
1663765200000,1356.35000000,1357.61000000,1344.59000000,1348.11000000,1754.50070000,1663768799999,2370885.01350000,2487,781.68040000,1056069.57411100,0
1663768800000,1348.17000000,1357.93000000,1340.67000000,1342.74000000,1485.00700000,1663772399999,2004199.53114900,2216,760.94290000,1027010.49720400,0
1663772400000,1342.83000000,1349.35000000,1334.25000000,1343.41000000,1165.72480000,1663775999999,1562977.23467800,2076,566.98880000,760165.75139800,0
1663776000000,1343.05000000,1353.37000000,1340.29000000,1341.40000000,1022.70400000,1663779599999,1377035.45725000,1814,533.41540000,718028.85611000,0
1663779600000,1341.14000000,1403.98000000,1341.09000000,1394.97000000,3480.13530000,1663783199999,4759902.02892400,4929,1968.09060000,2692786.00493900,0
1663783200000,1400.71000000,1409.33000000,1305.00000000,1375.24000000,16162.42410000,1663786799999,21796537.10502800,20657,8054.32210000,10861361.70975200,0
1663786800000,1376.66000000,1380.33000000,1321.94000000,1323.71000000,7747.96060000,1663790399999,10437679.22405200,9276,3947.11190000,5317792.17781200,0
1663790400000,1323.44000000,1327.09000000,1308.44000000,1315.06000000,3179.85010000,1663793999999,4182652.73374900,4561,1464.41570000,1925973.97678800,0
1663794000000,1314.22000000,1314.22000000,1241.87000000,1253.64000000,6178.21570000,1663797599999,7851624.14349500,7997,2867.94460000,3644526.03398400,0
1663797600000,1253.02000000,1255.50000000,1220.69000000,1244.31000000,5992.05080000,1663801199999,7411331.36262800,7199,2558.72530000,3162938.30324400,0
1663801200000,1243.54000000,1255.38000000,1240.00000000,1245.93000000,1609.86030000,1663804799999,2007717.78526200,2605,715.90520000,892698.60335600,0
1663804800000,1245.76000000,1252.04000000,1237.24000000,1243.38000000,2040.43910000,1663808399999,2537548.99082700,3120,923.29880000,1147973.61516300,0
1663808400000,1242.56000000,1257.82000000,1241.48000000,1257.07000000,1764.79570000,1663811999999,2207059.25452100,2426,952.42520000,1190938.03542700,0
1663812000000,1256.85000000,1268.76000000,1252.61000000,1265.94000000,2005.40890000,1663815599999,2526608.48956300,2665,1111.59200000,1400292.24064100,0
1663815600000,1265.71000000,1271.23000000,1260.67000000,1263.23000000,1413.02570000,1663819199999,1786566.58710600,2144,831.14810000,1050936.69976200,0
1663819200000,1263.61000000,1270.90000000,1262.07000000,1264.35000000,1158.26020000,1663822799999,1466088.60519000,1969,596.03370000,754352.43721000,0
1663822800000,1264.07000000,1264.81000000,1254.50000000,1258.59000000,1118.12850000,1663826399999,1408495.12979100,1868,532.34400000,670552.56603900,0
1663826400000,1258.80000000,1274.81000000,1257.88000000,1267.11000000,2004.67490000,1663829999999,2540061.77451900,2840,1107.19750000,1402684.38870100,0
1663830000000,1266.41000000,1280.53000000,1264.69000000,1278.72000000,1108.88850000,1663833599999,1412267.70283500,1918,579.77070000,738300.03106000,0
1663833600000,1278.54000000,1298.43000000,1276.72000000,1289.83000000,2318.05040000,1663837199999,2984730.77857500,3282,1081.06530000,1392101.28974300,0
1663837200000,1290.43000000,1294.80000000,1285.00000000,1292.25000000,1422.29140000,1663840799999,1832718.93054500,1925,715.23750000,921518.06264800,0
1663840800000,1292.71000000,1302.70000000,1287.74000000,1296.00000000,1010.17010000,1663844399999,1307972.26277600,1641,494.44500000,640454.56258900,0
1663844400000,1295.89000000,1312.67000000,1288.92000000,1308.54000000,1721.91120000,1663847999999,2239271.12610800,2660,952.40250000,1238513.59743700,0
1663848000000,1308.52000000,1313.68000000,1302.56000000,1307.53000000,1629.75590000,1663851599999,2132230.90281300,2447,853.32200000,1116402.63277600,0
1663851600000,1307.21000000,1308.14000000,1270.42000000,1271.93000000,3039.81510000,1663855199999,3912675.02533800,4274,1463.06240000,1882002.12858400,0
1663855200000,1271.67000000,1286.00000000,1263.59000000,1266.39000000,2426.00730000,1663858799999,3096040.28406800,3538,1262.23010000,1610214.84021100,0
1663858800000,1266.29000000,1273.73000000,1256.88000000,1272.05000000,2262.25310000,1663862399999,2862154.91593600,3200,1076.74920000,1362057.66478500,0
1663862400000,1270.92000000,1284.95000000,1252.08000000,1281.95000000,2359.81220000,1663865999999,3000008.20555900,3619,1130.66070000,1436575.61383000,0
1663866000000,1281.60000000,1295.27000000,1273.88000000,1290.18000000,1623.63340000,1663869599999,2085935.73071600,2501,812.13750000,1043219.67926500,0
1663869600000,1290.25000000,1309.37000000,1281.72000000,1302.85000000,2697.53340000,1663873199999,3496847.27330900,3794,1459.43420000,1892065.26181600,0
1663873200000,1302.93000000,1336.54000000,1302.79000000,1323.67000000,2287.35260000,1663876799999,3018063.21960200,3487,1198.63720000,1581767.93283200,0
1663876800000,1323.83000000,1334.73000000,1323.55000000,1324.44000000,1486.38630000,1663880399999,1975369.61475500,2269,891.38070000,1184792.45547400,0
1663880400000,1324.50000000,1328.89000000,1306.90000000,1307.75000000,988.24980000,1663883999999,1302420.68089800,1559,497.12630000,655277.90009000,0
1663884000000,1307.95000000,1332.20000000,1307.67000000,1324.15000000,2311.47710000,1663887599999,3054396.98998700,3186,1113.73610000,1471894.35923700,0
1663887600000,1323.61000000,1348.67000000,1322.37000000,1326.08000000,1857.17450000,1663891199999,2476347.41378600,2784,988.43850000,1317609.44304700,0
1663891200000,1326.38000000,1339.58000000,1320.68000000,1321.40000000,1670.98030000,1663894799999,2223258.92886400,2484,845.74980000,1125481.28922500,0
1663894800000,1321.43000000,1334.17000000,1314.37000000,1332.52000000,1886.38870000,1663898399999,2499592.92444600,2630,948.45500000,1256541.36095500,0
1663898400000,1332.46000000,1334.09000000,1321.31000000,1324.29000000,1091.71150000,1663901999999,1448433.81289800,1716,537.49290000,713066.56669500,0
1663902000000,1324.14000000,1345.41000000,1324.14000000,1340.75000000,2073.76060000,1663905599999,2775987.67365900,2907,1014.37990000,1357277.23720200,0
1663905600000,1340.76000000,1359.39000000,1333.34000000,1349.94000000,2124.68580000,1663909199999,2863322.69641500,2979,1184.20590000,1596085.18917900,0
1663909200000,1349.81000000,1355.57000000,1342.71000000,1342.71000000,1525.30260000,1663912799999,2057523.84339300,2085,680.00700000,917374.21859700,0
1663912800000,1342.37000000,1349.40000000,1341.88000000,1342.10000000,1106.58280000,1663916399999,1487780.40113500,1662,534.95910000,719257.72928400,0
1663916400000,1342.11000000,1343.42000000,1328.74000000,1331.88000000,1896.22190000,1663919999999,2536338.53017400,2880,833.80190000,1115279.48712400,0
1663920000000,1331.93000000,1335.61000000,1312.96000000,1317.69000000,2477.83660000,1663923599999,3274642.14238500,3305,1216.01900000,1607430.46310000,0
1663923600000,1317.39000000,1322.92000000,1303.87000000,1312.86000000,1700.32180000,1663927199999,2230899.68966400,2618,919.45730000,1206454.16527300,0
1663927200000,1312.89000000,1315.15000000,1290.00000000,1294.84000000,2026.60940000,1663930799999,2640293.96914100,2807,1081.69480000,1409153.95548500,0
1663930800000,1294.48000000,1297.24000000,1282.25000000,1287.89000000,2827.99440000,1663934399999,3645767.59137400,3496,1692.41840000,2181565.05683900,0
1663934400000,1287.75000000,1305.31000000,1285.65000000,1297.72000000,2307.53510000,1663937999999,2992598.38997600,3196,1319.80980000,1711458.33031400,0
1663938000000,1297.72000000,1318.69000000,1267.82000000,1270.99000000,4474.57490000,1663941599999,5827427.47069400,5642,2325.39290000,3027494.90744300,0
1663941600000,1271.15000000,1288.34000000,1262.45000000,1283.58000000,4250.98430000,1663945199999,5434347.86867000,5177,1999.89720000,2556759.13365400,0
1663945200000,1283.47000000,1309.00000000,1277.93000000,1294.35000000,3099.72850000,1663948799999,4013799.14739500,4213,1513.79110000,1960672.04826100,0
1663948800000,1293.76000000,1298.10000000,1278.78000000,1295.07000000,2198.62760000,1663952399999,2833925.87126900,3275,1156.68840000,1490662.78370800,0
1663952400000,1295.30000000,1302.50000000,1283.51000000,1295.67000000,2223.60530000,1663955999999,2876055.98513100,2987,1157.33560000,1496365.98054900,0
1663956000000,1295.71000000,1307.13000000,1277.49000000,1282.94000000,5517.40160000,1663959599999,7125295.22616700,5910,2734.12210000,3530245.84701800,0
1663959600000,1282.44000000,1295.35000000,1275.00000000,1293.10000000,4015.39150000,1663963199999,5167378.88382100,4601,2026.32090000,2606739.85844400,0
1663963200000,1292.77000000,1308.67000000,1292.12000000,1300.80000000,2052.66760000,1663966799999,2671666.24502500,2749,1197.26440000,1557759.28256100,0
1663966800000,1300.55000000,1330.44000000,1298.80000000,1326.34000000,691.78600000,1663970399999,909475.80950000,1443,334.21600000,439339.95948000,0
1663970400000,1327.20000000,1337.59000000,1323.43000000,1329.76000000,2405.64220000,1663973999999,3199382.59824700,3203,1218.82400000,1621050.88089400,0
1663974000000,1329.75000000,1339.83000000,1322.92000000,1326.98000000,1413.08050000,1663977599999,1880072.42196000,1770,851.80080000,1132347.39382800,0
1663977600000,1327.39000000,1330.20000000,1311.47000000,1317.95000000,1813.33590000,1663981199999,2391319.28360000,2646,1009.51040000,1330836.65005100,0
1663981200000,1317.92000000,1324.85000000,1312.92000000,1318.46000000,1039.11540000,1663984799999,1371025.21474000,1486,585.46280000,772392.91760000,0
1663984800000,1318.74000000,1330.15000000,1316.81000000,1324.63000000,1438.98390000,1663988399999,1904515.81922500,2218,778.34190000,1030014.82797900,0
1663988400000,1324.50000000,1327.61000000,1315.92000000,1321.46000000,1295.42930000,1663991999999,1711752.44555400,1949,642.78650000,849228.16917300,0
1663992000000,1321.54000000,1329.49000000,1318.35000000,1328.05000000,669.37380000,1663995599999,886198.79591600,1133,390.47010000,517051.21608600,0
1663995600000,1328.09000000,1337.72000000,1323.52000000,1332.66000000,1026.64890000,1663999199999,1364594.14624700,1573,552.22840000,734187.13870100,0
1663999200000,1332.65000000,1335.60000000,1322.31000000,1324.64000000,857.31660000,1664002799999,1138006.85739800,1329,386.72990000,513331.07411400,0
1664002800000,1324.58000000,1325.35000000,1316.85000000,1322.47000000,838.84480000,1664006399999,1109096.47110500,1424,381.92570000,504920.64417200,0
1664006400000,1322.49000000,1331.15000000,1316.97000000,1329.34000000,1065.97390000,1664009999999,1411967.93857700,1616,526.30320000,697231.40031200,0
1664010000000,1329.35000000,1330.14000000,1321.34000000,1326.71000000,724.18190000,1664013599999,960796.43445400,1280,370.16830000,491046.03623100,0
1664013600000,1326.85000000,1328.68000000,1320.55000000,1325.95000000,578.20470000,1664017199999,766429.72880800,1034,313.94170000,416086.13842700,0
1664017200000,1326.09000000,1332.68000000,1324.04000000,1327.08000000,532.29330000,1664020799999,707072.26652800,971,277.47050000,368421.37852100,0
1664020800000,1326.93000000,1336.35000000,1326.03000000,1332.05000000,800.16490000,1664024399999,1064764.65345800,1317,409.38660000,544769.90363500,0
1664024400000,1332.04000000,1348.88000000,1331.14000000,1342.14000000,1296.59830000,1664027999999,1738639.23051300,2162,688.66110000,923408.04708000,0
1664028000000,1343.15000000,1349.23000000,1339.44000000,1342.25000000,906.23580000,1664031599999,1217790.11457500,1541,392.26950000,527065.72681600,0
1664031600000,1342.37000000,1345.09000000,1333.42000000,1339.74000000,790.65280000,1664035199999,1058510.23490200,1366,353.23170000,472855.97286000,0
1664035200000,1340.02000000,1347.23000000,1337.40000000,1337.72000000,804.42210000,1664038799999,1079998.67410600,1443,405.83030000,544658.00018800,0
1664038800000,1337.84000000,1343.41000000,1333.84000000,1336.29000000,637.26970000,1664042399999,852992.23076200,1112,313.44880000,419520.38217100,0
1664042400000,1336.53000000,1344.33000000,1333.99000000,1343.73000000,515.39160000,1664045999999,690196.63159800,884,284.42970000,380779.81716000,0
1664046000000,1343.74000000,1348.25000000,1339.62000000,1342.41000000,797.03120000,1664049599999,1070975.43663900,1214,357.59040000,480379.67196400,0
1664049600000,1342.17000000,1344.15000000,1337.71000000,1341.76000000,583.79610000,1664053199999,782651.17801500,902,301.18850000,403751.94663100,0
1664053200000,1342.10000000,1342.61000000,1319.55000000,1322.60000000,593.19490000,1664056799999,787661.91348000,1186,311.05020000,412746.77973400,0
1664056800000,1323.13000000,1323.26000000,1306.73000000,1314.45000000,1362.75090000,1664060399999,1792524.24259700,2174,662.21260000,871086.63738700,0
1664060400000,1314.45000000,1320.90000000,1310.73000000,1316.80000000,661.65600000,1664063999999,870633.66838300,1261,326.88010000,430057.59923600,0
1664064000000,1317.30000000,1323.58000000,1314.32000000,1321.31000000,830.16520000,1664067599999,1095319.04852000,1486,442.91160000,584360.10766700,0
1664067600000,1321.62000000,1325.55000000,1318.49000000,1321.63000000,910.61420000,1664071199999,1203471.16347600,1173,338.08140000,446755.59931900,0
1664071200000,1321.49000000,1322.44000000,1316.16000000,1321.20000000,425.13790000,1664074799999,561188.60111400,762,236.98930000,312806.69190600,0
1664074800000,1321.61000000,1329.50000000,1318.63000000,1329.15000000,528.62920000,1664078399999,700501.35560200,1024,321.85050000,426525.19127500,0
1664078400000,1329.51000000,1330.02000000,1324.91000000,1327.70000000,318.03380000,1664081999999,422206.59997100,636,162.39740000,215541.90741000,0
1664082000000,1327.86000000,1329.68000000,1319.86000000,1322.49000000,491.99390000,1664085599999,651077.99916300,865,240.42890000,318212.63451400,0
1664085600000,1322.78000000,1328.56000000,1321.68000000,1326.35000000,320.09240000,1664089199999,424304.90647000,563,165.16930000,218923.19026700,0
1664089200000,1326.42000000,1337.99000000,1324.34000000,1332.71000000,867.76570000,1664092799999,1155997.96119600,1373,401.54740000,534872.65690600,0
1664092800000,1332.69000000,1334.55000000,1327.94000000,1330.79000000,588.21990000,1664096399999,783076.65414300,1009,251.26840000,334560.22246600,0
1664096400000,1330.58000000,1332.57000000,1321.98000000,1323.10000000,314.11340000,1664099999999,417185.78277900,710,152.79030000,203017.19069800,0
1664100000000,1323.21000000,1327.28000000,1317.09000000,1325.30000000,408.31710000,1664103599999,540370.16772500,949,213.39530000,282400.63055400,0
1664103600000,1325.57000000,1332.36000000,1325.11000000,1329.34000000,810.38370000,1664107199999,1076561.41644800,1465,427.29540000,567581.97738400,0
1664107200000,1329.29000000,1331.59000000,1322.31000000,1323.49000000,451.47680000,1664110799999,598895.77420500,871,207.53700000,275266.67116100,0
1664110800000,1323.67000000,1323.99000000,1298.61000000,1306.21000000,1948.22930000,1664114399999,2552370.91250700,3072,943.96910000,1236349.98930300,0
1664114400000,1305.86000000,1310.23000000,1299.32000000,1306.19000000,807.14650000,1664117999999,1053669.25945800,1555,347.77710000,454012.02403700,0
1664118000000,1305.78000000,1314.44000000,1305.01000000,1310.93000000,505.08900000,1664121599999,662129.39310100,941,288.07890000,377545.85088900,0
1664121600000,1310.96000000,1320.75000000,1301.56000000,1303.60000000,1204.44360000,1664125199999,1581673.79701000,1840,671.13920000,881484.80908400,0
1664125200000,1303.59000000,1304.60000000,1281.00000000,1297.53000000,5069.85130000,1664128799999,6534747.63702600,4378,1631.73140000,2103552.17903300,0
1664128800000,1297.48000000,1300.66000000,1289.44000000,1296.45000000,1087.70060000,1664132399999,1408293.87091300,1613,494.57060000,640181.38528700,0
1664132400000,1296.60000000,1303.48000000,1294.61000000,1299.92000000,2098.47510000,1664135999999,2728409.27036400,2142,557.77920000,724826.46088000,0
1664136000000,1299.91000000,1300.28000000,1291.21000000,1292.69000000,804.88490000,1664139599999,1042797.63500300,1174,439.72770000,569585.56491200,0
1664139600000,1292.22000000,1294.14000000,1280.00000000,1285.47000000,600.30270000,1664143199999,773136.80870000,1243,307.24340000,395642.78321600,0
1664143200000,1285.02000000,1302.92000000,1269.51000000,1291.15000000,2725.11470000,1664146799999,3509189.63949600,3626,1317.06530000,1695700.80627400,0
1664146800000,1291.05000000,1300.10000000,1288.43000000,1294.94000000,1216.62210000,1664150399999,1573726.74983900,1750,593.06220000,767038.55668100,0
1664150400000,1294.67000000,1311.65000000,1290.00000000,1292.74000000,2328.00100000,1664153999999,3031538.00154200,3558,1205.08550000,1568849.80205800,0
1664154000000,1292.78000000,1307.12000000,1286.95000000,1301.47000000,2378.88920000,1664157599999,3084212.64261900,3254,1151.42770000,1492766.37492300,0
1664157600000,1301.37000000,1308.69000000,1299.24000000,1304.12000000,1186.41500000,1664161199999,1547364.36107600,1626,641.76040000,837007.34812600,0
1664161200000,1304.44000000,1314.13000000,1301.23000000,1303.60000000,688.70430000,1664164799999,899159.45051200,1008,334.49580000,436873.10922100,0
1664164800000,1303.09000000,1306.47000000,1293.97000000,1294.32000000,693.06660000,1664168399999,900845.34628900,825,315.79690000,410507.88401500,0
1664168400000,1294.28000000,1296.48000000,1286.50000000,1291.33000000,647.58750000,1664171999999,836578.13923500,866,328.94220000,424993.33293100,0
1664172000000,1290.76000000,1296.44000000,1278.42000000,1279.71000000,1219.40360000,1664175599999,1567620.82703600,1408,598.07010000,769075.79051200,0
1664175600000,1280.41000000,1300.67000000,1279.30000000,1295.16000000,1455.82610000,1664179199999,1883159.55680100,1604,709.99770000,918254.48956300,0
1664179200000,1295.42000000,1322.77000000,1293.51000000,1321.34000000,1068.81330000,1664182799999,1399403.60345500,1272,594.29370000,777652.22241100,0
1664182800000,1321.51000000,1325.20000000,1308.12000000,1310.06000000,991.30770000,1664186399999,1303956.12074300,1226,511.68800000,672676.11969400,0
1664186400000,1310.21000000,1318.29000000,1306.88000000,1311.36000000,710.95420000,1664189999999,932981.51620200,948,366.89210000,481446.86344500,0
1664190000000,1311.71000000,1313.11000000,1289.08000000,1296.25000000,993.53620000,1664193599999,1291444.94356100,1167,511.61960000,665404.65175100,0
1664193600000,1297.68000000,1321.10000000,1293.90000000,1315.90000000,954.56260000,1664197199999,1248772.67563600,1106,530.02740000,692935.19981400,0
1664197200000,1316.06000000,1327.28000000,1308.58000000,1325.31000000,1211.46040000,1664200799999,1597002.36807600,1489,692.97250000,913606.88635000,0
1664200800000,1325.33000000,1338.39000000,1320.98000000,1329.96000000,1599.06900000,1664204399999,2127831.76357400,1784,802.03830000,1067280.32726600,0
1664204400000,1330.08000000,1332.04000000,1313.40000000,1326.13000000,1354.25670000,1664207999999,1791652.18014600,1413,560.75520000,742013.40971600,0
1664208000000,1325.10000000,1325.11000000,1311.38000000,1322.46000000,931.95220000,1664211599999,1228673.23120600,1068,502.32320000,662331.59143300,0
1664211600000,1322.33000000,1327.61000000,1315.46000000,1323.06000000,1026.64860000,1664215199999,1356645.83696200,1122,541.82910000,715921.28455900,0
1664215200000,1323.06000000,1332.96000000,1321.26000000,1330.73000000,953.59570000,1664218799999,1266266.99582400,1002,454.39150000,603287.22613600,0
1664218800000,1331.05000000,1340.43000000,1327.19000000,1330.67000000,1592.93170000,1664222399999,2124244.90099100,1777,785.81560000,1047865.86630600,0
1664222400000,1330.41000000,1331.53000000,1321.70000000,1325.19000000,1187.91430000,1664225999999,1576039.67856100,1068,734.14880000,974457.13902100,0
1664226000000,1324.94000000,1326.67000000,1315.27000000,1318.39000000,186.07890000,1664229599999,245909.84528200,257,73.81790000,97548.14818400,0
1664229600000,1317.46000000,1333.91000000,1315.97000000,1327.31000000,980.37810000,1664233199999,1299119.20712200,831,571.65880000,757891.57434900,0
1664233200000,1327.51000000,1337.32000000,1327.46000000,1336.38000000,543.23740000,1664236799999,724758.98536500,562,249.07200000,332153.66302100,0
1664236800000,1336.22000000,1348.25000000,1332.30000000,1342.58000000,1266.90280000,1664240399999,1699849.50016100,1156,720.13720000,966159.74424800,0
1664240400000,1342.67000000,1379.86000000,1342.15000000,1367.29000000,2678.82890000,1664243999999,3652495.80085600,2459,1271.50720000,1732455.23896100,0
1664244000000,1367.26000000,1376.29000000,1344.76000000,1375.59000000,3614.36790000,1664247599999,4912955.77046800,1545,1005.45690000,1373463.89595500,0
1664247600000,1375.85000000,1389.63000000,1370.78000000,1385.35000000,2197.35570000,1664251199999,3036084.12098600,1888,1101.80760000,1522437.26327200,0
1664251200000,1385.42000000,1386.76000000,1380.00000000,1380.28000000,1130.06780000,1664254799999,1562010.77033700,918,515.79680000,713148.30630800,0
1664254800000,1380.61000000,1386.82000000,1375.35000000,1386.34000000,1697.73620000,1664258399999,2343869.88457400,1085,559.38000000,772419.05323300,0
1664258400000,1386.67000000,1394.21000000,1383.86000000,1384.28000000,1156.04590000,1664261999999,1604641.71251900,1177,707.33810000,981446.19837200,0
1664262000000,1384.43000000,1390.17000000,1380.75000000,1382.19000000,621.90970000,1664265599999,861767.44181400,628,368.88600000,511353.33142900,0
1664265600000,1382.67000000,1385.49000000,1376.29000000,1377.93000000,549.73510000,1664269199999,759376.23216700,520,256.80980000,354712.86992700,0
1664269200000,1378.32000000,1386.11000000,1375.60000000,1384.60000000,481.76790000,1664272799999,665279.54694200,531,243.13060000,335918.79905000,0
1664272800000,1384.39000000,1389.66000000,1383.02000000,1387.04000000,498.27050000,1664276399999,690657.47419800,488,227.20050000,314986.75731900,0
1664276400000,1386.93000000,1400.01000000,1382.03000000,1388.31000000,1184.53200000,1664279999999,1646897.89477000,974,627.71230000,872324.83678300,0
1664280000000,1388.68000000,1399.99000000,1385.57000000,1392.46000000,1112.44600000,1664283599999,1550697.19962100,858,586.71420000,817375.83801600,0
1664283600000,1391.91000000,1399.26000000,1382.65000000,1388.55000000,1288.55480000,1664287199999,1789496.63014900,1166,626.91790000,870787.25057300,0
1664287200000,1388.21000000,1391.48000000,1380.69000000,1389.58000000,1081.82300000,1664290799999,1499104.95116700,1106,656.27740000,909425.00404300,0
1664290800000,1388.79000000,1390.56000000,1365.00000000,1365.34000000,864.96950000,1664294399999,1191099.83794700,961,425.59420000,586129.99491700,0
1664294400000,1365.81000000,1367.10000000,1320.33000000,1331.91000000,3352.74320000,1664297999999,4509263.99038600,3099,1020.60750000,1369333.65023800,0
1664298000000,1332.23000000,1332.76000000,1308.22000000,1314.48000000,1595.92230000,1664301599999,2108100.20731300,1701,847.79210000,1120003.37516200,0
1664301600000,1314.28000000,1325.66000000,1303.88000000,1322.65000000,1062.70750000,1664305199999,1396907.40734300,1123,486.56140000,639663.87643800,0
1664305200000,1323.57000000,1330.91000000,1311.78000000,1324.43000000,1061.16030000,1664308799999,1402848.26544500,1196,497.46600000,657477.93367900,0
1664308800000,1324.54000000,1325.36000000,1317.30000000,1324.49000000,649.77270000,1664312399999,858362.95855700,577,326.63010000,431442.63634800,0
1664312400000,1325.03000000,1325.92000000,1317.29000000,1321.83000000,297.91050000,1664315999999,393724.21882200,364,186.66850000,246711.14236500,0
1664316000000,1322.11000000,1333.07000000,1317.20000000,1330.15000000,757.55890000,1664319599999,1005096.36800400,687,384.78200000,510635.27760500,0
1664319600000,1330.19000000,1335.14000000,1326.30000000,1328.03000000,393.75580000,1664323199999,523969.11259700,572,191.67350000,255061.05500000,0
1664323200000,1328.43000000,1339.99000000,1328.43000000,1333.40000000,391.00550000,1664326799999,521780.26659100,505,198.14360000,264461.31281400,0
1664326800000,1334.16000000,1336.69000000,1306.01000000,1310.64000000,905.01020000,1664330399999,1192076.74012100,1077,409.70930000,539801.05313100,0
1664330400000,1310.07000000,1312.10000000,1267.52000000,1276.82000000,2410.06080000,1664333999999,3096757.44870900,3077,1157.25390000,1485412.06702300,0
1664334000000,1277.10000000,1288.30000000,1275.87000000,1287.09000000,928.98090000,1664337599999,1192269.66605000,1429,624.90210000,801911.38697700,0
1664337600000,1287.12000000,1289.02000000,1281.13000000,1283.97000000,562.03400000,1664341199999,722018.40473400,510,315.35280000,405067.75017700,0
1664341200000,1283.66000000,1286.93000000,1277.28000000,1286.07000000,291.93140000,1664344799999,374575.53154700,450,158.85610000,203886.13258500,0
1664344800000,1286.64000000,1293.11000000,1277.90000000,1278.01000000,331.59360000,1664348399999,426296.39826700,519,144.98510000,186355.04518300,0
1664348400000,1278.50000000,1286.32000000,1266.84000000,1285.51000000,959.29570000,1664351999999,1225766.91811000,1104,431.91730000,552014.57283200,0
1664352000000,1285.57000000,1285.77000000,1277.00000000,1282.42000000,1287.39370000,1664355599999,1648254.27486100,778,217.09820000,278053.83581400,0
1664355600000,1282.68000000,1283.72000000,1269.57000000,1273.06000000,583.04090000,1664359199999,743235.85059700,737,318.62670000,406297.56655300,0
1664359200000,1272.13000000,1311.49000000,1253.02000000,1303.61000000,2662.00610000,1664362799999,3428680.04650900,2643,1333.40160000,1719597.30500600,0
1664362800000,1302.70000000,1305.65000000,1287.49000000,1294.85000000,571.56490000,1664366399999,739311.07407300,695,250.25600000,323572.24099000,0
1664366400000,1295.23000000,1311.97000000,1293.52000000,1304.52000000,514.10110000,1664369999999,669300.01397000,647,271.72390000,353778.05810300,0
1664370000000,1303.86000000,1318.67000000,1298.44000000,1311.02000000,1034.96980000,1664373599999,1354488.72225300,1188,556.17600000,727643.72037900,0
1664373600000,1310.86000000,1331.37000000,1305.26000000,1325.77000000,1406.23230000,1664377199999,1855612.68144100,1327,599.20240000,790147.65493400,0
1664377200000,1326.02000000,1332.99000000,1322.26000000,1332.10000000,521.88020000,1664380799999,693021.26480500,604,267.46510000,355155.46992900,0
1664380800000,1332.35000000,1339.34000000,1328.45000000,1329.26000000,854.97170000,1664384399999,1140140.30324100,941,403.93150000,538683.07063500,0
1664384400000,1329.77000000,1335.55000000,1311.22000000,1322.11000000,1079.13560000,1664387999999,1432120.44173500,1129,601.00170000,797931.56656600,0
1664388000000,1322.59000000,1335.80000000,1314.57000000,1334.06000000,596.69700000,1664391599999,790346.77305800,709,291.96360000,386877.33715600,0
1664391600000,1333.17000000,1343.36000000,1323.13000000,1334.13000000,631.68970000,1664395199999,842282.05377600,696,360.93100000,481042.82295900,0
1664395200000,1335.17000000,1354.86000000,1334.00000000,1349.33000000,1168.43170000,1664398799999,1573915.74376500,1142,586.25420000,789155.71955900,0
1664398800000,1350.74000000,1354.59000000,1341.95000000,1345.30000000,429.87790000,1664402399999,579837.89873500,439,279.59970000,377107.99843200,0
1664402400000,1345.71000000,1346.67000000,1333.28000000,1337.28000000,159.56930000,1664405999999,213993.34720900,167,76.43400000,102490.36315900,0
1664406000000,1339.69000000,1343.78000000,1335.87000000,1337.68000000,73.06550000,1664409599999,97914.48927300,107,56.03260000,75090.88529600,0
1664409600000,1337.32000000,1343.86000000,1328.16000000,1333.80000000,252.27110000,1664413199999,337397.61218700,281,113.29410000,151586.17427400,0
1664413200000,1332.95000000,1351.81000000,1332.95000000,1344.24000000,157.33810000,1664416799999,211650.40991900,345,60.78040000,81862.67803500,0
1664416800000,1345.45000000,1345.45000000,1330.58000000,1338.12000000,387.70450000,1664420399999,519621.63249000,295,292.81500000,392621.48168500,0
