1640995200000,46216.40000000,46729.27000000,46216.40000000,46653.11000000,74.20598000,1640998799999,3455886.53303520,1323,23.74160000,1104050.23354260,0
1640998800000,46660.14000000,46939.05000000,46573.56000000,46776.51000000,132.29666000,1641002399999,6170391.89077820,2027,14.66678000,685688.27603080,0
1641002400000,46783.73000000,46929.10000000,46734.29000000,46816.42000000,8.24562000,1641005999999,386178.50419730,364,3.93899000,184486.82546740,0
1641006000000,46823.42000000,46902.40000000,46759.53000000,46811.54000000,19.78472000,1641009599999,926823.10235890,575,9.89035000,463310.00891510,0
1641009600000,46806.32000000,46871.12000000,46628.12000000,46717.61000000,23.67957000,1641013199999,1106380.96895470,712,12.45310000,581698.51005860,0
1641013200000,46713.80000000,47548.80000000,46676.24000000,47199.42000000,33.05680000,1641016799999,1560992.61684350,1076,18.49870000,873211.97214960,0
1641016800000,47212.22000000,47321.33000000,46941.68000000,46980.08000000,14.04788000,1641020399999,662179.15561130,579,5.33329000,251323.04283860,0
1641020400000,46984.17000000,47242.98000000,46899.29000000,47242.98000000,12.71757000,1641023999999,598301.03259390,495,7.52938000,354365.69054400,0
1641024000000,47205.48000000,47337.67000000,47084.02000000,47113.95000000,12.82766000,1641027599999,605626.99097910,702,5.23879000,247265.17128690,0
1641027600000,47121.98000000,47206.18000000,46934.24000000,47134.43000000,15.25205000,1641031199999,718456.63944010,640,9.02153000,425029.84025700,0
1641031200000,47150.00000000,47293.36000000,46724.26000000,46872.16000000,30.43336000,1641034799999,1429675.69019640,833,18.82573000,884575.10078190,0
1641034800000,46880.75000000,47011.15000000,46766.54000000,46766.54000000,18.72284000,1641038399999,878083.95755140,746,7.01639000,328998.60279660,0
1641038400000,46777.85000000,47141.79000000,46767.55000000,47083.51000000,30.91131000,1641041999999,1452738.36181360,872,23.01136000,1081184.54328500,0
1641042000000,47100.71000000,47191.91000000,46941.15000000,47036.66000000,9.91827000,1641045599999,466787.00011050,379,4.21150000,198202.77195010,0
1641045600000,47033.99000000,47104.68000000,46858.03000000,46926.30000000,10.24086000,1641049199999,480852.61636130,474,3.60532000,169304.97916610,0
1641049200000,46920.07000000,47480.29000000,46895.24000000,47228.54000000,24.09320000,1641052799999,1137829.53461770,766,12.08619000,570858.89035220,0
1641052800000,47245.32000000,47516.83000000,47199.91000000,47280.00000000,27.11042000,1641056399999,1284565.79919790,897,12.60937000,597450.24131570,0
1641056400000,47273.98000000,47963.45000000,47230.19000000,47759.25000000,77.43636000,1641059999999,3685097.27078080,1738,33.45159000,1594460.18316160,0
1641060000000,47786.61000000,47857.79000000,47403.50000000,47572.03000000,49.05819000,1641063599999,2333287.97951170,1207,12.54401000,597049.68207180,0
1641063600000,47597.64000000,47610.92000000,47300.43000000,47333.56000000,26.13280000,1641067199999,1239675.12826100,782,8.10563000,384388.54989810,0
1641067200000,47342.96000000,47561.92000000,47258.55000000,47403.73000000,21.38892000,1641070799999,1014105.91465270,694,6.91471000,327812.75892070,0
1641070800000,47402.67000000,47558.39000000,47279.49000000,47323.96000000,20.48399000,1641074399999,971538.88661680,677,10.65195000,505175.12894740,0
1641074400000,47336.05000000,47495.85000000,47216.66000000,47439.49000000,25.78825000,1641077999999,1220415.91755350,569,8.93703000,423035.96684460,0
1641078000000,47442.10000000,50840.31000000,47287.71000000,47734.13000000,64.07060000,1641081599999,3092792.18052500,1563,52.66302000,2549514.68450270,0
1641081600000,47721.47000000,47844.29000000,47396.95000000,47640.40000000,40.59610000,1641085199999,1932026.87702150,952,18.67759000,889060.81873500,0
1641085200000,47653.23000000,47653.23000000,47324.89000000,47375.74000000,12.13453000,1641088799999,575886.17463160,475,5.10731000,242507.40954860,0
1641088800000,47378.98000000,47455.50000000,47293.50000000,47373.14000000,8.61570000,1641092399999,408223.21178690,385,3.44853000,163350.90632360,0
1641092400000,47368.50000000,47472.77000000,47273.90000000,47341.10000000,7.17759000,1641095999999,339940.01798100,351,3.02559000,143382.86071810,0
1641096000000,47341.11000000,47426.57000000,46762.07000000,46915.60000000,42.56955000,1641099599999,2005148.75875900,1009,17.02975000,801836.64696820,0
1641099600000,46902.71000000,47088.46000000,46794.85000000,47085.69000000,24.16622000,1641103199999,1134975.68783410,553,13.27517000,623614.15169250,0
1641103200000,47078.45000000,47245.98000000,47021.12000000,47140.49000000,18.98988000,1641106799999,894816.21257800,481,11.05711000,521130.97343780,0
1641106800000,47099.92000000,47300.00000000,47099.92000000,47187.83000000,10.28601000,1641110399999,485487.86388050,316,4.60514000,217416.00751360,0
1641110400000,47152.14000000,47251.73000000,47001.13000000,47232.75000000,13.43556000,1641113999999,633303.90738120,495,5.85883000,276235.92095680,0
1641114000000,47226.86000000,47500.37000000,47154.97000000,47294.54000000,32.33710000,1641117599999,1530652.90718640,1006,11.16301000,528183.20499210,0
1641117600000,47275.24000000,47350.27000000,47158.18000000,47185.79000000,9.76729000,1641121199999,461554.20341920,521,5.51131000,260476.08167000,0
1641121200000,47197.26000000,47391.85000000,47169.37000000,47236.72000000,12.80392000,1641124799999,605365.56926860,628,3.91191000,184995.32848490,0
1641124800000,47235.26000000,47450.07000000,47023.53000000,47305.41000000,34.69397000,1641128399999,1639815.59726110,957,11.23409000,530205.61018710,0
1641128400000,47298.94000000,47302.00000000,47095.60000000,47152.59000000,18.82548000,1641131999999,888265.48033340,733,9.49529000,447996.76283170,0
1641132000000,47139.72000000,47204.75000000,47022.55000000,47123.13000000,14.43751000,1641135599999,680414.85742950,624,9.18167000,432595.12337170,0
1641135600000,47111.91000000,47388.00000000,47081.91000000,47340.37000000,21.81943000,1641139199999,1030279.18025650,908,11.08443000,523510.66748550,0
1641139200000,47347.08000000,47891.42000000,47281.76000000,47810.87000000,63.66731000,1641142799999,3032049.43618960,1392,35.80959000,1706481.20605700,0
1641142800000,47814.71000000,48000.00000000,47336.63000000,47412.83000000,57.25108000,1641146399999,2728559.50615970,1430,25.05738000,1193850.14497010,0
1641146400000,47406.75000000,47406.75000000,46666.00000000,47065.75000000,77.17875000,1641149999999,3626868.60888880,1649,34.09873000,1602374.93100910,0
1641150000000,47047.16000000,47216.66000000,46863.72000000,46922.86000000,24.09273000,1641153599999,1133038.15832500,683,11.51578000,541645.00086350,0
1641153600000,46924.06000000,47052.87000000,46828.06000000,47011.75000000,10.68584000,1641157199999,501872.31989000,390,4.91364000,230827.94687270,0
1641157200000,47000.00000000,47165.45000000,46925.51000000,47031.48000000,12.75987000,1641160799999,600157.24961360,499,5.71965000,269010.61533420,0
1641160800000,47029.88000000,47400.00000000,47029.88000000,47255.44000000,23.64084000,1641164399999,1117176.29923210,656,16.29887000,770363.08831580,0
1641164400000,47285.50000000,47477.77000000,47269.01000000,47289.86000000,24.56219000,1641167999999,1162998.70708740,651,13.09110000,619677.23160700,0
1641168000000,47289.86000000,47297.70000000,47040.91000000,47054.49000000,27.24157000,1641171599999,1285052.39935120,758,9.76227000,460551.58411290,0
1641171600000,47053.31000000,47152.48000000,46963.07000000,47126.57000000,23.09235000,1641175199999,1086682.74253130,498,12.45737000,586344.78027060,0
1641175200000,47119.44000000,47119.44000000,46856.79000000,47006.61000000,30.69839000,1641178799999,1441289.55146250,683,15.68839000,736404.39984640,0
1641178800000,46993.84000000,47142.84000000,46726.50000000,46808.36000000,40.05758000,1641182399999,1878220.47992400,700,25.16233000,1179876.80418590,0
1641182400000,46807.16000000,46943.82000000,46758.28000000,46820.01000000,10.59968000,1641185999999,496493.86748990,328,4.69170000,219755.71437050,0
1641186000000,46831.87000000,47209.80000000,46781.41000000,47083.74000000,31.63419000,1641189599999,1486459.98094870,1015,11.68577000,548991.51513450,0
1641189600000,47082.74000000,47104.79000000,46889.49000000,46908.71000000,16.29594000,1641193199999,765945.53103230,704,5.56363000,261452.33824400,0
1641193200000,46909.57000000,47074.88000000,46867.41000000,47047.14000000,12.38952000,1641196799999,581562.80724560,449,7.96622000,373859.70368670,0
1641196800000,47049.36000000,47133.30000000,46940.94000000,46985.71000000,16.54845000,1641200399999,778003.58155490,651,8.91289000,418887.72914810,0
1641200400000,46986.65000000,47105.78000000,46787.47000000,46986.83000000,14.07578000,1641203999999,660353.61653640,501,7.60719000,356828.04362590,0
1641204000000,46990.13000000,47251.85000000,46990.13000000,47136.59000000,50.89350000,1641207599999,2399614.49907830,1195,16.25686000,766130.21808390,0
1641207600000,47146.87000000,47450.07000000,47144.09000000,47374.66000000,51.09613000,1641211199999,2417834.11179370,1266,37.36468000,1767970.77526710,0
1641211200000,47379.45000000,47586.32000000,47180.94000000,47204.99000000,99.51455000,1641214799999,4712788.14635080,1666,66.07746000,3127862.11297450,0
1641214800000,47205.39000000,47357.96000000,47134.76000000,47157.57000000,30.14316000,1641218399999,1424557.84746050,858,19.70866000,931356.63838060,0
1641218400000,47157.56000000,47284.09000000,46761.57000000,46879.85000000,70.24567000,1641221999999,3299098.43540480,1585,43.67729000,2051046.75757140,0
1641222000000,46867.94000000,47017.21000000,46600.00000000,46697.16000000,74.44355000,1641225599999,3486537.58822590,1457,32.33946000,1514944.63105610,0
1641225600000,46678.63000000,46769.37000000,46300.00000000,46467.41000000,323.04285000,1641229199999,15001108.02600860,4336,48.50710000,2253797.08335220,0
1641229200000,46475.61000000,46787.11000000,46416.26000000,46599.85000000,30.56303000,1641232799999,1425537.76888450,824,13.90859000,648641.47407330,0
1641232800000,46581.62000000,46736.28000000,46417.28000000,46466.31000000,29.98816000,1641236399999,1396328.20159560,729,16.78030000,781206.85947550,0
1641236400000,46468.33000000,46645.77000000,46360.86000000,46360.86000000,21.28590000,1641239999999,990276.26354600,612,11.79649000,548597.54817160,0
1641240000000,46352.01000000,46399.44000000,45700.00000000,45923.11000000,190.71200000,1641243599999,8796629.32904830,3633,54.57953000,2512934.49880560,0
1641243600000,45915.55000000,46255.40000000,45814.68000000,45976.64000000,76.61228000,1641247199999,3524436.07776680,1320,58.45309000,2688695.01854710,0
1641247200000,45973.96000000,46436.33000000,45965.81000000,46206.32000000,30.78793000,1641250799999,1422209.74499990,975,13.47180000,622081.20386680,0
1641250800000,46232.31000000,46575.74000000,46159.37000000,46422.99000000,107.14029000,1641254399999,4975800.77125750,2198,67.31767000,3128288.30674450,0
1641254400000,46435.00000000,46512.24000000,46151.17000000,46247.19000000,45.98130000,1641257999999,2129052.75024160,1150,30.97151000,1434048.82692270,0
1641258000000,46233.18000000,46392.35000000,46046.03000000,46073.85000000,28.11423000,1641261599999,1298985.66797480,848,13.98208000,646047.07552590,0
1641261600000,46062.39000000,46263.03000000,45945.73000000,46115.19000000,134.95635000,1641265199999,6210371.46628280,2190,23.51770000,1083228.67367360,0
1641265200000,46115.28000000,46376.22000000,46013.54000000,46315.59000000,27.83571000,1641268799999,1285586.93998590,814,14.93191000,689696.94695000,0
1641268800000,46317.25000000,46406.45000000,46012.22000000,46089.10000000,74.14759000,1641272399999,3424705.25686610,2873,52.67963000,2433099.97644550,0
1641272400000,46091.08000000,46287.50000000,46018.00000000,46134.86000000,74.90174000,1641275999999,3455957.67975630,2693,39.16030000,1806353.15841630,0
1641276000000,46144.37000000,46383.78000000,46064.23000000,46370.12000000,42.65805000,1641279599999,1972463.89520780,1983,19.98057000,923544.00304660,0
1641279600000,46370.23000000,46584.54000000,46320.13000000,46527.65000000,32.40268000,1641283199999,1504716.96138910,799,10.19452000,473785.03666070,0
1641283200000,46548.98000000,46694.44000000,46390.39000000,46490.45000000,68.41537000,1641286799999,3185305.25454230,1286,14.75096000,686991.92050990,0
1641286800000,46491.84000000,46598.21000000,46299.29000000,46343.73000000,43.84179000,1641290399999,2037516.69639880,1168,16.12655000,748701.36174100,0
1641290400000,46346.55000000,46750.00000000,46294.40000000,46625.31000000,47.33937000,1641293999999,2204476.16817050,1001,24.29699000,1131023.92860740,0
1641294000000,46624.19000000,46755.10000000,46619.64000000,46718.11000000,50.72802000,1641297599999,2369013.97040050,1175,26.42798000,1233987.85025130,0
1641297600000,46739.79000000,46763.66000000,46475.63000000,46643.74000000,30.92682000,1641301199999,1440586.85261970,777,18.59338000,866005.72489710,0
1641301200000,46650.95000000,47059.01000000,46416.95000000,46950.41000000,93.53148000,1641304799999,4381887.96048070,1833,59.16171000,2774878.25584040,0
1641304800000,46975.01000000,47477.77000000,46814.96000000,47342.99000000,89.51062000,1641308399999,4218475.46895290,1995,48.90946000,2303201.59287920,0
1641308400000,47361.72000000,47540.84000000,46848.81000000,46913.32000000,79.70391000,1641311999999,3766795.50034300,1968,50.17634000,2371892.07667990,0
1641312000000,46917.85000000,46917.85000000,46642.54000000,46753.02000000,87.36809000,1641315599999,4086948.78343900,1806,62.86281000,2940275.52412980,0
1641315600000,46745.04000000,46966.96000000,46529.54000000,46549.75000000,29.59192000,1641319199999,1384661.04101300,1069,13.78742000,644419.82544910,0
1641319200000,46549.75000000,46712.76000000,45517.31000000,45734.05000000,151.87620000,1641322799999,7002365.08942940,3100,86.24563000,3973228.88514800,0
1641322800000,45748.29000000,46442.18000000,45578.90000000,46036.47000000,112.32354000,1641326399999,5187643.32216160,2318,35.93718000,1657806.27978330,0
1641326400000,46037.62000000,46424.42000000,45958.07000000,46248.18000000,39.59985000,1641329999999,1831783.34041170,1287,14.68438000,678941.49362100,0
1641330000000,46256.81000000,46309.79000000,46014.66000000,46232.76000000,44.86425000,1641333599999,2070591.77456240,910,26.82259000,1237672.57490170,0
1641333600000,46168.98000000,46241.58000000,45978.95000000,46123.15000000,19.39343000,1641337199999,894814.48880110,717,14.47751000,668050.07475290,0
1641337200000,46119.63000000,46134.61000000,45742.05000000,45838.57000000,17.55664000,1641340799999,806295.36758240,708,8.45164000,388057.67603060,0
1641340800000,45818.98000000,46292.42000000,45721.85000000,46263.48000000,24.65265000,1641344399999,1135385.37914080,822,14.23811000,655621.41405460,0
1641344400000,46259.62000000,46327.66000000,46102.82000000,46105.82000000,19.30655000,1641347999999,892379.00654920,802,10.01477000,462832.65676100,0
1641348000000,46107.77000000,46386.24000000,46107.77000000,46302.08000000,23.66042000,1641351599999,1094432.02170120,715,14.37028000,664776.80542880,0
1641351600000,46293.28000000,46545.21000000,46293.28000000,46423.25000000,26.97974000,1641355199999,1252874.62680580,727,12.73377000,591188.17759150,0
1641355200000,46426.64000000,46524.23000000,46351.22000000,46394.91000000,11.87985000,1641358799999,551595.79444000,403,6.81273000,316354.55619920,0
1641358800000,46400.94000000,46403.35000000,46245.04000000,46307.13000000,14.10294000,1641362399999,653054.38588140,531,7.46554000,345743.11842790,0
1641362400000,46304.21000000,46463.59000000,46245.32000000,46454.24000000,12.08091000,1641365999999,559732.55867480,440,3.39550000,157405.36260740,0
1641366000000,46453.35000000,46492.40000000,46332.06000000,46399.34000000,15.31211000,1641369599999,710659.59511270,444,8.85732000,411057.13170510,0
1641369600000,46399.86000000,46675.42000000,46263.72000000,46647.22000000,52.47832000,1641373199999,2442777.81892330,1012,23.09338000,1074720.26569270,0
1641373200000,46634.38000000,46960.84000000,46573.21000000,46862.99000000,43.97870000,1641376799999,2056901.35614490,1335,24.75421000,1157836.51082480,0
1641376800000,46870.04000000,47063.49000000,46674.70000000,46833.35000000,50.06193000,1641380399999,2347302.04859950,1304,19.62893000,919965.60630280,0
1641380400000,46828.91000000,46864.15000000,46114.16000000,46267.95000000,65.23631000,1641383999999,3030442.23725010,1499,44.29945000,2057939.02979860,0
1641384000000,46262.72000000,46343.66000000,45866.80000000,46210.86000000,64.42896000,1641387599999,2969715.09059290,1445,39.08897000,1802199.31639290,0
1641387600000,46225.33000000,46449.95000000,46100.75000000,46441.11000000,37.89994000,1641391199999,1754723.36677240,845,17.76752000,822336.98140880,0
1641391200000,46439.76000000,46818.18000000,46148.48000000,46703.72000000,110.13068000,1641394799999,5112719.03316740,2406,43.33150000,2012745.35178180,0
1641394800000,46722.61000000,46821.81000000,46382.23000000,46628.85000000,78.63519000,1641398399999,3668951.91376430,1706,23.31638000,1087310.64369370,0
1641398400000,46630.25000000,46702.70000000,46277.58000000,46294.98000000,54.49435000,1641401999999,2534088.67534630,1061,29.88398000,1390097.47716620,0
1641402000000,46294.98000000,46457.38000000,46008.00000000,46011.82000000,129.84534000,1641405599999,5989584.44222100,2206,22.08686000,1019528.43526070,0
1641405600000,46016.73000000,46309.84000000,45545.45000000,45932.31000000,113.99993000,1641409199999,5225491.65312120,2746,57.60572000,2642118.79445380,0
1641409200000,45923.81000000,46100.00000000,44430.75000000,44670.27000000,334.34320000,1641412799999,15117332.51001580,7050,187.79782000,8503884.91328810,0
1641412800000,44684.68000000,44907.76000000,43669.00000000,43953.03000000,292.36395000,1641416399999,12913536.15106930,5546,136.52973000,6032690.26351840,0
1641416400000,43976.95000000,44311.69000000,43374.39000000,43609.92000000,146.40448000,1641419999999,6411610.38529040,3102,68.94042000,3020262.21492250,0
1641420000000,43598.48000000,43771.95000000,42450.23000000,43436.39000000,355.57145000,1641423599999,15346438.15520470,6587,140.31205000,6069413.46156320,0
1641423600000,43429.74000000,43703.96000000,43242.42000000,43429.82000000,134.68299000,1641427199999,5859864.43404910,2592,42.92570000,1867232.04091660,0
1641427200000,43445.98000000,43757.58000000,43285.78000000,43671.56000000,61.16187000,1641430799999,2662119.71952130,1562,27.18344000,1183381.31291420,0
1641430800000,43666.89000000,43782.04000000,43308.07000000,43543.26000000,55.22371000,1641434399999,2406304.06026530,1357,28.23484000,1230020.89478320,0
1641434400000,43538.34000000,43611.66000000,43136.04000000,43259.34000000,47.22654000,1641437999999,2046063.65529370,1252,24.27336000,1051526.92368660,0
1641438000000,43251.80000000,43309.87000000,42826.02000000,42852.24000000,292.82275000,1641441599999,12584942.56072030,4383,36.64595000,1577148.54304860,0
1641441600000,42854.38000000,43154.28000000,42600.00000000,43047.49000000,297.14144000,1641445199999,12714287.71879690,4867,45.42493000,1947779.46576800,0
1641445200000,43050.81000000,43242.42000000,42812.50000000,43042.44000000,187.71728000,1641448799999,8078443.15840300,2957,42.86408000,1844765.49188210,0
1641448800000,43037.21000000,43210.63000000,42893.07000000,43086.51000000,40.74620000,1641452399999,1754368.52368960,1005,25.83918000,1112528.54138740,0
1641452400000,43086.57000000,43264.90000000,42984.01000000,43247.59000000,79.13981000,1641455999999,3413339.51088440,1082,53.56619000,2310143.04075260,0
1641456000000,43245.11000000,43260.94000000,42900.00000000,43046.98000000,74.83683000,1641459599999,3223724.58242140,1520,46.44273000,2000884.48651390,0
1641459600000,43047.53000000,43070.41000000,42337.00000000,42596.93000000,335.14994000,1641463199999,14279555.52113380,5367,47.84306000,2045626.81459500,0
1641463200000,42596.93000000,42938.90000000,42572.51000000,42857.18000000,108.45959000,1641466799999,4636050.84432780,2772,36.46454000,1559667.10529270,0
1641466800000,42901.79000000,42945.00000000,42568.36000000,42866.21000000,57.44181000,1641470399999,2457883.36778760,1278,20.74996000,889249.07523860,0
1641470400000,42861.53000000,43046.83000000,42620.74000000,43042.49000000,77.05890000,1641473999999,3294745.82230210,1517,52.84945000,2258344.91025850,0
1641474000000,43050.87000000,43347.71000000,42898.03000000,43144.11000000,108.42838000,1641477599999,4670247.64080500,1782,69.75599000,3005675.19120730,0
1641477600000,43149.58000000,43216.25000000,42727.28000000,42757.80000000,400.80818000,1641481199999,17227119.90105700,8115,127.73638000,5493231.41494360,0
1641481200000,42781.44000000,43000.99000000,42555.56000000,42931.28000000,218.95642000,1641484799999,9384526.86603150,3597,143.57412000,6158723.00248700,0
1641484800000,42940.80000000,43087.93000000,42749.10000000,42863.01000000,113.47432000,1641488399999,4866635.31235350,1353,32.38494000,1389206.75357120,0
1641488400000,42894.40000000,43157.99000000,42786.34000000,42997.31000000,59.59372000,1641491999999,2562136.08152900,1095,27.11106000,1164771.34906850,0
1641492000000,43012.49000000,43397.59000000,42971.77000000,43373.67000000,41.92750000,1641495599999,1811410.87213690,1249,16.70663000,721878.62235240,0
1641495600000,43353.05000000,43500.00000000,43240.61000000,43425.93000000,56.49282000,1641499199999,2450864.50480340,1453,24.99377000,1083904.28359940,0
1641499200000,43440.11000000,43580.57000000,43116.13000000,43213.02000000,50.69719000,1641502799999,2196798.63250570,1439,20.51322000,889249.53216780,0
1641502800000,43221.41000000,43240.53000000,43070.71000000,43124.30000000,62.68766000,1641506399999,2705548.48661940,1058,44.13370000,1904556.62810330,0
1641506400000,43119.87000000,43226.10000000,43013.60000000,43186.02000000,18.20270000,1641509999999,785384.55064670,734,7.91566000,341346.55145380,0
1641510000000,43198.52000000,43238.22000000,43058.91000000,43084.39000000,17.60728000,1641513599999,759367.44448070,604,5.32765000,229878.47005460,0
1641513600000,43086.38000000,43138.69000000,42734.32000000,42771.57000000,38.57322000,1641517199999,1653988.63567360,975,18.17382000,779487.14335080,0
1641517200000,42773.70000000,43031.57000000,42769.41000000,43003.33000000,32.97105000,1641520799999,1415488.83027040,687,16.04636000,689116.88612900,0
1641520800000,43000.83000000,43265.29000000,42765.11000000,42787.62000000,78.59365000,1641524399999,3381286.96148340,876,61.30503000,2639899.83555270,0
1641524400000,42789.64000000,42815.42000000,41569.00000000,41777.08000000,861.39843000,1641527999999,36288501.26621510,11858,227.77730000,9582607.82838380,0
1641528000000,41788.05000000,41903.17000000,40970.10000000,41678.90000000,188.11722000,1641531599999,7805458.03391410,3347,96.95717000,4027204.24585960,0
1641531600000,41691.36000000,41939.00000000,41529.97000000,41836.58000000,126.11712000,1641535199999,5263200.67357920,2013,54.64966000,2281280.16545000,0
1641535200000,41832.82000000,41832.82000000,41402.90000000,41514.19000000,71.62793000,1641538799999,2979755.38302290,1490,31.07274000,1292302.82605240,0
1641538800000,41535.70000000,41719.40000000,41206.37000000,41707.89000000,70.73871000,1641542399999,2933135.85600230,1431,35.15031000,1457729.84588170,0
1641542400000,41671.56000000,42891.42000000,41613.76000000,42044.69000000,130.56984000,1641545999999,5510788.97850350,2613,67.79750000,2860875.66320290,0
1641546000000,42049.78000000,42617.76000000,42049.78000000,42413.38000000,58.68149000,1641549599999,2488497.24447850,1268,23.85608000,1011666.02999120,0
1641549600000,42407.98000000,42501.47000000,42150.81000000,42174.30000000,39.18845000,1641553199999,1659727.25594580,871,21.85171000,925512.53349650,0
1641553200000,42165.27000000,42324.96000000,42149.18000000,42229.36000000,36.03504000,1641556799999,1521397.64207440,854,19.80999000,836183.10014290,0
1641556800000,42247.72000000,42473.84000000,42247.72000000,42384.68000000,33.34221000,1641560399999,1413279.91846660,863,14.98314000,635047.50627080,0
1641560400000,42405.00000000,42745.92000000,41205.59000000,41472.56000000,142.05288000,1641563999999,5962354.51167490,3164,68.65678000,2884137.11113350,0
1641564000000,41538.91000000,42102.04000000,41389.39000000,41883.05000000,123.77733000,1641567599999,5169796.82295170,2393,57.70611000,2411723.57850400,0
1641567600000,41894.10000000,41908.73000000,40617.17000000,41309.12000000,190.87508000,1641571199999,7880904.55282510,3918,103.83445000,4292237.35931290,0
1641571200000,41291.02000000,42301.66000000,40900.00000000,42132.52000000,127.58195000,1641574799999,5298709.60915830,3089,65.17242000,2709783.94007310,0
1641574800000,42137.66000000,42137.66000000,41755.64000000,41977.72000000,62.39650000,1641578399999,2616123.05726690,1284,29.26093000,1226308.55764240,0
1641578400000,41981.98000000,41986.85000000,41515.14000000,41680.21000000,65.09057000,1641581999999,2721066.82436600,1334,43.30581000,1811166.16092980,0
1641582000000,41692.86000000,41879.16000000,41506.41000000,41761.18000000,37.73992000,1641585599999,1573390.55176740,924,19.15506000,798360.40027600,0
1641585600000,41804.55000000,42059.19000000,41589.28000000,41908.30000000,35.10190000,1641589199999,1468364.01124380,843,20.26958000,847719.96471890,0
1641589200000,41907.45000000,42013.48000000,41841.14000000,41875.39000000,21.04795000,1641592799999,882366.84056880,552,12.87190000,539603.40457640,0
1641592800000,41864.78000000,41865.09000000,41353.16000000,41527.40000000,111.71912000,1641596399999,4650897.54302160,2004,91.27442000,3798871.55594700,0
1641596400000,41527.32000000,41580.60000000,41334.38000000,41553.04000000,30.56839000,1641599999999,1268074.94819530,708,14.74958000,611791.26158040,0
1641600000000,41563.52000000,42110.50000000,41558.29000000,41975.19000000,35.38852000,1641603599999,1480558.26039960,953,19.95926000,834787.39793830,0
1641603600000,41972.69000000,42233.35000000,41842.56000000,41876.84000000,45.53354000,1641607199999,1913898.69179610,897,17.40870000,731467.22706840,0
1641607200000,41870.04000000,41935.72000000,41686.91000000,41865.96000000,20.58249000,1641610799999,860760.22431360,688,10.08401000,421547.86556750,0
1641610800000,41864.72000000,41890.00000000,41637.02000000,41795.71000000,27.71061000,1641614399999,1157327.29198750,730,12.49837000,522107.95202420,0
1641614400000,41797.11000000,41975.04000000,41750.00000000,41897.44000000,28.76250000,1641617999999,1203980.37221560,649,10.56863000,442307.98088450,0
1641618000000,41897.44000000,41989.24000000,41829.20000000,41974.49000000,48.45082000,1641621599999,2030228.45584020,1224,19.42563000,814021.36548530,0
1641621600000,41964.24000000,41986.20000000,41726.13000000,41916.56000000,42.55214000,1641625199999,1782064.99874010,977,24.17604000,1012503.47215640,0
1641625200000,41916.10000000,41970.65000000,41831.58000000,41912.75000000,18.90980000,1641628799999,792272.10667400,586,9.77795000,409628.62887210,0
1641628800000,41906.71000000,42182.53000000,41887.13000000,41964.68000000,35.89842000,1641632399999,1507931.04361290,838,14.78017000,620806.45006440,0
1641632400000,41990.45000000,42153.79000000,41949.66000000,42146.32000000,57.76797000,1641635999999,2427668.84108980,909,18.07340000,759773.45221460,0
1641636000000,42150.97000000,42195.69000000,41800.00000000,41905.55000000,50.21087000,1641639599999,2108174.94168600,1004,23.75766000,997360.35813550,0
1641639600000,41914.77000000,41956.65000000,41731.21000000,41933.77000000,36.33408000,1641643199999,1519323.55972350,738,17.76454000,742757.58105610,0
1641643200000,41935.68000000,42054.52000000,41735.77000000,41869.54000000,49.57559000,1641646799999,2074562.10755210,891,22.38593000,937080.07982430,0
1641646800000,41867.49000000,42026.44000000,41610.23000000,41910.91000000,52.27057000,1641650399999,2186221.40274460,879,20.89009000,874149.80081620,0
1641650400000,41903.43000000,41991.75000000,41717.36000000,41733.83000000,30.22907000,1641653999999,1265611.86191410,651,12.15391000,508695.21775920,0
1641654000000,41751.76000000,41788.69000000,41285.80000000,41609.34000000,64.70334000,1641657599999,2689756.10059300,1515,23.36243000,971385.54851820,0
1641657600000,41598.02000000,41725.34000000,41249.51000000,41333.60000000,61.24582000,1641661199999,2539369.21569420,1398,26.02686000,1079292.25613550,0
1641661200000,41323.50000000,41382.12000000,40810.00000000,40828.36000000,122.04869000,1641664799999,5024730.17609580,2678,67.05585000,2760809.47705730,0
1641664800000,40842.67000000,41326.52000000,40500.00000000,40682.54000000,161.64806000,1641668399999,6604666.39457610,3067,77.92064000,3185697.71953880,0
1641668400000,40677.71000000,41099.98000000,40500.00000000,40829.38000000,121.10624000,1641671999999,4942015.72180500,2461,61.44896000,2508086.70382020,0
1641672000000,40843.86000000,41169.94000000,40724.19000000,40978.83000000,61.13590000,1641675599999,2500635.67086170,1387,35.27956000,1442822.25411320,0
1641675600000,40980.51000000,42106.76000000,40925.26000000,41787.41000000,94.01081000,1641679199999,3910132.16654960,1945,41.70426000,1735466.45439740,0
1641679200000,41779.46000000,42325.00000000,41739.90000000,41911.73000000,70.08344000,1641682799999,2947052.12126210,1704,29.55088000,1242770.35331800,0
1641682800000,41903.96000000,41972.81000000,41653.86000000,41674.30000000,43.70677000,1641686399999,1828163.27448600,1099,23.39946000,978904.35869800,0
1641686400000,41669.83000000,41818.61000000,41386.67000000,41768.49000000,36.36740000,1641689999999,1512103.58225250,1006,17.91553000,744530.65452090,0
1641690000000,41767.22000000,41953.39000000,41598.97000000,41814.09000000,31.79231000,1641693599999,1327088.84385790,797,15.68858000,655089.05244310,0
1641693600000,41822.07000000,42175.75000000,41769.74000000,42105.24000000,73.04865000,1641697199999,3068360.05530570,1342,18.30760000,768804.91489600,0
1641697200000,42090.87000000,42090.99000000,41797.01000000,41846.97000000,25.91826000,1641700799999,1086532.19031950,656,9.51785000,399055.32470160,0
1641700800000,41829.82000000,42093.51000000,41804.99000000,42068.14000000,28.37060000,1641704399999,1190268.71271080,686,7.20317000,302130.95389570,0
1641704400000,42090.46000000,42090.46000000,41711.00000000,41761.92000000,47.14623000,1641707999999,1972476.96952740,1052,17.65930000,738392.62063500,0
1641708000000,41767.11000000,41947.63000000,41681.90000000,41859.31000000,29.37022000,1641711599999,1228470.82928410,635,12.01946000,502872.01182330,0
1641711600000,41870.73000000,41901.61000000,41779.97000000,41779.97000000,8.56095000,1641715199999,358234.38488900,310,4.29442000,179702.85275470,0
1641715200000,41800.83000000,41936.34000000,41613.67000000,41667.17000000,25.52245000,1641718799999,1065390.11335060,631,13.81110000,576371.51205930,0
1641718800000,41662.23000000,41755.71000000,41479.49000000,41498.54000000,32.36499000,1641722399999,1347376.99310150,712,22.78345000,948732.92969900,0
1641722400000,41527.84000000,41730.68000000,41407.20000000,41639.16000000,19.35593000,1641725999999,803609.41263020,560,11.61171000,482114.88463800,0
1641726000000,41645.73000000,41990.26000000,41639.01000000,41857.55000000,20.26667000,1641729599999,847836.29943990,613,10.28971000,430371.73594490,0
1641729600000,41860.45000000,41910.21000000,41672.03000000,41740.94000000,12.59805000,1641733199999,525999.62094690,580,6.06137000,253068.99757720,0
1641733200000,41745.76000000,41894.07000000,41474.38000000,41492.88000000,41.95165000,1641736799999,1747068.94262560,923,21.34582000,889110.04981200,0
1641736800000,41482.57000000,41733.41000000,41482.57000000,41537.51000000,21.24739000,1641740399999,883744.92350540,594,9.87300000,410566.61756780,0
1641740400000,41525.25000000,41677.77000000,40912.01000000,41607.82000000,79.50114000,1641743999999,3292486.76123300,1256,20.70815000,858558.60101400,0
1641744000000,41613.93000000,42131.79000000,41560.29000000,42131.00000000,44.93360000,1641747599999,1879812.43231300,991,22.49667000,941734.67049460,0
1641747600000,42133.02000000,42196.31000000,41883.38000000,42080.22000000,49.56889000,1641751199999,2083933.72109940,1019,14.49085000,609272.55124490,0
1641751200000,42093.27000000,42279.74000000,41900.00000000,41959.92000000,42.26803000,1641754799999,1779730.38735500,1035,13.09312000,551575.29958480,0
1641754800000,41960.32000000,42742.01000000,41923.89000000,42681.22000000,149.34794000,1641758399999,6335496.94489240,2317,29.49780000,1250520.24071270,0
1641758400000,42719.51000000,42776.50000000,42383.61000000,42439.07000000,40.75367000,1641761999999,1734346.03210110,1051,16.09579000,684671.74173580,0
1641762000000,42434.71000000,42538.96000000,42285.71000000,42312.21000000,23.33294000,1641765599999,989567.00949770,571,11.77670000,499595.75130190,0
1641765600000,42307.63000000,42617.75000000,42080.34000000,42198.41000000,27.11941000,1641769199999,1148799.38697370,622,15.37495000,651740.40474870,0
1641769200000,42200.00000000,42268.08000000,40500.00000000,41855.37000000,109.45636000,1641772799999,4561831.07654790,1552,28.29018000,1186100.34473920,0
1641772800000,41852.89000000,42030.15000000,41573.43000000,41653.78000000,77.07583000,1641776399999,3220589.91299880,1407,37.68759000,1574312.22119370,0
1641776400000,41653.54000000,41851.63000000,41567.18000000,41815.25000000,76.83836000,1641779999999,3207855.86884070,1185,12.34964000,515096.95995610,0
1641780000000,41809.37000000,41988.28000000,41713.35000000,41925.42000000,33.11770000,1641783599999,1387213.23772800,660,9.86434000,413118.95536640,0
1641783600000,41925.44000000,41998.76000000,41854.86000000,41973.85000000,17.72740000,1641787199999,743196.33333000,443,8.26549000,346643.66725480,0
1641787200000,41972.58000000,42237.89000000,41924.00000000,42200.93000000,29.10196000,1641790799999,1224975.31349000,637,14.62977000,615611.30623880,0
1641790800000,42190.22000000,42218.95000000,41955.28000000,42032.93000000,43.98700000,1641794399999,1850640.30655950,783,20.45671000,860756.09153240,0
1641794400000,42021.26000000,42041.07000000,41825.18000000,41926.76000000,42.30532000,1641797999999,1773219.33594780,675,20.37550000,854008.21793300,0
1641798000000,41919.84000000,42156.02000000,41900.22000000,42035.75000000,24.20330000,1641801599999,1017252.99925450,584,10.17373000,427406.21937220,0
1641801600000,42039.96000000,42114.11000000,41714.28000000,41805.31000000,30.70860000,1641805199999,1285274.61558080,748,14.68453000,614420.50287320,0
1641805200000,41802.24000000,41918.11000000,41711.18000000,41792.45000000,25.82438000,1641808799999,1080042.22610420,599,8.17141000,341818.24014550,0
1641808800000,41792.38000000,41979.33000000,41745.67000000,41781.15000000,20.95807000,1641812399999,877383.34481030,698,6.72890000,281707.78030230,0
1641812400000,41780.87000000,41780.87000000,41453.24000000,41559.30000000,56.57459000,1641815999999,2353638.45614340,1250,25.54816000,1062789.98586700,0
1641816000000,41567.53000000,41602.01000000,40924.32000000,40941.93000000,94.59086000,1641819599999,3897667.12499180,1823,45.87596000,1892210.31312670,0
1641819600000,40924.33000000,41052.45000000,40728.85000000,40765.82000000,108.47768000,1641823199999,4434145.54003330,2229,62.57257000,2558321.94952440,0
1641823200000,40751.00000000,42000.00000000,39646.36000000,40816.54000000,494.57655000,1641826799999,19972760.26688910,8878,252.37165000,10211622.20674220,0
1641826800000,40774.18000000,41207.43000000,40558.61000000,40975.06000000,196.06597000,1641830399999,8011224.40276270,3137,80.75359000,3301719.49787460,0
1641830400000,40978.10000000,41981.26000000,40857.20000000,41907.72000000,180.63319000,1641833999999,7504650.66632150,3272,92.89491000,3858240.78595630,0
1641834000000,41893.01000000,42140.85000000,40573.80000000,41210.27000000,224.78890000,1641837599999,9278816.48030700,3984,112.89808000,4653071.65264470,0
1641837600000,41219.27000000,41714.28000000,41123.72000000,41608.57000000,119.40433000,1641841199999,4938707.01331810,2185,53.40284000,2208608.74242400,0
1641841200000,41580.99000000,41710.16000000,41233.30000000,41299.98000000,60.54215000,1641844799999,2511813.84298030,1191,21.13024000,875970.97841690,0
1641844800000,41314.46000000,41796.69000000,41170.12000000,41683.00000000,90.60993000,1641848399999,3756812.37726020,1658,52.53698000,2178663.78904040,0
1641848400000,41711.01000000,41982.04000000,41563.74000000,41724.95000000,66.58325000,1641851999999,2781510.88532890,1368,29.86776000,1248032.57376190,0
1641852000000,41780.94000000,41869.80000000,41526.00000000,41605.44000000,31.65704000,1641855599999,1320245.18591030,829,17.82414000,743484.81480970,0
1641855600000,41609.32000000,41901.74000000,41521.83000000,41820.90000000,33.38124000,1641859199999,1393548.16017350,756,12.45901000,520515.72414700,0
1641859200000,41815.36000000,41895.96000000,41594.98000000,41596.64000000,24.95509000,1641862799999,1041255.28145010,578,8.55393000,357063.97974530,0
1641862800000,41599.91000000,42100.00000000,41547.32000000,41925.54000000,55.28948000,1641866399999,2313574.48337970,1435,29.15328000,1220153.80598750,0
1641866400000,41924.76000000,42380.00000000,41822.46000000,42178.40000000,124.47339000,1641869999999,5239133.51031820,4907,57.29866000,2411020.87325090,0
1641870000000,42178.40000000,42281.19000000,42053.07000000,42281.19000000,101.79540000,1641873599999,4289674.71328590,3656,37.11825000,1564533.40366450,0
1641873600000,42291.26000000,42394.94000000,42130.90000000,42320.98000000,53.71450000,1641877199999,2269596.10745890,984,23.76523000,1004056.70506010,0
1641877200000,42318.92000000,42330.11000000,42025.99000000,42106.46000000,46.97676000,1641880799999,1979567.95578510,972,24.13583000,1016880.38281720,0
1641880800000,42109.04000000,42221.57000000,41976.32000000,42100.65000000,23.61932000,1641884399999,995004.57870710,612,15.05933000,634438.62664110,0
1641884400000,42103.64000000,42274.92000000,42073.59000000,42203.76000000,25.50187000,1641887999999,1075430.06449390,577,16.31893000,688113.79685010,0
1641888000000,42210.67000000,42653.19000000,41921.77000000,41983.77000000,67.93991000,1641891599999,2868049.21960410,1475,30.20241000,1275778.69669300,0
1641891600000,42010.59000000,42143.50000000,41845.65000000,41985.12000000,138.01978000,1641895199999,5803642.91268050,1676,21.34865000,896771.98575420,0
1641895200000,41976.84000000,42064.20000000,41446.74000000,41625.32000000,148.50222000,1641898799999,6214139.06872490,1789,19.66159000,821419.37882250,0
1641898800000,41625.32000000,41928.84000000,41594.91000000,41839.24000000,56.95743000,1641902399999,2380966.85497360,982,28.90865000,1208363.84751630,0
1641902400000,41828.53000000,41962.41000000,41735.96000000,41806.80000000,30.87949000,1641905999999,1293006.50430880,1524,10.37964000,434637.13736830,0
1641906000000,41827.39000000,41892.99000000,41604.80000000,41725.00000000,60.02668000,1641909599999,2506134.83805910,1819,33.03754000,1379585.09370690,0
1641909600000,41690.29000000,41825.97000000,41274.27000000,41640.37000000,98.08545000,1641913199999,4076652.41556960,2909,55.89433000,2323371.78254130,0
1641913200000,41615.57000000,42196.40000000,41431.15000000,41746.21000000,100.53366000,1641916799999,4205304.37533730,2829,45.43236000,1900956.32208270,0
1641916800000,41747.33000000,42951.73000000,41706.57000000,42714.78000000,210.84671000,1641920399999,8937523.07234080,4661,86.88233000,3679837.54089980,0
1641920400000,42722.70000000,43114.88000000,42350.00000000,42572.55000000,287.82950000,1641923999999,12286368.70635090,4088,73.97082000,3159315.36026560,0
1641924000000,42565.28000000,42939.49000000,42373.73000000,42767.19000000,57.56898000,1641927599999,2460533.67447220,1329,18.08776000,772541.78613510,0
1641927600000,42774.53000000,43100.00000000,42617.97000000,42993.56000000,42.53172000,1641931199999,1821618.60309990,1094,18.51658000,793439.70393230,0
1641931200000,42997.98000000,43112.06000000,42717.22000000,42806.94000000,70.40177000,1641934799999,3017992.58033310,1693,20.65125000,885081.80775970,0
1641934800000,42815.14000000,42827.07000000,42659.85000000,42676.26000000,31.30328000,1641938399999,1338254.04645170,754,9.51208000,406513.39634150,0
1641938400000,42692.20000000,42777.72000000,42605.67000000,42722.84000000,26.50117000,1641941999999,1131196.24251680,708,12.91962000,551366.36647690,0
1641942000000,42723.68000000,42899.00000000,42649.61000000,42739.74000000,21.16464000,1641945599999,905513.19368840,1047,9.11672000,390158.71388150,0
1641945600000,42734.31000000,42981.43000000,42584.01000000,42699.23000000,70.92004000,1641949199999,3030489.49453030,1481,22.32390000,954289.38006050,0
1641949200000,42680.92000000,42783.27000000,42574.07000000,42642.16000000,79.21539000,1641952799999,3376541.36140390,2055,20.76645000,885701.98025320,0
1641952800000,42638.16000000,42725.67000000,42464.00000000,42571.02000000,38.60892000,1641956399999,1643636.99912680,1066,19.32961000,822741.22854190,0
1641956400000,42578.21000000,42670.19000000,42506.51000000,42620.31000000,36.34203000,1641959999999,1548366.68431300,1246,18.57330000,791476.73495220,0
1641960000000,42620.31000000,42748.66000000,42530.84000000,42640.33000000,38.91061000,1641963599999,1658252.85090710,1239,18.27057000,778738.16457950,0
1641963600000,42645.82000000,42784.30000000,42580.74000000,42709.38000000,29.22446000,1641967199999,1247691.09129870,1574,12.74903000,544319.93066480,0
1641967200000,42718.49000000,42877.55000000,42620.07000000,42688.45000000,19.58148000,1641970799999,836498.90664480,771,10.89772000,465542.89605100,0
1641970800000,42684.91000000,42684.91000000,42486.62000000,42575.96000000,33.91412000,1641974399999,1443738.71262800,898,20.07091000,854446.82102460,0
1641974400000,42581.65000000,42721.72000000,42528.41000000,42621.73000000,21.61264000,1641977999999,921885.27946150,900,11.23849000,479499.56563380,0
1641978000000,42616.72000000,42922.22000000,42588.31000000,42820.40000000,34.85389000,1641981599999,1491251.15968080,1161,10.22033000,437012.19336540,0
1641981600000,42811.15000000,43000.64000000,42754.69000000,42776.65000000,60.98864000,1641985199999,2614797.99904110,1152,28.54990000,1224098.51207550,0
1641985200000,42779.09000000,43450.05000000,42704.76000000,42948.46000000,83.48347000,1641988799999,3597012.61371900,2238,45.12230000,1943818.85954770,0
1641988800000,42930.00000000,43303.29000000,42893.56000000,43303.29000000,57.36276000,1641992399999,2474347.97458110,1905,28.64079000,1235280.51251020,0
1641992400000,43300.00000000,44100.00000000,43211.93000000,43950.77000000,287.59111000,1641995999999,12603479.77443560,5960,87.69569000,3831203.84097250,0
1641996000000,43941.58000000,43983.46000000,43697.54000000,43859.73000000,106.23761000,1641999599999,4655954.11065350,3221,44.00137000,1928863.26456690,0
1641999600000,43866.16000000,43953.64000000,43434.27000000,43573.53000000,54.24948000,1642003199999,2370719.48886160,1870,30.68871000,1340659.25517870,0
1642003200000,43588.51000000,43702.67000000,43291.31000000,43637.27000000,36.70107000,1642006799999,1598293.60040790,1309,17.11192000,745313.20097700,0
1642006800000,43637.65000000,43897.51000000,43514.29000000,43875.17000000,53.16705000,1642010399999,2322989.16526460,1596,25.36761000,1108336.82292300,0
1642010400000,43857.73000000,43906.67000000,43586.64000000,43613.06000000,54.31021000,1642013999999,2375365.82239060,1748,20.48684000,896391.11668230,0
1642014000000,43604.40000000,43868.27000000,43544.98000000,43761.08000000,66.20875000,1642017599999,2894925.88166050,1298,52.81761000,2310250.94836720,0
1642017600000,43772.40000000,44010.87000000,43655.29000000,43835.52000000,43.21400000,1642021199999,1892860.89344910,1948,23.11914000,1012445.84304200,0
1642021200000,43837.48000000,44333.51000000,43738.80000000,43785.60000000,81.70170000,1642024799999,3592388.97529400,2379,41.94636000,1844840.41845900,0
1642024800000,43797.16000000,43956.00000000,43768.70000000,43863.66000000,22.73137000,1642028399999,997280.66453880,975,7.76288000,340505.37034830,0
1642028400000,43866.00000000,44041.87000000,43837.89000000,43925.50000000,21.71140000,1642031999999,954255.18980450,946,12.31060000,540932.81980690,0
1642032000000,43922.09000000,44065.93000000,43688.73000000,43741.99000000,35.70732000,1642035599999,1567448.21468430,1023,14.87727000,653056.88288190,0
1642035600000,43743.40000000,43819.77000000,43542.85000000,43556.69000000,33.47220000,1642039199999,1460648.39267230,1273,13.77383000,601169.52484930,0
1642039200000,43567.21000000,43695.72000000,43550.00000000,43605.45000000,29.86557000,1642042799999,1302675.35148550,982,18.97683000,827598.41246580,0
1642042800000,43605.25000000,43656.90000000,43447.73000000,43518.06000000,20.16851000,1642046399999,877580.47004760,657,8.30898000,361600.01137740,0
1642046400000,43508.63000000,43734.79000000,43507.87000000,43645.61000000,25.28882000,1642049999999,1104250.94661220,1301,12.07167000,527204.11956160,0
1642050000000,43642.49000000,43774.41000000,43597.58000000,43696.32000000,9.36047000,1642053599999,408758.92666000,576,4.14437000,181040.38210890,0
1642053600000,43689.37000000,43823.80000000,43663.84000000,43729.63000000,25.42661000,1642057199999,1112162.89066150,728,18.46705000,807835.80369070,0
1642057200000,43729.42000000,43782.89000000,43563.18000000,43715.99000000,26.42999000,1642060799999,1155532.83672940,887,8.12247000,354946.85093710,0
1642060800000,43712.54000000,44014.56000000,43696.47000000,43914.02000000,35.51854000,1642064399999,1557588.45016680,1344,17.88306000,784274.09738950,0
1642064400000,43915.55000000,44004.50000000,43768.70000000,43901.13000000,18.77502000,1642067999999,823772.17317110,1065,8.70131000,381688.49506310,0
1642068000000,43901.65000000,44033.11000000,43781.88000000,43817.21000000,21.66614000,1642071599999,951101.83711370,1259,8.09031000,355048.97471480,0
1642071600000,43808.31000000,43846.10000000,43524.38000000,43633.09000000,36.94347000,1642075199999,1613703.37072260,1801,17.91898000,782696.53336610,0
1642075200000,43607.61000000,43828.79000000,43607.61000000,43822.93000000,26.87825000,1642078799999,1176279.97861250,1699,13.93415000,609847.37295160,0
1642078800000,43820.75000000,43977.18000000,43702.40000000,43942.83000000,44.94938000,1642082399999,1970772.12731120,1463,20.25752000,887997.71269420,0
1642082400000,43947.96000000,44446.35000000,43863.34000000,44185.94000000,143.03444000,1642085999999,6317752.09746210,4278,66.16106000,2921797.07706170,0
1642086000000,44225.19000000,44225.19000000,42884.24000000,43223.13000000,226.21435000,1642089599999,9809449.26366740,5543,76.52086000,3315616.48278010,0
1642089600000,43217.06000000,43536.18000000,43096.69000000,43276.77000000,58.04589000,1642093199999,2512910.17940300,1578,37.14092000,1607478.52748600,0
1642093200000,43280.71000000,43281.01000000,42588.88000000,42830.41000000,143.36784000,1642096799999,6144400.79692780,3078,61.40764000,2631159.60717990,0
1642096800000,42835.44000000,42979.84000000,42643.11000000,42731.66000000,34.96011000,1642100399999,1497565.03974960,1325,18.48979000,791530.31945270,0
1642100400000,42738.73000000,43005.12000000,42542.52000000,42723.30000000,77.45291000,1642103999999,3308658.11843090,1576,60.19452000,2571199.00576040,0
1642104000000,42715.86000000,42815.51000000,42300.00000000,42815.51000000,59.03728000,1642107599999,2510985.97351520,1713,28.29456000,1203848.92185150,0
1642107600000,42809.31000000,42896.84000000,42684.52000000,42813.10000000,35.93561000,1642111199999,1537766.20338890,1839,15.65331000,669834.67263990,0
1642111200000,42827.59000000,42906.81000000,42477.60000000,42629.58000000,30.06678000,1642114799999,1285395.57638050,1480,12.87435000,550688.90219890,0
1642114800000,42613.80000000,42753.01000000,42511.00000000,42577.73000000,20.40286000,1642118399999,870088.56793250,827,10.68735000,455799.50797660,0
1642118400000,42556.87000000,42800.00000000,42389.57000000,42765.29000000,36.50944000,1642121999999,1556949.38604910,1483,17.81224000,759386.93801460,0
1642122000000,42771.18000000,42789.28000000,42559.27000000,42593.18000000,22.21921000,1642125599999,947973.14937960,1378,9.65600000,412023.76127580,0
1642125600000,42593.62000000,42753.95000000,42448.74000000,42734.40000000,30.30696000,1642129199999,1291728.09683410,1594,10.97520000,467812.36725570,0
1642129200000,42734.81000000,42759.31000000,42596.37000000,42663.89000000,26.26588000,1642132799999,1121150.40765160,1869,4.14174000,176736.58761550,0
1642132800000,42658.28000000,42859.13000000,42635.30000000,42716.70000000,54.80708000,1642136399999,2343989.54397550,2896,24.26936000,1038337.14480270,0
1642136400000,42726.33000000,42927.10000000,42672.80000000,42921.33000000,28.47526000,1642139999999,1218029.04432840,1151,13.43175000,574557.83072260,0
1642140000000,42919.11000000,43013.28000000,42800.00000000,42841.23000000,30.48782000,1642143599999,1307582.11738250,1380,11.69129000,501610.33432090,0
1642143600000,42830.18000000,42903.79000000,42623.67000000,42663.17000000,23.62233000,1642147199999,1010237.91299880,886,14.43421000,617078.11266660,0
1642147200000,42680.23000000,42698.07000000,42344.09000000,42525.09000000,37.32773000,1642150799999,1586360.09860050,1061,16.85165000,715908.17178750,0
1642150800000,42543.18000000,42702.60000000,42482.20000000,42569.60000000,17.98389000,1642154399999,766080.87827590,585,11.69145000,498050.17497560,0
1642154400000,42587.59000000,42628.77000000,41865.00000000,42091.48000000,56.56615000,1642157999999,2385342.49412670,1363,31.76053000,1337831.82506080,0
1642158000000,42074.83000000,42074.83000000,41850.00000000,42038.01000000,41.52928000,1642161599999,1743049.58887750,1056,20.21320000,848191.92457480,0
1642161600000,42027.45000000,42256.19000000,41761.58000000,42060.20000000,59.22810000,1642165199999,2490041.56448590,1528,20.03722000,843047.74312150,0
1642165200000,42078.27000000,42335.23000000,42052.27000000,42171.39000000,29.52356000,1642168799999,1246161.66602390,1036,12.15867000,513176.17640500,0
1642168800000,42165.84000000,43098.00000000,42134.09000000,42985.87000000,122.79302000,1642172399999,5227756.10022820,2125,33.20756000,1412344.62483950,0
1642172400000,42992.18000000,43371.97000000,42795.64000000,43112.35000000,136.55565000,1642175999999,5886186.06608750,2363,38.99309000,1681473.42621670,0
1642176000000,43122.62000000,43259.50000000,42869.10000000,43206.15000000,76.42819000,1642179599999,3289023.95782310,1192,39.75434000,1709265.98703570,0
1642179600000,43213.56000000,43266.91000000,42870.99000000,42918.26000000,72.19477000,1642183199999,3114478.24997310,1287,14.73908000,634783.01939900,0
1642183200000,42925.29000000,43120.93000000,42798.21000000,43071.96000000,39.22433000,1642186799999,1684084.05450740,1102,21.46390000,921165.29522220,0
1642186800000,43082.25000000,43450.00000000,43024.69000000,43117.21000000,50.78428000,1642190399999,2193980.75354420,1355,34.91871000,1508668.17763320,0
1642190400000,43132.54000000,43220.50000000,43015.00000000,43130.99000000,23.34254000,1642193999999,1006308.71626880,700,15.98933000,689321.08285150,0
1642194000000,43110.47000000,43510.00000000,43110.47000000,43313.50000000,37.45781000,1642197599999,1622260.10385920,1023,11.06703000,478978.75884870,0
1642197600000,43324.25000000,43403.84000000,43190.75000000,43282.05000000,20.34825000,1642201199999,880946.80895880,776,6.45949000,279671.81523450,0
1642201200000,43270.95000000,43294.56000000,43019.82000000,43081.83000000,20.22670000,1642204799999,872254.21801030,711,8.99893000,387857.26706540,0
1642204800000,43080.91000000,43197.38000000,42934.63000000,43139.81000000,20.43665000,1642208399999,879672.75367000,805,10.63068000,457725.22163660,0
1642208400000,43124.83000000,43162.48000000,42877.55000000,42990.99000000,11.34400000,1642211999999,488107.17662520,694,4.91745000,211619.75648920,0
1642212000000,42984.27000000,43100.61000000,42926.75000000,43100.61000000,7.71116000,1642215599999,331771.15059860,463,3.27525000,140936.74265310,0
1642215600000,43114.68000000,43144.38000000,42921.50000000,42939.78000000,8.14829000,1642219199999,350805.51740300,423,3.29105000,141711.85765170,0
1642219200000,42946.64000000,42978.24000000,42700.00000000,42932.65000000,41.19087000,1642222799999,1765173.19899940,848,13.33238000,571209.82196730,0
1642222800000,42922.84000000,43070.90000000,42845.12000000,43015.59000000,16.84239000,1642226399999,723304.32791940,469,11.02762000,473619.10265770,0
1642226400000,43019.11000000,43131.00000000,42899.48000000,43086.21000000,33.64449000,1642229999999,1446144.54912230,969,17.87104000,768079.03482420,0
1642230000000,43098.52000000,43118.43000000,42949.15000000,43098.20000000,16.79301000,1642233599999,722329.83077250,842,8.76448000,376950.36839220,0
1642233600000,43101.76000000,43129.25000000,42975.25000000,42996.35000000,19.10313000,1642237199999,822883.04872760,574,8.74156000,376597.59676040,0
1642237200000,42993.16000000,43111.18000000,42901.43000000,43080.92000000,21.26010000,1642240799999,913617.01455890,606,5.41909000,232880.02668170,0
1642240800000,43070.76000000,43322.83000000,43029.26000000,43113.44000000,23.75313000,1642244399999,1025734.64421580,734,9.04481000,390651.58455450,0
1642244400000,43097.71000000,43127.99000000,42983.25000000,43043.37000000,9.34113000,1642247999999,402268.58126630,435,4.34370000,187074.46822200,0
1642248000000,43040.43000000,43059.30000000,42575.98000000,42699.93000000,35.47366000,1642251599999,1518136.71248910,1095,12.30308000,526842.94873490,0
1642251600000,42718.88000000,42986.32000000,42667.28000000,42935.46000000,20.53659000,1642255199999,880222.38070660,827,7.30614000,313020.90825640,0
1642255200000,42906.79000000,43330.27000000,42780.00000000,43201.87000000,44.73006000,1642258799999,1925475.06769910,1260,20.45746000,881044.96742780,0
1642258800000,43206.80000000,43453.03000000,43094.83000000,43424.81000000,34.38325000,1642262399999,1489259.45793650,793,21.19577000,918363.81476430,0
1642262400000,43452.38000000,43452.39000000,43255.60000000,43353.00000000,14.52240000,1642265999999,629506.86512410,683,7.01364000,303991.57648460,0
1642266000000,43350.88000000,43573.39000000,43268.54000000,43400.12000000,22.02049000,1642269599999,956154.67675680,958,10.15715000,441025.71199810,0
1642269600000,43404.15000000,43409.32000000,43272.31000000,43356.64000000,10.42250000,1642273199999,451705.04329490,484,5.63257000,244101.75596630,0
1642273200000,43357.66000000,43576.39000000,43339.52000000,43545.59000000,8.23088000,1642276799999,357705.76710690,615,2.25118000,97827.58386670,0
1642276800000,43549.26000000,43819.00000000,43488.02000000,43501.10000000,40.90531000,1642280399999,1786201.15962330,1101,23.29537000,1017176.72158990,0
1642280400000,43489.02000000,43539.59000000,43187.50000000,43315.72000000,63.20542000,1642283999999,2739463.26184230,1110,15.68217000,679819.29232440,0
1642284000000,43347.98000000,43412.11000000,43150.14000000,43260.74000000,17.67642000,1642287599999,764147.15396870,538,6.35684000,275032.71575970,0
1642287600000,43266.46000000,43395.98000000,43089.98000000,43097.35000000,19.01098000,1642291199999,822522.18334570,506,4.60715000,199124.48051160,0
1642291200000,43111.39000000,43124.45000000,43006.11000000,43072.66000000,11.34821000,1642294799999,488697.34429180,487,6.34981000,273404.69974240,0
1642294800000,43088.07000000,43162.39000000,43000.01000000,43017.01000000,11.55729000,1642298399999,497616.73080180,447,5.71310000,245930.56111450,0
1642298400000,43008.56000000,43100.06000000,42840.71000000,42948.23000000,21.25497000,1642301999999,913955.92393360,741,6.14990000,264299.04339610,0
1642302000000,42936.77000000,43060.89000000,42880.25000000,43005.25000000,14.83851000,1642305599999,637763.74673760,656,5.01079000,215404.90954260,0
1642305600000,43005.13000000,43088.39000000,42850.00000000,43048.14000000,27.69677000,1642309199999,1190681.77686030,752,11.16885000,480004.94923380,0
1642309200000,43044.04000000,43149.74000000,42996.30000000,42996.30000000,15.47072000,1642312799999,666523.22762560,534,7.00965000,301897.39573090,0
1642312800000,42982.58000000,43241.70000000,42950.23000000,43225.46000000,20.22557000,1642316399999,872084.32244480,724,8.66526000,373639.91911490,0
1642316400000,43225.71000000,43273.59000000,43139.78000000,43219.15000000,14.12744000,1642319999999,610563.17215820,554,6.64368000,287130.76955640,0
1642320000000,43226.00000000,43316.60000000,43080.64000000,43087.79000000,17.32130000,1642323599999,748348.61576150,914,7.64103000,330228.41221490,0
1642323600000,43081.39000000,43146.54000000,43055.84000000,43087.55000000,10.89677000,1642327199999,469736.97522880,577,2.77083000,119449.04016280,0
1642327200000,43094.50000000,43200.37000000,42902.25000000,42919.58000000,16.49076000,1642330799999,710829.31849040,724,8.74887000,377184.07228500,0
1642330800000,42920.11000000,43061.45000000,42795.33000000,42999.82000000,27.80614000,1642334399999,1193766.03506690,1024,9.61405000,413032.83964180,0
1642334400000,42989.61000000,43157.71000000,42988.51000000,43038.71000000,18.24215000,1642337999999,785506.57287160,862,8.84560000,380839.45004930,0
1642338000000,43026.34000000,43200.00000000,42588.39000000,43158.94000000,74.97334000,1642341599999,3213157.35636340,2147,29.23869000,1252347.20146070,0
1642341600000,43158.94000000,43432.92000000,43039.40000000,43311.21000000,55.18269000,1642345199999,2387858.01270120,1557,22.15010000,958794.75338260,0
1642345200000,43335.47000000,43403.64000000,43155.77000000,43237.48000000,34.33716000,1642348799999,1485248.32100010,886,17.54141000,759232.52588630,0
1642348800000,43238.39000000,43542.85000000,43189.33000000,43391.78000000,33.12976000,1642352399999,1437000.50259860,1254,11.35353000,492565.25470470,0
1642352400000,43412.76000000,43439.71000000,43065.53000000,43086.55000000,36.09876000,1642355999999,1559597.30966240,971,17.81930000,769267.78995550,0
1642356000000,43087.66000000,43146.02000000,42994.20000000,43074.17000000,25.97775000,1642359599999,1119016.51516750,890,11.62344000,500568.84680900,0
1642359600000,43079.57000000,43096.07000000,42815.80000000,42843.36000000,21.76772000,1642363199999,934250.33303280,614,7.27657000,312140.94910760,0
1642363200000,42825.20000000,43131.30000000,42766.06000000,43053.14000000,27.17286000,1642366799999,1168806.17534470,811,12.37970000,532000.05466160,0
1642366800000,43054.70000000,43111.95000000,42911.49000000,42961.56000000,9.04077000,1642370399999,388632.44051120,460,3.18016000,136717.68054340,0
1642370400000,42959.96000000,43251.95000000,42959.96000000,43241.32000000,24.11608000,1642373999999,1041165.57135700,632,5.03520000,217340.58504860,0
1642374000000,43215.84000000,43280.93000000,43022.71000000,43084.73000000,27.75665000,1642377599999,1198572.26102460,646,10.66140000,460406.58337720,0
1642377600000,43093.22000000,43197.58000000,42893.93000000,42908.35000000,18.41426000,1642381199999,792494.28061350,760,9.53990000,410486.54651190,0
1642381200000,42904.40000000,42962.18000000,42828.00000000,42888.62000000,25.14249000,1642384799999,1077977.83336730,628,10.03636000,430334.04737140,0
1642384800000,42891.85000000,42957.58000000,42804.64000000,42927.75000000,15.14286000,1642388399999,649283.13074390,698,6.85466000,293994.78363590,0
1642388400000,42935.15000000,42996.97000000,42655.03000000,42664.00000000,33.91966000,1642391999999,1450967.94680760,946,10.80529000,462204.62940590,0
1642392000000,42678.34000000,42812.49000000,42622.21000000,42635.85000000,38.49808000,1642395599999,1644250.85028410,1139,24.81980000,1060055.24249760,0
1642395600000,42633.81000000,42702.36000000,42327.73000000,42692.51000000,73.67776000,1642399199999,3131475.56936330,1457,40.42361000,1717325.99644280,0
1642399200000,42680.19000000,42875.64000000,42662.15000000,42766.94000000,32.61675000,1642402799999,1395101.71810390,816,10.80594000,462182.80624480,0
1642402800000,42771.44000000,42971.59000000,42669.71000000,42678.40000000,30.32367000,1642406399999,1298883.18229090,702,8.50908000,364088.23800870,0
1642406400000,42684.81000000,42875.93000000,42586.46000000,42824.99000000,32.58503000,1642409999999,1392056.73252020,815,16.66241000,710889.51004870,0
1642410000000,42829.98000000,42928.78000000,42753.01000000,42870.65000000,36.33216000,1642413599999,1557440.77746470,760,10.02498000,429614.22567680,0
1642413600000,42876.34000000,42917.35000000,42646.64000000,42802.76000000,22.50942000,1642417199999,962997.65336400,762,13.47473000,576466.15676830,0
1642417200000,42812.55000000,42861.45000000,42664.52000000,42687.64000000,13.56755000,1642420799999,580188.42708110,590,5.91639000,253021.21484090,0
1642420800000,42691.03000000,42808.73000000,42448.94000000,42574.79000000,56.16973000,1642424399999,2394291.11011620,1261,39.08697000,1665865.81829560,0
1642424400000,42590.59000000,42701.64000000,42523.62000000,42686.01000000,34.91499000,1642427999999,1487980.96194400,969,22.15394000,944244.99694750,0
1642428000000,42646.44000000,42766.71000000,42559.83000000,42679.46000000,29.00010000,1642431599999,1237279.54233930,770,10.97389000,468374.20690420,0
1642431600000,42689.08000000,42689.08000000,42394.32000000,42493.70000000,35.78779000,1642435199999,1522216.86340480,1062,14.76232000,628042.90843700,0
1642435200000,42488.78000000,42546.15000000,42152.12000000,42252.94000000,45.25288000,1642438799999,1914324.58236840,1615,23.75789000,1005273.86040910,0
1642438800000,42230.36000000,42258.39000000,41957.43000000,42110.46000000,79.11422000,1642442399999,3332040.86642960,1809,33.73090000,1421360.30333870,0
1642442400000,42128.93000000,42223.55000000,41832.02000000,42204.77000000,50.23621000,1642445999999,2111401.34878870,1464,30.23110000,1270933.49294540,0
1642446000000,42181.94000000,42330.14000000,42122.93000000,42243.83000000,33.11984000,1642449599999,1398520.59115910,1031,16.43494000,694097.27224770,0
1642449600000,42255.12000000,42331.21000000,42031.82000000,42097.06000000,49.63996000,1642453199999,2093198.35833740,1134,30.68294000,1293857.84104860,0
1642453200000,42089.51000000,42274.92000000,41621.92000000,41733.13000000,60.11335000,1642456799999,2516561.72858750,1682,36.17612000,1515289.10811860,0
1642456800000,41728.47000000,42408.55000000,41561.65000000,42077.46000000,54.66802000,1642460399999,2287345.01696780,1631,33.69008000,1406418.86703960,0
1642460400000,42091.48000000,42264.83000000,42066.25000000,42205.76000000,20.77250000,1642463999999,876378.05296920,651,8.41754000,355142.91334560,0
1642464000000,42217.79000000,42453.29000000,42131.25000000,42370.56000000,45.46129000,1642467599999,1923788.58857900,1245,23.04486000,975550.78405490,0
1642467600000,42380.70000000,42442.78000000,42181.52000000,42266.20000000,43.07101000,1642471199999,1823932.63792060,835,8.91320000,377218.82828440,0
1642471200000,42278.93000000,42311.78000000,42156.71000000,42290.56000000,37.30549000,1642474799999,1575233.43708240,768,11.71376000,494667.15876140,0
1642474800000,42288.91000000,42311.75000000,41987.44000000,42060.11000000,26.44787000,1642478399999,1116114.30198400,729,5.49228000,231582.84901330,0
1642478400000,42047.53000000,42116.07000000,41902.91000000,42045.67000000,32.49401000,1642481999999,1365027.62862160,770,17.13615000,719593.83790440,0
1642482000000,42043.88000000,42212.11000000,41995.69000000,42109.06000000,20.50602000,1642485599999,863681.46177950,716,8.48854000,357493.26912400,0
1642485600000,42115.54000000,42429.98000000,42110.47000000,42243.46000000,25.71877000,1642489199999,1087455.54684850,753,17.29530000,731442.85765800,0
1642489200000,42249.42000000,42280.80000000,41959.26000000,42066.86000000,31.76196000,1642492799999,1336741.91459010,856,11.04301000,464516.66760800,0
1642492800000,42074.02000000,42074.02000000,41616.28000000,41712.97000000,25.82582000,1642496399999,1080061.80490480,991,12.20211000,510337.11188890,0
1642496400000,41723.53000000,42013.29000000,41460.00000000,41902.07000000,60.43677000,1642499999999,2521734.30380630,1478,30.11076000,1255734.91120850,0
1642500000000,41924.86000000,42062.00000000,41848.25000000,41941.38000000,38.03783000,1642503599999,1596250.46235220,969,12.14525000,509775.24602410,0
1642503600000,41941.38000000,41941.38000000,41697.20000000,41867.10000000,78.72259000,1642507199999,3291055.47210560,1099,64.07595000,2678744.95522940,0
1642507200000,41847.84000000,41958.01000000,41641.56000000,41810.64000000,38.26532000,1642510799999,1598306.09841760,1154,21.38801000,893693.90530230,0
1642510800000,41818.39000000,41849.49000000,41380.54000000,41651.67000000,55.86645000,1642514399999,2322010.43057840,1618,26.55733000,1104155.98683390,0
1642514400000,41658.90000000,41696.96000000,41293.41000000,41460.44000000,76.37062000,1642517999999,3166308.72160350,2010,37.37576000,1549436.15169800,0
1642518000000,41447.12000000,41846.25000000,41324.83000000,41599.27000000,75.56245000,1642521599999,3143873.36638370,1794,40.74804000,1693392.86608540,0
1642521600000,41593.51000000,41791.09000000,41395.14000000,41715.26000000,47.68646000,1642525199999,1984537.66382010,1463,23.48953000,977538.37331930,0
1642525200000,41718.89000000,41733.40000000,41478.15000000,41502.58000000,42.37392000,1642528799999,1762030.08011760,1106,23.02481000,957186.21813860,0
1642528800000,41496.58000000,41669.49000000,41396.20000000,41609.99000000,51.12158000,1642532399999,2121609.73318880,1435,28.13882000,1167790.46331190,0
1642532400000,41620.61000000,41781.79000000,41597.51000000,41708.93000000,42.30825000,1642535999999,1764160.34027890,1129,20.97984000,874801.94512290,0
1642536000000,41709.40000000,41795.94000000,41377.01000000,41795.94000000,48.71155000,1642539599999,2026844.94661150,1012,21.34445000,888599.42019260,0
1642539600000,41797.03000000,42488.98000000,41727.44000000,42386.24000000,83.66526000,1642543199999,3526906.90815680,2233,34.60185000,1458550.11074460,0
1642543200000,42386.92000000,42726.66000000,42249.50000000,42492.28000000,57.77777000,1642546799999,2453540.01627420,1728,11.88528000,504282.93384340,0
1642546800000,42496.82000000,42582.58000000,42350.99000000,42360.40000000,27.64577000,1642550399999,1173819.75518660,960,10.33743000,438753.12550790,0
1642550400000,42365.78000000,42487.12000000,42173.67000000,42268.11000000,38.34518000,1642553999999,1621594.70614630,978,21.21483000,896999.51960080,0
1642554000000,42297.79000000,42479.99000000,42266.70000000,42440.30000000,16.68382000,1642557599999,707412.72004690,570,6.70534000,284353.20308750,0
1642557600000,42445.21000000,42530.42000000,42298.50000000,42331.50000000,14.63537000,1642561199999,620620.26149720,515,5.03847000,213589.50278800,0
1642561200000,42346.65000000,42346.65000000,41578.41000000,41721.47000000,43.40594000,1642564799999,1819217.04426570,1304,23.56277000,986628.21259450,0
1642564800000,41726.06000000,41814.21000000,41610.97000000,41718.68000000,32.64602000,1642568399999,1361411.24305830,945,15.42227000,643061.32120720,0
1642568400000,41720.37000000,41822.59000000,41676.80000000,41750.40000000,37.11535000,1642571999999,1550306.25426890,1334,17.70841000,739788.59947280,0
1642572000000,41762.92000000,41867.85000000,41700.38000000,41732.70000000,41.49411000,1642575599999,1733943.66628920,1520,25.58347000,1069023.60944710,0
1642575600000,41711.83000000,41724.23000000,41169.14000000,41264.99000000,70.58450000,1642579199999,2920379.77578790,1913,37.95149000,1569724.69524930,0
1642579200000,41270.93000000,41410.32000000,41125.40000000,41365.83000000,63.99838000,1642582799999,2642152.47754850,1188,26.43469000,1091205.86952870,0
1642582800000,41382.99000000,41681.92000000,41342.20000000,41592.35000000,102.80365000,1642586399999,4270375.86962060,1833,26.55648000,1102460.14939920,0
1642586400000,41599.93000000,41617.48000000,41302.06000000,41506.25000000,46.35089000,1642589999999,1921717.60764200,1046,25.81627000,1070512.89997610,0
1642590000000,41520.75000000,42162.58000000,41519.85000000,42041.53000000,67.46568000,1642593599999,2824634.79896070,1559,34.86573000,1459556.65409080,0
1642593600000,42059.88000000,42272.72000000,41904.05000000,42101.41000000,48.54229000,1642597199999,2043963.11514640,1053,27.09848000,1141232.49480570,0
1642597200000,42099.48000000,42409.43000000,42039.58000000,42218.37000000,49.43952000,1642600799999,2086161.66028020,1082,22.46150000,948418.06078710,0
1642600800000,42216.81000000,42559.73000000,42080.50000000,42494.97000000,61.60353000,1642604399999,2611902.19325780,1493,17.78765000,752738.72116400,0
1642604400000,42532.97000000,42532.98000000,41841.05000000,42018.45000000,90.34264000,1642607999999,3814011.21561220,1494,36.89624000,1554538.70119740,0
1642608000000,41991.93000000,42072.22000000,41688.00000000,41911.21000000,111.24736000,1642611599999,4652811.41853040,1721,49.62787000,2074965.72197890,0
1642611600000,41938.83000000,42363.04000000,41938.83000000,42153.54000000,217.88438000,1642615199999,9188329.04055980,2726,173.41088000,7313252.02378130,0
1642615200000,42153.27000000,42265.24000000,41891.42000000,42007.19000000,103.20446000,1642618799999,4350262.00534600,1558,20.50570000,862492.23266290,0
1642618800000,42001.98000000,42061.05000000,41753.36000000,41883.01000000,64.95000000,1642622399999,2717272.85796780,1126,39.49645000,1651726.86447980,0
1642622400000,41872.25000000,41970.21000000,41555.87000000,41639.79000000,66.98424000,1642625999999,2794122.06050710,1468,39.18350000,1634654.70898070,0
1642626000000,41645.47000000,41831.68000000,41638.91000000,41711.22000000,34.35070000,1642629599999,1433581.80347920,880,20.88965000,871629.07916610,0
1642629600000,41703.21000000,42001.06000000,41642.80000000,41991.71000000,17.50993000,1642633199999,732629.12438050,644,8.17673000,342079.22685210,0
1642633200000,41988.20000000,41994.82000000,41644.30000000,41663.29000000,19.94783000,1642636799999,835073.34605920,516,7.45988000,312141.36638440,0
1642636800000,41686.98000000,41868.05000000,41654.06000000,41838.34000000,21.98957000,1642640399999,918929.36162070,607,10.47686000,437937.44000010,0
1642640400000,41868.68000000,41887.17000000,41666.43000000,41775.81000000,18.50478000,1642643999999,773000.98553180,552,7.14006000,298265.54250360,0
1642644000000,41780.43000000,42076.84000000,41775.59000000,41994.53000000,68.47583000,1642647599999,2875324.62694150,946,59.80501000,2511426.37829700,0
1642647600000,41997.34000000,42089.82000000,41883.41000000,41943.88000000,17.01956000,1642651199999,714223.19407350,622,8.97441000,376621.80559700,0
1642651200000,41961.10000000,42009.84000000,41869.16000000,41907.08000000,42.26221000,1642654799999,1771817.86350770,919,28.83333000,1208930.15558460,0
1642654800000,41904.26000000,41960.84000000,41779.18000000,41892.21000000,33.97398000,1642658399999,1422475.46876660,851,21.34497000,893828.28748600,0
1642658400000,41892.65000000,42068.60000000,41886.34000000,42023.16000000,143.26889000,1642661999999,6023028.05038560,1936,10.71842000,450273.37513840,0
1642662000000,42023.08000000,42162.51000000,41936.09000000,42060.33000000,27.78040000,1642665599999,1167483.35002690,726,7.22788000,303863.88369810,0
1642665600000,42060.04000000,42079.92000000,41875.00000000,41959.63000000,19.63986000,1642669199999,823963.14457850,570,7.12888000,299094.09273530,0
1642669200000,41979.71000000,42102.26000000,41818.18000000,42056.55000000,25.58529000,1642672799999,1073570.39300210,770,13.70023000,575071.25697970,0
1642672800000,42059.01000000,42170.14000000,42015.23000000,42104.40000000,24.12355000,1642676399999,1015585.61819080,644,14.97337000,630363.09737580,0
1642676400000,42119.65000000,42237.07000000,42055.69000000,42145.08000000,36.39440000,1642679999999,1533520.02054540,896,10.49810000,442407.16258160,0
1642680000000,42126.03000000,42126.03000000,41929.32000000,42028.21000000,42.77431000,1642683599999,1795744.91847500,960,20.90530000,877596.04318620,0
1642683600000,42035.34000000,42492.54000000,41971.00000000,42395.08000000,108.30454000,1642687199999,4577168.79200650,2036,39.46679000,1668929.21836790,0
1642687200000,42454.51000000,43060.20000000,42380.93000000,42975.20000000,266.74294000,1642690799999,11373230.80072760,3237,164.07228000,6988536.91575250,0
1642690800000,42975.27000000,43452.25000000,42949.62000000,43287.10000000,261.83807000,1642694399999,11307155.34345260,3230,173.27868000,7479562.25116580,0
1642694400000,43336.53000000,43499.01000000,43165.08000000,43278.62000000,50.36086000,1642697999999,2182546.73100440,1551,31.67264000,1372845.89819010,0
1642698000000,43318.00000000,43318.00000000,42981.89000000,43031.93000000,50.38385000,1642701599999,2174903.20499740,1187,34.74589000,1500016.10246740,0
1642701600000,43041.76000000,43088.03000000,42783.03000000,42835.54000000,118.29232000,1642705199999,5086687.22211050,1583,62.61717000,2694423.07523550,0
1642705200000,42848.53000000,43244.31000000,42831.88000000,42929.31000000,110.50275000,1642708799999,4754584.48233810,1547,61.41914000,2643152.24183490,0
1642708800000,42912.37000000,42988.70000000,42580.95000000,42729.09000000,61.97380000,1642712399999,2646832.35547210,1304,37.32957000,1594454.61205450,0
1642712400000,42730.23000000,42730.23000000,41326.00000000,41332.12000000,189.57515000,1642715999999,7952087.81052700,3653,104.88504000,4394285.92657690,0
1642716000000,41327.21000000,41553.25000000,40800.00000000,41156.89000000,108.79339000,1642719599999,4484467.52251710,3027,44.22619000,1824539.70078160,0
1642719600000,41150.60000000,41185.35000000,40564.60000000,40693.65000000,81.73199000,1642723199999,3337151.51556900,2247,44.32463000,1810731.97587730,0
1642723200000,40664.99000000,41100.54000000,40360.58000000,40900.87000000,107.52182000,1642726799999,4382778.83251360,2452,64.61568000,2632943.50371360,0
1642726800000,40903.75000000,40924.96000000,39739.51000000,39774.22000000,119.19735000,1642730399999,4780299.08940030,2675,48.13820000,1932635.95987580,0
1642730400000,39726.98000000,40272.01000000,39250.00000000,39851.44000000,142.51191100,1642733999999,5669794.62923298,3300,56.03871800,2229956.61734346,0
1642734000000,39833.40000000,39954.39000000,38250.00000000,38481.99000000,280.84209100,1642737599999,10918683.05714194,5619,117.88320000,4582706.36348040,0
1642737600000,38434.21000000,39075.60000000,38400.00000000,38841.46000000,156.97900000,1642741199999,6087743.45871060,3113,64.89493000,2517849.51194020,0
1642741200000,38846.34000000,39129.00000000,38711.11000000,38919.34000000,97.85945000,1642744799999,3803706.75983220,2260,46.06539000,1791174.52178980,0
1642744800000,38923.57000000,38944.30000000,38554.84000000,38688.56000000,80.46341000,1642748399999,3119984.90395750,1874,34.14819000,1323793.13285690,0
1642748400000,38676.95000000,39166.00000000,38541.72000000,39147.81000000,112.13904000,1642751999999,4352749.95554830,2148,61.30200000,2379658.10245110,0
1642752000000,39135.99000000,39288.49000000,39022.79000000,39172.22000000,50.67629000,1642755599999,1983205.81483430,1545,21.48459000,840964.64304700,0
1642755600000,39173.35000000,39194.70000000,38939.57000000,38977.41000000,66.06291000,1642759199999,2578332.38545590,1755,27.03009000,1054753.47956540,0
1642759200000,38961.20000000,39102.21000000,38865.64000000,38962.73000000,70.82250000,1642762799999,2760525.83982230,1327,35.58360000,1386823.23571620,0
1642762800000,38948.02000000,38967.50000000,38624.36000000,38888.34000000,86.86382000,1642766399999,3370082.65657710,1607,43.34847000,1682343.04644260,0
1642766400000,38889.80000000,38924.02000000,37642.01000000,38181.14000000,211.19799400,1642769999999,8063626.93593382,4710,94.58839000,3610358.79661200,0
1642770000000,38199.41000000,38736.07000000,38148.83000000,38488.88000000,134.93820000,1642773599999,5184279.13664480,3358,81.48303000,3129471.10605050,0
1642773600000,38488.88000000,38888.88000000,38250.09000000,38418.03000000,122.35116000,1642777199999,4709572.30032480,2604,67.08755000,2582265.51416650,0
1642777200000,38413.86000000,39036.88000000,38097.87000000,38862.58000000,109.76412000,1642780799999,4237914.15899600,2587,52.20276000,2014117.15312360,0
1642780800000,38862.59000000,39059.51000000,38523.90000000,38723.01000000,84.34533000,1642784399999,3270223.83673320,1908,43.00215000,1667472.89659170,0
1642784400000,38721.97000000,38767.25000000,38289.65000000,38379.16000000,111.53695000,1642787999999,4286930.17193700,1792,64.05584000,2461718.09198170,0
1642788000000,38377.48000000,38637.19000000,37801.00000000,38304.17000000,87.43571000,1642791599999,3350769.46317730,2076,46.96157000,1800726.11380540,0
1642791600000,38277.62000000,38496.55000000,37954.75000000,37978.85000000,60.82969000,1642795199999,2324046.85830810,1346,37.43651000,1430366.76060410,0
1642795200000,37984.89000000,38532.15000000,37600.00000000,38375.05000000,189.84090000,1642798799999,7212032.67686770,3872,109.15144000,4148583.19822880,0
1642798800000,38362.29000000,38479.07000000,36157.94000000,36685.21000000,360.30437900,1642802399999,13368230.68867160,8402,171.28737100,6362501.69242514,0
1642802400000,36668.76000000,37152.93000000,35421.73000000,36106.79000000,299.17263700,1642805999999,10870918.09651770,7081,138.49575000,5038781.76654790,0
1642806000000,36136.64000000,36825.68000000,35653.35000000,36456.21000000,198.27468000,1642809599999,7214321.30967690,4164,75.44718000,2744332.48276350,0
1642809600000,36446.98000000,36826.47000000,36156.21000000,36496.38000000,100.97501000,1642813199999,3684061.69729490,2023,47.56816000,1736213.56318000,0
1642813200000,36504.58000000,36608.84000000,36156.41000000,36489.44000000,94.10229000,1642816799999,3425355.31742670,1850,43.10756000,1569390.13691360,0
1642816800000,36491.58000000,36553.51000000,36275.55000000,36495.50000000,45.09425000,1642820399999,1642392.50890500,1018,20.15325000,733797.86065300,0
1642820400000,36472.00000000,36695.87000000,36005.00000000,36343.91000000,521.36552000,1642823999999,19043089.44918740,5207,74.93937000,2731969.66376010,0
1642824000000,36325.25000000,36429.78000000,36206.54000000,36298.43000000,186.07082000,1642827599999,6757911.60827440,2490,30.73942000,1116895.69460090,0
1642827600000,36251.77000000,36343.54000000,35586.86000000,35750.84000000,123.62679000,1642831199999,4455570.52693510,2147,52.60189000,1897060.86814720,0
1642831200000,35757.87000000,35983.22000000,35382.53000000,35718.31000000,135.23564200,1642834799999,4831009.74699830,2588,80.58846000,2879067.61716990,0
1642834800000,35719.65000000,35897.25000000,35113.21000000,35415.90000000,178.79980800,1642838399999,6353097.16714956,3881,101.80775000,3620925.70154450,0
1642838400000,35414.24000000,35810.40000000,35414.20000000,35596.01000000,97.39578000,1642841999999,3471208.97015950,2109,55.35176000,1973324.53347620,0
1642842000000,35617.03000000,35735.04000000,34647.37000000,34814.83000000,212.27897100,1642845599999,7470303.59793404,4339,93.23213800,3282043.24640360,0
1642845600000,34799.04000000,35916.71000000,34000.00000000,35490.03000000,311.34367900,1642849199999,10842048.40800480,7565,141.55890000,4938706.13862130,0
1642849200000,35497.30000000,35667.25000000,34820.36000000,35409.07000000,124.33078000,1642852799999,4385673.01898960,2880,65.18091000,2299443.20604470,0
1642852800000,35427.50000000,35897.95000000,35353.19000000,35784.56000000,120.16566000,1642856399999,4281951.45214230,2794,57.74084000,2057000.72744660,0
1642856400000,35776.91000000,36181.22000000,35537.18000000,35594.55000000,111.44042000,1642859999999,3990148.29574730,2505,47.81609000,1712126.72249010,0
1642860000000,35601.06000000,35650.35000000,35004.05000000,35024.23000000,66.37506000,1642863599999,2350511.49630850,1724,29.91364000,1060463.16627570,0
1642863600000,35031.41000000,35319.30000000,34803.51000000,34855.03000000,136.21484000,1642867199999,4783790.01235520,2566,36.72520000,1286965.71996850,0
1642867200000,34870.86000000,35497.24000000,34521.00000000,35105.21000000,91.32681000,1642870799999,3206946.97833440,2353,48.67906000,1711225.17451900,0
1642870800000,35100.13000000,35239.46000000,34500.00000000,34623.97000000,101.64965000,1642874399999,3537451.08292670,2278,45.01249000,1566844.38554590,0
1642874400000,34643.18000000,34773.16000000,34250.00000000,34390.44000000,84.23739000,1642877999999,2904021.51462110,2192,40.14883000,1384010.70247740,0
1642878000000,34382.96000000,34835.37000000,34236.20000000,34518.64000000,120.95970000,1642881599999,4179355.69415010,2219,35.60789000,1231541.79212450,0
1642881600000,34553.56000000,35555.54000000,34420.61000000,35299.96000000,101.28904000,1642885199999,3553535.60202330,2476,54.61974000,1916487.52367170,0
1642885200000,35285.02000000,35732.36000000,35083.77000000,35396.91000000,97.12650000,1642888799999,3435130.90586350,2038,39.88785000,1409546.08697780,0
1642888800000,35376.24000000,35380.00000000,34728.51000000,34876.30000000,76.74374000,1642892399999,2693380.41275550,1934,26.46025000,928944.74136290,0
1642892400000,34868.68000000,35099.83000000,34751.09000000,35078.41000000,30.72421000,1642895999999,1073430.25860610,859,14.72422000,514659.72945780,0
1642896000000,35079.71000000,35447.00000000,34948.50000000,35400.11000000,43.83078000,1642899599999,1545604.19376350,1017,19.89489000,701718.03657630,0
1642899600000,35381.26000000,35514.31000000,35267.88000000,35311.68000000,95.80641000,1642903199999,3388191.42563150,1393,15.42052000,545463.91812100,0
1642903200000,35300.00000000,35348.88000000,34844.61000000,34861.06000000,64.87340000,1642906799999,2277156.05548040,1136,18.40952000,647003.74809360,0
1642906800000,34873.14000000,35094.40000000,34815.60000000,35061.28000000,46.63270000,1642910399999,1629663.43503000,871,29.04001000,1015211.18531850,0
1642910400000,35061.44000000,35300.00000000,34952.52000000,35216.15000000,52.33530000,1642913999999,1840449.08994490,939,22.98156000,808318.07106750,0
1642914000000,35217.52000000,35575.68000000,34950.89000000,35474.87000000,42.04175000,1642917599999,1482322.40365220,852,21.88956000,771712.65401570,0
1642917600000,35455.21000000,35549.50000000,35153.80000000,35268.88000000,56.65143000,1642921199999,2000856.05521440,1041,19.50034000,689192.32820440,0
1642921200000,35275.92000000,35759.93000000,35236.98000000,35586.12000000,52.15767000,1642924799999,1854411.09422550,1272,18.92188000,672363.82509430,0
1642924800000,35575.93000000,35966.98000000,35323.20000000,35839.15000000,171.99785000,1642928399999,6130499.49424470,2682,58.64692000,2090064.23210250,0
1642928400000,35856.38000000,36151.26000000,35740.69000000,35882.51000000,129.03894000,1642931999999,4634492.57511690,2411,42.03787000,1510989.61910540,0
1642932000000,35898.04000000,35945.60000000,35663.39000000,35909.34000000,121.70057000,1642935599999,4360027.97129590,1788,24.81011000,888776.65653400,0
1642935600000,35900.20000000,35906.31000000,35624.48000000,35695.75000000,60.40847000,1642939199999,2163312.94046750,1181,14.36519000,514169.95960560,0
1642939200000,35690.96000000,35831.00000000,35560.40000000,35811.93000000,44.65862000,1642942799999,1592770.72928280,930,21.64398000,771865.81377920,0
1642942800000,35805.13000000,36100.00000000,35703.91000000,35979.20000000,31.93965000,1642946399999,1145378.04925920,977,12.54043000,449851.19185660,0
1642946400000,35973.53000000,36058.06000000,35011.78000000,35302.98000000,96.84653000,1642949999999,3446288.44829170,1848,30.05984000,1064702.81535340,0
1642950000000,35308.00000000,35376.22000000,35111.40000000,35304.81000000,52.88873000,1642953599999,1863676.05305370,943,20.78529000,732399.15470640,0
1642953600000,35293.90000000,35449.82000000,35167.66000000,35218.95000000,33.28298000,1642957199999,1174255.89177470,834,14.00820000,494026.84741320,0
1642957200000,35225.79000000,35450.15000000,35200.89000000,35352.19000000,32.21994000,1642960799999,1138786.54712850,699,10.05997000,355512.94418490,0
1642960800000,35321.90000000,35407.75000000,34880.36000000,34956.89000000,172.46310000,1642964399999,6046925.71955800,2589,65.05687000,2281195.01420640,0
1642964400000,34943.60000000,35197.42000000,34610.89000000,34792.25000000,59.64781000,1642967999999,2078454.50983410,1282,33.37006000,1162934.97070570,0
1642968000000,34772.41000000,35377.45000000,34720.58000000,35295.29000000,37.93472000,1642971599999,1333485.49045920,957,15.08385000,530323.95449380,0
1642971600000,35302.97000000,35570.13000000,35107.79000000,35367.07000000,40.53269000,1642975199999,1432861.56909680,1171,11.51810000,407236.40266030,0
1642975200000,35359.25000000,35553.53000000,35285.67000000,35520.29000000,54.43263000,1642978799999,1928424.98880790,1463,16.57295000,587388.92848760,0
1642978800000,35520.29000000,36531.65000000,35396.83000000,36261.38000000,115.94980000,1642982399999,4192346.69735750,2513,56.17508000,2031032.89314200,0
1642982400000,36252.79000000,36257.25000000,35760.55000000,35839.81000000,474.22781000,1642985999999,17073500.35253800,5879,34.57115000,1243404.04618490,0
1642986000000,35856.93000000,36060.40000000,35585.58000000,35669.38000000,41.97571000,1642989599999,1504759.89701800,1274,16.48120000,591137.96334480,0
1642989600000,35667.38000000,35729.77000000,35174.83000000,35211.56000000,40.89640000,1642993199999,1452473.30371800,1157,18.00630000,638926.72430160,0
1642993200000,35235.77000000,35408.71000000,35128.46000000,35338.96000000,265.53816000,1642996799999,9363967.86415550,2178,199.81914000,7045568.86525020,0
1642996800000,35342.37000000,35487.28000000,35073.22000000,35122.05000000,48.94656000,1643000399999,1729476.23767220,1019,15.82727000,559221.52987810,0
1643000400000,35131.19000000,35255.96000000,34941.48000000,35200.83000000,37.30166000,1643003999999,1308677.50501850,981,17.30971000,607372.25100210,0
1643004000000,35181.98000000,35414.28000000,35072.80000000,35288.58000000,39.62886000,1643007599999,1398728.33120560,997,24.31368000,858481.83555600,0
1643007600000,35272.96000000,35322.44000000,34834.80000000,34879.59000000,54.10484000,1643011199999,1900517.27525750,1359,29.05237000,1020791.74823650,0
1643011200000,34893.79000000,35590.32000000,34780.43000000,34992.93000000,148.32705000,1643014799999,5194499.44180960,2411,108.58484000,3802096.88320720,0
1643014800000,34952.30000000,35084.78000000,34391.64000000,34515.67000000,132.18017000,1643018399999,4594668.50310800,2702,73.78530000,2569279.94491550,0
1643018400000,34500.75000000,34584.45000000,33237.89000000,33281.29000000,360.37023000,1643021999999,12139841.59333600,5588,160.76486200,5418913.74790320,0
1643022000000,33297.28000000,34180.86000000,33023.24000000,33730.88000000,244.83657200,1643025599999,8195361.59505730,4172,139.71491000,4669715.29277140,0
1643025600000,33720.89000000,33825.99000000,33042.44000000,33113.93000000,161.52502000,1643029199999,5400859.84358220,3482,63.94568000,2139673.06712620,0
1643029200000,33119.05000000,33773.61000000,32950.00000000,33375.18000000,275.77593000,1643032799999,9199449.85941480,4800,100.78825000,3366887.08529240,0
1643032800000,33344.56000000,34140.43000000,33107.74000000,33655.50000000,187.19642000,1643036399999,6285398.71587030,4235,86.19278000,2894166.26940020,0
1643036400000,33646.63000000,34352.81000000,33246.77000000,34255.18000000,365.44122000,1643039999999,12423370.21769670,5398,256.11593000,8718488.79063240,0
1643040000000,34236.48000000,34624.41000000,33817.13000000,34429.10000000,345.49463000,1643043599999,11850215.49513600,5432,186.20876000,6388819.07907150,0
1643043600000,34429.09000000,35541.96000000,34187.88000000,35378.05000000,475.34561000,1643047199999,16443214.83475900,6285,296.78968000,10253650.91799690,0
1643047200000,35388.03000000,36454.46000000,35206.23000000,36184.65000000,243.90705000,1643050799999,8754189.16345300,4434,116.42211000,4171327.80464130,0
1643050800000,36189.31000000,36353.26000000,35670.07000000,36098.11000000,93.42489000,1643054399999,3358669.45105550,1970,44.74614000,1608742.87896170,0
1643054400000,36097.63000000,37555.00000000,35973.28000000,37200.00000000,149.12439000,1643057999999,5469775.27966370,3304,63.40413000,2321800.98855150,0
1643058000000,37218.45000000,37224.04000000,36751.83000000,36823.40000000,109.48015000,1643061599999,4044605.94534730,2265,60.89040000,2249538.30615900,0
1643061600000,36816.28000000,36848.15000000,36292.13000000,36388.98000000,69.38942000,1643065199999,2539617.41316380,1929,26.66571000,976330.46474740,0
1643065200000,36380.60000000,36779.60000000,36367.43000000,36670.32000000,53.50799000,1643068799999,1960591.50831800,1316,21.19943000,776584.78467550,0
1643068800000,36689.01000000,36693.63000000,36021.34000000,36047.04000000,44.82998000,1643072399999,1630663.79204770,1274,22.83743000,830214.50171060,0
1643072400000,36083.29000000,36180.78000000,35976.29000000,36146.97000000,30.34845000,1643075999999,1095617.41307060,899,18.51339000,668353.37626230,0
1643076000000,36125.83000000,36345.72000000,36099.65000000,36311.29000000,39.64625000,1643079599999,1435972.74166530,873,10.23440000,370670.47845060,0
1643079600000,36336.80000000,36473.35000000,36180.33000000,36433.61000000,46.31683000,1643083199999,1682003.84413510,1028,19.56408000,710532.67555900,0
1643083200000,36449.60000000,36504.57000000,35890.00000000,35968.45000000,47.15550000,1643086799999,1708536.34104120,1069,17.29321000,625781.77986180,0
1643086800000,35966.36000000,36124.10000000,35847.07000000,36073.18000000,43.50586000,1643090399999,1567023.69214430,1202,18.60043000,669439.68260020,0
1643090400000,36080.46000000,36150.09000000,35853.37000000,35853.57000000,39.02628000,1643093999999,1405494.55466920,922,24.07836000,867023.23688590,0
1643094000000,35852.51000000,36144.49000000,35707.45000000,36064.50000000,71.47479000,1643097599999,2567187.02632310,1444,44.59257000,1601708.35546490,0
1643097600000,36029.01000000,36557.41000000,36014.99000000,36092.41000000,79.28829000,1643101199999,2873165.19694620,1622,43.61483000,1580626.74103730,0
1643101200000,36094.96000000,36526.62000000,36058.61000000,36429.04000000,37.61702000,1643104799999,1366648.64042170,867,14.28160000,518481.95559810,0
1643104800000,36409.22000000,36817.69000000,36327.33000000,36450.33000000,113.33120000,1643108399999,4140539.46498320,1678,48.34825000,1767434.82776750,0
1643108400000,36437.34000000,36615.61000000,36242.13000000,36424.01000000,103.06318000,1643111999999,3752582.10993250,1739,47.28179000,1719996.94976910,0
1643112000000,36429.04000000,36778.69000000,36228.24000000,36533.17000000,121.29924000,1643115599999,4424165.47755400,2270,46.31184000,1687793.18951450,0
1643115600000,36551.95000000,36607.25000000,36272.87000000,36524.76000000,122.69113000,1643119199999,4472674.44854560,1825,66.61958000,2427735.63609070,0
1643119200000,36495.71000000,37151.19000000,36277.48000000,36307.57000000,150.70272000,1643122799999,5524981.19787380,2801,77.00394000,2819911.30828810,0
1643122800000,36325.00000000,36783.68000000,35995.67000000,36578.43000000,125.82900000,1643126399999,4581459.01301190,2699,63.25567000,2302287.08758560,0
1643126400000,36554.46000000,37087.33000000,36513.74000000,36863.67000000,91.60356000,1643129999999,3368236.06088150,1992,39.62221000,1456972.77316140,0
1643130000000,36852.02000000,37483.13000000,36817.21000000,37280.00000000,120.99796000,1643133599999,4502991.03257290,2767,48.74270000,1815697.79815960,0
1643133600000,37285.63000000,37558.33000000,37142.32000000,37339.56000000,206.26927000,1643137199999,7708813.06778430,3385,40.99462000,1532226.37539750,0
1643137200000,37330.01000000,37432.99000000,36943.37000000,37113.09000000,66.93700000,1643140799999,2490203.45067500,2335,31.97547000,1189367.90755140,0
1643140800000,37090.73000000,37118.34000000,36638.09000000,36892.44000000,118.61422000,1643144399999,4377496.41409750,2354,56.29909000,2077007.89670090,0
1643144400000,36886.50000000,36927.39000000,36362.60000000,36590.89000000,74.34124000,1643147999999,2720694.51732820,1590,41.08893000,1504106.49793150,0
1643148000000,36566.65000000,36797.48000000,36468.43000000,36774.84000000,21.26334000,1643151599999,778897.38998030,905,10.52868000,385868.69255240,0
1643151600000,36796.02000000,37061.21000000,36725.35000000,36965.54000000,51.65529000,1643155199999,1907504.81715530,1301,19.36648000,714956.35216470,0
1643155200000,36996.00000000,37007.87000000,36579.56000000,36656.11000000,42.54224000,1643158799999,1565886.16489720,1008,22.18220000,816386.47042470,0
1643158800000,36660.11000000,36935.00000000,36576.70000000,36855.02000000,41.75948000,1643162399999,1534190.46462530,1122,17.67124000,649212.08200710,0
1643162400000,36856.81000000,37060.60000000,36805.70000000,36836.27000000,28.90335000,1643165999999,1066874.56900040,1219,5.13425000,189551.89514070,0
1643166000000,36832.32000000,37542.51000000,36809.09000000,37405.93000000,108.47830000,1643169599999,4041787.44389860,3781,39.42322000,1469021.28339370,0
1643169600000,37415.61000000,37890.38000000,37264.00000000,37785.65000000,63.92659000,1643173199999,2396563.10602660,2004,27.53137000,1033568.39679580,0
1643173200000,37791.91000000,37986.56000000,37610.02000000,37620.62000000,68.53635000,1643176799999,2587152.07850450,1473,34.49688000,1302129.48860540,0
1643176800000,37610.71000000,37833.91000000,37232.32000000,37311.03000000,129.18666000,1643180399999,4843883.82938030,2533,45.30728000,1700873.45029260,0
1643180400000,37311.03000000,37391.27000000,37157.79000000,37355.45000000,56.24270000,1643183999999,2096463.58541090,1939,23.71533000,883960.47849900,0
1643184000000,37346.39000000,37696.94000000,37346.39000000,37610.13000000,71.45962000,1643187599999,2682881.61248350,1623,27.49659000,1032598.30387770,0
1643187600000,37604.69000000,37990.00000000,37583.43000000,37674.27000000,289.68598000,1643191199999,10943732.61317280,3309,68.41898000,2585044.25972490,0
1643191200000,37660.07000000,38200.00000000,37580.97000000,37967.43000000,72.16265000,1643194799999,2733235.45769360,2022,42.66065000,1616456.42655430,0
1643194800000,37986.60000000,38259.54000000,37794.55000000,38095.62000000,89.17978000,1643198399999,3385861.52921130,2383,40.29338000,1530914.91909600,0
1643198400000,38091.43000000,38141.77000000,37768.21000000,37778.65000000,69.42933000,1643201999999,2631098.72405500,2550,33.99347000,1288792.66991760,0
1643202000000,37779.44000000,38299.98000000,37588.11000000,38223.99000000,277.59643000,1643205599999,10561630.19562600,4951,52.92172000,2009192.90861930,0
1643205600000,38214.55000000,38541.18000000,38092.86000000,38243.24000000,200.40883000,1643209199999,7674013.43350460,5488,79.41159000,3042225.80659740,0
1643209200000,38250.40000000,38364.82000000,37853.06000000,38009.39000000,86.49299000,1643212799999,3290866.07942980,2720,35.50763000,1351238.49969230,0
1643212800000,37999.20000000,38310.33000000,37948.01000000,38288.21000000,71.77099000,1643216399999,2734298.93474600,1230,52.52294000,2000660.23928900,0
1643216400000,38288.16000000,38383.13000000,38034.04000000,38058.61000000,51.43854000,1643219999999,1966620.35192050,1373,21.61337000,826160.94502230,0
1643220000000,38080.20000000,38300.00000000,37580.69000000,37983.50000000,112.51385000,1643223599999,4258044.32301170,2575,51.89736000,1963590.26457850,0
1643223600000,37968.35000000,38931.35000000,37328.81000000,37585.59000000,371.88109000,1643227199999,14189039.83042070,7813,183.95233000,7030819.46753670,0
1643227200000,37579.03000000,37579.03000000,36694.93000000,37016.81000000,217.37298000,1643230799999,8051967.93332220,4521,139.73607000,5174969.13755920,0
1643230800000,37026.77000000,37263.26000000,36341.07000000,36352.57000000,121.49447000,1643234399999,4469148.33345390,2169,55.47319000,2040946.90232910,0
1643234400000,36341.14000000,36605.79000000,36271.43000000,36540.06000000,57.73620000,1643237999999,2101661.02277100,1797,28.10483000,1022777.45964770,0
1643238000000,36529.58000000,36908.36000000,36461.37000000,36825.02000000,41.71580000,1643241599999,1533642.69789040,1260,18.99474000,698100.69461480,0
1643241600000,36832.08000000,37106.34000000,36716.03000000,37014.09000000,80.22806000,1643245199999,2966518.13071670,1557,53.46720000,1977241.71224300,0
1643245200000,37000.27000000,37010.12000000,35845.93000000,35903.37000000,110.86505000,1643248799999,4035516.62475900,2546,45.64216000,1663259.45975130,0
1643248800000,35903.37000000,36045.59000000,35700.90000000,36020.35000000,106.22020000,1643252399999,3809661.34511550,2529,41.21374000,1478109.87766290,0
1643252400000,36018.59000000,36241.29000000,35525.54000000,35749.65000000,72.99961000,1643255999999,2623132.57566380,1870,33.72701000,1213528.82317280,0
1643256000000,35762.20000000,36010.45000000,35705.71000000,35951.73000000,45.93974000,1643259599999,1647274.09684810,1342,23.89145000,856809.59659640,0
1643259600000,35954.85000000,36131.00000000,35833.49000000,36007.57000000,45.78784000,1643263199999,1648577.54143830,1070,22.99367000,827699.92573230,0
1643263200000,35982.55000000,36179.84000000,35866.62000000,36159.03000000,43.21113000,1643266799999,1557275.35736450,1034,24.85189000,895728.95898010,0
1643266800000,36118.35000000,36411.86000000,35987.65000000,36203.41000000,107.32673000,1643270399999,3887900.06155350,1895,29.73449000,1077423.31400730,0
1643270400000,36206.46000000,36505.21000000,35828.40000000,36464.53000000,43.83213000,1643273999999,1584541.75311560,1432,21.61295000,781160.61342930,0
1643274000000,36464.56000000,36661.13000000,36356.10000000,36540.82000000,61.58538000,1643277599999,2248489.13892820,1638,26.68701000,974694.38841060,0
1643277600000,36538.97000000,36676.02000000,36288.04000000,36335.30000000,61.79030000,1643281199999,2256874.89575360,1496,33.20986000,1212563.45948470,0
1643281200000,36339.09000000,36802.88000000,36314.94000000,36706.24000000,100.96117000,1643284799999,3697414.91553140,1794,32.53525000,1191437.19145830,0
1643284800000,36705.85000000,36820.14000000,36503.87000000,36703.74000000,139.60552000,1643288399999,5122492.72468490,2364,41.38483000,1517831.97283190,0
1643288400000,36694.39000000,36870.29000000,36566.76000000,36856.18000000,106.78675000,1643291999999,3923132.85053870,2073,33.28946000,1223367.67337530,0
1643292000000,36856.17000000,37248.22000000,36695.46000000,36886.61000000,62.27005000,1643295599999,2299931.92586960,1839,30.79646000,1138033.21011810,0
1643295600000,36899.58000000,37058.18000000,36528.97000000,36664.09000000,45.18343000,1643299199999,1660031.83965010,1313,26.79393000,984251.40924990,0
1643299200000,36663.08000000,36799.63000000,36341.82000000,36536.17000000,57.94432000,1643302799999,2118639.39103120,1518,28.72676000,1050596.22531400,0
1643302800000,36556.70000000,36603.90000000,36178.95000000,36317.97000000,52.83277000,1643306399999,1918095.63542520,1378,32.58217000,1182668.72267780,0
1643306400000,36318.01000000,36354.09000000,36042.99000000,36221.79000000,58.54156000,1643309999999,2115459.98805020,1573,28.71441000,1037698.85218220,0
1643310000000,36245.61000000,36347.29000000,35892.55000000,36223.12000000,75.50561000,1643313599999,2730827.36410900,1611,37.12640000,1341716.70711790,0
1643313600000,36230.02000000,36453.01000000,35569.76000000,35595.88000000,91.08472000,1643317199999,3275401.81349370,2188,47.30294000,1699098.91897220,0
1643317200000,35588.59000000,36360.87000000,35538.10000000,36185.32000000,138.07023000,1643320799999,4944937.99990340,2780,73.12186000,2615900.36109860,0
1643320800000,36166.60000000,36976.88000000,35619.94000000,36722.66000000,125.99904000,1643324399999,4562591.37536280,2923,65.71272000,2383620.17926640,0
1643324400000,36717.66000000,37226.04000000,36699.63000000,37158.70000000,75.03190000,1643327999999,2774680.45302720,2063,39.68720000,1466986.85428250,0
1643328000000,37157.90000000,37473.92000000,37073.70000000,37183.71000000,69.36198000,1643331599999,2583275.01865720,1752,33.71912000,1256013.92708090,0
1643331600000,37166.34000000,37218.73000000,36717.39000000,36885.82000000,53.79459000,1643335199999,1989129.66799000,1484,16.68736000,616916.72544690,0
1643335200000,36887.92000000,36987.59000000,36585.71000000,36960.75000000,49.26401000,1643338799999,1814279.73716210,1626,16.19377000,596423.08785940,0
1643338800000,36938.75000000,37465.43000000,36914.45000000,37358.53000000,48.92671000,1643342399999,1823441.42192640,1362,15.50018000,577540.65157820,0
1643342400000,37364.09000000,37447.76000000,36971.97000000,37225.12000000,51.60108000,1643345999999,1922383.93478130,1182,16.23491000,604783.65848250,0
1643346000000,37228.01000000,37338.66000000,37038.66000000,37222.63000000,34.33687000,1643349599999,1277124.26285220,839,7.95865000,296367.82419660,0
1643349600000,37201.42000000,37557.08000000,36923.96000000,36923.96000000,64.25525000,1643353199999,2395830.48426170,1742,31.50676000,1175576.03556230,0
1643353200000,36922.54000000,37111.24000000,36797.28000000,36802.71000000,32.74635000,1643356799999,1210231.76640740,1442,14.73808000,544462.08542610,0
1643356800000,36805.20000000,36894.68000000,36439.92000000,36671.93000000,48.10844000,1643360399999,1762537.16126870,1264,20.75912000,761080.29337540,0
1643360400000,36673.57000000,36862.01000000,36433.24000000,36500.00000000,52.80860000,1643363999999,1935504.30220220,1508,25.50341000,934180.64213670,0
1643364000000,36495.46000000,36671.23000000,36340.24000000,36626.67000000,46.68896000,1643367599999,1707542.21093500,1427,18.22999000,666696.42991390,0
1643367600000,36614.04000000,36653.96000000,36204.66000000,36416.36000000,59.11140000,1643371199999,2153352.19818730,1804,28.48353000,1038273.17521620,0
1643371200000,36451.99000000,36600.15000000,36154.21000000,36273.45000000,58.29731000,1643374799999,2116263.56337680,1975,31.28300000,1135556.08477080,0
1643374800000,36274.82000000,36997.09000000,36216.70000000,36905.87000000,68.99374000,1643378399999,2528100.76553310,2503,28.02956000,1027365.02329120,0
1643378400000,36934.28000000,37110.64000000,36623.32000000,36776.43000000,79.32776000,1643381999999,2925315.55039500,2375,36.74682000,1355100.72420470,0
1643382000000,36753.21000000,37312.04000000,36685.28000000,37190.15000000,102.80576000,1643385599999,3810278.12500860,3012,34.78568000,1289451.42480120,0
1643385600000,37203.83000000,37377.02000000,37011.62000000,37100.84000000,44.99628000,1643389199999,1673741.12536150,1659,20.33735000,756440.05318080,0
1643389200000,37117.88000000,37195.42000000,36780.31000000,36826.76000000,56.47826000,1643392799999,2086343.28615060,1326,33.08300000,1220932.51143580,0
1643392800000,36847.57000000,37125.75000000,36789.66000000,37074.53000000,44.99969000,1643396399999,1664731.36846840,1222,22.62627000,836689.39954060,0
1643396400000,37054.20000000,37239.95000000,36784.38000000,37233.84000000,42.38122000,1643399999999,1569034.22210740,1362,24.00562000,888875.93819120,0
1643400000000,37238.45000000,37864.37000000,37147.28000000,37761.05000000,91.22268000,1643403599999,3422611.97635550,2093,46.18291000,1732764.56508350,0
1643403600000,37752.84000000,38100.00000000,37673.23000000,37792.29000000,93.16510000,1643407199999,3529208.18884720,1903,37.08185000,1405363.73374930,0
1643407200000,37798.41000000,37955.67000000,37660.80000000,37663.97000000,53.27785000,1643410799999,2016571.24478780,1395,13.96638000,528076.96071300,0
1643410800000,37671.29000000,37856.19000000,37646.81000000,37737.62000000,48.66851000,1643414399999,1837225.85827210,1002,13.31233000,502502.73080020,0
1643414400000,37727.80000000,37991.96000000,37655.67000000,37787.83000000,65.67034000,1643417999999,2483856.19429060,1445,18.31258000,692535.63417290,0
1643418000000,37793.03000000,37906.65000000,37478.91000000,37548.20000000,47.16639000,1643421599999,1778361.26949800,1214,13.28795000,500609.61421510,0
1643421600000,37553.72000000,37646.04000000,37461.05000000,37542.00000000,94.74318000,1643425199999,3556406.21886570,1420,50.02005000,1877814.71077280,0
1643425200000,37548.10000000,37774.58000000,37499.76000000,37750.50000000,116.45868000,1643428799999,4385812.88292630,1967,62.72740000,2362940.74124630,0
1643428800000,37756.12000000,37930.00000000,37733.68000000,37829.81000000,62.23038000,1643432399999,2354430.63011390,1325,21.89830000,828703.76059610,0
1643432400000,37822.25000000,37845.93000000,37624.04000000,37652.66000000,35.40569000,1643435999999,1335314.51928800,896,8.15519000,307770.08935260,0
1643436000000,37666.33000000,37850.06000000,37603.78000000,37761.35000000,44.64821000,1643439599999,1683285.37471120,1138,10.47474000,394904.98330590,0
1643439600000,37746.14000000,37971.47000000,37671.21000000,37846.78000000,35.46210000,1643443199999,1340813.85917300,1143,12.51859000,473345.27506010,0
1643443200000,37859.63000000,37965.20000000,37767.23000000,37769.33000000,40.12856000,1643446799999,1518641.51000450,969,15.63128000,591686.90134350,0
1643446800000,37793.58000000,37795.75000000,37571.70000000,37710.02000000,21.09288000,1643450399999,794494.59547470,874,7.02797000,264678.59642870,0
1643450400000,37710.02000000,37818.87000000,37612.17000000,37761.69000000,34.08995000,1643453999999,1285480.67568040,951,7.65970000,288790.11261990,0
1643454000000,37765.15000000,37795.34000000,37668.80000000,37748.40000000,20.25155000,1643457599999,763879.41715170,636,8.18144000,308619.27386560,0
1643457600000,37733.80000000,37910.74000000,37622.68000000,37864.98000000,30.14992000,1643461199999,1139112.04712920,1013,12.51827000,473126.05651200,0
1643461200000,37853.39000000,38191.36000000,37748.66000000,38156.96000000,42.06649000,1643464799999,1598663.39236090,1244,17.81440000,676673.58733000,0
1643464800000,38170.01000000,38203.31000000,37534.06000000,37624.58000000,39.92427000,1643468399999,1514343.11379840,1297,12.42693000,471593.80427830,0
1643468400000,37600.10000000,37739.53000000,37301.51000000,37569.09000000,51.34605000,1643471999999,1928539.87345710,1667,22.57576000,847892.14511750,0
1643472000000,37556.19000000,37605.78000000,37327.16000000,37543.86000000,42.95734000,1643475599999,1610003.59845810,1361,21.78787000,816534.21881230,0
1643475600000,37539.79000000,37755.40000000,37539.79000000,37666.68000000,24.67900000,1643479199999,928914.58897200,968,8.88237000,334367.42428080,0
1643479200000,37660.04000000,37907.19000000,37575.16000000,37801.22000000,22.35054000,1643482799999,842232.97201240,866,10.99282000,414254.50418220,0
1643482800000,37831.65000000,37966.89000000,37793.68000000,37862.81000000,28.74607000,1643486399999,1089287.18215820,905,11.23173000,425678.81999910,0
1643486400000,37869.14000000,38654.44000000,37839.22000000,38359.07000000,99.07653000,1643489999999,3792058.04091390,2387,48.09592000,1841665.60573540,0
1643490000000,38340.53000000,38724.63000000,38299.28000000,38376.47000000,42.08180000,1643493599999,1621460.80315790,1275,18.58738000,716044.95389390,0
1643493600000,38385.91000000,38429.73000000,38058.06000000,38158.08000000,35.25925000,1643497199999,1346640.19237520,1054,15.37169000,586945.54202600,0
1643497200000,38125.23000000,38188.82000000,37931.64000000,38177.17000000,17.32652000,1643500799999,659541.21732700,668,6.72458000,255774.03761020,0
1643500800000,38169.04000000,38294.19000000,37757.81000000,37823.08000000,57.04023000,1643504399999,2172169.66243180,1234,37.21221000,1418813.89422030,0
1643504400000,37828.09000000,37990.98000000,37800.87000000,37939.68000000,15.31487000,1643507999999,580660.64729700,517,5.35703000,203113.75466320,0
1643508000000,37936.16000000,38065.41000000,37890.34000000,37968.87000000,29.78436000,1643511599999,1131241.32688070,664,9.74611000,370099.35427950,0
1643511600000,37970.99000000,38054.42000000,37895.06000000,37919.95000000,18.12614000,1643515199999,688772.50951020,609,6.01155000,228407.45233420,0
1643515200000,37926.67000000,38188.82000000,37914.55000000,38129.28000000,13.56386000,1643518799999,515982.24456380,545,6.22484000,236734.70710590,0
1643518800000,38101.94000000,38368.73000000,38101.94000000,38147.93000000,27.53843000,1643522399999,1052799.57288680,697,13.76589000,526025.02010240,0
1643522400000,38143.43000000,38159.23000000,38062.86000000,38112.82000000,11.76226000,1643525999999,448369.15190690,429,4.15135000,158322.95105190,0
1643526000000,38130.66000000,38298.37000000,38125.39000000,38254.47000000,25.55426000,1643529599999,976732.03290040,654,7.98549000,305122.20649610,0
1643529600000,38269.60000000,38367.71000000,37981.72000000,38019.77000000,28.39115000,1643533199999,1082663.70927390,728,10.63743000,405990.03580100,0
1643533200000,38002.52000000,38082.92000000,37827.06000000,37917.43000000,14.55054000,1643536799999,552515.07786870,569,5.51815000,209584.48309590,0
1643536800000,37904.16000000,38196.42000000,37876.23000000,38196.42000000,24.21652000,1643540399999,921425.29415100,759,12.68715000,482752.79886510,0
1643540400000,38187.03000000,38268.86000000,37973.74000000,38119.06000000,16.33925000,1643543999999,622876.90402120,537,6.67129000,254324.42048400,0
1643544000000,38126.72000000,38159.00000000,37853.81000000,37939.44000000,17.14330000,1643547599999,652047.37029980,596,8.23675000,313363.14380240,0
1643547600000,37943.15000000,38014.78000000,37836.77000000,37978.51000000,12.81726000,1643551199999,486286.21309610,533,7.34705000,278754.36462190,0
1643551200000,37978.51000000,38009.80000000,37737.58000000,37871.99000000,37.57060000,1643554799999,1420625.66862700,965,12.83808000,485759.28475210,0
1643554800000,37859.35000000,38075.54000000,37806.61000000,37961.69000000,36.67216000,1643558399999,1392143.78195740,916,12.53313000,475519.17841970,0
1643558400000,37998.79000000,38075.39000000,37808.65000000,37832.48000000,22.44338000,1643561999999,851496.94957750,774,6.92827000,262976.88239500,0
1643562000000,37842.68000000,38015.46000000,37766.83000000,37990.56000000,27.87510000,1643565599999,1056496.23995810,620,12.80740000,485028.92156090,0
1643565600000,38003.05000000,38039.11000000,37826.00000000,37841.60000000,19.32717000,1643569199999,733214.04282180,554,7.86393000,298237.30497890,0
1643569200000,37837.02000000,37837.97000000,37458.88000000,37528.82000000,45.30461000,1643572799999,1702657.70849910,1126,21.86570000,822275.09110670,0
1643572800000,37510.35000000,37744.58000000,37368.42000000,37686.57000000,33.64851000,1643576399999,1265745.53644640,904,14.82370000,557859.66008340,0
1643576400000,37688.59000000,37772.31000000,37505.57000000,37736.47000000,34.03769000,1643579999999,1282200.94647190,866,10.13330000,381513.43668370,0
1643580000000,37732.28000000,37889.38000000,37635.34000000,37813.21000000,38.53617000,1643583599999,1454071.34314460,780,18.05162000,681129.99195730,0
1643583600000,37811.85000000,38247.15000000,37811.85000000,37917.38000000,33.54635000,1643587199999,1276291.66221110,933,16.25927000,618612.31521270,0
1643587200000,37893.61000000,37960.00000000,36848.48000000,36848.48000000,72.92023000,1643590799999,2720727.98099450,1599,33.32045000,1241759.93929880,0
1643590800000,36842.84000000,36973.55000000,36702.42000000,36843.65000000,51.38129000,1643594399999,1893568.31465520,1194,23.81401000,877512.11197380,0
1643594400000,36827.10000000,37015.38000000,36649.41000000,37000.23000000,33.28567000,1643597999999,1226889.97771090,913,13.05213000,480618.87245910,0
1643598000000,37000.00000000,37072.76000000,36938.55000000,37040.23000000,20.16688000,1643601599999,746453.49543080,680,10.37296000,383897.12203440,0
1643601600000,37040.23000000,37040.23000000,36827.20000000,36920.17000000,17.31942000,1643605199999,639508.52977220,607,8.58354000,316885.34456790,0
1643605200000,36920.34000000,37030.82000000,36857.35000000,37018.82000000,46.44633000,1643608799999,1718055.97374510,909,9.47817000,350188.08409190,0
1643608800000,37010.77000000,37095.08000000,36937.02000000,36937.02000000,88.88263000,1643612399999,3291548.59765480,1235,16.45558000,609176.05317580,0
1643612400000,36923.48000000,37204.81000000,36900.00000000,37139.72000000,24.74019000,1643615999999,916733.28697960,674,11.19928000,415094.50301300,0
1643616000000,37132.55000000,37217.74000000,37115.73000000,37151.33000000,32.66850000,1643619599999,1214014.02467780,813,12.08445000,449044.88416640,0
1643619600000,37158.72000000,37266.93000000,37100.01000000,37226.01000000,15.10214000,1643623199999,561421.62016970,507,7.37529000,274138.16199140,0
1643623200000,37226.48000000,37369.36000000,37156.80000000,37303.63000000,24.35470000,1643626799999,906564.58237570,788,12.00444000,446879.95350540,0
1643626800000,37334.88000000,37349.03000000,36900.01000000,37288.69000000,56.46618000,1643630399999,2096683.76197290,1289,27.86704000,1034322.32476330,0
1643630400000,37292.01000000,37431.14000000,36853.26000000,37100.00000000,78.09634000,1643633999999,2891814.52409270,1406,35.10835000,1299240.49107380,0
1643634000000,37088.95000000,37359.14000000,36819.42000000,37270.68000000,80.81069000,1643637599999,2999151.21457990,1718,33.07953000,1225791.42349440,0
1643637600000,37270.68000000,37532.77000000,37207.72000000,37528.53000000,67.24703000,1643641199999,2512197.88935650,1439,28.35578000,1059241.42336010,0
1643641200000,37539.33000000,37913.32000000,37539.33000000,37721.92000000,75.32997000,1643644799999,2844033.97448080,1652,31.32033000,1182255.27250560,0
1643644800000,37736.80000000,38438.52000000,37693.72000000,38350.78000000,103.43551000,1643648399999,3942873.07303160,2226,42.77768000,1629104.19429130,0
1643648400000,38360.98000000,38624.78000000,38070.09000000,38484.38000000,139.78526000,1643651999999,5365276.07046760,2476,61.35665000,2355457.69376950,0
1643652000000,38495.72000000,38624.97000000,38363.30000000,38481.48000000,63.13666000,1643655599999,2430050.83234700,1345,23.24579000,894783.96504740,0
1643655600000,38487.42000000,38763.42000000,38403.60000000,38425.13000000,72.04024000,1643659199999,2776923.73075810,1380,36.64498000,1412352.24272650,0
1643659200000,38447.43000000,38577.90000000,38256.82000000,38463.83000000,54.14045000,1643662799999,2080679.78056730,1022,27.79171000,1068092.73670250,0
1643662800000,38466.92000000,38616.63000000,38346.88000000,38421.97000000,73.91458000,1643666399999,2841192.03957330,1106,39.94942000,1535979.02942140,0
1643666400000,38424.26000000,38763.47000000,38396.71000000,38427.78000000,59.52389000,1643669999999,2294513.32075940,1230,11.49891000,442978.75525880,0
1643670000000,38428.36000000,38527.19000000,38349.46000000,38469.94000000,31.24503000,1643673599999,1201508.18637600,869,4.91354000,188895.91038590,0
1643673600000,38473.90000000,38654.27000000,38288.57000000,38355.98000000,64.73558000,1643677199999,2486618.43203870,1651,11.21392000,431294.04607110,0
1643677200000,38355.98000000,38417.61000000,38188.67000000,38259.69000000,71.20158000,1643680799999,2729576.80252970,1178,12.79462000,490307.19957140,0
1643680800000,38273.80000000,38517.17000000,38215.86000000,38493.10000000,21.07302000,1643684399999,809119.88371890,776,6.24807000,239864.04664770,0
1643684400000,38493.11000000,38667.09000000,38407.36000000,38613.97000000,42.92223000,1643687999999,1654683.60969810,1372,11.36339000,438150.77618720,0
1643688000000,38613.96000000,38660.18000000,38491.12000000,38571.89000000,40.57177000,1643691599999,1565255.94095400,1194,8.36520000,322604.37624140,0
1643691600000,38572.44000000,38630.33000000,38457.94000000,38474.21000000,46.21276000,1643695199999,1781523.81425520,1163,13.73363000,529317.30926640,0
1643695200000,38462.47000000,38504.05000000,38260.64000000,38301.70000000,44.51389000,1643698799999,1706813.78582570,1306,19.17898000,735421.10749950,0
1643698800000,38295.66000000,38475.30000000,38295.66000000,38462.65000000,27.19456000,1643702399999,1044633.35434650,871,12.21394000,469131.22505140,0
1643702400000,38458.56000000,38660.26000000,38409.15000000,38606.41000000,37.54157000,1643705999999,1447605.43807440,1137,17.65229000,680763.01639020,0
1643706000000,38606.42000000,39112.74000000,38247.95000000,38272.85000000,129.29770000,1643709599999,4999360.63945710,2618,71.40202000,2761254.46075270,0
1643709600000,38267.43000000,38377.27000000,37975.00000000,38268.70000000,78.41011000,1643713199999,2995863.43507730,1601,44.62663000,1705134.10000610,0
1643713200000,38265.16000000,38495.33000000,38224.08000000,38451.48000000,49.83984000,1643716799999,1912381.17159140,1555,20.84724000,799673.63603050,0
1643716800000,38439.47000000,38780.39000000,38388.72000000,38657.26000000,71.82190000,1643720399999,2771802.61809400,2103,24.68725000,953174.08608140,0
1643720400000,38667.39000000,38972.61000000,38473.52000000,38881.93000000,97.73569000,1643723999999,3787257.52661340,2493,51.70285000,2004206.84992430,0
1643724000000,38880.93000000,39039.40000000,38365.99000000,38527.89000000,78.90032000,1643727599999,3058259.55169950,2322,33.81649000,1311573.40975650,0
1643727600000,38527.23000000,38661.88000000,38214.53000000,38638.56000000,81.05351000,1643731199999,3113090.11996830,1717,38.09971000,1463500.48389910,0
1643731200000,38649.14000000,39299.01000000,38614.97000000,39133.68000000,82.58026000,1643734799999,3216280.83776090,2335,34.72401000,1351491.64839430,0
1643734800000,39140.58000000,39189.05000000,38675.40000000,38894.40000000,65.76841000,1643738399999,2559486.98247430,1807,22.48407000,874432.34659810,0
1643738400000,38893.30000000,38916.72000000,38469.42000000,38519.19000000,37.86993000,1643741999999,1467001.58762920,1081,18.18211000,704404.57178610,0
1643742000000,38542.61000000,38628.52000000,38339.89000000,38394.40000000,54.03117000,1643745599999,2077422.75529530,1147,27.99820000,1076231.67894090,0
1643745600000,38381.66000000,38755.60000000,38381.66000000,38529.27000000,54.60865000,1643749199999,2109119.76503090,1132,21.09140000,813642.68906420,0
1643749200000,38531.72000000,38839.59000000,38521.97000000,38796.51000000,40.32853000,1643752799999,1562472.95601460,987,22.46991000,870315.10588690,0
1643752800000,38810.88000000,38871.89000000,38576.83000000,38708.40000000,24.94528000,1643756399999,966568.27600770,880,6.34094000,245715.48524400,0
1643756400000,38703.22000000,38908.11000000,38621.87000000,38716.80000000,25.06263000,1643759999999,972078.58237960,764,7.58584000,294162.17370830,0
1643760000000,38713.56000000,38996.01000000,38443.02000000,38576.05000000,64.87636000,1643763599999,2514723.44612730,1227,40.95198000,1588714.38475580,0
1643763600000,38581.47000000,38686.41000000,38388.82000000,38457.26000000,29.70708000,1643767199999,1143245.79641100,789,8.98549000,345820.90707070,0
1643767200000,38466.22000000,38684.10000000,38416.81000000,38641.24000000,17.62279000,1643770799999,679159.08441800,632,5.26018000,202895.89466050,0
1643770800000,38644.80000000,38766.75000000,38570.65000000,38577.21000000,17.59079000,1643774399999,680324.36996200,680,8.29148000,320744.02735880,0
1643774400000,38553.49000000,38573.61000000,38423.07000000,38444.05000000,16.59704000,1643777999999,638888.91321580,623,6.65279000,256059.88994160,0
1643778000000,38432.90000000,38542.86000000,38328.57000000,38426.25000000,33.21212000,1643781599999,1275365.61782170,763,19.53639000,750071.77593850,0
1643781600000,38422.12000000,38554.19000000,38214.11000000,38293.30000000,29.63013000,1643785199999,1137399.66921020,753,12.77756000,490325.85618120,0
1643785200000,38290.78000000,38425.63000000,38223.75000000,38282.50000000,38.65300000,1643788799999,1482036.72670390,644,29.56895000,1133862.49922270,0
1643788800000,38298.72000000,38485.08000000,38246.19000000,38471.28000000,52.45879000,1643792399999,2013612.95527400,971,29.29436000,1123865.02663150,0
1643792400000,38464.69000000,38560.00000000,38403.96000000,38549.20000000,17.47566000,1643795999999,672502.97237830,492,3.43269000,132168.63478300,0
1643796000000,38543.32000000,38622.23000000,38418.96000000,38582.69000000,22.34452000,1643799599999,860381.33806410,652,8.78036000,338211.19138900,0
1643799600000,38587.10000000,38596.69000000,38456.90000000,38527.17000000,16.76801000,1643803199999,645979.76957590,573,7.09418000,273265.38028140,0
1643803200000,38500.08000000,38754.00000000,38489.92000000,38741.72000000,39.75577000,1643806799999,1535644.12263530,1107,19.50704000,753087.66619390,0
1643806800000,38745.86000000,38778.84000000,38358.94000000,38391.06000000,47.90532000,1643810399999,1844957.85912790,1400,22.57891000,868736.87628300,0
1643810400000,38371.70000000,38448.91000000,37615.89000000,37726.84000000,143.80272000,1643813999999,5461984.87419040,2551,83.24288000,3159758.39646160,0
1643814000000,37713.89000000,37831.65000000,37317.65000000,37436.54000000,98.45626000,1643817599999,3699630.20265940,2414,45.73473000,1719259.76594390,0
1643817600000,37422.75000000,37450.33000000,37057.98000000,37341.25000000,98.78751000,1643821199999,3681543.81037040,1923,49.98543000,1862596.26620980,0
1643821200000,37343.12000000,37582.88000000,37286.41000000,37442.27000000,53.19671000,1643824799999,1990807.61268660,1248,23.64744000,884821.68066460,0
1643824800000,37476.70000000,37544.29000000,37396.48000000,37497.47000000,34.49031000,1643828399999,1292418.26700700,845,16.85271000,631534.93908040,0
1643828400000,37498.24000000,37683.01000000,37426.67000000,37574.63000000,46.62828000,1643831999999,1751836.50691590,1137,19.67694000,739041.06994910,0
1643832000000,37584.03000000,37674.62000000,37422.28000000,37599.19000000,66.00365000,1643835599999,2480016.41486500,1331,22.94573000,862068.66311650,0
1643835600000,37589.27000000,37628.19000000,36600.00000000,36954.81000000,142.95218000,1643839199999,5287993.73752580,2361,76.43837000,2830928.33794230,0
1643839200000,36923.53000000,37235.17000000,36830.95000000,37043.18000000,43.98363000,1643842799999,1628745.01922730,1407,16.96418000,627764.32810150,0
1643842800000,37068.27000000,37147.35000000,36829.00000000,36914.84000000,37.05084000,1643846399999,1369924.23081320,1040,15.36075000,567673.51886680,0
1643846400000,36916.07000000,37065.50000000,36787.00000000,36898.18000000,31.96524000,1643849999999,1180337.71597210,1022,10.60494000,391627.41735700,0
1643850000000,36903.30000000,37014.62000000,36774.52000000,36864.79000000,23.00614000,1643853599999,849538.50569850,629,10.34373000,381929.56981810,0
1643853600000,36892.26000000,36976.74000000,36745.07000000,36970.00000000,33.68790000,1643857199999,1242432.55978670,813,15.27588000,563564.72126000,0
1643857200000,36975.52000000,36980.25000000,36794.15000000,36834.96000000,22.97765000,1643860799999,847824.88561860,616,9.61604000,354835.14424670,0
1643860800000,36825.39000000,36991.31000000,36795.75000000,36921.79000000,30.89755000,1643864399999,1140505.42859060,856,20.06788000,740784.00786380,0
1643864400000,36930.77000000,37091.28000000,36857.10000000,37012.47000000,39.70433000,1643867999999,1468195.21206480,1373,14.18576000,524777.19490440,0
1643868000000,37011.69000000,37019.73000000,36850.00000000,36940.74000000,25.08486000,1643871599999,926981.66953130,704,7.32919000,270782.42024290,0
1643871600000,36937.50000000,37101.23000000,36937.50000000,37040.00000000,23.07524000,1643875199999,854671.48296760,686,14.97943000,554913.92072580,0
1643875200000,37036.35000000,37119.71000000,36990.59000000,37090.45000000,102.23525000,1643878799999,3790526.50301440,1947,11.82077000,438225.51048750,0
1643878800000,37089.02000000,37105.99000000,36608.07000000,36637.01000000,29.61950000,1643882399999,1093683.88249740,819,13.78089000,509100.40936430,0
1643882400000,36633.85000000,36682.39000000,36291.32000000,36399.41000000,88.60223000,1643885999999,3228096.75390100,2517,49.74032000,1812155.89771240,0
1643886000000,36389.06000000,36805.38000000,36311.61000000,36794.09000000,66.85270000,1643889599999,2444415.41407400,1516,29.48460000,1077543.87285680,0
1643889600000,36801.57000000,36801.57000000,36254.80000000,36690.33000000,84.07913000,1643893199999,3070398.56443490,1845,43.06134000,1572694.56698940,0
1643893200000,36704.53000000,36790.10000000,36464.35000000,36595.39000000,72.15477000,1643896799999,2645557.76356600,1581,30.65920000,1124542.55043550,0
1643896800000,36598.41000000,36777.59000000,36490.54000000,36527.01000000,112.12086000,1643900399999,4108098.06042550,3289,34.25670000,1254642.92825310,0
1643900400000,36522.24000000,36998.50000000,36487.26000000,36937.86000000,73.01898000,1643903999999,2685366.98219680,1738,33.62491000,1237349.53815140,0
1643904000000,36930.83000000,37124.44000000,36706.12000000,36706.12000000,37.95708000,1643907599999,1400430.88405300,976,18.67707000,688954.35965000,0
1643907600000,36704.28000000,36892.95000000,36568.91000000,36852.47000000,36.85637000,1643911199999,1354974.44123220,967,13.32268000,489383.52419830,0
1643911200000,36817.72000000,36865.81000000,36711.14000000,36769.00000000,25.33863000,1643914799999,931994.24930410,598,12.30138000,452321.50058510,0
1643914800000,36781.66000000,36841.68000000,36463.76000000,36574.33000000,34.22851000,1643918399999,1253193.99747850,954,14.29787000,523138.40365910,0
1643918400000,36573.06000000,36658.95000000,36278.01000000,36374.19000000,60.37735000,1643921999999,2198972.44849230,1046,39.43851000,1435991.82658400,0
1643922000000,36381.65000000,37059.15000000,36373.22000000,36926.63000000,82.99145000,1643925599999,3059153.50073450,1754,36.13201000,1331112.23278540,0
1643925600000,36963.25000000,37027.83000000,36820.81000000,36952.24000000,26.94666000,1643929199999,995085.65890600,751,12.64004000,466517.17613960,0
1643929200000,36952.24000000,37383.26000000,36894.45000000,37325.59000000,33.74602000,1643932799999,1250815.55806550,932,12.21690000,453126.56828580,0
1643932800000,37322.54000000,37339.15000000,37137.83000000,37198.73000000,29.33650000,1643936399999,1091476.55905410,940,10.35124000,385276.92676410,0
1643936400000,37192.64000000,37226.69000000,37041.16000000,37168.69000000,54.75626000,1643939999999,2034285.63562760,1274,13.72874000,509968.17640000,0
1643940000000,37190.56000000,37457.19000000,37158.70000000,37345.84000000,48.23451000,1643943599999,1800363.35731050,1594,10.89896000,406903.04457680,0
1643943600000,37339.43000000,37438.61000000,37284.30000000,37321.74000000,51.66021000,1643947199999,1930391.06427970,1686,7.96576000,297644.76250480,0
1643947200000,37321.74000000,37377.06000000,37268.03000000,37314.89000000,54.59386000,1643950799999,2037111.78729970,3006,10.62996000,396588.83358300,0
1643950800000,37310.84000000,37704.97000000,37282.25000000,37563.99000000,59.11351000,1643954399999,2218287.59427910,1720,26.21275000,983802.69843300,0
1643954400000,37568.93000000,38041.52000000,37568.93000000,38014.85000000,70.24071000,1643957999999,2659779.03430980,2240,28.50930000,1078929.54860880,0
1643958000000,38015.20000000,38249.33000000,37862.00000000,37882.66000000,64.06336000,1643961599999,2433739.64483560,1696,32.27292000,1225736.24058670,0
1643961600000,37891.03000000,38058.68000000,37878.35000000,37978.47000000,39.75523000,1643965199999,1509212.26705850,1277,21.19374000,804449.67040390,0
1643965200000,37985.61000000,38141.80000000,37925.38000000,38040.67000000,26.20210000,1643968799999,996449.12216920,931,12.64717000,480863.38250500,0
1643968800000,38030.51000000,38271.32000000,37819.41000000,37919.12000000,64.14215000,1643972399999,2434529.84459280,1402,20.77988000,788971.50670880,0
1643972400000,37903.47000000,37988.11000000,37826.75000000,37837.08000000,70.97625000,1643975999999,2690365.45613500,1256,15.70877000,595444.27248180,0
1643976000000,37850.85000000,38078.37000000,37850.85000000,37973.98000000,51.74918000,1643979599999,1963994.48683120,1162,20.52625000,778707.75903360,0
1643979600000,37987.35000000,38212.75000000,37387.58000000,37457.68000000,119.48104000,1643983199999,4511569.86801680,2491,48.87696000,1841519.53396690,0
1643983200000,37443.10000000,38110.36000000,37333.92000000,37959.29000000,119.46201000,1643986799999,4506131.76417300,2660,50.76609000,1914187.99607470,0
1643986800000,37980.10000000,39837.40000000,37898.94000000,39514.75000000,287.04319000,1643990399999,11260388.29254170,5727,153.71364000,6034227.99801840,0
1643990400000,39513.04000000,40600.00000000,39452.80000000,40277.49000000,286.44450000,1643993999999,11480068.31473810,5337,150.46554000,6037671.23596900,0
1643994000000,40320.27000000,40574.85000000,40206.50000000,40529.42000000,107.82246000,1643997599999,4353157.64711410,2531,52.34739000,2113307.96057430,0
1643997600000,40545.20000000,40675.65000000,40302.32000000,40487.62000000,139.33345000,1644001199999,5633699.03545590,2086,96.34825000,3895744.39005030,0
1644001200000,40500.00000000,40890.00000000,40385.80000000,40758.31000000,120.91204000,1644004799999,4896854.75238430,2084,80.85037000,3272927.11103450,0
1644004800000,40743.62000000,40894.82000000,40484.00000000,40601.59000000,72.52642000,1644008399999,2952712.63701600,1742,39.63713000,1613509.98912510,0
1644008400000,40607.59000000,40651.82000000,40450.00000000,40644.75000000,53.13845000,1644011999999,2154207.46044210,1144,19.18833000,777904.83783720,0
1644012000000,40645.45000000,40692.31000000,40390.18000000,40661.28000000,45.68538000,1644015599999,1853898.94718370,996,9.13083000,370131.14838880,0
1644015600000,40673.51000000,41748.05000000,40585.28000000,41590.99000000,85.17261000,1644019199999,3497406.39375540,2609,39.18890000,1611351.67784000,0
1644019200000,41589.32000000,41960.89000000,41378.95000000,41498.91000000,130.39582000,1644022799999,5430340.36022510,3325,36.23342000,1509213.87529870,0
1644022800000,41484.24000000,41561.08000000,41173.86000000,41292.83000000,45.25395000,1644026399999,1873497.02086910,2486,21.35515000,884071.44306750,0
1644026400000,41291.36000000,41476.16000000,41185.96000000,41386.91000000,29.42479000,1644029999999,1217171.61876100,1620,14.08318000,582262.07538090,0
1644030000000,41388.04000000,41492.43000000,41363.82000000,41470.87000000,25.44462000,1644033599999,1054367.38670990,1520,9.36570000,388116.03084230,0
1644033600000,41477.66000000,41714.14000000,41398.12000000,41492.12000000,31.74050000,1644037199999,1319201.88706550,1273,14.89473000,619038.87104980,0
1644037200000,41490.21000000,41679.43000000,41407.90000000,41567.16000000,30.53770000,1644040799999,1268178.86880260,1343,17.88301000,742339.09983000,0
1644040800000,41558.25000000,41764.18000000,41500.29000000,41525.07000000,44.63935000,1644044399999,1856147.94335150,1392,23.90814000,993955.54569000,0
1644044400000,41522.86000000,41528.60000000,41393.21000000,41397.30000000,101.87581000,1644047999999,4223916.53983040,1976,80.22247000,3326185.96721900,0
1644048000000,41398.93000000,41608.77000000,41345.39000000,41467.06000000,31.58281000,1644051599999,1309602.41937220,1245,15.51752000,643802.48764810,0
1644051600000,41467.17000000,41585.37000000,41179.49000000,41585.37000000,40.96310000,1644055199999,1697536.67159250,1109,17.51208000,726583.82390860,0
1644055200000,41573.15000000,41687.50000000,41448.72000000,41594.72000000,22.51579000,1644058799999,935786.68693980,928,14.24544000,592199.47737120,0
1644058800000,41584.41000000,41655.14000000,41418.57000000,41482.83000000,27.74324000,1644062399999,1150965.02279830,1317,11.00447000,456509.25009410,0
1644062400000,41472.45000000,41534.85000000,41369.86000000,41405.45000000,33.55410000,1644065999999,1391181.23850030,1314,14.00155000,580542.35847370,0
1644066000000,41408.77000000,41581.47000000,41378.89000000,41542.51000000,32.20626000,1644069599999,1335912.01184680,1650,14.01990000,581499.00798100,0
1644069600000,41541.95000000,41783.03000000,41417.01000000,41509.06000000,56.50267000,1644073199999,2346117.18135720,2062,20.91730000,868717.33369680,0
1644073200000,41477.60000000,41934.75000000,41351.30000000,41803.30000000,46.02315000,1644076799999,1920985.97166240,1730,23.19874000,968927.53645180,0
1644076800000,41780.22000000,41887.40000000,41270.67000000,41311.54000000,37.85643000,1644080399999,1574904.49853310,1548,18.46721000,768706.22221490,0
1644080400000,41307.74000000,41698.99000000,40884.50000000,41607.43000000,93.63265000,1644083999999,3861046.10214990,3455,51.63604000,2129214.07040860,0
1644084000000,41582.35000000,41787.42000000,41538.37000000,41678.07000000,44.58153000,1644087599999,1857627.06438250,2109,25.09351000,1045808.59026750,0
1644087600000,41682.21000000,41727.22000000,41512.59000000,41571.30000000,30.51919000,1644091199999,1270580.15471100,1076,14.72438000,613127.31809210,0
1644091200000,41566.97000000,41726.06000000,41406.06000000,41679.35000000,32.80965000,1644094799999,1363243.17727550,1079,16.82689000,699297.78381970,0
1644094800000,41668.66000000,41797.92000000,41581.16000000,41709.33000000,36.16345000,1644098399999,1507931.91234740,1211,15.18324000,633076.45965990,0
1644098400000,41655.55000000,41804.54000000,41584.35000000,41606.29000000,27.26379000,1644101999999,1137011.44748850,910,15.02329000,626525.63641930,0
1644102000000,41605.98000000,41663.98000000,41377.26000000,41408.21000000,28.57721000,1644105599999,1187625.11995830,1348,12.67038000,526517.67625660,0
1644105600000,41408.26000000,41549.61000000,41367.20000000,41506.24000000,21.11857000,1644109199999,875724.29648090,1007,9.88992000,410137.20017090,0
1644109200000,41499.81000000,41663.77000000,41499.81000000,41625.28000000,23.88595000,1644112799999,993094.96195070,1248,10.00547000,415981.31717870,0
1644112800000,41622.00000000,41650.29000000,41482.44000000,41558.50000000,24.64908000,1644116399999,1024781.88485680,1302,14.15238000,588310.22794620,0
1644116400000,41562.00000000,41584.81000000,41462.11000000,41471.12000000,11.68271000,1644119999999,485195.25054400,657,6.18313000,256821.28529250,0
1644120000000,41473.32000000,41585.75000000,41336.88000000,41567.91000000,27.85346000,1644123599999,1155850.54072180,1132,11.73395000,486764.45272640,0
1644123600000,41560.38000000,41606.96000000,41517.51000000,41602.01000000,7.95692000,1644127199999,330822.07434390,809,3.67672000,152881.19258890,0
1644127200000,41595.04000000,41606.96000000,41435.10000000,41475.13000000,14.33190000,1644130799999,595221.05247310,759,6.41313000,266289.26575980,0
1644130800000,41475.26000000,41735.50000000,41430.92000000,41628.73000000,23.80196000,1644134399999,989154.20836910,1210,10.20225000,423984.75549550,0
1644134400000,41641.73000000,41690.58000000,41512.64000000,41663.40000000,27.06822000,1644137999999,1126152.91563650,1445,13.69229000,569498.95890150,0
1644138000000,41663.41000000,41697.35000000,41600.00000000,41671.48000000,14.93607000,1644141599999,621940.53947890,1596,6.73714000,280550.17323810,0
1644141600000,41682.97000000,41722.60000000,41558.22000000,41598.34000000,14.78702000,1644145199999,615668.62524140,1111,9.10976000,379184.64933980,0
1644145200000,41598.61000000,41645.93000000,41447.10000000,41538.31000000,16.28805000,1644148799999,676489.44542440,805,6.78034000,281758.50775030,0
1644148800000,41548.02000000,41699.53000000,41515.01000000,41632.56000000,26.11450000,1644152399999,1086398.68642420,1260,12.69025000,527810.20712510,0
1644152400000,41625.59000000,41847.20000000,41512.59000000,41707.82000000,41.33567000,1644155999999,1723117.15839860,1757,17.85140000,744150.64942930,0
1644156000000,41707.82000000,42212.12000000,41225.19000000,41318.81000000,107.88812000,1644159599999,4502966.75960630,2175,59.41514000,2480040.14422520,0
1644159600000,41320.08000000,41572.57000000,41142.86000000,41539.97000000,36.53356000,1644163199999,1510699.45701670,1496,25.01377000,1034171.26340370,0
1644163200000,41541.08000000,41717.89000000,41446.86000000,41660.64000000,24.25958000,1644166799999,1008652.23742130,1149,12.23737000,508623.28056800,0
1644166800000,41657.71000000,41772.45000000,41563.49000000,41651.79000000,16.79041000,1644170399999,699810.17826230,740,6.10292000,254305.87654020,0
1644170400000,41644.39000000,41695.38000000,41443.86000000,41527.93000000,27.04395000,1644173999999,1124537.29197860,693,15.27416000,635161.83052860,0
1644174000000,41514.28000000,41756.10000000,41514.28000000,41745.99000000,19.55288000,1644177599999,814239.04013130,674,11.14825000,464280.56108310,0
1644177600000,41746.45000000,41773.21000000,41520.50000000,41591.46000000,19.10519000,1644181199999,796499.52112910,727,9.49198000,395699.42088720,0
1644181200000,41609.00000000,41733.57000000,41554.23000000,41672.83000000,14.90527000,1644184799999,620954.51866740,548,7.56187000,315077.75132270,0
1644184800000,41662.53000000,41742.35000000,41549.18000000,41615.25000000,55.64002000,1644188399999,2318998.68966350,1016,16.30074000,678558.85086630,0
1644188400000,41560.67000000,42688.00000000,41510.24000000,42407.71000000,113.55286000,1644191999999,4793820.86952100,2780,48.33076000,2039236.32606470,0
1644192000000,42413.26000000,42499.90000000,41677.51000000,41852.04000000,58.63128000,1644195599999,2464358.74240100,1730,21.16254000,889380.23510120,0
1644195600000,41852.04000000,42287.46000000,41731.03000000,42141.31000000,60.53019000,1644199199999,2540588.96744010,1534,15.64915000,657057.73028730,0
1644199200000,42131.97000000,42685.44000000,42121.90000000,42354.29000000,59.04259000,1644202799999,2505777.94280380,1899,21.62075000,917688.82266020,0
1644202800000,42367.99000000,42990.31000000,42344.40000000,42852.57000000,77.08253000,1644206399999,3290927.83436630,2261,31.64059000,1351952.93042750,0
1644206400000,42840.71000000,42924.24000000,42718.04000000,42846.64000000,97.19707000,1644209999999,4162338.81699880,2935,28.57244000,1223784.41466390,0
1644210000000,42835.49000000,43031.98000000,42713.28000000,42824.91000000,79.09713000,1644213599999,3388389.03219440,2596,33.90674000,1452973.70031350,0
1644213600000,42830.74000000,42865.50000000,42685.21000000,42775.60000000,47.62427000,1644217199999,2037270.83332190,2163,15.08329000,645339.57629200,0
1644217200000,42774.49000000,42795.67000000,42582.79000000,42748.77000000,36.45267000,1644220799999,1558007.84098610,1785,17.47154000,746802.57037050,0
1644220800000,42750.38000000,42792.33000000,42545.05000000,42619.66000000,45.37333000,1644224399999,1935320.23001910,1953,15.22631000,649571.71254320,0
1644224400000,42619.66000000,42665.17000000,42255.02000000,42432.68000000,79.93947000,1644227999999,3399141.43963820,2518,20.19270000,857485.38970900,0
1644228000000,42436.02000000,42677.41000000,42367.70000000,42591.11000000,44.53317000,1644231599999,1892882.54573900,2340,19.90162000,846004.06457630,0
1644231600000,42585.12000000,42777.28000000,42585.12000000,42748.48000000,42.04515000,1644235199999,1795339.09649120,1826,18.82883000,804132.03863200,0
1644235200000,42749.03000000,42816.20000000,42504.82000000,42661.90000000,31.07339000,1644238799999,1326095.75569960,1706,13.37767000,570930.02598790,0
1644238800000,42658.72000000,42946.19000000,42636.78000000,42832.53000000,54.42617000,1644242399999,2328492.50231480,2358,24.15138000,1033641.50620870,0
1644242400000,42831.15000000,43491.90000000,42800.67000000,43446.03000000,113.63450000,1644245999999,4904489.54096930,4163,52.40154000,2261960.22062490,0
1644246000000,43446.03000000,43942.41000000,43142.53000000,43871.01000000,148.46877000,1644249599999,6462995.34968080,4487,63.82560000,2781115.66511650,0
1644249600000,43870.00000000,44155.92000000,43516.12000000,43820.94000000,154.52535000,1644253199999,6772116.19871400,3299,72.26058000,3168935.89155910,0
1644253200000,43824.07000000,44350.00000000,43636.52000000,44240.94000000,93.09004000,1644256799999,4095292.86047560,2192,51.59858000,2269652.07991260,0
1644256800000,44240.94000000,44552.09000000,43788.38000000,44106.42000000,96.77798000,1644260399999,4278974.72566200,2609,37.16870000,1643868.78782790,0
1644260400000,44098.96000000,44523.43000000,44000.42000000,44311.93000000,73.07545000,1644263999999,3237684.78847900,2037,41.53435000,1840364.90580000,0
1644264000000,44279.85000000,44541.90000000,43817.16000000,44165.84000000,74.27752000,1644267599999,3286251.92308460,1984,31.43703000,1389552.37757480,0
1644267600000,44163.60000000,44277.41000000,43762.08000000,44091.69000000,67.73890000,1644271199999,2981487.97062200,1472,47.50857000,2091170.91722430,0
1644271200000,44121.99000000,44338.04000000,43987.75000000,44107.19000000,35.08561000,1644274799999,1548853.13769860,1288,14.98692000,662172.58546920,0
1644274800000,44104.06000000,44220.73000000,43770.30000000,43855.29000000,44.27322000,1644278399999,1943180.34720420,1324,21.81916000,957237.18675760,0
1644278400000,43879.85000000,43969.03000000,43593.07000000,43884.26000000,72.49544000,1644281999999,3177739.56775550,1675,48.14805000,2110573.04301300,0
1644282000000,43864.40000000,44115.11000000,43838.55000000,44077.98000000,36.74372000,1644285599999,1616356.58544080,984,13.07296000,575020.35765640,0
1644285600000,44077.98000000,44129.60000000,43926.97000000,43992.83000000,30.77012000,1644289199999,1355150.46268380,909,9.99100000,440089.89478340,0
1644289200000,43992.49000000,44219.53000000,43876.32000000,44213.86000000,81.21467000,1644292799999,3577134.91191390,1862,12.88589000,567933.66582730,0
1644292800000,44213.87000000,44397.83000000,44107.63000000,44395.76000000,76.07256000,1644296399999,3363432.78200540,2157,15.83035000,700146.26654560,0
1644296400000,44393.29000000,45102.86000000,44261.91000000,44909.62000000,111.06742000,1644299999999,4952050.22306920,3207,45.52199000,2036799.58245930,0
1644300000000,44899.92000000,45514.84000000,44564.98000000,44826.45000000,110.25754000,1644303599999,4963144.31039580,4026,44.56009000,2007200.63675360,0
1644303600000,44827.84000000,44955.00000000,44640.07000000,44891.61000000,66.93531000,1644307199999,3000171.83599030,3004,18.19287000,815113.27061600,0
1644307200000,44889.10000000,44952.71000000,43875.42000000,44039.22000000,110.89307000,1644310799999,4911598.83644500,4389,46.34497000,2049639.08805560,0
1644310800000,44034.67000000,44226.99000000,43538.62000000,43879.21000000,174.68395000,1644314399999,7663108.14107000,4330,85.19633000,3738499.31575120,0
1644314400000,43879.21000000,43977.60000000,43600.01000000,43898.00000000,84.96074000,1644317999999,3725111.66707420,2803,26.13283000,1144799.50602650,0
1644318000000,43898.00000000,44112.75000000,43743.09000000,44028.20000000,59.73812000,1644321599999,2622896.45460500,2536,21.23269000,932464.67893980,0
1644321600000,44020.61000000,44021.58000000,43138.82000000,43493.53000000,96.30253000,1644325199999,4183160.33813930,3193,47.67755000,2070848.01244040,0
1644325200000,43487.78000000,43665.98000000,43251.23000000,43665.98000000,78.59683000,1644328799999,3417055.70450190,2902,43.56815000,1894503.68054840,0
1644328800000,43655.51000000,43890.96000000,43564.00000000,43617.51000000,44.38090000,1644332399999,1939702.68792970,2340,19.42547000,849087.95980920,0
1644332400000,43595.95000000,43612.61000000,42900.00000000,43477.92000000,137.53219000,1644335999999,5949316.24706110,3036,65.68843000,2842259.33653460,0
1644336000000,43485.42000000,43725.69000000,42952.76000000,43047.39000000,148.54750000,1644339599999,6449375.31626180,3747,77.72156000,3372633.51689540,0
1644339600000,43060.18000000,43243.50000000,42704.61000000,42988.85000000,217.89251000,1644343199999,9373147.26421800,3556,98.60807000,4239135.56409900,0
1644343200000,42988.86000000,43290.15000000,42891.26000000,43010.35000000,124.99242000,1644346799999,5389776.90504580,2218,35.03789000,1509589.07578280,0
1644346800000,43010.45000000,43163.94000000,42714.30000000,43032.00000000,175.41983000,1644350399999,7541700.67137940,2875,62.76042000,2698230.56335230,0
1644350400000,43032.00000000,44357.25000000,42968.93000000,44311.70000000,242.46328000,1644353999999,10592065.82456990,4235,97.85952000,4274910.37032380,0
1644354000000,44320.09000000,44426.37000000,43931.31000000,44217.32000000,96.82926000,1644357599999,4276106.82599680,1933,48.52734000,2142933.79588160,0
1644357600000,44221.45000000,44308.59000000,43909.26000000,44095.49000000,37.22469000,1644361199999,1642451.56093890,1203,15.61830000,688901.89977810,0
1644361200000,44098.66000000,44331.61000000,44050.88000000,44069.03000000,59.17575000,1644364799999,2613300.73988220,1449,22.24956000,982857.50711440,0
1644364800000,44082.22000000,44380.00000000,43990.71000000,44280.45000000,85.64832000,1644368399999,3782494.47401420,1725,17.96295000,792911.66512210,0
1644368400000,44279.95000000,44280.46000000,43827.92000000,43897.10000000,122.19973000,1644371999999,5387013.28575770,1870,28.54623000,1256482.13308730,0
1644372000000,43911.46000000,43949.02000000,43147.93000000,43377.95000000,65.57337000,1644375599999,2849106.25388250,1618,22.76196000,988900.44373190,0
1644375600000,43372.87000000,43520.40000000,43298.08000000,43376.41000000,115.50867000,1644379199999,5015811.47251740,1801,27.74797000,1204892.46355560,0
1644379200000,43379.30000000,43601.98000000,43332.71000000,43488.75000000,68.45289000,1644382799999,2976394.67601650,1357,16.42831000,714313.23902470,0
1644382800000,43490.53000000,43787.09000000,43156.82000000,43635.04000000,102.69139000,1644386399999,4456911.60385830,1622,69.49905000,3013896.27664780,0
1644386400000,43610.98000000,43874.73000000,43570.71000000,43738.26000000,59.23685000,1644389999999,2590579.07483250,1202,14.48782000,633460.71812890,0
1644390000000,43733.58000000,43900.00000000,43440.55000000,43823.12000000,136.37731000,1644393599999,5961857.89386660,2218,75.74190000,3315309.71880650,0
1644393600000,43843.73000000,43962.14000000,43219.68000000,43444.20000000,80.09476000,1644397199999,3489686.76286820,1774,27.08954000,1180509.87794500,0
1644397200000,43430.80000000,43685.66000000,43347.32000000,43410.32000000,55.02245000,1644400799999,2394259.36683910,1072,12.54559000,545808.90142220,0
1644400800000,43415.60000000,43766.62000000,43394.28000000,43639.52000000,54.97423000,1644404399999,2397033.27952550,1217,14.02214000,611171.21514950,0
1644404400000,43641.17000000,43851.42000000,43412.88000000,43749.96000000,86.62445000,1644407999999,3783274.54459890,1561,25.84965000,1128631.58875960,0
1644408000000,43744.34000000,44356.68000000,43672.61000000,44170.68000000,107.84467000,1644411599999,4742169.07244830,1964,42.71305000,1878452.67082440,0
1644411600000,44189.48000000,44491.34000000,43900.05000000,43978.52000000,127.90598000,1644415199999,5660448.85503160,2357,34.47892000,1525139.82761070,0
1644415200000,43983.19000000,44295.23000000,43816.56000000,44118.08000000,108.65307000,1644418799999,4793446.61113970,1893,31.99344000,1411674.77452090,0
1644418800000,44116.79000000,44231.89000000,43816.94000000,43899.85000000,117.20826000,1644422399999,5159475.50768820,2055,57.00159000,2508710.86103610,0
1644422400000,43902.24000000,44167.45000000,43653.06000000,44111.31000000,79.09888000,1644425999999,3476496.17710380,1745,32.14288000,1412161.40899620,0
1644426000000,44108.63000000,44357.25000000,44021.20000000,44103.10000000,100.96350000,1644429599999,4461226.19296090,1952,20.07079000,886454.26125190,0
1644429600000,44092.12000000,44201.60000000,43961.69000000,44198.23000000,54.07854000,1644433199999,2383180.75451250,1125,10.54603000,464751.72238760,0
1644433200000,44202.97000000,44753.33000000,44174.61000000,44494.75000000,136.50807000,1644436799999,6075151.39705920,2481,37.10201000,1652284.88164400,0
1644436800000,44494.75000000,44862.79000000,44390.62000000,44772.86000000,64.55537000,1644440399999,2881102.66994540,1727,28.44247000,1269181.14897800,0
1644440400000,44782.40000000,44803.28000000,44450.00000000,44484.06000000,52.12726000,1644443999999,2328085.05486690,1170,17.34378000,774421.92358230,0
1644444000000,44488.50000000,44615.10000000,44261.13000000,44590.20000000,48.71502000,1644447599999,2167494.33795660,978,25.74434000,1144848.54882080,0
1644447600000,44600.88000000,44615.27000000,44271.31000000,44412.76000000,33.45384000,1644451199999,1485585.48120890,958,13.14577000,583909.57703880,0
1644451200000,44408.21000000,44430.40000000,44063.80000000,44135.95000000,51.91042000,1644454799999,2293250.46202100,1158,17.00681000,751161.86242270,0
1644454800000,44135.96000000,44297.73000000,44061.61000000,44295.33000000,145.73413000,1644458399999,6442491.05090380,1977,16.16553000,714144.99955740,0
1644458400000,44291.16000000,44392.75000000,43834.61000000,43840.72000000,82.24736000,1644461999999,3638874.49393890,1375,14.77240000,653380.53475590,0
1644462000000,43834.61000000,43884.19000000,43582.57000000,43808.81000000,53.77037000,1644465599999,2352385.19197260,1175,23.70360000,1037023.75582540,0
1644465600000,43809.24000000,43943.11000000,43601.60000000,43811.61000000,65.82444000,1644469199999,2884489.50661360,1102,30.14352000,1321022.89160700,0
1644469200000,43805.80000000,43937.50000000,43736.98000000,43913.36000000,31.22351000,1644472799999,1369433.08532360,687,6.34296000,278137.73883680,0
1644472800000,43915.42000000,44024.10000000,43786.18000000,43905.56000000,91.97860000,1644476399999,4041624.65489360,1643,15.27798000,670821.48707960,0
1644476400000,43906.23000000,44155.23000000,43881.23000000,44130.37000000,79.25842000,1644479999999,3487100.11240270,1413,12.44967000,547740.85540780,0
1644480000000,44131.23000000,44312.99000000,44092.54000000,44243.75000000,75.10638000,1644483599999,3320564.46029480,1324,23.95203000,1059010.16883070,0
1644483600000,44258.04000000,44500.00000000,44136.00000000,44439.36000000,65.75497000,1644487199999,2910302.91050200,1292,24.52747000,1085780.25873060,0
1644487200000,44443.52000000,44826.97000000,44406.87000000,44680.34000000,57.88977000,1644490799999,2584624.15872500,1435,33.61627000,1501305.12894830,0
1644490800000,44684.21000000,45200.00000000,44602.84000000,44862.28000000,120.31214000,1644494399999,5404236.25257290,3647,75.82142000,3404796.54603520,0
1644494400000,44864.74000000,45017.90000000,44600.00000000,44851.81000000,124.67817000,1644497999999,5583259.59508990,3197,69.98852000,3135373.32079130,0
1644498000000,44853.75000000,45092.92000000,43650.00000000,43674.76000000,195.60850000,1644501599999,8668353.58620690,3929,106.76646000,4739057.64584140,0
1644501600000,43671.25000000,44447.11000000,43221.70000000,44395.72000000,146.20833000,1644505199999,6385486.64884680,4297,72.61492000,3172207.43942480,0
1644505200000,44395.72000000,45748.14000000,44198.03000000,44981.98000000,322.58927000,1644508799999,14545522.01973010,6471,168.64884000,7604530.58517650,0
1644508800000,44989.96000000,45593.53000000,44894.24000000,45408.27000000,141.43775000,1644512399999,6397029.66595970,3036,54.11715000,2450027.90117160,0
1644512400000,45434.69000000,45853.59000000,45062.50000000,45351.31000000,120.95422000,1644515999999,5497759.86342070,2855,55.60239000,2526407.77468600,0
1644516000000,45351.45000000,45429.90000000,44883.34000000,45240.00000000,97.38143000,1644519599999,4393048.80197080,2210,45.59962000,2055215.45395720,0
1644519600000,45246.83000000,45293.24000000,44368.87000000,44406.52000000,91.03192000,1644523199999,4072097.91097160,2203,43.90873000,1963941.01401660,0
1644523200000,44411.08000000,44630.42000000,43562.90000000,44112.88000000,128.67590000,1644526799999,5664947.66183640,2865,69.73993000,3072240.00918270,0
1644526800000,44131.17000000,44226.66000000,43727.27000000,43774.73000000,89.19742000,1644530399999,3926679.01623290,1862,46.92491000,2064982.58029490,0
1644530400000,43787.49000000,44107.57000000,43648.32000000,43989.64000000,36.08407000,1644533999999,1582264.84980150,1105,22.78771000,999013.68407190,0
1644534000000,43973.74000000,44076.67000000,43365.32000000,43520.77000000,53.50562000,1644537599999,2338985.80201240,1581,33.57362000,1467876.40658330,0
1644537600000,43524.11000000,43592.49000000,42630.23000000,43088.62000000,117.83856000,1644541199999,5071041.73544540,3661,63.54165000,2734003.96002880,0
1644541200000,43080.03000000,43770.63000000,42974.14000000,43199.84000000,84.82834000,1644544799999,3679297.88268500,2243,39.16561000,1698433.08403510,0
1644544800000,43179.05000000,43221.56000000,42834.17000000,43154.05000000,46.82011000,1644548399999,2014373.13204100,1416,30.57626000,1315423.18546470,0
1644548400000,43151.31000000,43431.08000000,43115.10000000,43368.92000000,77.35592000,1644551999999,3345669.78547240,1327,48.13818000,2082204.01327030,0
1644552000000,43358.97000000,43398.01000000,42966.17000000,43124.10000000,36.50930000,1644555599999,1575820.57614140,1019,22.88335000,987060.41787210,0
1644555600000,43118.19000000,43121.80000000,42859.87000000,42889.70000000,38.35345000,1644559199999,1649269.97855940,981,20.11328000,864597.27240310,0
1644559200000,42861.79000000,43332.35000000,42846.93000000,43283.35000000,34.57644000,1644562799999,1491804.51799830,959,19.27232000,831291.64835230,0
1644562800000,43277.07000000,43443.37000000,43198.91000000,43377.13000000,49.30077000,1644566399999,2134228.36361570,1529,24.11689000,1043836.48207260,0
1644566400000,43388.36000000,43564.65000000,43024.72000000,43024.78000000,34.55854000,1644569999999,1498996.53873150,1177,13.80057000,598874.97121700,0
1644570000000,43035.90000000,43649.00000000,42900.71000000,43516.99000000,50.60425000,1644573599999,2196274.05824230,1477,27.86889000,1209902.72249610,0
1644573600000,43519.06000000,43576.76000000,43259.82000000,43467.15000000,35.66096000,1644577199999,1549394.00284980,778,10.87759000,472786.24486510,0
1644577200000,43476.18000000,43544.56000000,43356.75000000,43388.48000000,18.02240000,1644580799999,782832.45031870,628,7.54876000,327859.13013490,0
1644580800000,43386.40000000,43721.07000000,43269.68000000,43589.48000000,41.27494000,1644584399999,1797401.25996350,811,16.71361000,728061.72719740,0
1644584400000,43612.04000000,43859.29000000,43523.04000000,43800.71000000,70.33217000,1644587999999,3076750.28772610,1590,18.75965000,820327.20025700,0
1644588000000,43801.38000000,43944.73000000,43309.26000000,43554.45000000,100.58824000,1644591599999,4391917.84005170,2624,37.45041000,1634700.58932040,0
1644591600000,43566.92000000,43841.08000000,43544.65000000,43703.47000000,46.38172000,1644595199999,2025676.28286710,1338,19.97824000,872449.82035560,0
1644595200000,43697.45000000,43792.81000000,43455.92000000,43613.82000000,65.60082000,1644598799999,2859969.73673370,1380,29.96329000,1305890.63490960,0
1644598800000,43590.90000000,43745.54000000,43398.84000000,43435.77000000,38.25835000,1644602399999,1666366.43362800,1064,20.43981000,890342.82233670,0
1644602400000,43437.39000000,43536.87000000,42621.26000000,42671.57000000,78.51278000,1644605999999,3367960.64764170,1787,47.99376000,2057542.16935020,0
1644606000000,42674.77000000,43182.88000000,42057.73000000,42763.81000000,287.85406000,1644609599999,12252947.39549480,5431,120.94638000,5155330.32537320,0
1644609600000,42792.02000000,42886.39000000,42240.57000000,42343.78000000,45.69314000,1644613199999,1941922.58014770,1779,25.78447000,1095013.08186030,0
1644613200000,42364.16000000,42737.23000000,42324.98000000,42569.05000000,40.07908000,1644616799999,1704060.97981150,1123,26.41787000,1122664.60546170,0
1644616800000,42561.49000000,42698.49000000,42007.39000000,42153.61000000,113.98758000,1644620399999,4833680.60609570,2304,82.04274000,3480367.54247670,0
1644620400000,42146.14000000,42443.90000000,41967.14000000,42399.14000000,82.18820000,1644623999999,3476848.21311900,1338,44.52702000,1885262.66477350,0
1644624000000,42393.46000000,42425.71000000,42243.50000000,42329.31000000,28.04465000,1644627599999,1187058.12962930,843,15.77036000,667533.62906300,0
1644627600000,42331.25000000,42522.65000000,42278.92000000,42470.62000000,55.91812000,1644631199999,2370941.81474380,1317,45.71160000,1938113.41050720,0
1644631200000,42471.76000000,42501.43000000,42367.90000000,42474.29000000,22.18103000,1644634799999,940978.33253560,872,12.13642000,514731.86923420,0
1644634800000,42476.57000000,42478.06000000,42179.81000000,42314.57000000,27.52627000,1644638399999,1165798.51542310,965,14.98837000,634941.57533760,0
1644638400000,42316.87000000,42441.81000000,42251.64000000,42308.47000000,29.03500000,1644641999999,1230191.17116440,1499,14.64409000,620405.32376790,0
1644642000000,42312.72000000,42433.10000000,42231.40000000,42306.52000000,39.58165000,1644645599999,1675346.21284380,985,28.80481000,1219280.23722800,0
1644645600000,42301.16000000,42325.88000000,41780.18000000,42064.62000000,86.71233000,1644649199999,3649304.70717930,2394,52.59420000,2214102.47403380,0
1644649200000,42069.69000000,42254.95000000,41950.23000000,42126.69000000,49.94757000,1644652799999,2102358.06377390,2000,27.54655000,1159399.80640090,0
1644652800000,42126.54000000,42402.59000000,42124.30000000,42304.70000000,40.59548000,1644656399999,1716199.96718720,1741,24.29025000,1026798.55665580,0
1644656400000,42293.68000000,42470.79000000,42253.58000000,42426.20000000,42.75373000,1644659999999,1810448.44336090,1319,23.71734000,1003958.01130500,0
1644660000000,42424.18000000,42425.18000000,42120.00000000,42292.70000000,38.39635000,1644663599999,1622098.09823790,1325,22.08808000,932746.42292410,0
1644663600000,42299.60000000,42451.37000000,41920.10000000,42420.24000000,42.86786000,1644667199999,1808979.02208700,1201,25.24112000,1065473.96760310,0
1644667200000,42417.73000000,42473.43000000,42214.19000000,42283.66000000,23.75454000,1644670799999,1005649.18862700,1088,11.18229000,473288.89839690,0
1644670800000,42299.28000000,42360.16000000,42110.33000000,42121.69000000,16.23424000,1644674399999,685974.38440200,1058,8.45514000,357332.90529390,0
1644674400000,42121.02000000,42243.94000000,41804.23000000,42173.18000000,46.84524000,1644677999999,1968215.04643470,1191,29.55132000,1241345.56116150,0
1644678000000,42180.73000000,42225.00000000,41843.25000000,42140.01000000,37.05128000,1644681599999,1557849.46042910,1216,19.83205000,834181.86461250,0
1644681600000,42142.21000000,42821.08000000,42017.22000000,42713.91000000,89.65993000,1644685199999,3816095.44853750,2070,62.35583000,2655304.06008800,0
1644685200000,42739.75000000,42819.30000000,42577.28000000,42748.97000000,20.03079000,1644688799999,854807.54646080,840,8.20326000,350100.42614680,0
1644688800000,42747.75000000,43049.98000000,42747.75000000,42851.28000000,36.69711000,1644692399999,1574451.22582460,1013,21.21733000,910087.55285280,0
1644692400000,42848.65000000,42898.37000000,42638.43000000,42678.24000000,37.95677000,1644695999999,1621877.34402160,859,13.70883000,586108.38848380,0
1644696000000,42697.28000000,42784.06000000,42498.00000000,42642.49000000,22.15118000,1644699599999,944605.98466510,634,14.09551000,600867.58361980,0
1644699600000,42636.57000000,42644.36000000,41705.01000000,41905.76000000,91.33011000,1644703199999,3849274.50365420,1887,37.84707000,1590348.50148200,0
1644703200000,41865.34000000,42243.55000000,41856.55000000,42196.26000000,49.38879000,1644706799999,2077112.65522200,991,33.54210000,1410719.15791660,0
1644706800000,42196.80000000,42274.93000000,42086.95000000,42221.18000000,14.91774000,1644710399999,629534.06415920,594,5.37614000,226807.36957530,0
1644710400000,42240.61000000,42523.74000000,42092.91000000,42404.94000000,86.68121000,1644713999999,3675325.56803060,1433,74.05787000,3140722.64581320,0
1644714000000,42404.94000000,42500.00000000,42220.71000000,42242.91000000,18.87637000,1644717599999,800521.91921900,590,7.23284000,306710.22734820,0
1644717600000,42253.44000000,42290.95000000,42128.26000000,42241.31000000,14.03893000,1644721199999,592820.63240500,478,6.41652000,270903.55969090,0
1644721200000,42246.84000000,42318.49000000,42180.15000000,42256.30000000,9.51575000,1644724799999,401991.48920830,324,4.15954000,175685.73818560,0
1644724800000,42258.05000000,42352.46000000,42133.17000000,42222.05000000,15.62867000,1644728399999,660480.83032470,533,5.27021000,222730.33945950,0
1644728400000,42215.83000000,42332.55000000,42145.19000000,42285.37000000,30.30042000,1644731999999,1281224.78418500,677,2.41616000,102059.62441540,0
1644732000000,42285.67000000,42451.89000000,42250.22000000,42451.89000000,23.42141000,1644735599999,991843.07230730,769,10.32660000,437221.90747990,0
1644735600000,42432.90000000,42487.50000000,42320.02000000,42412.47000000,12.22057000,1644739199999,518229.20054620,540,5.70396000,241932.59774240,0
1644739200000,42432.57000000,42522.36000000,42362.74000000,42472.31000000,15.31238000,1644742799999,650157.45780790,648,7.11323000,302043.24680770,0
1644742800000,42477.69000000,42477.69000000,42307.20000000,42346.98000000,16.38280000,1644746399999,693998.83108740,523,9.90388000,419499.40366000,0
1644746400000,42328.34000000,42650.48000000,42273.07000000,42591.09000000,32.90956000,1644749999999,1397607.82862020,928,14.29655000,607555.04071820,0
1644750000000,42612.71000000,42673.26000000,42481.60000000,42495.18000000,24.13298000,1644753599999,1027265.78493670,721,9.08348000,386636.18643360,0
1644753600000,42495.45000000,42658.48000000,42448.82000000,42493.57000000,20.68762000,1644757199999,880511.71584880,697,15.18462000,646202.20297790,0
1644757200000,42507.07000000,42592.38000000,42437.50000000,42527.85000000,15.64465000,1644760799999,665324.79959430,600,9.09752000,386843.55959140,0
1644760800000,42533.30000000,42736.06000000,42159.50000000,42581.57000000,42.11353000,1644764399999,1789046.61278880,1018,25.69761000,1091728.52441310,0
1644764400000,42556.19000000,42784.03000000,42522.10000000,42581.51000000,121.57570000,1644767999999,5179919.91621510,1597,96.53042000,4111794.39841450,0
1644768000000,42590.79000000,42594.30000000,42227.44000000,42331.58000000,26.67437000,1644771599999,1130454.75090240,740,12.03699000,509959.89428480,0
1644771600000,42322.92000000,42322.92000000,42102.04000000,42287.44000000,25.36728000,1644775199999,1071091.81264640,776,15.98633000,674966.18262150,0
1644775200000,42290.44000000,42426.28000000,41900.00000000,41971.37000000,114.08555000,1644778799999,4796016.80562160,2092,34.44730000,1449195.47714060,0
1644778800000,41979.80000000,42198.75000000,41911.90000000,42047.89000000,35.68514000,1644782399999,1500671.25013690,859,19.34302000,813583.54489770,0
1644782400000,42045.30000000,42478.54000000,41967.92000000,42451.28000000,24.08865000,1644785999999,1018245.72639920,884,11.45445000,484027.19885760,0
1644786000000,42455.42000000,42512.67000000,42216.53000000,42216.94000000,19.25081000,1644789599999,815392.67910980,581,10.64279000,450892.81394540,0
1644789600000,42227.93000000,42437.72000000,42220.97000000,42389.03000000,21.02465000,1644793199999,890468.41442170,504,13.13807000,556305.47834990,0
1644793200000,42414.92000000,42414.92000000,42040.27000000,42066.08000000,36.17283000,1644796799999,1527152.85791810,986,18.94946000,799988.00863120,0
1644796800000,42078.41000000,42191.35000000,41957.35000000,42137.47000000,31.77819000,1644800399999,1337308.08953830,1312,20.43183000,859913.87943500,0
1644800400000,42138.07000000,42165.29000000,41578.94000000,41681.52000000,59.65643000,1644803999999,2495160.92164910,1518,30.89038000,1292330.14677460,0
1644804000000,41687.75000000,41853.26000000,41620.51000000,41729.17000000,26.46878000,1644807599999,1105741.06049650,757,11.73888000,490270.25204530,0
1644807600000,41736.56000000,41995.05000000,41649.44000000,41930.92000000,46.11380000,1644811199999,1932536.59171180,1068,32.76187000,1373164.53419600,0
1644811200000,41931.24000000,42013.83000000,41865.96000000,41982.25000000,29.54455000,1644814799999,1239171.19262560,856,15.71714000,659120.05251380,0
1644814800000,41983.06000000,42022.68000000,41790.88000000,41803.60000000,13.69845000,1644818399999,574031.70006010,466,7.13392000,299002.32027410,0
1644818400000,41793.48000000,42290.61000000,41754.44000000,42194.60000000,37.42796000,1644821999999,1572837.87539400,950,23.10810000,971614.46833910,0
1644822000000,42200.51000000,42381.21000000,42132.81000000,42335.55000000,36.93282000,1644825599999,1560099.27371820,1142,18.78405000,793612.18761000,0
1644825600000,42334.79000000,42435.67000000,42012.02000000,42053.78000000,50.56147000,1644829199999,2136946.31942030,1608,23.56592000,995952.68104100,0
1644829200000,42050.78000000,42237.00000000,41975.82000000,42072.26000000,38.59046000,1644832799999,1625833.10293840,1115,23.91941000,1007677.88065740,0
1644832800000,42085.64000000,42297.29000000,41947.24000000,42252.28000000,83.32153000,1644836399999,3511726.69849190,1494,58.89757000,2482116.30039730,0
1644836400000,42252.52000000,42292.80000000,42089.72000000,42121.43000000,43.61062000,1644839999999,1840965.93533330,921,25.31163000,1068398.97783630,0
1644840000000,42132.98000000,42602.85000000,41979.87000000,42552.05000000,87.91125000,1644843599999,3723255.01979830,1928,49.91157000,2112351.23092120,0
1644843600000,42568.17000000,42699.99000000,42402.54000000,42517.94000000,57.42181000,1644847199999,2443507.73282700,1756,31.25892000,1330092.66663550,0
1644847200000,42515.82000000,42860.29000000,42480.91000000,42518.10000000,165.15196000,1644850799999,7040839.59348230,2787,64.03556000,2731903.62823030,0
1644850800000,42531.74000000,42671.33000000,42361.20000000,42593.76000000,224.79590000,1644854399999,9560588.78008740,3537,183.22739000,7792831.64695010,0
1644854400000,42613.73000000,42836.44000000,42569.98000000,42681.51000000,85.28468000,1644857999999,3644229.20182390,1784,44.39634000,1896813.98254830,0
1644858000000,42667.61000000,42911.74000000,42537.02000000,42593.25000000,68.34080000,1644861599999,2916617.28789510,1411,26.11586000,1115024.08964950,0
1644861600000,42597.60000000,42672.43000000,42235.98000000,42254.16000000,69.91418000,1644865199999,2969349.93004300,1576,21.29239000,904407.20995150,0
1644865200000,42250.70000000,42311.25000000,41822.73000000,42133.17000000,119.25489000,1644868799999,5012981.70979760,2489,63.78492000,2682091.04717380,0
1644868800000,42159.35000000,42326.88000000,41983.30000000,42181.78000000,71.88683000,1644872399999,3032195.17953710,1504,33.59458000,1417313.27148360,0
1644872400000,42185.11000000,42305.60000000,42114.84000000,42243.56000000,34.00406000,1644875999999,1435279.26526390,795,11.44902000,483195.95884090,0
1644876000000,42258.47000000,42774.39000000,42247.22000000,42693.27000000,85.58628000,1644879599999,3644218.07487760,1627,33.59545000,1429492.46276100,0
1644879600000,42706.86000000,42829.90000000,42545.91000000,42545.91000000,44.13079000,1644883199999,1884796.23133090,918,11.82804000,504997.61140400,0
1644883200000,42558.64000000,42682.65000000,42446.65000000,42590.57000000,20.67840000,1644886799999,879986.60287590,629,9.80548000,417283.73448180,0
1644886800000,42597.61000000,43653.06000000,42539.85000000,43488.94000000,92.61570000,1644890399999,4001390.47235980,2736,45.18843000,1956403.63539670,0
1644890400000,43484.32000000,43706.98000000,43406.86000000,43589.89000000,82.80569000,1644893999999,3605759.25194330,1841,26.49370000,1153532.58184620,0
1644894000000,43594.24000000,43685.35000000,43520.33000000,43581.91000000,59.86387000,1644897599999,2610991.92085390,1803,11.97556000,522208.12153720,0
1644897600000,43606.28000000,43839.08000000,43480.00000000,43493.24000000,55.50104000,1644901199999,2421523.29390620,1478,28.94093000,1263462.62962690,0
1644901200000,43497.38000000,43651.51000000,43414.46000000,43586.29000000,41.30315000,1644904799999,1799317.63425040,985,23.85053000,1039054.64516350,0
1644904800000,43583.37000000,43702.11000000,43539.01000000,43560.49000000,39.05341000,1644908399999,1703865.46486300,981,13.02943000,568478.10063480,0
1644908400000,43569.45000000,43795.94000000,43546.68000000,43714.47000000,93.32472000,1644911999999,4074069.08733120,1559,28.16294000,1228289.74369230,0
1644912000000,43713.61000000,44220.60000000,43627.25000000,44003.85000000,138.45977000,1644915599999,6079895.98324760,2745,55.86932000,2453915.58590720,0
1644915600000,44012.90000000,44137.28000000,43870.94000000,44073.36000000,159.79363000,1644919199999,7030147.36068890,2685,39.59753000,1741524.16751180,0
1644919200000,44078.61000000,44421.00000000,43998.52000000,44292.72000000,93.65051000,1644922799999,4141781.45528050,2715,43.03695000,1904107.29612960,0
1644922800000,44314.96000000,44479.53000000,44128.21000000,44252.71000000,98.75214000,1644926399999,4371702.33706800,2018,42.15525000,1865798.77850980,0
1644926400000,44253.77000000,44375.59000000,44140.00000000,44200.20000000,81.22330000,1644929999999,3594980.36165880,1875,22.96761000,1016519.34375500,0
1644930000000,44213.03000000,44331.69000000,44049.47000000,44274.35000000,103.32621000,1644933599999,4570491.26128190,2959,45.59580000,2016224.58156320,0
1644933600000,44277.27000000,44530.61000000,44199.11000000,44281.37000000,85.13885000,1644937199999,3777802.99464750,3273,44.54950000,1977127.07369460,0
1644937200000,44279.10000000,44319.35000000,44142.84000000,44221.79000000,76.44465000,1644940799999,3380664.98878700,2036,42.70106000,1887985.01514810,0
1644940800000,44234.31000000,44280.94000000,44042.20000000,44152.81000000,49.62788000,1644944399999,2191467.65382830,1547,29.56068000,1305151.38530730,0
1644944400000,44157.11000000,44180.47000000,43879.04000000,43945.96000000,80.85929000,1644947999999,3557984.98272990,1701,51.23771000,2253151.05937150,0
1644948000000,43952.26000000,44218.92000000,43900.00000000,44151.00000000,60.68841000,1644951599999,2674476.52779260,1455,29.55134000,1301504.37206370,0
1644951600000,44149.33000000,44153.69000000,43977.02000000,44021.57000000,40.62740000,1644955199999,1790654.75378610,1130,18.46447000,813728.63245540,0
1644955200000,44018.09000000,44193.67000000,44003.80000000,44158.86000000,75.87076000,1644958799999,3345867.21674250,1635,39.82860000,1755816.35943210,0
1644958800000,44157.66000000,44185.29000000,43970.87000000,44000.00000000,37.30838000,1644962399999,1643976.65348500,974,25.14329000,1107384.01661450,0
1644962400000,44000.00000000,44381.24000000,44000.00000000,44207.62000000,32.24792000,1644965999999,1425065.10738850,1031,17.74083000,783816.09280410,0
1644966000000,44198.19000000,44774.96000000,44149.30000000,44571.31000000,58.93389000,1644969599999,2618522.67909240,1950,26.33823000,1169363.12199980,0
1644969600000,44572.36000000,44572.36000000,44160.32000000,44220.72000000,27.59371000,1644973199999,1224072.76842500,1294,13.82574000,613274.96622040,0
1644973200000,44225.67000000,44230.60000000,43975.20000000,44019.99000000,35.40206000,1644976799999,1560479.78550400,1209,12.74491000,561733.53367800,0
1644976800000,44020.97000000,44100.00000000,43921.02000000,44089.26000000,30.18308000,1644980399999,1329062.24510120,1448,16.23075000,714697.25246180,0
1644980400000,44089.18000000,44184.99000000,43974.05000000,44004.24000000,32.13508000,1644983999999,1416458.22654970,1695,11.91645000,524823.63669590,0
1644984000000,44004.95000000,44007.09000000,43700.54000000,43918.18000000,52.66355000,1644987599999,2308532.74259780,2258,22.33184000,978857.22221770,0
1644987600000,43916.50000000,44155.22000000,43912.51000000,44080.63000000,29.27850000,1644991199999,1289857.05737280,1722,12.79763000,563748.98606910,0
1644991200000,44077.13000000,44214.45000000,44045.70000000,44046.81000000,22.62186000,1644994799999,998191.98919130,1667,11.64274000,513790.65393500,0
1644994800000,44050.66000000,44218.58000000,43955.10000000,44213.61000000,36.18740000,1644998399999,1594443.31610930,1939,21.67042000,954621.38449820,0
1644998400000,44212.80000000,44363.08000000,44150.00000000,44176.75000000,56.87051000,1645001999999,2515404.15554720,2003,26.88801000,1188674.15057420,0
1645002000000,44180.69000000,44268.60000000,44034.09000000,44037.04000000,27.62943000,1645005599999,1220723.87909110,1209,12.40469000,548093.55623160,0
1645005600000,44037.56000000,44152.95000000,43902.80000000,44132.72000000,20.99022000,1645009199999,924677.96986150,1150,11.99911000,528608.48533910,0
1645009200000,44137.46000000,44290.92000000,44137.46000000,44201.49000000,33.33106000,1645012799999,1473548.50743800,1569,19.48731000,861375.18380080,0
1645012800000,44212.52000000,44254.51000000,44000.00000000,44062.62000000,21.89558000,1645016399999,965634.49453100,864,12.25239000,540355.68220930,0
1645016400000,44064.92000000,44171.39000000,43550.00000000,43664.53000000,83.75395000,1645019999999,3676237.77334770,2704,43.59262000,1914439.04521870,0
1645020000000,43662.11000000,43756.77000000,43349.01000000,43513.16000000,106.88223000,1645023599999,4660357.99141510,2245,52.31923000,2282155.07028850,0
1645023600000,43513.24000000,43717.94000000,43478.00000000,43632.97000000,33.62942000,1645027199999,1467505.87672730,1123,21.00830000,916747.75393510,0
1645027200000,43633.16000000,43767.56000000,43385.48000000,43673.46000000,40.11707000,1645030799999,1748853.34239920,1466,18.66445000,813766.18482160,0
1645030800000,43680.05000000,43731.76000000,43568.16000000,43599.99000000,60.54829000,1645034399999,2641546.77351470,1080,45.75797000,1995759.93903090,0
1645034400000,43591.62000000,43924.12000000,43535.75000000,43870.54000000,172.54234000,1645037999999,7532690.69482170,2242,141.33417000,6167382.64856940,0
1645038000000,43869.91000000,44371.30000000,43732.22000000,44239.30000000,219.66882000,1645041599999,9685652.02624880,3518,117.05533000,5158942.87927640,0
1645041600000,44275.03000000,44393.39000000,44099.21000000,44118.20000000,50.96134000,1645045199999,2254699.43659630,1145,16.56720000,733121.23845910,0
1645045200000,44104.33000000,44180.26000000,43905.22000000,44088.15000000,28.23628000,1645048799999,1244198.61724740,810,10.28270000,453157.28186280,0
1645048800000,44090.90000000,44185.37000000,43980.51000000,44033.90000000,25.00759000,1645052399999,1102270.68565410,623,12.72424000,561077.02010350,0
1645052400000,44030.00000000,44194.87000000,43852.14000000,43898.94000000,38.27987000,1645055999999,1685377.17799180,756,12.60043000,555220.09944730,0
1645056000000,43893.65000000,44120.40000000,43841.98000000,44095.06000000,29.58634000,1645059599999,1300116.78732390,708,9.96593000,438066.09232150,0
1645059600000,44089.61000000,44186.31000000,43994.65000000,44039.39000000,25.63723000,1645063199999,1130379.24539820,720,10.61662000,468082.43346360,0
1645063200000,44033.49000000,44173.19000000,43845.83000000,44022.94000000,39.02537000,1645066799999,1717019.99453120,853,13.61892000,599216.15478150,0
1645066800000,44024.61000000,44036.48000000,43603.51000000,43607.79000000,44.97133000,1645070399999,1972918.78360160,1067,18.00985000,790005.19603950,0
1645070400000,43600.00000000,43738.47000000,43352.88000000,43647.71000000,118.81344000,1645073999999,5176329.83893610,2098,57.07339000,2487350.05624630,0
1645074000000,43647.88000000,43729.53000000,43539.19000000,43633.31000000,26.27664000,1645077599999,1146776.19159700,713,10.62317000,463637.47484720,0
1645077600000,43636.76000000,43906.77000000,43598.00000000,43862.86000000,30.14533000,1645081199999,1319184.45651240,727,14.84569000,649580.55549380,0
1645081200000,43861.22000000,43974.45000000,43774.10000000,43948.58000000,16.58046000,1645084799999,727260.86462950,454,7.08162000,310579.39653050,0
1645084800000,43950.67000000,44046.17000000,43350.00000000,43499.88000000,73.68118000,1645088399999,3218639.32004990,1547,35.33671000,1543798.06163530,0
1645088400000,43490.87000000,43551.09000000,42874.10000000,43241.96000000,99.63009000,1645091999999,4306230.40700400,2800,51.89359000,2242960.62251090,0
1645092000000,43241.96000000,43369.17000000,42957.61000000,43055.25000000,51.65277000,1645095599999,2232173.83547550,1053,19.10446000,825183.37225810,0
1645095600000,43052.09000000,43234.18000000,43004.26000000,43197.62000000,55.77800000,1645099199999,2406884.40652190,975,14.79587000,638172.01833650,0
1645099200000,43188.43000000,43372.52000000,43162.66000000,43246.85000000,39.04703000,1645102799999,1690030.40558160,1042,19.91318000,861768.06025090,0
1645102800000,43247.14000000,43322.94000000,42175.03000000,42266.42000000,137.52356000,1645106399999,5865129.45750650,3481,58.45136000,2492441.79356490,0
1645106400000,42266.44000000,42421.85000000,41868.53000000,41937.58000000,131.64916000,1645109999999,5545756.60668860,3324,54.97701000,2316937.34755680,0
1645110000000,41944.11000000,42156.39000000,41714.28000000,41936.85000000,87.29448000,1645113599999,3661475.14524450,1930,48.60737000,2038708.92454350,0
1645113600000,41951.54000000,42128.70000000,41658.12000000,41993.63000000,74.04886000,1645117199999,3107540.34352730,1802,36.75093000,1542388.89590890,0
1645117200000,42019.22000000,42019.22000000,41639.44000000,41780.59000000,56.88674000,1645120799999,2380143.74694090,1326,29.86359000,1249110.45119350,0
1645120800000,41769.49000000,41892.69000000,40781.34000000,41315.36000000,175.95199000,1645124399999,7268335.69460170,3578,91.48285000,3780568.01754040,0
1645124400000,41306.59000000,41306.59000000,40954.92000000,41215.55000000,56.05386000,1645127999999,2305385.18409560,1207,26.61663000,1094495.74306690,0
1645128000000,41178.11000000,41188.40000000,40876.42000000,40892.72000000,51.40451000,1645131599999,2109583.26383200,1237,26.33830000,1080567.84234810,0
1645131600000,40896.86000000,40975.31000000,40051.63000000,40700.47000000,149.90603000,1645135199999,6077181.12314580,3423,63.50112000,2572576.16832810,0
1645135200000,40686.66000000,40777.14000000,40434.10000000,40730.95000000,55.12922000,1645138799999,2239321.84012490,1031,24.29989000,987057.60573610,0
1645138800000,40727.30000000,40773.31000000,40472.80000000,40537.58000000,67.15394000,1645142399999,2729410.57718620,800,44.39323000,1803935.03393820,0
1645142400000,40546.06000000,40692.37000000,40313.33000000,40587.48000000,35.36573000,1645145999999,1432316.21665150,1022,19.21763000,777989.33831600,0
1645146000000,40587.71000000,40967.05000000,40387.58000000,40808.26000000,49.93561000,1645149599999,2033083.70045530,1354,22.51979000,916176.67610800,0
1645149600000,40817.46000000,40911.27000000,40687.91000000,40785.81000000,26.80493000,1645153199999,1092786.32218370,853,17.27460000,704141.41444060,0
1645153200000,40780.61000000,40824.19000000,40609.85000000,40715.73000000,27.04550000,1645156799999,1101128.23329140,912,13.46529000,548354.54266890,0
1645156800000,40718.86000000,40795.29000000,40516.48000000,40534.83000000,53.52108000,1645160399999,2177289.74294460,1782,28.90901000,1176530.60642670,0
1645160400000,40536.67000000,40725.78000000,40517.11000000,40648.55000000,31.46595000,1645163999999,1278821.25516960,1044,13.53839000,550243.37760080,0
1645164000000,40641.89000000,40762.09000000,40471.22000000,40726.48000000,35.69049000,1645167599999,1450472.95134570,1013,12.32997000,501465.36962940,0
1645167600000,40732.09000000,40799.99000000,40589.22000000,40686.26000000,35.79996000,1645171199999,1456274.30229680,1025,17.16026000,697866.20595160,0
1645171200000,40694.85000000,40987.13000000,40677.75000000,40896.40000000,54.35454000,1645174799999,2217830.18768860,1438,20.58013000,839678.42715730,0
1645174800000,40889.18000000,40940.20000000,40789.24000000,40899.06000000,23.33955000,1645178399999,953836.50127280,746,11.14442000,455513.55639590,0
1645178400000,40894.93000000,40898.86000000,40723.48000000,40810.36000000,38.17251000,1645181999999,1557444.10576580,1391,13.84089000,564599.31864140,0
1645182000000,40809.96000000,40815.40000000,40124.58000000,40191.94000000,83.19822000,1645185599999,3360232.87119660,1601,36.93883000,1489935.77798850,0
1645185600000,40197.15000000,40579.50000000,40105.94000000,40460.18000000,56.34020000,1645189199999,2273345.76531150,1202,28.22490000,1139219.13674860,0
1645189200000,40470.90000000,40562.40000000,40210.34000000,40415.45000000,62.03956000,1645192799999,2505380.96471790,1645,31.96553000,1291169.66133000,0
1645192800000,40407.60000000,40622.10000000,39607.93000000,40479.50000000,133.30490000,1645196399999,5346028.65561650,3097,66.19222000,2657899.38502310,0
1645196400000,40503.99000000,40795.48000000,39682.44000000,39847.18000000,138.84976000,1645199999999,5574563.01330440,2709,64.23023000,2580100.99765750,0
1645200000000,39836.58000000,40442.58000000,39477.64000000,39954.51000000,144.20466000,1645203599999,5767516.87715510,2645,83.51105000,3342220.77539680,0
1645203600000,39980.64000000,40390.95000000,39938.62000000,40040.61000000,74.10649000,1645207199999,2973305.49714420,1500,45.89170000,1841251.99965350,0
1645207200000,40041.09000000,40248.22000000,39814.87000000,40168.13000000,53.28520000,1645210799999,2133588.32201140,1265,32.85731000,1316089.47617290,0
1645210800000,40191.41000000,40353.79000000,40068.31000000,40224.55000000,44.49211000,1645214399999,1788238.81648060,1066,29.18342000,1172969.15650800,0
1645214400000,40239.32000000,40319.27000000,39961.75000000,40040.31000000,152.24568000,1645217999999,6095265.44822850,2362,31.24272000,1252429.32875700,0
1645218000000,40041.91000000,40182.54000000,39923.12000000,39994.79000000,34.67850000,1645221599999,1388895.99932300,886,23.10471000,925260.72292580,0
1645221600000,39982.04000000,40076.65000000,39761.40000000,39963.71000000,41.78111000,1645225199999,1667432.42023930,967,18.77127000,749156.92081250,0
1645225200000,39957.59000000,40112.81000000,39912.68000000,40007.74000000,34.10078000,1645228799999,1365733.21873360,980,15.74319000,630484.47275810,0
1645228800000,39992.28000000,40292.69000000,39929.49000000,40219.39000000,44.31356000,1645232399999,1778357.62786730,1245,25.22759000,1012362.47618030,0
1645232400000,40217.52000000,40325.03000000,40085.30000000,40170.27000000,27.13107000,1645235999999,1090809.35787800,864,11.05085000,444414.26195250,0
1645236000000,40162.92000000,40235.64000000,40092.69000000,40179.37000000,18.39275000,1645239599999,738847.94463660,756,6.43118000,258294.35417420,0
1645239600000,40162.86000000,40243.29000000,40081.41000000,40147.62000000,9.27829000,1645243199999,372663.04946670,444,5.12697000,205897.01004110,0
1645243200000,40144.68000000,40297.94000000,40083.67000000,40229.60000000,20.41324000,1645246799999,820492.26069880,707,9.04003000,363344.09277450,0
1645246800000,40237.72000000,40266.90000000,40171.65000000,40260.66000000,10.64118000,1645250399999,428063.44463020,415,6.05871000,243720.47860460,0
1645250400000,40260.69000000,40459.20000000,40230.23000000,40385.60000000,43.30517000,1645253999999,1748158.55477100,1360,21.30799000,860163.27062140,0
1645254000000,40390.47000000,40433.19000000,40268.55000000,40284.42000000,24.10929000,1645257599999,972826.50110560,682,10.49977000,423540.28057140,0
1645257600000,40288.97000000,40318.96000000,39959.68000000,40023.96000000,31.13320000,1645261199999,1251046.55449950,879,15.12905000,607980.70864780,0
1645261200000,40004.04000000,40077.06000000,39912.08000000,39941.60000000,22.92882000,1645264799999,916855.78650250,668,10.83560000,433241.98444260,0
1645264800000,39949.42000000,39993.45000000,39785.55000000,39967.63000000,36.21339000,1645268399999,1444842.54130500,1004,21.11757000,842406.16694250,0
1645268400000,39968.66000000,40044.31000000,39663.54000000,39861.18000000,49.78321000,1645271999999,1983045.74312040,1673,26.13842000,1040845.46024270,0
1645272000000,39861.32000000,39962.42000000,39683.57000000,39769.94000000,31.02444000,1645275599999,1235191.61399750,825,14.23357000,566784.70387820,0
1645275600000,39761.86000000,40088.04000000,39649.87000000,40045.35000000,68.32213000,1645279199999,2728844.20217770,1807,47.14679000,1883365.62426650,0
1645279200000,40014.85000000,40017.90000000,39785.34000000,39887.77000000,31.91075000,1645282799999,1273458.06329360,828,13.62579000,543739.31021760,0
1645282800000,39887.14000000,40027.13000000,39835.77000000,39996.64000000,40.26539000,1645286399999,1608745.46524590,853,24.02975000,959907.95304570,0
1645286400000,39986.36000000,40379.67000000,39879.92000000,39962.97000000,44.62162000,1645289999999,1791562.06876030,1318,24.06803000,966691.63840160,0
1645290000000,39968.65000000,40179.96000000,39888.30000000,40167.82000000,27.41366000,1645293599999,1098547.88265170,659,14.49468000,580772.10637230,0
1645293600000,40148.76000000,40217.12000000,40068.35000000,40142.60000000,12.74825000,1645297199999,511561.51996840,492,6.15537000,247005.35184510,0
1645297200000,40137.17000000,40144.75000000,39925.94000000,39978.53000000,22.97704000,1645300799999,919111.04465580,628,12.42532000,496968.55558790,0
1645300800000,39989.30000000,40121.06000000,39954.00000000,40076.91000000,9.56125000,1645304399999,383034.26987420,305,5.01026000,200714.47847610,0
1645304400000,40082.83000000,40082.83000000,39820.50000000,39937.60000000,17.78797000,1645307999999,710472.50746130,583,8.26108000,329948.33053360,0
1645308000000,39948.84000000,40064.03000000,39879.78000000,40031.77000000,26.02684000,1645311599999,1039892.53255210,585,10.67021000,426393.19294160,0
1645311600000,40030.49000000,40159.04000000,39976.66000000,40091.81000000,18.38721000,1645315199999,736667.24201590,528,12.68652000,508329.84690180,0
1645315200000,40101.71000000,40133.22000000,39890.64000000,39936.67000000,13.76592000,1645318799999,550846.57636540,539,6.65863000,266401.85006080,0
1645318800000,39954.67000000,40030.59000000,39839.03000000,40010.04000000,11.07199000,1645322399999,442015.67812040,421,4.01998000,160456.70726510,0
1645322400000,40017.31000000,40029.74000000,39844.69000000,39861.00000000,13.94993000,1645325999999,557018.43736900,425,8.17510000,326344.29185490,0
1645326000000,39858.05000000,39902.52000000,39700.00000000,39806.00000000,27.43859000,1645329599999,1092530.62003920,715,10.38386000,413424.14959070,0
1645329600000,39806.84000000,39845.88000000,39489.82000000,39568.68000000,41.51311000,1645333199999,1646228.87415440,1074,16.33658000,647731.01513010,0
1645333200000,39577.47000000,39706.08000000,39260.01000000,39368.94000000,63.76219000,1645336799999,2517753.42310620,1856,26.72690000,1056068.17395110,0
1645336800000,39372.90000000,39445.61000000,38717.11000000,38815.51000000,108.36174000,1645340399999,4227915.61376470,2758,44.91795000,1752432.98786130,0
1645340400000,38810.00000000,38894.35000000,38601.29000000,38807.99000000,59.74977000,1645343999999,2315272.86119470,1422,32.88297000,1274467.15792290,0
1645344000000,38812.30000000,38855.28000000,38112.86000000,38178.51000000,105.12269000,1645347599999,4039418.82158170,2123,46.84189000,1799843.35333620,0
1645347600000,38144.07000000,38432.22000000,38000.00000000,38197.80000000,83.90481000,1645351199999,3202350.16555790,1731,57.30678000,2186700.83231600,0
1645351200000,38227.26000000,38398.61000000,38152.18000000,38198.25000000,37.27952000,1645354799999,1428189.27804950,990,20.08706000,769679.94907530,0
1645354800000,38210.10000000,38365.87000000,38149.05000000,38357.48000000,26.49747000,1645358399999,1013652.98006030,676,15.36182000,587724.68716480,0
1645358400000,38362.50000000,38626.79000000,38192.81000000,38220.43000000,47.86832000,1645361999999,1837738.68405260,1269,17.45705000,670802.76464820,0
1645362000000,38260.90000000,38333.60000000,38200.00000000,38220.75000000,33.39536000,1645365599999,1277397.02958980,891,17.76050000,679316.90392300,0
1645365600000,38216.51000000,38320.35000000,38009.71000000,38223.38000000,43.53917000,1645369199999,1661024.68979590,1055,26.93031000,1027396.64420960,0
1645369200000,38216.96000000,38522.86000000,38200.00000000,38352.59000000,40.41643000,1645372799999,1548734.39232290,836,25.33196000,970884.99179040,0
1645372800000,38349.09000000,38527.56000000,38256.68000000,38299.13000000,39.17909000,1645376399999,1505489.58963090,923,16.68780000,640938.50322530,0
1645376400000,38286.01000000,38412.26000000,38232.36000000,38294.34000000,27.87726000,1645379999999,1068069.00320140,603,17.37124000,665501.33449080,0
1645380000000,38262.40000000,38470.60000000,38192.41000000,38465.72000000,28.13888000,1645383599999,1079809.76012640,800,10.46583000,401332.94413260,0
1645383600000,38456.78000000,38456.78000000,38354.27000000,38405.22000000,19.59812000,1645387199999,752706.29847880,552,7.65386000,293930.90531610,0
1645387200000,38409.86000000,38409.86000000,38145.01000000,38336.03000000,28.61702000,1645390799999,1095826.37634520,588,14.61237000,559875.37763000,0
1645390800000,38334.64000000,38368.27000000,38048.20000000,38250.18000000,58.84092000,1645394399999,2246537.88913530,1458,27.88011000,1064636.66649970,0
1645394400000,38266.66000000,38876.37000000,38260.30000000,38842.14000000,37.18976000,1645397999999,1432830.05778210,1147,21.25629000,819049.21565260,0
1645398000000,38832.57000000,38999.00000000,38355.76000000,38369.12000000,68.81343000,1645401599999,2658817.49141810,1386,45.90177000,1772518.33235370,0
1645401600000,38387.68000000,38777.58000000,38216.82000000,38762.88000000,36.63173000,1645405199999,1408272.21164470,1102,19.26529000,740812.30811980,0
1645405200000,38756.76000000,39423.11000000,38582.41000000,39158.80000000,112.93699000,1645408799999,4413070.30925710,2989,55.89114000,2184827.42704680,0
1645408800000,39156.99000000,39265.97000000,39046.93000000,39129.21000000,37.20538000,1645412399999,1456320.80406510,1056,20.79334000,813983.62830190,0
1645412400000,39124.04000000,39267.05000000,38824.91000000,38944.03000000,30.59926000,1645415999999,1195590.31744820,1009,14.65274000,572695.22446340,0
1645416000000,38935.98000000,39404.83000000,38935.53000000,39308.37000000,50.92963000,1645419599999,1992891.02985590,1436,33.03813000,1292791.33035900,0
1645419600000,39324.52000000,39515.17000000,39221.74000000,39244.15000000,25.77604000,1645423199999,1013729.44712020,796,9.97030000,392222.20642950,0
1645423200000,39236.29000000,39297.11000000,39127.40000000,39217.55000000,45.20240000,1645426799999,1772909.60008070,1060,17.20588000,675014.91445360,0
1645426800000,39215.50000000,39353.69000000,39085.39000000,39318.30000000,44.41141000,1645430399999,1741596.11871050,1218,27.33198000,1071894.49211900,0
1645430400000,39304.14000000,39380.96000000,39024.08000000,39080.63000000,81.29132000,1645433999999,3184369.16052630,1634,31.43606000,1231224.10899370,0
1645434000000,39080.63000000,39130.69000000,38900.00000000,38946.92000000,38.84320000,1645437599999,1515552.22282110,1017,25.45705000,993311.75880580,0
1645437600000,38929.54000000,38997.69000000,38247.87000000,38310.03000000,180.77978000,1645441199999,6952067.96025390,2727,46.95393000,1808678.05147460,0
1645441200000,38297.68000000,38454.74000000,37373.62000000,37606.79000000,161.07706000,1645444799999,6106693.54946910,4068,89.04018000,3377439.28019570,0
1645444800000,37592.85000000,37796.04000000,37412.39000000,37553.96000000,126.74459000,1645448399999,4764505.10185400,2740,66.03982000,2481601.91544360,0
1645448400000,37556.26000000,37725.69000000,37204.44000000,37593.46000000,188.30498000,1645451999999,7059583.68184410,3485,95.09955000,3563806.60835490,0
1645452000000,37560.84000000,38866.59000000,37502.52000000,38699.85000000,214.62537000,1645455599999,8244583.72504120,4838,106.21428000,4079938.68211640,0
1645455600000,38695.55000000,39296.37000000,38657.35000000,38832.96000000,125.43636000,1645459199999,4887307.27037510,2783,62.07056000,2418176.36374270,0
1645459200000,38836.10000000,39179.15000000,38680.32000000,38710.52000000,80.68490000,1645462799999,3142867.32348140,2135,34.45824000,1342104.47970600,0
1645462800000,38717.52000000,38857.23000000,38497.41000000,38534.63000000,77.95504000,1645466399999,3015274.68887890,1646,45.85382000,1772952.22536170,0
1645466400000,38546.97000000,38668.01000000,37557.13000000,37796.83000000,191.06562000,1645469999999,7248803.84093830,3427,80.63675000,3057446.63022810,0
1645470000000,37773.17000000,38360.51000000,37565.94000000,38164.91000000,172.78229000,1645473599999,6554990.83851860,3214,106.50031000,4038522.69061280,0
1645473600000,38156.63000000,38469.38000000,37975.92000000,38253.88000000,51.35580000,1645477199999,1961957.79402600,1243,27.29929000,1043606.03565200,0
1645477200000,38242.01000000,38375.42000000,36963.65000000,37070.29000000,116.26027000,1645480799999,4386783.45498150,2393,58.89437000,2226398.55087740,0
1645480800000,37079.07000000,37828.39000000,36800.00000000,37558.81000000,95.92528000,1645484399999,3573781.82684920,2558,46.65036000,1736994.43019890,0
1645484400000,37567.58000000,37688.87000000,36853.17000000,37032.83000000,108.46203000,1645487999999,4037025.30150840,2584,56.97072000,2119622.28091150,0
1645488000000,37027.16000000,37341.87000000,36850.00000000,37246.14000000,91.01143000,1645491599999,3378990.20044230,1900,45.39183000,1684802.31810490,0
1645491600000,37258.99000000,37479.21000000,36888.41000000,37256.15000000,92.06199000,1645495199999,3422308.86245070,1936,54.34660000,2019717.84433500,0
1645495200000,37256.47000000,37256.47000000,36893.91000000,37030.97000000,52.29360000,1645498799999,1937206.10702950,1305,25.24162000,935013.73917730,0
1645498800000,37025.37000000,37025.37000000,36340.11000000,36599.78000000,141.34871000,1645502399999,5171644.18266370,3075,74.25488000,2716172.89813530,0
1645502400000,36618.84000000,36822.18000000,36572.30000000,36627.41000000,79.81865000,1645505999999,2927383.05319710,1649,40.24192000,1475389.32775310,0
1645506000000,36633.14000000,37252.74000000,36576.89000000,36750.80000000,157.12885000,1645509599999,5783925.32667500,1965,109.47823000,4028797.94843200,0
1645509600000,36730.43000000,37010.98000000,36618.29000000,36871.11000000,73.59938000,1645513199999,2708406.06775030,1593,41.30910000,1520328.39731780,0
1645513200000,36869.69000000,36998.67000000,36546.45000000,36791.38000000,63.01277000,1645516799999,2319480.46027710,1443,30.55904000,1124784.96160090,0
1645516800000,36790.76000000,37190.03000000,36773.86000000,37132.13000000,63.84673000,1645520399999,2360109.00006380,1592,31.29628000,1156593.09043710,0
1645520400000,37127.23000000,37333.91000000,37037.34000000,37145.78000000,48.45346000,1645523999999,1800272.39876600,1119,24.96450000,927203.94847030,0
1645524000000,37160.17000000,37899.99000000,37103.42000000,37717.05000000,202.68286000,1645527599999,7578090.25945640,3057,141.78531000,5291052.80748940,0
1645527600000,37738.95000000,37785.18000000,37466.85000000,37533.63000000,55.24820000,1645531199999,2077563.73918480,1283,23.91624000,899215.64864940,0
1645531200000,37540.84000000,37783.80000000,37297.60000000,37656.00000000,85.89700000,1645534799999,3225451.51657610,1838,51.85784000,1946077.54721420,0
1645534800000,37656.68000000,37990.00000000,37340.70000000,37851.01000000,102.21788000,1645538399999,3841774.31700420,2096,57.29076000,2152646.64557820,0
1645538400000,37848.58000000,38391.64000000,37431.64000000,38155.78000000,134.56488000,1645541999999,5092722.44828940,3131,71.53342000,2707138.28149100,0
1645542000000,38155.26000000,38255.52000000,37701.14000000,37781.18000000,143.75165000,1645545599999,5459399.99616650,3111,81.52675000,3095591.38434460,0
1645545600000,37761.91000000,37892.74000000,37484.09000000,37733.79000000,108.73918000,1645549199999,4099611.28542340,2304,43.73612000,1647615.51569960,0
1645549200000,37731.87000000,37852.57000000,37387.79000000,37650.95000000,101.25957000,1645552799999,3809327.63778770,1698,42.80624000,1608200.76864960,0
1645552800000,37653.45000000,38040.82000000,37571.68000000,37733.19000000,80.61382000,1645556399999,3043816.83600470,1565,35.25367000,1331575.05290580,0
1645556400000,37700.00000000,38181.37000000,37635.22000000,38084.94000000,102.06650000,1645559999999,3868885.79830480,1919,49.35276000,1871111.86358750,0
1645560000000,38089.48000000,38294.93000000,37805.61000000,37943.35000000,77.90555000,1645563599999,2966187.32713120,1657,32.55800000,1238905.23558930,0
1645563600000,37956.38000000,38067.24000000,37845.39000000,37886.50000000,41.57550000,1645567199999,1579159.71064140,806,20.50485000,778722.09277450,0
1645567200000,37902.60000000,38004.69000000,37778.30000000,37915.78000000,12.40576000,1645570799999,470374.75968360,448,5.69147000,215812.20971820,0
1645570800000,37934.44000000,38476.34000000,37907.19000000,38249.02000000,47.37308000,1645574399999,1809893.00216720,1454,28.24958000,1079089.43247830,0
1645574400000,38251.59000000,38366.52000000,38005.65000000,38157.71000000,50.57378000,1645577999999,1932062.16070670,1244,26.39985000,1008629.81919320,0
1645578000000,38157.72000000,38170.25000000,37962.26000000,38082.02000000,37.36525000,1645581599999,1423006.27864030,1037,14.98683000,570604.08416030,0
1645581600000,38059.96000000,38220.47000000,37563.63000000,37706.59000000,75.74060000,1645585199999,2862835.13541870,1800,38.65798000,1460370.36598950,0
1645585200000,37716.37000000,37808.22000000,37620.61000000,37766.23000000,27.80063000,1645588799999,1049157.64648650,717,13.57825000,512486.10392380,0
1645588800000,37766.23000000,38095.33000000,37734.50000000,38023.73000000,52.63069000,1645592399999,1996925.33948940,1478,22.35298000,848432.46145520,0
1645592400000,38033.49000000,38139.76000000,37833.12000000,37988.68000000,72.67521000,1645595999999,2758477.36005910,1471,32.85669000,1247432.11179300,0
1645596000000,37998.39000000,38164.84000000,37937.34000000,38005.32000000,66.83044000,1645599599999,2544431.30430470,1622,23.20659000,883324.10247350,0
1645599600000,38000.96000000,38232.77000000,37978.28000000,38177.82000000,51.79902000,1645603199999,1974602.36817810,1557,27.14763000,1034989.68077730,0
1645603200000,38172.70000000,38790.00000000,38100.04000000,38696.89000000,162.62388000,1645606799999,6272697.82344510,3283,93.05443000,3591025.13672000,0
1645606800000,38703.56000000,39009.70000000,38611.73000000,38881.95000000,99.04864000,1645610399999,3848099.39923120,2546,45.70709000,1775857.30872400,0
1645610400000,38902.58000000,38978.84000000,38782.55000000,38889.56000000,108.95464000,1645613999999,4240353.33019890,2491,33.31507000,1296109.07902800,0
1645614000000,38870.62000000,39167.55000000,38754.79000000,38802.46000000,97.97849000,1645617599999,3811883.60915170,2344,53.19286000,2069855.58039580,0
1645617600000,38811.46000000,39121.95000000,38749.14000000,39041.00000000,111.47210000,1645621199999,4337400.95653180,2285,36.53524000,1422423.51084850,0
1645621200000,39035.54000000,39267.97000000,38918.85000000,38993.79000000,102.47506000,1645624799999,4002307.10950850,3166,42.98975000,1678885.54411200,0
1645624800000,38988.14000000,39018.65000000,38653.00000000,38681.09000000,247.32606000,1645628399999,9606809.30692840,3848,55.34155000,2150175.26803360,0
1645628400000,38692.60000000,38703.33000000,38471.67000000,38525.78000000,56.10649000,1645631999999,2165086.23938180,1611,30.66730000,1183430.92028670,0
1645632000000,38526.16000000,38730.20000000,38377.40000000,38656.00000000,78.55940000,1645635599999,3025539.74979090,1715,45.97666000,1770094.77550980,0
1645635600000,38660.75000000,38792.18000000,38049.35000000,38089.17000000,64.87056000,1645639199999,2492162.73433090,1767,31.84069000,1222913.15580930,0
1645639200000,38103.35000000,38122.30000000,37734.50000000,37801.73000000,63.17459000,1645642799999,2395238.81601190,1754,38.56104000,1462072.92785640,0
1645642800000,37769.75000000,37893.93000000,37553.78000000,37626.78000000,50.11204000,1645646399999,1890698.67214770,1460,22.89655000,863828.03575450,0
1645646400000,37632.93000000,37752.87000000,37414.31000000,37688.57000000,63.96861000,1645649999999,2405185.95645090,1822,36.26574000,1363734.13929750,0
1645650000000,37696.77000000,37809.00000000,37450.05000000,37534.62000000,131.06776000,1645653599999,4931954.25900860,1835,86.19108000,3243168.12974900,0
1645653600000,37535.42000000,37818.63000000,37156.51000000,37667.50000000,84.96794000,1645657199999,3186884.43566920,1678,53.35612000,2002695.51192220,0
1645657200000,37675.02000000,37746.64000000,37061.22000000,37263.20000000,79.07118000,1645660799999,2950004.30611710,2008,44.73959000,1668895.39203100,0
1645660800000,37268.33000000,37437.45000000,36711.98000000,36769.72000000,98.48167000,1645664399999,3650191.02176700,2508,52.82777000,1958892.77868070,0
1645664400000,36783.08000000,37128.12000000,36652.89000000,36966.38000000,77.97534000,1645667999999,2876439.67379330,2092,40.19168000,1483421.65954670,0
1645668000000,36971.49000000,37027.61000000,35857.45000000,35945.44000000,108.88491000,1645671599999,3976044.15197960,2563,41.03872000,1504388.04436240,0
1645671600000,35945.44000000,36006.48000000,34734.98000000,34954.63000000,274.33243000,1645675199999,9699425.82754160,6899,136.83201000,4838013.74101460,0
1645675200000,34950.95000000,35240.84000000,34545.57000000,35094.24000000,358.64449000,1645678799999,12548232.37950260,7221,209.69419000,7333936.33604940,0
1645678800000,35091.43000000,35121.94000000,34344.08000000,34684.44000000,407.34585000,1645682399999,14151828.63057860,6659,206.07411000,7157271.27136510,0
1645682400000,34686.62000000,35110.84000000,34630.31000000,34917.22000000,136.97313000,1645685999999,4777468.24690900,3480,67.45314000,2353336.60112850,0
1645686000000,34917.86000000,35518.51000000,34400.01000000,35325.02000000,192.43511000,1645689599999,6705866.34480320,5071,114.49680000,3989194.37505210,0
1645689600000,35311.61000000,35898.05000000,35194.15000000,35535.22000000,188.84302000,1645693199999,6706037.52309730,4617,107.10900000,3802922.51246080,0
1645693200000,35535.80000000,35854.23000000,35289.58000000,35355.31000000,118.15633000,1645696799999,4204382.29045500,2505,60.45106000,2152850.22134160,0
1645696800000,35361.64000000,35496.79000000,34804.32000000,35221.83000000,149.65973000,1645700399999,5258945.36086510,3255,85.73518000,3014751.49662990,0
1645700400000,35202.77000000,35611.11000000,34904.85000000,35454.06000000,198.85884000,1645703999999,7013125.02499710,3044,71.33073000,2509998.89747860,0
1645704000000,35459.81000000,35466.05000000,35070.81000000,35275.47000000,103.97966000,1645707599999,3664955.88061490,2240,64.78690000,2283426.67800650,0
1645707600000,35274.59000000,35690.00000000,35145.84000000,35500.87000000,139.70172000,1645711199999,4942109.95186550,2946,90.26676000,3191014.06933960,0
1645711200000,35507.21000000,35920.00000000,35194.40000000,35655.13000000,181.13373000,1645714799999,6438841.06004710,3780,74.91747000,2664297.80161780,0
1645714800000,35660.45000000,36141.74000000,35376.33000000,35934.53000000,140.67950000,1645718399999,5032031.42672230,3785,60.88119000,2177767.09811650,0
1645718400000,35931.50000000,36335.63000000,35871.77000000,36171.87000000,207.35842000,1645721999999,7489466.92925200,4136,91.22406000,3294383.54419390,0
1645722000000,36192.78000000,36192.78000000,35751.66000000,35853.66000000,64.12009000,1645725599999,2303625.53399870,1653,20.05819000,720570.38538500,0
1645725600000,35859.28000000,36818.78000000,35820.49000000,36418.40000000,115.13556000,1645729199999,4176824.48719170,2882,48.45702000,1756330.94067270,0
1645729200000,36454.16000000,37388.98000000,36216.77000000,37342.67000000,140.31690000,1645732799999,5171956.61971810,3426,57.49206000,2121136.76531230,0
1645732800000,37313.26000000,39878.00000000,37261.25000000,38438.11000000,268.75194000,1645736399999,10338708.87081270,6416,137.09650000,5288109.59858910,0
1645736400000,38437.44000000,38680.03000000,38211.08000000,38389.15000000,100.61623000,1645739999999,3866937.01917590,1737,53.52442000,2058593.86079110,0
1645740000000,38381.93000000,38477.88000000,37779.62000000,37869.06000000,62.63403000,1645743599999,2389274.95646940,1123,16.76689000,639359.05447870,0
1645743600000,37890.52000000,38418.82000000,37890.52000000,38343.38000000,41.13951000,1645747199999,1571830.49690430,1211,20.77377000,793887.55343870,0
1645747200000,38352.45000000,38797.55000000,38239.15000000,38239.15000000,51.03620000,1645750799999,1963153.38225700,1486,25.50222000,981489.42468340,0
1645750800000,38245.65000000,38942.85000000,38155.17000000,38571.15000000,56.36441000,1645754399999,2168851.50474440,1425,31.87892000,1226781.88496620,0
1645754400000,38561.40000000,38830.77000000,38488.59000000,38802.31000000,30.25450000,1645757999999,1170239.85558360,958,15.20939000,588235.97607470,0
1645758000000,38794.23000000,39022.84000000,38538.26000000,38933.91000000,50.86168000,1645761599999,1973404.02961760,1343,27.07210000,1050115.74596250,0
1645761600000,38950.06000000,38950.06000000,38673.46000000,38767.22000000,32.45933000,1645765199999,1260052.62051950,1104,17.82733000,692103.27829280,0
1645765200000,38729.27000000,38782.93000000,38305.85000000,38462.88000000,43.96273000,1645768799999,1692970.60766470,1102,25.67763000,988688.28771590,0
1645768800000,38469.26000000,38778.96000000,38395.48000000,38714.70000000,48.86731000,1645772399999,1887438.16511440,1185,33.11619000,1279502.71024130,0
1645772400000,38697.89000000,38847.09000000,38388.90000000,38483.66000000,77.21784000,1645775999999,2978677.77822620,1868,36.05424000,1391134.47418360,0
1645776000000,38478.81000000,38552.00000000,38172.37000000,38359.45000000,85.59993000,1645779599999,3282668.32891050,1908,53.67347000,2058566.74089080,0
1645779600000,38385.71000000,38770.86000000,38037.47000000,38694.95000000,82.12483000,1645783199999,3150844.64435060,2013,40.47451000,1552196.32397390,0
1645783200000,38738.06000000,38793.46000000,38493.82000000,38573.33000000,78.42860000,1645786799999,3027462.03392680,1822,22.50477000,868815.50569760,0
1645786800000,38592.39000000,38923.57000000,38364.03000000,38753.13000000,70.42049000,1645790399999,2720893.03206540,1982,40.67610000,1571977.26233110,0
1645790400000,38768.12000000,39510.55000000,38761.76000000,39377.71000000,129.39725000,1645793999999,5059837.98962950,3133,45.03480000,1761336.78889690,0
1645794000000,39380.18000000,39726.15000000,39247.72000000,39375.34000000,103.94734000,1645797599999,4097702.12260460,2739,51.00168000,2010124.98536330,0
1645797600000,39371.67000000,39488.00000000,38955.65000000,39014.70000000,97.05258000,1645801199999,3807093.62363800,2734,47.96021000,1881800.52087350,0
1645801200000,39036.69000000,39599.97000000,38712.76000000,39420.00000000,130.77815000,1645804799999,5115886.10032460,2995,67.57931000,2644609.80497990,0
1645804800000,39436.33000000,39624.04000000,39210.56000000,39387.01000000,83.15610000,1645808399999,3277034.42542900,1782,45.63485000,1797909.22859550,0
1645808400000,39393.96000000,39413.98000000,38894.59000000,38996.86000000,36.03015000,1645811999999,1410062.67657650,1098,14.38096000,563174.29975920,0
1645812000000,39003.53000000,39065.47000000,38517.23000000,38662.10000000,43.94850000,1645815599999,1703536.99614760,1208,23.00387000,891825.13329210,0
1645815600000,38666.34000000,38973.89000000,38558.89000000,38688.60000000,37.15520000,1645819199999,1439579.54077680,921,21.64220000,838489.72206760,0
1645819200000,38688.55000000,39247.87000000,38622.35000000,39128.95000000,56.37305000,1645822799999,2194036.88542600,1187,20.39214000,794889.55022350,0
1645822800000,39115.82000000,39232.97000000,38947.70000000,38959.45000000,19.19227000,1645826399999,750139.30722270,659,7.52947000,294279.95191700,0
1645826400000,38981.88000000,39497.13000000,38874.89000000,39444.82000000,27.40574000,1645829999999,1074595.70403580,1011,12.51401000,490182.61595070,0
1645830000000,39435.05000000,39617.02000000,39136.66000000,39219.29000000,80.38557000,1645833599999,3165219.45909790,1834,28.59785000,1124610.01007650,0
1645833600000,39236.28000000,40427.97000000,39100.01000000,39758.70000000,104.98566000,1645837199999,4174353.73297310,2804,43.45701000,1728924.15857740,0
1645837200000,39787.82000000,39837.59000000,39579.83000000,39728.75000000,59.85219000,1645840799999,2378613.30052540,1255,28.17364000,1119581.25849420,0
1645840800000,39718.68000000,39743.32000000,39485.90000000,39575.92000000,32.87228000,1645844399999,1302654.36431790,926,11.50802000,456120.51416080,0
1645844400000,39565.68000000,39620.91000000,39265.43000000,39411.27000000,32.61913000,1645847999999,1286172.38981690,1066,13.58294000,535839.26548030,0
1645848000000,39402.00000000,39479.89000000,39208.60000000,39372.23000000,33.79604000,1645851599999,1330909.10984650,761,5.89401000,232213.35271010,0
1645851600000,39361.35000000,39399.35000000,38950.02000000,39037.94000000,19.01454000,1645855199999,744869.41201560,842,10.11025000,396251.47020680,0
1645855200000,39037.61000000,39224.75000000,39030.80000000,39140.25000000,14.36967000,1645858799999,562246.76756510,626,6.45761000,252622.09925130,0
1645858800000,39147.51000000,39224.76000000,38972.31000000,39215.90000000,14.71240000,1645862399999,575517.12086550,613,5.92349000,231702.45635600,0
1645862400000,39220.91000000,39560.41000000,38688.00000000,38786.19000000,45.56899000,1645865999999,1781414.06141090,1878,19.79784000,774209.57765860,0
1645866000000,38799.47000000,38938.12000000,38600.00000000,38808.25000000,25.66574000,1645869599999,995904.02517780,943,13.32288000,517068.23165280,0
1645869600000,38815.09000000,39080.00000000,38779.79000000,39041.75000000,19.96245000,1645873199999,778098.98390470,1226,8.33387000,324805.24328070,0
1645873200000,39035.19000000,39186.58000000,38812.53000000,38961.79000000,22.57396000,1645876799999,880999.37346950,1125,11.26256000,439609.88280790,0
1645876800000,38948.92000000,39075.01000000,38785.82000000,39010.48000000,20.96817000,1645880399999,816179.21402420,707,14.30705000,556965.52242480,0
1645880400000,39012.46000000,39252.93000000,38928.99000000,39093.42000000,16.07369000,1645883999999,628718.83886880,616,9.13585000,357288.70409520,0
1645884000000,39108.34000000,39410.71000000,38958.90000000,39224.04000000,30.73810000,1645887599999,1205092.01519390,884,17.51879000,686892.24755220,0
1645887600000,39234.24000000,39376.34000000,39164.17000000,39235.66000000,23.37757000,1645891199999,918076.82784100,755,9.80768000,385115.05995320,0
1645891200000,39236.94000000,39339.59000000,39057.30000000,39171.83000000,19.21559000,1645894799999,753314.39244040,682,8.04431000,315404.70990400,0
1645894800000,39156.89000000,39327.41000000,39110.14000000,39273.21000000,24.93611000,1645898399999,977515.15853210,611,16.49329000,646463.99012710,0
1645898400000,39269.28000000,39269.28000000,38848.77000000,39094.72000000,26.21140000,1645901999999,1022699.35240770,848,10.14710000,395780.68089770,0
1645902000000,39123.14000000,39483.50000000,39123.14000000,39266.96000000,32.28540000,1645905599999,1268315.58885930,873,16.17189000,635162.00548130,0
1645905600000,39279.88000000,39466.73000000,39236.19000000,39341.12000000,12.40492000,1645909199999,487770.19790200,445,6.24377000,245524.18163330,0
1645909200000,39342.40000000,39720.00000000,39308.23000000,39462.73000000,49.50752000,1645912799999,1955865.24554160,1051,27.21982000,1075932.81239070,0
1645912800000,39468.92000000,39479.64000000,39087.58000000,39131.42000000,22.25675000,1645916399999,874192.79386300,907,9.46908000,372169.58455530,0
1645916400000,39165.39000000,39186.19000000,38935.22000000,39125.62000000,38.28039000,1645919999999,1495273.04479330,1056,13.70605000,535469.02330720,0
1645920000000,39134.63000000,39270.30000000,38731.25000000,38820.50000000,47.41928000,1645923599999,1847948.27846740,1262,14.79867000,576114.91869280,0
1645923600000,38807.97000000,38863.68000000,38244.00000000,38251.10000000,47.93184000,1645927199999,1844547.33243780,1592,18.75714000,721468.90148840,0
1645927200000,38244.00000000,38588.12000000,38200.51000000,38551.61000000,19.66070000,1645930799999,756108.71275320,697,8.67636000,333493.11433730,0
1645930800000,38550.35000000,38705.73000000,38533.45000000,38622.26000000,14.09165000,1645934399999,544449.75519450,608,5.80916000,224409.57030040,0
1645934400000,38621.14000000,38680.35000000,38483.00000000,38564.36000000,20.23078000,1645937999999,780706.24950300,715,5.78981000,223319.97133620,0
1645938000000,38566.21000000,38770.10000000,38480.81000000,38624.78000000,19.42789000,1645941599999,750851.82345820,840,8.78522000,339531.38155840,0
1645941600000,38603.99000000,38891.91000000,38603.99000000,38780.07000000,14.09986000,1645945199999,546450.86139440,649,7.00431000,271457.20626200,0
1645945200000,38800.37000000,38882.94000000,38764.99000000,38812.70000000,10.01068000,1645948799999,388688.15328360,518,4.25778000,165304.63119740,0
1645948800000,38813.94000000,38906.15000000,38639.00000000,38838.62000000,36.73111000,1645952399999,1424964.58974550,1073,19.48484000,756065.18320630,0
1645952400000,38820.80000000,39155.27000000,38772.82000000,39096.13000000,28.01043000,1645955999999,1092506.74167030,962,15.43707000,601929.75869190,0
1645956000000,39096.16000000,39477.08000000,39018.20000000,39387.41000000,44.30938000,1645959599999,1738416.29933600,1224,29.05294000,1139392.14259320,0
1645959600000,39406.11000000,39562.46000000,39256.00000000,39495.29000000,31.93160000,1645963199999,1259762.68053390,936,19.60919000,773805.26842330,0
1645963200000,39501.66000000,39869.39000000,39391.90000000,39771.38000000,52.23630000,1645966799999,2071347.73189220,1397,27.40443000,1085708.33140330,0
1645966800000,39781.28000000,39817.11000000,38597.52000000,39079.32000000,82.94217000,1645970399999,3255260.37515410,2357,37.68270000,1478552.74697040,0
1645970400000,39064.91000000,39188.01000000,38683.01000000,38799.79000000,46.39942000,1645973999999,1807717.11067980,1354,24.25248000,944786.87888320,0
1645974000000,38821.50000000,39442.74000000,38757.44000000,39368.35000000,57.44471000,1645977599999,2257638.40995540,1301,16.18770000,634945.28138690,0
1645977600000,39376.82000000,39482.08000000,38960.91000000,39115.64000000,96.03915000,1645981199999,3775518.82712730,1587,22.43140000,880277.50870760,0
1645981200000,39084.29000000,39151.36000000,38956.61000000,38993.81000000,16.43433000,1645984799999,641829.98970140,600,9.66502000,377380.62363760,0
1645984800000,38974.21000000,39170.17000000,38820.06000000,38929.10000000,22.34286000,1645988399999,871501.69661900,837,12.48634000,486946.82768800,0
1645988400000,38910.10000000,38981.80000000,37531.44000000,37612.97000000,127.84906000,1645991999999,4885023.25923310,3581,56.97148000,2172850.71885600,0
1645992000000,37610.12000000,38305.28000000,37348.25000000,37964.31000000,133.05030000,1645995599999,5028957.91552100,3377,66.65971000,2523774.64126370,0
1645995600000,37974.68000000,38049.97000000,37000.00000000,37424.95000000,109.07155000,1645999199999,4084919.58128250,2640,48.14814000,1803997.91364580,0
1645999200000,37423.22000000,37981.80000000,37373.63000000,37849.88000000,68.20423000,1646002799999,2572692.46581730,1430,36.20042000,1365937.89724040,0
1646002800000,37817.99000000,37849.31000000,37379.72000000,37706.37000000,49.38886000,1646006399999,1857118.39113900,1417,26.40268000,992626.26692320,0
1646006400000,37709.93000000,37817.30000000,37455.05000000,37577.87000000,41.42625000,1646009999999,1559143.13836970,1057,21.77657000,819679.64050280,0
1646010000000,37598.00000000,38399.99000000,37598.00000000,37981.14000000,64.93404000,1646013599999,2475097.00408240,2009,30.53731000,1163510.39765940,0
1646013600000,37981.14000000,38119.91000000,37569.51000000,37762.20000000,70.30701000,1646017199999,2656165.83764600,1207,49.92643000,1885243.58745210,0
1646017200000,37777.52000000,37897.47000000,37668.93000000,37803.67000000,26.34289000,1646020799999,995616.24097440,823,9.71663000,367322.74636880,0
1646020800000,37806.72000000,38053.27000000,37751.37000000,37836.42000000,23.85688000,1646024399999,903155.50307150,561,7.52064000,284819.65100730,0
1646024400000,37799.56000000,38023.17000000,37739.40000000,37837.29000000,24.29861000,1646027999999,921243.26991150,650,14.68883000,556910.44147910,0
1646028000000,37852.70000000,38132.65000000,37480.00000000,37973.94000000,38.46790000,1646031599999,1454784.61165300,1215,21.71217000,820635.09111420,0
1646031600000,37961.99000000,38481.01000000,37897.84000000,38359.07000000,45.22647000,1646035199999,1728562.02188720,1381,23.33568000,891131.87242840,0
1646035200000,38373.06000000,38703.27000000,38197.98000000,38338.87000000,34.43187000,1646038799999,1322847.42005060,1112,16.67456000,640784.52429180,0
1646038800000,38325.20000000,38573.96000000,38121.28000000,38125.87000000,34.02878000,1646042399999,1305070.98797660,881,20.98027000,804554.39445740,0
1646042400000,38115.58000000,38474.98000000,38110.83000000,38369.41000000,29.70623000,1646045999999,1138135.96671490,823,18.37585000,703795.42212000,0
1646046000000,38376.64000000,38493.09000000,38137.59000000,38358.53000000,32.36972000,1646049599999,1239449.99350600,893,19.91137000,762430.96177160,0
1646049600000,38371.21000000,38647.26000000,38173.34000000,38265.93000000,62.86697000,1646053199999,2414996.32329590,1557,30.58383000,1174636.48540800,0
1646053200000,38285.34000000,38349.27000000,37950.00000000,38005.81000000,31.83220000,1646056799999,1213561.67358800,997,17.11476000,652549.88797860,0
1646056800000,38019.63000000,39917.42000000,38010.24000000,39836.46000000,254.30653000,1646060399999,9982261.16145700,5092,128.06604000,5020775.97621410,0
1646060400000,39836.46000000,40920.85000000,39626.15000000,40851.74000000,212.18491000,1646063999999,8565359.11309070,6027,108.33548000,4369267.99368530,0
1646064000000,40848.46000000,41369.09000000,40731.48000000,41024.42000000,254.65623000,1646067599999,10450790.66182840,5864,100.69534000,4132564.07237900,0
1646067600000,41033.87000000,41461.39000000,40630.93000000,41435.65000000,143.96099000,1646071199999,5895630.57816140,2866,85.20302000,3490203.04394670,0
1646071200000,41436.27000000,41467.35000000,41050.62000000,41219.77000000,96.01303000,1646074799999,3960849.88259300,2092,56.29926000,2322714.93089260,0
1646074800000,41215.44000000,41394.25000000,41025.44000000,41316.12000000,51.75137000,1646078399999,2132267.32823420,1282,28.49351000,1173756.98530060,0
1646078400000,41364.90000000,41985.75000000,41274.63000000,41927.92000000,101.06525000,1646081999999,4207125.63482530,2535,52.48603000,2185320.26654870,0
1646082000000,41914.37000000,41914.37000000,41516.87000000,41664.43000000,50.06884000,1646085599999,2087255.85549350,1110,19.94165000,830701.83855110,0
1646085600000,41669.80000000,44300.00000000,40900.00000000,43035.81000000,255.29759000,1646089199999,10994516.99893150,7155,142.64112000,6165698.92577940,0
1646089200000,43048.49000000,43435.41000000,42877.55000000,43195.30000000,119.34663000,1646092799999,5151159.05838670,3016,60.16550000,2596261.91750860,0
1646092800000,43181.35000000,43835.27000000,43168.15000000,43583.93000000,153.24041000,1646096399999,6657209.55928840,3247,100.44992000,4363857.62793220,0
1646096400000,43581.63000000,43676.50000000,43242.91000000,43261.99000000,216.45321000,1646099999999,9388837.38614990,3229,186.86807000,8104595.39265310,0
1646100000000,43271.51000000,43305.30000000,42973.95000000,43175.65000000,257.48410000,1646103599999,11108355.67309790,3119,223.96888000,9662939.18251260,0
1646103600000,43164.62000000,43196.12000000,42877.55000000,43157.17000000,30.78838000,1646107199999,1325587.79641690,1063,11.66878000,502493.92514140,0
1646107200000,43163.61000000,43454.68000000,43089.31000000,43361.64000000,30.96573000,1646110799999,1339983.62935120,1321,15.13422000,654778.92042260,0
1646110800000,43364.38000000,43402.82000000,43156.37000000,43242.45000000,32.84656000,1646114399999,1420620.97144260,1102,12.82458000,554730.76880400,0
1646114400000,43221.66000000,43498.17000000,43047.45000000,43464.94000000,58.09935000,1646117999999,2517117.68590810,1725,26.73702000,1158312.27758630,0
1646118000000,43468.93000000,43749.99000000,43296.63000000,43503.56000000,68.20311000,1646121599999,2966147.92536390,1714,38.95108000,1694851.75825930,0
1646121600000,43502.57000000,43750.00000000,43329.09000000,43507.57000000,50.82156000,1646125199999,2212396.34865650,1635,24.00510000,1045185.68247290,0
1646125200000,43501.73000000,43504.65000000,43148.07000000,43255.60000000,32.90060000,1646128799999,1426615.87878180,1277,13.44741000,582895.09987660,0
1646128800000,43249.03000000,43601.47000000,42854.95000000,43577.82000000,84.33404000,1646132399999,3645869.82518050,2857,31.30712000,1353161.92844940,0
1646132400000,43573.48000000,43906.77000000,43377.28000000,43629.18000000,116.96178000,1646135999999,5099387.79823140,2576,48.20247000,2100720.48967990,0
1646136000000,43630.28000000,44720.93000000,43586.65000000,44647.98000000,185.58401000,1646139599999,8215207.83231690,4722,62.35598000,2761201.41913240,0
1646139600000,44654.65000000,44976.47000000,44436.81000000,44436.81000000,176.01559000,1646143199999,7867717.42720390,4811,66.78762000,2986677.58771750,0
1646143200000,44436.81000000,44693.30000000,43750.01000000,43819.94000000,135.63300000,1646146799999,5990448.67737410,3517,67.35279000,2971952.59149600,0
1646146800000,43840.95000000,44091.70000000,43377.28000000,43667.83000000,135.84237000,1646150399999,5950113.61669970,3818,58.75695000,2571002.42638320,0
1646150400000,43658.29000000,44074.60000000,43240.00000000,43399.94000000,152.12260000,1646153999999,6622204.83773560,3383,82.21588000,3576366.93621150,0
1646154000000,43396.65000000,43864.85000000,43255.88000000,43665.96000000,82.60394000,1646157599999,3590292.95776340,1922,51.04676000,2217293.01438340,0
1646157600000,43631.95000000,43900.00000000,43463.26000000,43828.06000000,88.35095000,1646161199999,3861315.39787380,1734,18.59337000,812030.25896820,0
1646161200000,43837.93000000,44085.78000000,43680.68000000,43741.54000000,61.09408000,1646164799999,2679510.72187410,1330,27.43661000,1202172.38562140,0
1646164800000,43738.27000000,44139.93000000,43712.39000000,44105.30000000,42.98472000,1646168399999,1888481.74050140,1208,15.46436000,679207.64036310,0
1646168400000,44123.25000000,44300.00000000,43765.72000000,43899.90000000,75.33321000,1646171999999,3322161.78233250,1589,28.89856000,1273176.77549350,0
1646172000000,43898.59000000,44233.02000000,43781.37000000,44149.74000000,38.29428000,1646175599999,1684066.81369080,943,25.77595000,1133445.90575870,0
1646175600000,44148.41000000,44522.76000000,44076.49000000,44435.37000000,55.69790000,1646179199999,2466504.88236000,1359,21.84831000,968101.24821350,0
1646179200000,44434.04000000,44762.89000000,43949.67000000,44293.41000000,56.87422000,1646182799999,2521089.55767790,1738,27.06741000,1199545.64022120,0
1646182800000,44292.95000000,44395.18000000,43837.31000000,44049.17000000,55.43895000,1646186399999,2438597.28872250,1601,33.11051000,1456365.33561560,0
1646186400000,44033.21000000,44293.55000000,43881.48000000,44236.75000000,157.04982000,1646189999999,6909969.61839180,2333,138.65144000,6099252.69645470,0
1646190000000,44229.00000000,44554.20000000,44095.98000000,44352.53000000,45.13701000,1646193599999,2001674.09879170,1425,20.22870000,897344.63728150,0
1646193600000,44336.55000000,44550.33000000,44167.70000000,44269.19000000,69.28189000,1646197199999,3077816.61387550,1723,18.36717000,815601.02183740,0
1646197200000,44257.67000000,44374.69000000,44071.91000000,44284.49000000,39.78571000,1646200799999,1760531.35705800,1387,15.40138000,681721.58395610,0
1646200800000,44293.20000000,44398.17000000,43912.87000000,43944.93000000,37.35239000,1646204399999,1649591.67289560,1333,16.49972000,728324.10647840,0
1646204400000,43956.11000000,43999.38000000,43683.07000000,43987.56000000,46.00524000,1646207999999,2018438.86727050,1663,29.35150000,1287919.81103850,0
1646208000000,44000.07000000,44297.58000000,43786.03000000,43861.10000000,64.88270000,1646211599999,2859014.82131210,1805,44.23388000,1949770.12673440,0
1646211600000,43841.94000000,44180.42000000,43781.37000000,43924.24000000,83.17909000,1646215199999,3656399.16492940,1781,51.89881000,2281772.84924720,0
1646215200000,43926.48000000,44360.52000000,43874.63000000,44144.80000000,43.11252000,1646218799999,1905024.11812780,1097,17.03973000,752741.74932810,0
1646218800000,44157.18000000,44255.97000000,44003.01000000,44128.87000000,26.16230000,1646222399999,1154405.16022570,895,12.33205000,544133.30258230,0
1646222400000,44131.48000000,44358.94000000,43800.19000000,44013.57000000,43.38154000,1646225999999,1910526.14996800,1291,18.85570000,830661.12105860,0
1646226000000,44009.39000000,44060.98000000,43340.88000000,43547.24000000,76.55074000,1646229599999,3344876.60894820,2198,34.72812000,1516569.29945140,0
1646229600000,43520.12000000,44894.57000000,43520.12000000,44841.81000000,89.79419000,1646233199999,3985883.74274680,2707,39.74724000,1764451.43225890,0
1646233200000,44875.00000000,45370.99000000,43849.02000000,44145.34000000,209.34445000,1646236799999,9319966.94632880,5182,111.54690000,4973706.64790140,0
1646236800000,44145.60000000,44490.70000000,43976.07000000,44264.56000000,61.99681000,1646240399999,2746910.75954390,1773,29.80259000,1320124.66911100,0
1646240400000,44261.04000000,44454.50000000,43732.90000000,43773.34000000,48.73702000,1646243999999,2149496.38680720,1493,23.85405000,1052941.79800340,0
1646244000000,43776.30000000,43967.51000000,43553.77000000,43597.04000000,52.94981000,1646247599999,2317384.32531370,1214,34.12447000,1493132.64991370,0
1646247600000,43622.69000000,43810.11000000,43447.82000000,43699.96000000,35.83472000,1646251199999,1562617.48807240,1019,18.75663000,818266.68254040,0
1646251200000,43710.44000000,43921.38000000,43698.79000000,43848.57000000,21.80325000,1646254799999,955016.46430040,693,11.27913000,494077.33633100,0
1646254800000,43813.75000000,44117.33000000,43766.10000000,44091.14000000,24.77164000,1646258399999,1086627.98666240,722,15.46043000,678070.37519540,0
1646258400000,44072.83000000,44369.93000000,43889.06000000,44076.65000000,34.52078000,1646261999999,1522661.29572460,1109,15.56784000,686085.34408770,0
1646262000000,44081.73000000,44204.80000000,43869.67000000,43915.47000000,20.13221000,1646265599999,886784.07220600,733,10.20789000,449665.39515750,0
1646265600000,43921.29000000,44078.23000000,43686.55000000,44000.68000000,35.75888000,1646269199999,1569551.45624280,1095,15.47757000,679474.87122330,0
1646269200000,43998.34000000,44048.84000000,43714.71000000,43848.01000000,35.23264000,1646272799999,1544892.74455540,1145,20.41703000,894987.02160570,0
1646272800000,43838.46000000,43847.83000000,43611.58000000,43813.74000000,103.90358000,1646276399999,4544179.29568680,1356,84.24142000,3683789.05617690,0
1646276400000,43806.82000000,43864.49000000,43229.27000000,43323.84000000,47.48524000,1646279999999,2066786.81387740,1615,18.77585000,817433.00868260,0
1646280000000,43300.25000000,43487.85000000,43265.79000000,43454.66000000,37.69871000,1646283599999,1635690.87726480,1112,24.77311000,1074856.89837130,0
1646283600000,43454.34000000,43513.19000000,43291.36000000,43359.00000000,89.75671000,1646287199999,3893858.00966650,1415,59.75207000,2590796.25322200,0
1646287200000,43328.22000000,43482.97000000,42932.23000000,43453.46000000,89.49006000,1646290799999,3863992.23573250,1959,36.10928000,1559527.24466650,0
1646290800000,43450.00000000,43700.33000000,43359.68000000,43479.10000000,23.97128000,1646294399999,1042707.75581640,1049,11.82436000,514377.75547830,0
1646294400000,43479.09000000,43636.79000000,43276.75000000,43464.99000000,23.48200000,1646297999999,1021109.69635870,927,10.10120000,439184.17614630,0
1646298000000,43489.00000000,43489.00000000,43120.15000000,43179.22000000,30.17076000,1646301599999,1305420.18925360,1027,14.74051000,637636.21036400,0
1646301600000,43168.81000000,43490.54000000,43077.83000000,43369.53000000,83.10100000,1646305199999,3595865.45529010,1737,60.62279000,2623392.21117750,0
1646305200000,43399.31000000,43609.23000000,43302.53000000,43404.60000000,34.27378000,1646308799999,1489740.14661500,1044,18.10136000,786520.47694370,0
1646308800000,43395.82000000,43797.12000000,43328.68000000,43566.37000000,34.77099000,1646312399999,1514936.25758570,1075,14.00159000,610214.97259300,0
1646312400000,43593.36000000,44023.55000000,43516.96000000,43988.63000000,47.11709000,1646315999999,2062211.43710790,1571,20.11289000,880644.84743750,0
1646316000000,43993.44000000,44105.61000000,43357.94000000,43436.17000000,59.43891000,1646319599999,2600641.04670740,1996,30.97962000,1355198.65570700,0
1646319600000,43439.82000000,43509.34000000,42360.00000000,42562.28000000,140.12567000,1646323199999,6003475.16041720,4283,60.53201000,2594644.68621760,0
1646323200000,42534.00000000,42755.03000000,42267.60000000,42425.71000000,102.55222000,1646326799999,4361359.09028260,3052,48.59085000,2066066.08438660,0
1646326800000,42411.83000000,42572.49000000,42059.25000000,42412.22000000,89.56302000,1646330399999,3787675.27269540,2383,41.05993000,1737392.61201820,0
1646330400000,42383.18000000,42535.36000000,42196.15000000,42257.67000000,60.56475000,1646333999999,2566511.69979030,1417,28.34035000,1200929.09511800,0
1646334000000,42257.68000000,42420.59000000,42085.60000000,42222.11000000,47.61183000,1646337599999,2013288.08409760,1309,26.45842000,1118785.39125270,0
1646337600000,42230.53000000,42271.53000000,41830.58000000,42039.00000000,110.18004000,1646341199999,4633214.54613610,3033,57.54308000,2420230.11130080,0
1646341200000,42047.77000000,42165.32000000,41839.60000000,42097.31000000,55.29389000,1646344799999,2324283.73566950,1509,32.34566000,1360505.13054910,0
1646344800000,42094.83000000,42706.83000000,42082.05000000,42490.36000000,41.05732000,1646348399999,1744242.83123240,1993,18.07147000,767381.54310940,0
1646348400000,42517.10000000,42603.14000000,42392.00000000,42457.04000000,28.60327000,1646351999999,1215471.27713470,831,11.55577000,491116.87363520,0
1646352000000,42457.31000000,42522.63000000,41513.66000000,41616.26000000,137.05097000,1646355599999,5740897.72862580,3966,84.65467000,3545199.49215920,0
1646355600000,41605.82000000,41689.69000000,41078.00000000,41501.26000000,235.92844000,1646359199999,9749775.19850760,4571,163.45974000,6753541.21534410,0
1646359200000,41510.31000000,41540.56000000,41352.64000000,41411.90000000,31.80734000,1646362799999,1317749.70470280,1332,16.44794000,681360.45176810,0
1646362800000,41412.82000000,41487.84000000,41213.28000000,41452.98000000,33.31289000,1646366399999,1378560.66522380,1343,14.35711000,594045.38578150,0
1646366400000,41451.10000000,41451.10000000,41102.80000000,41384.95000000,50.85706000,1646369999999,2098790.71457160,1467,30.40976000,1254233.30327710,0
1646370000000,41384.45000000,41445.37000000,41258.90000000,41371.80000000,24.88868000,1646373599999,1029384.65294040,1046,12.73446000,526781.01056920,0
1646373600000,41375.39000000,41499.99000000,41279.65000000,41410.68000000,46.81314000,1646377199999,1939123.93672090,1763,15.26645000,632473.13158430,0
1646377200000,41404.45000000,41480.27000000,41289.61000000,41439.76000000,35.95419000,1646380799999,1486725.93258020,1328,20.25714000,837552.56895610,0
1646380800000,41441.67000000,41774.45000000,40875.98000000,41596.27000000,105.82877000,1646384399999,4376247.06916310,3487,45.85501000,1898084.84928680,0
1646384400000,41596.45000000,41850.12000000,41333.69000000,41534.98000000,76.59432000,1646387999999,3188282.74939300,2249,23.96737000,997403.92916290,0
1646388000000,41532.89000000,41796.17000000,41472.16000000,41684.29000000,32.39297000,1646391599999,1349766.09848040,1315,13.56423000,565396.99547890,0
1646391600000,41683.98000000,41922.13000000,41583.05000000,41649.15000000,63.10610000,1646395199999,2633581.99348990,2067,35.13107000,1465933.50609120,0
1646395200000,41671.77000000,41775.55000000,41346.95000000,41529.78000000,53.19516000,1646398799999,2209934.14251730,1893,23.12899000,960523.89620970,0
1646398800000,41523.26000000,41834.69000000,41186.46000000,41313.51000000,65.15697000,1646402399999,2701807.34835450,2169,33.53735000,1390621.81761620,0
1646402400000,41315.24000000,41530.94000000,40641.65000000,41120.26000000,152.33500000,1646405999999,6254701.49606550,5030,83.96586000,3448008.17146390,0
1646406000000,41102.59000000,41249.51000000,40555.55000000,40701.47000000,105.13381000,1646409599999,4288256.24157090,2812,57.77713000,2357341.44533540,0
1646409600000,40699.22000000,40833.64000000,40425.58000000,40762.31000000,75.74726000,1646413199999,3077509.61438280,2887,42.39962000,1722918.36027800,0
1646413200000,40763.68000000,40959.34000000,40673.50000000,40848.58000000,37.22161000,1646416799999,1520118.32533320,1343,17.51534000,715372.93059540,0
1646416800000,40869.92000000,40935.75000000,40570.11000000,40607.42000000,33.69935000,1646420399999,1374048.16771410,1197,18.33700000,747819.05912600,0
1646420400000,40624.56000000,40643.17000000,39650.00000000,39777.52000000,145.73980000,1646423999999,5842007.18319000,3903,68.57390000,2751600.31080330,0
1646424000000,39774.82000000,39874.68000000,39060.26000000,39481.03000000,118.71980000,1646427599999,4689195.81794150,4038,57.31039000,2263775.21675930,0
1646427600000,39474.33000000,39630.39000000,39209.92000000,39391.15000000,69.67368000,1646431199999,2745167.22809520,1702,38.32389000,1510481.87964260,0
1646431200000,39391.48000000,39474.85000000,38562.94000000,39002.91000000,67.53821000,1646434799999,2627507.55039480,2207,24.72231000,961922.74176450,0
1646434800000,38988.56000000,39243.24000000,38854.51000000,39151.12000000,64.83160000,1646438399999,2533139.99679060,1599,41.96210000,1640009.58874110,0
1646438400000,39151.12000000,39201.44000000,38731.23000000,38759.76000000,77.97801000,1646441999999,3040525.84902090,2298,23.45580000,914156.61456180,0
1646442000000,38757.71000000,39082.05000000,38582.41000000,38989.17000000,43.63897000,1646445599999,1696481.25408540,1663,18.67756000,726537.00799740,0
1646445600000,38989.98000000,39060.89000000,38844.68000000,38880.00000000,19.20261000,1646449199999,748198.55655840,812,8.09632000,315370.73939780,0
1646449200000,38872.43000000,39118.15000000,38840.33000000,39060.77000000,19.34823000,1646452799999,754968.50897920,868,9.21166000,359495.38994480,0
1646452800000,39059.23000000,39103.49000000,38663.42000000,38859.08000000,30.83258000,1646456399999,1198018.41529090,1127,11.75888000,457195.26475750,0
1646456400000,38858.82000000,39015.16000000,38811.30000000,39010.96000000,26.41412000,1646459999999,1028125.39520070,1019,12.18761000,474340.91316710,0
1646460000000,39024.69000000,39107.17000000,38945.05000000,38985.44000000,28.46553000,1646463599999,1111046.76592480,1169,14.32653000,559073.48737970,0
1646463600000,38990.66000000,39137.73000000,38959.60000000,39020.54000000,32.34185000,1646467199999,1263593.31906270,969,10.81594000,422610.01885400,0
1646467200000,39032.39000000,39210.06000000,38960.66000000,39087.11000000,59.81784000,1646470799999,2336980.31461220,1237,25.04617000,978787.54848440,0
1646470800000,39087.91000000,39115.56000000,38956.00000000,39044.35000000,39.91738000,1646474399999,1557977.60063380,1121,15.97711000,623618.78306110,0
1646474400000,39044.70000000,39165.88000000,38799.45000000,39144.57000000,48.73232000,1646477999999,1901944.23896160,1529,18.49362000,722415.76479090,0
1646478000000,39148.13000000,39289.96000000,39054.46000000,39145.30000000,59.00418000,1646481599999,2311135.96786790,1624,21.22522000,831346.11409540,0
1646481600000,39139.95000000,39370.92000000,39025.71000000,39079.70000000,93.12236000,1646485199999,3648893.43480000,2388,27.19696000,1066108.80786780,0
1646485200000,39076.52000000,39091.97000000,38900.00000000,39015.65000000,70.75109000,1646488799999,2759725.02498100,1698,23.16886000,903829.85872480,0
1646488800000,39008.44000000,39163.63000000,38930.15000000,39124.72000000,36.23563000,1646492399999,1415041.21057310,1031,17.90197000,699109.10733120,0
1646492400000,39121.03000000,39194.41000000,39066.81000000,39176.59000000,21.79989000,1646495999999,853226.47610530,741,9.69178000,379256.65324610,0
1646496000000,39162.93000000,39631.90000000,39137.78000000,39340.01000000,68.08940000,1646499599999,2682159.54820780,1681,28.23144000,1112201.32414220,0
1646499600000,39315.80000000,39574.75000000,39313.70000000,39438.54000000,44.69833000,1646503199999,1765401.20789540,1221,21.53440000,850392.60888530,0
1646503200000,39433.26000000,39456.02000000,39266.34000000,39404.16000000,24.52740000,1646506799999,965465.53125050,750,11.00859000,433453.35956570,0
1646506800000,39407.14000000,39463.24000000,39354.48000000,39450.41000000,11.81057000,1646510399999,465581.98335110,489,5.16602000,203660.38290990,0
1646510400000,39425.53000000,39581.28000000,39389.74000000,39453.37000000,69.49216000,1646513999999,2744899.70858210,1630,24.22691000,957140.91050430,0
1646514000000,39450.49000000,39540.24000000,39349.36000000,39369.83000000,27.45385000,1646517599999,1083519.47123510,841,11.78995000,465402.71617750,0
1646517600000,39387.22000000,39484.18000000,39270.00000000,39457.76000000,23.40751000,1646521199999,921267.51277080,683,11.12017000,437639.13091240,0
1646521200000,39463.13000000,39469.73000000,39323.37000000,39406.62000000,20.58814000,1646524799999,810965.92518670,674,7.92766000,312252.90569430,0
1646524800000,39399.31000000,39700.62000000,39348.83000000,39651.96000000,46.33127000,1646528399999,1829254.34430170,1494,16.63375000,657004.58578700,0
1646528400000,39651.93000000,39799.99000000,39424.65000000,39453.85000000,26.47652000,1646531999999,1047720.06122970,867,17.00264000,673039.06937440,0
1646532000000,39450.20000000,39526.09000000,39369.82000000,39516.99000000,21.17697000,1646535599999,835569.81384520,589,11.30821000,446158.95984550,0
1646535600000,39510.27000000,39551.69000000,39277.86000000,39306.34000000,19.83926000,1646539199999,781545.02418550,766,8.35041000,328995.40031160,0
1646539200000,39283.21000000,39591.51000000,38823.40000000,39464.63000000,65.97173000,1646542799999,2584277.61708290,2825,34.50458000,1351862.04599570,0
1646542800000,39481.35000000,39664.29000000,39443.29000000,39491.37000000,19.20918000,1646546399999,759277.16714050,793,9.61644000,379941.78865340,0
1646546400000,39491.17000000,39613.30000000,39334.67000000,39483.59000000,15.62907000,1646549999999,617327.99577850,706,8.73275000,344883.92656890,0
1646550000000,39505.02000000,39518.48000000,39268.20000000,39392.02000000,18.59708000,1646553599999,732930.74977960,699,6.10114000,240418.33213200,0
1646553600000,39393.94000000,39393.94000000,39124.87000000,39161.60000000,25.06637000,1646557199999,983693.83875090,810,13.22990000,519399.30010540,0
1646557200000,39139.81000000,39194.39000000,38629.82000000,38688.96000000,53.10538000,1646560799999,2063872.85402220,1786,21.30559000,828401.93305090,0
1646560800000,38681.98000000,38722.97000000,38148.29000000,38268.87000000,101.41608000,1646564399999,3891717.23727380,2881,40.40431000,1550035.79297050,0
1646564400000,38269.20000000,38379.03000000,38050.02000000,38355.75000000,41.09945000,1646567999999,1572115.12339150,1354,18.33408000,701631.03147980,0
1646568000000,38353.08000000,38690.48000000,38294.24000000,38498.14000000,38.98979000,1646571599999,1500080.27036160,1434,22.94805000,882925.21108260,0
1646571600000,38511.69000000,39062.13000000,38511.69000000,38896.31000000,68.99830000,1646575199999,2678673.89170310,1935,43.34347000,1682860.87572780,0
1646575200000,38900.00000000,38964.06000000,38693.50000000,38820.33000000,33.66829000,1646578799999,1307500.29027320,1275,18.09218000,702698.25397160,0
1646578800000,38810.64000000,38899.83000000,38627.76000000,38860.72000000,34.63402000,1646582399999,1342655.08935420,1230,18.92374000,733486.19767340,0
1646582400000,38846.16000000,39373.00000000,38739.83000000,39218.06000000,94.41294000,1646585999999,3694879.51892090,3338,56.29325000,2204034.42956360,0
1646586000000,39225.10000000,39261.26000000,38941.67000000,39011.49000000,64.56309000,1646589599999,2519555.41600060,1429,46.18208000,1802215.96417940,0
1646589600000,39002.15000000,39144.31000000,38716.84000000,38896.59000000,53.89080000,1646593199999,2099931.38327140,1367,36.02288000,1404018.75510880,0
1646593200000,38900.28000000,38927.03000000,38529.38000000,38681.81000000,57.07234000,1646596799999,2212210.89517860,1296,28.20404000,1092990.33507170,0
1646596800000,38641.48000000,38947.41000000,38633.09000000,38861.02000000,49.55105000,1646600399999,1922199.90479970,1179,33.36105000,1293853.50864560,0
1646600400000,38866.90000000,39278.00000000,38760.65000000,39028.79000000,94.12603000,1646603999999,3672322.14763300,2592,60.67409000,2367610.28108220,0
1646604000000,39028.99000000,39209.12000000,38955.46000000,38973.99000000,31.86664000,1646607599999,1246415.46586790,972,17.20506000,672815.89954240,0
1646607600000,38974.68000000,39015.33000000,38123.08000000,38409.21000000,99.60500000,1646611199999,3832014.81375420,3536,57.61844000,2216943.30540950,0
1646611200000,38424.78000000,38528.07000000,38007.00000000,38407.78000000,83.00779000,1646614799999,3182065.83476440,2886,46.30739000,1775155.26481080,0
1646614800000,38394.49000000,38554.49000000,38286.16000000,38327.39000000,94.49304000,1646618399999,3631789.69386290,1624,75.51679000,2902153.84599730,0
1646618400000,38305.53000000,38371.92000000,37582.03000000,37777.77000000,96.22752000,1646621999999,3653923.88154830,3228,48.46057000,1840491.28072850,0
1646622000000,37789.49000000,37971.88000000,37575.00000000,37877.18000000,70.80892000,1646625599999,2673315.52517420,2185,35.50513000,1340812.93396280,0
1646625600000,37886.01000000,37978.75000000,37766.83000000,37936.85000000,32.22220000,1646629199999,1220799.99711100,1075,16.23578000,615012.74497460,0
1646629200000,37936.49000000,38245.03000000,37821.14000000,38024.79000000,34.71904000,1646632799999,1322848.82021860,1221,19.35447000,737787.92500250,0
1646632800000,38012.40000000,38216.40000000,38000.01000000,38162.36000000,41.39939000,1646636399999,1577978.17647180,1266,23.51152000,896067.66305160,0
1646636400000,38162.67000000,38218.22000000,37801.84000000,37885.97000000,35.95947000,1646639999999,1367475.65362860,1360,21.23125000,808001.52427640,0
1646640000000,37923.39000000,38208.69000000,37647.84000000,38160.57000000,49.20180000,1646643599999,1865323.83452350,1964,27.56635000,1045610.43821680,0
1646643600000,38162.53000000,38393.09000000,38139.57000000,38149.73000000,28.11207000,1646647199999,1075123.30899760,1051,14.16428000,541722.12443000,0
1646647200000,38157.83000000,38293.82000000,37977.87000000,38021.82000000,25.02292000,1646650799999,954726.74322030,1008,13.94914000,532602.88546700,0
1646650800000,38021.82000000,38413.65000000,37982.44000000,38344.53000000,48.50520000,1646654399999,1854871.91743800,1933,30.06126000,1148730.44603730,0
1646654400000,38356.97000000,38772.63000000,38356.97000000,38610.65000000,141.03757000,1646657999999,5447618.88841360,3473,44.06184000,1701336.86226820,0
1646658000000,38617.70000000,39184.15000000,38543.79000000,39025.83000000,85.43460000,1646661599999,3321389.98459390,2901,44.69252000,1737412.43911570,0
1646661600000,39037.82000000,39305.25000000,38854.89000000,38854.89000000,122.23090000,1646665199999,4777511.16552010,3324,51.35373000,2005802.24201980,0
1646665200000,38853.70000000,39182.18000000,38645.91000000,39077.19000000,91.81133000,1646668799999,3574688.41443880,2855,50.13918000,1951481.84440130,0
1646668800000,39070.00000000,39552.36000000,38759.70000000,38827.77000000,103.30638000,1646672399999,4047145.54478400,3055,57.56405000,2251909.92947320,0
1646672400000,38827.77000000,38993.33000000,38540.00000000,38632.58000000,221.90929000,1646675999999,8613345.99827280,4445,44.66672000,1731718.37370990,0
1646676000000,38586.22000000,38586.22000000,37771.90000000,37981.46000000,108.90561000,1646679599999,4149555.24958270,3641,53.77308000,2048974.79202890,0
1646679600000,37961.71000000,38042.34000000,37197.25000000,37304.32000000,133.94761000,1646683199999,5034543.51203600,3667,64.01850000,2404357.69297010,0
1646683200000,37312.18000000,37798.75000000,37166.00000000,37557.10000000,82.10592000,1646686799999,3079726.99740740,2765,44.24280000,1659391.13868350,0
1646686800000,37586.65000000,38260.81000000,37508.87000000,37845.77000000,89.20912000,1646690399999,3374372.24693250,2748,43.74349000,1653167.54141840,0
1646690400000,37813.47000000,38505.80000000,37788.25000000,38213.54000000,54.97454000,1646693999999,2099825.99232530,1917,31.14469000,1188414.51115970,0
1646694000000,38219.81000000,38533.59000000,37894.73000000,38006.54000000,51.04360000,1646697599999,1947962.38748220,1799,25.86786000,986804.06696480,0
1646697600000,37995.14000000,38384.38000000,37869.72000000,38204.73000000,51.54693000,1646701199999,1965839.71613470,1934,24.60236000,937547.88921920,0
1646701200000,38204.73000000,38490.96000000,38050.71000000,38275.65000000,96.20873000,1646704799999,3686050.31527740,2557,42.44849000,1625711.50719030,0
1646704800000,38274.50000000,38948.62000000,38151.07000000,38620.57000000,54.71851000,1646708399999,2109342.88494870,2083,30.53137000,1175451.35843600,0
1646708400000,38620.31000000,38702.99000000,38533.22000000,38694.36000000,28.41262000,1646711999999,1097489.12022470,1271,15.03496000,580651.80305950,0
1646712000000,38703.29000000,38834.84000000,38487.70000000,38567.23000000,60.29056000,1646715599999,2331037.26357090,1955,26.15223000,1010401.73891530,0
1646715600000,38544.37000000,38604.49000000,38233.30000000,38358.27000000,51.68161000,1646719199999,1984076.15877030,1451,30.43731000,1168505.68764420,0
1646719200000,38355.14000000,38505.57000000,38000.33000000,38282.32000000,60.19775000,1646722799999,2302369.88567330,1917,30.44585000,1164652.14976710,0
1646722800000,38244.29000000,38753.06000000,38169.68000000,38548.08000000,41.32206000,1646726399999,1588207.09445860,1566,18.79325000,722542.78067240,0
1646726400000,38560.18000000,39140.29000000,38472.84000000,38781.99000000,52.99472000,1646729999999,2057239.45112170,2191,28.52637000,1107877.85939820,0
1646730000000,38781.99000000,39020.89000000,38707.16000000,38983.54000000,54.93438000,1646733599999,2137145.10478430,1630,32.62342000,1269494.40048690,0
1646733600000,38987.31000000,39186.81000000,38716.84000000,39074.13000000,54.40932000,1646737199999,2119179.97166650,1807,22.65171000,881591.42023150,0
1646737200000,39066.59000000,39101.91000000,38746.92000000,38985.37000000,46.79544000,1646740799999,1823118.56695330,1773,19.65220000,765311.98916950,0
1646740800000,39001.09000000,39233.48000000,38618.62000000,38834.39000000,74.21704000,1646744399999,2888553.20757330,2629,34.79067000,1353489.93886920,0
1646744400000,38833.49000000,39106.52000000,38637.63000000,38872.75000000,77.08916000,1646747999999,2995125.05128460,3729,38.55541000,1498027.05424960,0
1646748000000,38880.87000000,39176.63000000,38552.52000000,38768.71000000,93.38545000,1646751599999,3623450.77069110,3427,44.38642000,1721989.86624110,0
1646751600000,38746.02000000,38893.48000000,38318.43000000,38651.42000000,73.48385000,1646755199999,2836370.63731350,2382,36.82660000,1421441.33136300,0
1646755200000,38663.55000000,38868.40000000,38140.77000000,38295.57000000,109.06247000,1646758799999,4188859.30247660,3161,63.33563000,2431476.56071000,0
1646758800000,38306.87000000,39173.90000000,38298.78000000,39084.36000000,109.26987000,1646762399999,4244164.68110270,3467,43.96407000,1705113.08713510,0
1646762400000,39082.10000000,39381.73000000,38665.29000000,38703.84000000,94.80988000,1646765999999,3710190.65514570,2839,42.68084000,1669365.33545730,0
1646766000000,38683.77000000,38827.77000000,38471.35000000,38774.80000000,71.82006000,1646769599999,2775962.52872720,2109,38.82213000,1500414.36978400,0
1646769600000,38784.92000000,38897.67000000,38441.14000000,38529.26000000,66.23300000,1646773199999,2558482.51982900,1867,25.94706000,1002288.10773520,0
1646773200000,38515.74000000,38598.44000000,38396.41000000,38494.99000000,20.25448000,1646776799999,779959.47314610,827,7.61916000,293414.62000240,0
1646776800000,38478.78000000,38641.37000000,38478.78000000,38559.75000000,21.11003000,1646780399999,813871.94792500,719,8.96497000,345691.55497660,0
1646780400000,38557.52000000,38779.86000000,38531.61000000,38732.94000000,26.63457000,1646783999999,1030785.51864210,992,15.16536000,587129.08197690,0
1646784000000,38741.70000000,39043.94000000,38648.71000000,38953.71000000,70.24933000,1646787599999,2729461.44952760,1465,49.73438000,1933103.00528090,0
1646787600000,38981.74000000,39313.33000000,38916.03000000,39219.96000000,66.25611000,1646791199999,2593169.96281810,2100,24.38602000,954062.27482730,0
1646791200000,39229.19000000,39525.33000000,39145.59000000,39421.18000000,65.33922000,1646794799999,2570070.44720020,2104,31.16131000,1225853.48109890,0
1646794800000,39417.34000000,41442.53000000,39381.69000000,41220.96000000,236.56578000,1646798399999,9585555.71970960,6586,115.33975000,4679610.37658730,0
1646798400000,41230.53000000,41909.70000000,41230.53000000,41641.22000000,316.91865000,1646801999999,13187527.62829890,6538,80.86703000,3360683.37261390,0
1646802000000,41649.26000000,41705.66000000,41333.06000000,41513.11000000,99.47802000,1646805599999,4125018.78714700,2542,52.99816000,2197490.49066980,0
1646805600000,41525.39000000,41658.63000000,41407.30000000,41612.00000000,195.07687000,1646809199999,8093686.35974310,3520,139.98288000,5806264.87051010,0
1646809200000,41602.66000000,41821.05000000,41511.93000000,41798.68000000,65.95696000,1646812799999,2749972.00437980,2088,35.52497000,1481157.43924630,0
1646812800000,41799.26000000,42473.69000000,41629.93000000,42065.63000000,90.13604000,1646816399999,3784920.14550750,2925,42.44986000,1782829.51337870,0
1646816400000,42065.08000000,42270.80000000,41934.24000000,42029.91000000,86.36314000,1646819999999,3635740.27235020,2275,41.52712000,1748724.18869040,0
1646820000000,42022.66000000,42238.93000000,41970.52000000,42237.29000000,49.43326000,1646823599999,2081761.81083530,1886,23.70500000,998217.43236900,0
1646823600000,42232.86000000,42388.44000000,42029.18000000,42161.38000000,84.55189000,1646827199999,3565999.86473790,2327,45.03625000,1898955.96185110,0
1646827200000,42159.88000000,42556.41000000,41706.81000000,41928.83000000,113.62341000,1646830799999,4786301.18353960,3173,54.33069000,2290504.39350690,0
1646830800000,41931.66000000,42092.86000000,41673.61000000,41868.49000000,131.20265000,1646834399999,5497572.10804550,2692,95.12266000,3985510.48680930,0
1646834400000,41877.54000000,42311.65000000,41858.94000000,42214.72000000,105.13887000,1646837999999,4430377.39017340,2981,54.29209000,2287924.88605770,0
1646838000000,42222.33000000,42586.03000000,42123.56000000,42539.94000000,98.19110000,1646841599999,4155036.29316000,2541,53.18978000,2250258.02533080,0
1646841600000,42540.27000000,42587.89000000,42143.14000000,42245.72000000,96.39554000,1646845199999,4083961.19478240,2293,49.72889000,2107126.54211320,0
1646845200000,42220.85000000,42366.03000000,42118.10000000,42331.64000000,41.96198000,1646848799999,1773146.45058080,1487,21.29601000,899744.37009190,0
1646848800000,42333.38000000,42338.34000000,41857.54000000,42031.36000000,110.59407000,1646852399999,4653678.47272560,2310,52.28299000,2199616.57321070,0
1646852400000,42031.34000000,42276.91000000,41739.43000000,42215.87000000,104.25671000,1646855999999,4384993.65515580,2214,58.29237000,2453784.09662250,0
1646856000000,42216.69000000,42337.54000000,41711.00000000,41817.70000000,58.54318000,1646859599999,2460260.48793280,1878,23.69553000,996203.45265910,0
1646859600000,41829.35000000,41953.56000000,41680.00000000,41887.92000000,47.33147000,1646863199999,1978408.97620120,1160,25.30246000,1057489.21655000,0
1646863200000,41887.68000000,42069.24000000,41736.39000000,41902.71000000,32.49595000,1646866799999,1362200.92460610,901,18.53341000,776551.29476010,0
1646866800000,41905.06000000,42144.19000000,41821.79000000,41966.28000000,30.34795000,1646870399999,1274719.65351330,1008,14.98944000,629715.42962610,0
1646870400000,41960.16000000,42060.00000000,41763.24000000,41822.97000000,38.78754000,1646873999999,1625903.16622650,1208,18.64341000,781557.79149290,0
1646874000000,41832.19000000,41963.71000000,40841.38000000,40929.83000000,117.13901000,1646877599999,4839873.64348980,3012,47.04895000,1944510.67133920,0
1646877600000,40941.43000000,41073.58000000,40528.52000000,40738.97000000,95.40937000,1646881199999,3899497.11543280,2414,27.98927000,1143765.79281350,0
1646881200000,40720.75000000,40944.49000000,40562.59000000,40781.91000000,67.92838000,1646884799999,2772790.76232470,1854,37.65790000,1536969.96111570,0
1646884800000,40785.81000000,40844.07000000,39338.33000000,39552.82000000,170.92702000,1646888399999,6831835.90309980,6027,82.22813000,3287450.54627640,0
1646888400000,39549.36000000,39554.15000000,38763.74000000,39226.48000000,116.85299000,1646891999999,4589954.75757600,3788,55.84996000,2194344.22740980,0
1646892000000,39234.11000000,39432.07000000,39063.74000000,39397.49000000,90.39272000,1646895599999,3548265.03559630,2466,46.25769000,1814793.99861610,0
1646895600000,39395.24000000,39414.30000000,39139.91000000,39251.52000000,83.78233000,1646899199999,3292868.74435960,2321,43.41940000,1705918.70172760,0
1646899200000,39251.51000000,39280.75000000,38800.00000000,39227.86000000,95.70972000,1646902799999,3742051.15066210,2855,56.27662000,2200690.45783460,0
1646902800000,39235.68000000,39326.26000000,39047.83000000,39177.24000000,188.64165000,1646906399999,7400495.92774830,3094,96.28706000,3774191.89179210,0
1646906400000,39167.21000000,39261.85000000,39003.94000000,39094.08000000,95.74557000,1646909999999,3749863.31903860,2176,61.52269000,2409657.56252610,0
1646910000000,39069.75000000,39158.85000000,38957.06000000,39104.44000000,67.63003000,1646913599999,2642058.98572520,1894,43.77478000,1710095.76863780,0
1646913600000,39082.08000000,39372.51000000,38975.00000000,39254.41000000,69.71446000,1646917199999,2731822.97974820,2268,32.23358000,1263179.69408500,0
1646917200000,39271.48000000,40286.39000000,38532.82000000,38888.25000000,411.68785000,1646920799999,16073152.97613530,8684,120.42894000,4728996.13886220,0
1646920800000,38879.07000000,39443.20000000,38814.06000000,39303.68000000,75.38327000,1646924399999,2946329.09639060,3130,39.25754000,1535194.91490210,0
1646924400000,39311.24000000,39760.03000000,38985.53000000,39197.88000000,82.85901000,1646927999999,3258525.46772750,3320,46.23922000,1818615.37138030,0
1646928000000,39198.74000000,39281.89000000,38915.33000000,39158.67000000,91.02768000,1646931599999,3560723.47833560,2781,46.75744000,1829114.25719350,0
1646931600000,39154.68000000,39304.80000000,39036.98000000,39178.83000000,45.01796000,1646935199999,1763671.25401520,1893,19.41262000,760572.03236090,0
1646935200000,39179.44000000,39262.30000000,38994.91000000,39184.47000000,61.33160000,1646938799999,2400514.38493540,2216,34.72505000,1359128.62813540,0
1646938800000,39192.72000000,39587.74000000,39031.68000000,39458.43000000,54.38162000,1646942399999,2137494.79803020,2024,26.39589000,1037425.92305320,0
1646942400000,39446.58000000,39692.40000000,39292.04000000,39624.94000000,51.98042000,1646945999999,2051790.14368940,2116,26.31929000,1038001.92545990,0
1646946000000,39617.61000000,39630.04000000,39280.53000000,39330.08000000,51.99787000,1646949599999,2055700.71720380,1533,19.40800000,766465.20651700,0
1646949600000,39327.99000000,39498.28000000,39081.63000000,39464.43000000,28.47455000,1646953199999,1118520.97039460,1186,14.76554000,580100.72870410,0
1646953200000,39463.20000000,39612.33000000,39389.92000000,39438.20000000,27.25556000,1646956799999,1076743.67498140,1213,16.81983000,664399.94271120,0
1646956800000,39436.11000000,39454.45000000,39149.60000000,39295.98000000,42.56255000,1646960399999,1674084.15398560,1428,23.32403000,917457.87048360,0
1646960400000,39309.96000000,39323.43000000,38582.41000000,38687.68000000,97.23597000,1646963999999,3777008.59047210,2852,52.46090000,2037669.64902550,0
1646964000000,38687.29000000,38747.58000000,38245.64000000,38282.87000000,79.57055000,1646967599999,3058579.26368390,2747,44.15865000,1697291.26884260,0
1646967600000,38305.71000000,38899.75000000,38283.25000000,38735.20000000,43.53975000,1646971199999,1678552.63927330,1614,27.84735000,1073250.66454950,0
1646971200000,38737.89000000,38740.46000000,38468.75000000,38507.40000000,36.03427000,1646974799999,1391291.27193660,1275,22.26729000,859757.41119560,0
1646974800000,38523.45000000,38802.55000000,38355.77000000,38792.03000000,47.39989000,1646978399999,1828854.86399960,1676,29.90979000,1153993.08613370,0
1646978400000,38783.79000000,39026.12000000,38694.85000000,38959.89000000,64.03433000,1646981999999,2487554.11879970,2245,32.27235000,1253536.53995220,0
1646982000000,38961.15000000,39357.50000000,38933.58000000,39151.10000000,59.42321000,1646985599999,2327205.73995620,1778,30.40475000,1190435.78309740,0
1646985600000,39147.06000000,39200.00000000,38875.86000000,39024.84000000,54.06221000,1646989199999,2110312.86618930,1597,23.39965000,913564.09573390,0
1646989200000,39029.59000000,39196.81000000,38908.62000000,39035.51000000,60.53064000,1646992799999,2363560.00856990,1662,19.14661000,747867.03166760,0
1646992800000,39028.30000000,39166.77000000,38969.76000000,39031.72000000,53.07208000,1646996399999,2073155.94571930,1532,19.94267000,779109.57557410,0
1646996400000,39027.58000000,40227.66000000,38824.68000000,39922.86000000,130.31564000,1646999999999,5152800.68168470,4401,64.32719000,2543273.76246090,0
1647000000000,39916.17000000,40252.30000000,39761.32000000,39930.99000000,103.91867000,1647003599999,4155623.12349780,2944,52.08286000,2082995.69360860,0
1647003600000,39927.30000000,39962.00000000,39180.22000000,39287.76000000,112.42211000,1647007199999,4438316.93277170,3557,50.47495000,1991355.24240920,0
1647007200000,39281.24000000,39607.40000000,39194.21000000,39331.82000000,85.33525000,1647010799999,3360660.21833080,2488,34.24759000,1348456.48715200,0
1647010800000,39331.97000000,39331.97000000,38922.00000000,39084.90000000,109.95914000,1647014399999,4298757.14206420,2941,48.74692000,1905480.70414310,0
1647014400000,39084.85000000,39097.31000000,38590.81000000,38719.14000000,75.42918000,1647017999999,2923802.19362050,2533,36.15435000,1401071.44703410,0
1647018000000,38719.60000000,38889.82000000,38580.20000000,38814.87000000,56.72820000,1647021599999,2196453.92019410,1564,22.91813000,887630.07339970,0
1647021600000,38819.67000000,38877.28000000,38622.56000000,38632.30000000,43.75287000,1647025199999,1696300.95241310,1427,27.38613000,1062007.38327440,0
1647025200000,38639.56000000,38870.76000000,38503.24000000,38784.24000000,30.36313000,1647028799999,1176870.39276370,1287,14.67552000,568966.28309110,0
1647028800000,38786.77000000,38961.41000000,38306.70000000,38367.02000000,99.04849000,1647032399999,3824057.51393310,2510,66.93857000,2584746.40427310,0
1647032400000,38393.40000000,38954.50000000,38379.92000000,38852.00000000,164.95222000,1647035999999,6376590.96632820,2971,44.93992000,1739197.50684900,0
1647036000000,38854.00000000,39209.66000000,38851.81000000,38913.27000000,26.74888000,1647039599999,1042030.41678140,858,12.83963000,500437.09629220,0
1647039600000,38913.26000000,38945.98000000,38731.59000000,38739.05000000,22.83155000,1647043199999,887198.36933200,754,15.78170000,613131.30664730,0
1647043200000,38736.43000000,39157.73000000,38662.81000000,39152.66000000,33.20289000,1647046799999,1293423.42759410,1168,13.75467000,535585.84434330,0
1647046800000,39149.72000000,39300.00000000,39070.98000000,39188.46000000,32.08072000,1647050399999,1257380.59374560,1372,17.26433000,676871.32813980,0
1647050400000,39205.87000000,39269.70000000,39050.61000000,39132.75000000,57.52089000,1647053999999,2254977.60929960,1313,10.96012000,429340.10913330,0
1647054000000,39127.34000000,39236.35000000,39079.82000000,39093.21000000,42.04446000,1647057599999,1644765.68825270,1004,24.57218000,961139.71713920,0
1647057600000,39084.91000000,39192.07000000,38933.75000000,39097.26000000,68.07061000,1647061199999,2660613.05673620,1525,10.21299000,399014.14628050,0
1647061200000,39111.40000000,39206.01000000,39045.26000000,39162.59000000,13.09517000,1647064799999,512311.68237940,629,6.60982000,258589.39139050,0
1647064800000,39172.16000000,39256.70000000,39075.76000000,39093.53000000,27.32469000,1647068399999,1070067.77299010,1104,15.54269000,608661.72634460,0
1647068400000,39091.92000000,39178.28000000,39013.66000000,39108.38000000,20.94880000,1647071999999,819084.27997660,1005,11.00593000,430295.85480660,0
1647072000000,39108.38000000,39167.92000000,38963.94000000,39107.54000000,23.27220000,1647075599999,909212.37296570,1187,14.85493000,580220.12575200,0
1647075600000,39110.27000000,39233.47000000,39078.67000000,39176.36000000,16.01513000,1647079199999,627077.94836940,836,9.00590000,352609.71269530,0
1647079200000,39176.37000000,39278.67000000,39135.04000000,39234.76000000,23.10426000,1647082799999,905678.97795370,1021,13.52399000,529985.16642840,0
1647082800000,39234.76000000,39314.20000000,39009.60000000,39080.74000000,22.29885000,1647086399999,873353.23825200,930,11.51248000,451167.61400710,0
1647086400000,39082.50000000,39216.06000000,39040.20000000,39188.42000000,17.27274000,1647089999999,675685.32542810,688,11.81980000,462264.00241770,0
1647090000000,39189.19000000,39264.08000000,39020.00000000,39084.90000000,24.12712000,1647093599999,944082.04027990,1021,9.88269000,386573.64324810,0
1647093600000,39078.34000000,39149.63000000,38682.38000000,38916.77000000,35.10435000,1647097199999,1366922.78258850,1524,18.81909000,732775.95420750,0
1647097200000,38916.75000000,39188.27000000,38842.83000000,39045.96000000,28.87880000,1647100799999,1126513.48538210,1378,19.24224000,750546.79952780,0
1647100800000,39045.96000000,39165.83000000,38983.40000000,39151.55000000,26.40540000,1647104399999,1032338.63520180,1074,10.85669000,424368.29269620,0
1647104400000,39147.79000000,39516.22000000,39058.87000000,39106.64000000,67.25263000,1647107999999,2635989.74907490,1914,19.69124000,773452.64871170,0
1647108000000,39104.78000000,39154.12000000,38947.36000000,39061.73000000,17.95697000,1647111599999,701638.18756470,805,9.99728000,390650.88259460,0
1647111600000,39054.02000000,39089.10000000,38917.99000000,39051.35000000,40.82589000,1647115199999,1592843.32078820,1142,11.15378000,435101.71765620,0
1647115200000,39051.95000000,39211.96000000,38998.65000000,39138.40000000,16.47028000,1647118799999,644458.57969210,768,8.74846000,342320.20526340,0
1647118800000,39128.33000000,39186.13000000,39067.51000000,39094.23000000,7.23552000,1647122399999,283162.72226540,456,3.59334000,140604.83476650,0
1647122400000,39099.31000000,39170.45000000,39030.56000000,39107.54000000,9.89706000,1647125999999,387024.74193570,544,3.86601000,151165.47951710,0
1647126000000,39110.85000000,39165.84000000,38700.00000000,38806.75000000,24.76497000,1647129599999,964198.07939730,1086,10.58974000,412166.42185490,0
1647129600000,38810.12000000,38959.18000000,38700.00000000,38913.27000000,34.73432000,1647133199999,1348941.09104970,1234,15.30494000,594354.40906070,0
1647133200000,38915.08000000,39281.30000000,38868.00000000,38995.96000000,114.50070000,1647136799999,4470992.27453060,2301,71.87663000,2806919.69868390,0
1647136800000,38980.78000000,39205.06000000,38980.78000000,39174.30000000,24.88186000,1647140399999,973451.28883530,763,10.36210000,405306.75424810,0
1647140400000,39171.29000000,39230.95000000,39108.89000000,39189.35000000,14.72890000,1647143999999,577037.31936310,578,6.08422000,238368.70785760,0
1647144000000,39199.64000000,39330.41000000,39122.58000000,39130.00000000,16.53624000,1647147599999,648548.44058460,519,10.05164000,394154.27549840,0
1647147600000,39130.00000000,39179.53000000,39107.06000000,39117.58000000,5.01232000,1647151199999,196217.51283190,285,2.99879000,117381.87266930,0
1647151200000,39127.00000000,39177.76000000,39076.82000000,39156.11000000,9.08335000,1647154799999,355409.73251060,379,4.28168000,167573.84115200,0
1647154800000,39154.84000000,39213.18000000,39051.51000000,39086.51000000,21.32969000,1647158399999,834843.02941960,699,10.89131000,426387.02818520,0
1647158400000,39093.96000000,39147.68000000,39015.34000000,39067.69000000,21.84342000,1647161999999,853676.32850340,877,13.84506000,541092.06577770,0
1647162000000,39067.54000000,39108.20000000,38836.84000000,38978.25000000,21.78620000,1647165599999,849779.86796240,849,9.51949000,371415.28418350,0
1647165600000,38967.25000000,39015.44000000,38850.00000000,38995.90000000,27.94644000,1647169199999,1087974.05751280,894,10.65242000,414679.77258210,0
1647169200000,38991.22000000,39024.27000000,38590.73000000,38752.03000000,45.33035000,1647172799999,1760237.27228850,1537,24.33513000,945468.12425880,0
1647172800000,38742.28000000,38780.43000000,38388.17000000,38504.07000000,56.71682000,1647176399999,2186351.36333300,2383,28.49333000,1098166.91064650,0
1647176400000,38500.32000000,38940.22000000,38461.78000000,38755.71000000,42.84091000,1647179999999,1661019.88509470,1864,21.55699000,835570.87091360,0
1647180000000,38754.87000000,38921.65000000,38732.99000000,38846.62000000,57.13492000,1647183599999,2218223.04896920,1403,44.74753000,1737147.12486270,0
1647183600000,38843.96000000,39083.44000000,38842.91000000,38944.08000000,50.93613000,1647187199999,1985323.92104110,2110,20.19017000,786898.13428400,0
1647187200000,38941.65000000,39001.21000000,38858.59000000,38933.83000000,18.18678000,1647190799999,708304.98119160,834,8.99404000,350294.29180940,0
1647190800000,38931.79000000,39071.32000000,38871.36000000,38951.55000000,36.74005000,1647194399999,1432225.23183980,1574,16.94463000,660647.24946480,0
1647194400000,38951.55000000,39028.03000000,38893.02000000,38995.10000000,33.57071000,1647197999999,1307802.47669940,912,18.97396000,738862.02294410,0
1647198000000,38997.72000000,39072.29000000,38865.59000000,38876.31000000,15.79574000,1647201599999,615591.29073980,699,8.96473000,349369.98815070,0
1647201600000,38869.75000000,38869.75000000,38551.44000000,38690.15000000,30.92568000,1647205199999,1197489.48505250,1474,15.39385000,595974.18371660,0
1647205200000,38692.51000000,38834.75000000,38659.60000000,38741.03000000,16.74599000,1647208799999,649106.16744360,747,10.98442000,425750.75319910,0
1647208800000,38743.97000000,38832.50000000,37607.83000000,37731.42000000,117.58177000,1647212399999,4485127.95602080,4472,53.48346000,2041859.02443830,0
1647212400000,37739.80000000,37900.88000000,37591.53000000,37767.96000000,78.70631000,1647215999999,2972669.12453760,2330,39.72827000,1500099.19796150,0
1647216000000,37782.51000000,37881.72000000,37567.42000000,37846.11000000,57.71769000,1647219599999,2179781.44443360,1940,32.45942000,1225957.80806390,0
1647219600000,37850.53000000,38349.98000000,37850.53000000,38061.38000000,55.28728000,1647223199999,2106650.50291620,2303,25.31730000,965066.43620570,0
1647223200000,38071.61000000,38197.76000000,37970.59000000,38047.10000000,148.00003000,1647226799999,5632632.80846590,2149,57.35127000,2183931.95414110,0
1647226800000,38043.22000000,38182.02000000,37941.78000000,38162.89000000,253.01162000,1647230399999,9620882.50121540,3513,133.40774000,5074694.30760730,0
1647230400000,38177.92000000,38918.19000000,38127.91000000,38535.77000000,87.90541000,1647233999999,3384848.36205720,3492,49.70407000,1912970.64340100,0
1647234000000,38532.92000000,38613.61000000,38456.81000000,38473.04000000,43.61106000,1647237599999,1679458.96656920,1196,30.93037000,1191134.63878050,0
1647237600000,38471.05000000,38768.37000000,38471.05000000,38660.50000000,44.87797000,1647241199999,1733186.25507650,1444,25.15621000,971506.09314870,0
1647241200000,38660.35000000,39183.22000000,38638.33000000,39087.30000000,65.65602000,1647244799999,2557150.59859770,2339,41.29462000,1608360.84677520,0
1647244800000,39084.74000000,39250.38000000,38949.08000000,39083.67000000,114.14072000,1647248399999,4463313.62320460,2490,90.35753000,3533966.97590150,0
1647248400000,39083.86000000,39330.00000000,38874.26000000,39154.05000000,42.74041000,1647251999999,1671367.22869500,1623,18.92521000,739900.08581200,0
1647252000000,39175.04000000,39202.74000000,38973.62000000,39118.41000000,64.60145000,1647255599999,2525173.29445910,1514,48.22058000,1884853.69576600,0
1647255600000,39106.20000000,39123.36000000,38845.81000000,38909.02000000,31.69359000,1647259199999,1235385.27345990,1261,19.18498000,747833.94053110,0
1647259200000,38904.26000000,39011.79000000,38681.13000000,38848.75000000,92.95966000,1647262799999,3610463.80121100,2750,66.37202000,2577913.84369610,0
1647262800000,38845.26000000,38980.75000000,38616.00000000,38887.78000000,74.81862000,1647266399999,2903246.42561060,2738,45.34806000,1759842.16243840,0
1647266400000,38883.24000000,39202.34000000,38754.02000000,39128.69000000,78.30682000,1647269999999,3050828.54872620,2816,42.23088000,1645960.29931340,0
1647270000000,39148.05000000,39163.56000000,38838.12000000,38973.93000000,71.58294000,1647273599999,2793127.76690110,1993,46.45255000,1812857.74504890,0
1647273600000,38964.14000000,39057.99000000,38818.08000000,38850.88000000,53.93793000,1647277199999,2099954.95946210,2053,34.08016000,1326973.20228080,0
1647277200000,38841.40000000,38850.95000000,38585.00000000,38745.01000000,67.57177000,1647280799999,2616986.53920740,2460,35.28341000,1366281.36669530,0
1647280800000,38734.59000000,38795.56000000,38430.44000000,38678.76000000,76.08433000,1647284399999,2940315.06803330,2713,51.86254000,2004437.13146910,0
1647284400000,38683.26000000,38872.74000000,38619.94000000,38819.65000000,49.63383000,1647287999999,1922849.65503610,1712,21.78369000,843979.11768220,0
1647288000000,38831.62000000,38945.79000000,38713.97000000,38728.77000000,38.15754000,1647291599999,1482385.14604280,1510,20.91378000,812481.49549330,0
1647291600000,38729.00000000,38793.56000000,38615.99000000,38707.93000000,15.53879000,1647295199999,601755.68944410,671,9.03346000,349744.65796470,0
1647295200000,38738.06000000,39955.33000000,38677.91000000,39325.74000000,119.16727000,1647298799999,4685587.24077390,3843,70.96865000,2786877.84149160,0
1647298800000,39333.81000000,39792.61000000,39333.81000000,39674.51000000,50.41770000,1647302399999,1996397.59277070,1894,25.70280000,1017946.61566310,0
1647302400000,39674.38000000,39810.00000000,39394.80000000,39574.28000000,76.37236000,1647305999999,3022502.39715460,1957,31.51067000,1246705.54556290,0
1647306000000,39581.70000000,39620.87000000,38781.83000000,38837.02000000,75.75089000,1647309599999,2958648.44310260,2309,37.14555000,1451032.33463050,0
1647309600000,38821.49000000,39119.90000000,38812.78000000,38996.72000000,30.22627000,1647313199999,1177465.88212970,1086,16.18788000,630422.73295650,0
1647313200000,38993.93000000,39034.52000000,38628.49000000,38779.15000000,39.57471000,1647316799999,1535432.29700150,1349,23.59263000,915358.51803320,0
1647316800000,38768.94000000,38863.21000000,38712.00000000,38796.52000000,19.83930000,1647320399999,769791.73574360,686,11.29372000,438196.99832820,0
1647320400000,38786.52000000,38839.11000000,38702.74000000,38764.85000000,49.67452000,1647323999999,1926476.99609980,1330,12.44521000,482503.42460410,0
1647324000000,38762.39000000,39006.46000000,38735.19000000,38765.85000000,28.81064000,1647327599999,1119030.58676970,932,17.10831000,664600.75344250,0
1647327600000,38776.30000000,38776.30000000,38068.75000000,38436.96000000,64.84560000,1647331199999,2490595.39639240,2209,34.24948000,1315405.94375890,0
1647331200000,38450.49000000,38488.28000000,38271.30000000,38375.17000000,45.59023000,1647334799999,1749983.62043320,1378,22.40623000,859894.78313250,0
1647334800000,38377.45000000,38699.10000000,38300.92000000,38586.34000000,50.37624000,1647338399999,1939723.70903770,1616,30.13002000,1160855.54043810,0
1647338400000,38591.82000000,38749.21000000,38566.08000000,38689.50000000,26.42740000,1647341999999,1021193.20951390,1289,14.43209000,557630.03013380,0
1647342000000,38674.55000000,38795.23000000,38616.00000000,38658.54000000,33.38960000,1647345599999,1291581.29777290,1029,18.72286000,724230.91666110,0
1647345600000,38634.28000000,38951.95000000,38590.57000000,38864.71000000,56.82950000,1647349199999,2203731.43969310,2088,26.92148000,1043616.11621610,0
1647349200000,38867.28000000,38931.89000000,38450.00000000,38725.07000000,55.75461000,1647352799999,2160813.18799580,1826,23.66835000,917258.69525310,0
1647352800000,38723.61000000,39196.18000000,38681.19000000,39044.07000000,92.95655000,1647356399999,3622668.24649290,3054,39.35332000,1532943.60842870,0
1647356400000,39053.25000000,39278.58000000,38946.31000000,39028.37000000,108.33193000,1647359999999,4235647.81298600,2874,64.92722000,2538137.45873970,0
1647360000000,39026.88000000,39403.46000000,38940.86000000,39177.76000000,77.79795000,1647363599999,3047514.56292040,2125,40.36829000,1580902.43639370,0
1647363600000,39201.09000000,39368.68000000,39093.81000000,39311.00000000,55.38375000,1647367199999,2170596.22501420,1769,26.85885000,1052876.82086900,0
1647367200000,39305.49000000,39530.35000000,39191.11000000,39408.85000000,47.69093000,1647370799999,1874719.11666900,1743,22.13612000,870393.12309940,0
1647370800000,39414.94000000,39818.19000000,39414.94000000,39741.64000000,97.05148000,1647374399999,3848405.96204930,3342,49.14953000,1948856.12922850,0
1647374400000,39740.53000000,39874.51000000,39392.38000000,39456.89000000,79.58629000,1647377999999,3149739.57826470,2122,36.14543000,1430262.67513910,0
1647378000000,39454.42000000,39673.56000000,39292.16000000,39644.02000000,55.01881000,1647381599999,2170848.35201970,1600,30.91675000,1219187.30427260,0
1647381600000,39675.91000000,39919.40000000,39414.57000000,39493.79000000,48.79435000,1647385199999,1933430.68767690,1577,18.84873000,746292.18182140,0
1647385200000,39488.13000000,39559.55000000,39249.84000000,39287.17000000,36.23615000,1647388799999,1427582.58128010,1346,13.72286000,540431.51172990,0
1647388800000,39292.87000000,39439.40000000,39135.59000000,39180.22000000,48.61659000,1647392399999,1909659.08409620,1519,25.05557000,984109.21152670,0
1647392400000,39169.75000000,39648.76000000,39100.00000000,39527.22000000,33.65258000,1647395999999,1324622.91866390,1510,17.36358000,683470.60461020,0
1647396000000,39521.85000000,41737.48000000,39487.22000000,40883.63000000,212.19544000,1647399599999,8688444.27775580,6962,116.20746000,4757248.58408120,0
1647399600000,40877.72000000,40942.61000000,38700.01000000,39172.62000000,183.96234000,1647403199999,7258476.31813400,5520,82.18571000,3241922.56278270,0
1647403200000,39165.08000000,39217.10000000,38943.31000000,39135.91000000,33.47853000,1647406799999,1309281.70760930,1314,17.97365000,702798.07274660,0
1647406800000,39122.94000000,39436.80000000,38980.44000000,39328.89000000,61.52014000,1647410399999,2412622.13095310,1681,23.18756000,908885.04475170,0
1647410400000,39332.54000000,39628.28000000,39278.60000000,39601.88000000,33.45662000,1647413999999,1319251.56519950,1318,18.57907000,732106.23141880,0
1647414000000,39601.89000000,39684.03000000,39369.33000000,39560.52000000,74.62882000,1647417599999,2949011.98531720,1757,25.68159000,1015020.41947800,0
1647417600000,39587.07000000,40500.00000000,39578.58000000,40324.69000000,105.30836000,1647421199999,4207632.48437760,3192,50.17824000,2005231.37178760,0
1647421200000,40346.71000000,40736.00000000,40255.73000000,40521.36000000,128.44159000,1647424799999,5200256.69922180,2713,32.35781000,1309391.49203530,0
1647424800000,40529.02000000,40683.22000000,40159.60000000,40318.49000000,141.85170000,1647428399999,5737435.51044990,2773,59.71383000,2412337.23536690,0
1647428400000,40315.75000000,40700.35000000,40241.66000000,40543.25000000,63.54010000,1647431999999,2572192.66668950,1693,33.63589000,1362066.21067340,0
1647432000000,40545.27000000,40716.80000000,40358.02000000,40387.93000000,79.36407000,1647435599999,3217600.98959910,1798,30.39565000,1232496.72565820,0
1647435600000,40375.36000000,40637.36000000,40266.00000000,40632.60000000,48.58959000,1647439199999,1964989.15419410,1781,31.71397000,1282927.41730850,0
1647439200000,40643.31000000,41198.39000000,40405.19000000,40828.90000000,130.50536000,1647442799999,5326461.50822050,3431,73.79044000,3010027.28603480,0
1647442800000,40858.36000000,40895.09000000,40526.00000000,40631.99000000,48.31575000,1647446399999,1966762.78552870,1283,21.57536000,878412.80024720,0
1647446400000,40634.40000000,40777.42000000,40046.91000000,40311.68000000,90.78908000,1647449999999,3667595.53278310,2357,40.41905000,1632245.18133180,0
1647450000000,40319.01000000,40737.08000000,40087.72000000,40442.17000000,55.90578000,1647453599999,2256624.61758580,1829,31.55814000,1274114.60669730,0
1647453600000,40429.07000000,40650.74000000,39317.80000000,39964.40000000,208.53444000,1647457199999,8318178.99902730,5416,105.54940000,4211086.09656260,0
1647457200000,39919.73000000,40970.31000000,39826.84000000,40885.82000000,141.63301000,1647460799999,5740242.76670740,3570,55.15312000,2235848.40719670,0
1647460800000,40884.38000000,41502.26000000,40774.97000000,41242.96000000,142.69517000,1647464399999,5887148.99917440,3885,57.21306000,2358414.11919110,0
1647464400000,41275.34000000,41409.99000000,40950.31000000,41119.07000000,41.57993000,1647467999999,1711818.91532050,1567,20.16499000,830172.80792190,0
1647468000000,41115.00000000,41221.59000000,40874.29000000,40907.25000000,40.36154000,1647471599999,1656789.86989880,1441,17.23618000,706971.63534920,0
1647471600000,40891.10000000,41207.38000000,40795.43000000,41126.20000000,40.85524000,1647475199999,1677602.20116210,1763,18.51493000,760122.33671390,0
1647475200000,41131.22000000,41185.53000000,40858.31000000,41035.09000000,46.10836000,1647478799999,1891235.05671890,1758,21.60524000,886016.32070360,0
1647478800000,41033.37000000,41338.01000000,40838.60000000,41237.84000000,35.12893000,1647482399999,1441956.08450410,1613,14.62258000,600294.89904380,0
1647482400000,41213.28000000,41407.91000000,40948.36000000,41132.75000000,67.46354000,1647485999999,2772470.97518590,1749,43.50696000,1787741.14413200,0
1647486000000,41132.79000000,41187.77000000,40985.48000000,41015.60000000,50.25257000,1647489599999,2063956.59773730,1583,25.79332000,1059313.97813670,0
1647489600000,41015.63000000,41386.63000000,40922.42000000,41342.52000000,45.44707000,1647493199999,1868435.33864540,1559,23.78040000,977898.97309520,0
1647493200000,41347.31000000,41494.41000000,41026.95000000,41078.37000000,35.92158000,1647496799999,1479955.62733910,1388,17.61124000,725587.68007620,0
1647496800000,41084.00000000,41126.62000000,40612.72000000,40781.25000000,88.63139000,1647500399999,3627604.88762280,2224,33.32920000,1363535.40818490,0
1647500400000,40761.49000000,40948.42000000,40569.38000000,40740.19000000,50.54975000,1647503999999,2060384.50745480,1670,21.52964000,877678.38261240,0
1647504000000,40747.03000000,40913.96000000,40698.97000000,40828.10000000,42.36337000,1647507599999,1730042.54387830,1071,20.64273000,842858.04691220,0
1647507600000,40828.03000000,40906.52000000,40723.22000000,40827.29000000,24.48198000,1647511199999,999672.50048990,779,10.29576000,420248.09317470,0
1647511200000,40838.43000000,40870.21000000,40520.00000000,40748.33000000,73.75217000,1647514799999,3002746.04088690,1797,26.83606000,1092203.06705430,0
1647514800000,40737.59000000,40839.44000000,40658.00000000,40766.26000000,55.69500000,1647518399999,2269445.99559730,1593,23.06816000,940194.84329240,0
1647518400000,40772.93000000,41258.00000000,40728.06000000,41063.00000000,75.71276000,1647521999999,3102547.99790720,2580,30.70316000,1258805.82888590,0
1647522000000,41063.55000000,41258.00000000,40836.56000000,41137.56000000,57.68201000,1647525599999,2365960.28615720,1955,34.94826000,1433850.32975010,0
1647525600000,41139.41000000,41183.51000000,40790.19000000,40846.99000000,51.04328000,1647529199999,2092266.94544280,1659,28.03718000,1149101.78746270,0
1647529200000,40846.44000000,41035.38000000,40772.70000000,40795.73000000,96.58125000,1647532799999,3953068.78244120,2269,31.50889000,1288017.37360540,0
1647532800000,40828.84000000,40900.89000000,40610.00000000,40819.19000000,64.58038000,1647536399999,2635080.93072000,1954,34.41126000,1404171.43020500,0
1647536400000,40822.53000000,40859.84000000,40571.38000000,40797.73000000,50.33157000,1647539999999,2051540.65969780,1630,21.64248000,882086.27527800,0
1647540000000,40794.42000000,40896.21000000,40766.29000000,40824.85000000,44.49066000,1647543599999,1816203.42160690,1366,20.77292000,847875.61288370,0
1647543600000,40819.73000000,40900.00000000,40767.85000000,40875.94000000,28.70689000,1647547199999,1172373.00050060,1166,15.26831000,623508.12995900,0
1647547200000,40888.19000000,40900.00000000,40660.34000000,40717.28000000,43.85595000,1647550799999,1786773.04207880,1308,22.00474000,896665.58794610,0
1647550800000,40722.57000000,41021.46000000,40689.08000000,41006.90000000,24.02218000,1647554399999,981188.14972530,943,10.02107000,409111.18706160,0
1647554400000,41021.83000000,41083.42000000,40885.58000000,41010.50000000,21.05217000,1647557999999,862236.76000000,840,12.31438000,504337.36078400,0
1647558000000,41009.51000000,41016.88000000,40902.77000000,40937.56000000,14.13027000,1647561599999,578618.31158830,697,5.98009000,244895.97250160,0
1647561600000,40937.28000000,40952.61000000,40219.63000000,40350.00000000,96.74024000,1647565199999,3933930.41924310,2365,39.44035000,1601263.49311220,0
1647565200000,40350.00000000,40567.73000000,40241.14000000,40559.73000000,43.58203000,1647568799999,1762807.69705130,1120,20.21148000,817552.42195020,0
1647568800000,40564.75000000,40638.29000000,40438.13000000,40523.47000000,22.31136000,1647572399999,904114.24837510,971,10.62159000,430490.42887860,0
1647572400000,40531.25000000,40608.84000000,40465.72000000,40550.53000000,40.33905000,1647575999999,1636417.83473030,1086,8.95039000,362726.01750970,0
1647576000000,40542.52000000,40658.89000000,40458.33000000,40641.06000000,17.55101000,1647579599999,711647.20891540,744,10.09813000,409398.72204390,0
1647579600000,40641.12000000,40918.30000000,40641.12000000,40776.49000000,52.64933000,1647583199999,2147829.69251720,1719,19.01470000,775505.89421170,0
1647583200000,40776.49000000,40860.82000000,40730.00000000,40755.88000000,25.14666000,1647586799999,1026122.25766660,970,10.54961000,430524.06168080,0
1647586800000,40762.09000000,40816.16000000,40573.83000000,40586.34000000,17.30987000,1647590399999,704462.94565900,837,8.22681000,334695.98920900,0
1647590400000,40594.17000000,40765.70000000,40495.95000000,40627.89000000,34.70757000,1647593999999,1411299.69705720,1455,19.98686000,812800.14551420,0
1647594000000,40628.17000000,40648.21000000,40472.91000000,40524.89000000,25.00069000,1647597599999,1013866.28507260,1035,14.89348000,603958.94956780,0
1647597600000,40525.01000000,40664.45000000,40347.83000000,40400.71000000,28.05680000,1647601199999,1137150.21466940,1224,14.07942000,570497.26989440,0
1647601200000,40400.01000000,40456.00000000,40152.80000000,40404.15000000,53.05319000,1647604799999,2139875.65265900,1534,23.39709000,943558.97723830,0
1647604800000,40400.83000000,40650.46000000,40361.81000000,40467.94000000,43.66070000,1647608399999,1767445.83398440,1367,22.05772000,893072.37140050,0
1647608400000,40468.51000000,40640.65000000,40319.14000000,40615.08000000,75.81199000,1647611999999,3073022.14634850,1724,20.77251000,841070.58010850,0
1647612000000,40617.32000000,40827.71000000,40468.10000000,40575.55000000,283.44180000,1647615599999,11528448.45865840,3591,40.96428000,1666368.21016490,0
1647615600000,40589.41000000,41074.43000000,40562.40000000,40944.52000000,46.11338000,1647619199999,1882804.09343710,1636,23.16335000,944460.41107920,0
1647619200000,40958.87000000,41547.09000000,40927.49000000,41435.69000000,148.55170000,1647622799999,6123239.71498480,3251,60.08540000,2475140.42122550,0
1647622800000,41435.69000000,41732.16000000,41381.97000000,41687.68000000,105.87927000,1647626399999,4397927.45445400,2731,41.60777000,1729039.08514090,0
1647626400000,41697.68000000,41990.51000000,41622.84000000,41727.17000000,80.20704000,1647629999999,3348941.84471960,2056,31.99112000,1336631.41909760,0
1647630000000,41727.22000000,42103.66000000,41672.74000000,42061.39000000,106.62930000,1647633599999,4463651.82466430,2598,25.03243000,1047859.21831290,0
1647633600000,42069.60000000,42363.70000000,41715.22000000,41715.22000000,89.17360000,1647637199999,3749779.90259030,2324,41.28189000,1735565.92161850,0
1647637200000,41762.95000000,41882.04000000,41649.66000000,41824.64000000,44.07618000,1647640799999,1841218.53617560,1070,22.90227000,956629.73095630,0
1647640800000,41821.19000000,41889.11000000,41656.72000000,41721.68000000,17.72213000,1647644399999,740130.81619200,782,10.52452000,439479.91479410,0
1647644400000,41712.69000000,41902.88000000,41711.95000000,41792.57000000,30.50168000,1647647999999,1275465.65417670,1039,15.55284000,650362.80658430,0
1647648000000,41781.81000000,42019.84000000,41781.81000000,41887.94000000,24.93721000,1647651599999,1044793.10209070,1138,12.84638000,538253.46316900,0
1647651600000,41889.65000000,41963.98000000,41713.66000000,41758.87000000,43.84454000,1647655199999,1834503.45735260,1461,16.73371000,700296.46353280,0
1647655200000,41744.88000000,41813.52000000,41687.50000000,41788.68000000,19.50026000,1647658799999,814130.84531950,1069,10.02195000,418422.23009190,0
1647658800000,41788.68000000,41851.21000000,41530.28000000,41818.42000000,34.83677000,1647662399999,1452459.26377090,1186,21.55752000,898944.74013130,0
1647662400000,41818.20000000,41978.24000000,41697.21000000,41828.93000000,28.57867000,1647665999999,1195589.93703610,931,15.18275000,635266.56433390,0
1647666000000,41821.45000000,41856.00000000,41746.99000000,41769.61000000,10.76598000,1647669599999,450008.42989290,724,5.73716000,239766.16247330,0
1647669600000,41773.28000000,41818.82000000,41730.36000000,41781.22000000,12.11615000,1647673199999,506095.63088940,823,6.57258000,274533.12955530,0
1647673200000,41779.78000000,41780.12000000,41548.01000000,41630.21000000,42.70803000,1647676799999,1780442.44347110,1745,20.78350000,866563.56760570,0
1647676800000,41633.17000000,41762.87000000,41569.86000000,41723.88000000,24.39792000,1647680399999,1016916.81616960,1010,12.30084000,512779.24885380,0
1647680400000,41722.62000000,41786.81000000,41678.52000000,41697.34000000,23.01016000,1647683999999,960297.17345030,1033,12.43754000,519048.32548170,0
1647684000000,41692.64000000,41733.97000000,41613.41000000,41703.46000000,17.73294000,1647687599999,739051.50025100,930,7.61588000,317382.32094100,0
1647687600000,41703.93000000,41813.36000000,41659.77000000,41747.30000000,38.81923000,1647691199999,1620671.60031430,1687,16.49832000,688643.49487090,0
1647691200000,41747.92000000,41877.04000000,41698.88000000,41872.92000000,14.99724000,1647694799999,626947.13424640,899,8.66069000,362108.22049060,0
1647694800000,41870.30000000,41954.42000000,41717.57000000,41753.84000000,43.04224000,1647698399999,1800960.15379000,1435,26.66572000,1115697.72480720,0
1647698400000,41754.34000000,41857.59000000,41680.18000000,41841.03000000,16.20853000,1647701999999,676923.56772180,1030,8.39749000,350732.47101380,0
1647702000000,41844.76000000,42100.50000000,41783.29000000,41978.08000000,69.42990000,1647705599999,2913076.65677920,1812,41.19867000,1728574.05967590,0
1647705600000,41962.25000000,42184.75000000,41868.88000000,41988.98000000,29.53450000,1647709199999,1240142.87941650,1102,13.95839000,586281.15165000,0
1647709200000,42002.11000000,42027.96000000,41824.02000000,41897.51000000,23.91586000,1647712799999,1002212.61491950,846,15.12630000,633940.63221840,0
1647712800000,41911.49000000,42069.67000000,41843.51000000,42054.97000000,52.03914000,1647716399999,2181369.39445440,1184,38.15585000,1598799.60661890,0
1647716400000,42034.12000000,42106.50000000,41931.79000000,42053.44000000,27.37267000,1647719999999,1150157.79709340,972,14.98924000,629813.21180470,0
1647720000000,42048.38000000,42445.26000000,41921.89000000,42218.00000000,47.89086000,1647723599999,2020406.39080080,1720,28.27642000,1193598.86971430,0
1647723600000,42218.55000000,42388.66000000,42125.28000000,42134.23000000,34.53033000,1647727199999,1459997.48701680,1092,14.83346000,627159.04049040,0
1647727200000,42139.52000000,42168.53000000,41744.79000000,41980.97000000,36.25009000,1647730799999,1518403.55629520,1445,20.44661000,856587.36780070,0
1647730800000,41971.01000000,42312.22000000,41931.00000000,42227.45000000,26.77742000,1647734399999,1128416.58638300,1100,16.64986000,701524.75592930,0
1647734400000,42215.85000000,42312.93000000,41949.89000000,42061.86000000,41.30707000,1647737999999,1741396.17116450,1581,24.25405000,1022529.65832400,0
1647738000000,42057.74000000,42099.17000000,41820.01000000,42003.06000000,43.17549000,1647741599999,1811058.27219170,1315,20.59779000,863890.23070610,0
1647741600000,41990.10000000,42072.04000000,41809.00000000,41837.43000000,27.57287000,1647745199999,1155815.09437970,889,10.36493000,434796.44557320,0
1647745200000,41841.26000000,42001.69000000,41836.68000000,41942.42000000,16.94553000,1647748799999,710699.03356570,806,10.38196000,435374.20102910,0
1647748800000,41966.94000000,41999.79000000,41854.84000000,41869.04000000,8.36089000,1647752399999,350559.87996270,641,4.45425000,186750.60441100,0
1647752400000,41870.80000000,41967.86000000,41782.25000000,41924.27000000,14.13915000,1647755999999,592203.28279110,786,5.69905000,238698.11189460,0
1647756000000,41922.52000000,42028.99000000,41873.61000000,41922.93000000,9.45235000,1647759599999,396695.96449090,613,4.59955000,193013.67306890,0
1647759600000,41922.26000000,41990.81000000,41809.52000000,41890.53000000,12.75857000,1647763199999,534670.22700270,608,6.96253000,291793.74389640,0
1647763200000,41891.99000000,41956.72000000,41844.23000000,41884.60000000,15.05023000,1647766799999,630691.77896760,618,7.34378000,307726.21554230,0
1647766800000,41881.09000000,41906.06000000,41607.04000000,41783.46000000,33.03587000,1647770399999,1379662.86846630,1195,15.43690000,644513.45267450,0
1647770400000,41790.64000000,41855.34000000,41673.62000000,41783.54000000,15.65180000,1647773999999,653415.90151870,712,5.40677000,225756.77771750,0
1647774000000,41780.90000000,41840.67000000,41607.24000000,41607.24000000,15.33092000,1647777599999,639573.01990640,778,7.01085000,292541.42464220,0
1647777600000,41609.13000000,41736.38000000,41369.65000000,41657.73000000,69.43033000,1647781199999,2886280.15394130,1992,41.42509000,1722052.50876230,0
1647781200000,41659.30000000,41726.58000000,41457.50000000,41494.41000000,25.81249000,1647784799999,1073848.04171320,880,13.25725000,551755.97945920,0
1647784800000,41505.23000000,41757.94000000,41380.49000000,41444.08000000,62.73685000,1647788399999,2605116.48463310,1618,39.53809000,1641653.07734550,0
1647788400000,41436.18000000,41576.07000000,41280.32000000,41364.14000000,40.64651000,1647791999999,1682879.42468020,1288,16.93770000,701534.79587240,0
1647792000000,41359.73000000,41524.37000000,41253.72000000,41327.52000000,48.45841000,1647795599999,2005605.65676300,1694,27.63089000,1143648.95470250,0
1647795600000,41300.41000000,41349.99000000,40930.26000000,41057.90000000,81.57217000,1647799199999,3355287.17564680,3008,42.22182000,1736475.05747150,0
1647799200000,41038.87000000,41279.57000000,40969.07000000,41268.49000000,63.01828000,1647802799999,2594882.55840440,2348,37.88541000,1560178.15141870,0
1647802800000,41239.12000000,41440.13000000,41171.64000000,41398.89000000,36.04665000,1647806399999,1489361.52302000,1400,15.06040000,622427.44445990,0
1647806400000,41403.77000000,41697.84000000,41259.77000000,41319.02000000,71.72356000,1647809999999,2979667.11430400,2070,25.86034000,1073907.84425650,0
1647810000000,41305.55000000,41430.29000000,41119.98000000,41374.96000000,32.74241000,1647813599999,1352134.06200790,1067,17.02224000,702744.79704410,0
1647813600000,41382.04000000,41454.83000000,41151.65000000,41454.83000000,41.44088000,1647817199999,1709667.38054810,1293,28.11312000,1159605.46907230,0
1647817200000,41454.83000000,41472.79000000,41175.01000000,41281.03000000,34.54342000,1647820799999,1426781.55599260,1242,15.52896000,641542.98261450,0
1647820800000,41286.21000000,41452.39000000,41199.13000000,41436.56000000,29.14293000,1647824399999,1204753.19940690,954,19.91209000,823430.71086830,0
1647824400000,41439.19000000,41467.70000000,41197.41000000,41236.32000000,23.76874000,1647827999999,981487.34080000,778,10.42398000,430180.12979930,0
1647828000000,41242.97000000,41294.22000000,40426.19000000,40822.30000000,91.04553000,1647831599999,3712349.38350720,3488,45.11878000,1839621.33899110,0
1647831600000,40804.15000000,41000.31000000,40722.08000000,40856.16000000,20.52630000,1647835199999,838379.51121700,861,10.67486000,436117.84059440,0
1647835200000,40860.21000000,40936.02000000,40736.88000000,40886.71000000,27.97303000,1647838799999,1142008.73066020,995,12.42373000,507111.84919000,0
1647838800000,40884.44000000,40984.81000000,40853.41000000,40967.08000000,18.93349000,1647842399999,774833.80505280,788,9.01710000,368917.94268950,0
1647842400000,40975.60000000,41106.81000000,40791.08000000,40878.53000000,44.43112000,1647845999999,1818904.21740670,2002,15.88832000,650391.28931010,0
1647846000000,40876.86000000,41148.97000000,40769.82000000,41120.31000000,32.78800000,1647849599999,1344413.98304690,1153,14.34258000,587808.72690470,0
1647849600000,41120.31000000,41375.73000000,41113.52000000,41177.15000000,35.77309000,1647853199999,1474836.84479520,1667,13.65323000,563040.95510830,0
1647853200000,41176.62000000,41379.29000000,41110.34000000,41351.01000000,46.16845000,1647856799999,1905135.64346190,1300,26.55672000,1096335.05379620,0
1647856800000,41351.50000000,41455.75000000,41286.21000000,41349.10000000,31.22048000,1647860399999,1291636.68098110,1085,8.08733000,334556.51315950,0
1647860400000,41358.72000000,41503.42000000,41190.53000000,41262.36000000,36.36800000,1647863999999,1502748.02529590,1208,14.80661000,611918.31775040,0
1647864000000,41278.49000000,41326.86000000,40938.78000000,41230.09000000,83.13739000,1647867599999,3422437.09979860,2461,39.99323000,1646085.41623180,0
1647867600000,41256.08000000,41586.20000000,41118.69000000,41118.69000000,67.73333000,1647871199999,2799411.25431240,2133,25.35449000,1047688.77301370,0
1647871200000,41118.69000000,41208.59000000,40758.63000000,41051.13000000,91.98238000,1647874799999,3764833.87435930,2643,38.43113000,1573905.51258720,0
1647874800000,41049.84000000,41262.26000000,40918.64000000,41240.46000000,68.69664000,1647878399999,2825044.41078590,2031,40.48230000,1664600.64266970,0
1647878400000,41238.81000000,41258.54000000,40794.35000000,40804.17000000,77.41507000,1647881999999,3172863.39169190,2095,44.00167000,1802778.29872340,0
1647882000000,40802.10000000,41083.42000000,40774.09000000,41072.58000000,47.71902000,1647885599999,1953689.36383630,1482,30.49387000,1248368.44548450,0
1647885600000,41072.93000000,41171.24000000,40951.10000000,40951.10000000,41.78648000,1647889199999,1715629.29567870,1070,22.96616000,942772.50109740,0
1647889200000,40950.67000000,41207.99000000,40878.54000000,41193.28000000,22.75754000,1647892799999,933084.19865050,940,10.77387000,441843.27691920,0
1647892800000,41195.42000000,41294.27000000,41133.50000000,41136.15000000,31.90927000,1647896399999,1314314.04551670,1047,10.06280000,414533.45060020,0
1647896400000,41134.38000000,41339.26000000,41069.79000000,41318.91000000,20.79289000,1647899999999,856290.25568360,887,14.47301000,595939.27193360,0
1647900000000,41313.82000000,41384.32000000,41126.39000000,41126.39000000,27.24975000,1647903599999,1125000.08877520,1273,12.31632000,508540.33389810,0
1647903600000,41128.03000000,41174.58000000,40965.51000000,41030.02000000,33.09837000,1647907199999,1359064.11040450,1244,16.26832000,667921.51751630,0
1647907200000,41009.60000000,41190.93000000,40888.37000000,41150.95000000,53.25405000,1647910799999,2184658.91142760,1672,22.67340000,930001.12445420,0
1647910800000,41150.96000000,41205.42000000,41043.49000000,41193.88000000,29.36388000,1647914399999,1207801.21684950,1032,12.67409000,521253.54476960,0
1647914400000,41195.35000000,42053.02000000,41168.78000000,41847.74000000,117.10281000,1647917999999,4887954.64508500,4475,64.77716000,2703331.04191530,0
1647918000000,41863.00000000,42529.84000000,41863.00000000,42257.07000000,99.38871000,1647921599999,4200028.96578520,3654,58.29678000,2464006.64317650,0
1647921600000,42273.81000000,43390.25000000,42252.05000000,43003.39000000,216.24558000,1647925199999,9257661.12238330,8906,113.55106000,4862562.93353320,0
1647925200000,43011.85000000,43110.61000000,42827.10000000,42871.63000000,70.19498000,1647928799999,3013597.66692050,2700,39.96237000,1715342.46806700,0
1647928800000,42862.39000000,42895.71000000,42011.95000000,42253.10000000,153.30684000,1647932399999,6492601.06056350,4790,86.42388000,3658454.76629640,0
1647932400000,42254.38000000,42394.58000000,42197.46000000,42239.77000000,51.69701000,1647935999999,2186079.69384450,2158,25.87945000,1094394.89824260,0
1647936000000,42246.77000000,42709.97000000,42112.82000000,42574.53000000,80.58324000,1647939599999,3422793.15781590,3032,35.70937000,1516292.61513940,0
1647939600000,42575.67000000,42616.71000000,42410.44000000,42485.54000000,35.02801000,1647943199999,1489347.88752250,1771,13.52431000,575061.01450540,0
1647943200000,42479.82000000,42950.00000000,42465.36000000,42856.09000000,89.13037000,1647946799999,3813200.97812280,3068,28.13625000,1202543.32332250,0
1647946800000,42850.74000000,43035.21000000,42783.23000000,43007.87000000,116.58428000,1647950399999,5006284.78532430,3036,34.37159000,1475906.93479750,0
1647950400000,43007.60000000,43100.38000000,42785.40000000,42975.85000000,181.26841000,1647953999999,7779631.15919570,3649,45.70989000,1962394.68996800,0
1647954000000,42979.60000000,43052.35000000,42713.98000000,42842.11000000,114.42614000,1647957599999,4908606.03550550,3664,35.81146000,1536046.71558590,0
1647957600000,42865.24000000,43258.05000000,42755.61000000,42780.31000000,158.60722000,1647961199999,6814029.86460380,4975,52.36268000,2249793.61327330,0
1647961200000,42781.37000000,42810.89000000,42589.51000000,42596.20000000,46.72644000,1647964799999,1995970.42078450,2250,20.39796000,871374.70023970,0
1647964800000,42599.82000000,42720.18000000,42479.35000000,42537.56000000,69.13236000,1647968399999,2944246.99274720,2307,34.65768000,1476319.17029260,0
1647968400000,42533.78000000,42645.59000000,42498.12000000,42645.59000000,29.92478000,1647971999999,1274597.85667040,1370,16.02031000,682294.27583650,0
1647972000000,42638.15000000,42645.34000000,42504.87000000,42580.03000000,23.75768000,1647975599999,1011423.92277340,1216,10.81425000,460386.07298470,0
1647975600000,42574.72000000,42721.00000000,42288.95000000,42307.37000000,63.73079000,1647979199999,2709646.41928980,2041,31.35180000,1333271.04116700,0
1647979200000,42301.24000000,42655.33000000,42284.69000000,42596.44000000,63.78842000,1647982799999,2709573.25998160,2232,37.51332000,1593478.29658690,0
1647982800000,42616.46000000,42925.99000000,42591.11000000,42843.30000000,35.75003000,1647986399999,1528479.56111210,1684,19.23711000,822567.92023820,0
1647986400000,42840.47000000,42850.32000000,42489.79000000,42548.13000000,48.34341000,1647989999999,2059956.86656660,1872,21.77579000,927815.37490680,0
1647990000000,42555.71000000,42557.57000000,42280.69000000,42384.06000000,45.31438000,1647993599999,1922151.52897990,1737,24.09481000,1021927.83222490,0
1647993600000,42377.68000000,42502.77000000,42299.08000000,42421.28000000,44.91699000,1647997199999,1904366.52647670,1594,21.27858000,902108.05382360,0
1647997200000,42418.72000000,42418.72000000,41901.39000000,42353.17000000,72.32564000,1648000799999,3048848.82918100,2879,34.27510000,1444708.92153970,0
1648000800000,42337.65000000,42545.41000000,42269.88000000,42349.00000000,40.95210000,1648004399999,1736835.07852180,1880,20.08646000,851716.20917080,0
1648004400000,42348.59000000,42388.77000000,42080.27000000,42106.84000000,52.99120000,1648007999999,2236947.62394530,2059,20.82941000,879389.61213620,0
1648008000000,42097.47000000,42216.88000000,41768.91000000,41963.38000000,83.37042000,1648011599999,3496613.61808910,2807,38.86077000,1630205.55029620,0
1648011600000,41966.33000000,42084.81000000,41802.44000000,42055.20000000,44.37036000,1648015199999,1860579.59326410,2024,24.62579000,1032616.19824210,0
1648015200000,42045.33000000,42268.52000000,41975.04000000,42260.57000000,36.88212000,1648018799999,1554004.38479940,1667,20.10079000,846978.23297540,0
1648018800000,42254.29000000,42279.46000000,42062.50000000,42127.69000000,45.42692000,1648022399999,1914753.65091760,1535,26.44289000,1114637.44945350,0
1648022400000,42127.62000000,42361.51000000,42004.51000000,42242.61000000,74.00550000,1648025999999,3121825.76177370,1989,51.87914000,2187856.70620900,0
1648026000000,42242.61000000,42317.31000000,42033.13000000,42185.51000000,57.88286000,1648029599999,2440167.67241410,1871,31.20679000,1315313.23900870,0
1648029600000,42186.52000000,42322.42000000,42120.64000000,42172.39000000,33.19978000,1648033199999,1401582.29343110,1223,14.07659000,594129.16478220,0
1648033200000,42175.41000000,42202.82000000,41902.23000000,42050.60000000,50.07572000,1648036799999,2104333.83239110,1710,28.23730000,1186210.54952740,0
1648036800000,42056.29000000,42465.47000000,41895.71000000,42378.13000000,60.76720000,1648040399999,2563750.52449490,2370,34.01358000,1434981.10474440,0
1648040400000,42375.16000000,42459.88000000,41995.46000000,42035.82000000,80.46006000,1648043999999,3392282.02626510,2605,48.04186000,2024965.92692420,0
1648044000000,42031.58000000,42435.18000000,41986.04000000,42410.55000000,92.30177000,1648047599999,3897085.28603260,3803,51.33551000,2167474.04743600,0
1648047600000,42410.66000000,42750.41000000,42321.27000000,42638.00000000,86.46896000,1648051199999,3678642.48022570,3593,35.83806000,1524909.30368910,0
1648051200000,42637.99000000,42794.99000000,42506.31000000,42597.92000000,53.54319000,1648054799999,2283175.83722150,2699,19.98799000,852033.83764420,0
1648054800000,42599.66000000,42620.71000000,42071.98000000,42179.15000000,66.42566000,1648058399999,2811296.67297970,2972,32.92494000,1393878.57735910,0
1648058400000,42176.67000000,42235.54000000,42000.00000000,42102.54000000,71.05169000,1648061999999,2994130.24931480,2475,35.86002000,1511132.57543940,0
1648062000000,42101.55000000,42430.25000000,42084.12000000,42237.19000000,41.84798000,1648065599999,1768298.73949460,2234,21.96018000,927944.78716460,0
1648065600000,42227.27000000,42419.84000000,42209.67000000,42367.96000000,24.49131000,1648069199999,1036354.45726570,1363,11.21382000,474428.80323740,0
1648069200000,42367.93000000,42426.32000000,42265.94000000,42405.99000000,14.38202000,1648072799999,608916.14835840,1158,5.78918000,245071.88942560,0
1648072800000,42407.56000000,42585.61000000,42350.02000000,42507.10000000,21.72585000,1648076399999,922613.68776280,1586,8.56844000,363902.27492580,0
1648076400000,42509.15000000,43036.08000000,42420.39000000,42899.59000000,67.53207000,1648079999999,2886337.73723380,3237,38.08859000,1628287.31464900,0
1648080000000,42904.88000000,43300.00000000,42778.79000000,43055.95000000,87.17276000,1648083599999,3753736.59048750,3911,41.68653000,1795006.65794270,0
1648083600000,43049.79000000,43104.07000000,42721.47000000,42829.39000000,45.45409000,1648087199999,1949183.52189880,2020,23.43130000,1004347.66001050,0
1648087200000,42839.08000000,42975.99000000,42671.43000000,42965.90000000,26.42083000,1648090799999,1131169.80489080,1503,12.68721000,543143.97751410,0
1648090800000,42973.29000000,42980.83000000,42700.00000000,42732.12000000,35.74640000,1648094399999,1531395.90407020,1299,13.60598000,582964.45491790,0
1648094400000,42738.53000000,42976.57000000,42738.53000000,42918.93000000,33.32741000,1648097999999,1428963.01394470,1304,13.24429000,567830.71171470,0
1648098000000,42920.69000000,43065.18000000,42786.59000000,43040.25000000,49.98453000,1648101599999,2144141.87278260,1752,17.88578000,767299.77405630,0
1648101600000,43038.70000000,43500.00000000,43005.10000000,43226.38000000,85.22246000,1648105199999,3680296.35510430,4176,43.45297000,1876778.24377770,0
1648105200000,43225.49000000,43265.34000000,42915.71000000,43100.00000000,57.28063000,1648108799999,2468763.79079240,2707,32.01556000,1379981.88903120,0
1648108800000,43100.00000000,43187.48000000,42996.32000000,43067.95000000,68.10659000,1648112399999,2933801.54566190,2172,41.26543000,1777327.01308000,0
1648112400000,43066.90000000,43228.51000000,42866.29000000,43045.96000000,70.55900000,1648115999999,3039592.98913370,3012,37.76337000,1627040.30550780,0
1648116000000,43049.09000000,43121.07000000,42929.30000000,43028.47000000,46.67157000,1648119599999,2008171.92058670,2256,20.25178000,871375.06342860,0
1648119600000,43028.46000000,43113.56000000,42885.51000000,42982.19000000,38.81424000,1648123199999,1669141.31071730,1969,18.09277000,778063.02791460,0
1648123200000,42989.01000000,43097.84000000,42772.69000000,42833.26000000,84.23432000,1648126799999,3617340.51974310,2996,40.20432000,1726763.05909230,0
1648126800000,42832.22000000,43112.61000000,42549.20000000,43005.07000000,80.35445000,1648130399999,3445904.80222010,3439,37.00201000,1586347.29931590,0
1648130400000,43013.71000000,43636.31000000,42911.61000000,43604.70000000,119.07923000,1648133999999,5151091.97765740,4211,53.03624000,2294773.20897910,0
1648134000000,43607.90000000,44045.82000000,43500.00000000,44006.92000000,242.43750000,1648137599999,10624941.72567960,6464,95.53393000,4187666.09285420,0
1648137600000,44018.79000000,44215.36000000,43866.57000000,44023.44000000,113.52793000,1648141199999,4994234.80793310,3585,47.15994000,2074865.64683210,0
1648141200000,44023.95000000,44247.00000000,43830.15000000,43835.62000000,108.94974000,1648144799999,4799426.00702710,3375,52.03262000,2292336.35706230,0
1648144800000,43835.62000000,44018.30000000,43787.95000000,44009.81000000,74.94976000,1648148399999,3289947.86496580,2245,27.52709000,1208285.60659670,0
1648148400000,44011.84000000,44100.96000000,43910.44000000,43924.46000000,66.84389000,1648151999999,2941944.16681010,2045,17.03935000,749901.05528530,0
1648152000000,43935.59000000,43988.69000000,43835.40000000,43891.75000000,75.20880000,1648155599999,3302712.26899200,1875,44.38229000,1949063.45688420,0
1648155600000,43889.62000000,44083.05000000,43825.27000000,44057.17000000,41.88879000,1648159199999,1840021.62229580,1465,24.60467000,1080536.99336800,0
1648159200000,44056.54000000,44127.66000000,43918.91000000,43975.52000000,38.31982000,1648162799999,1687105.10454320,1313,12.19559000,536916.61381160,0
1648162800000,43974.89000000,44025.93000000,43896.20000000,44010.06000000,34.66031000,1648166399999,1523659.62017690,1159,12.07685000,530931.40673850,0
1648166400000,43999.48000000,44033.24000000,43881.31000000,43991.68000000,23.08988000,1648169999999,1014765.08250710,1005,13.55665000,595813.51010090,0
1648170000000,43990.85000000,44462.13000000,43960.90000000,44152.51000000,71.44299000,1648173599999,3156944.95830890,2570,32.18127000,1422025.47926970,0
1648173600000,44152.51000000,44186.11000000,43894.63000000,43973.53000000,46.53902000,1648177199999,2048560.26297590,1854,23.72782000,1044625.44991390,0
1648177200000,43965.74000000,44019.01000000,43890.34000000,43970.87000000,26.94377000,1648180799999,1184382.56851760,1156,13.40666000,589323.17977590,0
1648180800000,43983.97000000,44123.91000000,43927.40000000,44119.00000000,32.41694000,1648184399999,1426830.70331840,1340,17.49902000,770309.01683820,0
1648184400000,44120.50000000,44131.97000000,44014.97000000,44095.83000000,23.09007000,1648187999999,1017880.08013580,1423,11.17174000,492450.30548640,0
1648188000000,44097.91000000,44227.05000000,44000.01000000,44133.31000000,46.88986000,1648191599999,2069794.47748020,2262,24.55324000,1083784.51028290,0
1648191600000,44133.31000000,44217.81000000,43926.97000000,43939.91000000,42.59154000,1648195199999,1878746.93174420,1991,23.38616000,1031669.31445780,0
1648195200000,43937.11000000,44105.47000000,43610.93000000,44037.00000000,49.62882000,1648198799999,2176800.94838260,2603,25.06414000,1099845.26488850,0
1648198800000,44025.78000000,44200.12000000,43931.71000000,44146.27000000,33.98851000,1648202399999,1498237.10764190,1882,18.81898000,829535.00021070,0
1648202400000,44146.28000000,44373.40000000,44092.99000000,44262.73000000,38.07331000,1648205999999,1682400.80431750,1952,21.05962000,930644.43861880,0
1648206000000,44262.72000000,44683.10000000,44226.45000000,44617.26000000,152.34126000,1648209599999,6773021.49856000,4057,85.45902000,3796363.68054660,0
1648209600000,44615.65000000,44938.08000000,44475.39000000,44863.18000000,68.71226000,1648213199999,3075234.83173050,2912,31.85565000,1425287.88467820,0
1648213200000,44865.52000000,45112.95000000,44779.79000000,45005.42000000,84.19601000,1648216799999,3781375.40195160,3292,48.44693000,2175905.53234550,0
1648216800000,45008.93000000,45120.73000000,44708.20000000,44894.44000000,81.20691000,1648220399999,3650160.50197690,3642,34.15165000,1534808.31591940,0
1648220400000,44896.51000000,44903.27000000,44213.76000000,44340.53000000,258.17386000,1648223999999,11486373.71710840,6842,176.49530000,7852916.74533370,0
1648224000000,44336.82000000,44602.11000000,44160.62000000,44168.07000000,84.50879000,1648227599999,3748474.45312100,3386,51.98320000,2305521.29158000,0
1648227600000,44167.76000000,44360.61000000,44032.06000000,44337.57000000,59.01358000,1648231199999,2608717.95748490,2604,32.93757000,1455835.49400260,0
1648231200000,44350.02000000,44533.18000000,44319.43000000,44483.03000000,45.13832000,1648234799999,2005473.21877740,2369,19.22960000,854245.62215790,0
1648234800000,44474.76000000,44491.62000000,44179.72000000,44450.00000000,38.19823000,1648238399999,1693346.30047190,1879,21.28330000,943237.16987100,0
1648238400000,44445.30000000,44659.92000000,44375.22000000,44568.75000000,39.58510000,1648241999999,1761141.45846470,1892,20.49030000,911835.78789520,0
1648242000000,44570.65000000,44570.65000000,44424.09000000,44540.70000000,16.09984000,1648245599999,716431.44226110,992,7.78798000,346569.97460200,0
1648245600000,44548.10000000,44559.32000000,44283.73000000,44318.33000000,29.09187000,1648249199999,1291115.24482710,1473,15.16043000,672884.58071750,0
1648249200000,44318.54000000,44405.46000000,44251.54000000,44330.65000000,20.38414000,1648252799999,903616.01973630,1005,12.46649000,552626.03065990,0
1648252800000,44334.19000000,44469.45000000,44132.26000000,44162.96000000,25.92819000,1648256399999,1150014.78511150,1311,12.40460000,550371.28827260,0
1648256400000,44152.26000000,44369.05000000,44093.03000000,44298.89000000,20.03164000,1648259999999,886354.59462440,1008,11.40576000,504629.00521540,0
1648260000000,44315.74000000,44393.96000000,44209.64000000,44304.95000000,27.36479000,1648263599999,1212992.69504980,1188,12.69827000,562945.42546460,0
1648263600000,44305.84000000,44448.12000000,44272.60000000,44415.13000000,35.40237000,1648267199999,1571537.20141050,1426,18.85485000,836925.22914630,0
1648267200000,44414.75000000,44476.77000000,44389.98000000,44428.03000000,20.16863000,1648270799999,896254.63792390,911,10.78093000,479084.75129540,0
1648270800000,44427.87000000,44533.19000000,44376.62000000,44518.64000000,19.22048000,1648274399999,854304.75592430,952,8.47354000,376594.05104980,0
1648274400000,44518.00000000,44562.83000000,44389.93000000,44461.41000000,32.69286000,1648277999999,1453796.08976330,1197,12.67002000,563458.86775020,0
1648278000000,44464.49000000,44572.13000000,44386.00000000,44533.11000000,29.80791000,1648281599999,1325599.21955290,1244,14.25671000,634033.24218290,0
1648281600000,44530.66000000,44603.83000000,44464.88000000,44519.26000000,49.50406000,1648285199999,2203192.54639740,1772,27.64582000,1230191.05090830,0
1648285200000,44516.03000000,44538.91000000,44443.64000000,44510.90000000,35.32357000,1648288799999,1571657.46167390,1318,12.45020000,553810.77415930,0
1648288800000,44510.15000000,44518.37000000,44400.94000000,44453.02000000,21.08306000,1648292399999,937366.88432610,1130,11.40482000,507074.09779700,0
1648292400000,44465.42000000,44512.85000000,44349.72000000,44356.32000000,15.93470000,1648295999999,708261.70625350,1188,6.94726000,308713.70369950,0
1648296000000,44360.21000000,44439.80000000,44249.84000000,44384.02000000,39.92905000,1648299599999,1770651.35876870,1901,22.14835000,982217.80150660,0
1648299600000,44367.03000000,44418.11000000,44190.91000000,44275.56000000,32.45790000,1648303199999,1437284.63336950,1564,15.34298000,679319.91752210,0
1648303200000,44274.79000000,44299.37000000,44171.01000000,44273.47000000,21.55099000,1648306799999,953303.82578150,1222,9.35564000,413827.60458820,0
1648306800000,44273.47000000,44352.96000000,44212.70000000,44228.62000000,24.28495000,1648310399999,1075382.30350620,1267,13.21517000,585194.18792090,0
1648310400000,44226.16000000,44331.80000000,44159.77000000,44312.45000000,28.13043000,1648313999999,1245123.61455360,1326,16.46165000,728678.56158460,0
1648314000000,44316.30000000,44452.16000000,44304.05000000,44393.17000000,30.87222000,1648317599999,1370555.10003360,1795,12.35228000,548181.19603210,0
1648317600000,44393.17000000,44488.72000000,44386.47000000,44466.56000000,26.42582000,1648321199999,1174024.52834440,1187,15.77610000,700806.32910270,0
1648321200000,44456.53000000,44480.56000000,44335.73000000,44388.02000000,24.74054000,1648324799999,1098207.82029510,1107,13.52855000,600399.70024860,0
1648324800000,44388.80000000,44834.99000000,44380.41000000,44591.32000000,72.08864000,1648328399999,3217355.63931620,2989,41.41228000,1847498.75662750,0
1648328400000,44595.84000000,44602.54000000,44266.79000000,44463.03000000,28.36182000,1648331999999,1259467.32677200,1593,12.95106000,574994.54094360,0
1648332000000,44463.51000000,44540.75000000,44387.33000000,44391.57000000,17.07161000,1648335599999,759092.33580250,1096,7.44760000,331155.55576360,0
1648335600000,44390.82000000,44592.02000000,44390.35000000,44539.75000000,24.21008000,1648339199999,1077087.55808210,1394,12.25766000,545301.87136520,0
1648339200000,44531.90000000,44763.98000000,44503.18000000,44734.85000000,26.19368000,1648342799999,1168971.32364730,1494,15.20679000,678578.38936940,0
1648342800000,44734.85000000,44793.62000000,44602.44000000,44743.33000000,29.71276000,1648346399999,1327964.37994340,1422,13.71861000,613158.95735990,0
1648346400000,44743.43000000,44974.18000000,44687.52000000,44721.30000000,37.76357000,1648349999999,1693086.12616770,1780,20.20140000,905581.18168770,0
1648350000000,44722.06000000,44738.42000000,44641.67000000,44734.19000000,10.88071000,1648353599999,486285.60418220,834,5.10415000,228112.12585250,0
1648353600000,44731.87000000,44779.12000000,44568.41000000,44599.21000000,26.87923000,1648357199999,1200143.83105350,1097,13.97187000,623701.50404920,0
1648357200000,44596.76000000,44737.18000000,44591.62000000,44658.30000000,12.77970000,1648360799999,571025.30802470,839,6.08469000,271856.18143830,0
1648360800000,44658.30000000,44752.30000000,44644.42000000,44678.66000000,13.94155000,1648364399999,623137.12670540,939,6.45148000,288392.50776140,0
1648364400000,44677.58000000,44765.64000000,44653.23000000,44750.45000000,16.87276000,1648367999999,754329.90552470,774,7.15458000,319829.23875970,0
1648368000000,44753.53000000,44778.90000000,44594.75000000,44625.10000000,21.90984000,1648371599999,979105.77345170,904,12.81934000,572986.85882610,0
1648371600000,44623.82000000,44721.66000000,44559.10000000,44560.71000000,20.44529000,1648375199999,912522.56305180,945,7.61585000,339911.11312200,0
1648375200000,44559.10000000,44639.36000000,44505.01000000,44547.72000000,29.57277000,1648378799999,1318237.67392860,1163,11.10951000,495306.56180330,0
1648378800000,44546.30000000,44656.62000000,44533.88000000,44582.45000000,25.18559000,1648382399999,1122877.16816520,901,7.94777000,354298.35331790,0
1648382400000,44586.91000000,44623.27000000,44451.11000000,44459.12000000,22.67204000,1648385999999,1009347.03744880,1184,11.48981000,511519.44518030,0
1648386000000,44459.11000000,44667.97000000,44445.56000000,44628.86000000,39.55818000,1648389599999,1762237.41897830,1573,18.11508000,806912.62153840,0
1648389600000,44634.75000000,44754.48000000,44604.92000000,44626.47000000,27.83728000,1648393199999,1243669.93584930,1452,12.85299000,574209.88856940,0
1648393200000,44626.59000000,44959.96000000,44546.44000000,44877.97000000,46.51970000,1648396799999,2082677.76659830,2059,22.24213000,995801.75036860,0
1648396800000,44871.59000000,45055.83000000,44696.77000000,44973.27000000,76.30131000,1648400399999,3425361.38831460,2435,40.60618000,1822943.62831060,0
1648400400000,44970.91000000,44987.03000000,44799.33000000,44937.37000000,30.47692000,1648403999999,1367602.90132040,1632,14.56489000,653514.17996990,0
1648404000000,44937.56000000,45001.62000000,44855.91000000,44862.55000000,28.38566000,1648407599999,1275234.32591820,1423,15.53568000,698005.35742760,0
1648407600000,44861.94000000,44906.77000000,44829.10000000,44855.60000000,16.79168000,1648411199999,753368.34513940,1060,7.69335000,345148.30302950,0
1648411200000,44855.61000000,46697.00000000,44699.01000000,46133.15000000,296.04484000,1648414799999,13574245.78752100,8284,189.46708000,8694604.63970660,0
1648414800000,46133.15000000,46804.75000000,45855.71000000,46574.77000000,170.53636000,1648418399999,7906476.29343310,6474,81.92680000,3795952.46626490,0
1648418400000,46581.66000000,47000.00000000,46378.12000000,46628.63000000,218.17048000,1648421999999,10184118.16371110,5699,140.91844000,6579467.09144950,0
1648422000000,46628.63000000,46885.32000000,46573.88000000,46855.47000000,64.80304000,1648425599999,3027251.24639710,2560,37.74903000,1763016.72379650,0
1648425600000,46844.65000000,47674.41000000,46677.84000000,46936.73000000,154.21014000,1648429199999,7252687.28466140,5743,86.15838000,4051933.11583460,0
1648429200000,46936.73000000,47048.96000000,46713.05000000,46823.98000000,57.35562000,1648432799999,2689300.30031790,2814,25.71512000,1205498.91788780,0
1648432800000,46825.27000000,47039.63000000,46795.34000000,46940.07000000,43.88683000,1648436399999,2058924.37074160,1912,25.32680000,1188456.00426810,0
1648436400000,46937.33000000,47067.01000000,46863.88000000,47067.01000000,35.44434000,1648439999999,1664614.67132900,1654,17.43169000,818683.76153030,0
1648440000000,47066.73000000,47221.94000000,46886.03000000,47140.56000000,38.91289000,1648443599999,1829533.38267970,1948,17.91577000,842252.57355160,0
1648443600000,47140.56000000,47394.30000000,47068.79000000,47079.25000000,66.55377000,1648447199999,3141608.34942120,2978,32.71342000,1544311.88372820,0
1648447200000,47074.12000000,47130.48000000,46762.27000000,46922.70000000,53.05954000,1648450799999,2489058.60577870,2726,20.03619000,939838.99547820,0
1648450800000,46922.70000000,47126.83000000,46906.72000000,47010.69000000,68.91492000,1648454399999,3239710.86374620,2609,33.30262000,1565584.88373090,0
1648454400000,47008.34000000,47073.15000000,46861.47000000,47042.36000000,43.15171000,1648457999999,2026529.55103080,2011,19.78141000,928973.33838060,0
1648458000000,47042.36000000,47198.60000000,46990.60000000,47156.28000000,58.64913000,1648461599999,2761268.52640220,2302,36.16773000,1702787.11585020,0
1648461600000,47155.37000000,47291.95000000,47082.77000000,47241.33000000,71.66354000,1648465199999,3381169.29101450,2856,38.47783000,1815072.55200430,0
1648465200000,47236.73000000,47396.66000000,47136.62000000,47275.08000000,66.31276000,1648468799999,3134571.81195180,2591,30.94140000,1462372.78533990,0
1648468800000,47275.30000000,47396.66000000,47146.52000000,47234.30000000,42.05548000,1648472399999,1987429.50761050,2123,21.04566000,994604.84177590,0
1648472400000,47227.88000000,47777.21000000,47200.00000000,47745.13000000,125.57071000,1648475999999,5958807.93733720,4998,59.33597000,2814830.63615390,0
1648476000000,47748.77000000,47754.55000000,47376.62000000,47625.87000000,91.67769000,1648479599999,4361424.00355800,3707,52.48469000,2496082.05708170,0
1648479600000,47628.17000000,47933.18000000,47442.48000000,47443.22000000,141.95204000,1648483199999,6764741.88954090,4792,63.68988000,3034452.50945970,0
1648483200000,47444.59000000,47572.44000000,47337.22000000,47497.24000000,71.79522000,1648486799999,3410409.48898670,2945,35.71023000,1696149.64769280,0
1648486800000,47492.01000000,47691.61000000,47345.42000000,47632.26000000,43.53701000,1648490399999,2068865.64818600,2263,25.41990000,1207735.06683850,0
1648490400000,47621.46000000,48108.61000000,47582.91000000,47998.44000000,107.10549000,1648493999999,5121906.65127790,4301,54.49250000,2606023.96534350,0
1648494000000,48000.09000000,48217.78000000,47719.32000000,47982.00000000,116.49360000,1648497599999,5593001.93266300,3754,38.21048000,1834867.01312730,0
1648497600000,47971.09000000,48054.83000000,47842.66000000,47961.65000000,61.20732000,1648501199999,2934295.02877630,1861,23.81777000,1141985.96085180,0
1648501200000,47961.21000000,48119.16000000,47480.86000000,47644.66000000,46.51844000,1648504799999,2224128.87592480,2248,22.61776000,1080844.56528300,0
1648504800000,47644.66000000,47779.80000000,47502.04000000,47567.16000000,48.93345000,1648508399999,2331448.60657780,2015,21.63939000,1031142.67321670,0
1648508400000,47555.16000000,47619.56000000,46908.25000000,47146.78000000,108.78391000,1648511999999,5139095.83185250,3807,56.29619000,2658705.12755950,0
1648512000000,47145.08000000,47630.00000000,47067.28000000,47411.16000000,58.00625000,1648515599999,2745821.39291600,2275,33.47434000,1584562.90227450,0
1648515600000,47411.46000000,47617.83000000,47358.64000000,47557.58000000,41.85432000,1648519199999,1987486.99634490,1630,18.11410000,859632.44553000,0
1648519200000,47561.54000000,47616.61000000,47402.37000000,47433.80000000,51.30526000,1648522799999,2438584.11780370,2046,17.94973000,853019.57598610,0
1648522800000,47433.80000000,47442.60000000,47338.97000000,47363.64000000,16.86635000,1648526399999,799274.51301450,948,8.95790000,424471.03630250,0
1648526400000,47358.37000000,47678.04000000,47339.15000000,47619.01000000,64.00924000,1648529999999,3043586.52296190,1973,33.09809000,1573608.71793930,0
1648530000000,47619.58000000,47688.97000000,47530.00000000,47663.26000000,30.04636000,1648533599999,1430267.04875150,1269,14.18426000,674919.08867040,0
1648533600000,47665.52000000,47792.19000000,47544.26000000,47593.79000000,34.77253000,1648537199999,1656906.52340110,1371,17.71828000,844100.27522940,0
1648537200000,47592.15000000,47609.11000000,47367.86000000,47371.09000000,22.52645000,1648540799999,1069902.28859520,1063,9.66919000,459272.53202070,0
1648540800000,47367.17000000,47654.12000000,47357.07000000,47563.67000000,29.95833000,1648544399999,1423324.41946120,1299,17.42261000,827653.59844500,0
1648544400000,47566.69000000,47762.32000000,47542.68000000,47602.29000000,47.45410000,1648547999999,2261751.74727220,2079,25.35211000,1208236.48292550,0
1648548000000,47626.99000000,47637.34000000,47456.08000000,47623.60000000,36.79757000,1648551599999,1750297.38750540,1552,20.73524000,986364.83435920,0
1648551600000,47623.60000000,47994.34000000,47594.07000000,47920.79000000,63.51727000,1648555199999,3033921.86612250,2560,30.01385000,1433686.57320960,0
1648555200000,47919.97000000,48121.00000000,47838.51000000,47868.82000000,124.50388000,1648558799999,5972555.87695020,4168,51.62537000,2476323.97038010,0
1648558800000,47871.46000000,47924.32000000,47575.75000000,47717.21000000,94.20061000,1648562399999,4502600.03338040,3220,38.97116000,1862554.50147270,0
1648562400000,47717.63000000,47874.15000000,47623.95000000,47824.56000000,52.25869000,1648565999999,2496166.11383940,2010,28.97610000,1383896.69249290,0
1648566000000,47827.68000000,48032.68000000,47365.11000000,47464.86000000,108.13337000,1648569599999,5165274.54929720,4188,48.88688000,2336333.19792730,0
1648569600000,47464.04000000,47571.79000000,47128.28000000,47491.22000000,121.47808000,1648573199999,5753765.62850530,3690,64.93728000,3075259.17626800,0
1648573200000,47515.10000000,47533.49000000,47167.01000000,47474.27000000,72.97981000,1648576799999,3454176.99947000,2608,38.01751000,1799243.44107790,0
1648576800000,47474.26000000,47604.33000000,47391.82000000,47540.00000000,47.60621000,1648580399999,2262465.84116910,2052,19.18261000,911513.42932040,0
1648580400000,47537.61000000,47904.12000000,47519.21000000,47734.97000000,133.89128000,1648583999999,6392650.65141000,3805,41.38251000,1975563.74803300,0
1648584000000,47719.76000000,47745.60000000,47342.45000000,47498.59000000,41.21315000,1648587599999,1959919.91712930,1622,24.29360000,1155012.33121000,0
1648587600000,47498.58000000,47541.07000000,47203.03000000,47298.00000000,37.17903000,1648591199999,1761333.87414230,1545,17.64815000,836208.32045630,0
1648591200000,47286.40000000,47422.51000000,46900.00000000,47345.86000000,82.28409000,1648594799999,3884707.95682060,3003,46.13684000,2179340.45849090,0
1648594800000,47353.67000000,47535.58000000,47303.47000000,47458.01000000,23.03204000,1648598399999,1092490.71264790,1266,11.86984000,563025.30450850,0
1648598400000,47458.00000000,47479.90000000,47108.06000000,47265.87000000,50.43822000,1648601999999,2383928.28567250,2003,29.16255000,1378113.57650680,0
1648602000000,47264.08000000,47264.08000000,46539.38000000,46897.93000000,111.88832000,1648605599999,5246132.39849770,4557,50.25449000,2357190.52657120,0
1648605600000,46883.61000000,47315.07000000,46814.66000000,47229.81000000,67.27103000,1648609199999,3168760.36666270,2666,45.62717000,2148851.45909480,0
1648609200000,47229.63000000,47473.10000000,47219.98000000,47451.31000000,36.21831000,1648612799999,1715429.53918250,1974,16.07218000,761261.64758060,0
1648612800000,47451.32000000,47477.26000000,47170.00000000,47253.16000000,38.33599000,1648616399999,1813043.90448780,1638,20.07785000,949546.57694560,0
1648616400000,47253.16000000,47572.43000000,47210.87000000,47505.96000000,24.96128000,1648619999999,1183202.00444930,1473,12.17239000,576909.47743240,0
1648620000000,47505.96000000,47597.43000000,47367.73000000,47421.57000000,27.40571000,1648623599999,1301334.74927740,1327,11.53277000,547660.06392160,0
1648623600000,47419.44000000,47533.25000000,47350.34000000,47401.35000000,32.50279000,1648627199999,1542064.37980420,1614,22.72089000,1077805.83728100,0
1648627200000,47401.50000000,47517.59000000,47209.95000000,47453.06000000,44.45447000,1648630799999,2106127.44406220,1963,22.50057000,1065896.50927250,0
1648630800000,47449.52000000,47469.80000000,47231.61000000,47277.54000000,23.49612000,1648634399999,1112002.77990310,1383,13.31767000,630162.83503930,0
1648634400000,47277.53000000,47341.37000000,47223.58000000,47291.10000000,33.59171000,1648637999999,1588047.23221300,1507,20.35461000,962175.20245710,0
1648638000000,47291.13000000,47481.11000000,47091.40000000,47342.77000000,42.86443000,1648641599999,2029255.35592460,2243,19.55274000,925553.21019200,0
1648641600000,47339.76000000,47361.62000000,47166.90000000,47311.98000000,44.24884000,1648645199999,2091227.26602350,2041,21.54968000,1018324.20239080,0
1648645200000,47311.44000000,47323.25000000,46919.00000000,47005.79000000,89.55279000,1648648799999,4215362.75190330,3136,56.67118000,2667592.84896650,0
1648648800000,47006.68000000,47249.40000000,46883.36000000,47137.96000000,48.47693000,1648652399999,2282538.02795850,2495,25.66820000,1208636.27028300,0
1648652400000,47134.63000000,47190.94000000,46925.42000000,47170.15000000,59.42077000,1648655999999,2795456.94585150,2173,29.82379000,1403133.05553780,0
1648656000000,47171.08000000,47350.97000000,47036.23000000,47266.25000000,67.22726000,1648659599999,3174760.42859260,2796,25.05629000,1183068.81342450,0
1648659600000,47268.21000000,47710.17000000,47188.84000000,47675.46000000,117.57452000,1648663199999,5580489.88027080,3860,65.72239000,3120691.11592980,0
1648663200000,47674.68000000,47710.93000000,47085.09000000,47148.83000000,87.85170000,1648666799999,4169327.11099350,3424,43.36764000,2055818.08091890,0
1648666800000,47138.58000000,47207.85000000,46851.45000000,47077.15000000,97.18215000,1648670399999,4567103.13882630,2998,55.44102000,2605327.80675060,0
1648670400000,47086.04000000,47288.88000000,47029.46000000,47273.47000000,48.00478000,1648673999999,2262035.01441120,1815,19.33089000,910822.32034800,0
1648674000000,47276.37000000,47310.00000000,46927.34000000,47004.01000000,51.06709000,1648677599999,2406387.26026740,1798,20.90409000,984047.43805480,0
1648677600000,47006.68000000,47108.25000000,46864.62000000,47108.25000000,35.97567000,1648681199999,1690454.62456520,1595,18.70710000,879088.02707690,0
1648681200000,47114.95000000,47205.25000000,47021.06000000,47074.42000000,20.55630000,1648684799999,969113.92186750,1184,11.73740000,553375.94902280,0
1648684800000,47066.93000000,47285.60000000,46975.99000000,47175.85000000,25.14340000,1648688399999,1184906.54640540,1438,16.70028000,786743.23224640,0
1648688400000,47169.63000000,47430.58000000,47157.22000000,47411.58000000,35.52750000,1648691999999,1679869.89788980,1891,19.70857000,931732.44719520,0
1648692000000,47417.78000000,47431.36000000,47190.36000000,47229.34000000,21.76776000,1648695599999,1028953.98460340,1132,11.43286000,540361.86320140,0
1648695600000,47225.36000000,47268.74000000,47082.78000000,47102.97000000,22.05244000,1648699199999,1040073.81105740,1290,13.95114000,657857.22681780,0
1648699200000,47102.96000000,47162.67000000,47004.34000000,47034.95000000,47.92268000,1648702799999,2255463.74681040,1736,18.81030000,885251.96958410,0
1648702800000,47029.81000000,47152.39000000,46900.00000000,47106.01000000,63.41482000,1648706399999,2982392.42308940,2935,30.80673000,1448841.47529480,0
1648706400000,47108.20000000,47200.00000000,47036.10000000,47131.55000000,37.05495000,1648709999999,1745520.30268510,1655,17.37645000,818626.18256140,0
1648710000000,47131.55000000,47182.97000000,47061.50000000,47176.70000000,35.04682000,1648713599999,1651570.93913910,1236,24.20446000,1140728.71582500,0
1648713600000,47176.70000000,47333.25000000,47077.76000000,47255.45000000,68.60499000,1648717199999,3238668.96773140,2098,48.48104000,2288502.31782280,0
1648717200000,47261.28000000,47356.97000000,47137.07000000,47314.04000000,33.90270000,1648720799999,1601494.60029900,1925,14.68834000,693974.16102420,0
1648720800000,47314.04000000,47400.00000000,47218.22000000,47290.92000000,114.14958000,1648724399999,5396006.95709990,3116,58.15425000,2748767.73748750,0
1648724400000,47290.92000000,47290.92000000,47100.01000000,47167.72000000,44.68264000,1648727999999,2107990.64177630,1983,15.86835000,748477.07048310,0
1648728000000,47167.73000000,47565.93000000,47127.95000000,47417.87000000,136.46941000,1648731599999,6467596.03968650,4710,34.81007000,1648395.27490280,0
1648731600000,47426.92000000,47624.78000000,46930.70000000,46936.67000000,155.95967000,1648735199999,7365113.67725080,5579,64.47562000,3041619.21137660,0
1648735200000,46936.66000000,46936.66000000,46162.86000000,46704.98000000,204.18795000,1648738799999,9497559.98563310,8182,100.27917000,4664330.19927700,0
1648738800000,46709.06000000,46814.93000000,46362.04000000,46462.63000000,105.98697000,1648742399999,4931694.93103890,3495,58.33493000,2713686.89669800,0
1648742400000,46462.63000000,46500.59000000,45678.00000000,45689.26000000,218.69939000,1648745999999,10069584.92187040,6990,129.48250000,5961749.80092330,0
1648746000000,45694.54000000,45896.50000000,45660.96000000,45830.48000000,118.64681000,1648749599999,5433765.94816100,4091,62.60113000,2866048.79009060,0
1648749600000,45832.43000000,45973.86000000,45612.89000000,45965.85000000,62.79158000,1648753199999,2876483.76194910,2924,34.10190000,1562286.73712060,0
1648753200000,45967.63000000,46005.34000000,45511.29000000,45590.87000000,129.59984000,1648756799999,5920472.40971740,3604,81.01396000,3697351.15160930,0
1648756800000,45590.82000000,45814.26000000,45532.31000000,45754.78000000,70.69917000,1648760399999,3227804.00299990,2244,33.84238000,1545355.56810550,0
1648760400000,45754.81000000,45926.79000000,45655.16000000,45776.12000000,30.38104000,1648763999999,1391175.21553290,1111,13.58601000,622056.16335500,0
1648764000000,45775.52000000,45834.83000000,45668.90000000,45810.16000000,42.60433000,1648767599999,1950029.57404370,1653,24.86611000,1138228.12828130,0
1648767600000,45810.16000000,45810.16000000,45214.80000000,45526.00000000,94.31513000,1648771199999,4292518.38877580,3216,46.80859000,2129265.10068450,0
1648771200000,45524.38000000,45651.36000000,45370.39000000,45550.90000000,66.77221000,1648774799999,3041437.16801070,2827,31.68939000,1443227.32150380,0
1648774800000,45549.33000000,45549.33000000,44890.28000000,44926.70000000,123.49884000,1648778399999,5578907.83086480,4519,53.98704000,2438901.61875150,0
1648778400000,44933.56000000,45076.22000000,44233.01000000,44404.47000000,132.55602000,1648781999999,5924474.84542970,5892,59.10631000,2642423.64416940,0
1648782000000,44396.31000000,44606.36000000,44281.31000000,44606.36000000,61.05667000,1648785599999,2714807.99324270,3031,29.49976000,1311848.87569940,0
1648785600000,44606.36000000,44791.65000000,44545.62000000,44663.54000000,46.91607000,1648789199999,2096103.70976810,2357,22.12336000,988404.95093740,0
1648789200000,44656.41000000,44801.03000000,44540.63000000,44660.30000000,56.40785000,1648792799999,2521319.45356420,2368,23.08704000,1031669.71908380,0
1648792800000,44660.30000000,44859.36000000,44584.54000000,44809.53000000,56.51611000,1648796399999,2526936.01630380,2187,27.92170000,1247424.46601890,0
1648796400000,44817.75000000,45122.07000000,44812.02000000,45031.99000000,69.64125000,1648799999999,3131010.10903480,3195,42.67265000,1919153.33743090,0
1648800000000,45033.85000000,45333.56000000,45025.86000000,45146.97000000,75.66209000,1648803599999,3419799.23411680,3224,34.46979000,1557979.18285700,0
1648803600000,45153.83000000,45261.35000000,45002.06000000,45094.41000000,89.72671000,1648807199999,4050447.95878770,3844,33.62190000,1517953.78481820,0
1648807200000,45077.28000000,45253.39000000,45012.31000000,45236.99000000,43.67054000,1648810799999,1970611.11976780,2307,19.30553000,871370.85892190,0
1648810800000,45239.41000000,45290.54000000,45023.59000000,45080.90000000,65.67390000,1648814399999,2965398.44375990,2990,30.16399000,1362048.49808300,0
1648814400000,45087.74000000,45436.50000000,44731.08000000,45265.88000000,176.82561000,1648817999999,7965135.38296860,6187,75.21594000,3389546.80937610,0
1648818000000,45261.22000000,45615.39000000,45261.22000000,45447.39000000,139.84862000,1648821599999,6358949.15264910,4382,42.71726000,1941965.51902810,0
1648821600000,45447.88000000,46193.13000000,45437.45000000,46148.23000000,192.05782000,1648825199999,8777527.94208810,6313,89.38577000,4085952.82160550,0
1648825200000,46143.13000000,46772.07000000,46133.17000000,46541.88000000,232.87171000,1648828799999,10828841.75124580,7250,98.11680000,4563920.58008450,0
1648828800000,46547.71000000,46604.01000000,46030.59000000,46046.99000000,80.22225000,1648832399999,3722888.63501310,3144,37.37228000,1735101.17279790,0
1648832400000,46038.21000000,46551.36000000,45920.87000000,46480.39000000,65.23127000,1648835999999,3018720.34738960,3596,33.96885000,1571881.68498050,0
1648836000000,46478.99000000,46600.00000000,46266.73000000,46354.63000000,53.39923000,1648839599999,2478984.57157910,2595,27.39165000,1271612.30454110,0
1648839600000,46349.09000000,46408.16000000,46153.32000000,46378.68000000,46.91680000,1648843199999,2170904.24586460,2387,25.70699000,1189497.06367670,0
1648843200000,46382.86000000,46398.88000000,46110.00000000,46165.42000000,45.39015000,1648846799999,2101067.78746100,2340,25.06245000,1160010.95753380,0
1648846800000,46161.29000000,46456.83000000,46156.37000000,46313.71000000,26.17490000,1648850399999,1211080.51850150,1258,15.29588000,707720.36981820,0
1648850400000,46313.99000000,46411.34000000,46179.66000000,46384.12000000,47.92439000,1648853999999,2220393.99337610,1606,23.08412000,1069379.80313870,0
1648854000000,46383.76000000,46383.76000000,46138.72000000,46295.66000000,35.48948000,1648857599999,1641617.03310210,1458,18.34977000,848819.40958130,0
1648857600000,46288.44000000,47221.94000000,46100.91000000,46919.14000000,84.59612000,1648861199999,3941018.93663460,3662,45.38578000,2116148.87154030,0
1648861200000,46918.00000000,47061.52000000,46523.13000000,46761.37000000,105.55452000,1648864799999,4940506.30902150,4291,52.06268000,2436261.77483300,0
1648864800000,46761.38000000,46878.36000000,46275.38000000,46520.02000000,59.44584000,1648868399999,2771136.48358720,2773,30.11401000,1403802.16663120,0
1648868400000,46507.38000000,46611.29000000,46380.11000000,46611.29000000,41.73121000,1648871999999,1939966.65510480,1752,16.00383000,743891.46306920,0
1648872000000,46617.00000000,46713.36000000,46507.21000000,46549.55000000,26.48749000,1648875599999,1233713.66853130,1391,12.93796000,602648.75716230,0
1648875600000,46549.55000000,46646.64000000,46416.97000000,46561.65000000,34.03435000,1648879199999,1584047.60854930,1409,17.89562000,832951.92877730,0
1648879200000,46558.28000000,46676.54000000,46481.39000000,46650.89000000,40.98440000,1648882799999,1908797.01056630,1657,21.00304000,978265.41779260,0
1648882800000,46648.55000000,46671.31000000,46449.41000000,46604.44000000,44.54062000,1648886399999,2073830.64263890,2004,23.01887000,1071858.27139340,0
1648886400000,46605.23000000,46605.24000000,46507.99000000,46567.03000000,32.77817000,1648889999999,1526114.75747400,1699,17.40317000,810232.16904630,0
1648890000000,46567.03000000,46773.91000000,46532.13000000,46702.84000000,47.48073000,1648893599999,2214833.37104470,1932,21.02884000,980442.14671130,0
1648893600000,46697.20000000,46747.07000000,46566.21000000,46735.60000000,34.49162000,1648897199999,1608903.71867860,1844,17.78348000,829453.89268830,0
1648897200000,46738.98000000,46767.53000000,46563.32000000,46563.32000000,27.59809000,1648900799999,1287531.71016210,1450,15.92932000,743112.89138400,0
1648900800000,46562.50000000,46892.70000000,46253.23000000,46731.68000000,88.07133000,1648904399999,4109565.10165750,3694,47.09425000,2197252.70885460,0
1648904400000,46731.00000000,46952.06000000,46665.79000000,46749.78000000,97.11932000,1648907999999,4548980.44401880,2788,62.59451000,2932029.26664790,0
1648908000000,46749.79000000,46813.84000000,46590.49000000,46631.05000000,39.33968000,1648911599999,1836536.90893620,1644,19.35475000,903548.09426850,0
1648911600000,46632.06000000,46632.06000000,46150.01000000,46288.48000000,71.42998000,1648915199999,3312100.06982940,2807,30.95983000,1434816.62542670,0
1648915200000,46308.68000000,46437.90000000,46180.25000000,46323.68000000,44.44963000,1648918799999,2058952.44027450,1796,21.04188000,974623.48017690,0
1648918800000,46324.06000000,46500.00000000,46268.04000000,46378.09000000,33.36154000,1648922399999,1547597.53477660,1458,16.07577000,745710.36471310,0
1648922400000,46381.08000000,46412.87000000,45643.49000000,45849.75000000,95.90334000,1648925999999,4407042.14065690,3911,42.13272000,1936237.41437950,0
1648926000000,45846.98000000,46282.90000000,45827.25000000,46139.67000000,29.48587000,1648929599999,1359624.86914430,1395,16.51163000,761411.19405980,0
1648929600000,46133.38000000,46375.00000000,46043.33000000,46194.42000000,47.37287000,1648933199999,2190485.09339510,1632,23.15941000,1070950.53471920,0
1648933200000,46186.15000000,46327.07000000,45933.86000000,46255.89000000,32.23599000,1648936799999,1486900.83885690,1244,18.22030000,840346.65680190,0
1648936800000,46247.15000000,46349.90000000,46055.38000000,46136.97000000,43.93814000,1648940399999,2030915.01372460,1651,18.88205000,872124.05434240,0
1648940400000,46124.72000000,46166.72000000,45788.80000000,45819.76000000,94.90295000,1648943999999,4363102.00236880,2328,69.68999000,3204025.34892530,0
1648944000000,45824.08000000,46077.38000000,45792.89000000,46077.38000000,50.17712000,1648947599999,2304979.12300990,1907,28.98594000,1331429.78963450,0
1648947600000,46077.38000000,46077.38000000,45553.91000000,45863.56000000,82.01184000,1648951199999,3752125.40466370,3059,41.34623000,1891434.09978910,0
1648951200000,45863.56000000,45974.11000000,45782.21000000,45797.26000000,28.54212000,1648954799999,1310059.97442840,1471,13.69407000,628523.74581350,0
1648954800000,45790.07000000,45984.77000000,45743.66000000,45960.62000000,23.31503000,1648958399999,1069971.59345150,1182,9.86669000,452821.70082020,0
1648958400000,45960.44000000,46379.73000000,45944.66000000,46379.73000000,35.38538000,1648961999999,1633243.44311520,1718,14.60357000,673838.33077780,0
1648962000000,46382.33000000,46398.84000000,46248.58000000,46366.15000000,20.38348000,1648965599999,944184.73396250,1234,10.06133000,466059.56894500,0
1648965600000,46374.43000000,46600.00000000,46328.90000000,46452.21000000,38.95030000,1648969199999,1808835.07314580,2097,20.28652000,942146.10186060,0
1648969200000,46452.21000000,46481.10000000,46306.59000000,46374.13000000,33.37498000,1648972799999,1547774.30863560,1645,14.87000000,689610.83234490,0
1648972800000,46384.11000000,46434.68000000,46238.80000000,46287.18000000,17.22076000,1648976399999,798057.23023490,1132,7.19936000,333592.30596810,0
1648976400000,46287.85000000,46461.92000000,46191.25000000,46380.10000000,33.21614000,1648979999999,1539088.48976670,1733,18.09976000,838463.08343240,0
1648980000000,46376.25000000,46416.30000000,46139.40000000,46196.01000000,26.73445000,1648983599999,1236961.91849490,1461,15.66921000,724895.90386940,0
1648983600000,46194.97000000,46337.12000000,46096.86000000,46270.65000000,26.68365000,1648987199999,1232955.18784340,1486,13.49530000,623453.73684480,0
1648987200000,46268.42000000,46448.32000000,46204.11000000,46396.39000000,22.76534000,1648990799999,1054854.87828540,1453,11.25122000,521225.43262320,0
1648990800000,46400.58000000,46718.70000000,46303.19000000,46465.58000000,66.14686000,1648994399999,3076919.06758000,2477,36.14455000,1681683.09131530,0
1648994400000,46458.47000000,46645.54000000,46319.48000000,46645.54000000,69.21450000,1648997999999,3212001.17191610,1821,41.29339000,1915531.21568980,0
1648998000000,46646.24000000,46735.89000000,46396.28000000,46426.10000000,47.32092000,1649001599999,2205046.95922990,1741,31.69793000,1477321.40392830,0
1649001600000,46428.10000000,46519.62000000,46234.96000000,46307.92000000,30.23218000,1649005199999,1400959.34542020,1321,15.46469000,716687.92507020,0
1649005200000,46312.77000000,46420.14000000,46255.27000000,46395.31000000,26.86089000,1649008799999,1244944.19208420,1014,11.25423000,521570.97500290,0
1649008800000,46405.76000000,46780.03000000,46362.19000000,46604.17000000,40.47995000,1649012399999,1884542.25554510,1533,23.94571000,1114079.64974010,0
1649012400000,46578.25000000,46709.05000000,46415.02000000,46415.03000000,47.24402000,1649015999999,2198138.87541600,1882,21.76130000,1012419.65263870,0
1649016000000,46428.90000000,46492.97000000,46378.12000000,46378.13000000,22.16164000,1649019599999,1029071.13431320,874,11.55300000,536467.89580370,0
1649019600000,46378.12000000,47000.00000000,46341.09000000,46995.00000000,34.30637000,1649023199999,1600963.35986700,1440,20.27140000,945918.99597010,0
1649023200000,46989.63000000,47477.26000000,46542.80000000,46692.37000000,170.79789000,1649026799999,8040731.24770600,5559,73.82911000,3476226.80546450,0
1649026800000,46707.37000000,46722.67000000,46269.03000000,46410.85000000,76.20861000,1649030399999,3540169.12086470,2161,52.15143000,2422532.22346020,0
1649030400000,46413.60000000,46462.70000000,45775.00000000,45873.20000000,86.14639000,1649033999999,3972202.85242810,3123,38.97589000,1796894.95135200,0
1649034000000,45873.21000000,46050.50000000,45777.29000000,45868.67000000,66.28469000,1649037599999,3041835.57461330,2080,44.33578000,2034705.73806270,0
1649037600000,45866.34000000,46077.38000000,45768.16000000,46045.28000000,47.23616000,1649041199999,2169611.40524340,1665,22.70739000,1043033.58041810,0
1649041200000,46045.29000000,46180.07000000,46009.20000000,46012.85000000,19.20094000,1649044799999,885305.66057170,1130,8.28626000,382075.81186110,0
1649044800000,46012.84000000,46165.23000000,45846.98000000,46074.26000000,38.56571000,1649048399999,1774663.66197900,1667,14.65647000,674683.95970210,0
1649048400000,46088.88000000,46251.75000000,46035.29000000,46240.12000000,41.22660000,1649051999999,1903709.48836570,1596,23.98097000,1107502.75213760,0
1649052000000,46245.62000000,46304.26000000,46169.94000000,46214.36000000,23.59934000,1649055599999,1091000.22918280,1086,9.94697000,459852.29194660,0
1649055600000,46214.35000000,46233.54000000,46092.30000000,46190.21000000,50.00409000,1649059199999,2307745.74155560,1915,17.82461000,822584.87240490,0
1649059200000,46190.21000000,46307.22000000,45968.84000000,46162.49000000,80.08167000,1649062799999,3693708.06430390,2584,43.20152000,1992546.38835900,0
1649062800000,46167.69000000,46167.69000000,45873.27000000,45918.77000000,57.66467000,1649066399999,2653124.69072320,2418,31.27200000,1438689.28870050,0
1649066400000,45912.40000000,46069.13000000,45807.26000000,46004.96000000,72.00239000,1649069999999,3306311.69608940,3219,42.71941000,1961703.51801930,0
1649070000000,46009.92000000,46207.97000000,45933.97000000,46168.71000000,53.30428000,1649073599999,2459255.17212590,2253,24.80353000,1144116.58942160,0
1649073600000,46171.21000000,46280.31000000,45902.96000000,46017.92000000,62.65808000,1649077199999,2889163.86479940,2510,38.09124000,1756338.95843970,0
1649077200000,46023.08000000,46247.49000000,45884.04000000,46191.08000000,96.00280000,1649080799999,4421846.80912950,4062,48.47369000,2232461.43440730,0
1649080800000,46183.33000000,46375.64000000,45885.79000000,45914.40000000,87.29323000,1649084399999,4024298.31415090,3687,49.28385000,2270680.89570130,0
1649084400000,45910.03000000,45968.57000000,45565.01000000,45643.47000000,151.19565000,1649087999999,6908467.97227080,4336,103.11279000,4710585.21477820,0
1649088000000,45654.65000000,45823.41000000,45564.90000000,45710.68000000,74.87741000,1649091599999,3423234.07841240,2757,33.73996000,1542312.40340440,0
1649091600000,45708.81000000,45779.17000000,45210.00000000,45385.12000000,97.02975000,1649095199999,4411665.16461140,3302,44.79947000,2036081.62457820,0
1649095200000,45385.60000000,45546.03000000,45130.50000000,45523.33000000,87.51040000,1649098799999,3965859.77517060,3340,39.53124000,1791252.24565270,0
1649098800000,45521.16000000,45971.43000000,45521.16000000,45936.35000000,89.34955000,1649102399999,4091989.05912950,3664,33.20331000,1519902.10719520,0
1649102400000,45939.50000000,46390.00000000,45717.43000000,46321.91000000,112.27122000,1649105999999,5180248.72510150,4074,57.27367000,2642255.22072820,0
1649106000000,46321.91000000,46594.85000000,46191.42000000,46470.72000000,66.39889000,1649109599999,3081991.81798860,2624,34.06680000,1580237.43634970,0
1649109600000,46467.18000000,46869.36000000,46386.86000000,46687.16000000,64.02562000,1649113199999,2984075.10030360,2653,26.22060000,1221538.39787390,0
1649113200000,46674.15000000,46899.97000000,46561.25000000,46601.41000000,64.85065000,1649116799999,3029790.69867400,2457,35.67825000,1666462.16660900,0
1649116800000,46591.39000000,46655.97000000,46428.53000000,46521.90000000,42.32383000,1649120399999,1970649.07162370,2089,24.65586000,1148049.73013850,0
1649120400000,46522.83000000,46709.45000000,46465.24000000,46638.67000000,25.02810000,1649123999999,1165305.35402980,1515,10.32091000,480641.66342370,0
1649124000000,46645.33000000,46749.48000000,46561.29000000,46629.18000000,22.58831000,1649127599999,1053634.40083340,1388,11.96282000,557970.12161230,0
1649127600000,46634.76000000,46778.52000000,46592.84000000,46651.89000000,21.17417000,1649131199999,988098.14807650,1238,10.30248000,480693.92121310,0
1649131200000,46652.84000000,46903.06000000,46620.80000000,46780.47000000,52.58174000,1649134799999,2459558.34604070,1705,24.77089000,1158015.67768230,0
1649134800000,46779.24000000,46839.00000000,46703.87000000,46708.08000000,36.10688000,1649138399999,1688419.67353890,1551,20.82213000,973679.74438060,0
1649138400000,46706.64000000,46765.77000000,46562.49000000,46623.51000000,56.80956000,1649141999999,2650356.62908000,2352,33.54309000,1564612.51828930,0
1649142000000,46623.52000000,46750.84000000,46578.12000000,46713.03000000,35.21104000,1649145599999,1643956.30314200,1425,20.48699000,956611.28486560,0
1649145600000,46717.03000000,46741.31000000,46571.83000000,46676.17000000,29.78286000,1649149199999,1389247.49680340,1279,10.49566000,489508.36638820,0
1649149200000,46671.24000000,46712.59000000,46567.32000000,46576.13000000,15.18423000,1649152799999,708163.84384450,995,8.55058000,398751.85691990,0
1649152800000,46574.35000000,46687.72000000,46532.11000000,46657.28000000,37.62684000,1649156399999,1754670.74721740,1635,23.95175000,1117079.77584990,0
1649156400000,46657.28000000,46760.58000000,46571.43000000,46691.06000000,39.47553000,1649159999999,1841922.42425220,2015,19.00967000,887114.91265030,0
1649160000000,46691.06000000,47219.85000000,46689.02000000,46779.57000000,115.37912000,1649163599999,5414308.07043620,4761,63.60583000,2985761.87943170,0
1649163600000,46779.23000000,46870.43000000,46342.10000000,46422.70000000,129.52629000,1649167199999,6024222.43576010,3816,57.35359000,2667692.31560340,0
1649167200000,46433.44000000,46474.85000000,45760.00000000,45823.85000000,240.09957000,1649170799999,11042915.43483560,6350,144.57949000,6649078.53583200,0
1649170800000,45829.46000000,45921.72000000,45634.67000000,45769.83000000,84.27256000,1649174399999,3860041.92906160,2984,50.64639000,2319896.21834330,0
1649174400000,45769.04000000,46027.58000000,45611.71000000,45921.49000000,80.35215000,1649177999999,3681863.93738470,2967,42.52195000,1947780.70190960,0
1649178000000,45930.12000000,46204.46000000,45909.58000000,45970.99000000,52.19304000,1649181599999,2402020.24526330,2111,33.31011000,1532770.70972840,0
1649181600000,45968.08000000,46008.21000000,45878.29000000,45901.56000000,36.60200000,1649185199999,1681446.04012060,1315,21.44210000,985088.83286040,0
1649185200000,45901.40000000,46054.96000000,45438.32000000,46043.28000000,72.35372000,1649188799999,3313063.66036040,2528,39.86562000,1825242.21896840,0
1649188800000,46037.80000000,46113.57000000,45636.02000000,45885.09000000,76.88164000,1649192399999,3527157.47672340,2114,45.50018000,2086402.70894400,0
1649192400000,45885.09000000,45966.27000000,45756.09000000,45964.40000000,40.98318000,1649195999999,1880049.31435830,1261,13.90891000,637994.44482750,0
1649196000000,45967.21000000,46054.95000000,45797.56000000,45864.95000000,33.82898000,1649199599999,1552955.80085090,1274,21.56825000,989916.49816420,0
1649199600000,45857.23000000,45977.95000000,45371.42000000,45492.01000000,49.56539000,1649203199999,2264550.09654420,1987,24.15471000,1104152.87853150,0
1649203200000,45509.51000000,45514.11000000,44342.37000000,45020.00000000,161.74837000,1649206799999,7270763.71758040,6717,73.15339000,3291515.39321510,0
1649206800000,45004.66000000,45361.20000000,44977.78000000,45197.02000000,59.77781000,1649210399999,2701012.95428650,2092,29.73644000,1343402.61195430,0
1649210400000,45198.14000000,45379.34000000,45159.06000000,45234.66000000,24.76178000,1649213999999,1121103.97505410,1431,13.00588000,588701.62099530,0
1649214000000,45229.69000000,45298.56000000,45151.28000000,45220.94000000,28.78807000,1649217599999,1302091.56829520,1308,18.80887000,850647.14096890,0
1649217600000,45224.57000000,45381.58000000,45120.03000000,45341.36000000,26.95913000,1649221199999,1220960.45088000,1396,16.48660000,746779.86540760,0
1649221200000,45341.37000000,45450.01000000,45306.18000000,45383.15000000,29.47783000,1649224799999,1337309.67712540,1315,17.83735000,809282.01567510,0
1649224800000,45383.30000000,45494.44000000,45257.82000000,45476.55000000,93.92904000,1649228399999,4261037.22686710,2615,42.85444000,1943390.79629400,0
1649228400000,45476.57000000,45514.66000000,45244.31000000,45287.42000000,44.22594000,1649231999999,2007973.80865700,1761,15.39570000,698747.28307110,0
1649232000000,45280.67000000,45404.19000000,45152.67000000,45375.80000000,76.30318000,1649235599999,3455251.95437950,2134,38.42184000,1740017.27083470,0
1649235600000,45375.80000000,45409.26000000,45216.62000000,45335.47000000,38.13802000,1649239199999,1727622.18843390,1470,18.51838000,838927.28946830,0
1649239200000,45336.11000000,45462.05000000,45000.01000000,45082.99000000,69.40330000,1649242799999,3138739.85248390,2484,38.80356000,1755507.79089870,0
1649242800000,45091.85000000,45124.47000000,44668.26000000,44829.36000000,215.84150000,1649246399999,9687117.03995890,6046,132.51515000,5947953.36413660,0
1649246400000,44827.51000000,45007.64000000,44687.76000000,44771.35000000,62.51705000,1649249999999,2804179.27804350,3113,37.81718000,1696365.06628330,0
1649250000000,44763.66000000,44979.36000000,44162.14000000,44185.14000000,162.85883000,1649253599999,7258217.01411750,6982,106.00810000,4724857.56952320,0
1649253600000,44185.12000000,44455.63000000,43764.76000000,44265.33000000,177.25047000,1649257199999,7821319.46913980,5544,131.67993000,5811162.34331070,0
1649257200000,44249.61000000,44308.82000000,43721.08000000,44164.00000000,90.05257000,1649260799999,3966367.84109210,3619,48.97327000,2157199.65796590,0
1649260800000,44169.24000000,44265.66000000,43508.00000000,43778.18000000,131.15167000,1649264399999,5749174.50571450,4578,82.37564000,3610422.63759110,0
1649264400000,43787.51000000,43940.09000000,43398.45000000,43810.12000000,108.54941000,1649267999999,4739412.20764180,3542,61.77429000,2697473.76642080,0
1649268000000,43813.16000000,44299.91000000,43193.45000000,43832.79000000,197.65552000,1649271599999,8639106.90064180,5472,99.61274000,4355052.94742440,0
1649271600000,43846.35000000,43965.67000000,43530.01000000,43758.92000000,97.72645000,1649275199999,4274846.22894950,2828,61.48536000,2689431.70180500,0
1649275200000,43752.17000000,44044.21000000,43730.83000000,43880.91000000,52.26209000,1649278799999,2294182.04496980,2271,22.26529000,977326.91859220,0
1649278800000,43883.46000000,43995.92000000,43796.14000000,43851.10000000,20.13583000,1649282399999,883941.85407430,1190,8.31292000,364817.46544850,0
1649282400000,43817.50000000,43880.25000000,43480.00000000,43515.53000000,41.27064000,1649285999999,1802408.71651300,1795,17.70031000,773278.80120340,0
1649286000000,43510.60000000,43617.86000000,43122.37000000,43176.55000000,49.85546000,1649289599999,2161245.91214690,2378,20.98229000,909697.37281530,0
1649289600000,43157.07000000,43563.63000000,42701.47000000,42903.83000000,78.93405000,1649293199999,3401668.43039150,3821,34.94846000,1507279.25451080,0
1649293200000,42894.57000000,43428.60000000,42882.71000000,43375.22000000,62.37959000,1649296799999,2690716.68539200,2715,33.67446000,1452320.32359000,0
1649296800000,43382.97000000,43431.26000000,43132.16000000,43357.93000000,30.79088000,1649300399999,1332816.66113690,1541,15.55600000,673400.41551470,0
1649300400000,43366.53000000,43409.74000000,43161.41000000,43304.66000000,29.65410000,1649303999999,1283915.99821420,1696,15.08334000,653048.38712560,0
1649304000000,43321.46000000,43497.19000000,43219.09000000,43413.43000000,40.34279000,1649307599999,1749268.09980360,1950,24.20475000,1049689.56306110,0
1649307600000,43402.72000000,43467.38000000,43228.84000000,43407.65000000,34.89350000,1649311199999,1511761.58777370,1795,15.89076000,688403.21881070,0
1649311200000,43404.61000000,43501.52000000,43317.19000000,43393.03000000,21.99930000,1649314799999,954884.52826220,1427,10.05892000,436686.65440800,0
1649314800000,43393.04000000,43551.79000000,43376.24000000,43450.44000000,35.90582000,1649318399999,1561199.70138280,2004,20.72085000,900833.44424060,0
1649318400000,43452.33000000,43556.94000000,43426.49000000,43527.29000000,36.80448000,1649321999999,1599988.74055330,1557,20.06333000,872171.16401140,0
1649322000000,43525.75000000,43525.75000000,43278.63000000,43456.99000000,24.53811000,1649325599999,1064692.25101100,1439,12.37530000,536900.89561730,0
1649325600000,43448.43000000,43483.80000000,43330.30000000,43413.11000000,46.57775000,1649329199999,2022834.71863030,1595,24.87151000,1080176.89168380,0
1649329200000,43413.84000000,43839.46000000,43313.97000000,43763.38000000,103.45942000,1649332799999,4514441.71657260,3814,55.01416000,2399403.57556800,0
1649332800000,43755.67000000,43901.94000000,43555.79000000,43556.65000000,60.60396000,1649336399999,2650503.63534210,2438,31.46472000,1376251.88618930,0
1649336400000,43560.52000000,43690.18000000,43331.43000000,43661.60000000,79.53555000,1649339999999,3461356.26523540,3058,30.88586000,1343537.28870240,0
1649340000000,43668.43000000,43786.59000000,43361.49000000,43397.20000000,145.10894000,1649343599999,6319691.19747150,3670,32.54057000,1416553.68078200,0
1649343600000,43433.23000000,43578.93000000,43031.52000000,43334.60000000,128.16279000,1649347199999,5552552.90883730,3919,56.80801000,2459109.85860370,0
1649347200000,43335.50000000,43499.99000000,43279.94000000,43497.96000000,68.51621000,1649350799999,2974424.18531740,2383,40.43245000,1755127.31627460,0
1649350800000,43498.64000000,43697.58000000,43475.47000000,43665.41000000,55.53920000,1649354399999,2421872.43839980,2409,26.09301000,1137832.46643360,0
1649354400000,43663.02000000,43817.57000000,43530.92000000,43719.30000000,59.85292000,1649357999999,2612769.67792620,2185,35.75604000,1560728.06821570,0
1649358000000,43704.84000000,43778.62000000,43377.01000000,43391.74000000,34.21519000,1649361599999,1490068.29024520,1635,17.18340000,748209.24876820,0
1649361600000,43391.33000000,43602.56000000,43391.33000000,43573.53000000,27.37376000,1649365199999,1190777.63435050,1663,15.88331000,690908.58982330,0
1649365200000,43577.89000000,43600.88000000,43200.00000000,43522.51000000,27.11205000,1649368799999,1176171.39870370,1347,11.31517000,491023.17604890,0
1649368800000,43523.56000000,43634.96000000,43471.47000000,43625.54000000,33.69967000,1649372399999,1468043.06119340,1279,19.98966000,870926.29158850,0
1649372400000,43631.27000000,43750.00000000,43426.32000000,43454.03000000,42.44859000,1649375999999,1851154.44388810,2299,21.36815000,931849.34626330,0
1649376000000,43439.24000000,43529.97000000,43313.74000000,43334.52000000,54.20916000,1649379599999,2353736.66245810,2400,23.56493000,1023528.71504990,0
1649379600000,43327.10000000,43651.13000000,43313.76000000,43614.08000000,35.71702000,1649383199999,1554924.00185420,1769,19.48002000,847739.60443250,0
1649383200000,43614.09000000,43695.22000000,43569.32000000,43616.64000000,26.49665000,1649386799999,1155974.42312910,1814,12.37953000,540134.72409950,0
1649386800000,43618.83000000,43692.92000000,43548.91000000,43607.13000000,22.00145000,1649390399999,959682.92370030,1301,8.14442000,355270.55624250,0
1649390400000,43607.96000000,43662.79000000,43486.86000000,43543.96000000,26.03610000,1649393999999,1134419.00096330,1298,13.78344000,600525.49201350,0
1649394000000,43543.96000000,43681.85000000,43480.72000000,43658.56000000,20.38561000,1649397599999,889042.93894100,1426,11.22311000,489572.36282220,0
1649397600000,43658.57000000,43681.86000000,43491.38000000,43580.76000000,31.32957000,1649401199999,1366071.38009660,1670,13.34160000,581508.00690010,0
1649401200000,43581.42000000,43776.69000000,43421.93000000,43772.25000000,40.91806000,1649404799999,1782939.21727890,2413,21.47077000,935662.76476800,0
1649404800000,43773.08000000,44199.99000000,43659.80000000,43709.52000000,200.04745000,1649408399999,8786811.45554250,3509,135.89578000,5974781.63487810,0
1649408400000,43709.35000000,43829.31000000,43532.76000000,43601.23000000,54.65540000,1649411999999,2387227.63849170,1914,25.47714000,1112976.67513660,0
1649412000000,43601.23000000,43631.81000000,43522.30000000,43564.79000000,37.39380000,1649415599999,1629120.89425040,1526,15.82935000,689631.28091180,0
1649415600000,43572.26000000,43572.26000000,43271.09000000,43313.20000000,57.58037000,1649419199999,2498894.39871860,2530,30.41365000,1320103.44787300,0
1649419200000,43313.21000000,43430.84000000,43106.35000000,43165.35000000,57.18375000,1649422799999,2474572.10708680,2540,33.69944000,1457905.30102280,0
1649422800000,43156.44000000,43204.81000000,42767.46000000,42922.27000000,87.29871000,1649426399999,3751285.74350770,3876,48.91831000,2102394.11367700,0
1649426400000,42903.37000000,43864.81000000,42903.37000000,43769.68000000,109.82641000,1649429999999,4780643.58209690,5191,41.21004000,1790884.74478520,0
1649430000000,43762.06000000,43968.01000000,43603.96000000,43659.32000000,125.55539000,1649433599999,5502592.65337010,4211,36.03844000,1577691.24969020,0
1649433600000,43658.43000000,43728.51000000,43402.99000000,43443.61000000,44.12727000,1649437199999,1922592.87961080,1890,19.53735000,851740.69530010,0
1649437200000,43447.22000000,43462.86000000,42820.40000000,43015.95000000,92.09028000,1649440799999,3961843.06279960,3209,52.25821000,2247645.62956770,0
1649440800000,42999.78000000,43338.96000000,42429.12000000,42962.62000000,132.71923000,1649444399999,5673052.60883140,4555,67.22825000,2873255.04276340,0
1649444400000,42931.75000000,43198.88000000,42673.20000000,42747.14000000,60.17055000,1649447999999,2583316.11057220,2172,32.43636000,1392235.86962190,0
1649448000000,42744.28000000,42876.54000000,42542.88000000,42790.71000000,57.75727000,1649451599999,2465929.41925730,1796,37.82349000,1613807.48039700,0
1649451600000,42794.47000000,42865.67000000,42460.80000000,42580.17000000,19.20376000,1649455199999,821061.90476430,1076,9.78501000,418360.03425560,0
1649455200000,42570.14000000,42667.81000000,42258.81000000,42310.28000000,47.34527000,1649458799999,2008250.12651900,2496,21.06486000,893388.18643220,0
1649458800000,42310.29000000,42363.30000000,42111.55000000,42271.84000000,41.17630000,1649462399999,1738588.68711960,1731,22.64595000,956125.57778940,0
1649462400000,42262.64000000,42458.28000000,42156.58000000,42441.73000000,47.70819000,1649465999999,2019083.65189880,2235,22.19281000,939279.56799960,0
1649466000000,42442.44000000,42472.74000000,42304.33000000,42424.60000000,28.31168000,1649469599999,1199873.95958520,1256,11.56417000,490263.64927600,0
1649469600000,42418.44000000,42450.02000000,42164.64000000,42183.30000000,14.79223000,1649473199999,625756.96111780,963,6.49320000,274690.29545110,0
1649473200000,42187.06000000,42441.77000000,42125.24000000,42386.80000000,32.15429000,1649476799999,1360051.96230010,1541,18.93442000,800749.05199120,0
1649476800000,42404.44000000,42556.39000000,42342.17000000,42402.35000000,36.96323000,1649480399999,1568950.94441590,1455,14.77905000,627337.51704560,0
1649480400000,42412.21000000,42639.75000000,42396.86000000,42585.88000000,48.35117000,1649483999999,2055184.60540300,1404,21.54317000,915735.42529960,0
1649484000000,42585.88000000,42603.43000000,42391.30000000,42440.87000000,61.62509000,1649487599999,2618392.78344410,1539,22.84248000,970681.58307080,0
1649487600000,42441.72000000,42517.21000000,42371.14000000,42487.86000000,37.33744000,1649491199999,1584663.42796450,1007,17.24332000,731759.12061570,0
1649491200000,42485.82000000,42513.10000000,42369.29000000,42466.93000000,39.55867000,1649494799999,1678887.95042550,1127,23.28581000,988274.41318090,0
1649494800000,42466.94000000,42488.80000000,42401.10000000,42453.94000000,15.86485000,1649498399999,673254.00377990,717,8.05482000,341815.91099630,0
1649498400000,42448.86000000,42489.80000000,42334.22000000,42482.61000000,25.65121000,1649501999999,1088302.46101390,1268,12.12445000,514426.93336990,0
1649502000000,42478.81000000,42538.19000000,42440.28000000,42452.89000000,21.98209000,1649505599999,933770.63634410,1209,10.85782000,461172.40765620,0
1649505600000,42452.88000000,42532.93000000,42406.32000000,42510.84000000,26.60192000,1649509199999,1129980.29354990,1238,11.26777000,478524.56615410,0
1649509200000,42519.86000000,42523.98000000,42446.99000000,42465.15000000,36.98812000,1649512799999,1571612.26930100,1407,10.16851000,432013.29642220,0
1649512800000,42463.69000000,42505.79000000,42370.77000000,42470.00000000,36.93027000,1649516399999,1566845.84490010,1404,17.89286000,759100.75585410,0
1649516400000,42464.61000000,42475.26000000,42189.79000000,42254.90000000,51.23034000,1649519999999,2169215.05047960,1946,22.19032000,939234.49464070,0
1649520000000,42253.68000000,42545.31000000,42184.43000000,42454.22000000,59.32750000,1649523599999,2514816.48173490,1854,31.91288000,1353457.01254660,0
1649523600000,42454.22000000,42622.10000000,42417.88000000,42586.72000000,34.93742000,1649527199999,1486134.05906100,1382,15.97390000,679192.93653820,0
1649527200000,42586.72000000,42636.77000000,42464.81000000,42481.01000000,21.65033000,1649530799999,920877.30272070,1004,9.73396000,413936.44560820,0
1649530800000,42481.04000000,42604.91000000,42459.41000000,42533.95000000,30.91692000,1649534399999,1314881.00959780,1045,18.11797000,770490.41980930,0
1649534400000,42525.43000000,42650.55000000,42433.06000000,42435.40000000,22.85547000,1649537999999,972895.64268410,1073,11.12677000,473546.99925890,0
1649538000000,42432.84000000,42595.01000000,42395.51000000,42570.99000000,24.10663000,1649541599999,1023792.02498660,757,17.77964000,755107.19516050,0
1649541600000,42572.32000000,42646.17000000,42520.14000000,42552.84000000,15.89309000,1649545199999,676728.83151740,999,7.14463000,304240.15736060,0
1649545200000,42547.81000000,42817.50000000,42470.60000000,42764.66000000,37.69572000,1649548799999,1608752.55580210,2035,18.62210000,794866.45128500,0
1649548800000,42774.71000000,42784.03000000,42603.48000000,42645.12000000,24.71450000,1649552399999,1055407.14065120,1279,10.22505000,436647.08562180,0
1649552400000,42644.84000000,42795.64000000,42608.51000000,42774.67000000,21.04391000,1649555999999,899195.39546030,980,8.32150000,355367.27200270,0
1649556000000,42777.67000000,42925.65000000,42742.09000000,42841.69000000,21.07950000,1649559599999,902164.13137080,1121,9.92815000,424867.98808560,0
1649559600000,42843.94000000,42904.54000000,42779.81000000,42794.90000000,16.37881000,1649563199999,701475.19295540,883,7.46623000,319693.66899710,0
1649563200000,42794.91000000,42815.56000000,42719.55000000,42751.34000000,17.79973000,1649566799999,761211.93305980,856,7.91347000,338430.65140960,0
1649566800000,42749.64000000,42811.30000000,42651.38000000,42679.26000000,20.06856000,1649570399999,857713.71922520,1013,10.68753000,456818.84585380,0
1649570400000,42666.69000000,42805.82000000,42658.57000000,42804.12000000,13.23814000,1649573999999,565738.59878430,867,7.77899000,332462.54506730,0
1649574000000,42798.20000000,42805.79000000,42563.71000000,42647.48000000,20.14082000,1649577599999,859118.77428740,948,8.04936000,343309.44470810,0
1649577600000,42648.34000000,42730.10000000,42569.85000000,42651.74000000,27.14422000,1649581199999,1157589.87274020,1114,15.13600000,645377.25331430,0
1649581200000,42655.54000000,42668.31000000,42505.00000000,42536.15000000,27.20655000,1649584799999,1157818.49669810,1295,13.04013000,554991.28573330,0
1649584800000,42536.14000000,42576.18000000,42450.00000000,42538.54000000,25.06309000,1649588399999,1065577.62499660,1158,11.35035000,482616.55298340,0
1649588400000,42539.74000000,42729.81000000,42527.08000000,42695.87000000,16.45060000,1649591999999,701110.09666050,968,8.98886000,382974.51960840,0
1649592000000,42691.59000000,42859.52000000,42543.65000000,42591.98000000,40.93422000,1649595599999,1748092.74037330,1865,19.00381000,811470.39486160,0
1649595600000,42600.90000000,42676.95000000,42543.64000000,42590.45000000,13.86666000,1649599199999,590831.30271270,1043,7.01335000,298808.83125860,0
1649599200000,42586.19000000,42763.03000000,42556.47000000,42711.35000000,19.64228000,1649602799999,837886.08372050,1125,10.39127000,443329.49117740,0
1649602800000,42711.34000000,42788.38000000,42657.05000000,42758.17000000,37.81361000,1649606399999,1615979.41222010,1343,26.34180000,1125780.39188540,0
1649606400000,42762.67000000,42819.39000000,42679.85000000,42803.53000000,24.78589000,1649609999999,1060036.35276780,1256,12.49874000,534516.70315200,0
1649610000000,42799.24000000,43350.00000000,42798.93000000,43112.45000000,73.38582000,1649613599999,3160568.33375670,3021,34.05107000,1465947.46778920,0
1649613600000,43124.03000000,43270.52000000,43088.62000000,43116.53000000,38.70049000,1649617199999,1671326.97585950,1978,20.62251000,890468.85337690,0
1649617200000,43117.55000000,43303.86000000,43078.70000000,43246.35000000,23.30020000,1649620799999,1006737.48678440,1478,10.01123000,432571.65043820,0
1649620800000,43246.75000000,43428.51000000,43108.59000000,43109.81000000,29.73578000,1649624399999,1287653.46021350,2119,14.79314000,640591.18132020,0
1649624400000,43109.61000000,43204.91000000,42676.70000000,42728.73000000,21.27870000,1649627999999,915958.71998150,1432,10.36390000,446241.82603770,0
1649628000000,42711.10000000,42744.88000000,41854.24000000,42156.43000000,87.93255000,1649631599999,3715539.36869810,3208,40.90846000,1728355.20429310,0
1649631600000,42093.15000000,42444.00000000,41995.80000000,42159.56000000,66.69273000,1649635199999,2816349.06250100,2091,42.13288000,1778572.77136150,0
1649635200000,42159.44000000,42432.39000000,41759.71000000,42309.66000000,101.47854000,1649638799999,4276929.11655380,2767,62.83546000,2650043.45289820,0
1649638800000,42313.79000000,42419.75000000,42162.63000000,42170.84000000,33.37777000,1649642399999,1412170.68698540,1152,20.81796000,880932.98528730,0
1649642400000,42168.71000000,42242.91000000,41816.32000000,41936.40000000,91.87862000,1649645999999,3860246.48443710,2307,57.55905000,2417827.50550980,0
1649646000000,41935.78000000,42149.63000000,41839.41000000,42120.23000000,46.76743000,1649649599999,1965612.34887010,1677,27.73418000,1165499.09359790,0
1649649600000,42123.28000000,42286.42000000,42094.72000000,42254.09000000,51.54032000,1649653199999,2173699.80565390,1714,34.91835000,1472561.43839140,0
1649653200000,42275.03000000,42325.98000000,42205.31000000,42288.98000000,25.01125000,1649656799999,1057150.89982160,1130,10.12116000,427779.51470670,0
1649656800000,42297.78000000,42346.67000000,42166.71000000,42244.27000000,30.24183000,1649660399999,1277725.48315800,1257,16.78149000,709093.83872720,0
1649660400000,42260.92000000,42359.69000000,42175.16000000,42314.42000000,37.38264000,1649663999999,1580106.49168000,1356,14.02293000,592668.38388850,0
1649664000000,42314.77000000,42385.79000000,42092.59000000,42209.25000000,53.28979000,1649667599999,2250996.89130250,1777,28.80425000,1216712.85147320,0
1649667600000,42209.24000000,42217.40000000,41420.63000000,41436.93000000,115.37140000,1649671199999,4832333.28993990,3887,55.53064000,2326562.84607110,0
1649671200000,41436.88000000,41648.21000000,41220.83000000,41618.93000000,136.08987000,1649674799999,5641560.87726550,4458,73.18373000,3033738.23816950,0
1649674800000,41608.54000000,41608.54000000,40927.38000000,41070.30000000,130.56304000,1649678399999,5378421.79731590,4331,69.32975000,2855699.61263000,0
1649678400000,41078.00000000,41252.70000000,40921.00000000,41153.26000000,120.44905000,1649681999999,4950787.54109140,3404,63.04043000,2592005.51860430,0
1649682000000,41152.42000000,41187.28000000,40692.37000000,41148.08000000,177.53051000,1649685599999,7279550.02532680,4984,111.46097000,4570443.01167670,0
1649685600000,41130.67000000,41228.00000000,40733.69000000,40801.03000000,136.88704000,1649689199999,5597569.64280060,3626,90.66651000,3706017.85126140,0
1649689200000,40812.02000000,40987.40000000,40560.00000000,40582.53000000,113.31607000,1649692799999,4625230.99843470,3082,71.31069000,2911810.18858230,0
1649692800000,40575.74000000,40863.89000000,40487.47000000,40767.84000000,128.22940000,1649696399999,5213894.81258810,3967,75.28983000,3062069.22871980,0
1649696400000,40767.17000000,40898.37000000,40250.01000000,40468.94000000,158.41901000,1649699999999,6417412.70357370,4192,60.39039000,2448560.25913850,0
1649700000000,40453.89000000,40522.68000000,40250.00000000,40511.23000000,77.24005000,1649703599999,3119920.64968460,2828,46.35030000,1872033.67804770,0
1649703600000,40511.24000000,40597.50000000,39779.25000000,39993.12000000,181.95960000,1649707199999,7299660.77769560,4918,87.18987000,3503426.23772990,0
1649707200000,39978.71000000,40271.41000000,39500.00000000,39839.26000000,195.27597000,1649710799999,7787826.63530240,5465,82.76575000,3302971.97272550,0
1649710800000,39841.61000000,39921.44000000,39274.07000000,39422.36000000,121.85732000,1649714399999,4827601.75184530,3390,43.01381000,1705700.90533030,0
1649714400000,39409.39000000,39983.86000000,39196.61000000,39772.09000000,125.05073000,1649717999999,4961621.30182420,3888,62.68190000,2487615.57883850,0
1649718000000,39769.95000000,39847.13000000,39351.90000000,39534.13000000,78.90890000,1649721599999,3123544.03675200,2588,40.57830000,1607338.07208980,0
1649721600000,39532.73000000,39860.62000000,39365.96000000,39552.28000000,73.78986000,1649725199999,2925223.36120480,2652,39.18595000,1553390.05718480,0
1649725200000,39551.17000000,39733.16000000,39410.95000000,39508.79000000,76.86869000,1649728799999,3041173.24246410,2371,38.67762000,1529961.07856890,0
1649728800000,39514.60000000,39557.69000000,39271.47000000,39496.14000000,66.06574000,1649732399999,2603832.68287170,2586,36.59483000,1442078.90864610,0
1649732400000,39493.37000000,39751.70000000,39460.63000000,39751.70000000,68.47454000,1649735999999,2712035.14638260,2578,40.00705000,1584751.50326710,0
1649736000000,39751.70000000,39950.47000000,39624.35000000,39927.98000000,70.69068000,1649739599999,2812624.44494260,2936,32.28997000,1284847.40508530,0
1649739600000,39927.51000000,40146.93000000,39865.54000000,40109.90000000,89.09437000,1649743199999,3564358.60337170,3312,37.74210000,1509854.35658280,0
1649743200000,40109.90000000,40186.68000000,39840.57000000,39938.39000000,75.39138000,1649746799999,3017005.61106070,3319,34.26633000,1371178.20586030,0
1649746800000,39938.39000000,40197.55000000,39864.06000000,40179.47000000,106.23931000,1649750399999,4255217.11686470,3772,49.31862000,1974638.27641880,0
1649750400000,40188.65000000,40358.38000000,40106.17000000,40188.36000000,123.48995000,1649753999999,4965327.38657800,3959,48.06313000,1932225.23955630,0
1649754000000,40174.13000000,40247.60000000,40046.24000000,40225.81000000,57.50142000,1649757599999,2307693.13652020,2162,26.73551000,1073045.00678370,0
1649757600000,40216.07000000,40295.80000000,40101.33000000,40161.18000000,50.13243000,1649761199999,2014655.67270500,1876,19.29294000,775466.41909960,0
1649761200000,40158.91000000,40558.90000000,40112.14000000,40385.49000000,78.56800000,1649764799999,3168388.20866060,2682,47.64674000,1921748.41923770,0
1649764800000,40387.53000000,40710.25000000,40209.07000000,40622.12000000,212.70893000,1649768399999,8609652.16045900,6140,95.75155000,3874357.05030600,0
1649768400000,40624.64000000,40637.61000000,40172.51000000,40406.84000000,153.77977000,1649771999999,6221405.88324310,4731,75.64607000,3059139.00721860,0
1649772000000,40411.12000000,40490.44000000,39800.00000000,40005.63000000,176.41684000,1649775599999,7066459.07979090,5932,93.59562000,3750340.56169220,0
1649775600000,39994.07000000,40379.15000000,39972.14000000,40189.61000000,147.82729000,1649779199999,5948566.20669330,4697,61.50615000,2473005.25357370,0
1649779200000,40197.75000000,40379.14000000,39937.23000000,40097.25000000,63.33830000,1649782799999,2539704.84475330,2633,28.69724000,1150261.98917900,0
1649782800000,40097.23000000,40230.85000000,39953.74000000,40018.12000000,57.64093000,1649786399999,2311371.84342750,2100,28.16638000,1129575.03692820,0
1649786400000,40013.81000000,40062.01000000,39641.25000000,39670.37000000,71.03522000,1649789999999,2824566.61815590,2004,50.34846000,2001701.42153050,0
1649790000000,39676.48000000,39718.53000000,39271.60000000,39314.80000000,111.66065000,1649793599999,4407673.95658870,2897,48.74069000,1924009.30235340,0
1649793600000,39292.21000000,39611.80000000,39260.82000000,39524.74000000,106.13934000,1649797199999,4185942.80911350,2795,64.52898000,2543977.12760480,0
1649797200000,39524.75000000,39755.71000000,39487.54000000,39702.98000000,39.05147000,1649800799999,1547583.40838010,1500,20.24766000,802255.24226110,0
1649800800000,39692.83000000,40000.00000000,39571.65000000,39844.95000000,58.51916000,1649804399999,2324457.58617880,2039,34.02173000,1351757.25802530,0
1649804400000,39840.54000000,40300.61000000,39822.66000000,40084.10000000,69.22881000,1649807999999,2773414.70337100,2446,39.36552000,1576768.28782230,0
1649808000000,40084.50000000,40203.67000000,39896.49000000,39957.29000000,47.75546000,1649811599999,1914426.58738020,2027,25.75989000,1032737.88528500,0
1649811600000,39945.69000000,39945.69000000,39595.19000000,39883.46000000,64.65642000,1649815199999,2570417.02700230,2340,44.84299000,1782444.95271390,0
1649815200000,39883.95000000,40189.58000000,39712.92000000,40062.98000000,53.59967000,1649818799999,2140508.39626430,2307,29.89597000,1193456.20374420,0
1649818800000,40063.18000000,40276.38000000,40020.76000000,40077.36000000,38.25857000,1649822399999,1536081.01110200,1732,20.37543000,817986.09514780,0
1649822400000,40077.91000000,40142.31000000,39936.65000000,40137.99000000,17.86607000,1649825999999,715056.87156210,1035,10.08104000,403472.69091750,0
1649826000000,40138.02000000,40217.32000000,40068.53000000,40195.79000000,34.78099000,1649829599999,1395860.62856050,1525,19.12153000,767307.57146240,0
1649829600000,40195.80000000,40237.84000000,39878.82000000,39957.52000000,55.48089000,1649833199999,2224942.44358430,1804,26.21489000,1051449.14643980,0
1649833200000,39961.94000000,40219.18000000,39917.39000000,40130.11000000,52.83419000,1649836799999,2118562.52924630,1951,29.52721000,1183737.75420160,0
1649836800000,40143.76000000,40208.39000000,40011.46000000,40165.30000000,54.41911000,1649840399999,2184161.36922400,1875,32.69131000,1312179.08463240,0
1649840400000,40165.30000000,40216.15000000,40030.72000000,40090.88000000,43.16256000,1649843999999,1732017.26486440,1321,24.37026000,977918.47895010,0
1649844000000,40086.28000000,40146.81000000,39754.44000000,39809.78000000,35.93924000,1649847599999,1433949.82409030,1587,20.30771000,809850.73324180,0
1649847600000,39816.10000000,40000.09000000,39695.31000000,39723.60000000,69.82141000,1649851199999,2783966.43544280,2190,27.55270000,1098558.00754420,0
1649851200000,39723.51000000,39929.81000000,39655.67000000,39717.67000000,77.53170000,1649854799999,3083838.55257650,2646,46.07334000,1832219.38204820,0
1649854800000,39706.21000000,40592.14000000,39636.27000000,40526.00000000,172.59136000,1649858399999,6948527.60762960,5293,66.85958000,2686914.69762950,0
1649858400000,40528.89000000,40968.32000000,40390.63000000,40655.73000000,134.39508000,1649861999999,5470344.78800070,4371,48.37790000,1968956.76734690,0
1649862000000,40651.06000000,41422.31000000,40651.01000000,41163.09000000,172.00745000,1649865599999,7077119.68197310,5594,85.83531000,3531542.97300730,0
1649865600000,41165.89000000,41352.07000000,40950.67000000,41020.58000000,88.06516000,1649869199999,3623792.10703730,2782,38.87824000,1600039.78864710,0
1649869200000,41017.22000000,41134.76000000,40837.46000000,41053.15000000,111.17251000,1649872799999,4559745.84827620,3370,59.11246000,2424603.06707890,0
1649872800000,41033.30000000,41381.30000000,40936.83000000,41378.39000000,82.19973000,1649876399999,3384573.01580240,2914,37.32492000,1537231.44591290,0
1649876400000,41374.07000000,41577.98000000,41044.26000000,41057.89000000,68.25678000,1649879999999,2815295.10619290,2348,36.90748000,1521888.71908460,0
1649880000000,41060.86000000,41322.84000000,40992.03000000,41256.62000000,48.94234000,1649883599999,2014447.32955420,1890,26.80751000,1103316.06456040,0
1649883600000,41256.62000000,41328.11000000,41089.11000000,41230.46000000,42.24769000,1649887199999,1741496.26162690,1260,16.81715000,693225.80944920,0
1649887200000,41230.46000000,41391.80000000,41162.63000000,41289.02000000,64.83555000,1649890799999,2675092.69109550,1465,47.12193000,1944350.12442820,0
1649890800000,41289.14000000,41340.39000000,41083.74000000,41152.48000000,39.97798000,1649894399999,1646359.11708780,1461,20.50911000,844553.46008250,0
1649894400000,41148.38000000,41276.25000000,41072.81000000,41201.49000000,36.39625000,1649897999999,1498483.29694890,1144,21.78104000,896834.60234490,0
1649898000000,41191.54000000,41506.20000000,41181.70000000,41475.28000000,33.83548000,1649901599999,1399209.79632810,1475,18.22742000,753721.49179490,0
1649901600000,41475.36000000,41475.58000000,41351.45000000,41424.55000000,33.25511000,1649905199999,1377247.09506930,1541,15.16282000,627897.80400420,0
1649905200000,41425.93000000,41459.34000000,41286.20000000,41323.08000000,32.34033000,1649908799999,1336816.75881670,1261,15.56340000,643336.68729310,0
1649908800000,41329.12000000,41422.19000000,41234.77000000,41301.66000000,46.89035000,1649912399999,1937804.34845880,1595,19.91715000,823143.51719320,0
1649912400000,41295.38000000,41356.12000000,41248.94000000,41319.48000000,38.77366000,1649915999999,1601234.53821800,1347,15.20284000,627915.68120150,0
1649916000000,41319.49000000,41340.40000000,41158.46000000,41204.13000000,42.88906000,1649919599999,1768881.94194040,1383,16.60405000,684569.56262330,0
1649919600000,41203.51000000,41359.60000000,41160.48000000,41272.65000000,29.69514000,1649923199999,1224934.13986600,1104,15.21414000,627623.41578800,0
1649923200000,41272.60000000,41331.22000000,41170.04000000,41177.79000000,48.45776000,1649926799999,1998425.28635410,1467,23.99099000,989249.01585870,0
1649926800000,41174.36000000,41216.81000000,40922.01000000,41190.50000000,46.83620000,1649930399999,1925359.05434360,1878,22.84316000,939015.46865420,0
1649930400000,41184.90000000,41220.83000000,40952.07000000,40952.07000000,44.58517000,1649933999999,1831972.78926260,1671,21.37677000,878529.12201410,0
1649934000000,40950.68000000,41083.73000000,40861.28000000,40926.54000000,47.83786000,1649937599999,1960628.20749490,1853,23.45767000,961366.44055450,0
1649937600000,40925.27000000,41189.90000000,40853.38000000,41158.31000000,62.20511000,1649941199999,2551764.23179190,2267,31.57985000,1295486.60110810,0
1649941200000,41159.55000000,41310.74000000,40534.18000000,40626.61000000,88.77221000,1649944799999,3637042.17304290,3299,48.17894000,1973968.98639740,0
1649944800000,40613.03000000,40661.15000000,40313.75000000,40448.26000000,67.86965000,1649948399999,2746320.66193520,2938,33.94651000,1373621.23000030,0
1649948400000,40448.33000000,40495.81000000,39932.44000000,39975.24000000,58.51722000,1649951999999,2350780.20922670,2218,31.51675000,1266138.02565170,0
1649952000000,39977.33000000,40079.67000000,39784.93000000,39959.35000000,107.05562000,1649955599999,4273903.47594130,2900,61.29142000,2447310.59561300,0
1649955600000,39953.06000000,40054.26000000,39845.49000000,39989.05000000,50.57417000,1649959199999,2019909.73797620,1799,27.39418000,1094132.18199300,0
1649959200000,39989.35000000,40026.46000000,39630.60000000,39664.65000000,64.46921000,1649962799999,2570295.05578730,2032,27.34447000,1089835.72889250,0
1649962800000,39664.20000000,39863.90000000,39570.57000000,39772.04000000,93.07107000,1649966399999,3698814.29854160,1883,56.51125000,2245917.65277760,0
1649966400000,39778.92000000,39914.06000000,39673.07000000,39914.06000000,64.68919000,1649969999999,2574032.24517370,1596,34.74607000,1382523.72671190,0
1649970000000,39893.94000000,39997.00000000,39869.61000000,39967.82000000,24.94779000,1649973599999,996017.28443040,961,11.52495000,460077.77363380,0
1649973600000,39962.82000000,40021.13000000,39808.01000000,39841.78000000,73.17439000,1649977199999,2923415.03304050,1403,13.17460000,525833.04421540,0
1649977200000,39844.51000000,39945.78000000,39831.94000000,39944.27000000,21.49099000,1649980799999,857365.88075120,725,12.53523000,500062.07928560,0
1649980800000,39945.78000000,40180.09000000,39772.23000000,39857.44000000,53.36872000,1649984399999,2132964.02622730,1918,32.61656000,1303423.59678250,0
1649984400000,39858.35000000,39977.89000000,39835.10000000,39944.23000000,28.23279000,1649987999999,1127008.36485650,1167,16.46481000,657164.34764440,0
1649988000000,39943.55000000,40067.55000000,39909.46000000,40017.71000000,28.60636000,1649991599999,1144483.38450940,1180,16.40421000,656232.72887740,0
1649991600000,40017.83000000,40219.13000000,40002.31000000,40204.32000000,34.41384000,1649995199999,1380654.22634680,1499,13.35202000,535630.02241840,0
1649995200000,40196.09000000,40263.07000000,40069.02000000,40102.73000000,33.89296000,1649998799999,1361836.94979880,1499,16.09547000,646891.71202860,0
1649998800000,40105.47000000,40345.22000000,40082.47000000,40130.83000000,48.96965000,1650002399999,1966920.93127200,1497,27.80795000,1117476.59188990,0
1650002400000,40136.92000000,40166.54000000,39973.44000000,40044.82000000,43.29602000,1650005999999,1733988.68438160,1299,26.90027000,1076948.73791030,0
1650006000000,40038.04000000,40447.02000000,39957.88000000,40244.30000000,89.08816000,1650009599999,3578708.65212430,2355,35.23135000,1414837.45719540,0
1650009600000,40248.27000000,40392.14000000,40108.45000000,40156.76000000,59.05822000,1650013199999,2374125.05719120,1677,31.53375000,1267590.68850690,0
1650013200000,40163.36000000,40194.76000000,40043.40000000,40118.80000000,45.34929000,1650016799999,1820013.69809710,1462,24.26978000,973987.63912740,0
1650016800000,40118.80000000,40398.18000000,40089.88000000,40273.65000000,47.87086000,1650020399999,1924574.24473070,1656,25.83873000,1038775.04168180,0
1650020400000,40272.09000000,40379.38000000,40108.80000000,40218.85000000,39.67922000,1650023999999,1596259.93465730,1203,15.81453000,636214.46018480,0
1650024000000,40223.62000000,40260.21000000,40117.92000000,40159.31000000,32.86826000,1650027599999,1320838.43551910,911,16.79938000,674986.12640440,0
1650027600000,40170.35000000,40238.25000000,40000.00000000,40045.14000000,36.00596000,1650031199999,1445176.60866870,1362,15.82470000,635190.30836350,0
1650031200000,40041.10000000,40857.50000000,39931.03000000,40449.28000000,90.83025000,1650034799999,3665856.27427490,3088,48.73631000,1966642.88775380,0
1650034800000,40468.31000000,40581.74000000,40361.07000000,40423.32000000,61.29793000,1650038399999,2481108.45664300,2055,31.99935000,1295301.79578020,0
1650038400000,40421.65000000,40481.42000000,40202.56000000,40390.14000000,70.97429000,1650041999999,2862783.84284800,2343,34.49835000,1391847.99331270,0
1650042000000,40398.47000000,40654.63000000,40367.77000000,40439.87000000,91.28084000,1650045599999,3695701.95150720,2796,31.03852000,1256714.21275100,0
1650045600000,40442.50000000,40472.05000000,40369.84000000,40395.62000000,32.00231000,1650049199999,1293484.17131350,1337,15.67222000,633369.76638010,0
1650049200000,40393.57000000,40405.56000000,40292.82000000,40319.75000000,44.66510000,1650052799999,1801433.95236910,1382,20.95596000,845136.07937110,0
1650052800000,40319.74000000,40407.22000000,40286.75000000,40405.70000000,32.30782000,1650056399999,1302948.38017680,1365,17.86883000,720583.52514400,0
1650056400000,40413.49000000,40473.15000000,40372.75000000,40431.94000000,16.03631000,1650059999999,648148.41486170,858,8.73988000,353281.78694300,0
1650060000000,40430.82000000,40550.77000000,40358.22000000,40465.01000000,26.35276000,1650063599999,1065701.45605480,871,16.75463000,677615.72161610,0
1650063600000,40473.51000000,40610.03000000,40430.29000000,40551.61000000,25.64050000,1650067199999,1039608.39646430,1216,13.37169000,542169.38994890,0
1650067200000,40558.05000000,40581.49000000,40473.82000000,40568.67000000,42.19990000,1650070799999,1710138.96534350,1783,19.11124000,774429.67585970,0
1650070800000,40568.67000000,40717.68000000,40530.85000000,40585.50000000,44.92945000,1650074399999,1823975.82736420,1991,22.14745000,899064.86148530,0
1650074400000,40585.51000000,40605.56000000,40513.66000000,40537.45000000,25.85969000,1650077999999,1048987.53227680,1229,10.86010000,440536.79549010,0
1650078000000,40526.99000000,40529.47000000,40415.93000000,40437.77000000,18.86447000,1650081599999,763476.75523680,923,7.74516000,313437.12163090,0
1650081600000,40438.94000000,40562.83000000,40423.50000000,40540.49000000,14.76523000,1650085199999,597962.82711980,678,8.23077000,333341.71221620,0
1650085200000,40540.47000000,40546.90000000,40356.80000000,40470.37000000,56.08426000,1650088799999,2270016.30193760,1722,38.45854000,1556750.05755250,0
1650088800000,40466.58000000,40560.64000000,40384.81000000,40429.66000000,57.34183000,1650092399999,2320106.24994120,1521,39.36528000,1593174.95043070,0
1650092400000,40427.92000000,40455.06000000,40375.53000000,40400.22000000,22.81786000,1650095999999,922158.80350350,1159,10.23060000,413449.68714750,0
1650096000000,40400.22000000,40467.10000000,40353.68000000,40378.72000000,21.26843000,1650099599999,859248.81819770,1043,10.39848000,420122.12931760,0
1650099600000,40379.08000000,40427.10000000,40290.00000000,40336.37000000,40.56695000,1650103199999,1637118.02610460,1160,20.50205000,827375.72095530,0
1650103200000,40334.43000000,40488.79000000,40317.42000000,40422.53000000,41.95416000,1650106799999,1694715.38017520,1492,25.24859000,1019867.64466330,0
1650106800000,40431.99000000,40503.34000000,40392.73000000,40419.94000000,47.19056000,1650110399999,1908535.41736370,1600,25.05646000,1013244.84918950,0
1650110400000,40422.65000000,40481.54000000,40355.91000000,40455.53000000,36.83398000,1650113999999,1488940.86597320,1392,19.65582000,794472.91158600,0
1650114000000,40455.53000000,40468.46000000,40384.90000000,40442.04000000,30.11549000,1650117599999,1217528.23674430,1139,15.54113000,628266.75113270,0
1650117600000,40439.81000000,40512.22000000,40403.57000000,40499.29000000,31.69888000,1650121199999,1282430.43482460,1284,14.47841000,585739.41683310,0
1650121200000,40509.07000000,40584.25000000,40000.00000000,40070.01000000,89.19095000,1650124799999,3588612.62568700,2832,40.35781000,1624058.33332250,0
1650124800000,40068.91000000,40238.29000000,40013.03000000,40217.19000000,44.71081000,1650128399999,1794693.54738840,1497,24.51698000,984017.17835210,0
1650128400000,40205.85000000,40243.64000000,40092.96000000,40158.96000000,40.93623000,1650131999999,1643970.45669430,1127,16.52804000,663836.12083210,0
1650132000000,40158.95000000,40205.40000000,40116.81000000,40193.82000000,19.43293000,1650135599999,780452.75487930,759,10.62948000,426922.93310740,0
1650135600000,40193.82000000,40268.01000000,40180.39000000,40217.97000000,20.05006000,1650139199999,806438.23484730,757,12.07831000,485773.50839010,0
1650139200000,40217.97000000,40394.85000000,40195.99000000,40285.49000000,26.96409000,1650142799999,1085605.33108400,1025,13.07453000,526460.01227040,0
1650142800000,40307.61000000,40619.95000000,40304.83000000,40502.69000000,19.36764000,1650146399999,782292.48640380,1079,12.48784000,504481.30614410,0
1650146400000,40493.32000000,40722.31000000,40401.13000000,40421.51000000,39.16125000,1650149999999,1588220.01855290,1485,18.87396000,765486.60270040,0
1650150000000,40412.54000000,40504.16000000,40376.71000000,40377.72000000,24.64739000,1650153599999,996708.88353500,1060,12.64096000,511148.75524170,0
1650153600000,40377.72000000,40419.43000000,40318.55000000,40382.54000000,34.49595000,1650157199999,1392421.70967580,1179,22.56465000,910674.60467090,0
1650157200000,40379.61000000,40427.66000000,40334.33000000,40401.30000000,19.22133000,1650160799999,776198.93659400,799,11.02703000,445295.02861090,0
1650160800000,40391.18000000,40391.18000000,40133.06000000,40185.36000000,32.44999000,1650164399999,1306087.51611370,1282,13.28142000,534512.77075390,0
1650164400000,40165.30000000,40304.92000000,40134.69000000,40244.01000000,18.43897000,1650167999999,741713.75841300,824,10.24842000,412213.68775530,0
1650168000000,40238.91000000,40414.00000000,40232.50000000,40293.24000000,24.01996000,1650171599999,968114.04232730,927,12.08472000,487117.05430210,0
1650171600000,40291.17000000,40429.15000000,40264.29000000,40370.12000000,24.93491000,1650175199999,1005762.70258400,900,14.80550000,597185.25308110,0
1650175200000,40379.11000000,40394.19000000,40320.73000000,40327.25000000,29.16186000,1650178799999,1176671.25154140,898,15.80138000,637497.65004730,0
1650178800000,40327.36000000,40362.46000000,40240.49000000,40296.37000000,16.43224000,1650182399999,662156.70870060,727,8.08531000,325811.64772910,0
1650182400000,40295.20000000,40424.73000000,40285.40000000,40400.00000000,40.46328000,1650185999999,1633559.97047610,1413,20.46359000,826078.41961660,0
1650186000000,40400.01000000,40534.49000000,40400.01000000,40426.96000000,99.35926000,1650189599999,4021434.38335450,2409,39.52167000,1599582.44221030,0
1650189600000,40427.40000000,40472.27000000,40387.43000000,40420.39000000,20.03624000,1650193199999,810064.67757170,688,7.83924000,316961.84708350,0
1650193200000,40420.40000000,40476.78000000,40369.84000000,40473.12000000,25.24067000,1650196799999,1020192.01844260,867,13.31196000,538023.01669690,0
1650196800000,40473.12000000,40499.48000000,40377.46000000,40433.25000000,28.98027000,1650200399999,1171885.49987540,1405,14.72774000,595543.07971600,0
1650200400000,40433.24000000,40598.97000000,40275.75000000,40326.50000000,75.74014000,1650203999999,3064904.02460770,2303,34.93890000,1414211.22130570,0
1650204000000,40317.18000000,40434.61000000,40173.93000000,40365.79000000,34.30265000,1650207599999,1383967.47034810,1304,17.40207000,702076.53547590,0
1650207600000,40370.17000000,40494.97000000,40330.37000000,40459.56000000,38.64692000,1650211199999,1561876.49175040,1508,19.15967000,774283.53299990,0
1650211200000,40460.27000000,40486.12000000,40150.00000000,40209.10000000,79.47761000,1650214799999,3209803.22475280,1939,41.95281000,1694885.52479320,0
1650214800000,40204.86000000,40283.05000000,40050.00000000,40110.00000000,62.66856000,1650218399999,2518695.26597540,1671,30.85951000,1240354.25742960,0
1650218400000,40112.72000000,40174.91000000,39803.59000000,40131.31000000,73.20516000,1650221999999,2929802.25133290,2331,38.92049000,1558039.72799590,0
1650222000000,40122.63000000,40450.00000000,40099.54000000,40381.27000000,43.96105000,1650225599999,1769137.60861510,1779,24.31383000,978566.58175540,0
1650225600000,40385.33000000,40810.21000000,40258.83000000,40272.51000000,88.39869000,1650229199999,3579224.70341720,1829,58.87939000,2387059.17147860,0
1650229200000,40266.80000000,40296.96000000,40141.01000000,40211.34000000,37.16113000,1650232799999,1493847.24643770,1244,15.98588000,642541.91543090,0
1650232800000,40218.11000000,40340.84000000,39948.23000000,40006.04000000,58.37498000,1650236399999,2345434.25289610,2229,22.83122000,917344.78375070,0
1650236400000,40009.56000000,40009.56000000,39560.47000000,39683.78000000,132.00666000,1650239999999,5245340.68766310,3781,83.07538000,3300267.97539680,0
1650240000000,39680.12000000,39777.19000000,39592.39000000,39737.36000000,58.54221000,1650243599999,2325293.34788560,1765,30.20425000,1199831.61185050,0
1650243600000,39737.35000000,39837.47000000,39676.62000000,39761.38000000,39.56633000,1650247199999,1572785.49752420,1514,19.25728000,765427.51683320,0
1650247200000,39761.37000000,39842.65000000,39739.99000000,39803.61000000,28.26241000,1650250799999,1124572.73634530,1089,14.44126000,574588.31275440,0
1650250800000,39809.88000000,39897.60000000,39753.87000000,39821.95000000,29.08511000,1650254399999,1158452.71046910,945,15.63528000,622779.11243620,0
1650254400000,39821.95000000,39857.74000000,38693.32000000,38832.10000000,192.02437000,1650257999999,7500601.02539490,6133,89.17103000,3481987.56314520,0
1650258000000,38833.81000000,38993.32000000,38500.00000000,38936.48000000,139.33423000,1650261599999,5411007.08624070,3546,85.80329000,3331612.90002420,0
1650261600000,38934.68000000,39080.82000000,38900.01000000,38997.75000000,78.29630000,1650265199999,3053408.14962300,2062,38.22820000,1490669.74366280,0
1650265200000,38997.75000000,39078.88000000,38810.25000000,38929.07000000,112.37368000,1650268799999,4377556.29522080,2544,69.71556000,2715543.09124970,0
1650268800000,38934.71000000,39075.71000000,38864.71000000,38886.62000000,65.43927000,1650272399999,2551320.85630750,1908,36.63018000,1428117.93236410,0
1650272400000,38885.82000000,39005.66000000,38817.12000000,38992.21000000,104.54441000,1650275999999,4070602.71851400,2385,48.46907000,1886353.89420280,0
1650276000000,38992.21000000,39325.15000000,38936.41000000,38939.71000000,83.09501000,1650279599999,3243635.62945460,2579,50.39391000,1967657.69530810,0
1650279600000,38940.71000000,39116.06000000,38940.71000000,39011.11000000,56.83348000,1650283199999,2218638.56002260,1726,31.33661000,1223239.79787540,0
1650283200000,39015.53000000,39495.00000000,39014.79000000,39414.15000000,95.35926000,1650286799999,3744368.53440400,2792,45.72835000,1795810.78437470,0
1650286800000,39407.47000000,39606.19000000,39253.40000000,39333.58000000,104.91689000,1650290399999,4134314.69451830,2867,55.90408000,2202494.81203360,0
1650290400000,39336.80000000,39646.33000000,39308.08000000,39344.93000000,99.01359000,1650293999999,3905590.74296980,3359,49.81811000,1964787.17545880,0
1650294000000,39321.82000000,39377.07000000,39126.75000000,39269.74000000,97.07728000,1650297599999,3809523.30551430,2247,68.79726000,2699443.56018450,0
1650297600000,39262.22000000,39630.29000000,39051.30000000,39469.14000000,119.28852000,1650301199999,4686103.51065080,2658,72.31959000,2839151.29382460,0
1650301200000,39488.29000000,40394.57000000,39479.75000000,40222.96000000,223.29170000,1650304799999,8925424.18195880,5691,132.23923000,5283789.80159220,0
1650304800000,40225.72000000,41084.52000000,40225.57000000,40647.45000000,209.67646000,1650308399999,8532679.41500700,6174,99.98510000,4067690.34749770,0
1650308400000,40674.36000000,40770.86000000,40425.51000000,40682.26000000,79.02179000,1650311999999,3206327.16137140,2906,44.28743000,1797158.93446450,0
1650312000000,40684.25000000,40922.50000000,40647.28000000,40671.60000000,109.25579000,1650315599999,4454193.22138370,3298,45.17355000,1841268.78663500,0
1650315600000,40673.65000000,41109.34000000,40673.65000000,40802.65000000,51.87328000,1650319199999,2118926.05350260,2246,30.38396000,1241227.96866340,0
1650319200000,40798.56000000,40940.30000000,40712.30000000,40928.76000000,43.60426000,1650322799999,1780451.91169520,1566,22.38630000,914170.43816810,0
1650322800000,40926.98000000,40973.82000000,40728.07000000,40804.50000000,51.37602000,1650326399999,2098417.74045920,1625,21.12011000,862552.29816510,0
1650326400000,40804.77000000,41264.90000000,40804.74000000,40890.00000000,106.37257000,1650329999999,4358899.05200480,3203,60.24476000,2468135.09088610,0
1650330000000,40886.48000000,40938.48000000,40719.25000000,40760.23000000,39.47381000,1650333599999,1612582.63181530,1515,17.73412000,724301.88988440,0
1650333600000,40757.39000000,40774.52000000,40603.22000000,40614.83000000,34.18082000,1650337199999,1391441.00151130,1642,14.65586000,596578.57045380,0
1650337200000,40620.74000000,40793.01000000,40616.15000000,40702.74000000,44.52480000,1650340799999,1813239.78554340,1604,20.34986000,828644.41031600,0
1650340800000,40702.73000000,40886.36000000,40669.62000000,40871.28000000,25.00304000,1650344399999,1019446.68176710,1187,12.91927000,526805.85730860,0
1650344400000,40868.90000000,40886.92000000,40659.23000000,40678.99000000,46.88251000,1650347999999,1912283.91368140,1271,14.42465000,588281.99734450,0
1650348000000,40667.12000000,40815.72000000,40667.12000000,40722.01000000,30.79126000,1650351599999,1254895.69523560,986,15.30025000,623589.11916170,0
1650351600000,40721.15000000,40761.65000000,40582.79000000,40690.58000000,35.88823000,1650355199999,1459888.21065830,1349,16.04437000,652531.54840060,0
1650355200000,40690.58000000,40863.64000000,40670.61000000,40731.64000000,142.74836000,1650358799999,5819145.72939070,2962,83.58035000,3407201.45109790,0
1650358800000,40731.65000000,40778.74000000,40584.93000000,40670.63000000,70.76656000,1650362399999,2878095.16861410,1758,37.06084000,1507029.23030340,0
1650362400000,40670.62000000,40820.58000000,40643.34000000,40802.45000000,57.93073000,1650365999999,2359387.01803450,1867,26.67184000,1086380.72120640,0
1650366000000,40800.65000000,41025.09000000,40674.58000000,40701.36000000,60.37515000,1650369599999,2465377.65132540,2074,29.30614000,1196556.30321700,0
1650369600000,40694.23000000,41115.87000000,40666.00000000,40985.90000000,86.14218000,1650373199999,3522415.47948530,3007,41.42901000,1694694.70626520,0
1650373200000,40984.78000000,41479.77000000,40850.59000000,41457.89000000,124.94824000,1650376799999,5143947.85870810,4571,59.16121000,2435828.05858950,0
1650376800000,41468.33000000,41694.70000000,41378.72000000,41579.18000000,149.18070000,1650380399999,6201422.39567520,5157,60.39066000,2510139.80205480,0
1650380400000,41579.16000000,41765.08000000,41390.67000000,41465.53000000,78.54728000,1650383999999,3263403.93857350,2779,40.06582000,1664793.63944740,0
1650384000000,41457.62000000,41552.50000000,41244.43000000,41352.29000000,51.27502000,1650387599999,2123503.61578220,2064,26.83892000,1111479.60614710,0
1650387600000,41359.01000000,41379.89000000,41182.54000000,41366.21000000,33.12476000,1650391199999,1368232.74505090,1304,16.84459000,695796.62529910,0
1650391200000,41350.75000000,41513.06000000,41323.20000000,41417.51000000,44.25071000,1650394799999,1832535.59634150,1772,19.51391000,808100.72003860,0
1650394800000,41404.73000000,41552.54000000,41372.96000000,41437.64000000,35.60951000,1650398399999,1476472.01816300,1414,19.77118000,819742.16907610,0
1650398400000,41431.71000000,41431.71000000,41220.43000000,41297.44000000,49.40586000,1650401999999,2039964.97716500,1845,26.75214000,1104314.74346310,0
1650402000000,41297.58000000,41397.64000000,41261.21000000,41294.10000000,31.30617000,1650405599999,1293431.21112410,1444,20.72202000,856241.44270980,0
1650405600000,41317.87000000,41740.78000000,41272.07000000,41401.77000000,46.34689000,1650409199999,1922087.21543520,1190,31.17916000,1293898.06623930,0
1650409200000,41401.77000000,41546.71000000,41401.77000000,41500.32000000,21.33488000,1650412799999,884975.33102530,1012,11.76508000,487953.16858710,0
1650412800000,41500.33000000,41547.84000000,41263.98000000,41314.49000000,38.95014000,1650416399999,1613072.84771850,1511,17.87472000,740456.68438000,0
1650416400000,41306.90000000,41394.54000000,41241.25000000,41363.32000000,25.60197000,1650419999999,1058095.34197300,1215,14.26218000,589374.29534670,0
1650420000000,41360.15000000,41409.21000000,41326.52000000,41379.05000000,21.85273000,1650423599999,903859.01169220,1106,12.77152000,528198.66467460,0
1650423600000,41386.49000000,41406.43000000,41305.94000000,41396.14000000,25.37918000,1650427199999,1049981.34784960,1139,12.18546000,504099.01788370,0
1650427200000,41396.14000000,41408.55000000,41273.96000000,41345.04000000,27.00067000,1650430799999,1116366.29362150,1087,13.11459000,542256.28466390,0
1650430800000,41351.02000000,41457.55000000,41302.78000000,41450.50000000,38.21404000,1650434399999,1581530.10459370,1347,21.10409000,873303.45453580,0
1650434400000,41450.50000000,41473.19000000,41393.95000000,41473.19000000,36.85246000,1650437999999,1526902.26249690,1241,16.51599000,684359.36765550,0
1650438000000,41475.82000000,41635.75000000,41298.42000000,41351.71000000,73.19793000,1650441599999,3031269.09402970,2239,29.86549000,1236331.98106660,0
1650441600000,41347.30000000,41529.19000000,41298.53000000,41484.63000000,88.02862000,1650445199999,3647464.72219290,1984,53.47694000,2216731.80887400,0
1650445200000,41484.63000000,41739.42000000,41455.60000000,41555.64000000,111.58148000,1650448799999,4636064.58861000,2698,63.50112000,2637866.19580290,0
1650448800000,41552.10000000,41978.50000000,41459.10000000,41830.41000000,148.39569000,1650452399999,6194090.97201530,3918,72.41319000,3022076.38231560,0
1650452400000,41836.85000000,42212.11000000,41727.82000000,42103.34000000,117.90919000,1650455999999,4950515.26396740,3722,68.89902000,2893254.76512030,0
1650456000000,42105.56000000,42181.79000000,41954.76000000,42132.26000000,88.19102000,1650459599999,3711540.86339720,2856,40.07976000,1686839.24184220,0
1650459600000,42112.82000000,42122.20000000,41424.41000000,41600.00000000,150.01593000,1650463199999,6279927.72176040,4171,77.64906000,3250064.25206680,0
1650463200000,41599.63000000,41758.35000000,41468.11000000,41560.18000000,83.18773000,1650466799999,3461844.79690980,2926,38.20068000,1589496.01372180,0
1650466800000,41561.05000000,41573.06000000,41061.78000000,41271.33000000,139.97968000,1650470399999,5773898.78455590,3915,88.16580000,3636153.94715450,0
1650470400000,41270.32000000,41426.19000000,41040.91000000,41381.96000000,125.74906000,1650473999999,5186205.31482370,3326,69.26118000,2857021.36319910,0
1650474000000,41383.60000000,41473.51000000,41292.93000000,41378.68000000,61.60947000,1650477599999,2549187.39989120,2023,31.74242000,1313452.98904260,0
1650477600000,41378.67000000,41378.67000000,40868.94000000,40965.40000000,82.64488000,1650481199999,3395103.04437750,2468,39.93182000,1639696.25881390,0
1650481200000,40973.02000000,41274.54000000,40941.45000000,41195.96000000,67.27589000,1650484799999,2767889.83243960,2452,34.20311000,1407234.58520780,0
1650484800000,41199.99000000,41443.26000000,41148.36000000,41419.49000000,93.88379000,1650488399999,3874677.29310190,2659,62.17049000,2565426.25169840,0
1650488400000,41424.83000000,41644.89000000,41379.34000000,41502.67000000,31.03408000,1650491999999,1286822.59248370,1444,14.19877000,588762.23208110,0
1650492000000,41505.18000000,41630.85000000,41449.76000000,41479.72000000,32.65127000,1650495599999,1355884.67407260,1361,17.84322000,741034.98718790,0
1650495600000,41479.72000000,41486.44000000,41297.46000000,41369.78000000,27.70074000,1650499199999,1146444.88240580,1303,11.59662000,479950.21895360,0
1650499200000,41362.12000000,41575.96000000,41329.95000000,41537.50000000,47.65241000,1650502799999,1976280.65781470,1711,26.39153000,1094660.88617720,0
1650502800000,41538.05000000,41773.03000000,41479.85000000,41683.50000000,42.84467000,1650506399999,1783948.28420880,1715,18.58234000,773820.07390270,0
1650506400000,41682.04000000,41733.39000000,41577.87000000,41638.46000000,28.76178000,1650509999999,1198252.83446640,1207,13.74751000,572722.60476680,0
1650510000000,41630.85000000,41723.80000000,41569.29000000,41701.09000000,27.90900000,1650513599999,1162274.12254950,1171,13.50205000,562262.20477840,0
1650513600000,41701.51000000,41757.65000000,41534.31000000,41615.82000000,30.58262000,1650517199999,1273780.16911930,1193,13.71002000,571030.64955280,0
1650517200000,41614.76000000,41706.48000000,41443.74000000,41477.46000000,31.66352000,1650520799999,1315998.06247120,1155,13.86566000,576291.16103370,0
1650520800000,41473.06000000,41612.57000000,41428.83000000,41532.38000000,40.21234000,1650524399999,1669215.63931540,1159,20.46148000,849457.88016550,0
1650524400000,41536.13000000,41945.09000000,41463.88000000,41855.58000000,68.53704000,1650527999999,2858067.26297930,1783,34.22988000,1426880.98029850,0
1650528000000,41878.02000000,42063.75000000,41755.17000000,41938.22000000,71.52701000,1650531599999,2995690.80726170,2070,31.53108000,1320562.43515500,0
1650531600000,41930.66000000,41974.82000000,41757.36000000,41814.50000000,39.39482000,1650535199999,1649190.86670370,1340,20.23099000,846872.62369070,0
1650535200000,41807.61000000,42481.48000000,41791.32000000,42264.14000000,101.56195000,1650538799999,4287612.13602340,3208,53.67783000,2264934.86564530,0
1650538800000,42268.68000000,42723.70000000,42252.52000000,42446.32000000,96.20858000,1650542399999,4085584.20881790,3108,47.39597000,2012940.54789950,0
1650542400000,42457.06000000,42831.98000000,42364.03000000,42680.57000000,89.04823000,1650545999999,3792475.72468990,3706,48.40199000,2061507.40564830,0
1650546000000,42680.79000000,42992.13000000,42620.60000000,42690.25000000,100.65890000,1650549599999,4306925.76526250,4015,52.42793000,2243019.99424330,0
1650549600000,42702.83000000,42714.48000000,42420.82000000,42517.03000000,95.28398000,1650553199999,4055514.78467470,2474,63.71349000,2711448.63046040,0
1650553200000,42507.26000000,42578.47000000,42119.49000000,42144.89000000,83.45196000,1650556799999,3532535.02482030,2891,41.63125000,1762084.84124800,0
1650556800000,42149.10000000,42185.95000000,41826.75000000,41827.19000000,102.88971000,1650560399999,4322330.16244660,3897,60.40813000,2537212.92322080,0
1650560400000,41825.19000000,41933.60000000,41501.00000000,41554.39000000,117.79904000,1650563999999,4915406.78248130,3572,62.68974000,2616209.77191190,0
1650564000000,41543.75000000,41673.33000000,41401.69000000,41460.87000000,86.87588000,1650567599999,3607293.14028670,3319,42.96035000,1783909.40639980,0
1650567600000,41467.62000000,41552.54000000,41228.73000000,41228.73000000,104.70198000,1650571199999,4335209.91227090,4434,61.62860000,2552067.12539190,0
1650571200000,41230.81000000,41317.84000000,40536.11000000,40602.88000000,114.26402000,1650574799999,4682308.65230260,4143,57.51083000,2356986.73563180,0
1650574800000,40606.59000000,40852.14000000,40560.86000000,40738.04000000,38.74840000,1650578399999,1578656.02106470,1465,18.40846000,750097.41863120,0
1650578400000,40728.37000000,40808.56000000,39723.58000000,40449.55000000,183.92976000,1650581999999,7406499.32487630,4637,94.74464000,3811846.33548410,0
1650582000000,40413.17000000,40566.30000000,40328.55000000,40478.67000000,61.13265000,1650585599999,2472074.05652610,1954,32.02507000,1294825.65928400,0
1650585600000,40483.15000000,40658.59000000,40156.58000000,40425.99000000,118.76530000,1650589199999,4802973.81237560,3103,54.96939000,2223920.11701140,0
1650589200000,40436.44000000,40565.59000000,40321.33000000,40507.86000000,52.45460000,1650592799999,2121442.38733650,1907,25.57052000,1034238.02927460,0
1650592800000,40504.27000000,40636.91000000,40433.25000000,40493.48000000,50.96940000,1650596399999,2066878.01788060,1833,27.94329000,1133170.52784250,0
1650596400000,40493.48000000,40619.35000000,40451.30000000,40503.84000000,49.00953000,1650599999999,1986488.11372460,1675,22.49546000,911791.60319670,0
1650600000000,40504.11000000,40639.18000000,40438.96000000,40635.37000000,54.58898000,1650603599999,2214711.56634630,1807,24.10463000,978072.56481350,0
1650603600000,40645.12000000,40733.95000000,40597.64000000,40680.30000000,68.74666000,1650607199999,2796460.44909730,2451,32.71521000,1330769.70765600,0
1650607200000,40676.15000000,40799.17000000,40630.85000000,40689.56000000,70.95520000,1650610799999,2888748.78512010,3048,35.84137000,1459299.74987780,0
1650610800000,40695.49000000,40796.55000000,40303.45000000,40712.66000000,110.13077000,1650614399999,4471416.05137740,3853,58.38095000,2370290.02973550,0
1650614400000,40715.77000000,40790.42000000,40363.79000000,40407.24000000,107.23259000,1650617999999,4346301.83596960,2759,51.11279000,2070970.46201370,0
1650618000000,40411.53000000,40481.73000000,40209.60000000,40309.00000000,88.94542000,1650621599999,3590754.97912300,2635,46.17313000,1864189.70366630,0
1650621600000,40303.82000000,40503.06000000,40134.62000000,40468.99000000,93.88926000,1650625199999,3786986.35668080,2611,40.51523000,1635488.89200720,0
1650625200000,40468.47000000,40599.90000000,40431.17000000,40591.73000000,55.04035000,1650628799999,2230789.37119790,1860,30.82055000,1249199.32574470,0
1650628800000,40591.92000000,40625.49000000,40369.66000000,40411.05000000,70.09098000,1650632399999,2839285.90453720,2422,36.41124000,1474914.22645520,0
1650632400000,40413.35000000,40639.33000000,40063.75000000,40241.72000000,119.50020000,1650635999999,4819105.60387570,3682,68.08130000,2745474.70817770,0
1650636000000,40240.27000000,40448.63000000,39804.45000000,39874.82000000,146.87176000,1650639599999,5879032.54887960,3885,72.77862000,2914039.83115710,0
1650639600000,39872.78000000,40012.79000000,39335.18000000,39439.99000000,153.66368000,1650643199999,6093943.64432740,5051,70.72879000,2804555.23422590,0
1650643200000,39439.08000000,39531.99000000,39191.00000000,39388.24000000,137.70068000,1650646799999,5422914.15917950,3836,53.18320000,2094636.37241530,0
1650646800000,39393.02000000,39531.99000000,39303.83000000,39349.21000000,75.01786000,1650650399999,2958460.91615080,2371,33.36684000,1315743.05380830,0
1650650400000,39340.75000000,39648.66000000,39220.67000000,39515.80000000,61.12125000,1650653999999,2409874.58518790,2150,32.20029000,1269620.93392530,0
1650654000000,39515.80000000,39785.96000000,39421.87000000,39504.43000000,81.76774000,1650657599999,3239090.07089940,2306,48.54098000,1922993.88470660,0
1650657600000,39500.77000000,39621.52000000,39401.70000000,39619.84000000,60.27299000,1650661199999,2380807.57017960,1537,37.51208000,1481712.42356890,0
1650661200000,39627.08000000,39694.12000000,39550.13000000,39618.26000000,17.17546000,1650664799999,680349.29966010,780,8.43327000,334076.82107380,0
1650664800000,39616.37000000,39747.46000000,39435.45000000,39709.08000000,30.89105000,1650668399999,1225413.51502450,1556,17.27212000,685195.01343200,0
1650668400000,39713.44000000,39818.18000000,39665.20000000,39709.54000000,32.48133000,1650671999999,1290349.81739660,1849,15.81954000,628478.26914040,0
1650672000000,39709.54000000,39866.04000000,39560.42000000,39569.28000000,34.49516000,1650675599999,1369817.45066600,1965,18.40276000,730836.88447580,0
1650675600000,39570.75000000,39701.12000000,39567.92000000,39605.77000000,26.33395000,1650679199999,1043262.61437740,1409,14.69240000,582080.79412300,0
1650679200000,39611.95000000,39612.20000000,39437.59000000,39496.07000000,20.72916000,1650682799999,819097.52202910,1347,9.41922000,372245.29963670,0
1650682800000,39498.95000000,39549.66000000,39416.23000000,39466.46000000,19.47293000,1650686399999,768659.44831560,1196,10.01884000,395500.81043390,0
1650686400000,39466.05000000,39570.08000000,39284.11000000,39534.78000000,34.45904000,1650689999999,1359382.03318310,1799,15.97512000,630053.98512890,0
1650690000000,39536.74000000,39627.08000000,39513.36000000,39576.30000000,20.74519000,1650693599999,820884.62543750,1124,9.59107000,379546.07357840,0
1650693600000,39578.89000000,39679.35000000,39552.31000000,39593.60000000,66.58764000,1650697199999,2636584.65680630,1961,47.69619000,1888220.86300650,0
1650697200000,39595.29000000,39656.61000000,39553.27000000,39605.71000000,24.62518000,1650700799999,975277.03228260,1259,13.45740000,533011.84511680,0
1650700800000,39605.64000000,39685.65000000,39541.99000000,39641.73000000,28.65092000,1650704399999,1134745.13777860,1355,13.67167000,541441.43779320,0
1650704400000,39646.63000000,39660.00000000,39508.85000000,39527.25000000,17.99398000,1650707999999,712077.26791930,1169,7.91377000,313151.20842420,0
1650708000000,39528.51000000,39665.83000000,39528.51000000,39607.39000000,39.73872000,1650711599999,1573563.78161810,1482,23.81083000,942927.56512670,0
1650711600000,39608.75000000,39685.72000000,39593.28000000,39611.24000000,26.03037000,1650715199999,1031857.09917210,1275,13.29705000,527146.77317450,0
1650715200000,39612.85000000,39780.28000000,39528.71000000,39703.23000000,48.81830000,1650718799999,1935994.97720010,1840,16.57337000,657331.29031480,0
1650718800000,39703.87000000,39796.99000000,39634.96000000,39709.26000000,53.41395000,1650722399999,2121680.66081010,1608,23.80333000,945584.92390590,0
1650722400000,39709.26000000,39766.49000000,39644.96000000,39722.86000000,27.69736000,1650725999999,1099536.11109030,1136,12.63289000,501415.97447270,0
1650726000000,39722.86000000,39827.81000000,39673.44000000,39795.89000000,30.83115000,1650729599999,1225614.77010740,1402,12.36553000,491588.24633860,0
1650729600000,39797.29000000,39997.89000000,39725.44000000,39838.33000000,49.45820000,1650733199999,1972372.58690670,1934,23.88972000,952832.74435700,0
1650733200000,39838.32000000,39841.76000000,39709.35000000,39820.41000000,35.10641000,1650736799999,1396201.40103780,1510,15.34722000,610315.13256070,0
1650736800000,39822.66000000,39847.27000000,39665.50000000,39689.11000000,26.52003000,1650740399999,1054516.77697090,1182,11.05339000,439462.67501570,0
1650740400000,39685.11000000,39783.07000000,39672.04000000,39762.57000000,23.53976000,1650743999999,934958.44103790,1124,11.98955000,476199.18920400,0
1650744000000,39768.01000000,39828.11000000,39755.06000000,39802.19000000,17.18713000,1650747599999,683853.53761890,945,8.12429000,323277.24194270,0
1650747600000,39802.42000000,39950.81000000,39788.85000000,39911.46000000,12.67133000,1650751199999,504805.39151410,721,5.78653000,230459.10175870,0
1650751200000,39903.79000000,39942.05000000,39795.64000000,39821.79000000,19.21936000,1650754799999,766519.22893410,1106,9.64378000,384670.53200670,0
1650754800000,39821.43000000,39829.42000000,39341.80000000,39446.43000000,65.54889000,1650758399999,2592418.85866210,2290,24.61510000,974063.56111400,0
1650758400000,39452.51000000,39660.22000000,39423.99000000,39579.13000000,68.60521000,1650761999999,2715890.75608410,2096,24.11341000,954492.28033790,0
1650762000000,39564.27000000,39645.69000000,39480.42000000,39488.06000000,29.75324000,1650765599999,1177595.94144340,1330,14.64768000,579815.01904410,0
1650765600000,39479.94000000,39606.70000000,39420.71000000,39549.34000000,21.61172000,1650769199999,854632.08750500,1157,11.68106000,461967.06768500,0
1650769200000,39545.41000000,39834.39000000,39520.18000000,39781.83000000,40.11457000,1650772799999,1593980.63265250,1942,19.61280000,779155.33287250,0
1650772800000,39781.84000000,39820.02000000,39665.96000000,39709.49000000,24.20920000,1650776399999,962541.83046740,1326,11.10523000,441475.26791690,0
1650776400000,39708.89000000,39730.13000000,39630.31000000,39672.22000000,13.18774000,1650779999999,523264.29296200,731,6.86598000,272434.97563500,0
1650780000000,39672.24000000,39797.07000000,39653.13000000,39752.57000000,136.07313000,1650783599999,5400906.11630760,2020,115.40708000,4580003.49868230,0
1650783600000,39756.52000000,39812.78000000,39500.01000000,39754.63000000,34.50713000,1650787199999,1370839.20209260,898,12.18305000,484527.25980080,0
1650787200000,39759.34000000,39805.79000000,39721.90000000,39731.85000000,15.38665000,1650790799999,611787.97156610,625,6.44397000,256233.04303800,0
1650790800000,39721.76000000,39784.39000000,39671.97000000,39758.82000000,20.53889000,1650794399999,816378.92336430,930,8.57067000,340577.98263220,0
1650794400000,39758.82000000,39794.69000000,39647.58000000,39710.07000000,30.61766000,1650797999999,1215706.27134520,1162,12.14555000,482202.74254430,0
1650798000000,39694.65000000,39726.27000000,39559.72000000,39618.78000000,42.23018000,1650801599999,1673870.73126330,1724,25.56788000,1013408.51258510,0
1650801600000,39613.89000000,39670.39000000,39537.11000000,39583.47000000,39.34442000,1650805199999,1558464.74357390,1791,24.15942000,957129.22754650,0
1650805200000,39591.88000000,39652.81000000,39359.06000000,39593.06000000,66.99512000,1650808799999,2647087.38438290,3266,36.01264000,1422976.18506100,0
1650808800000,39593.85000000,39947.51000000,39379.97000000,39746.16000000,59.44139000,1650812399999,2354852.91070100,2849,31.03327000,1229003.08817390,0
1650812400000,39769.96000000,39844.61000000,39636.27000000,39661.84000000,42.39188000,1650815999999,1683118.97773130,1864,20.06916000,797044.28708130,0
1650816000000,39668.24000000,39801.04000000,38963.00000000,39530.21000000,122.04678000,1650819599999,4811403.73684350,4333,57.55874000,2270502.51816650,0
1650819600000,39501.45000000,39530.28000000,39151.81000000,39431.00000000,63.04820000,1650823199999,2480455.94709170,2684,33.17860000,1305117.98253070,0
1650823200000,39429.59000000,39726.57000000,39241.63000000,39668.75000000,61.55680000,1650826799999,2435186.50270700,2100,29.11800000,1153033.15466950,0
1650826800000,39671.67000000,39808.30000000,39648.25000000,39709.26000000,40.46388000,1650830399999,1607380.98599960,1527,21.53798000,855443.28498630,0
1650830400000,39723.10000000,39737.59000000,39485.53000000,39514.57000000,30.39522000,1650833999999,1203002.94795620,1332,13.83518000,547321.73393440,0
1650834000000,39514.57000000,39656.93000000,39472.11000000,39642.00000000,15.90990000,1650837599999,628978.56208120,935,8.49588000,335851.16166100,0
1650837600000,39642.94000000,39776.87000000,39539.34000000,39559.43000000,18.02238000,1650841199999,714778.95030930,1200,8.44399000,335009.99271540,0
1650841200000,39567.45000000,39590.08000000,39431.43000000,39466.74000000,16.95334000,1650844799999,669958.58597600,1054,7.58903000,299924.05338290,0
1650844800000,39457.86000000,39514.87000000,38669.00000000,38884.58000000,102.44919000,1650848399999,3999708.24503820,4217,43.69991000,1706317.12066720,0
1650848400000,38869.94000000,39153.12000000,38769.91000000,39099.24000000,45.25632000,1650851999999,1763264.99209870,2120,23.70574000,923619.19075460,0
1650852000000,39103.32000000,39156.66000000,38972.67000000,39102.66000000,46.19445000,1650855599999,1804943.97299940,1656,28.86532000,1127944.51917760,0
1650855600000,39093.80000000,39320.38000000,39091.64000000,39257.77000000,48.22227000,1650859199999,1891360.95693430,1689,27.81506000,1090926.25778420,0
1650859200000,39259.00000000,39260.89000000,38921.83000000,39147.44000000,50.84511000,1650862799999,1990019.77530700,1395,19.71818000,771925.59803640,0
1650862800000,39150.14000000,39236.02000000,38957.74000000,38991.90000000,33.47621000,1650866399999,1308629.14940740,1467,15.08592000,589733.91930880,0
1650866400000,38982.82000000,39060.26000000,38594.54000000,38615.26000000,89.76645000,1650869999999,3488975.40918360,3121,41.56359000,1614420.39917900,0
1650870000000,38638.06000000,38681.74000000,38152.06000000,38464.30000000,170.09976000,1650873599999,6537775.56862420,4960,79.04411000,3038580.43427570,0
1650873600000,38460.08000000,38586.05000000,38398.65000000,38424.31000000,67.20518000,1650877199999,2587647.46246100,2220,33.31663000,1282834.16625540,0
1650877200000,38424.61000000,38637.25000000,38213.43000000,38601.28000000,61.36039000,1650880799999,2358618.57350830,2462,31.69960000,1218627.21887010,0
1650880800000,38591.56000000,38656.94000000,38402.19000000,38435.65000000,47.17580000,1650884399999,1816389.77889280,1717,21.55268000,829846.27051040,0
1650884400000,38429.67000000,38949.73000000,38347.99000000,38838.59000000,77.35967000,1650887999999,2991840.48918490,2893,47.70733000,1844926.14205540,0
1650888000000,38841.51000000,39012.80000000,38750.30000000,38813.54000000,65.42271000,1650891599999,2543116.64190860,2585,30.45707000,1183743.55979270,0
1650891600000,38813.54000000,39307.69000000,38638.63000000,38741.73000000,115.95015000,1650895199999,4512061.09234510,4222,53.71880000,2090434.63564430,0
1650895200000,38747.41000000,39411.51000000,38635.36000000,39067.86000000,126.41933000,1650898799999,4936395.29511270,4316,64.77294000,2528157.46485520,0
1650898800000,39094.29000000,39380.31000000,38929.26000000,38958.01000000,82.24496000,1650902399999,3219006.46360870,3245,38.91026000,1522840.71759220,0
1650902400000,38979.94000000,39690.14000000,38786.35000000,39474.62000000,117.43126000,1650905999999,4622388.81821400,3958,62.81558000,2472387.40547700,0
1650906000000,39488.99000000,39586.62000000,39364.60000000,39402.28000000,79.62291000,1650909599999,3141981.54199510,2651,39.64085000,1563989.05937290,0
1650909600000,39413.72000000,40388.33000000,39325.90000000,39894.47000000,121.87534000,1650913199999,4856853.71813580,3956,57.71035000,2297271.06526450,0
1650913200000,39889.70000000,40488.57000000,39777.86000000,40237.17000000,118.33680000,1650916799999,4752463.28026770,4077,61.19102000,2457049.53657760,0
1650916800000,40230.98000000,40332.85000000,40050.74000000,40184.66000000,64.14426000,1650920399999,2578222.53582560,2269,31.42253000,1263275.15710900,0
1650920400000,40184.65000000,40254.40000000,40067.65000000,40232.73000000,47.63541000,1650923999999,1912415.63801250,1063,31.63418000,1269915.09562330,0
1650924000000,40227.04000000,40617.13000000,40147.07000000,40343.81000000,55.42966000,1650927599999,2235869.74231350,1828,29.96702000,1208661.30360470,0
1650927600000,40370.32000000,40586.37000000,40249.88000000,40432.88000000,40.91401000,1650931199999,1654524.69628160,1829,22.21507000,898310.68797120,0
1650931200000,40432.87000000,40807.20000000,40391.21000000,40556.88000000,70.22992000,1650934799999,2848522.70733410,2609,37.60310000,1524975.68744860,0
1650934800000,40558.78000000,40637.01000000,40457.21000000,40482.10000000,53.12425000,1650938399999,2153460.00330400,1762,23.61141000,957027.11776390,0
1650938400000,40480.52000000,40604.32000000,40390.63000000,40528.88000000,66.24404000,1650941999999,2682867.62575420,1931,36.35843000,1472596.60724010,0
1650942000000,40527.31000000,40661.52000000,40494.92000000,40549.33000000,56.72928000,1650945599999,2301026.13489870,1946,32.32411000,1311186.06125320,0
1650945600000,40549.33000000,40624.70000000,40496.60000000,40564.49000000,33.13772000,1650949199999,1344380.45835560,1403,16.56248000,671890.30796470,0
1650949200000,40568.07000000,40692.28000000,40533.49000000,40589.85000000,29.94295000,1650952799999,1215779.29836800,1233,14.28107000,579910.42953100,0
1650952800000,40589.84000000,40619.46000000,40450.49000000,40525.28000000,57.80033000,1650956399999,2342621.53689500,2216,25.48970000,1033177.93506030,0
1650956400000,40530.67000000,40661.52000000,40383.04000000,40588.22000000,55.27048000,1650959999999,2242396.64476040,2742,28.95905000,1174967.24366430,0
1650960000000,40586.20000000,40794.95000000,40449.79000000,40510.34000000,64.48519000,1650963599999,2619064.66862160,2499,32.40317000,1316059.68905720,0
1650963600000,40515.22000000,40537.15000000,40340.78000000,40386.03000000,84.02245000,1650967199999,3398336.60308160,2445,49.35502000,1996236.41412720,0
1650967200000,40382.97000000,40467.50000000,40336.69000000,40381.48000000,52.34598000,1650970799999,2114488.08491250,1708,34.60142000,1397683.27505910,0
1650970800000,40374.83000000,40573.17000000,40200.00000000,40468.67000000,53.73015000,1650974399999,2173380.82654310,2320,27.81766000,1125272.69188370,0
1650974400000,40477.98000000,40628.86000000,40204.66000000,40292.35000000,79.50216000,1650977999999,3213931.48893390,2878,45.66265000,1846400.65149930,0
1650978000000,40289.52000000,40349.49000000,39800.00000000,39813.56000000,128.70366000,1650981599999,5161591.93094880,4401,70.65202000,2832895.91790030,0
1650981600000,39801.83000000,39875.03000000,39236.57000000,39276.20000000,159.85724000,1650985199999,6327977.18908270,4491,81.89945000,3242459.50500640,0
1650985200000,39274.74000000,39357.15000000,38552.67000000,38567.87000000,139.93048000,1650988799999,5459045.41806160,4592,65.78754000,2567327.44426030,0
1650988800000,38567.87000000,38876.17000000,38361.02000000,38664.93000000,158.48604000,1650992399999,6121561.00572940,4669,84.60347000,3267461.50002060,0
1650992400000,38676.09000000,38676.09000000,38000.00000000,38400.60000000,123.79312000,1650995999999,4738569.09195960,4422,55.82815000,2137496.59978370,0
1650996000000,38389.34000000,38482.11000000,38219.16000000,38411.56000000,57.47885000,1650999599999,2204743.97254290,2232,28.68410000,1100325.21644530,0
1650999600000,38411.53000000,38570.82000000,37845.02000000,38293.72000000,137.74310000,1651003199999,5263512.49023700,5019,65.33700000,2498579.99407050,0
1651003200000,38282.79000000,38417.80000000,37721.67000000,38132.23000000,151.15581000,1651006799999,5747073.36677310,4390,76.52330000,2909908.82849500,0
1651006800000,38130.29000000,38444.96000000,38026.20000000,38332.15000000,40.29909000,1651010399999,1542650.92796210,1699,17.23311000,659329.59762940,0
1651010400000,38332.15000000,38453.15000000,38164.05000000,38216.18000000,46.18844000,1651013999999,1770379.33628920,1840,17.34710000,664997.62490690,0
1651014000000,38223.65000000,38266.87000000,37704.15000000,38129.25000000,85.32409000,1651017599999,3242319.32974000,2858,36.80569000,1398037.06642710,0
1651017600000,38110.28000000,38256.44000000,37852.00000000,38178.72000000,119.12299000,1651021199999,4540140.31878780,3254,43.44358000,1656366.75549860,0
1651021200000,38164.43000000,38336.40000000,38153.92000000,38307.26000000,58.71403000,1651024799999,2245342.63574340,2314,24.78742000,948028.13540180,0
1651024800000,38308.15000000,38431.98000000,38266.35000000,38424.11000000,45.86448000,1651028399999,1759111.20342200,1952,21.53077000,825845.84580010,0
1651028400000,38419.05000000,38474.48000000,38325.07000000,38345.45000000,50.64060000,1651031999999,1945081.95099130,1747,18.64511000,716196.57989830,0
1651032000000,38344.98000000,38455.45000000,38295.31000000,38405.86000000,57.11749000,1651035599999,2193246.70294580,1631,22.80867000,875800.92416480,0
1651035600000,38411.10000000,38554.86000000,38180.45000000,38409.30000000,54.73121000,1651039199999,2103629.26274780,1704,22.30720000,857760.95138720,0
1651039200000,38412.64000000,38700.36000000,38382.52000000,38647.76000000,63.94738000,1651042799999,2464707.53930320,2128,30.55019000,1177344.73408500,0
1651042800000,38647.12000000,39100.00000000,38606.98000000,39078.00000000,83.78521000,1651046399999,3246536.97093990,2850,42.08189000,1631447.46930490,0
1651046400000,39084.69000000,39216.79000000,38706.61000000,38991.42000000,97.66778000,1651049999999,3808510.15006960,3091,42.18220000,1645002.49584830,0
1651050000000,38981.25000000,39108.57000000,38822.76000000,39047.27000000,59.61724000,1651053599999,2324319.40061920,2241,27.40656000,1068460.96106550,0
1651053600000,39054.48000000,39150.00000000,38963.84000000,39105.94000000,40.87027000,1651057199999,1596112.58075090,1601,18.82983000,735367.76956370,0
1651057200000,39106.44000000,39117.12000000,38613.64000000,39018.17000000,65.37673000,1651060799999,2542655.01627750,2548,32.21067000,1252637.55943590,0
1651060800000,39018.17000000,39132.84000000,38867.61000000,38880.91000000,88.24194000,1651064399999,3441043.40243490,2743,44.32829000,1728842.23221370,0
1651064400000,38889.85000000,39467.11000000,38774.20000000,39339.57000000,130.25206000,1651067999999,5104758.07525710,4432,69.21788000,2712182.30814120,0
1651068000000,39347.38000000,39414.98000000,38412.19000000,38672.19000000,148.97909000,1651071599999,5770826.63542160,6463,78.96561000,3055900.21192570,0
1651071600000,38672.19000000,39145.43000000,38641.30000000,38999.59000000,121.99933000,1651075199999,4741021.51620020,4927,61.27510000,2381651.37150770,0
1651075200000,39007.31000000,39317.22000000,38923.71000000,39196.25000000,101.82153000,1651078799999,3991762.87312930,3474,62.97732000,2468980.83761220,0
1651078800000,39200.46000000,39252.88000000,38957.27000000,39111.05000000,85.48721000,1651082399999,3340987.86032710,3441,46.04387000,1799016.51033190,0
1651082400000,39108.35000000,39188.82000000,38755.68000000,38794.12000000,54.34528000,1651085999999,2119793.05275910,2560,25.51680000,995351.78579310,0
1651086000000,38790.03000000,38907.74000000,38674.37000000,38864.87000000,66.81442000,1651089599999,2590542.54782690,2694,34.74559000,1347407.11424810,0
1651089600000,38864.84000000,39269.27000000,38832.94000000,39114.32000000,93.46922000,1651093199999,3652552.74871610,3344,52.61419000,2055849.45714560,0
1651093200000,39097.28000000,39394.89000000,39085.35000000,39223.47000000,29.49727000,1651096799999,1156530.78699680,1298,17.11128000,671072.20244630,0
1651096800000,39236.51000000,39296.32000000,39000.00000000,39070.85000000,39.09974000,1651100399999,1531444.67369780,1543,16.67877000,653237.50600030,0
1651100400000,39067.04000000,39290.43000000,39057.00000000,39236.70000000,36.78286000,1651103999999,1441706.08153270,1417,14.96792000,586603.27688260,0
1651104000000,39236.70000000,39455.18000000,39153.73000000,39387.98000000,43.54515000,1651107599999,1710842.01683240,1787,20.00504000,785851.09072410,0
1651107600000,39389.85000000,39686.84000000,39190.62000000,39241.19000000,56.51519000,1651111199999,2231809.93690950,2516,24.55472000,969753.72344770,0
1651111200000,39232.11000000,39475.17000000,39165.67000000,39432.25000000,41.04650000,1651114799999,1616020.82838950,1673,21.55787000,848740.23835740,0
1651114800000,39431.10000000,39529.99000000,39330.48000000,39349.78000000,42.41131000,1651118399999,1673008.94572190,1547,18.45708000,728003.58986190,0
1651118400000,39348.05000000,39404.73000000,39242.27000000,39393.77000000,46.22054000,1651121999999,1817945.54960490,1650,13.29036000,522808.62613810,0
1651122000000,39401.10000000,39440.12000000,39228.71000000,39323.25000000,31.99028000,1651125599999,1257778.59297220,1186,10.23533000,402544.81808240,0
1651125600000,39316.95000000,39438.76000000,39282.63000000,39424.43000000,31.22475000,1651129199999,1229136.25755200,1287,16.53664000,650704.52161940,0
1651129200000,39425.15000000,39658.22000000,39384.66000000,39389.92000000,73.43366000,1651132799999,2899952.64160590,2262,38.70969000,1528789.83894070,0
1651132800000,39388.47000000,39778.27000000,39354.21000000,39639.71000000,117.63645000,1651136399999,4656905.43961280,3754,48.00528000,1900631.03107720,0
1651136400000,39647.36000000,39886.70000000,39641.89000000,39781.28000000,83.54582000,1651139999999,3322247.15445640,2881,37.60015000,1495148.09932140,0
1651140000000,39781.28000000,39834.32000000,39608.55000000,39716.78000000,99.68211000,1651143599999,3958503.62244570,2822,23.74878000,943152.33909350,0
1651143600000,39712.66000000,39765.47000000,39614.82000000,39682.52000000,36.68185000,1651147199999,1455575.55360870,1381,20.11732000,798210.69096180,0
1651147200000,39683.64000000,39841.87000000,39522.92000000,39562.66000000,63.39371000,1651150799999,2516930.77785060,2355,31.98733000,1269965.27191060,0
1651150800000,39561.05000000,39566.16000000,39055.08000000,39095.82000000,124.42474000,1651154399999,4894372.94093320,4213,57.92932000,2278351.66256730,0
1651154400000,39094.63000000,39390.46000000,38886.15000000,39295.39000000,107.92030000,1651157999999,4214570.33728140,4513,54.66326000,2133934.40725040,0
1651158000000,39293.69000000,40300.00000000,39090.90000000,39485.37000000,163.65200000,1651161599999,6505406.13224070,6093,92.35205000,3672166.29331360,0
1651161600000,39454.19000000,40143.70000000,39317.66000000,39903.79000000,113.06985000,1651165199999,4493966.08444890,5022,58.20666000,2313637.12896770,0
1651165200000,39903.78000000,40297.22000000,39864.56000000,40277.41000000,98.11922000,1651168799999,3929055.00147410,4128,52.93694000,2119191.50996800,0
1651168800000,40288.60000000,40387.80000000,40064.09000000,40097.31000000,102.32861000,1651172399999,4115889.23985800,3930,53.19495000,2140271.63303560,0
1651172400000,40089.20000000,40241.06000000,39925.02000000,39960.92000000,65.59749000,1651175999999,2628291.58597070,2886,27.96426000,1120272.76341130,0
1651176000000,39987.34000000,40250.23000000,39738.41000000,39880.93000000,123.61381000,1651179599999,4934175.15297310,3366,88.71989000,3541303.69473710,0
1651179600000,39874.63000000,39988.82000000,39766.57000000,39838.58000000,18.77240000,1651183199999,748564.02130780,838,6.62829000,264358.68428640,0
1651183200000,39853.02000000,39871.86000000,39610.40000000,39794.30000000,36.85951000,1651186799999,1465166.24930690,1256,20.06559000,797366.96286800,0
1651186800000,39794.30000000,39847.27000000,39667.66000000,39746.34000000,37.94430000,1651190399999,1508300.94065750,1381,25.00829000,994030.37822370,0
1651190400000,39746.33000000,39870.38000000,39673.74000000,39841.96000000,48.90188000,1651193999999,1945251.02705770,2219,26.85345000,1068240.52964020,0
1651194000000,39836.06000000,39919.73000000,39768.95000000,39815.16000000,47.80742000,1651197599999,1905321.78452930,2195,25.67733000,1023304.87993990,0
1651197600000,39814.94000000,39829.13000000,39443.08000000,39516.91000000,59.46201000,1651201199999,2359845.17403420,2446,28.48092000,1130203.80617150,0
1651201200000,39517.09000000,39553.25000000,39283.20000000,39523.52000000,55.11398000,1651204799999,2173648.98262070,2178,24.94901000,983962.23369020,0
1651204800000,39529.22000000,39587.83000000,39368.92000000,39537.19000000,46.38784000,1651208399999,1831301.76981540,1787,25.74785000,1016439.12449290,0
1651208400000,39535.46000000,39637.67000000,39479.92000000,39499.17000000,42.80233000,1651211999999,1693438.94974330,1733,24.59536000,973112.79352990,0
1651212000000,39499.25000000,39570.17000000,39375.56000000,39457.20000000,28.25575000,1651215599999,1115906.20737460,1403,14.53180000,573840.22948100,0
1651215600000,39455.24000000,39617.22000000,39409.94000000,39607.16000000,43.79726000,1651219199999,1731352.83265470,1564,17.64202000,697411.06964930,0
1651219200000,39605.14000000,39632.89000000,39395.13000000,39410.01000000,48.61378000,1651222799999,1920706.01276880,1836,18.29328000,722590.02633120,0
1651222800000,39391.36000000,39391.36000000,39044.82000000,39142.29000000,67.44490000,1651226399999,2644554.49381040,2583,29.32280000,1149665.94223530,0
1651226400000,39143.69000000,39242.39000000,38670.71000000,38808.82000000,75.05418000,1651229999999,2928280.22127610,3096,39.49021000,1541038.55794800,0
1651230000000,38804.62000000,38940.71000000,38608.82000000,38748.07000000,76.57989000,1651233599999,2969966.36965560,2498,40.85709000,1584959.52728060,0
1651233600000,38744.94000000,39133.45000000,38637.79000000,38922.86000000,82.34871000,1651237199999,3204849.85415260,2914,45.83931000,1783883.52550230,0
1651237200000,38902.60000000,39406.30000000,38771.92000000,39268.52000000,82.06099000,1651240799999,3207997.20741520,3158,42.45201000,1659926.72401250,0
1651240800000,39268.86000000,39320.34000000,38799.47000000,38957.99000000,191.35293000,1651244399999,7467377.14366510,4348,105.64430000,4122540.60679630,0
1651244400000,38956.96000000,39157.10000000,38848.97000000,39007.60000000,77.16092000,1651247999999,3010151.99745050,2308,42.93417000,1675157.38444500,0
1651248000000,39007.20000000,39070.44000000,38439.94000000,38507.60000000,110.12367000,1651251599999,4267668.66747580,3059,64.07052000,2482053.16858020,0
1651251600000,38507.60000000,38729.48000000,38464.40000000,38640.39000000,58.41402000,1651255199999,2255479.29443780,2005,28.23799000,1090523.06277780,0
1651255200000,38640.45000000,38667.73000000,38303.18000000,38527.40000000,62.61213000,1651258799999,2412518.07201630,2357,28.65765000,1104294.45994800,0
1651258800000,38531.87000000,38603.85000000,38176.48000000,38341.63000000,98.56108000,1651262399999,3783033.14996050,3049,52.71406000,2023244.19013630,0
1651262400000,38333.39000000,38579.19000000,38301.22000000,38551.20000000,60.78964000,1651265999999,2338236.44921490,1940,28.42896000,1093221.61940690,0
1651266000000,38558.83000000,38641.23000000,38451.27000000,38555.17000000,20.42698000,1651269599999,787916.74377660,878,7.88473000,304112.06132050,0
1651269600000,38549.43000000,38623.73000000,38431.72000000,38610.07000000,21.07716000,1651273199999,812464.06422500,640,4.58813000,176833.55031110,0
1651273200000,38599.38000000,38661.72000000,38558.53000000,38594.83000000,25.23090000,1651276799999,973994.31123860,1034,11.55270000,446077.30517670,0
1651276800000,38592.42000000,38779.88000000,38550.60000000,38636.42000000,29.40512000,1651280399999,1136039.95772930,1183,12.58907000,486456.68660880,0
1651280400000,38636.42000000,38757.28000000,38627.36000000,38699.20000000,36.35629000,1651283999999,1406327.82523840,1316,12.41210000,480180.10327350,0
1651284000000,38700.04000000,38767.89000000,38654.65000000,38692.25000000,19.35078000,1651287599999,749050.22024950,932,9.47645000,366798.53873890,0
1651287600000,38703.61000000,38703.61000000,38583.38000000,38648.31000000,67.36646000,1651291199999,2602327.76249920,1770,26.11587000,1008680.95616880,0
1651291200000,38652.48000000,38687.59000000,38490.98000000,38550.92000000,75.44639000,1651294799999,2911105.52041990,1717,33.10623000,1277898.17548240,0
1651294800000,38554.09000000,38770.78000000,38527.20000000,38703.07000000,26.09679000,1651298399999,1008097.58032960,1248,11.58736000,447589.68324530,0
1651298400000,38703.16000000,38731.45000000,38643.87000000,38698.73000000,43.22553000,1651301999999,1672143.97718190,1498,24.63644000,952864.26856320,0
1651302000000,38700.22000000,38751.84000000,38632.28000000,38650.10000000,49.66548000,1651305599999,1921058.05006060,1307,26.87606000,1039400.64782070,0
1651305600000,38653.85000000,38689.53000000,38539.84000000,38586.12000000,55.87125000,1651309199999,2157508.96458820,1966,21.57943000,833251.47133780,0
1651309200000,38582.05000000,38641.51000000,38548.96000000,38625.88000000,34.49050000,1651312799999,1331381.42116910,1595,14.11073000,544756.12802980,0
1651312800000,38633.52000000,38660.74000000,38564.74000000,38571.84000000,25.04603000,1651316399999,967088.92407580,1027,10.99464000,424487.97426190,0
1651316400000,38569.64000000,38633.33000000,38564.48000000,38581.42000000,42.19716000,1651319999999,1628770.34214310,1174,21.65707000,835793.40344820,0
1651320000000,38581.44000000,38616.19000000,38534.02000000,38540.18000000,70.30295000,1651323599999,2711665.61881460,1688,35.89310000,1384415.73780650,0
1651323600000,38537.97000000,38641.96000000,38489.69000000,38506.73000000,120.93675000,1651327199999,4661099.71863440,2325,55.59683000,2142329.34218260,0
1651327200000,38505.84000000,38639.50000000,38218.50000000,38257.19000000,179.98891000,1651330799999,6913625.56093890,3365,73.88294000,2837658.57467020,0
1651330800000,38262.19000000,38538.40000000,38150.60000000,38480.48000000,87.78010000,1651334399999,3366348.27132990,2440,36.48319000,1399147.09218110,0
1651334400000,38467.25000000,38615.96000000,38413.28000000,38430.72000000,54.51974000,1651337999999,2101007.26276540,1764,25.79644000,994106.54063680,0
1651338000000,38435.34000000,38450.57000000,38211.35000000,38284.69000000,66.32236000,1651341599999,2540904.34695500,2122,29.29182000,1122469.25554720,0
1651341600000,38279.06000000,38359.15000000,38206.60000000,38343.33000000,40.90092000,1651345199999,1565735.09616420,1560,18.33613000,702032.75067200,0
1651345200000,38346.55000000,38500.00000000,38311.46000000,38468.87000000,24.61872000,1651348799999,944704.45275660,1085,11.08388000,425385.15450590,0
1651348800000,38452.90000000,38461.94000000,38285.53000000,38326.87000000,40.66194000,1651352399999,1561167.41019000,1039,17.86273000,685824.11567570,0
1651352400000,38314.81000000,38370.69000000,38254.23000000,38307.97000000,15.20186000,1651355999999,582402.38490320,543,6.49698000,248910.21390700,0
1651356000000,38296.89000000,38367.59000000,38165.73000000,38251.00000000,17.82631000,1651359599999,682111.24454980,945,10.37872000,397171.46839410,0
1651359600000,38246.25000000,38273.37000000,37550.62000000,37634.83000000,149.60881000,1651363199999,5653486.65349350,4578,59.46435000,2245851.57923700,0
1651363200000,37637.66000000,37810.90000000,37485.81000000,37691.78000000,205.54429000,1651366799999,7740264.68649430,3518,69.37006000,2614167.21600600,0
1651366800000,37688.01000000,38076.81000000,37402.29000000,37944.35000000,115.62226000,1651370399999,4356729.87864280,3151,40.77089000,1538012.23612710,0
1651370400000,37944.36000000,38061.16000000,37779.50000000,37824.99000000,32.15847000,1651373999999,1219628.66118260,1232,14.46025000,548355.90288880,0
1651374000000,37840.07000000,38066.11000000,37811.02000000,38048.91000000,45.89237000,1651377599999,1742028.60805070,1383,21.21231000,805278.24287500,0
1651377600000,38052.67000000,38066.10000000,37896.21000000,37948.41000000,37.47548000,1651381199999,1423503.02421710,1113,14.76567000,560861.64089420,0
1651381200000,37950.65000000,38172.85000000,37912.72000000,38062.77000000,37.93581000,1651384799999,1444142.14529570,1442,14.50709000,552264.40467100,0
1651384800000,38071.06000000,38152.91000000,37944.45000000,37960.97000000,30.04599000,1651388399999,1143208.94794820,1097,13.01013000,495003.48671100,0
1651388400000,37960.00000000,37999.41000000,37901.26000000,37974.69000000,40.78341000,1651391999999,1547738.08377110,1524,19.92931000,756310.92131990,0
1651392000000,37974.68000000,38064.40000000,37949.73000000,38034.54000000,47.54592000,1651395599999,1807602.94964010,1785,26.21031000,996409.71272940,0
1651395600000,38034.54000000,38325.03000000,37850.01000000,37979.23000000,66.70736000,1651399199999,2537182.36340930,2049,40.42275000,1539108.99962080,0
1651399200000,37980.06000000,38092.13000000,37955.17000000,38029.63000000,38.23652000,1651402799999,1454841.71967200,1449,21.85267000,831738.66996240,0
1651402800000,38034.98000000,38060.71000000,37902.62000000,37947.17000000,38.06715000,1651406399999,1445565.36225210,1380,16.01858000,608132.44727230,0
1651406400000,37947.35000000,38021.79000000,37850.00000000,37972.44000000,36.96049000,1651409999999,1401999.11570290,1607,18.86223000,715393.41048840,0
1651410000000,37984.35000000,38026.17000000,37917.56000000,37923.72000000,28.86794000,1651413599999,1096278.61877280,1187,15.69506000,595972.05348380,0
1651413600000,37926.38000000,38026.40000000,37900.02000000,37995.28000000,46.44239000,1651417199999,1762572.19013060,1534,32.86597000,1247279.49910220,0
1651417200000,37991.71000000,38666.29000000,37981.62000000,38488.48000000,143.19025000,1651420799999,5484432.87175790,3804,76.51215000,2931407.74952090,0
1651420800000,38491.27000000,38718.59000000,38398.51000000,38505.27000000,76.68537000,1651424399999,2957490.58067210,2874,39.90694000,1539142.55590790,0
1651424400000,38505.27000000,38599.69000000,38372.21000000,38387.53000000,49.02003000,1651427999999,1886526.17027290,1651,24.06380000,925891.63323450,0
1651428000000,38387.54000000,38415.05000000,37919.08000000,37939.65000000,69.22193000,1651431599999,2644064.20045510,2458,36.06435000,1376849.31760260,0
1651431600000,37925.16000000,38010.88000000,37718.65000000,37810.58000000,61.85780000,1651435199999,2341348.38060530,2237,31.77015000,1202305.46950490,0
1651435200000,37810.59000000,38340.59000000,37668.67000000,38311.71000000,45.68961000,1651438799999,1732592.50412040,2113,25.97322000,984990.82146620,0
1651438800000,38311.86000000,38444.74000000,38099.74000000,38342.01000000,27.49015000,1651442399999,1051901.56056570,1230,13.01625000,498269.15440110,0
1651442400000,38344.07000000,38586.56000000,38098.22000000,38305.34000000,47.07679000,1651445999999,1803390.93477390,2299,25.43730000,974535.77226410,0
1651446000000,38311.08000000,38626.01000000,38245.29000000,38469.56000000,41.60738000,1651449599999,1600299.54492210,1773,22.26803000,856193.06633350,0
1651449600000,38467.62000000,38818.65000000,38442.01000000,38669.59000000,56.89751000,1651453199999,2199589.55820650,2320,30.84566000,1192488.83318580,0
1651453200000,38673.43000000,38745.32000000,38494.15000000,38498.47000000,28.80640000,1651456799999,1112326.41059470,1397,13.63578000,526610.17546040,0
1651456800000,38497.06000000,38651.97000000,38374.74000000,38617.59000000,51.37656000,1651460399999,1978093.30542020,1910,27.18284000,1046974.43538110,0
1651460400000,38620.07000000,38718.70000000,38620.07000000,38676.79000000,27.39452000,1651463999999,1059467.53157020,1111,16.22326000,627460.37596300,0
1651464000000,38676.79000000,39127.29000000,38605.25000000,38980.86000000,77.15563000,1651467599999,2992989.89767680,2168,52.95529000,2054195.22578140,0
1651467600000,38977.14000000,39032.77000000,38882.61000000,39019.06000000,35.88992000,1651471199999,1398295.52860660,1526,14.28758000,556691.49905610,0
1651471200000,39011.64000000,39159.24000000,38934.35000000,38934.35000000,49.79922000,1651474799999,1943244.09388320,1966,23.00734000,897940.67443420,0
1651474800000,38930.78000000,39040.07000000,38829.53000000,38887.62000000,33.17704000,1651478399999,1293244.25329070,1746,16.87837000,657835.44422120,0
1651478400000,38883.50000000,38994.07000000,38774.51000000,38937.37000000,70.90055000,1651481999999,2757246.77800490,2134,20.61523000,802001.19378480,0
1651482000000,38928.58000000,39076.89000000,38776.23000000,38790.62000000,46.13528000,1651485599999,1795752.70679200,1925,14.00180000,544938.51261150,0
1651485600000,38781.91000000,38862.70000000,38661.34000000,38719.08000000,33.45061000,1651489199999,1296956.96600770,1573,16.19109000,627706.08806120,0
1651489200000,38713.76000000,38758.09000000,38478.55000000,38535.64000000,46.77260000,1651492799999,1805870.69789520,1792,25.75622000,994034.75780970,0
1651492800000,38529.48000000,38703.88000000,38424.74000000,38497.54000000,59.24597000,1651496399999,2284951.53256590,2389,31.32042000,1207875.92396380,0
1651496400000,38497.04000000,39197.86000000,38247.30000000,38919.28000000,132.60029000,1651499999999,5140147.06761220,4884,76.04286000,2946652.06641840,0
1651500000000,38917.05000000,39111.00000000,38607.13000000,38836.35000000,97.82640000,1651503599999,3803569.77553440,3943,54.84105000,2132847.25083500,0
1651503600000,38842.58000000,38898.57000000,38600.00000000,38696.07000000,67.77222000,1651507199999,2625515.61603120,2453,37.03231000,1434388.15231890,0
1651507200000,38692.06000000,38930.80000000,38507.07000000,38548.02000000,100.30513000,1651510799999,3882857.05861270,2714,67.61406000,2618724.63540830,0
1651510800000,38547.99000000,38618.92000000,38194.77000000,38375.04000000,111.53215000,1651514399999,4284926.48222760,2909,48.49376000,1861763.83820720,0
1651514400000,38354.22000000,38446.05000000,38017.99000000,38203.82000000,96.89492000,1651517999999,3700330.69852560,2402,56.08742000,2142363.36415570,0
1651518000000,38208.86000000,38592.62000000,38154.16000000,38549.10000000,87.53644000,1651521599999,3360735.27990480,2332,51.65644000,1983398.84576530,0
1651521600000,38550.94000000,38607.56000000,38307.11000000,38311.73000000,54.79480000,1651525199999,2106110.54599230,1449,28.65336000,1101432.49269620,0
1651525200000,38309.80000000,38757.85000000,38281.26000000,38631.14000000,26.07781000,1651528799999,1004882.43786960,1072,14.95646000,576298.18553740,0
1651528800000,38631.13000000,38893.47000000,38567.50000000,38588.83000000,40.93949000,1651532399999,1583421.15499530,1431,22.65856000,876445.58272360,0
1651532400000,38591.55000000,38739.21000000,38463.71000000,38519.91000000,44.40765000,1651535999999,1714297.03193600,1364,27.46303000,1060549.27718340,0
1651536000000,38520.02000000,38561.02000000,38378.58000000,38407.16000000,35.21325000,1651539599999,1354805.94390380,1467,19.10868000,735214.89975570,0
1651539600000,38403.17000000,38516.03000000,38356.83000000,38516.03000000,43.91914000,1651543199999,1688639.80931930,1683,24.87915000,956597.29355970,0
1651543200000,38515.16000000,38599.39000000,38312.27000000,38401.82000000,40.46279000,1651546799999,1555612.54036010,1731,24.08429000,925734.94782800,0
1651546800000,38395.61000000,38715.17000000,38392.51000000,38510.31000000,60.15470000,1651550399999,2317271.57063640,2065,37.03204000,1426620.29705450,0
1651550400000,38510.30000000,38550.89000000,38445.83000000,38496.78000000,33.48696000,1651553999999,1288824.97618660,1557,17.28531000,665260.49344900,0
1651554000000,38496.79000000,38532.30000000,38379.37000000,38515.25000000,52.96920000,1651557599999,2036522.03405590,1696,19.76468000,760202.63481530,0
1651557600000,38517.16000000,38566.62000000,38441.14000000,38460.44000000,28.30317000,1651561199999,1089912.29090230,1265,14.35182000,552725.06337660,0
1651561200000,38462.63000000,38562.60000000,38413.86000000,38556.35000000,30.81545000,1651564799999,1185785.86131750,1439,15.24342000,586530.16779230,0
1651564800000,38556.36000000,38646.55000000,38530.30000000,38535.25000000,44.49142000,1651568399999,1717258.57274420,1560,17.53660000,676928.33145530,0
1651568400000,38533.82000000,38560.59000000,38434.82000000,38452.59000000,31.97318000,1651571999999,1230990.19468860,1302,16.80459000,646998.52444850,0
1651572000000,38452.59000000,38465.95000000,38363.87000000,38413.19000000,37.47971000,1651575599999,1439981.96259650,1220,17.95228000,689734.82234820,0
1651575600000,38411.05000000,38566.40000000,38269.83000000,38562.56000000,61.12947000,1651579199999,2349784.82597490,1652,28.35223000,1089670.32096540,0
1651579200000,38564.99000000,38602.95000000,38413.86000000,38442.60000000,37.38812000,1651582799999,1440016.66431320,1339,18.06766000,695760.16516280,0
1651582800000,38445.00000000,38473.43000000,38156.15000000,38363.83000000,80.71091000,1651586399999,3093249.70856160,2669,39.35722000,1508570.63339240,0
1651586400000,38375.69000000,38475.69000000,38168.36000000,38281.68000000,63.50879000,1651589999999,2431517.27552630,2487,31.39345000,1201947.31449170,0
1651590000000,38266.68000000,38416.07000000,38203.08000000,38319.18000000,58.19941000,1651593599999,2230551.93233400,2162,33.04343000,1266366.73402580,0
1651593600000,38322.07000000,38390.92000000,38067.32000000,38142.58000000,80.88719000,1651597199999,3088895.01705790,2195,46.32497000,1769000.72664250,0
1651597200000,38147.76000000,38306.62000000,38037.53000000,38043.25000000,68.43204000,1651600799999,2612401.02561820,1925,36.16978000,1380370.01982860,0
1651600800000,38043.24000000,38043.24000000,37562.58000000,37761.93000000,123.51431000,1651604399999,4665088.80992080,3799,63.22441000,2387491.33857220,0
1651604400000,37764.62000000,37777.61000000,37515.01000000,37708.70000000,100.59525000,1651607999999,3788204.45818740,3106,47.68774000,1795860.74813680,0
1651608000000,37714.81000000,37860.13000000,37520.76000000,37762.35000000,62.19533000,1651611599999,2342650.27799710,1754,29.64153000,1115779.09554490,0
1651611600000,37782.07000000,38039.80000000,37620.59000000,37796.90000000,42.34059000,1651615199999,1601033.15845200,1802,20.99517000,793581.58819700,0
1651615200000,37789.70000000,37873.35000000,37728.73000000,37732.09000000,29.68268000,1651618799999,1122246.14695430,1029,18.36692000,694437.51418850,0
1651618800000,37732.10000000,37755.73000000,37630.00000000,37723.95000000,24.13070000,1651622399999,909320.51964260,860,14.82160000,558536.65935050,0
1651622400000,37722.62000000,37954.05000000,37660.09000000,37891.19000000,24.03421000,1651625999999,908481.43499980,1169,12.82275000,484775.28270700,0
1651626000000,37895.90000000,37981.27000000,37866.98000000,37874.00000000,21.30812000,1651629599999,807879.37712230,891,10.38172000,393590.46078500,0
1651629600000,37880.53000000,38045.21000000,37876.70000000,37963.03000000,26.94172000,1651633199999,1022460.97245730,1113,12.69612000,481811.28176380,0
1651633200000,37958.65000000,38093.85000000,37955.79000000,38010.49000000,49.69076000,1651636799999,1888650.33968860,1109,39.08146000,1485271.96885220,0
1651636800000,38011.10000000,38086.90000000,37939.18000000,37991.05000000,23.22209000,1651640399999,882260.05856250,848,13.46382000,511525.35734630,0
1651640400000,37992.91000000,38125.14000000,37968.00000000,38086.13000000,39.58353000,1651643999999,1505716.87071970,1432,16.03712000,609999.49676110,0
1651644000000,38086.13000000,38420.85000000,38076.95000000,38398.09000000,77.06165000,1651647599999,2950908.23143250,3103,46.80635000,1791948.96376100,0
1651647600000,38400.01000000,38742.00000000,38237.12000000,38694.38000000,91.59909000,1651651199999,3525451.70352220,3514,52.87457000,2036049.79280550,0
1651651200000,38694.91000000,39041.12000000,38667.80000000,38965.85000000,80.30786000,1651654799999,3120327.90439980,2837,45.22170000,1757505.57702660,0
1651654800000,38982.05000000,39073.12000000,38807.44000000,38875.60000000,75.24952000,1651658399999,2929232.72211580,2397,38.69640000,1506451.91334790,0
1651658400000,38878.86000000,39057.29000000,38844.70000000,38981.08000000,79.55415000,1651661999999,3099741.33510340,2985,39.00108000,1519676.60102310,0
1651662000000,38988.75000000,39047.16000000,38864.24000000,38999.59000000,56.94015000,1651665599999,2219790.81245620,2024,22.14739000,863208.96714760,0
1651665600000,38999.60000000,39164.96000000,38852.10000000,38957.24000000,83.44669000,1651669199999,3253306.80418890,2692,39.13731000,1525751.36126320,0
1651669200000,38951.72000000,39089.48000000,38705.79000000,38712.98000000,81.18778000,1651672799999,3159255.27386310,2555,43.36887000,1687603.31212740,0
1651672800000,38719.79000000,38864.63000000,38661.11000000,38780.32000000,95.25649000,1651676399999,3695020.24176480,2687,46.72280000,1812217.12459150,0
1651676400000,38780.31000000,39075.83000000,38714.71000000,38970.82000000,70.88116000,1651679999999,2753449.02357540,2668,34.69414000,1347654.59338980,0
1651680000000,38963.03000000,39466.03000000,38862.30000000,39186.92000000,73.12775000,1651683599999,2862902.35472350,2908,38.78360000,1518719.78916850,0
1651683600000,39186.93000000,39241.96000000,38810.71000000,38973.95000000,57.57337000,1651687199999,2244634.94754730,2394,27.46398000,1070616.07624080,0
1651687200000,38980.61000000,39780.00000000,38611.35000000,39615.27000000,210.98859000,1651690799999,8275661.65187190,6702,114.50388000,4493495.60131770,0
1651690800000,39645.62000000,40026.12000000,39532.20000000,39841.40000000,132.11017000,1651694399999,5258372.13705900,4307,65.79366000,2619535.31757310,0
1651694400000,39848.21000000,39925.88000000,39740.63000000,39800.59000000,78.16080000,1651697999999,3114414.74903600,1907,49.95068000,1990623.57342280,0
1651698000000,39805.57000000,39885.45000000,39707.68000000,39745.80000000,29.15589000,1651701599999,1160304.54180150,1413,18.16533000,722874.81773640,0
1651701600000,39756.18000000,39772.17000000,39671.00000000,39687.36000000,33.31837000,1651705199999,1323304.90444360,1159,15.60957000,619975.76016030,0
1651705200000,39676.58000000,39727.58000000,39600.00000000,39693.77000000,28.18924000,1651708799999,1117662.42181690,1089,14.27270000,565908.75422320,0
1651708800000,39683.50000000,39740.39000000,39539.22000000,39651.25000000,55.12379000,1651712399999,2185806.05942680,1564,33.73193000,1337570.09262380,0
1651712400000,39650.02000000,39702.33000000,39594.45000000,39622.74000000,27.65426000,1651715999999,1096173.23461270,1352,13.99635000,554862.94534130,0
1651716000000,39624.31000000,39790.37000000,39592.70000000,39766.16000000,44.21461000,1651719599999,1755384.02292610,1231,22.69469000,900990.30022890,0
1651719600000,39770.26000000,39770.26000000,39674.59000000,39729.12000000,30.56490000,1651723199999,1213996.49151890,816,14.90863000,592082.16662410,0
1651723200000,39727.15000000,39758.32000000,39679.84000000,39745.60000000,29.20978000,1651726799999,1159942.59558700,864,11.56888000,459455.44831030,0
1651726800000,39743.32000000,39834.39000000,39545.94000000,39595.80000000,40.44123000,1651730399999,1603766.75186030,1495,16.51455000,655100.62829050,0
1651730400000,39595.81000000,39678.76000000,39523.57000000,39537.31000000,21.80325000,1651733999999,863464.04439250,960,8.54555000,338487.50260190,0
1651734000000,39537.08000000,39616.87000000,39517.28000000,39580.84000000,22.64086000,1651737599999,895799.15243050,1041,11.42344000,451943.42465000,0
1651737600000,39580.85000000,39625.75000000,39439.88000000,39477.50000000,29.32470000,1651741199999,1159255.55480080,1162,15.67669000,619656.22181100,0
1651741200000,39475.73000000,39553.21000000,39410.98000000,39477.43000000,23.74238000,1651744799999,937315.26056750,1091,9.91289000,391251.88236720,0
1651744800000,39469.52000000,39618.68000000,39453.18000000,39508.63000000,39.41898000,1651748399999,1558033.84782910,1533,20.55839000,812393.44129190,0
1651748400000,39508.63000000,39573.95000000,39448.77000000,39491.96000000,42.72298000,1651751999999,1687632.18163270,1509,25.86050000,1021417.92470660,0
1651752000000,39491.95000000,39543.19000000,39448.50000000,39501.21000000,34.44351000,1651755599999,1360471.46052790,1327,18.31029000,723254.72419690,0
1651755600000,39503.17000000,39503.17000000,38941.53000000,38988.02000000,97.83292000,1651759199999,3838858.01693620,2495,48.57998000,1906298.72946690,0
1651759200000,38959.26000000,39044.20000000,38093.97000000,38212.86000000,282.14203000,1651762799999,10871158.24519690,5921,136.37968000,5259765.61650060,0
1651762800000,38192.57000000,38216.58000000,36550.00000000,36904.98000000,436.69629000,1651766399999,16241928.86758850,12180,190.49940000,7086248.56470340,0
1651766400000,36898.58000000,37309.09000000,36787.01000000,37034.06000000,147.94898000,1651769999999,5472124.94827170,4478,69.72440000,2578009.69460400,0
1651770000000,37036.56000000,37160.38000000,36752.25000000,36810.63000000,85.74472000,1651773599999,3168734.20521790,2780,44.23591000,1634897.77985330,0
1651773600000,36809.95000000,36840.34000000,36000.00000000,36382.34000000,295.74958000,1651777199999,10757195.37995520,6538,126.73588000,4610325.63821690,0
1651777200000,36374.19000000,36382.48000000,35558.20000000,36323.15000000,302.63204000,1651780799999,10888478.23628060,8662,136.15280000,4898869.72237350,0
1651780800000,36314.19000000,36462.53000000,36103.31000000,36462.53000000,253.63076000,1651784399999,9195889.09815240,4649,101.46291000,3678867.62696340,0
1651784400000,36462.20000000,36602.14000000,36309.23000000,36438.23000000,109.60136000,1651787999999,3997495.58695580,2216,40.43234000,1473450.70016300,0
1651788000000,36449.51000000,36488.29000000,36208.69000000,36230.00000000,78.86267000,1651791599999,2870962.08136830,1984,34.20612000,1244853.07689390,0
1651791600000,36230.00000000,36592.12000000,36229.80000000,36542.54000000,74.28972000,1651795199999,2708598.09861340,2122,41.66120000,1518833.79619780,0
1651795200000,36547.10000000,36659.41000000,36288.46000000,36367.84000000,59.67620000,1651798799999,2178854.72518610,1791,25.16984000,918722.19640220,0
1651798800000,36366.15000000,36399.21000000,36132.61000000,36300.05000000,52.50789000,1651802399999,1904194.86412680,1645,28.15146000,1021163.94003710,0
1651802400000,36302.81000000,36553.85000000,36296.35000000,36416.78000000,103.49143000,1651805999999,3771840.22590960,3102,53.02223000,1932325.94351500,0
1651806000000,36428.75000000,36464.90000000,36357.15000000,36456.76000000,40.32009000,1651809599999,1468095.45373890,1359,23.10813000,841419.45358260,0
1651809600000,36456.88000000,36465.39000000,36266.99000000,36425.35000000,79.50941000,1651813199999,2892035.62917530,2622,35.26606000,1282779.61422580,0
1651813200000,36424.83000000,36499.07000000,36375.09000000,36492.36000000,39.71398000,1651816799999,1447655.76097910,1600,17.91610000,653049.81034030,0
1651816800000,36492.38000000,36542.74000000,36387.75000000,36406.00000000,60.44667000,1651820399999,2204108.90451580,1674,28.98663000,1056924.42743370,0
1651820400000,36398.72000000,36444.44000000,35825.55000000,36372.03000000,123.20552000,1651823999999,4452349.18019200,3398,56.84988000,2052640.93585220,0
1651824000000,36364.62000000,36497.19000000,35950.91000000,36215.04000000,62.57540000,1651827599999,2267232.94621740,2164,25.76561000,934730.56879290,0
1651827600000,36209.59000000,36410.68000000,36161.45000000,36399.53000000,46.75432000,1651831199999,1697053.93399320,2461,24.98667000,907039.77995920,0
1651831200000,36396.34000000,36417.11000000,35790.01000000,35933.92000000,126.45588000,1651834799999,4562490.80240610,2892,50.98462000,1842880.24362030,0
1651834800000,35938.26000000,36109.14000000,35573.14000000,35781.65000000,193.34699000,1651838399999,6923209.54898970,4644,58.34435000,2090186.81266280,0
1651838400000,35775.53000000,36331.15000000,35686.10000000,35817.18000000,172.92059000,1651841999999,6223398.70949900,4365,84.75769000,3053934.21018430,0
1651842000000,35821.36000000,36054.39000000,35264.01000000,35765.59000000,200.34128000,1651845599999,7138167.53776930,5582,99.16829000,3534722.39386430,0
1651845600000,35742.55000000,36229.39000000,35627.85000000,36136.94000000,269.82994000,1651849199999,9699740.11121260,6590,160.10709000,5755467.41936620,0
1651849200000,36135.12000000,36421.26000000,35945.24000000,35990.79000000,139.28738000,1651852799999,5035853.97073430,3519,73.64257000,2661548.28876530,0
1651852800000,35988.46000000,36236.74000000,35921.76000000,36207.87000000,109.51253000,1651856399999,3953785.52930880,3723,37.57538000,1356294.44938400,0
1651856400000,36220.45000000,36232.30000000,35849.25000000,35875.06000000,71.76057000,1651859999999,2584369.83852450,2615,32.79913000,1181338.50173750,0
1651860000000,35881.55000000,36084.32000000,35826.29000000,35931.39000000,66.41971000,1651863599999,2386472.49648560,2102,35.98968000,1293235.67331760,0
1651863600000,35942.38000000,36138.27000000,35833.12000000,35985.98000000,89.52781000,1651867199999,3219797.14175880,2184,53.11628000,1909447.37533630,0
1651867200000,35991.97000000,36107.76000000,35857.23000000,36054.90000000,43.72500000,1651870799999,1571245.71617670,1396,24.41592000,877111.61612300,0
1651870800000,36072.43000000,36093.60000000,35895.11000000,35955.87000000,21.43143000,1651874399999,771635.19726160,915,7.36056000,264975.87985130,0
1651874400000,35952.29000000,36074.76000000,35876.33000000,35993.61000000,49.38986000,1651877999999,1777281.40841480,1658,26.63320000,958547.85816850,0
1651878000000,35993.62000000,36206.12000000,35990.76000000,36003.71000000,43.18134000,1651881599999,1556459.96672290,1384,27.30459000,984151.51506430,0
1651881600000,36003.73000000,36054.52000000,35934.60000000,35980.87000000,29.60897000,1651885199999,1065588.06678070,1158,13.61079000,489798.15953740,0
1651885200000,35980.86000000,36034.18000000,35904.93000000,36011.39000000,20.45562000,1651888799999,735809.22452600,918,9.81097000,352947.29036050,0
1651888800000,36008.45000000,36018.35000000,35924.77000000,35942.26000000,25.27126000,1651892399999,908725.97863870,971,14.83759000,533495.73720580,0
1651892400000,35936.03000000,35948.76000000,35749.40000000,35789.66000000,35.32840000,1651895999999,1266987.32842660,1349,18.18667000,652215.16267490,0
1651896000000,35804.43000000,35867.78000000,35718.99000000,35731.90000000,29.16980000,1651899599999,1044140.10580820,1283,14.40117000,515521.24179360,0
1651899600000,35736.58000000,35888.12000000,35716.31000000,35884.97000000,24.64641000,1651903199999,883081.70027890,1075,12.22939000,438132.57301930,0
1651903200000,35888.09000000,35898.33000000,35782.45000000,35797.03000000,28.75072000,1651906799999,1029975.01316390,1060,11.69936000,419164.56533470,0
1651906800000,35796.25000000,35944.76000000,35773.51000000,35913.97000000,27.59897000,1651910399999,989899.12681850,1175,14.49595000,519882.13481780,0
1651910400000,35910.83000000,36052.08000000,35870.96000000,36011.19000000,36.70229000,1651913999999,1320080.84612710,1550,18.51626000,666010.42476030,0
1651914000000,36004.47000000,36044.06000000,35954.17000000,35973.21000000,41.78996000,1651917599999,1504223.48994570,1486,20.00312000,719976.17975740,0
1651917600000,35970.82000000,36121.46000000,35943.00000000,36074.25000000,60.41335000,1651921199999,2176250.21854980,1608,42.54087000,1532297.78410570,0
1651921200000,36075.84000000,36121.71000000,35990.50000000,36042.50000000,71.68961000,1651924799999,2584274.71887310,1843,46.02762000,1658844.67122870,0
1651924800000,36042.49000000,36046.35000000,35959.00000000,36018.63000000,36.37327000,1651928399999,1309765.17040810,961,23.26374000,837598.44627010,0
1651928400000,36018.64000000,36034.08000000,35856.51000000,35890.00000000,56.81304000,1651931999999,2040199.91473700,1782,22.33399000,802068.81934440,0
1651932000000,35891.09000000,35986.48000000,35875.31000000,35949.97000000,27.62141000,1651935599999,991957.72965670,1004,15.77642000,566476.65659300,0
1651935600000,35950.07000000,36068.07000000,35933.33000000,35953.20000000,36.18583000,1651939199999,1301937.60762790,1272,21.88695000,787385.37626270,0
1651939200000,35953.99000000,35968.79000000,35879.77000000,35949.81000000,38.76043000,1651942799999,1392676.57140440,1181,24.47773000,879481.74255840,0
1651942800000,35951.53000000,35951.53000000,35808.46000000,35866.42000000,21.60557000,1651946399999,775600.86808700,843,6.30836000,226425.94138600,0
1651946400000,35867.59000000,35991.81000000,35859.65000000,35880.94000000,31.73920000,1651949999999,1140273.15292770,974,15.65637000,562392.50736090,0
1651950000000,35883.30000000,35911.81000000,35842.09000000,35869.70000000,25.86866000,1651953599999,928203.88781080,875,10.76222000,386106.46819820,0
1651953600000,35857.05000000,35863.14000000,35726.46000000,35768.49000000,45.21719000,1651957199999,1618311.40959090,1578,22.76947000,814915.55252790,0
1651957200000,35771.40000000,35803.78000000,34963.19000000,34996.27000000,123.29779000,1651960799999,4354883.59256820,3994,36.88357000,1305362.05233200,0
1651960800000,35020.94000000,35317.54000000,34694.70000000,35038.35000000,159.87000000,1651964399999,5607088.37461420,4556,55.36327000,1942543.87961460,0
1651964400000,35038.30000000,35769.87000000,35008.99000000,35459.36000000,155.07724000,1651967999999,5497663.80926860,4154,78.97886000,2798276.55715850,0
1651968000000,35461.08000000,35499.86000000,35058.71000000,35096.52000000,63.97617000,1651971599999,2258350.43208260,2131,35.78738000,1263404.83630860,0
1651971600000,35100.39000000,35222.12000000,34677.00000000,34824.46000000,111.89961000,1651975199999,3915372.28407690,3169,44.73632000,1564700.77969680,0
1651975200000,34805.95000000,34905.82000000,34289.00000000,34555.74000000,203.89913000,1651978799999,7045570.41241110,5356,76.94731000,2660265.23919170,0
1651978800000,34537.56000000,34615.35000000,34202.60000000,34469.49000000,136.64186000,1651982399999,4703259.40319230,3683,61.05268000,2101957.43210800,0
1651982400000,34461.30000000,34666.93000000,34387.05000000,34387.10000000,82.58531000,1651985999999,2853850.43752350,2493,39.29116000,1358220.37923100,0
1651986000000,34390.57000000,34467.60000000,34311.29000000,34436.76000000,90.74913000,1651989599999,3123934.53802990,2111,27.86060000,958614.67998740,0
1651989600000,34450.32000000,34938.28000000,34450.32000000,34771.79000000,77.72559000,1651993199999,2693276.12151400,2532,45.80262000,1586787.49022240,0
1651993200000,34781.38000000,34894.72000000,34582.67000000,34592.27000000,73.11015000,1651996799999,2538914.80578090,2400,30.78846000,1069174.45373650,0
1651996800000,34590.40000000,34725.22000000,34496.91000000,34657.49000000,124.01814000,1652000399999,4292627.62635450,2898,39.10168000,1353462.74001670,0
1652000400000,34656.23000000,34699.26000000,34517.90000000,34562.89000000,64.79734000,1652003999999,2241109.27527050,1943,30.36264000,1050074.34605510,0
1652004000000,34565.72000000,34789.51000000,34512.12000000,34722.02000000,142.42506000,1652007599999,4936107.09880030,3037,57.35692000,1988355.68240050,0
1652007600000,34732.56000000,34855.37000000,34707.43000000,34778.01000000,94.14005000,1652011199999,3272885.52819580,2331,25.75873000,895333.57646030,0
1652011200000,34778.01000000,34831.43000000,34582.00000000,34618.15000000,81.80388000,1652014799999,2838711.65978030,2965,27.12451000,940366.75736100,0
1652014800000,34612.86000000,34665.97000000,34350.14000000,34361.57000000,152.54985000,1652018399999,5269963.96447890,3652,79.47538000,2746071.46316080,0
1652018400000,34369.78000000,34571.57000000,34292.00000000,34442.39000000,138.70119000,1652021999999,4776909.41122140,3906,67.71285000,2332112.58375650,0
1652022000000,34442.40000000,34581.37000000,34333.88000000,34336.91000000,53.92470000,1652025599999,1859461.59074180,2192,24.88782000,858426.20299930,0
1652025600000,34344.89000000,34534.25000000,34300.68000000,34364.10000000,70.40107000,1652029199999,2423397.04002730,2087,25.50738000,877629.48606500,0
1652029200000,34370.67000000,34370.67000000,33700.00000000,34059.95000000,339.87903000,1652032799999,11549486.66736350,7414,123.26214000,4188175.74255230,0
1652032800000,34053.33000000,34608.74000000,33852.59000000,34502.92000000,188.03893000,1652036399999,6446647.56352750,3464,107.66363000,3696415.72489470,0
1652036400000,34504.34000000,34720.30000000,34476.29000000,34582.78000000,62.79229000,1652039999999,2172284.19760980,1540,28.30788000,979113.18662210,0
1652040000000,34574.36000000,34622.27000000,34211.35000000,34218.23000000,86.87316000,1652043599999,2990217.45157560,1789,22.65854000,780916.82038000,0
1652043600000,34228.40000000,34467.72000000,34228.40000000,34448.69000000,37.92783000,1652047199999,1302026.13395670,1008,14.00988000,480567.04351960,0
1652047200000,34446.13000000,34460.19000000,34027.79000000,34265.45000000,55.37717000,1652050799999,1894719.11957390,1746,25.29555000,865195.20834450,0
1652050800000,34260.00000000,34278.14000000,33909.20000000,34026.72000000,57.79236000,1652054399999,1969806.77004990,1651,21.35724000,727942.61419200,0
1652054400000,34031.91000000,34230.00000000,33972.91000000,34128.99000000,69.19387000,1652057999999,2360930.89996160,1923,31.14689000,1062356.48711470,0
1652058000000,34129.00000000,34220.50000000,34018.11000000,34039.80000000,36.36534000,1652061599999,1240646.98610660,1409,15.28737000,521661.15000080,0
1652061600000,34036.45000000,34052.13000000,33258.66000000,33497.26000000,186.82393000,1652065199999,6271322.55194700,4388,73.84204000,2480524.61963320,0
1652065200000,33484.23000000,33835.56000000,33389.09000000,33550.99000000,82.09999000,1652068799999,2762719.15667310,1948,39.82725000,1340003.08610100,0
1652068800000,33556.89000000,33816.33000000,33510.00000000,33633.12000000,50.16484000,1652072399999,1688327.84871510,1197,31.39988000,1056053.91496050,0
1652072400000,33639.17000000,33719.39000000,33465.65000000,33501.46000000,68.57805000,1652075999999,2303341.36983240,1975,26.02042000,874028.77232860,0
1652076000000,33504.71000000,33587.54000000,33334.21000000,33564.17000000,76.52483000,1652079599999,2560311.08074830,2045,26.41683000,884007.54722080,0
1652079600000,33557.57000000,33737.16000000,33506.47000000,33520.31000000,68.09039000,1652083199999,2287405.62565640,2232,32.24079000,1083100.46657000,0
1652083200000,33516.70000000,33747.50000000,33136.73000000,33678.43000000,163.86704000,1652086799999,5484189.82245170,2862,77.71797000,2602146.60460370,0
1652086800000,33667.65000000,33766.55000000,33419.56000000,33497.04000000,107.75922000,1652090399999,3617452.48087900,2051,69.75553000,2342555.89134560,0
1652090400000,33488.27000000,33536.84000000,32645.33000000,32805.25000000,325.39258000,1652093999999,10761588.54582220,6672,161.96485000,5360134.19077170,0
1652094000000,32814.63000000,33163.41000000,32654.58000000,33105.24000000,277.79568000,1652097599999,9153887.16240690,5751,146.23576000,4824863.65979440,0
1652097600000,33111.74000000,33126.41000000,32815.10000000,32846.49000000,174.94584000,1652101199999,5772667.54518330,4855,79.23781000,2614055.24834130,0
1652101200000,32854.14000000,33412.69000000,32729.60000000,33019.56000000,281.88599000,1652104799999,9302149.59571180,6498,133.36926000,4401949.00225120,0
1652104800000,33026.71000000,33054.40000000,32433.14000000,32452.22000000,391.27542000,1652108399999,12804487.41414210,6405,226.44608000,7415896.70914260,0
1652108400000,32440.25000000,32675.26000000,32068.46000000,32338.82000000,283.20398000,1652111999999,9167867.55284500,6214,129.01313000,4179184.74715390,0
1652112000000,32338.81000000,32570.93000000,31603.04000000,31687.60000000,319.18511000,1652115599999,10237172.08483050,7421,135.79318000,4360128.38797020,0
1652115600000,31690.86000000,31931.33000000,30982.00000000,31266.72000000,609.54177000,1652119199999,19221846.81921140,10410,298.09488000,9413338.30184460,0
1652119200000,31258.28000000,31437.00000000,30333.00000000,30773.20000000,474.33605600,1652122799999,14652933.57978626,10496,185.94442000,5747342.56001070,0
1652122800000,30777.95000000,31096.67000000,30390.27000000,30976.48000000,280.55337000,1652126399999,8608010.56108490,6579,141.79797000,4354162.03488440,0
1652126400000,30946.15000000,31881.33000000,30636.67000000,30921.92000000,355.80593000,1652129999999,11134133.61666550,9256,160.81204000,5035771.03739830,0
1652130000000,30949.86000000,31515.56000000,30766.01000000,30818.36000000,218.89485000,1652133599999,6830471.52639970,5474,79.07888000,2466658.62736250,0
1652133600000,30826.88000000,31328.15000000,30644.84000000,31080.96000000,151.34967000,1652137199999,4696085.62094700,5128,60.50290000,1877585.86615390,0
1652137200000,31085.21000000,31302.96000000,30042.81000000,30080.03000000,215.01913000,1652140799999,6560668.74001334,5570,77.24131000,2364896.03316310,0
1652140800000,30059.50000000,30996.42000000,29742.01000000,30768.46000000,629.80636200,1652144399999,18976558.46744438,12466,248.64896000,7505651.77788430,0
1652144400000,30784.68000000,31600.00000000,30661.24000000,30884.25000000,288.64432000,1652147999999,8943307.73374000,7055,110.01450000,3412668.22772890,0
1652148000000,30884.25000000,31485.93000000,30780.67000000,31033.04000000,149.10910000,1652151599999,4642151.38196310,3710,86.31177000,2688139.98601370,0
1652151600000,31038.97000000,31203.05000000,30620.45000000,30635.56000000,129.32898000,1652155199999,3985890.84550330,3128,43.64605000,1346283.44830730,0
1652155200000,30637.77000000,31344.71000000,30599.90000000,31213.65000000,122.79479000,1652158799999,3803004.59449610,3155,49.56308000,1536006.72461990,0
1652158800000,31213.65000000,31996.81000000,31196.02000000,31819.82000000,235.76395000,1652162399999,7461500.73282060,4815,103.64957000,3278112.79278880,0
1652162400000,31817.56000000,32687.08000000,31807.59000000,32082.64000000,235.20754000,1652165999999,7588824.78465200,5225,124.40019000,4014107.11182630,0
1652166000000,32090.85000000,32207.63000000,31593.79000000,31593.79000000,148.51628000,1652169599999,4740289.20221080,3354,65.55079000,2092578.57028570,0
1652169600000,31607.95000000,32013.66000000,31554.76000000,31747.89000000,186.08211000,1652173199999,5912503.34191980,3427,118.04461000,3750697.61491640,0
1652173200000,31769.28000000,31925.72000000,31278.38000000,31390.60000000,222.91891000,1652176799999,7028399.52214970,3743,109.70711000,3458980.63311560,0
1652176800000,31383.88000000,31560.97000000,31235.89000000,31302.20000000,144.61809000,1652180399999,4541536.66548610,3629,63.40887000,1990061.14516210,0
1652180400000,31299.68000000,31817.42000000,31256.29000000,31621.90000000,161.57006000,1652183999999,5094919.00676580,4066,57.97244000,1830068.35564580,0
1652184000000,31609.62000000,32290.89000000,31510.66000000,32147.77000000,183.36122000,1652187599999,5839390.62243510,4361,81.59920000,2604603.34257230,0
1652187600000,32154.63000000,32361.69000000,31499.74000000,31791.62000000,197.67217000,1652191199999,6307808.94918290,5237,96.90110000,3091911.48963960,0
1652191200000,31811.15000000,32195.68000000,30850.41000000,31078.03000000,189.33896000,1652194799999,5959072.18103210,5561,97.67483000,3074862.43709350,0
1652194800000,31076.51000000,31526.97000000,30860.34000000,31305.75000000,202.47345000,1652198399999,6303573.36572190,4570,94.91548000,2955318.74100420,0
1652198400000,31316.83000000,31439.06000000,30963.45000000,31217.45000000,107.08672000,1652201999999,3341801.34269080,3200,47.40166000,1478922.66356680,0
1652202000000,31205.29000000,31791.76000000,31196.87000000,31675.01000000,120.19133000,1652205599999,3791279.96175520,3206,53.35062000,1681261.47505510,0
1652205600000,31683.76000000,31784.34000000,31415.51000000,31611.54000000,103.49367000,1652209199999,3272993.18160860,2703,50.84163000,1607680.05282540,0
1652209200000,31616.90000000,31691.43000000,31200.01000000,31326.53000000,77.75836000,1652212799999,2444871.91037220,2308,36.15508000,1137322.36476820,0
1652212800000,31323.10000000,31348.55000000,30895.22000000,30997.68000000,64.16912000,1652216399999,1994765.01282770,2164,22.89985000,712199.29083430,0
1652216400000,31007.36000000,31137.81000000,30234.20000000,30234.20000000,222.91146000,1652219999999,6813380.80661300,4825,57.46897000,1759629.19240010,0
1652220000000,30237.02000000,30926.47000000,30151.01000000,30774.01000000,182.18175000,1652223599999,5569015.18025450,5706,92.61154000,2830796.16399620,0
1652223600000,30778.26000000,31243.21000000,30684.43000000,31015.35000000,85.11302000,1652227199999,2639162.31603170,3068,39.02134000,1210521.60721750,0
1652227200000,31001.62000000,31334.91000000,30800.80000000,31029.79000000,176.38157000,1652230799999,5484862.80636080,4142,45.52353000,1414894.44609600,0
1652230800000,31026.16000000,31084.07000000,30690.00000000,30767.06000000,68.64162000,1652234399999,2121342.38235020,2651,33.33251000,1029977.51690440,0
1652234400000,30757.80000000,31530.37000000,30621.72000000,31463.26000000,93.93804000,1652237999999,2931198.70664220,3540,55.30464000,1725836.39415830,0
1652238000000,31472.72000000,31750.00000000,31150.02000000,31198.88000000,93.23075000,1652241599999,2926965.77347960,3187,43.83071000,1377287.62285760,0
1652241600000,31191.04000000,31389.04000000,31061.78000000,31207.86000000,103.16862000,1652245199999,3222169.63275530,3315,54.52410000,1703115.85264340,0
1652245200000,31207.02000000,31888.00000000,31073.05000000,31433.20000000,171.93960000,1652248799999,5423196.03187890,5199,89.80380000,2832869.41830210,0
1652248800000,31428.24000000,31505.00000000,30350.12000000,30461.18000000,158.67728000,1652252399999,4938917.58101550,6148,54.97895000,1711066.79186490,0
1652252400000,30491.04000000,30783.38000000,30200.00000000,30598.87000000,233.29981000,1652255999999,7096979.99731940,7979,96.60271000,2939268.75642760,0
1652256000000,30605.66000000,31399.89000000,30370.92000000,31387.04000000,255.30110000,1652259599999,7870521.70062170,8276,124.33929000,3835162.93550120,0
1652259600000,31387.06000000,31768.05000000,30947.78000000,31749.62000000,220.12153000,1652263199999,6914291.35141960,5928,106.02596000,3330880.87222930,0
1652263200000,31746.91000000,32142.12000000,31572.18000000,31830.86000000,197.38859000,1652266799999,6286101.58200160,5529,101.56665000,3236302.60710820,0
1652266800000,31830.86000000,31893.59000000,31395.26000000,31490.64000000,221.75210000,1652270399999,7005407.47825090,6201,87.99181000,2781676.89440070,0
1652270400000,31495.23000000,31749.33000000,28717.00000000,29235.26000000,899.38563100,1652273999999,26982678.63283770,20912,257.88668000,7802685.66318220,0
1652274000000,29210.19000000,32350.00000000,28600.00000000,31116.51000000,712.61348000,1652277599999,21259317.15440922,18818,346.08172000,10380953.91659050,0
1652277600000,31132.65000000,31999.00000000,30500.01000000,31758.39000000,310.18236000,1652281199999,9698364.60229600,11700,136.15358000,4261905.27195470,0
1652281200000,31778.72000000,31800.00000000,30727.13000000,30931.44000000,229.18927000,1652284799999,7159968.18986440,7241,69.86927000,2181342.10055820,0
1652284800000,30927.39000000,31093.71000000,30122.69000000,30283.41000000,217.87862000,1652288399999,6666929.32823750,8102,84.17635000,2575116.13416370,0
1652288400000,30253.72000000,30322.37000000,29350.00000000,29848.65000000,272.45048000,1652291999999,8135279.69267120,9060,94.55462000,2828376.82234000,0
1652292000000,29823.22000000,30412.44000000,29503.83000000,29843.72000000,284.50266000,1652295599999,8495476.67121220,7643,176.54543000,5269067.02399800,0
1652295600000,29831.37000000,29969.27000000,29101.00000000,29287.65000000,272.09313000,1652299199999,8032797.06189410,7492,100.38628000,2969752.57538190,0
1652299200000,29297.36000000,29568.35000000,28100.00000000,28390.33000000,502.85419300,1652302799999,14532889.18193980,13640,206.95547000,5996214.00123430,0
1652302800000,28397.76000000,29377.68000000,27700.01000000,28978.00000000,696.83026900,1652306399999,19771600.64595530,16628,221.13468200,6268017.68694186,0
1652306400000,28988.28000000,29248.95000000,28100.01000000,28733.45000000,286.36971000,1652309999999,8245902.14340850,8584,108.03619000,3109650.46718280,0
1652310000000,28741.27000000,28977.93000000,28500.00000000,28963.59000000,189.29150000,1652313599999,5435337.64182940,6719,92.52675000,2656706.14511210,0
1652313600000,28951.06000000,30100.00000000,28816.65000000,29708.49000000,402.58745000,1652317199999,11919531.34959150,20240,184.33231000,5437882.57075020,0
1652317200000,29710.51000000,29905.88000000,28975.18000000,29103.92000000,293.86493000,1652320799999,8683565.12438330,10823,126.45797000,3732983.79939960,0
1652320800000,29090.08000000,29344.99000000,28564.05000000,28668.75000000,210.58526000,1652324399999,6084614.48980680,7671,89.96779000,2599545.23555090,0
1652324400000,28668.74000000,28830.09000000,28080.41000000,28219.50000000,280.14425000,1652327999999,7981983.14453350,10738,112.75291000,3212265.66332530,0
1652328000000,28228.59000000,28302.58000000,26956.34000000,27617.28000000,945.99075200,1652331599999,26147281.26565272,36154,422.51230900,11684554.65322330,0
1652331600000,27617.28000000,27691.62000000,26300.00000000,26644.40000000,1262.73986000,1652335199999,33824627.39030043,47372,488.58893000,13117030.03217560,0
1652335200000,26644.41000000,27626.64000000,25818.00000000,25999.99000000,1178.25447000,1652338799999,31291950.67717110,37842,456.39576000,12137402.89793470,0
1652338800000,25918.47000000,28399.00000000,24427.94000000,27590.00000000,2029.48177400,1652342399999,53210059.49809254,39680,756.33842000,19979348.61453970,0
1652342400000,27626.63000000,28349.99000000,26951.84000000,27548.85000000,982.67644000,1652345999999,26976355.16551970,29337,499.58686000,13752680.37366810,0
1652346000000,27541.74000000,27951.00000000,27000.00000000,27566.67000000,769.02969000,1652349599999,21220055.85712220,27110,310.13344000,8560876.07824770,0
1652349600000,27572.47000000,28666.00000000,27091.66000000,28198.39000000,905.22544000,1652353199999,25277708.82533430,31709,516.81926000,14461351.03745660,0
1652353200000,28190.11000000,29100.23000000,28014.66000000,28236.01000000,784.87945000,1652356799999,22304841.36992180,25977,384.91710000,10942788.37749530,0
1652356800000,28224.48000000,28836.37000000,27750.00000000,28312.59000000,549.19931000,1652360399999,15429971.08944490,15430,188.41900000,5298985.59583210,0
1652360400000,28314.81000000,28790.33000000,27695.00000000,28013.32000000,490.93096000,1652363999999,13819489.87188950,12454,225.07823000,6323296.96147720,0
1652364000000,28021.86000000,29600.00000000,27760.01000000,29412.93000000,834.85864000,1652367599999,23945102.75898580,23756,414.34327000,11904315.14166210,0
1652367600000,29438.71000000,29944.99000000,28900.00000000,28900.00000000,909.63097000,1652371199999,26655423.74865840,19252,465.21378000,13632487.69883330,0
1652371200000,28900.00000000,29892.00000000,28800.00000000,29626.77000000,388.02586000,1652374799999,11402732.88675120,11404,163.15434000,4797500.16931300,0
1652374800000,29625.75000000,29696.98000000,28450.00000000,28537.36000000,227.58570000,1652378399999,6615515.26966000,6946,100.35999000,2919829.28591400,0
1652378400000,28537.56000000,28708.86000000,28007.14000000,28263.95000000,216.84499000,1652381999999,6152974.44746600,6315,98.96527000,2808960.09080460,0
1652382000000,28255.10000000,28799.67000000,28135.98000000,28558.82000000,270.57882000,1652385599999,7719221.59835680,7462,86.38128000,2463846.96196470,0
1652385600000,28558.89000000,28887.52000000,28427.86000000,28537.14000000,196.24073000,1652389199999,5616431.17649250,5127,98.27268000,2813924.50141080,0
1652389200000,28541.83000000,28541.83000000,27893.16000000,28371.58000000,320.07765000,1652392799999,9049370.42270530,6690,144.10048000,4070188.34677690,0
1652392800000,28352.95000000,28768.74000000,28269.31000000,28736.91000000,193.72476000,1652396399999,5516335.05462900,4564,85.71910000,2441441.92196850,0
1652396400000,28763.07000000,29241.18000000,28751.13000000,28933.32000000,343.02904000,1652399999999,9947815.40946520,6191,148.81076000,4317960.82340840,0
1652400000000,28939.44000000,29533.43000000,28680.92000000,29457.18000000,374.84629000,1652403599999,10939219.24527160,8100,146.68135000,4285787.16637440,0
1652403600000,29461.27000000,29662.32000000,29166.99000000,29427.70000000,253.97609000,1652407199999,7466738.77420860,5279,132.52234000,3898550.70787810,0
1652407200000,29436.65000000,30160.00000000,29327.88000000,30048.83000000,411.39473000,1652410799999,12275210.63136330,8200,232.63489000,6946011.57100270,0
1652410800000,30044.63000000,30740.59000000,29926.56000000,30503.35000000,401.90098000,1652414399999,12211447.25102750,8675,191.06609000,5805430.17290740,0
1652414400000,30506.40000000,30535.54000000,30180.62000000,30387.34000000,410.47569000,1652417999999,12447519.69552430,7116,288.57776000,8747706.48014090,0
1652418000000,30386.06000000,30985.17000000,30350.00000000,30465.40000000,373.72220000,1652421599999,11474632.98092950,8601,168.89968000,5187687.87584760,0
1652421600000,30461.18000000,30620.38000000,30259.50000000,30316.25000000,251.58125000,1652425199999,7657997.38270130,5976,97.84293000,2978175.48046830,0
1652425200000,30311.08000000,30507.28000000,29800.00000000,30109.71000000,266.51709000,1652428799999,8048498.79794090,5295,130.28425000,3933173.04309450,0
1652428800000,30104.11000000,30397.64000000,30104.11000000,30277.08000000,179.24075000,1652432399999,5417118.82554880,4147,71.52514000,2161367.97331160,0
1652432400000,30271.32000000,30740.79000000,30271.32000000,30396.20000000,242.20504000,1652435999999,7372812.71077080,4295,135.31175000,4115510.90493070,0
1652436000000,30398.81000000,30526.53000000,30138.44000000,30443.03000000,191.50398000,1652439599999,5814369.78624430,3722,84.99962000,2581261.08415240,0
1652439600000,30443.00000000,30724.76000000,30223.07000000,30619.97000000,190.82497000,1652443199999,5813029.12617800,4677,92.84702000,2828115.56395870,0
1652443200000,30642.85000000,30792.55000000,30416.72000000,30692.41000000,243.84612000,1652446799999,7472753.21084360,5154,154.47528000,4735938.38553740,0
1652446800000,30681.27000000,30842.33000000,30288.81000000,30725.33000000,252.81569000,1652450399999,7733971.47816710,5357,125.19249000,3828469.88884340,0
1652450400000,30724.54000000,30987.99000000,30587.24000000,30676.31000000,259.51304000,1652453999999,7997984.46756210,5972,108.69139000,3349932.85827530,0
1652454000000,30656.78000000,30693.23000000,30187.39000000,30309.63000000,337.71221000,1652457599999,10293052.45957740,7143,97.15842000,2961620.63372560,0
1652457600000,30309.40000000,30481.53000000,29652.63000000,29891.33000000,646.15994000,1652461199999,19490796.54152140,7966,350.81725000,10592411.45113990,0
1652461200000,29891.10000000,31000.00000000,29525.01000000,29559.43000000,354.05223000,1652464799999,10631842.69781300,6518,140.36685000,4233725.17459580,0
1652464800000,29569.41000000,30198.77000000,29011.12000000,30073.36000000,457.56755000,1652468399999,13561223.09227400,7005,257.26656000,7643151.84518840,0
1652468400000,30068.55000000,30168.37000000,29666.65000000,30021.04000000,317.14235000,1652471999999,9509357.35496330,6838,190.78346000,5723316.43045390,0
1652472000000,30033.28000000,30085.69000000,29733.60000000,29741.55000000,204.22396000,1652475599999,6112889.43610700,3091,132.06550000,3953647.00645850,0
1652475600000,29735.54000000,30197.14000000,29661.04000000,29992.43000000,121.63884000,1652479199999,3634158.40104160,2196,50.63345000,1513768.23939710,0
1652479200000,29992.81000000,30180.45000000,29744.50000000,29755.43000000,76.88843000,1652482799999,2299420.74568210,2308,37.58296000,1124013.90232340,0
1652482800000,29755.43000000,29789.48000000,29154.00000000,29233.66000000,146.83647000,1652486399999,4313287.77359300,3808,77.16691000,2266773.86391240,0
1652486400000,29231.25000000,29569.95000000,29159.39000000,29456.40000000,124.46391000,1652489999999,3656020.36438450,2853,74.00065000,2173312.58889060,0
1652490000000,29456.41000000,29754.55000000,29322.00000000,29651.98000000,88.66645000,1652493599999,2621493.32248230,2617,49.25974000,1456293.41389730,0
1652493600000,29660.81000000,29884.02000000,29453.59000000,29468.84000000,120.70167000,1652497199999,3575407.74816880,2964,74.18255000,2198793.87183930,0
1652497200000,29467.79000000,29629.20000000,29410.78000000,29529.58000000,126.81132000,1652500799999,3741546.28540620,3343,74.23866000,2190524.15691390,0
1652500800000,29516.32000000,29533.76000000,29168.33000000,29296.50000000,76.07776000,1652504399999,2231149.62197750,2438,36.09717000,1058682.78345120,0
1652504400000,29287.55000000,29461.58000000,29216.60000000,29388.12000000,55.95405000,1652507999999,1642496.04127150,1749,31.34628000,920128.30461100,0
1652508000000,29389.62000000,29540.63000000,29328.89000000,29448.43000000,71.74424000,1652511599999,2110989.91179740,1953,37.97260000,1116688.97844310,0
1652511600000,29450.01000000,29521.60000000,29344.58000000,29370.50000000,59.69344000,1652515199999,1757803.86052090,2033,33.91134000,998890.00098420,0
1652515200000,29373.41000000,29563.90000000,29308.60000000,29480.00000000,91.45041000,1652518799999,2689306.75479980,3261,39.90264000,1174532.63522370,0
1652518800000,29479.51000000,29530.00000000,29314.21000000,29432.78000000,155.67872000,1652522399999,4575258.80120840,4343,80.34605000,2362116.80777960,0
1652522400000,29430.16000000,29430.16000000,29192.21000000,29254.71000000,139.53534000,1652525999999,4092240.55452590,4205,49.42206000,1449406.34841840,0
1652526000000,29259.30000000,29333.33000000,28724.90000000,29004.24000000,363.34922000,1652529599999,10527963.07940780,8087,184.25443000,5337745.81097950,0
1652529600000,29003.46000000,29198.52000000,28890.53000000,29033.41000000,167.49326000,1652533199999,4867979.08254820,4371,46.92294000,1363178.46785050,0
1652533200000,29042.17000000,29102.29000000,28734.67000000,28782.98000000,253.72130000,1652536799999,7327608.51912200,6090,107.58649000,3103110.06734080,0
1652536800000,28783.44000000,28921.28000000,28607.40000000,28882.46000000,225.53639000,1652540399999,6484891.15119840,5807,85.94730000,2471944.32686370,0
1652540400000,28886.31000000,29038.72000000,28721.26000000,28759.52000000,183.75015000,1652543999999,5299716.18654540,4606,52.34157000,1509742.57733930,0
1652544000000,28760.07000000,29620.44000000,28557.11000000,29301.39000000,223.85435000,1652547599999,6517073.36049760,5372,113.62071000,3310760.46928780,0
1652547600000,29307.13000000,29593.02000000,29199.90000000,29566.40000000,264.17369000,1652551199999,7770004.42835880,6224,83.78094000,2464813.33823950,0
1652551200000,29572.01000000,29896.69000000,29434.01000000,29490.27000000,212.69017000,1652554799999,6309386.97946580,5317,90.36897000,2682352.11580250,0
1652554800000,29486.30000000,29604.89000000,29254.54000000,29301.50000000,92.02514000,1652558399999,2706570.27225110,2902,33.18536000,975807.72830560,0
1652558400000,29305.29000000,29606.92000000,29259.62000000,29340.68000000,74.85409000,1652561999999,2201910.32205270,2396,33.18917000,975898.69005880,0
1652562000000,29340.75000000,29830.61000000,29324.12000000,29664.55000000,58.33579000,1652565599999,1725066.28852370,1846,22.76196000,672793.89071750,0
1652565600000,29672.18000000,30303.97000000,29475.88000000,30190.40000000,237.69473000,1652569199999,7099619.51842580,4547,154.09369000,4608449.93557850,0
1652569200000,30207.11000000,30259.21000000,29862.16000000,30046.47000000,117.74474000,1652572799999,3538546.95276520,3507,51.90718000,1559638.00080730,0
1652572800000,30044.52000000,30235.14000000,29896.51000000,29924.29000000,76.25969000,1652576399999,2291336.18166670,2735,42.98420000,1291796.89217480,0
1652576400000,29923.97000000,29961.12000000,29777.61000000,29889.53000000,65.12361000,1652579999999,1944483.55673170,2143,19.63994000,586470.64672320,0
1652580000000,29893.20000000,30028.41000000,29704.94000000,29804.25000000,42.29128000,1652583599999,1261360.89978750,1641,17.59350000,524826.56456440,0
1652583600000,29819.96000000,29848.87000000,29424.12000000,29678.30000000,57.99888000,1652587199999,1717953.53058890,1732,21.96400000,650899.66973570,0
1652587200000,29678.30000000,29751.54000000,29423.86000000,29564.12000000,37.60305000,1652590799999,1114055.97348790,1448,18.43387000,546151.44713030,0
1652590800000,29559.60000000,29795.17000000,29454.10000000,29752.76000000,62.70643000,1652594399999,1860575.41085450,1564,19.81365000,587181.04939550,0
1652594400000,29770.17000000,29973.43000000,29674.70000000,29919.89000000,76.60673000,1652597999999,2282022.44471470,2011,47.89550000,1426671.35601900,0
1652598000000,29921.75000000,30022.75000000,29748.40000000,29786.96000000,104.77552000,1652601599999,3128552.36225920,2784,42.88843000,1281063.36504510,0
1652601600000,29783.01000000,29815.41000000,29500.01000000,29552.10000000,105.16966000,1652605199999,3114680.36046030,2560,59.92824000,1773645.59068590,0
1652605200000,29552.10000000,29746.70000000,29516.61000000,29718.47000000,49.26033000,1652608799999,1459805.91663070,1793,23.91227000,708766.99840350,0
1652608800000,29720.51000000,29903.98000000,29529.52000000,29902.26000000,96.28494000,1652612399999,2861111.67632130,2483,42.55815000,1265064.46829200,0
1652612400000,29909.44000000,30279.79000000,29745.77000000,30209.21000000,218.75112000,1652615999999,6589375.53490120,4582,69.30791000,2083990.00871890,0
1652616000000,30207.46000000,30622.53000000,30149.08000000,30273.38000000,199.93330000,1652619599999,6065998.17800270,4596,105.16974000,3192018.93377210,0
1652619600000,30273.96000000,30359.53000000,29912.07000000,30144.20000000,192.51206000,1652623199999,5807443.43599390,3395,72.91629000,2201724.73154680,0
1652623200000,30138.68000000,30178.50000000,29742.82000000,29944.60000000,159.74469000,1652626799999,4784522.61173580,4115,93.13487000,2790010.23705050,0
1652626800000,29937.73000000,30137.38000000,29813.87000000,29971.30000000,123.46370000,1652630399999,3696234.52318270,2586,73.68356000,2206728.34064210,0
1652630400000,29973.95000000,30250.52000000,29915.78000000,30176.05000000,107.92256000,1652633999999,3245391.51720270,2623,58.23568000,1750292.26383560,0
1652634000000,30175.91000000,30250.00000000,29926.13000000,29952.31000000,41.91060000,1652637599999,1262443.42243270,1426,17.39656000,524092.65940310,0
1652637600000,29965.09000000,30391.16000000,29906.08000000,30276.23000000,158.05109000,1652641199999,4762399.72146410,3627,92.79538000,2797741.56916080,0
1652641200000,30277.27000000,30460.91000000,30156.21000000,30423.34000000,144.65818000,1652644799999,4380664.33752210,2841,84.92522000,2570594.14345250,0
1652644800000,30419.38000000,31130.00000000,30314.45000000,31005.68000000,503.47243000,1652648399999,15552289.50369230,6678,313.31478000,9672771.36185610,0
1652648400000,31015.23000000,31162.75000000,30832.94000000,31036.06000000,127.11545000,1652651999999,3937687.13373380,2633,63.11141000,1955131.22603050,0
1652652000000,31043.86000000,31434.24000000,31042.11000000,31053.01000000,167.92646000,1652655599999,5235948.82705730,4342,80.97036000,2524563.58507880,0
1652655600000,31053.87000000,31351.35000000,31012.77000000,31291.08000000,210.43315000,1652659199999,6558781.37365490,3885,78.23820000,2439828.87443270,0
1652659200000,31292.17000000,31292.17000000,31015.14000000,31071.36000000,139.40273000,1652662799999,4340794.18969620,3065,63.74106000,1983854.91893360,0
1652662800000,31071.35000000,31114.90000000,30653.06000000,30729.95000000,114.96561000,1652666399999,3544411.88274130,2968,44.57698000,1372979.91613600,0
1652666400000,30739.57000000,30739.57000000,30209.18000000,30456.43000000,179.41317000,1652669999999,5463825.66834930,3546,65.99049000,2009569.29257010,0
1652670000000,30457.57000000,30479.79000000,30174.16000000,30287.22000000,200.78859000,1652673599999,6079188.68619280,3679,45.53624000,1378905.77233170,0
1652673600000,30288.54000000,30402.51000000,30100.00000000,30293.10000000,110.82591000,1652677199999,3354523.40027600,2853,63.33190000,1916203.60640470,0
1652677200000,30291.33000000,30432.43000000,30212.45000000,30255.59000000,72.51241000,1652680799999,2201181.89547250,1831,29.09436000,882989.89752930,0
1652680800000,30245.31000000,30245.31000000,29332.39000000,29542.16000000,472.12253000,1652684399999,14008605.36909770,7865,257.94532000,7655469.22518190,0
1652684400000,29533.20000000,29698.78000000,29277.73000000,29559.54000000,134.29631000,1652687999999,3959266.87711650,3399,67.49244000,1990347.42685590,0
1652688000000,29560.10000000,29851.48000000,29540.53000000,29760.22000000,150.46980000,1652691599999,4473402.53337470,3134,91.57679000,2723079.65139550,0
1652691600000,29760.78000000,29760.78000000,29442.85000000,29586.97000000,156.01780000,1652695199999,4619686.45463150,3627,74.89594000,2217274.89752790,0
1652695200000,29591.83000000,30168.42000000,29400.00000000,30145.43000000,158.05835000,1652698799999,4718075.89299700,4274,82.57276000,2466219.33379670,0
1652698800000,30152.70000000,30157.92000000,29890.00000000,29919.01000000,137.38589000,1652702399999,4121086.78048260,3292,83.35934000,2500350.58584660,0
1652702400000,29921.34000000,30220.64000000,29553.59000000,29877.77000000,287.78081000,1652705999999,8593338.27997790,6955,164.76246000,4920734.39172400,0
1652706000000,29859.99000000,30071.27000000,29346.55000000,29481.43000000,351.46014000,1652709599999,10461061.67081380,7595,176.18255000,5247979.57779280,0
1652709600000,29491.85000000,29804.74000000,29431.40000000,29454.45000000,155.01353000,1652713199999,4593206.15826450,3681,87.98988000,2606512.12457010,0
1652713200000,29441.49000000,29694.73000000,29300.00000000,29632.98000000,135.41431000,1652716799999,3992138.00969630,3463,69.94957000,2063393.37364130,0
1652716800000,29628.83000000,29701.47000000,29011.69000000,29274.94000000,253.37265000,1652720399999,7433532.55937720,4999,87.69413000,2574087.02285410,0
1652720400000,29276.33000000,29797.69000000,29214.55000000,29681.98000000,129.63484000,1652723999999,3827769.55190500,3249,71.73140000,2116543.39621350,0
1652724000000,29689.25000000,29943.71000000,29634.83000000,29880.23000000,104.76078000,1652727599999,3124146.52835910,2574,50.89138000,1517015.98563010,0
1652727600000,29874.37000000,29943.13000000,29507.45000000,29565.24000000,89.74718000,1652731199999,2669454.42856230,2266,36.20568000,1076867.80396080,0
1652731200000,29537.15000000,29910.83000000,29507.46000000,29905.58000000,64.89339000,1652734799999,1924518.81309710,1877,34.62705000,1027325.92431430,0
1652734800000,29905.98000000,30220.96000000,29870.77000000,30137.98000000,227.33300000,1652738399999,6836154.31178160,3342,140.03454000,4213320.72103690,0
1652738400000,30144.62000000,30189.47000000,29919.31000000,29974.00000000,131.15002000,1652741999999,3945333.61819710,2822,54.95624000,1654220.65902350,0
1652742000000,29981.38000000,30067.11000000,29789.26000000,29828.42000000,56.05613000,1652745599999,1675863.84270460,1480,27.24523000,814142.21838670,0
1652745600000,29832.32000000,30179.74000000,29766.16000000,30112.47000000,101.58209000,1652749199999,3049378.98061580,2439,45.27157000,1358150.46139800,0
1652749200000,30122.49000000,30137.52000000,29743.25000000,29956.62000000,98.57942000,1652752799999,2949121.59675150,2166,41.11630000,1229481.82621370,0
1652752800000,29956.63000000,30096.96000000,29855.93000000,30025.02000000,51.69980000,1652756399999,1549199.90739110,1428,24.88244000,745397.98950900,0
1652756400000,30021.18000000,30528.93000000,29981.54000000,30317.31000000,153.31856000,1652759999999,4647112.88177240,3138,87.49688000,2654052.78367450,0
1652760000000,30320.53000000,30413.17000000,30204.25000000,30338.33000000,57.96443000,1652763599999,1756009.67663190,1480,23.40475000,709217.56045480,0
1652763600000,30339.65000000,30503.36000000,30240.49000000,30422.96000000,83.45118000,1652767199999,2532943.30554080,2092,43.87621000,1332107.23994880,0
1652767200000,30430.79000000,30497.99000000,30126.10000000,30489.58000000,128.44326000,1652770799999,3902174.54607790,2314,42.16267000,1281306.16743590,0
1652770800000,30497.68000000,30534.76000000,30313.06000000,30376.58000000,61.10641000,1652774399999,1858068.60636920,1441,25.37332000,771517.46760410,0
1652774400000,30374.16000000,30744.35000000,30239.54000000,30539.66000000,116.93390000,1652777999999,3568178.86001280,2680,46.23978000,1413056.04927960,0
1652778000000,30539.65000000,30696.94000000,30532.59000000,30610.06000000,69.78372000,1652781599999,2136250.10620220,1708,30.88755000,945180.15552840,0
1652781600000,30607.10000000,30625.10000000,30418.38000000,30425.98000000,129.08311000,1652785199999,3937362.41734090,2391,50.44893000,1538824.82704620,0
1652785200000,30417.79000000,30491.29000000,30243.60000000,30286.27000000,146.53585000,1652788799999,4449429.18565540,2989,68.74774000,2086676.90483250,0
1652788800000,30283.32000000,30611.57000000,30252.97000000,30553.65000000,241.99066000,1652792399999,7373612.56837190,4728,128.01426000,3899858.81032530,0
1652792400000,30556.71000000,30798.00000000,30342.76000000,30487.16000000,316.72485000,1652795999999,9682607.23547990,5157,109.26551000,3339699.20698170,0
1652796000000,30485.59000000,30521.08000000,29906.25000000,30030.39000000,211.41128000,1652799599999,6380376.40864050,4868,92.83858000,2801988.17847520,0
1652799600000,30025.92000000,30193.21000000,29940.14000000,30116.09000000,178.51475000,1652803199999,5364490.84190120,3619,97.32838000,2925331.82329520,0
1652803200000,30115.29000000,30184.78000000,29844.87000000,30111.91000000,127.81368000,1652806799999,3839681.65739560,3053,68.14962000,2047679.23281240,0
1652806800000,30107.11000000,30224.87000000,30050.01000000,30050.01000000,102.13745000,1652810399999,3080071.21904470,2319,51.88199000,1564511.72229560,0
1652810400000,30055.43000000,30209.42000000,29414.20000000,29814.57000000,322.06875000,1652813999999,9572589.49812040,6757,159.29126000,4735462.07639790,0
1652814000000,29808.17000000,30278.53000000,29779.47000000,30057.51000000,222.79070000,1652817599999,6702021.51272220,4556,110.33133000,3319639.51732050,0
1652817600000,30052.24000000,30177.96000000,29993.71000000,30070.01000000,135.69522000,1652821199999,4082220.90775010,2555,47.74184000,1436193.44523470,0
1652821200000,30068.09000000,30626.99000000,30048.69000000,30519.83000000,61.26987000,1652824799999,1857745.05824360,1804,35.49364000,1076272.24511930,0
1652824800000,30522.51000000,30650.00000000,30211.36000000,30313.43000000,87.61120000,1652828399999,2664390.46334820,2421,36.36645000,1107136.75905650,0
1652828400000,30317.69000000,30530.60000000,30317.69000000,30398.05000000,69.52475000,1652831999999,2116823.82402480,2073,29.64813000,902622.26875840,0
1652832000000,30412.27000000,30681.61000000,30385.63000000,30467.24000000,91.69109000,1652835599999,2800970.24968680,2845,45.02333000,1375686.84485720,0
1652835600000,30467.24000000,30481.03000000,30032.69000000,30086.97000000,111.91674000,1652839199999,3385886.68330720,2900,52.49368000,1586649.68274840,0
1652839200000,30086.97000000,30192.47000000,30051.43000000,30183.36000000,63.49382000,1652842799999,1913785.20487720,1613,29.78320000,897680.33255520,0
1652842800000,30178.88000000,30198.34000000,29710.26000000,29792.35000000,137.98075000,1652846399999,4129982.69225080,3209,68.03720000,2038571.44038070,0
1652846400000,29790.85000000,29899.17000000,29700.97000000,29793.76000000,86.80850000,1652849999999,2586957.25750860,1775,41.53483000,1238320.88258940,0
1652850000000,29789.02000000,30008.73000000,29764.65000000,29996.92000000,84.96768000,1652853599999,2543996.43364830,1757,55.23556000,1654059.15372890,0
1652853600000,29993.22000000,30053.99000000,29705.25000000,29705.26000000,82.80247000,1652857199999,2474163.51822120,2038,38.10579000,1139353.27008380,0
1652857200000,29709.99000000,29882.18000000,29648.56000000,29873.71000000,95.86119000,1652860799999,2853397.16727080,2018,46.54817000,1385612.30325070,0
1652860800000,29878.53000000,29920.53000000,29713.88000000,29845.16000000,55.18075000,1652864399999,1644514.68706720,1486,23.82028000,709904.87044840,0
1652864400000,29842.74000000,29991.77000000,29731.89000000,29924.77000000,97.24407000,1652867999999,2903899.31430960,2424,53.41917000,1595260.39717900,0
1652868000000,29924.62000000,30011.83000000,29869.05000000,29917.04000000,69.75181000,1652871599999,2088437.40835510,1755,34.71802000,1039637.80381410,0
1652871600000,29917.05000000,29935.92000000,29720.77000000,29797.56000000,124.04760000,1652875199999,3696854.38541050,3103,61.56363000,1834619.82277290,0
1652875200000,29802.56000000,29871.39000000,29492.09000000,29519.88000000,182.80647000,1652878799999,5425825.91499610,4779,70.39811000,2090622.27290160,0
1652878800000,29517.06000000,29643.84000000,29253.81000000,29312.34000000,418.03146000,1652882399999,12307786.86263290,7921,253.59816000,7466906.88476120,0
1652882400000,29311.34000000,29461.09000000,29020.46000000,29200.28000000,294.85029000,1652885999999,8627850.03504900,7284,142.11224000,4160773.95519450,0
1652886000000,29199.62000000,29200.56000000,28838.00000000,28945.00000000,396.00086000,1652889599999,11482007.84536870,8170,217.39785000,6304233.95896980,0
1652889600000,28944.90000000,29224.81000000,28703.16000000,29183.65000000,373.36318000,1652893199999,10799295.66025830,7548,200.43779000,5789695.04693250,0
1652893200000,29184.73000000,29192.88000000,28894.55000000,28943.24000000,267.97368000,1652896799999,7781769.62862360,5124,99.90050000,2901564.19208320,0
1652896800000,28948.41000000,29224.47000000,28847.53000000,29169.28000000,179.64695000,1652900399999,5216648.41795810,4222,99.34449000,2885691.97540630,0
1652900400000,29175.04000000,29497.18000000,29050.17000000,29234.22000000,450.44933000,1652903999999,13182570.46966850,7742,259.26684000,7585588.67946610,0
1652904000000,29235.16000000,29250.53000000,28920.92000000,29196.25000000,127.30563000,1652907599999,3706318.79010700,2776,68.33935000,1988944.97692440,0
1652907600000,29196.50000000,29299.00000000,29061.37000000,29161.39000000,106.27946000,1652911199999,3100719.01585790,1883,66.24370000,1932644.37568950,0
1652911200000,29165.90000000,29366.35000000,28765.85000000,28929.81000000,325.99604000,1652914799999,9464655.61901240,5097,211.01783000,6123795.64558770,0
1652914800000,28926.67000000,29054.69000000,28616.56000000,28672.98000000,353.33924000,1652918399999,10216448.94099420,5375,239.82786000,6940274.31481120,0
1652918400000,28672.08000000,29013.50000000,28658.63000000,28870.34000000,137.36380000,1652921999999,3960213.49878080,3459,62.31870000,1796702.79254550,0
1652922000000,28870.33000000,28999.99000000,28678.45000000,28724.60000000,106.00268000,1652925599999,3062819.47497730,2861,52.16850000,1507781.79953140,0
1652925600000,28729.89000000,29298.91000000,28650.63000000,29132.92000000,140.44801000,1652929199999,4066934.76812540,3559,76.31710000,2209405.83402350,0
1652929200000,29123.34000000,29278.88000000,29043.18000000,29163.24000000,185.91254000,1652932799999,5425506.43401270,4006,77.14268000,2250020.13190900,0
1652932800000,29163.45000000,29254.08000000,29045.80000000,29056.60000000,57.37864000,1652936399999,1672122.97822830,1941,29.40119000,856929.40083110,0
1652936400000,29056.05000000,29163.11000000,28990.28000000,29022.42000000,110.28942000,1652939999999,3205133.94369570,2780,49.19335000,1429650.96584380,0
1652940000000,29022.96000000,29386.07000000,29022.96000000,29283.26000000,135.99761000,1652943599999,3968728.97327730,3148,59.94666000,1749337.27792980,0
1652943600000,29287.64000000,29316.97000000,29042.33000000,29157.34000000,128.45017000,1652947199999,3748938.62124740,3265,60.28806000,1759977.18014720,0
1652947200000,29157.51000000,29217.59000000,28932.44000000,28934.67000000,98.33596000,1652950799999,2860323.85931520,2629,44.55798000,1296198.10136650,0
1652950800000,28932.43000000,29018.83000000,28819.05000000,28969.52000000,221.07318000,1652954399999,6393735.71586890,4677,123.43566000,3569068.61761800,0
1652954400000,28974.00000000,29238.82000000,28898.25000000,29171.34000000,175.57273000,1652957999999,5102566.90491220,3969,96.99789000,2819347.91412440,0
1652958000000,29171.32000000,29500.00000000,29084.04000000,29466.28000000,195.62616000,1652961599999,5734616.30767350,4407,117.26164000,3437520.22236640,0
1652961600000,29481.41000000,29799.99000000,29322.54000000,29465.11000000,355.83349000,1652965199999,10492926.91989420,6383,163.72089000,4831801.01762500,0
1652965200000,29465.12000000,29746.02000000,29321.09000000,29483.48000000,352.51246000,1652968799999,10423938.89151460,7060,163.10187000,4820987.32128950,0
1652968800000,29483.37000000,29922.00000000,29471.20000000,29832.92000000,268.97298000,1652972399999,7996634.73924850,5668,107.86698000,3207827.91818960,0
1652972400000,29832.64000000,30500.00000000,29769.91000000,30348.72000000,486.96364000,1652975999999,14708109.06907190,9895,259.58248000,7845892.37587330,0
1652976000000,30354.79000000,30416.05000000,30062.17000000,30121.02000000,272.27652000,1652979599999,8228287.37593900,5885,94.18773000,2845996.61149840,0
1652979600000,30122.93000000,30235.64000000,29933.44000000,30155.27000000,275.01343000,1652983199999,8272984.19069590,4930,84.47047000,2538959.96629060,0
1652983200000,30160.67000000,30350.00000000,30104.24000000,30194.52000000,203.74954000,1652986799999,6157760.94364810,3529,101.19541000,3057728.57724980,0
1652986800000,30184.75000000,30271.97000000,29936.69000000,29936.69000000,114.51012000,1652990399999,3439416.62796210,2352,49.97036000,1501550.71967350,0
1652990400000,29932.90000000,30239.56000000,29915.26000000,30238.08000000,165.64682000,1652993999999,4985500.59641540,3017,89.03712000,2679714.05181290,0
1652994000000,30239.52000000,30450.00000000,30170.34000000,30242.00000000,139.07891000,1652997599999,4211857.13140160,2625,63.77743000,1931589.23458160,0
1652997600000,30244.06000000,30244.06000000,30081.86000000,30141.66000000,90.69443000,1653001199999,2732990.89430190,1990,46.09811000,1388957.81071440,0
1653001200000,30151.94000000,30386.04000000,30082.33000000,30289.75000000,177.78262000,1653004799999,5373598.55158490,2280,91.89625000,2778919.88050530,0
1653004800000,30289.54000000,30329.91000000,30111.48000000,30227.06000000,65.92861000,1653008399999,1992165.90328740,1856,33.69677000,1017835.47216940,0
1653008400000,30227.16000000,30738.42000000,30097.94000000,30443.47000000,570.68474000,1653011999999,17440921.91754680,7191,369.81750000,11297284.64037180,0
1653012000000,30439.65000000,30478.26000000,30193.41000000,30297.42000000,80.64284000,1653015599999,2441803.26475670,2021,46.10869000,1396401.57222460,0
1653015600000,30295.72000000,30308.86000000,30100.69000000,30140.51000000,73.36580000,1653019199999,2215054.81120960,1979,28.58755000,862886.67164600,0
1653019200000,30136.18000000,30205.89000000,29980.00000000,30064.83000000,63.95855000,1653022799999,1925469.28582260,1947,28.89706000,870071.29746530,0
1653022800000,30064.24000000,30161.88000000,29991.76000000,30157.43000000,59.47855000,1653026399999,1787825.32171010,1937,30.85450000,927410.54274830,0
1653026400000,30153.23000000,30156.90000000,29766.77000000,29978.83000000,114.68385000,1653029999999,3433124.06295550,3658,52.32510000,1566084.92950350,0
1653030000000,29959.66000000,30327.90000000,29936.88000000,30232.58000000,189.01597000,1653033599999,5698586.91991320,4490,92.99509000,2803079.85183510,0
1653033600000,30232.58000000,30376.90000000,30125.26000000,30160.92000000,103.95850000,1653037199999,3144056.87189630,3277,44.33832000,1341239.93941900,0
1653037200000,30160.86000000,30364.32000000,30093.32000000,30277.24000000,237.32735000,1653040799999,7180787.75347420,4181,76.17342000,2302467.34778680,0
1653040800000,30277.24000000,30417.50000000,30236.61000000,30397.26000000,124.22303000,1653044399999,3764398.98960000,3055,50.40984000,1527741.07488530,0
1653044400000,30394.08000000,30632.83000000,30223.15000000,30398.37000000,198.29661000,1653047999999,6031519.93125780,4792,72.06986000,2192130.58954580,0
1653048000000,30397.84000000,30425.59000000,30000.00000000,30225.45000000,120.78362000,1653051599999,3651399.28910710,4026,51.03922000,1543884.42636340,0
1653051600000,30226.17000000,30496.41000000,30075.75000000,30339.10000000,264.06934000,1653055199999,7997091.04021120,6741,142.03165000,4302043.47988840,0
1653055200000,30335.17000000,30342.07000000,29400.00000000,29463.94000000,840.56421000,1653058799999,25069536.19952300,11569,201.47987000,5995575.82645320,0
1653058800000,29459.95000000,29466.71000000,29050.00000000,29118.14000000,706.74378000,1653062399999,20673585.62071810,11589,188.89048000,5523705.81031430,0
1653062400000,29120.05000000,29120.05000000,28700.00000000,28866.36000000,410.05511000,1653065999999,11867035.25683010,9585,127.02621000,3674651.22890040,0
1653066000000,28862.85000000,29100.28000000,28700.01000000,28924.57000000,209.81120000,1653069599999,6053709.48947620,6186,111.66800000,3222495.04260530,0
1653069600000,28924.57000000,29055.76000000,28779.02000000,28977.97000000,119.80627000,1653073199999,3462672.26144880,3513,44.09556000,1273790.94357050,0
1653073200000,28974.47000000,29459.09000000,28901.81000000,29264.33000000,169.41487000,1653076799999,4939447.09599340,4621,75.93353000,2213767.04428170,0
1653076800000,29255.60000000,29318.57000000,28986.19000000,29104.04000000,160.06132000,1653080399999,4671653.31173960,3389,74.78597000,2182216.99690640,0
1653080400000,29104.07000000,29272.85000000,29095.31000000,29140.77000000,69.35074000,1653083999999,2026676.03242570,1758,20.69730000,604534.49134410,0
1653084000000,29145.90000000,29289.64000000,29105.51000000,29116.65000000,76.32340000,1653087599999,2228972.04104430,1910,26.45015000,772209.35178570,0
1653087600000,29116.58000000,29357.76000000,29116.58000000,29166.98000000,61.17913000,1653091199999,1788465.51104560,2160,33.17319000,969498.43221060,0
1653091200000,29166.98000000,29312.78000000,29118.89000000,29238.39000000,131.52974000,1653094799999,3846822.52814920,2639,61.90266000,1808896.46876740,0
1653094800000,29238.39000000,29262.82000000,28911.46000000,29108.07000000,66.29365000,1653098399999,1929081.44917530,2556,32.64379000,950122.45596640,0
1653098400000,29116.27000000,29221.45000000,29032.31000000,29188.13000000,19.87952000,1653101999999,579629.64813260,1002,8.70628000,253835.40276940,0
1653102000000,29189.86000000,29246.99000000,29084.89000000,29218.09000000,38.56203000,1653105599999,1123899.49787780,1642,16.07759000,468621.33636600,0
1653105600000,29219.49000000,29241.18000000,29174.08000000,29215.58000000,34.80660000,1653109199999,1016885.71230490,1264,18.13641000,529857.79988370,0
1653109200000,29215.59000000,29286.41000000,29187.61000000,29245.41000000,41.82146000,1653112799999,1222504.01445040,1472,20.78953000,607703.42048710,0
1653112800000,29245.91000000,29336.61000000,29189.91000000,29321.54000000,38.19313000,1653116399999,1117994.18265480,1526,18.79081000,550046.35811610,0
1653116400000,29321.55000000,29527.98000000,29280.73000000,29381.92000000,69.28257000,1653119999999,2038626.32283590,2110,37.35030000,1098938.99659380,0
1653120000000,29383.88000000,29436.43000000,29314.12000000,29324.32000000,110.21148000,1653123599999,3236252.91218900,2221,75.52577000,2217533.57924540,0
1653123600000,29324.33000000,29352.13000000,29206.71000000,29293.31000000,193.23489000,1653127199999,5656484.47243770,2705,146.43845000,4285925.08525410,0
1653127200000,29305.63000000,29385.86000000,29182.11000000,29260.97000000,60.89161000,1653130799999,1782299.32160950,1590,28.12846000,823125.08372560,0
1653130800000,29260.96000000,29277.61000000,29121.88000000,29249.47000000,44.07145000,1653134399999,1287504.85564330,1796,15.50033000,452863.53778120,0
1653134400000,29249.46000000,29304.48000000,29152.64000000,29254.36000000,55.79309000,1653137999999,1631631.96520710,2060,29.26204000,855732.84811690,0
1653138000000,29256.26000000,29334.97000000,29200.91000000,29274.85000000,40.35126000,1653141599999,1180966.33949180,1405,20.94522000,612949.22062390,0
1653141600000,29274.76000000,29440.13000000,29221.09000000,29368.06000000,86.45707000,1653145199999,2536757.47608520,2478,43.76806000,1284466.23113810,0
1653145200000,29365.58000000,29646.11000000,29239.49000000,29510.43000000,108.38989000,1653148799999,3188743.55779030,3277,60.63958000,1784241.64520120,0
1653148800000,29512.76000000,29616.72000000,29459.09000000,29524.28000000,87.32654000,1653152399999,2578703.46878270,2930,34.36903000,1014530.97310060,0
1653152400000,29525.05000000,29560.43000000,29358.73000000,29369.85000000,60.04185000,1653155999999,1767115.97122010,2185,28.80403000,847820.27263410,0
1653156000000,29370.97000000,29452.21000000,29364.70000000,29439.00000000,37.63384000,1653159599999,1107035.11873280,1607,16.93787000,498259.49982910,0
1653159600000,29437.47000000,29552.23000000,29390.53000000,29419.93000000,40.16984000,1653163199999,1183127.15369940,1762,22.28580000,656399.78665440,0
1653163200000,29419.95000000,29483.02000000,29322.00000000,29392.10000000,44.86271000,1653166799999,1319170.67446170,1810,19.97761000,587520.34897970,0
1653166800000,29392.10000000,29420.28000000,29303.79000000,29314.94000000,22.43528000,1653170399999,659130.52680470,954,10.18193000,299127.65880300,0
1653170400000,29314.76000000,29373.77000000,29277.20000000,29373.76000000,50.06489000,1653173999999,1467560.91859380,1273,35.23157000,1032782.78727250,0
1653174000000,29373.76000000,29490.66000000,29368.40000000,29405.04000000,38.07287000,1653177599999,1120341.41486250,1300,18.23968000,536686.46839430,0
1653177600000,29404.14000000,29477.50000000,29353.08000000,29439.88000000,39.59120000,1653181199999,1164506.35469810,1269,22.60799000,664980.18976740,0
1653181200000,29440.51000000,29507.71000000,29440.51000000,29467.42000000,24.63768000,1653184799999,726081.26235160,1173,9.86149000,290610.94370950,0
1653184800000,29466.81000000,29474.20000000,29331.61000000,29355.83000000,37.27501000,1653188399999,1095735.46755470,1511,16.35081000,480735.32141510,0
1653188400000,29355.87000000,29452.07000000,29292.48000000,29320.25000000,53.21888000,1653191999999,1562580.92037820,1723,22.77848000,668744.16989100,0
1653192000000,29316.48000000,29321.87000000,29200.00000000,29245.82000000,66.77207000,1653195599999,1954417.67178240,1849,29.94740000,876692.65155510,0
1653195600000,29245.66000000,29380.17000000,29228.45000000,29330.42000000,75.45763000,1653199199999,2213502.47112390,1752,24.06537000,705891.36036350,0
1653199200000,29331.72000000,29376.90000000,29322.08000000,29364.46000000,45.37275000,1653202799999,1331940.35695540,1312,30.85483000,905771.21257720,0
1653202800000,29363.12000000,29415.89000000,29317.14000000,29397.17000000,120.09058000,1653206399999,3526355.16937800,1914,79.84464000,2344830.24265270,0
1653206400000,29397.17000000,29553.51000000,29383.19000000,29515.56000000,102.30699000,1653209999999,3015347.67776140,2733,43.82756000,1291281.90886400,0
1653210000000,29517.41000000,30166.66000000,29501.75000000,30110.21000000,175.69202000,1653213599999,5243950.72626690,5931,107.84909000,3218762.43161050,0
1653213600000,30110.22000000,30279.35000000,30070.58000000,30152.50000000,158.44716000,1653217199999,4779844.76002490,4515,67.22399000,2027720.49474380,0
1653217200000,30149.80000000,30216.29000000,29770.00000000,29856.19000000,158.83957000,1653220799999,4763189.94142600,4652,85.94665000,2576823.07780230,0
1653220800000,29857.26000000,30190.57000000,29857.26000000,30130.77000000,112.67782000,1653224399999,3384067.12334090,2746,57.46235000,1725232.24496090,0
1653224400000,30131.25000000,30131.25000000,29935.91000000,30039.57000000,53.76127000,1653227999999,1615202.69574530,2009,24.60779000,739329.30450370,0
1653228000000,30039.56000000,30108.04000000,29891.96000000,29926.31000000,202.55393000,1653231599999,6066277.54981820,3348,150.34071000,4500473.08056030,0
1653231600000,29926.86000000,29949.63000000,29632.92000000,29806.97000000,118.36733000,1653235199999,3526508.77742000,3197,52.80791000,1572477.27223020,0
1653235200000,29806.97000000,29931.75000000,29701.62000000,29893.31000000,60.65405000,1653238799999,1809644.97435880,1981,29.31465000,874632.01687340,0
1653238800000,29892.62000000,30143.63000000,29778.18000000,29896.29000000,212.53926000,1653242399999,6370976.64819110,4272,62.12055000,1862011.85813710,0
1653242400000,29897.05000000,30017.75000000,29804.90000000,30006.47000000,73.71920000,1653245999999,2206368.83272550,2098,27.85396000,833669.28897070,0
1653246000000,30003.75000000,30052.77000000,29878.02000000,29903.88000000,42.74269000,1653249599999,1280706.54024420,1561,15.51337000,464902.72811510,0
1653249600000,29902.77000000,30057.53000000,29878.80000000,29905.35000000,77.14127000,1653253199999,2312026.42502890,1969,28.96324000,868201.75634010,0
1653253200000,29901.28000000,30046.45000000,29878.02000000,29985.83000000,53.84059000,1653256799999,1613474.09831420,1195,27.83090000,833945.63603910,0
1653256800000,29984.67000000,30450.00000000,29984.67000000,30243.37000000,142.58407000,1653260399999,4313086.12416100,3600,79.34651000,2400175.69295580,0
1653260400000,30244.40000000,30451.32000000,30244.40000000,30259.73000000,160.01420000,1653263999999,4857451.46074010,3218,101.78706000,3090251.16437410,0
1653264000000,30260.66000000,30430.17000000,30160.71000000,30249.08000000,102.40207000,1653267599999,3100113.01914870,3463,51.09080000,1546516.44673960,0
1653267600000,30250.22000000,30250.22000000,30139.84000000,30190.71000000,72.41347000,1653271199999,2185863.80602070,2211,33.92612000,1024298.73655900,0
1653271200000,30189.10000000,30189.26000000,30020.25000000,30095.67000000,65.80318000,1653274799999,1979968.32084780,2371,30.94399000,931013.20283240,0
1653274800000,30096.15000000,30175.25000000,30064.89000000,30138.06000000,54.97400000,1653278399999,1655655.80060680,1930,20.50491000,617577.22068980,0
1653278400000,30138.05000000,30218.44000000,30082.99000000,30098.22000000,61.17225000,1653281999999,1844579.85818750,2166,30.92912000,932648.41301380,0
1653282000000,30097.01000000,30300.00000000,30077.85000000,30284.00000000,76.05781000,1653285599999,2294836.57683340,2633,32.77574000,989234.08759460,0
1653285600000,30274.10000000,30661.68000000,30258.40000000,30456.84000000,213.87598000,1653289199999,6510140.02958260,5317,131.87425000,4015842.82759440,0
1653289200000,30456.21000000,30634.82000000,30386.78000000,30423.09000000,139.44596000,1653292799999,4254042.59415960,4114,71.67428000,2187147.68728210,0
1653292800000,30425.99000000,30492.75000000,30258.31000000,30319.02000000,100.40932000,1653296399999,3048483.16315580,2918,46.13797000,1400929.26652460,0
1653296400000,30323.59000000,30488.26000000,30271.54000000,30414.51000000,160.37640000,1653299999999,4865592.42143230,3313,73.33929000,2224675.39161200,0
1653300000000,30417.95000000,30525.12000000,30381.55000000,30456.76000000,119.28308000,1653303599999,3631266.90270420,3125,52.13046000,1587153.93363460,0
1653303600000,30461.06000000,30590.36000000,30311.79000000,30371.75000000,138.80025000,1653307199999,4226343.47455650,3513,60.27057000,1836494.52849320,0
1653307200000,30373.10000000,30595.06000000,30325.92000000,30354.87000000,105.71485000,1653310799999,3216907.09785700,3139,47.02452000,1430895.58392600,0
1653310800000,30355.24000000,30523.48000000,30134.34000000,30295.82000000,327.25650000,1653314399999,9941111.98090370,7948,170.55297000,5181339.96495760,0
1653314400000,30296.46000000,30307.06000000,29933.00000000,30226.29000000,264.59926000,1653317999999,7980949.04731910,6984,119.24329000,3597152.51916650,0
1653318000000,30223.87000000,30454.17000000,30196.90000000,30342.78000000,130.07261000,1653321599999,3950387.93814020,3555,54.70375000,1661630.40872900,0
1653321600000,30340.30000000,30558.00000000,30128.20000000,30224.15000000,183.14191000,1653325199999,5559761.09380190,3972,88.16367000,2676576.83540570,0
1653325200000,30225.87000000,30225.87000000,30006.24000000,30070.39000000,128.02033000,1653328799999,3851617.37077420,3403,59.05057000,1776321.61773210,0
1653328800000,30071.64000000,30131.74000000,29787.48000000,29842.34000000,131.26024000,1653332399999,3939789.90454330,3682,52.13680000,1564902.86439850,0
1653332400000,29841.95000000,29841.95000000,29015.55000000,29060.66000000,463.75768000,1653335999999,13612942.95741780,8714,204.43352000,6002181.02744210,0
1653336000000,29066.93000000,29527.41000000,29012.00000000,29317.31000000,332.89796000,1653339599999,9737420.01257080,5935,191.31269000,5593986.40945970,0
1653339600000,29317.36000000,29462.82000000,29261.86000000,29310.86000000,87.29633000,1653343199999,2562065.63847280,2675,37.23208000,1092812.88752180,0
1653343200000,29310.86000000,29310.86000000,29001.00000000,29182.47000000,139.24580000,1653346799999,4057169.95552560,3480,69.13419000,2014805.15786770,0
1653346800000,29178.45000000,29178.45000000,28846.16000000,29068.78000000,253.20668000,1653350399999,7352785.72956200,4052,90.36135000,2626727.30602130,0
1653350400000,29078.95000000,29227.93000000,29026.59000000,29110.70000000,101.06491000,1653353999999,2946713.79652300,2977,48.37041000,1410497.56895510,0
1653354000000,29110.70000000,29214.06000000,29068.26000000,29195.97000000,72.36723000,1653357599999,2108761.08644030,2073,36.81663000,1072826.48965580,0
1653357600000,29195.97000000,29279.44000000,29158.47000000,29237.44000000,79.01018000,1653361199999,2309362.75848260,2215,36.12585000,1055860.64406860,0
1653361200000,29235.04000000,29296.00000000,29207.11000000,29271.40000000,38.70908000,1653364799999,1132607.94337640,1484,15.96351000,467053.96381180,0
1653364800000,29271.40000000,29406.38000000,29219.75000000,29324.86000000,61.05169000,1653368399999,1790479.46679650,2172,33.53291000,983462.96301150,0
1653368400000,29327.07000000,29396.08000000,29286.29000000,29316.06000000,50.81932000,1653371999999,1491121.21565590,1876,20.78659000,609947.29314360,0
1653372000000,29316.06000000,29367.90000000,29210.28000000,29306.77000000,109.15001000,1653375599999,3197937.91567100,2665,61.87593000,1812397.75224620,0
1653375600000,29306.77000000,29409.06000000,29280.01000000,29374.56000000,62.73152000,1653379199999,1841408.53428590,2225,37.20275000,1092141.25744730,0
1653379200000,29369.52000000,29374.63000000,29117.40000000,29123.69000000,115.24574000,1653382799999,3371962.64727660,2901,54.04915000,1581832.40645130,0
1653382800000,29122.81000000,29321.72000000,29091.08000000,29310.34000000,107.03065000,1653386399999,3128581.42826210,3108,57.41108000,1678140.45849010,0
1653386400000,29307.83000000,29335.52000000,29230.56000000,29306.51000000,87.32303000,1653389999999,2556916.41387030,2561,41.34804000,1210872.16382820,0
1653390000000,29310.11000000,29402.91000000,29204.16000000,29267.39000000,75.04597000,1653393599999,2199103.26256610,2180,42.73425000,1252309.18456080,0
1653393600000,29260.44000000,29412.11000000,29116.84000000,29225.55000000,112.10085000,1653397199999,3276524.27343280,3246,62.70569000,1833305.25043000,0
1653397200000,29225.98000000,29454.73000000,28850.00000000,28930.36000000,246.76396000,1653400799999,7190432.46871980,4865,101.74210000,2968429.03587390,0
1653400800000,28917.48000000,29089.80000000,28637.01000000,29032.77000000,350.22620000,1653404399999,10105013.03981500,7048,152.40634000,4398978.37849460,0
1653404400000,29034.07000000,29620.57000000,28850.00000000,29360.10000000,318.98048000,1653407999999,9306082.91137530,6339,140.56139000,4105434.63454090,0
1653408000000,29358.29000000,29572.96000000,29213.39000000,29294.58000000,252.96359000,1653411599999,7430790.47151750,4887,162.67571000,4779682.80809110,0
1653411600000,29297.24000000,29371.25000000,29122.42000000,29317.98000000,134.06223000,1653415199999,3919027.79248240,3425,51.87055000,1516482.32359060,0
1653415200000,29313.92000000,29457.49000000,29068.56000000,29145.77000000,116.51788000,1653418799999,3414203.40054450,3618,54.97348000,1611022.59568580,0
1653418800000,29140.42000000,29441.79000000,29130.19000000,29360.20000000,93.48212000,1653422399999,2739512.92404300,2746,43.24723000,1267569.09158720,0
1653422400000,29363.16000000,29465.74000000,29230.76000000,29435.28000000,70.52006000,1653425999999,2069697.52093440,2328,30.92108000,907422.57721500,0
1653426000000,29434.54000000,29620.00000000,29402.34000000,29556.50000000,69.78771000,1653429599999,2059383.43350600,2465,30.71784000,906224.52083850,0
1653429600000,29559.41000000,29612.09000000,29497.60000000,29572.77000000,121.95827000,1653433199999,3604909.50025140,2689,46.37249000,1370376.41731480,0
1653433200000,29576.72000000,29820.00000000,29552.23000000,29628.65000000,105.49076000,1653436799999,3131670.52901420,2461,49.77629000,1478006.79888650,0
1653436800000,29628.68000000,29664.13000000,29530.30000000,29587.11000000,54.51732000,1653440399999,1612561.31930660,1691,26.46830000,782709.96893020,0
1653440400000,29590.64000000,29774.70000000,29534.91000000,29762.88000000,44.38672000,1653443999999,1316158.70592160,1551,24.32945000,721491.64349060,0
1653444000000,29758.00000000,30270.00000000,29704.36000000,30079.36000000,147.41795000,1653447599999,4424690.35410360,4236,97.65379000,2932680.31467900,0
1653447600000,30080.87000000,30192.12000000,30037.20000000,30164.28000000,43.74546000,1653451199999,1317694.05130340,1790,23.07010000,694917.02709530,0
1653451200000,30164.22000000,30179.51000000,30029.14000000,30066.98000000,33.84732000,1653454799999,1018234.48541630,1571,15.64064000,470494.46676610,0
1653454800000,30063.95000000,30100.86000000,29817.11000000,29832.62000000,68.46012000,1653458399999,2051542.50662070,2474,35.44299000,1062225.01640430,0
1653458400000,29835.26000000,29878.98000000,29632.33000000,29775.37000000,72.06701000,1653461999999,2143864.02503700,3242,37.42092000,1112997.06663860,0
1653462000000,29775.37000000,29826.24000000,29662.06000000,29664.32000000,52.45680000,1653465599999,1560333.40309020,1851,27.39234000,815147.39717360,0
1653465600000,29669.46000000,29900.06000000,29533.41000000,29784.82000000,75.29650000,1653469199999,2238608.56540270,2319,41.53171000,1234973.69568080,0
1653469200000,29784.22000000,29842.61000000,29656.36000000,29776.20000000,86.48639000,1653472799999,2572107.84267660,2027,42.12979000,1253285.62972110,0
1653472800000,29780.07000000,29826.66000000,29652.04000000,29694.47000000,55.97410000,1653476399999,1664552.09292420,1887,27.29437000,811531.91942470,0
1653476400000,29688.40000000,29726.39000000,29315.92000000,29378.36000000,150.79666000,1653479999999,4440991.66628870,4162,68.11978000,2005723.39489720,0
1653480000000,29374.46000000,29589.62000000,29315.85000000,29536.07000000,138.73475000,1653483599999,4086665.15247130,3757,77.64274000,2287498.80369860,0
1653483600000,29535.58000000,29826.55000000,29454.75000000,29676.49000000,157.82709000,1653487199999,4672672.90095920,4201,89.17544000,2639761.43669350,0
1653487200000,29678.34000000,29872.54000000,29626.17000000,29752.80000000,161.85593000,1653490799999,4816653.23473710,4110,83.97855000,2498532.83327790,0
1653490800000,29750.06000000,29792.05000000,29553.67000000,29592.98000000,105.51039000,1653494399999,3130970.70489480,3251,41.70967000,1237419.55512590,0
1653494400000,29593.39000000,29741.10000000,29395.21000000,29527.95000000,171.28994000,1653497999999,5059604.19278910,3976,78.26011000,2312663.27973040,0
1653498000000,29529.74000000,29754.86000000,29505.47000000,29676.49000000,107.80319000,1653501599999,3195094.42280050,2744,45.46523000,1347368.78634020,0
1653501600000,29683.69000000,30040.00000000,29304.31000000,29853.98000000,338.81644000,1653505199999,10097192.46057750,6861,148.07743000,4416910.82286070,0
1653505200000,29855.42000000,29947.35000000,29534.48000000,29559.36000000,117.38904000,1653508799999,3489555.11643960,2851,57.91102000,1720951.01735990,0
1653508800000,29561.60000000,29780.06000000,29525.61000000,29759.77000000,104.85332000,1653512399999,3107590.06351940,1957,61.51793000,1823174.36201340,0
1653512400000,29761.13000000,29814.49000000,29706.75000000,29801.65000000,63.97776000,1653515999999,1903729.92392120,1385,26.60228000,791377.48685930,0
1653516000000,29800.51000000,29850.00000000,29722.46000000,29755.44000000,52.01797000,1653519599999,1548966.46824430,1394,22.20530000,661166.89870900,0
1653519600000,29753.63000000,29757.28000000,29510.83000000,29512.86000000,93.50811000,1653523199999,2771294.07576640,2172,49.24292000,1459174.05546770,0
1653523200000,29512.72000000,29845.08000000,29471.03000000,29753.56000000,104.09897000,1653526799999,3091434.53371480,2986,57.51028000,1707637.24874320,0
1653526800000,29756.87000000,29797.81000000,29626.92000000,29647.43000000,63.59528000,1653530399999,1889638.37188980,1987,29.78762000,884865.76127780,0
1653530400000,29648.23000000,29852.37000000,29644.62000000,29777.32000000,64.55699000,1653533999999,1921096.83060580,1784,34.26077000,1019491.34940110,0
1653534000000,29772.44000000,29819.37000000,29645.27000000,29810.29000000,88.27646000,1653537599999,2625856.05604110,2081,37.87141000,1126114.54685350,0
1653537600000,29810.29000000,29845.54000000,29718.03000000,29737.79000000,59.30616000,1653541199999,1767110.22470810,1617,31.40207000,935705.53539760,0
1653541200000,29740.26000000,29820.46000000,29628.01000000,29679.90000000,59.63432000,1653544799999,1770807.29552570,2134,26.73727000,794202.76087840,0
1653544800000,29679.90000000,29709.47000000,29400.58000000,29647.26000000,175.31672000,1653548399999,5181617.24604930,3419,70.22622000,2075470.07235120,0
1653548400000,29647.46000000,29710.00000000,29535.92000000,29695.76000000,73.71115000,1653551999999,2183544.63914090,2160,39.63424000,1174034.67342640,0
1653552000000,29695.82000000,29709.58000000,28850.00000000,28975.65000000,365.87300000,1653555599999,10682243.02995370,7691,162.84541000,4754653.29201770,0
1653555600000,28975.65000000,29224.97000000,28850.76000000,29156.94000000,233.23640000,1653559199999,6773446.79329920,4847,139.64602000,4054610.48627470,0
1653559200000,29156.94000000,29224.97000000,29084.42000000,29107.96000000,127.11994000,1653562799999,3706659.22093390,2768,59.09453000,1722925.23386640,0
1653562800000,29109.20000000,29154.56000000,28880.00000000,28972.51000000,360.33491000,1653566399999,10459928.05778090,6076,174.27287000,5058371.70346140,0
1653566400000,28967.53000000,29107.17000000,28753.64000000,28919.21000000,243.69180000,1653569999999,7044513.99017040,5737,132.69022000,3836160.15055860,0
1653570000000,28918.07000000,28954.30000000,27989.00000000,28781.74000000,804.57206000,1653573599999,22879291.38622680,17499,369.95741000,10519955.15599440,0
1653573600000,28781.74000000,29332.11000000,28773.14000000,29221.89000000,490.23091000,1653577199999,14272964.01294600,9785,281.99305000,8209672.33806900,0
1653577200000,29222.97000000,29468.67000000,29191.62000000,29362.95000000,189.28154000,1653580799999,5556702.34474270,4190,90.39751000,2654037.63578370,0
1653580800000,29364.53000000,29760.00000000,29338.35000000,29557.12000000,366.14757000,1653584399999,10834501.41841220,6650,172.87628000,5113448.00630860,0
1653584400000,29555.97000000,29649.99000000,29433.50000000,29614.95000000,149.59108000,1653587999999,4421300.59994710,3044,51.70052000,1527888.43198630,0
1653588000000,29609.31000000,29615.84000000,29458.59000000,29577.00000000,137.63562000,1653591599999,4067904.74889550,2888,39.94324000,1180063.19481430,0
1653591600000,29575.53000000,29589.12000000,29347.37000000,29352.17000000,146.42472000,1653595199999,4310200.56626500,3274,56.79107000,1671542.69960120,0
1653595200000,29350.85000000,29561.35000000,29257.27000000,29428.58000000,132.39851000,1653598799999,3890670.55871270,3036,44.56681000,1309507.03664760,0
1653598800000,29428.43000000,29653.14000000,29428.43000000,29545.38000000,85.63460000,1653602399999,2530275.70595870,1880,57.31102000,1693409.45260820,0
1653602400000,29545.76000000,29657.34000000,29458.59000000,29473.47000000,58.01416000,1653605999999,1713742.13461410,1529,33.17012000,979637.66828250,0
1653606000000,29475.00000000,29522.25000000,29142.25000000,29174.16000000,130.45410000,1653609599999,3828800.01084440,3237,58.32283000,1712202.65708960,0
1653609600000,29168.15000000,29358.46000000,29011.16000000,29039.86000000,129.61080000,1653613199999,3779997.61201080,4506,64.39866000,1878816.82300410,0
1653613200000,29044.40000000,29099.64000000,28837.02000000,28925.63000000,153.64515000,1653616799999,4451763.75991070,5827,75.53486000,2188571.49465590,0
1653616800000,28931.99000000,29054.52000000,28801.57000000,28953.17000000,210.48072000,1653620399999,6078711.41321840,5164,131.66275000,3801121.68634360,0
1653620400000,28955.25000000,29115.21000000,28939.56000000,28986.10000000,83.14605000,1653623999999,2413411.83196290,2957,39.91147000,1158586.61791560,0
1653624000000,28987.71000000,29085.72000000,28836.58000000,28895.08000000,102.62988000,1653627599999,2970602.59081830,3519,46.66339000,1350860.57810790,0
1653627600000,28895.96000000,29016.91000000,28612.00000000,28768.92000000,144.65947000,1653631199999,4170679.18234450,4181,72.17157000,2080195.13954560,0
1653631200000,28763.68000000,29006.32000000,28600.00000000,28946.19000000,247.12658000,1653634799999,7117429.09556610,4992,97.96744000,2816745.39515020,0
1653634800000,28946.18000000,29177.17000000,28869.14000000,28955.02000000,150.69467000,1653638399999,4370064.96316920,3753,70.62265000,2048034.61460930,0
1653638400000,28956.60000000,29108.90000000,28750.91000000,28898.42000000,157.79895000,1653641999999,4572460.63290740,4061,71.11639000,2061190.40342170,0
1653642000000,28911.45000000,29057.71000000,28852.02000000,29007.65000000,104.26918000,1653645599999,3019794.79340420,2900,47.24790000,1368291.99556970,0
1653645600000,29007.13000000,29017.76000000,28747.41000000,28797.97000000,124.88796000,1653649199999,3605799.74116920,3049,77.13442000,2226080.86812210,0
1653649200000,28797.05000000,29041.39000000,28771.36000000,28881.04000000,99.84559000,1653652799999,2887220.61685140,3069,52.15182000,1508225.50278980,0
1653652800000,28879.43000000,29294.59000000,28829.22000000,29228.12000000,186.17657000,1653656399999,5415849.56986780,5193,85.41080000,2485519.62340460,0
1653656400000,29222.56000000,29348.19000000,29100.00000000,29294.47000000,155.70599000,1653659999999,4549565.57260110,3424,70.53479000,2060933.26836070,0
1653660000000,29296.91000000,29310.00000000,28703.29000000,28757.30000000,283.58906000,1653663599999,8238413.39259270,5013,103.95924000,3018029.92719260,0
1653663600000,28757.29000000,28924.34000000,28600.00000000,28820.02000000,217.26388000,1653667199999,6250977.49574180,4455,108.16223000,3113081.45946370,0
1653667200000,28816.31000000,28904.88000000,28624.42000000,28704.38000000,160.48911000,1653670799999,4612183.42571640,3315,77.18649000,2217977.65598790,0
1653670800000,28699.98000000,28828.20000000,28300.01000000,28350.85000000,446.00427000,1653674399999,12709941.04794520,6953,255.32162000,7278438.68799460,0
1653674400000,28354.54000000,28453.85000000,28250.00000000,28429.08000000,226.39170000,1653677999999,6421882.88171400,3957,156.96996000,4453480.14886220,0
1653678000000,28430.86000000,29023.22000000,28374.34000000,28848.17000000,268.08862000,1653681599999,7654735.81888250,4697,170.88272000,4874281.16246550,0
1653681600000,28846.96000000,28982.29000000,28689.96000000,28726.95000000,153.68390000,1653685199999,4434398.75877750,2647,66.46590000,1917887.36894250,0
1653685200000,28722.33000000,28811.21000000,28661.29000000,28690.14000000,76.79144000,1653688799999,2208261.24379040,1565,32.21830000,926112.15171610,0
1653688800000,28683.06000000,28881.72000000,28612.35000000,28796.70000000,72.72589000,1653692399999,2095488.10147250,1854,21.66292000,624025.35223710,0
1653692400000,28795.27000000,28825.85000000,28493.47000000,28598.09000000,94.42566000,1653695999999,2704774.00221320,2764,44.29487000,1268682.96250370,0
1653696000000,28598.09000000,28797.04000000,28527.03000000,28769.92000000,155.46636000,1653699599999,4465680.10011170,3309,54.63145000,1568361.34372310,0
1653699600000,28769.92000000,28807.84000000,28497.15000000,28581.52000000,134.66419000,1653703199999,3851625.14056050,3016,61.73867000,1765895.37105200,0
1653703200000,28583.77000000,28706.85000000,28562.03000000,28648.52000000,39.72442000,1653706799999,1137634.60294090,1450,15.57421000,445927.94836060,0
1653706800000,28651.90000000,28808.79000000,28596.17000000,28786.41000000,67.08469000,1653710399999,1926704.84846660,2363,35.34364000,1015008.63906140,0
1653710400000,28785.70000000,28853.25000000,28718.36000000,28799.81000000,43.22477000,1653713999999,1244347.02579540,1382,26.33181000,758002.73963480,0
1653714000000,28799.34000000,28920.31000000,28741.46000000,28843.97000000,50.62137000,1653717599999,1459831.66339410,1700,27.06292000,780599.11374700,0
1653717600000,28844.04000000,28893.71000000,28798.87000000,28832.18000000,40.34908000,1653721199999,1163439.59832340,1434,19.78745000,570553.04366530,0
1653721200000,28833.28000000,28879.24000000,28784.27000000,28849.59000000,48.93015000,1653724799999,1410199.62395030,1525,25.86137000,745361.26355600,0
1653724800000,28849.60000000,28895.11000000,28744.45000000,28809.84000000,63.98074000,1653728399999,1844505.19536720,1766,29.37520000,846778.63318760,0
1653728400000,28810.61000000,28857.07000000,28737.56000000,28769.66000000,55.52014000,1653731999999,1598867.40159340,1686,31.68827000,912468.42012020,0
1653732000000,28771.44000000,28819.99000000,28724.69000000,28772.92000000,39.18917000,1653735599999,1127573.04785600,1289,20.83288000,599404.83061750,0
1653735600000,28772.92000000,28895.12000000,28746.92000000,28800.00000000,53.56035000,1653739199999,1543991.20030950,1608,31.58808000,910460.64724700,0
1653739200000,28794.50000000,29002.21000000,28760.40000000,28954.48000000,62.96824000,1653742799999,1819515.47378020,2166,29.88611000,863579.83661860,0
1653742800000,28951.62000000,29200.00000000,28915.17000000,29046.00000000,186.43965000,1653746399999,5426980.40810740,3711,118.72122000,3458286.95197430,0
1653746400000,29046.01000000,29073.87000000,28898.60000000,28926.16000000,86.20559000,1653749999999,2498834.77979120,2220,34.14208000,989377.09478410,0
1653750000000,28926.16000000,29050.66000000,28869.66000000,28955.55000000,54.91347000,1653753599999,1590208.97407810,1829,25.29460000,732583.28575700,0
1653753600000,28956.65000000,29023.34000000,28873.78000000,28882.03000000,58.89658000,1653757199999,1705497.65671990,1796,25.44920000,736988.05319380,0
1653757200000,28881.38000000,28993.56000000,28701.01000000,28852.74000000,94.32483000,1653760799999,2722765.03919600,2745,51.04989000,1474074.42789440,0
1653760800000,28858.48000000,28988.02000000,28857.30000000,28977.62000000,31.13686000,1653764399999,900602.23443740,1320,14.14012000,408886.21295550,0
1653764400000,28971.36000000,29032.43000000,28906.80000000,28989.22000000,38.30768000,1653767999999,1109471.14674050,1372,17.22679000,499085.14281150,0
1653768000000,28988.23000000,29000.44000000,28950.10000000,28985.24000000,23.25298000,1653771599999,673749.31107960,867,12.35865000,358074.01295270,0
1653771600000,28989.95000000,29028.54000000,28950.10000000,28983.39000000,31.76082000,1653775199999,920860.61316370,1060,13.42872000,389406.82303850,0
1653775200000,28983.39000000,29007.65000000,28926.73000000,28959.16000000,24.45658000,1653778799999,708307.59947840,981,14.53086000,420860.52136070,0
1653778800000,28957.08000000,29119.92000000,28957.08000000,28997.42000000,69.72151000,1653782399999,2025272.19785670,1620,52.35725000,1520914.15246930,0
1653782400000,28997.43000000,29014.40000000,28937.34000000,28972.73000000,27.78535000,1653785999999,805089.27849910,1216,12.07893000,350021.13533730,0
1653786000000,28972.73000000,28993.67000000,28869.66000000,28893.43000000,35.33765000,1653789599999,1022076.57198070,1446,15.98323000,462327.96031600,0
1653789600000,28893.43000000,28898.75000000,28810.56000000,28873.08000000,50.02435000,1653793199999,1443367.28442250,1601,24.81639000,716007.38708530,0
1653793200000,28873.09000000,28961.85000000,28840.86000000,28953.12000000,35.27800000,1653796799999,1019568.79315800,1107,23.22373000,671208.57369390,0
1653796800000,28948.96000000,28954.65000000,28883.24000000,28909.87000000,13.82310000,1653800399999,399846.61322320,703,7.15286000,206902.25979630,0
1653800400000,28907.36000000,29022.38000000,28903.37000000,29012.34000000,24.40061000,1653803999999,706743.97973410,951,14.75364000,427355.31032250,0
1653804000000,29011.74000000,29031.12000000,28955.28000000,28996.96000000,18.95752000,1653807599999,549519.16531950,782,8.84938000,256501.38442780,0
1653807600000,28996.96000000,29009.09000000,28964.44000000,28977.95000000,19.11012000,1653811199999,553824.03912980,781,8.26773000,239611.58493800,0
1653811200000,28977.94000000,29167.15000000,28955.08000000,29032.16000000,63.10532000,1653814799999,1834121.88042580,1939,30.89972000,898198.97135230,0
1653814800000,29032.40000000,29048.63000000,28925.27000000,28961.72000000,48.41302000,1653818399999,1403172.83304340,1601,22.62501000,655547.09460980,0
1653818400000,28961.72000000,29182.33000000,28960.99000000,29128.19000000,85.59395000,1653821999999,2490432.56028980,2475,46.84720000,1363033.76028850,0
1653822000000,29128.71000000,29204.59000000,29079.57000000,29182.40000000,75.10574000,1653825599999,2188697.68539790,1859,46.43500000,1352783.42418330,0
1653825600000,29183.72000000,29450.00000000,29169.74000000,29351.45000000,169.69025000,1653829199999,4977857.30941640,4266,81.53942000,2391761.27532900,0
1653829200000,29351.79000000,29450.00000000,29282.79000000,29301.27000000,54.75290000,1653832799999,1606549.72214880,2104,25.58150000,750681.33277660,0
1653832800000,29302.35000000,29354.91000000,29256.12000000,29271.50000000,46.96549000,1653836399999,1376184.04487540,1711,22.50828000,659510.85554000,0
1653836400000,29258.10000000,29258.10000000,29135.18000000,29181.65000000,52.16058000,1653839999999,1522059.54416030,1858,26.25174000,765906.03975330,0
1653840000000,29184.29000000,29311.14000000,29184.28000000,29252.26000000,87.11149000,1653843599999,2547933.55812700,2251,25.20130000,737459.01939420,0
1653843600000,29253.62000000,29333.32000000,29146.47000000,29195.94000000,62.32844000,1653847199999,1822981.27919930,1574,30.58992000,894823.57997770,0
1653847200000,29195.94000000,29213.39000000,29127.01000000,29133.16000000,37.74619000,1653850799999,1101075.27581500,1212,22.62764000,659991.15226870,0
1653850800000,29133.47000000,29163.23000000,29000.00000000,29096.86000000,61.77040000,1653854399999,1796399.12053380,1649,27.42727000,797840.18777380,0
1653854400000,29096.85000000,29152.83000000,29058.09000000,29152.39000000,49.29532000,1653857999999,1435364.21822540,1442,28.81199000,838841.83787630,0
1653858000000,29151.45000000,29211.13000000,29139.43000000,29205.65000000,20.34793000,1653861599999,593521.00143490,853,10.18826000,297138.94596030,0
1653861600000,29212.31000000,29573.69000000,29148.69000000,29394.90000000,168.43973000,1653865199999,4946616.09975350,3707,87.07195000,2557837.09348610,0
1653865200000,29391.15000000,29470.84000000,29353.93000000,29438.12000000,53.31880000,1653868799999,1568867.87019570,1699,23.53240000,692430.59686160,0
1653868800000,29438.12000000,29455.88000000,29278.90000000,29290.85000000,52.04212000,1653872399999,1527235.79486130,1926,23.15254000,679542.65400180,0
1653872400000,29290.72000000,29750.00000000,29288.70000000,29740.98000000,146.54439000,1653875999999,4327531.84939300,4160,62.38660000,1843053.30535120,0
1653876000000,29740.76000000,30471.00000000,29739.43000000,30188.00000000,533.26095000,1653879599999,16032332.06337370,8981,307.85373000,9264546.49006970,0
1653879600000,30188.59000000,30458.99000000,30177.35000000,30320.75000000,232.20728000,1653883199999,7032236.55526910,5355,117.43190000,3558404.56666340,0
1653883200000,30323.16000000,30394.84000000,30206.98000000,30300.50000000,88.52153000,1653886799999,2681548.16760610,2668,41.05559000,1243740.07754240,0
1653886800000,30300.51000000,30449.50000000,30264.70000000,30429.97000000,122.66872000,1653890399999,3721427.48432530,3667,53.44195000,1621028.48384420,0
1653890400000,30435.74000000,30875.48000000,30389.95000000,30676.02000000,404.40351000,1653893999999,12397261.25938760,7669,217.95432000,6682429.52225350,0
1653894000000,30675.21000000,30714.81000000,30514.41000000,30612.10000000,167.93655000,1653897599999,5139815.87902490,3506,72.77286000,2227101.13247150,0
1653897600000,30612.10000000,30715.96000000,30546.78000000,30710.13000000,195.24077000,1653901199999,5984044.45338310,4020,49.30608000,1511615.31520220,0
1653901200000,30708.34000000,30741.86000000,30508.85000000,30698.59000000,134.84880000,1653904799999,4132717.82095520,3538,54.86282000,1681387.73466580,0
1653904800000,30691.48000000,30731.98000000,30540.45000000,30575.09000000,149.18613000,1653908399999,4567475.84484200,3433,48.98570000,1499623.98435760,0
1653908400000,30575.46000000,30684.95000000,30559.01000000,30643.42000000,113.61149000,1653911999999,3480277.39511430,2353,36.12840000,1106392.82567130,0
1653912000000,30643.42000000,30930.12000000,30342.88000000,30514.22000000,215.08969000,1653915599999,6579799.79948270,5510,107.02428000,3276065.66287250,0
1653915600000,30514.21000000,30549.21000000,30250.00000000,30492.42000000,177.64531000,1653919199999,5398681.91595840,3865,95.53659000,2902522.85831320,0
1653919200000,30498.31000000,30723.57000000,30422.42000000,30443.78000000,134.44395000,1653922799999,4109324.71436710,3718,64.39930000,1968810.34570500,0
1653922800000,30444.15000000,30646.27000000,30424.21000000,30613.55000000,92.34424000,1653926399999,2821399.17997000,2658,42.43931000,1296472.53190300,0
1653926400000,30613.58000000,30703.57000000,30548.00000000,30600.68000000,90.35186000,1653929999999,2766540.61895880,3068,41.62547000,1274621.21671510,0
1653930000000,30603.73000000,30777.00000000,30565.06000000,30685.40000000,116.29054000,1653933599999,3568195.31682570,2672,54.91693000,1684964.40192980,0
1653933600000,30684.01000000,30702.30000000,30625.32000000,30654.21000000,59.77211000,1653937199999,1833340.13031130,1967,29.22815000,896482.29041830,0
1653937200000,30652.08000000,30835.23000000,30554.65000000,30619.65000000,85.45851000,1653940799999,2622936.15462560,2423,35.48822000,1088999.57005380,0
1653940800000,30620.23000000,31398.72000000,30530.78000000,31254.37000000,482.88662000,1653944399999,15007939.29170350,9146,229.76439000,7142056.72219680,0
1653944400000,31254.38000000,32170.88000000,31033.82000000,31784.25000000,547.09848000,1653947999999,17338561.22250070,11249,292.53963000,9278499.64362390,0
1653948000000,31787.35000000,31885.24000000,31465.62000000,31746.83000000,221.72402000,1653951599999,7013568.56259500,6003,98.50577000,3116481.79160150,0
1653951600000,31746.51000000,31872.75000000,31597.65000000,31710.39000000,118.61617000,1653955199999,3765455.39479860,4090,54.13331000,1718677.12245920,0
1653955200000,31711.44000000,31836.27000000,31383.01000000,31551.39000000,118.77614000,1653958799999,3755336.21864780,3852,49.01753000,1549969.35018280,0
1653958800000,31552.09000000,31600.42000000,31420.72000000,31533.89000000,58.94119000,1653962399999,1857637.41903740,2145,25.98301000,818942.83970270,0
1653962400000,31537.48000000,31694.12000000,31501.18000000,31670.24000000,89.71924000,1653965999999,2836731.38976200,2397,32.25864000,1019792.62659050,0
1653966000000,31674.62000000,31804.41000000,31605.52000000,31750.17000000,125.27400000,1653969599999,3973784.92620480,3299,60.55606000,1920831.68592540,0
1653969600000,31752.29000000,31785.34000000,31624.34000000,31664.50000000,73.01187000,1653973199999,2315099.57788730,1677,27.96137000,886464.54011150,0
1653973200000,31669.61000000,31719.40000000,31600.01000000,31622.00000000,115.76361000,1653976799999,3665183.24945940,2654,75.78683000,2399306.43411050,0
1653976800000,31616.01000000,31637.02000000,31401.63000000,31475.89000000,182.17791000,1653980399999,5741693.54649110,3690,69.22914000,2181481.44272670,0
1653980400000,31479.34000000,31563.87000000,31459.72000000,31547.82000000,73.71775000,1653983999999,2323871.04622070,2231,33.27357000,1048819.29455650,0
1653984000000,31550.36000000,31711.51000000,31545.41000000,31604.34000000,115.65590000,1653987599999,3657580.45827370,3067,67.29096000,2128163.63375760,0
1653987600000,31603.53000000,31624.47000000,31476.25000000,31524.24000000,116.76599000,1653991199999,3683543.38946110,3288,54.76727000,1727414.83077310,0
1653991200000,31523.66000000,31669.60000000,31493.38000000,31648.65000000,103.70698000,1653994799999,3277954.59878480,2817,46.68783000,1475637.23181290,0
1653994800000,31651.83000000,31816.49000000,31639.69000000,31747.00000000,108.78105000,1653998399999,3453143.97788480,3282,54.93306000,1743636.40141570,0
1653998400000,31747.00000000,31781.79000000,31523.12000000,31592.67000000,146.25132000,1654001999999,4628119.35752970,4305,72.74136000,2301540.23914080,0
1654002000000,31590.22000000,31904.80000000,31210.00000000,31378.72000000,332.03196000,1654005599999,10455244.00061630,7716,153.94164000,4845245.89869550,0
1654005600000,31362.43000000,31714.02000000,31199.97000000,31660.18000000,253.88048000,1654009199999,7987348.30219690,6069,122.00722000,3837163.18376770,0
1654009200000,31660.61000000,32176.68000000,31534.42000000,32030.79000000,194.64229000,1654012799999,6199554.41520680,5319,92.47128000,2946103.78387570,0
1654012800000,32033.43000000,32374.17000000,31813.97000000,32136.36000000,448.27679000,1654016399999,14395611.01688370,8943,208.46077000,6699812.88705800,0
1654016400000,32127.30000000,32172.95000000,31865.70000000,32104.25000000,165.26447000,1654019999999,5290726.08498980,3972,76.99364000,2463193.63629500,0
1654020000000,32096.50000000,32133.65000000,31562.87000000,31657.91000000,176.24370000,1654023599999,5620970.14718010,4232,86.35361000,2755882.44847530,0
1654023600000,31654.53000000,31761.79000000,31555.45000000,31598.53000000,115.11794000,1654027199999,3645003.72082180,3067,59.21353000,1874647.38981770,0
1654027200000,31605.29000000,31785.78000000,31350.69000000,31785.78000000,162.49300000,1654030799999,5139548.98175870,2736,65.10469000,2062285.39583820,0
1654030800000,31789.42000000,31800.85000000,31645.08000000,31692.80000000,51.79052000,1654034399999,1643981.54135950,1438,21.08406000,669291.91841580,0
1654034400000,31690.27000000,31871.23000000,31659.12000000,31842.71000000,75.70494000,1654037999999,2405425.63200600,2098,37.70418000,1198178.48848460,0
1654038000000,31844.77000000,31911.59000000,31749.11000000,31773.10000000,81.80508000,1654041599999,2604805.01776540,2305,34.95480000,1113065.77447750,0
1654041600000,31775.96000000,31959.44000000,31661.26000000,31911.34000000,126.78653000,1654045199999,4034877.38333870,3923,65.10197000,2071400.82494710,0
1654045200000,31911.34000000,31919.01000000,31810.72000000,31903.30000000,52.03848000,1654048799999,1658219.47267070,1725,19.95614000,635911.46295200,0
1654048800000,31904.96000000,32008.83000000,31709.53000000,31781.44000000,183.37531000,1654052399999,5835344.90296640,3088,119.04574000,3791400.96072080,0
1654052400000,31783.54000000,31784.26000000,31583.34000000,31599.27000000,108.01111000,1654055999999,3420439.79627840,2474,63.28238000,2004067.46244700,0
1654056000000,31601.83000000,31644.92000000,31350.00000000,31544.30000000,95.95744000,1654059599999,3023693.92698110,2586,49.69013000,1565986.14718810,0
1654059600000,31544.31000000,31601.67000000,31427.07000000,31584.12000000,100.43463000,1654063199999,3165280.69556550,2468,66.48664000,2095069.56661750,0
1654063200000,31601.81000000,31646.52000000,31545.41000000,31562.26000000,48.81870000,1654066799999,1542123.49113420,1503,23.60824000,745769.62688050,0
1654066800000,31562.25000000,31611.21000000,31451.96000000,31459.44000000,64.64318000,1654070399999,2038047.77803530,1753,31.22164000,984331.85594770,0
1654070400000,31462.45000000,31621.79000000,31428.90000000,31610.14000000,153.61972000,1654073999999,4847986.40379390,2959,60.33472000,1904076.38867260,0
1654074000000,31597.57000000,31676.63000000,31584.28000000,31670.90000000,53.13367000,1654077599999,1681000.82139190,1403,22.55727000,713568.27843340,0
1654077600000,31667.90000000,31680.16000000,31516.73000000,31531.13000000,86.97967000,1654081199999,2746665.11432810,2038,37.05505000,1170177.81401170,0
1654081200000,31529.35000000,31639.90000000,31421.10000000,31582.20000000,146.83542000,1654084799999,4629516.97855130,3129,62.15017000,1958855.08351980,0
1654084800000,31582.06000000,31810.18000000,31504.50000000,31701.95000000,146.66112000,1654088399999,4641099.79155510,3290,63.61446000,2013656.11176430,0
1654088400000,31701.01000000,31872.75000000,31620.94000000,31706.26000000,173.55088000,1654091999999,5510342.85354240,4082,74.53699000,2366039.26836680,0
1654092000000,31709.06000000,31784.76000000,30900.00000000,31145.82000000,464.32906000,1654095599999,14501695.11246890,8818,250.13742000,7814887.47201800,0
1654095600000,31137.22000000,31195.29000000,30696.53000000,30717.30000000,571.24180000,1654099199999,17623935.13157460,10230,298.19445000,9199610.08729240,0
1654099200000,30710.75000000,30716.67000000,30264.01000000,30387.64000000,559.27185000,1654102799999,17045306.40347270,10136,315.14648000,9605190.10356940,0
1654102800000,30387.64000000,30394.88000000,29856.88000000,30145.82000000,447.70050000,1654106399999,13478196.74581760,8878,198.60579000,5980043.20098670,0
1654106400000,30145.82000000,30461.44000000,30089.78000000,30151.56000000,257.81965000,1654109999999,7799552.26125700,5842,109.14728000,3304232.96548450,0
1654110000000,30130.93000000,30317.20000000,29974.21000000,30093.36000000,258.14694000,1654113599999,7789369.46359540,5907,94.62235000,2854095.10101730,0
1654113600000,30085.17000000,30126.02000000,29290.48000000,29606.18000000,410.60347000,1654117199999,12195965.26774870,9311,196.44477000,5833068.73620770,0
1654117200000,29609.46000000,29744.65000000,29551.63000000,29563.29000000,93.83298000,1654120799999,2784407.21920710,2680,35.22280000,1044966.00824720,0
1654120800000,29553.04000000,29741.66000000,29482.98000000,29722.16000000,109.86288000,1654124399999,3251664.68515970,2866,48.01082000,1421057.52770060,0
1654124400000,29722.15000000,30040.03000000,29701.74000000,29773.38000000,133.05295000,1654127999999,3973683.40428480,4315,68.99754000,2060998.64732950,0
1654128000000,29779.31000000,29789.23000000,29563.40000000,29649.92000000,215.16998000,1654131599999,6387457.00389620,4811,104.91564000,3114811.13058100,0
1654131600000,29657.15000000,29854.49000000,29612.29000000,29784.56000000,119.76495000,1654135199999,3564408.28797430,2734,60.30057000,1794558.17175880,0
1654135200000,29782.88000000,29872.55000000,29750.33000000,29797.77000000,72.45903000,1654138799999,2159944.29516520,2288,34.71936000,1034739.82387320,0
1654138800000,29799.42000000,29827.11000000,29673.77000000,29702.26000000,87.00211000,1654142399999,2587297.11652390,2561,41.45986000,1232819.15727540,0
1654142400000,29707.48000000,29798.37000000,29625.12000000,29784.06000000,56.98953000,1654145999999,1693783.36536500,2028,30.82305000,916002.46265560,0
1654146000000,29790.82000000,29865.74000000,29659.95000000,29846.62000000,80.22419000,1654149599999,2388761.38215670,2611,43.70086000,1301465.63491070,0
1654149600000,29848.61000000,29918.89000000,29782.52000000,29889.89000000,84.63909000,1654153199999,2525884.64686170,2270,44.40215000,1325083.96199930,0
1654153200000,29889.96000000,30093.57000000,29875.36000000,29939.17000000,125.64383000,1654156799999,3764546.25323270,4168,61.93143000,1855647.74203450,0
1654156800000,29941.85000000,29993.23000000,29882.48000000,29909.87000000,95.29482000,1654160399999,2853326.17571640,3421,50.94025000,1525289.31591580,0
1654160400000,29912.29000000,29992.81000000,29844.99000000,29904.78000000,81.98775000,1654163999999,2452875.93852380,2896,37.39352000,1118759.48702730,0
1654164000000,29906.92000000,30142.12000000,29832.76000000,30006.05000000,163.33131000,1654167599999,4894714.71796630,4626,94.47342000,2831084.94816570,0
1654167600000,30007.95000000,30183.11000000,29934.30000000,30144.82000000,138.52743000,1654171199999,4161746.45935830,4474,76.15281000,2288018.03984810,0
1654171200000,30146.49000000,30160.05000000,30025.70000000,30056.86000000,179.10019000,1654174799999,5389276.06448170,4654,66.18708000,1991041.00748170,0
1654174800000,30064.46000000,30223.93000000,29557.00000000,29871.07000000,338.84292000,1654178399999,10116371.77903810,11997,168.26966000,5023734.08452930,0
1654178400000,29871.07000000,30119.44000000,29745.77000000,30024.05000000,335.53717000,1654181999999,10034003.78088540,9795,210.20829000,6284403.54089280,0
1654182000000,30026.61000000,30359.51000000,30013.91000000,30184.40000000,206.65478000,1654185599999,6243840.96334030,7209,107.59478000,3250960.27199380,0
1654185600000,30186.85000000,30382.65000000,30159.44000000,30268.20000000,154.79383000,1654189199999,4683633.40078890,5589,67.51502000,2042533.98746160,0
1654189200000,30269.91000000,30330.10000000,30139.83000000,30172.01000000,135.51456000,1654192799999,4096713.41000450,4506,59.68156000,1803917.68941460,0
1654192800000,30172.00000000,30307.04000000,29954.09000000,30111.54000000,126.02077000,1654196399999,3802293.75345830,4101,62.75170000,1893541.23680150,0
1654196400000,30113.42000000,30277.52000000,30044.75000000,30265.09000000,126.32002000,1654199999999,3808503.02034730,3873,61.15684000,1842543.55296950,0
1654200000000,30268.62000000,30363.35000000,30220.92000000,30221.55000000,95.71429000,1654203599999,2898446.08537230,3114,47.77733000,1446835.16047200,0
1654203600000,30215.16000000,30362.35000000,30207.57000000,30342.81000000,53.98760000,1654207199999,1634692.01120140,1738,16.38926000,496161.53705800,0
1654207200000,30342.82000000,30668.36000000,30302.16000000,30463.69000000,189.33463000,1654210799999,5776625.43416960,5051,104.56483000,3192306.41765410,0
1654210800000,30458.47000000,30620.72000000,30405.88000000,30426.53000000,75.58953000,1654214399999,2306555.45516110,2638,30.86656000,942179.47479550,0
1654214400000,30426.68000000,30486.28000000,30333.25000000,30378.16000000,53.27613000,1654217999999,1619994.68540720,2340,25.83120000,785546.31869760,0
1654218000000,30378.15000000,30669.72000000,30361.78000000,30604.19000000,61.06246000,1654221599999,1863219.69567940,2678,36.87583000,1125330.59410390,0
1654221600000,30605.76000000,30646.27000000,30511.80000000,30524.47000000,30.94482000,1654225199999,945704.47115410,1489,13.24015000,404522.13866260,0
1654225200000,30522.47000000,30539.51000000,30440.48000000,30505.33000000,64.52611000,1654228799999,1966835.01108060,2256,28.29039000,862323.66654610,0
1654228800000,30506.39000000,30528.61000000,30398.19000000,30402.28000000,40.97242000,1654232399999,1247952.97850380,1785,18.73691000,570762.07269070,0
1654232400000,30401.82000000,30541.10000000,30392.90000000,30519.57000000,49.62902000,1654235999999,1513322.32754830,1701,28.87828000,880482.44824690,0
1654236000000,30519.81000000,30522.04000000,30339.82000000,30346.54000000,74.32025000,1654239599999,2262902.20359540,2554,37.93127000,1154751.76396740,0
1654239600000,30342.92000000,30467.35000000,30262.04000000,30426.57000000,69.39778000,1654243199999,2107596.78372150,2727,36.80181000,1117671.82568740,0
1654243200000,30418.04000000,30514.69000000,30371.76000000,30417.56000000,47.04118000,1654246799999,1432214.17211040,1925,24.19410000,736466.26176230,0
1654246800000,30417.55000000,30454.88000000,30125.00000000,30225.51000000,145.10645000,1654250399999,4388564.60771760,4176,85.30329000,2580157.89647950,0
1654250400000,30226.74000000,30242.80000000,29711.50000000,29797.29000000,247.20577000,1654253999999,7405905.32993190,6534,124.05841000,3718467.04168500,0
1654254000000,29800.00000000,29924.08000000,29660.74000000,29728.36000000,190.48408000,1654257599999,5663689.58428800,5318,119.81549000,3561765.47078740,0
1654257600000,29734.45000000,29877.53000000,29457.31000000,29508.18000000,358.26179000,1654261199999,10621099.28535360,8460,161.79156000,4799509.50165180,0
1654261200000,29509.86000000,29746.70000000,29414.52000000,29694.53000000,203.69547000,1654264799999,6029722.82046090,6868,105.10058000,3110595.53075230,0
1654264800000,29696.67000000,29740.31000000,29247.39000000,29452.07000000,215.99399000,1654268399999,6370541.05571560,7734,118.86661000,3505320.20754970,0
1654268400000,29450.27000000,29545.93000000,29311.82000000,29472.18000000,130.63989000,1654271999999,3844236.92175910,4641,65.31910000,1921827.40275770,0
1654272000000,29477.39000000,29529.77000000,29372.37000000,29511.71000000,113.02194000,1654275599999,3329542.34327150,3521,62.74927000,1848400.50420280,0
1654275600000,29509.99000000,29654.81000000,29404.73000000,29474.62000000,110.46328000,1654279199999,3259109.69291960,3641,61.76582000,1822518.12052810,0
1654279200000,29474.80000000,29533.24000000,29435.14000000,29524.22000000,80.79444000,1654282799999,2382947.02675970,2618,35.81267000,1056145.38485430,0
1654282800000,29521.49000000,29588.20000000,29459.67000000,29538.69000000,209.98722000,1654286399999,6201804.83462300,3998,159.96450000,4724551.40631570,0
1654286400000,29539.11000000,29711.07000000,29526.93000000,29632.07000000,82.25843000,1654289999999,2435088.34712870,2678,47.00755000,1391284.69861370,0
1654290000000,29632.07000000,29835.05000000,29621.37000000,29774.14000000,88.72882000,1654293599999,2637002.80017770,2304,40.15764000,1193253.06813230,0
1654293600000,29776.34000000,29860.04000000,29674.90000000,29698.95000000,40.89285000,1654297199999,1217327.34393440,1848,21.26620000,633113.65566790,0
1654297200000,29699.67000000,29715.38000000,29615.22000000,29668.30000000,51.01332000,1654300799999,1513509.30832450,1687,35.22074000,1045018.13303790,0
1654300800000,29668.30000000,29730.25000000,29649.80000000,29684.34000000,29.70692000,1654304399999,882092.31428910,1420,13.82135000,410402.19042430,0
1654304400000,29686.43000000,29719.92000000,29518.99000000,29554.91000000,33.74232000,1654307999999,998085.82189450,1991,14.80512000,437830.96095860,0
1654308000000,29551.87000000,29585.33000000,29456.63000000,29535.91000000,44.01657000,1654311599999,1298144.05787890,1705,25.71853000,758415.59844790,0
1654311600000,29535.83000000,29625.79000000,29500.00000000,29527.93000000,49.06706000,1654315199999,1450141.21026940,1573,31.61868000,934373.70800940,0
1654315200000,29527.93000000,29699.92000000,29514.50000000,29683.95000000,56.65371000,1654318799999,1678533.99999350,2269,23.03579000,682558.33014550,0
1654318800000,29683.95000000,29692.86000000,29619.16000000,29646.80000000,18.34759000,1654322399999,544027.23474780,871,6.94436000,205932.93479060,0
1654322400000,29650.08000000,29683.61000000,29623.46000000,29668.16000000,36.14342000,1654325999999,1072053.92550900,1517,18.46066000,547557.47648390,0
1654326000000,29664.99000000,29680.12000000,29616.21000000,29678.93000000,25.15673000,1654329599999,745951.02959760,1193,14.65308000,434508.14153880,0
1654329600000,29674.33000000,29772.98000000,29652.44000000,29722.66000000,47.40450000,1654333199999,1408881.74577920,2009,26.37361000,783864.86941920,0
1654333200000,29722.66000000,29745.30000000,29645.31000000,29698.35000000,39.91622000,1654336799999,1185241.38295370,1661,17.32473000,514386.26645370,0
1654336800000,29698.35000000,29756.17000000,29680.02000000,29702.89000000,106.73269000,1654340399999,3171131.61149260,2021,20.89232000,620731.24954040,0
1654340400000,29702.87000000,29720.52000000,29571.56000000,29654.60000000,72.08488000,1654343999999,2139443.72041440,1715,29.90692000,887697.69297700,0
1654344000000,29654.60000000,29678.80000000,29478.00000000,29508.31000000,74.11253000,1654347599999,2191245.55223970,2369,36.37865000,1075747.18552140,0
1654347600000,29509.19000000,29628.85000000,29496.13000000,29570.05000000,44.14812000,1654351199999,1305457.47625640,1792,23.04064000,681262.89354410,0
1654351200000,29570.04000000,29949.99000000,29458.12000000,29753.23000000,136.16239000,1654354799999,4041948.02022650,4715,71.91341000,2135623.14760100,0
1654354800000,29750.89000000,29859.55000000,29725.78000000,29827.59000000,69.21288000,1654358399999,2062174.14889680,2436,39.14765000,1166404.12848250,0
1654358400000,29832.44000000,29832.44000000,29712.70000000,29728.70000000,38.45527000,1654361999999,1144884.11244630,1398,17.37794000,517339.82486870,0
1654362000000,29726.05000000,29730.20000000,29585.60000000,29685.96000000,56.76569000,1654365599999,1683389.66324400,1931,26.34207000,781155.56214150,0
1654365600000,29686.08000000,29772.70000000,29686.08000000,29741.81000000,38.05633000,1654369199999,1131896.24773980,1443,16.47852000,490030.67849840,0
1654369200000,29741.93000000,29749.36000000,29607.00000000,29630.49000000,41.63061000,1654372799999,1234809.61110900,1552,23.31377000,691389.99102200,0
1654372800000,29630.49000000,29729.21000000,29606.14000000,29723.70000000,42.49635000,1654376399999,1261710.75424270,1410,17.40073000,516558.70842240,0
1654376400000,29723.70000000,29833.52000000,29718.30000000,29821.37000000,35.12062000,1654379999999,1045021.88301390,1489,14.77537000,439696.95195430,0
1654380000000,29821.35000000,29949.03000000,29764.54000000,29784.26000000,60.72480000,1654383599999,1812719.05903810,2511,23.73589000,708831.68487810,0
1654383600000,29784.26000000,29844.37000000,29743.29000000,29837.38000000,35.96828000,1654387199999,1071276.08180330,1825,18.52733000,551821.85002330,0
1654387200000,29837.38000000,29872.53000000,29700.00000000,29715.16000000,64.99381000,1654390799999,1935877.27060480,2430,26.25116000,782294.79887690,0
1654390800000,29710.44000000,29729.24000000,29656.32000000,29666.07000000,34.16881000,1654394399999,1014572.95682240,1719,11.91595000,353780.62445130,0
1654394400000,29666.00000000,29776.46000000,29652.28000000,29769.28000000,16.23580000,1654397999999,482929.84177720,1116,7.82820000,232812.75533640,0
1654398000000,29769.28000000,29795.35000000,29721.28000000,29738.52000000,19.71646000,1654401599999,586631.21482890,1131,8.11608000,241441.76888440,0
1654401600000,29741.56000000,29754.99000000,29655.25000000,29700.61000000,25.07431000,1654405199999,744727.97026270,1274,12.03873000,357510.23163410,0
1654405200000,29699.84000000,29796.55000000,29699.84000000,29767.43000000,26.55447000,1654408799999,790253.67004420,1381,10.13646000,301688.67615900,0
1654408800000,29769.45000000,29771.52000000,29703.73000000,29703.73000000,16.87090000,1654412399999,501787.47206670,1048,7.94150000,236220.22981090,0
1654412400000,29703.72000000,29787.03000000,29620.41000000,29621.47000000,45.39317000,1654415999999,1349602.70328260,1844,22.04112000,655261.25420520,0
1654416000000,29621.09000000,29713.45000000,29621.09000000,29668.44000000,41.87801000,1654419599999,1242786.97234120,1504,24.85181000,737494.71882490,0
1654419600000,29665.45000000,29665.46000000,29508.08000000,29614.44000000,39.44181000,1654423199999,1166675.05498970,1894,15.68206000,464024.04333810,0
1654423200000,29614.44000000,29683.82000000,29573.03000000,29616.85000000,29.22231000,1654426799999,866168.37754360,1561,13.95925000,413740.99474700,0
1654426800000,29616.84000000,29716.75000000,29556.32000000,29693.03000000,36.98942000,1654430399999,1095819.85012060,1586,16.83036000,498584.72990960,0
1654430400000,29693.03000000,29763.29000000,29648.63000000,29693.25000000,34.27159000,1654433999999,1017749.62244710,1501,17.60678000,522906.09664710,0
1654434000000,29692.59000000,29725.77000000,29611.94000000,29627.03000000,37.54626000,1654437599999,1114464.46063980,1563,17.43114000,517353.44722650,0
1654437600000,29631.04000000,29878.86000000,29603.09000000,29774.38000000,55.68219000,1654441199999,1655766.94413400,2153,31.14558000,926183.62860980,0
1654441200000,29768.54000000,29950.00000000,29751.68000000,29945.97000000,69.25036000,1654444799999,2066906.81981970,2725,38.13168000,1138191.69556510,0
1654444800000,29946.51000000,30174.99000000,29731.92000000,29841.43000000,138.92904000,1654448399999,4158591.32798850,4706,71.32951000,2135354.28428970,0
1654448400000,29841.43000000,30107.47000000,29818.73000000,29997.13000000,124.36015000,1654451999999,3729589.11764830,4232,71.92353000,2157027.35641720,0
1654452000000,29997.13000000,30064.82000000,29953.29000000,29971.37000000,58.37878000,1654455599999,1751266.45796140,2252,29.32652000,879764.57398180,0
1654455600000,29971.37000000,30073.93000000,29926.73000000,30023.43000000,130.31541000,1654459199999,3903587.72452560,2385,98.25164000,2942559.46857320,0
1654459200000,30022.64000000,30100.00000000,29916.04000000,29918.22000000,57.89511000,1654462799999,1738911.50482790,1932,27.86904000,837121.63387310,0
1654462800000,29918.21000000,29953.57000000,29789.30000000,29929.62000000,38.80144000,1654466399999,1159140.43317810,1525,16.75978000,500652.54835530,0
1654466400000,29940.14000000,30055.29000000,29847.77000000,29989.81000000,56.07066000,1654469999999,1680680.33968840,2457,28.47400000,853450.65593250,0
1654470000000,29989.82000000,30027.32000000,29866.57000000,29890.21000000,43.51422000,1654473599999,1302004.82745020,1933,25.16116000,752560.49487430,0
1654473600000,29891.56000000,30400.00000000,29866.58000000,30278.99000000,98.55254000,1654477199999,2968774.52519000,3570,52.15347000,1571488.48279050,0
1654477200000,30279.45000000,30900.00000000,30279.45000000,30811.16000000,214.85257000,1654480799999,6571027.36680790,6770,114.73498000,3507951.88631810,0
1654480800000,30835.53000000,31116.97000000,30828.10000000,30897.09000000,177.96160000,1654484399999,5507667.50618480,5210,111.17247000,3440354.11360970,0
1654484400000,30901.51000000,31248.80000000,30900.11000000,31230.11000000,162.99317000,1654487999999,5066212.36285520,4882,98.55298000,3063731.76782460,0
1654488000000,31227.07000000,31323.15000000,31050.01000000,31194.09000000,144.38276000,1654491599999,4508002.78336330,3758,58.41398000,1823796.12953710,0
1654491600000,31193.69000000,31259.41000000,31126.62000000,31139.52000000,70.11763000,1654495199999,2187185.11403220,2539,34.80578000,1085434.92684450,0
1654495200000,31144.57000000,31400.67000000,31137.36000000,31247.06000000,115.56079000,1654498799999,3610845.56314530,3835,61.96365000,1936477.56775610,0
1654498800000,31247.06000000,31400.00000000,31168.15000000,31269.46000000,105.69341000,1654502399999,3305616.29872050,3444,47.78129000,1494469.27815910,0
1654502400000,31268.04000000,31448.43000000,31256.25000000,31440.00000000,131.00811000,1654505999999,4108226.86193030,4160,73.32254000,2299640.82492800,0
1654506000000,31440.00000000,31517.98000000,31354.12000000,31450.14000000,100.31090000,1654509599999,3151777.68584900,2864,45.95764000,1444723.24150830,0
1654509600000,31450.03000000,31512.97000000,31361.66000000,31453.89000000,81.07904000,1654513199999,2548885.02097940,2511,36.36983000,1143471.47827490,0
1654513200000,31456.46000000,31569.05000000,31307.49000000,31375.64000000,157.41308000,1654516799999,4942584.60933540,3992,76.81407000,2412429.06438530,0
1654516800000,31378.36000000,31455.51000000,31321.83000000,31384.85000000,106.78462000,1654520399999,3352047.51088130,3709,47.81995000,1500989.74294480,0
1654520400000,31386.61000000,31500.00000000,31231.49000000,31416.31000000,164.87776000,1654523999999,5170159.81368810,4676,69.98163000,2195103.64382820,0
1654524000000,31427.39000000,31741.11000000,31396.05000000,31483.15000000,249.52715000,1654527599999,7881719.01726540,6549,102.85299000,3249036.00961190,0
1654527600000,31480.54000000,31531.92000000,31091.37000000,31511.80000000,230.16757000,1654531199999,7210276.83864350,6175,96.72363000,3030526.39104900,0
1654531200000,31514.66000000,31529.78000000,31189.82000000,31284.82000000,188.96988000,1654534799999,5925460.43766510,4745,104.77356000,3286265.69362960,0
1654534800000,31284.67000000,31344.49000000,31028.87000000,31318.59000000,171.29301000,1654538399999,5344479.28851500,4929,83.90475000,2618661.05222670,0
1654538400000,31321.12000000,31411.33000000,31197.97000000,31330.06000000,75.88986000,1654541999999,2375805.73314890,3070,39.51288000,1237230.34718120,0
1654542000000,31323.68000000,31464.53000000,31212.40000000,31449.37000000,90.76700000,1654545599999,2841947.46754560,2884,48.07714000,1505324.06629620,0
1654545600000,31447.54000000,31520.31000000,31249.15000000,31426.05000000,90.31686000,1654549199999,2834436.35016500,3233,44.70890000,1403122.36939840,0
1654549200000,31434.90000000,31573.91000000,31381.42000000,31460.87000000,65.45827000,1654552799999,2062005.55523880,2379,27.73588000,873565.64111370,0
1654552800000,31453.86000000,31510.00000000,31357.20000000,31369.05000000,53.41465000,1654556399999,1678397.32675620,1444,25.36827000,797165.69760180,0
1654556400000,31369.00000000,31404.16000000,31289.20000000,31345.38000000,54.72807000,1654559999999,1714724.68907750,1882,24.62503000,771532.12259310,0
1654560000000,31347.27000000,31354.51000000,30116.26000000,30175.27000000,433.21420000,1654563599999,13267560.17142510,9276,171.03451000,5244181.26312450,0
1654563600000,30157.14000000,30247.96000000,29308.78000000,29539.48000000,242.46076000,1654567199999,7223752.76393410,7381,98.84708000,2947485.38350570,0
1654567200000,29547.65000000,29548.23000000,29200.00000000,29373.73000000,205.30647000,1654570799999,6026024.84444580,6517,87.13771000,2557780.82138290,0
1654570800000,29364.56000000,29648.01000000,29315.13000000,29539.23000000,169.24544000,1654574399999,4990832.26893530,4179,56.75541000,1674780.91048960,0
1654574400000,29539.23000000,29591.60000000,29434.24000000,29503.68000000,125.03943000,1654577999999,3689182.81638750,3836,37.95153000,1119834.99251790,0
1654578000000,29504.15000000,29609.32000000,29385.11000000,29462.28000000,103.17229000,1654581599999,3042606.49409100,3508,45.80106000,1350774.10909720,0
1654581600000,29457.60000000,29539.85000000,29423.09000000,29501.10000000,102.10281000,1654585199999,3010247.72766590,2907,49.03878000,1445806.36808220,0
1654585200000,29498.33000000,29575.04000000,29471.11000000,29561.85000000,96.90951000,1654588799999,2861516.84457900,2669,50.65806000,1495865.21582390,0
1654588800000,29561.83000000,29715.36000000,29536.92000000,29629.96000000,115.21950000,1654592399999,3411835.92947620,3275,63.73560000,1887394.20781050,0
1654592400000,29629.96000000,29641.07000000,29523.98000000,29541.66000000,78.04728000,1654595999999,2307811.92433530,2276,42.84249000,1266926.60910240,0
1654596000000,29541.66000000,29632.97000000,29512.31000000,29578.06000000,83.44286000,1654599599999,2467378.73948000,2254,44.24243000,1308069.70342490,0
1654599600000,29578.06000000,29595.43000000,29320.26000000,29501.27000000,181.20219000,1654603199999,5342548.84814220,3915,47.31486000,1394319.53215590,0
1654603200000,29498.80000000,29550.00000000,29379.91000000,29481.43000000,152.98885000,1654606799999,4508675.99806500,3351,96.81587000,2853362.38814460,0
1654606800000,29481.43000000,29682.29000000,29404.97000000,29544.63000000,122.86462000,1654610399999,3631901.85732410,3975,62.72009000,1853867.84010920,0
1654610400000,29543.20000000,30018.24000000,29482.84000000,29879.86000000,226.57768000,1654613999999,6748653.40700150,6164,107.81945000,3210158.68580210,0
1654614000000,29888.90000000,29993.99000000,29750.48000000,29865.63000000,118.97375000,1654617599999,3552776.14435600,4255,55.26345000,1649933.92567430,0
1654617600000,29866.26000000,29923.78000000,29725.47000000,29890.97000000,94.00369000,1654621199999,2805967.38763930,3102,51.31552000,1531471.16443040,0
1654621200000,29887.35000000,29960.30000000,29842.10000000,29921.35000000,79.92756000,1654624799999,2390773.63078130,2398,38.69177000,1157239.70278980,0
1654624800000,29921.40000000,30239.97000000,29901.21000000,30168.40000000,146.50510000,1654628399999,4412710.05669350,3884,75.87556000,2285461.66768060,0
1654628400000,30170.09000000,31390.00000000,30161.78000000,31028.59000000,430.32631000,1654631999999,13268499.85011970,9770,286.80152000,8849576.99603270,0
1654632000000,31031.58000000,31560.43000000,31027.50000000,31325.86000000,380.17939000,1654635599999,11913530.41079390,10998,238.62707000,7478323.05165490,0
1654635600000,31326.32000000,31523.05000000,31249.18000000,31377.47000000,165.28345000,1654639199999,5189383.98366860,4011,118.44588000,3719184.98176260,0
1654639200000,31380.90000000,31520.00000000,30256.16000000,31247.03000000,316.32227000,1654642799999,9818250.84425290,8678,132.93352000,4126880.65300410,0
1654642800000,31240.24000000,31380.00000000,30886.95000000,31103.10000000,176.41716000,1654646399999,5487812.04466700,6159,94.81566000,2949652.36903100,0
1654646400000,31105.24000000,31299.60000000,31030.01000000,31055.07000000,92.36224000,1654649999999,2878911.09107200,3452,44.25391000,1379380.80309990,0
1654650000000,31056.12000000,31203.12000000,30711.23000000,31096.56000000,142.19031000,1654653599999,4406267.78219500,5051,69.13983000,2142883.83438550,0
1654653600000,31097.90000000,31222.07000000,30937.45000000,30951.26000000,81.35702000,1654657199999,2529461.46309710,2364,40.42160000,1256807.09385240,0
1654657200000,30958.65000000,31007.81000000,29819.64000000,29996.82000000,372.60992000,1654660799999,11262172.88151310,11468,164.14348000,4957222.68240040,0
1654660800000,30004.43000000,30374.18000000,29849.12000000,30228.95000000,167.00590000,1654664399999,5034745.87466480,4902,85.92004000,2591346.47031530,0
1654664400000,30218.47000000,30626.76000000,30193.95000000,30530.46000000,112.75637000,1654667999999,3427163.25829580,3664,55.51385000,1688031.23044570,0
1654668000000,30524.49000000,30665.84000000,30335.84000000,30514.57000000,106.77818000,1654671599999,3253420.50881800,3401,47.28997000,1440944.40274050,0
1654671600000,30512.96000000,30617.48000000,30289.45000000,30545.05000000,88.34326000,1654675199999,2689142.56707820,2920,44.63431000,1358834.97876670,0
1654675200000,30545.06000000,30599.45000000,30413.07000000,30479.93000000,72.03217000,1654678799999,2197473.72390350,2455,35.86271000,1094084.49272890,0
1654678800000,30488.42000000,30556.76000000,30357.60000000,30514.13000000,62.19390000,1654682399999,1893882.65756180,2854,32.36983000,985596.37207300,0
1654682400000,30513.51000000,30518.21000000,30302.81000000,30370.00000000,52.76920000,1654685999999,1604491.96219850,1962,22.33406000,679228.92102300,0
1654686000000,30370.00000000,30488.95000000,30323.31000000,30394.72000000,93.85557000,1654689599999,2855472.21483640,3096,49.42525000,1503762.71630280,0
1654689600000,30394.03000000,30436.29000000,30069.81000000,30123.47000000,123.10958000,1654693199999,3725765.61032710,4379,59.66923000,1805473.33750030,0
1654693200000,30117.46000000,30887.60000000,30040.18000000,30747.84000000,296.48213000,1654696799999,9023568.51920470,7232,107.82996000,3291020.71454790,0
1654696800000,30752.01000000,30764.91000000,30314.33000000,30402.85000000,130.14626000,1654700399999,3973081.22964230,4587,58.90991000,1798324.89233350,0
1654700400000,30399.41000000,30540.18000000,30356.15000000,30455.95000000,97.11454000,1654703999999,2958051.06020740,3100,49.44543000,1506449.62592280,0
1654704000000,30458.54000000,30528.93000000,30191.89000000,30310.50000000,87.15928000,1654707599999,2646938.30112670,3622,42.96137000,1304829.22816060,0
1654707600000,30309.62000000,30440.28000000,30264.08000000,30363.60000000,52.83947000,1654711199999,1603524.06724380,2183,23.06384000,699904.28093470,0
1654711200000,30362.96000000,30397.72000000,29897.38000000,30214.96000000,140.33494000,1654714799999,4232699.53720590,4596,69.26675000,2089484.32468640,0
1654714800000,30206.03000000,30287.58000000,30053.19000000,30105.17000000,76.68629000,1654718399999,2313345.21345870,2646,39.60586000,1194391.25211320,0
1654718400000,30116.24000000,30295.42000000,30081.95000000,30183.15000000,40.39975000,1654721999999,1219475.66023880,1547,16.76710000,506258.02021980,0
1654722000000,30183.40000000,30487.32000000,30183.40000000,30402.65000000,52.06790000,1654725599999,1578106.70008620,1623,28.96216000,877745.46098070,0
1654725600000,30402.41000000,30433.27000000,30261.02000000,30289.85000000,32.06769000,1654729199999,972646.47128650,1320,16.70761000,506716.02260710,0
1654729200000,30287.87000000,30348.65000000,30166.00000000,30180.78000000,32.45644000,1654732799999,981754.30295170,1334,16.16460000,488980.11785220,0
1654732800000,30181.79000000,30255.19000000,30041.89000000,30201.36000000,81.11422000,1654736399999,2444145.39151160,2866,41.13568000,1239270.88615570,0
1654736400000,30199.87000000,30299.74000000,30069.35000000,30069.35000000,45.47698000,1654739999999,1373791.28297120,1764,18.69767000,564797.74461100,0
1654740000000,30066.53000000,30188.43000000,30052.84000000,30169.56000000,44.24900000,1654743599999,1333702.68947950,1394,26.33032000,793574.20175420,0
1654743600000,30169.56000000,30275.75000000,30163.78000000,30270.26000000,41.59281000,1654747199999,1257205.33471860,1677,23.18676000,700799.80904340,0
1654747200000,30270.18000000,30279.01000000,30210.10000000,30242.40000000,25.11652000,1654750799999,759602.33395230,1143,12.19991000,368979.72936740,0
1654750800000,30242.40000000,30435.74000000,30223.88000000,30292.45000000,45.21784000,1654754399999,1371351.17089260,1878,21.40801000,649210.62592550,0
1654754400000,30292.85000000,30327.35000000,30127.61000000,30309.45000000,54.02361000,1654757999999,1635774.84740890,1564,23.37470000,708091.04596060,0
1654758000000,30309.02000000,30464.57000000,30290.17000000,30462.52000000,61.38055000,1654761599999,1863889.76736330,1885,34.81707000,1057287.90480950,0
1654761600000,30464.01000000,30563.12000000,30337.56000000,30481.90000000,64.48109000,1654765199999,1963079.74064620,2198,29.82509000,907995.11045460,0
1654765200000,30488.58000000,30676.49000000,30458.10000000,30522.58000000,144.35874000,1654768799999,4413248.56035210,3462,46.58364000,1423433.70019500,0
1654768800000,30527.29000000,30575.62000000,30364.71000000,30408.48000000,63.69522000,1654772399999,1942825.67851880,2290,31.77779000,969296.11603690,0
1654772400000,30408.47000000,30431.99000000,30250.01000000,30280.39000000,87.54792000,1654775999999,2657948.49869770,3040,46.44835000,1410228.65577280,0
1654776000000,30278.65000000,30348.35000000,30000.00000000,30093.77000000,182.07964000,1654779599999,5488659.37582880,5592,87.71527000,2644666.93297650,0
1654779600000,30093.77000000,30246.63000000,29923.82000000,30145.53000000,170.36317000,1654783199999,5127191.05014890,5775,93.24961000,2805897.95951100,0
1654783200000,30145.15000000,30264.75000000,30040.46000000,30092.20000000,113.60964000,1654786799999,3425451.88354110,4144,61.46783000,1852964.73624440,0
1654786800000,30092.19000000,30363.08000000,30008.76000000,30284.98000000,106.60048000,1654790399999,3215607.65067760,3958,57.39388000,1731372.83889810,0
1654790400000,30278.23000000,30355.52000000,30156.91000000,30332.67000000,79.28937000,1654793999999,2397893.39012630,3053,41.90791000,1267161.62486050,0
1654794000000,30333.75000000,30428.26000000,30183.57000000,30298.85000000,72.81760000,1654797599999,2205084.80843110,3080,34.00204000,1029707.71544160,0
1654797600000,30299.32000000,30326.38000000,30111.12000000,30120.07000000,71.76175000,1654801199999,2166665.30499070,2983,35.26894000,1064800.45482410,0
1654801200000,30121.61000000,30150.03000000,29945.04000000,29993.06000000,137.49785000,1654804799999,4136161.93239290,3398,92.66595000,2787472.09279370,0
1654804800000,29985.66000000,30170.85000000,29939.22000000,30161.23000000,76.47560000,1654808399999,2300418.60387950,2805,42.75036000,1286039.36157840,0
1654808400000,30156.19000000,30384.06000000,30111.11000000,30118.37000000,120.16982000,1654811999999,3629073.49636400,2606,79.31049000,2396144.91544510,0
1654812000000,30114.98000000,30133.32000000,29988.88000000,30035.60000000,55.30474000,1654815599999,1661887.16086640,2357,22.22633000,667931.60297670,0
1654815600000,30043.07000000,30099.82000000,29960.92000000,30078.77000000,42.81718000,1654819199999,1285980.17842700,1766,20.13124000,604606.12000320,0
1654819200000,30084.96000000,30121.92000000,29543.13000000,29728.26000000,232.31619000,1654822799999,6916756.83761020,5573,101.60049000,3025388.67015790,0
1654822800000,29730.22000000,30027.47000000,29715.01000000,29861.86000000,110.54649000,1654826399999,3301364.90856890,3575,58.65656000,1751445.17814310,0
1654826400000,29856.81000000,30014.75000000,29846.07000000,30001.86000000,55.70847000,1654829999999,1669500.48802200,2039,27.24556000,816430.19226330,0
1654830000000,30004.96000000,30341.18000000,30004.72000000,30086.56000000,133.54986000,1654833599999,4028522.41906390,4021,67.39849000,2033290.34786730,0
1654833600000,30089.70000000,30122.51000000,30010.62000000,30067.13000000,82.66969000,1654837199999,2485270.63596950,2497,32.98753000,991789.58795350,0
1654837200000,30067.53000000,30169.16000000,30060.20000000,30077.23000000,40.90003000,1654840799999,1231898.59019190,1755,21.23767000,639628.18324290,0
1654840800000,30077.23000000,30197.01000000,30038.53000000,30071.25000000,113.85979000,1654844399999,3427499.64814110,2971,53.16475000,1600728.83543760,0
1654844400000,30071.25000000,30110.77000000,30028.99000000,30028.99000000,66.15064000,1654847999999,1989462.50030900,2316,25.97449000,781009.18947000,0
1654848000000,30028.79000000,30088.24000000,29966.02000000,29994.69000000,130.28549000,1654851599999,3911439.71615910,2817,37.80440000,1134781.12747950,0
1654851600000,29994.69000000,30045.39000000,29842.37000000,29868.87000000,184.87061000,1654855199999,5538076.42157160,4773,75.58474000,2264357.12968120,0
1654855200000,29867.38000000,29984.07000000,29843.50000000,29975.84000000,58.27849000,1654858799999,1743724.08428280,1980,30.85916000,923247.16618050,0
1654858800000,29976.87000000,30054.84000000,29942.66000000,29996.21000000,78.73127000,1654862399999,2361854.56002710,2104,32.96916000,988712.16568040,0
1654862400000,29996.38000000,30160.02000000,29475.00000000,29615.40000000,444.66026000,1654865999999,13209263.33389340,9174,217.16890000,6451927.33564400,0
1654866000000,29616.05000000,29697.01000000,29250.00000000,29371.58000000,347.31520000,1654869599999,10230836.47764300,9692,185.39209000,5461032.86291850,0
1654869600000,29372.84000000,29664.25000000,29204.04000000,29539.45000000,238.11133000,1654873199999,7007075.21845910,6227,107.26211000,3156902.60366530,0
1654873200000,29539.52000000,29599.35000000,29329.94000000,29432.07000000,174.28701000,1654876799999,5132575.45082810,4957,104.16672000,3067435.85474280,0
1654876800000,29427.65000000,29458.57000000,28820.00000000,29019.63000000,361.54636000,1654880399999,10504480.71117390,9126,174.19029000,5061526.68887270,0
1654880400000,29019.91000000,29249.63000000,28894.44000000,29085.18000000,228.09775000,1654883999999,6618682.31592840,5015,134.58261000,3905196.23847360,0
1654884000000,29085.05000000,29111.36000000,28948.48000000,29029.00000000,86.22157000,1654887599999,2503209.52742290,2806,47.71546000,1385208.46297220,0
1654887600000,29025.71000000,29135.82000000,28910.57000000,28948.27000000,142.29880000,1654891199999,4126898.80074170,3575,78.45143000,2274734.55005470,0
1654891200000,28958.64000000,29327.39000000,28938.70000000,29177.04000000,129.81218000,1654894799999,3783520.35357900,3452,77.44624000,2257143.96490930,0
1654894800000,29171.21000000,29378.20000000,29124.15000000,29170.05000000,54.15594000,1654898399999,1580486.41340710,1582,22.39952000,653434.78965800,0
1654898400000,29170.25000000,29361.17000000,29073.90000000,29148.66000000,67.44047000,1654901999999,1968634.43990620,1899,37.12772000,1083912.85395420,0
1654902000000,29149.41000000,29183.75000000,29004.06000000,29058.58000000,54.12291000,1654905599999,1574230.72534700,1881,31.43214000,914345.27304410,0
1654905600000,29062.21000000,29222.50000000,29016.72000000,29205.89000000,52.31416000,1654909199999,1525288.02555700,2039,24.29868000,708544.38937930,0
1654909200000,29205.41000000,29237.41000000,29152.77000000,29177.78000000,37.76294000,1654912799999,1102328.98584910,1452,14.87879000,434292.89815230,0
1654912800000,29177.18000000,29279.05000000,29153.91000000,29241.24000000,33.34400000,1654916399999,973610.15192210,1532,19.47820000,568707.57387690,0
1654916400000,29243.35000000,29281.45000000,29202.32000000,29240.10000000,35.57873000,1654919999999,1040395.78420010,1169,17.39869000,508753.29238380,0
1654920000000,29240.11000000,29355.24000000,29220.11000000,29350.90000000,41.36113000,1654923599999,1211554.99989160,1466,16.93618000,496180.74795200,0
1654923600000,29349.93000000,29473.70000000,29222.43000000,29252.24000000,64.79151000,1654927199999,1899548.00482840,2119,30.60429000,897693.89747020,0
1654927200000,29254.57000000,29288.46000000,29236.75000000,29284.12000000,33.60449000,1654930799999,983427.09591670,1424,15.93315000,466312.20469010,0
1654930800000,29284.25000000,29331.48000000,29259.10000000,29299.25000000,32.01723000,1654934399999,937997.85780550,1487,18.58055000,544387.87091860,0
1654934400000,29297.65000000,29317.33000000,28960.54000000,28961.55000000,137.59998000,1654937999999,4013819.43011990,3439,64.71503000,1886750.42763580,0
1654938000000,28963.24000000,29169.34000000,28700.00000000,29043.88000000,203.15313000,1654941599999,5880467.15820160,5563,90.95842000,2636237.92251220,0
1654941600000,29043.87000000,29092.32000000,28823.20000000,28891.46000000,89.29948000,1654945199999,2585634.43116880,3188,42.84269000,1240423.94669910,0
1654945200000,28891.46000000,28930.61000000,28555.01000000,28702.45000000,160.66895000,1654948799999,4615859.34392070,4938,71.10069000,2043294.11590280,0
1654948800000,28699.89000000,28820.04000000,28441.44000000,28442.81000000,221.69356000,1654952399999,6354281.79552740,5385,103.23667000,2961533.83849380,0
1654952400000,28445.33000000,28823.90000000,28308.35000000,28744.79000000,238.20964000,1654955999999,6805585.37913240,5561,136.39796000,3900259.96645010,0
1654956000000,28744.79000000,28749.76000000,28352.45000000,28389.13000000,217.99136000,1654959599999,6221037.68713500,5132,125.73488000,3589089.19575060,0
1654959600000,28393.61000000,28568.43000000,28220.01000000,28370.59000000,226.49646000,1654963199999,6421631.77801010,6240,93.27799000,2645656.59795400,0
1654963200000,28370.86000000,28472.41000000,28077.67000000,28436.16000000,262.89467000,1654966799999,7436902.10079910,6415,98.22689000,2780712.93049780,0
1654966800000,28440.00000000,28555.00000000,28361.48000000,28467.84000000,91.76919000,1654970399999,2612112.52935760,3014,42.68649000,1215408.16235250,0
1654970400000,28467.07000000,28760.29000000,28420.00000000,28583.34000000,123.53748000,1654973999999,3527581.32246910,3501,61.35950000,1752725.28242510,0
1654974000000,28581.27000000,28720.66000000,28562.36000000,28571.03000000,69.37405000,1654977599999,1987071.77908020,2143,38.44299000,1101037.04516180,0
1654977600000,28562.35000000,28591.19000000,28345.86000000,28369.45000000,112.50251000,1654981199999,3205180.62261650,3035,35.42354000,1008970.44876210,0
1654981200000,28373.58000000,28578.61000000,28358.01000000,28537.12000000,86.07554000,1654984799999,2453106.05428570,1791,33.59542000,957440.33752110,0
1654984800000,28527.72000000,28650.69000000,28507.28000000,28602.25000000,53.06564000,1654988399999,1516399.43988680,1282,13.83749000,395584.98828680,0
1654988400000,28604.51000000,28613.04000000,28218.10000000,28393.93000000,95.21543000,1654991999999,2703289.47723530,3121,35.89660000,1018754.35276160,0
1654992000000,28394.14000000,28500.90000000,28343.28000000,28477.23000000,85.15995000,1654995599999,2423275.65045350,2551,36.39924000,1035730.36956880,0
1654995600000,28471.92000000,28475.09000000,28133.77000000,28211.27000000,112.64440000,1654999199999,3189701.77098500,3223,52.81219000,1496858.64154790,0
1654999200000,28210.85000000,28312.41000000,27274.00000000,27303.25000000,426.17140000,1655002799999,11806903.60341730,10380,159.66793000,4424790.87036610,0
1655002800000,27383.23000000,27726.76000000,27248.04000000,27516.51000000,279.04846000,1655006399999,7677577.66598070,5122,100.25245000,2758612.67505460,0
1655006400000,27513.30000000,27621.51000000,27391.38000000,27407.01000000,181.91597000,1655009999999,5002296.79036650,3879,39.61948000,1089455.79209870,0
1655010000000,27400.40000000,27438.41000000,27152.57000000,27242.17000000,434.49181000,1655013599999,11850367.45897420,6721,298.37988000,8134043.89221430,0
1655013600000,27237.34000000,27511.51000000,27210.04000000,27447.24000000,146.75395000,1655017199999,4022613.91087630,4062,73.12460000,2004240.87416360,0
1655017200000,27450.32000000,27642.36000000,27339.85000000,27610.10000000,122.85680000,1655020799999,3371604.29966940,3552,49.54336000,1360000.64209860,0
1655020800000,27608.56000000,27676.86000000,27498.14000000,27530.22000000,109.68763000,1655024399999,3024800.53741570,3310,46.68972000,1287906.53903880,0
1655024400000,27530.22000000,27575.44000000,27410.00000000,27433.03000000,115.94197000,1655027999999,3188504.71387360,3135,66.60689000,1831823.25070200,0
1655028000000,27431.18000000,27544.15000000,27325.34000000,27409.29000000,152.48519000,1655031599999,4183819.23628500,4010,66.53150000,1826278.95566400,0
1655031600000,27407.23000000,27490.22000000,27311.63000000,27422.75000000,127.39162000,1655035199999,3490121.54141550,3456,48.25706000,1322174.96730820,0
1655035200000,27422.75000000,27562.80000000,27390.00000000,27402.09000000,76.01580000,1655038799999,2088030.62680520,2633,35.56710000,977454.15918720,0
1655038800000,27392.00000000,27440.02000000,27199.92000000,27274.64000000,124.39523000,1655042399999,3400042.63689200,3675,58.99744000,1612551.85875540,0
1655042400000,27267.88000000,27951.16000000,26850.00000000,27767.22000000,467.04462000,1655045999999,12824913.62521120,11150,172.69478000,4744574.43143040,0
1655046000000,27786.54000000,28300.00000000,27746.68000000,28057.63000000,304.45611000,1655049599999,8544612.03057940,7356,163.73512000,4596135.87839030,0
1655049600000,28054.13000000,28139.69000000,27781.00000000,27893.56000000,108.46740000,1655053199999,3033703.14666710,3301,53.77032000,1503566.43145120,0
1655053200000,27895.03000000,28200.00000000,27882.32000000,28100.03000000,171.65221000,1655056799999,4816791.16873130,4013,108.34830000,3039854.92952990,0
1655056800000,28089.70000000,28106.38000000,27847.22000000,27873.18000000,126.88760000,1655060399999,3547332.98450130,3405,65.95853000,1844105.75007230,0
1655060400000,27873.97000000,27903.59000000,27389.95000000,27389.95000000,176.74234000,1655063999999,4878335.31253310,4187,78.98896000,2180993.00089740,0
1655064000000,27387.26000000,27518.38000000,27331.36000000,27344.51000000,153.99458000,1655067599999,4222308.07302870,3126,81.46310000,2233180.68751190,0
1655067600000,27344.50000000,27495.11000000,27305.50000000,27331.47000000,82.80018000,1655071199999,2268718.84868380,1925,29.63965000,812128.98804890,0
1655071200000,27336.44000000,27416.80000000,26894.95000000,26952.94000000,221.33579000,1655074799999,6001608.24348300,5572,98.42934000,2670779.95761100,0
1655074800000,26964.85000000,27152.19000000,26528.00000000,26542.47000000,238.14203000,1655078399999,6391249.56882610,5652,87.32343000,2348023.59786250,0
1655078400000,26554.24000000,26856.27000000,26255.00000000,26266.12000000,506.61723000,1655081999999,13481720.10245820,8952,147.03608000,3907797.54317350,0
1655082000000,26259.36000000,26428.34000000,25569.46000000,25727.45000000,676.01365000,1655085599999,17559932.87996720,12991,233.40806000,6063040.62211930,0
1655085600000,25721.99000000,25832.49000000,25300.00000000,25310.08000000,514.60738000,1655089199999,13149513.25819260,11480,210.02335000,5371822.15900710,0
1655089200000,25309.72000000,25639.50000000,24887.49000000,25480.99000000,785.01723000,1655092799999,19791940.49008450,16585,281.79579000,7115233.56635920,0
1655092800000,25479.91000000,26220.21000000,25300.06000000,25365.69000000,511.01627000,1655096399999,13156738.29613190,9768,254.96880000,6566779.18708220,0
1655096400000,25354.33000000,25812.16000000,25164.56000000,25201.00000000,361.55643000,1655099999999,9211324.10608820,7807,174.36541000,4440989.28688050,0
1655100000000,25194.82000000,25575.39000000,25015.16000000,25325.65000000,414.00772000,1655103599999,10465283.99353880,8156,221.59444000,5603860.45600130,0
1655103600000,25318.83000000,25432.65000000,24541.78000000,24769.41000000,854.78642000,1655107199999,21315495.78870840,13335,290.10114000,7245851.30279870,0
1655107200000,24766.31000000,24901.22000000,24109.00000000,24137.48000000,926.65267800,1655110799999,22752905.34879252,17889,371.50393000,9130681.88648770,0
1655110800000,24138.54000000,24670.85000000,23747.44000000,24017.47000000,1123.28894300,1655114399999,27030089.61422526,25380,497.08313000,11976356.22805450,0
1655114400000,24012.11000000,24280.16000000,23800.00000000,23940.44000000,552.91847000,1655117999999,13282416.36253310,12891,272.30000000,6542808.06619620,0
1655118000000,23937.71000000,24045.00000000,23427.79000000,23671.18000000,775.56345000,1655121599999,18330041.82557546,15852,316.30895300,7480371.15426910,0
1655121600000,23675.12000000,24403.69000000,23603.07000000,23634.17000000,598.62559000,1655125199999,14330781.37690820,15202,298.82759000,7157941.09726630,0
1655125200000,23641.73000000,24000.00000000,23309.86000000,23616.96000000,850.00427000,1655128799999,20053014.36799750,19475,326.42499000,7703891.29205770,0
1655128800000,23616.93000000,23708.75000000,22578.89000000,22770.58000000,1307.53484600,1655132399999,30111263.51288820,23688,457.77680000,10589797.99727640,0
1655132400000,22769.23000000,23465.90000000,22589.07000000,23234.71000000,779.15212000,1655135999999,17922393.38862520,17512,367.55973000,8452741.74065930,0
1655136000000,23234.71000000,24175.67000000,23091.31000000,23701.22000000,751.64186000,1655139599999,17876928.86353950,15362,288.76359000,6865630.87850910,0
1655139600000,23700.44000000,23721.08000000,23075.72000000,23508.10000000,435.63958000,1655143199999,10188656.65231020,7938,187.88017000,4394007.09269360,0
1655143200000,23508.03000000,23773.36000000,23332.35000000,23344.97000000,301.43958000,1655146799999,7100407.04530170,5723,98.11940000,2311772.13816560,0
1655146800000,23346.04000000,23372.67000000,23070.89000000,23167.68000000,322.81794000,1655150399999,7497846.60107480,5147,169.36120000,3933129.59573340,0
1655150400000,23156.48000000,23769.91000000,23156.48000000,23211.92000000,326.74964000,1655153999999,7658906.57176360,5692,126.24687000,2955986.42150010,0
1655154000000,23211.92000000,23349.25000000,22830.19000000,23030.41000000,253.40423000,1655157599999,5848038.86089800,4359,91.05605000,2104707.96767980,0
1655157600000,23023.99000000,23126.43000000,22537.09000000,22566.02000000,361.40381000,1655161199999,8240602.02094080,5912,109.82392000,2511570.52053580,0
1655161200000,22555.00000000,22663.00000000,21903.55000000,22454.15000000,973.82899500,1655164799999,21682160.03356407,12446,282.45797000,6291609.80816590,0
1655164800000,22461.70000000,22758.57000000,21723.12000000,21732.48000000,590.40728000,1655168399999,13158442.90932060,11323,236.57133000,5283655.06330290,0
1655168400000,21722.83000000,21852.16000000,20821.00000000,20824.22000000,1315.41693100,1655171999999,27981425.06879007,20837,431.97898300,9211422.27002209,0
1655172000000,20828.63000000,21735.99000000,20818.00000000,21512.73000000,1032.08705000,1655175599999,21939321.39177880,17701,584.97610000,12434879.42972160,0
1655175600000,21512.45000000,22252.09000000,21297.25000000,22096.52000000,738.99894000,1655179199999,16165531.37509600,12037,354.02230000,7748894.92148860,0
1655179200000,22108.04000000,22470.27000000,21746.16000000,21942.89000000,713.43064000,1655182799999,15723482.46707200,13235,300.96635000,6615977.32269000,0
1655182800000,21953.34000000,23326.52000000,21890.03000000,22732.98000000,826.62625000,1655186399999,18752401.05046900,16665,415.04035000,9424834.65589440,0
1655186400000,22723.58000000,22886.25000000,22288.55000000,22596.61000000,631.71738000,1655189999999,14206921.42686310,11244,394.17643000,8855158.38803340,0
1655190000000,22597.26000000,23011.76000000,22140.65000000,22847.39000000,623.83309000,1655193599999,14124961.97386450,12865,357.28225000,8101120.17732020,0
1655193600000,22843.85000000,22945.22000000,22538.72000000,22562.15000000,440.31100000,1655197199999,10012145.17183690,8792,222.42910000,5054978.46596570,0
1655197200000,22576.35000000,22667.46000000,22257.09000000,22262.23000000,322.25830000,1655200799999,7239012.82716400,7409,140.63195000,3159146.29480850,0
1655200800000,22268.34000000,22609.14000000,22215.66000000,22349.65000000,297.43057000,1655204399999,6663742.76442070,7214,132.21549000,2960494.97288560,0
1655204400000,22352.72000000,22391.61000000,21700.00000000,21959.24000000,489.48016000,1655207999999,10768882.66679820,10763,233.82438000,5142029.91487760,0
1655208000000,21964.32000000,22433.19000000,21781.68000000,22120.11000000,496.97855000,1655211599999,10970774.29976570,10975,198.47337000,4374498.68502420,0
1655211600000,22119.89000000,22553.76000000,21963.09000000,22380.69000000,395.49919000,1655215199999,8820804.56702300,10204,210.88673000,4704328.33270270,0
1655215200000,22388.47000000,22531.68000000,22000.00000000,22486.32000000,1131.54673000,1655218799999,25304312.52805360,14099,235.62476000,5256387.34957090,0
1655218800000,22494.26000000,22800.00000000,22197.84000000,22656.31000000,415.85487000,1655222399999,9377132.67482300,10747,219.62940000,4955830.75936240,0
1655222400000,22651.71000000,22757.95000000,22400.00000000,22459.30000000,267.44351000,1655225999999,6028676.43041650,7666,112.05865000,2527326.77548780,0
1655226000000,22459.24000000,22713.89000000,22306.56000000,22342.18000000,200.45805000,1655229599999,4507825.20697680,6213,115.61482000,2600308.77835240,0
1655229600000,22333.17000000,22563.24000000,22207.49000000,22273.90000000,698.12618000,1655233199999,15643070.34410320,11025,130.05385000,2913068.16231240,0
1655233200000,22270.32000000,22306.87000000,22091.53000000,22162.62000000,163.54757000,1655236799999,3627821.52105980,5332,83.38918000,1850257.78201370,0
1655236800000,22170.02000000,22222.55000000,21812.51000000,21965.34000000,363.50615000,1655240399999,7989326.18298600,6519,151.25669000,3329140.17992700,0
1655240400000,21974.91000000,22075.85000000,21343.54000000,21464.96000000,340.34001000,1655243999999,7379827.65417430,6169,127.82651000,2763404.38694460,0
1655244000000,21462.60000000,21630.07000000,21451.06000000,21576.70000000,390.29273000,1655247599999,8420158.52300300,5799,98.43519000,2122474.35243740,0
1655247600000,21572.42000000,22302.02000000,21559.30000000,22111.51000000,347.64233000,1655251199999,7634888.25289820,6358,143.86069000,3157584.77586440,0
1655251200000,22115.64000000,22135.61000000,21708.63000000,21785.63000000,252.33829000,1655254799999,5539683.01014310,4890,121.89952000,2676926.10849670,0
1655254800000,21778.74000000,22275.46000000,21748.15000000,22133.24000000,291.57306000,1655258399999,6431630.88241440,7501,126.24361000,2780462.13873580,0
1655258400000,22137.14000000,22156.37000000,21827.19000000,21959.90000000,213.81293000,1655261999999,4693426.28258780,5475,115.70332000,2539015.68998930,0
1655262000000,21959.99000000,22016.89000000,21359.40000000,21427.60000000,353.50356000,1655265599999,7661691.43919460,7361,196.92996000,4268218.82054400,0
1655265600000,21424.18000000,21461.93000000,20900.80000000,21117.73000000,756.46183000,1655269199999,15966888.12901120,12551,245.90762000,5192073.58321900,0
1655269200000,21115.71000000,21326.73000000,20705.00000000,21181.70000000,440.04154000,1655272799999,9257898.18052330,8636,183.86233000,3871458.57331760,0
1655272800000,21181.40000000,21370.84000000,20935.00000000,21301.62000000,506.48950000,1655276399999,10717146.07495720,7793,293.23145000,6205065.58418580,0
1655276400000,21297.37000000,21410.16000000,20631.50000000,20684.33000000,737.02735000,1655279999999,15400435.23728750,10088,234.24594000,4906793.27881550,0
1655280000000,20681.68000000,20719.48000000,20150.00000000,20225.71000000,1330.29383000,1655283599999,27175336.24781860,16632,478.24712000,9774524.76249680,0
1655283600000,20222.10000000,20399.74000000,20071.34000000,20200.45000000,752.82923000,1655287199999,15185438.84411904,10849,295.53408000,5966509.04383120,0
1655287200000,20202.00000000,20799.99000000,20156.26000000,20535.38000000,582.03835000,1655290799999,11927307.92525810,10831,279.04137000,5715788.97771880,0
1655290800000,20544.20000000,21262.41000000,20347.15000000,21136.37000000,383.04921000,1655294399999,7982109.96905390,9107,195.53877000,4074717.41685800,0
1655294400000,21142.74000000,21600.00000000,21016.15000000,21165.83000000,448.03434000,1655297999999,9513083.03453490,9554,219.91668000,4678750.21650940,0
1655298000000,21165.48000000,21763.41000000,21122.23000000,21531.58000000,504.14990000,1655301599999,10814365.52656920,11295,274.86393000,5895061.84991400,0
1655301600000,21531.86000000,21755.58000000,21059.94000000,21190.41000000,397.73188000,1655305199999,8481248.22562020,9857,211.23320000,4503393.04043300,0
1655305200000,21178.83000000,21472.51000000,21092.41000000,21394.43000000,361.73855000,1655308799999,7694582.09730040,7816,170.38192000,3624748.94796450,0
1655308800000,21391.93000000,21549.30000000,20615.00000000,20697.53000000,499.20012000,1655312399999,10490298.36489740,10376,254.82028000,5364296.90761340,0
1655312400000,20697.23000000,21581.87000000,20476.16000000,21058.54000000,706.27518000,1655315999999,14701534.80459330,13245,360.01909000,7513890.87007920,0
1655316000000,21093.33000000,22444.00000000,20227.04000000,21520.07000000,1803.06348000,1655319599999,38168179.26723610,33588,928.10166000,19668454.02981720,0
1655319600000,21537.09000000,22257.92000000,21430.94000000,21602.13000000,684.92572000,1655323199999,14882471.62423950,10946,289.27915000,6298839.33038880,0
1655323200000,21595.41000000,21896.89000000,21401.50000000,21651.04000000,250.59113000,1655326799999,5430876.29495490,5942,137.95826000,2990444.77866780,0
1655326800000,21659.86000000,22450.00000000,21618.72000000,22173.95000000,241.45106000,1655330399999,5321312.43742570,4262,124.84366000,2753402.60131790,0
1655330400000,22187.35000000,22787.70000000,22179.83000000,22450.75000000,557.83602000,1655333999999,12538802.69016550,8761,319.59731000,7182629.70496240,0
1655334000000,22443.16000000,22656.56000000,22385.40000000,22555.75000000,276.02075000,1655337599999,6211485.47445290,5031,152.56459000,3432808.65752050,0
1655337600000,22555.56000000,22788.77000000,22455.44000000,22654.58000000,376.13207000,1655341199999,8500342.20353500,7141,162.32740000,3668026.23062520,0
1655341200000,22645.02000000,22978.83000000,22324.46000000,22339.99000000,690.07712000,1655344799999,15595457.97207120,10157,336.07232000,7587297.83523640,0
1655344800000,22339.78000000,22513.82000000,22300.04000000,22422.06000000,185.37274000,1655348399999,4157101.80964740,4982,87.50209000,1961812.64792300,0
1655348400000,22425.28000000,22500.00000000,22141.87000000,22183.24000000,255.48096000,1655351999999,5694733.96956440,5320,147.50289000,3289610.00759040,0
1655352000000,22183.23000000,22336.90000000,22002.09000000,22062.98000000,151.51734000,1655355599999,3360091.41941550,4226,85.74437000,1901381.00013910,0
1655355600000,22066.32000000,22167.90000000,21889.00000000,21912.42000000,151.08174000,1655359199999,3327780.51357560,3841,86.19878000,1898811.00210780,0
1655359200000,21913.53000000,21977.12000000,21685.66000000,21772.97000000,188.15351000,1655362799999,4104761.39723220,4812,94.24197000,2055728.63153020,0
1655362800000,21771.10000000,21983.88000000,21604.52000000,21738.35000000,289.22470000,1655366399999,6294578.08587790,7614,130.50899000,2841776.14867290,0
1655366400000,21739.14000000,21863.18000000,21578.03000000,21755.59000000,250.21643000,1655369999999,5435119.93397270,5661,138.80854000,3015683.91601140,0
1655370000000,21758.86000000,21762.85000000,21111.00000000,21249.31000000,483.04085000,1655373599999,10284449.91484860,8937,214.16284000,4563700.89809270,0
1655373600000,21244.23000000,21327.87000000,20839.38000000,21225.75000000,342.45067000,1655377199999,7221691.39465330,7658,159.77750000,3371045.47761160,0
1655377200000,21219.24000000,21266.74000000,20875.14000000,21026.73000000,313.72096000,1655380799999,6626417.49281530,8267,141.87357000,2996106.38444400,0
1655380800000,21019.55000000,21492.08000000,20901.00000000,21125.30000000,310.79988000,1655384399999,6586553.86707300,8351,172.48303000,3655646.19423520,0
1655384400000,21120.35000000,21331.48000000,20889.02000000,20998.01000000,301.59518000,1655387999999,6367924.50262490,8352,148.31423000,3133484.06522940,0
1655388000000,20987.35000000,21127.42000000,20730.37000000,20900.75000000,524.71315000,1655391599999,10973575.81882760,12124,242.44568000,5068278.92870770,0
1655391600000,20897.76000000,21302.40000000,20891.57000000,21045.63000000,278.54739000,1655395199999,5876732.94319000,7300,147.82555000,3120815.88339830,0
1655395200000,21048.34000000,21221.66000000,20783.37000000,21152.75000000,298.72105000,1655398799999,6281286.35323950,8331,163.64510000,3442242.17248650,0
1655398800000,21160.22000000,21426.42000000,21033.30000000,21041.53000000,252.49964000,1655402399999,5361026.37909470,6860,119.69353000,2540562.29440040,0
1655402400000,21039.47000000,21087.54000000,20843.35000000,21003.12000000,239.83457000,1655405999999,5029567.20730050,5783,113.07239000,2372947.62074850,0
1655406000000,21002.91000000,21103.22000000,20831.10000000,20853.84000000,214.49747000,1655409599999,4494441.56355000,5147,125.89142000,2639808.53292100,0
1655409600000,20845.84000000,21019.68000000,20480.70000000,20681.20000000,286.11755000,1655413199999,5916299.94295640,6494,126.30836000,2616338.98655730,0
1655413200000,20675.46000000,20923.74000000,20601.54000000,20646.68000000,142.06014000,1655416799999,2948374.27194580,3666,58.02130000,1205371.83032210,0
1655416800000,20654.29000000,20676.73000000,20311.40000000,20341.36000000,194.07043000,1655420399999,3977172.11450490,5015,82.43133000,1690965.55695140,0
1655420400000,20343.39000000,20463.36000000,20208.32000000,20373.88000000,245.76161000,1655423999999,4989919.15383000,3949,102.80972000,2088645.64659500,0
1655424000000,20372.70000000,20620.82000000,20202.86000000,20337.83000000,351.03978000,1655427599999,7163219.66687790,4992,197.35543000,4030381.30328740,0
1655427600000,20333.07000000,20904.12000000,20322.86000000,20856.03000000,441.33679000,1655431199999,9075025.17813860,7663,177.88552000,3664683.47729870,0
1655431200000,20852.32000000,21052.99000000,20517.29000000,20552.92000000,203.36801000,1655434799999,4220549.46103890,4724,96.69668000,2008389.61999680,0
1655434800000,20550.84000000,20652.81000000,20321.44000000,20355.94000000,134.43751000,1655438399999,2757790.53826220,3356,61.56309000,1263376.88710310,0
1655438400000,20353.75000000,20614.04000000,20301.98000000,20508.45000000,177.24780000,1655441999999,3626030.43018980,3722,86.18441000,1762035.91512800,0
1655442000000,20508.46000000,20950.25000000,20500.00000000,20780.33000000,233.44835000,1655445599999,4838866.64385740,4787,134.49598000,2788186.60364570,0
1655445600000,20785.61000000,20960.06000000,20585.02000000,20871.29000000,227.77116000,1655449199999,4725876.10050210,5077,115.67892000,2401094.08767950,0
1655449200000,20873.70000000,21246.28000000,20800.00000000,21064.98000000,302.21395000,1655452799999,6357344.66721940,6503,176.63323000,3716091.34846850,0
1655452800000,21069.65000000,21337.16000000,20993.96000000,21040.75000000,293.07633000,1655456399999,6197425.82258960,6463,125.02151000,2644106.44949260,0
1655456400000,21038.45000000,21110.08000000,20843.25000000,20946.34000000,228.19660000,1655459999999,4791405.75259510,4799,104.64088000,2197407.20165160,0
1655460000000,20944.10000000,21135.48000000,20822.77000000,21090.62000000,241.64232000,1655463599999,5061758.37137110,5206,120.33673000,2521047.61136500,0
1655463600000,21090.97000000,21193.08000000,20920.01000000,20945.14000000,270.28714000,1655467199999,5699549.03877220,5074,133.15405000,2805827.14329000,0
1655467200000,20945.24000000,21026.04000000,20563.27000000,20626.69000000,266.95305000,1655470799999,5547900.66094930,5614,126.19199000,2625307.70221210,0
1655470800000,20627.48000000,20890.40000000,20540.27000000,20774.74000000,355.04349000,1655474399999,7354170.90320720,8633,162.52347000,3365036.98969990,0
1655474400000,20773.69000000,20783.72000000,20371.74000000,20522.16000000,350.37324000,1655477999999,7196625.48096920,8113,160.05969000,3288114.83446840,0
1655478000000,20521.66000000,20731.37000000,20500.01000000,20639.23000000,326.51051000,1655481599999,6724778.78291860,6533,129.12352000,2659263.70335940,0
1655481600000,20632.82000000,20771.39000000,20506.53000000,20546.76000000,318.66935000,1655485199999,6579828.02431480,6568,118.25333000,2442679.20613520,0
1655485200000,20547.63000000,20685.23000000,20488.00000000,20560.61000000,246.85190000,1655488799999,5075341.94528870,4946,145.53246000,2990471.06559770,0
1655488800000,20563.42000000,20627.63000000,20445.28000000,20492.92000000,177.01349000,1655492399999,3635295.23832860,3852,56.00965000,1149939.30898270,0
1655492400000,20491.32000000,20520.15000000,20415.61000000,20493.99000000,168.68061000,1655495999999,3453418.74246280,3377,74.21004000,1519317.29402300,0
1655496000000,20486.51000000,20709.00000000,20486.51000000,20629.17000000,241.04394000,1655499599999,4967823.64956510,4438,112.69758000,2320428.39262220,0
1655499600000,20635.24000000,20668.38000000,20486.72000000,20530.46000000,178.68557000,1655503199999,3676174.78758120,2381,93.77665000,1929130.58427960,0
1655503200000,20529.00000000,20643.91000000,20345.11000000,20428.31000000,310.76103000,1655506799999,6358859.25400340,5007,192.95178000,3949826.86200710,0
1655506800000,20426.66000000,20520.00000000,20402.52000000,20440.73000000,81.78151000,1655510399999,1673412.27439370,1933,55.12888000,1128060.43329320,0
1655510400000,20441.56000000,20749.77000000,20413.58000000,20538.86000000,209.29719000,1655513999999,4310867.12794760,4440,125.29343000,2580154.17142000,0
1655514000000,20542.77000000,20571.22000000,20350.00000000,20366.10000000,141.66703000,1655517599999,2897940.18986020,3689,73.18243000,1497300.12701570,0
1655517600000,20369.29000000,20495.04000000,20300.00000000,20448.42000000,165.88257000,1655521199999,3383504.55977130,4071,79.00873000,1612448.49822960,0
1655521200000,20446.40000000,20468.73000000,20352.14000000,20427.40000000,95.40176000,1655524799999,1946536.92288060,2503,53.76501000,1096986.56109870,0
1655524800000,20431.78000000,20470.35000000,20367.75000000,20464.19000000,76.82096000,1655528399999,1569289.09161730,2028,48.70444000,994805.17756100,0
1655528400000,20464.19000000,20511.49000000,20363.75000000,20391.48000000,95.76106000,1655531999999,1954598.37137830,2116,52.39886000,1069307.28775530,0
1655532000000,20400.35000000,20421.98000000,19100.00000000,19392.06000000,1017.42023700,1655535599999,20070544.78074075,14171,267.54683000,5275447.68912290,0
1655535600000,19414.35000000,19589.09000000,19050.00000000,19233.32000000,1033.95266000,1655539199999,19902137.70287220,14992,563.45006000,10842068.11372050,0
1655539200000,19228.00000000,19350.89000000,18722.00000000,18982.81000000,1196.32475500,1655542799999,22767104.46167289,17651,441.16149000,8396291.83907860,0
1655542800000,18983.01000000,19238.54000000,18869.05000000,19145.29000000,523.64936000,1655546399999,9975860.20558720,8548,243.97485000,4650342.30124490,0
1655546400000,19141.54000000,19516.88000000,19108.69000000,19375.17000000,588.81246000,1655549999999,11362423.64596910,9039,271.03240000,5238718.19654440,0
1655550000000,19370.09000000,19501.97000000,19185.20000000,19220.45000000,306.70377000,1655553599999,5930791.56432900,6251,140.28199000,2713640.51526780,0
1655553600000,19220.46000000,19258.16000000,19102.41000000,19126.14000000,290.83287000,1655557199999,5578195.94682640,5270,148.76820000,2852821.25022030,0
1655557200000,19130.86000000,19204.63000000,19057.01000000,19171.58000000,190.47749000,1655560799999,3643157.03311270,3987,106.11993000,2030671.59726840,0
1655560800000,19169.52000000,19252.21000000,19042.00000000,19051.13000000,299.77618000,1655564399999,5743268.36321340,4170,86.04701000,1648047.72833900,0
1655564400000,19051.32000000,19096.84000000,18917.97000000,18927.76000000,256.85003000,1655567999999,4884485.41958900,4507,110.18102000,2095605.93779790,0
1655568000000,18926.06000000,19068.33000000,18806.00000000,18847.42000000,391.88916000,1655571599999,7415504.36295680,5361,162.06934000,3070906.07343690,0
1655571600000,18847.73000000,18999.99000000,18500.00000000,18594.78000000,786.56589000,1655575199999,14689435.59436000,9409,371.94944000,6952078.37835910,0
1655575200000,18600.76000000,18709.95000000,18126.00000000,18185.36000000,870.35289100,1655578799999,15948674.96714810,13618,368.93072000,6763221.03072780,0
1655578800000,18192.57000000,18342.65000000,18010.00000000,18038.32000000,1247.74381000,1655582399999,22667736.60189790,17094,747.65527000,13594617.70522050,0
1655582400000,18042.57000000,18217.67000000,17589.89000000,17781.11000000,1519.00777900,1655585999999,27099844.76196631,19578,548.28162000,9781040.91343540,0
1655586000000,17783.95000000,18888.46000000,17737.20000000,18487.83000000,965.20454000,1655589599999,17610836.65649800,14751,612.05666000,11133430.87009930,0
1655589600000,18485.33000000,19461.85000000,18397.00000000,19151.75000000,812.80656000,1655593199999,15461254.23085610,13587,294.97615000,5602300.38699520,0
1655593200000,19164.73000000,19233.90000000,18877.70000000,18945.39000000,734.94806000,1655596799999,13981116.00722650,9317,536.31199000,10202087.09570300,0
1655596800000,18944.39000000,19177.00000000,18824.76000000,18939.85000000,603.84762000,1655600399999,11475219.88427410,7009,454.68480000,8641030.09321270,0
1655600400000,18951.36000000,19012.31000000,18384.16000000,18450.51000000,293.30324000,1655603999999,5485007.54837460,5016,151.74081000,2841270.95481560,0
1655604000000,18447.64000000,18523.97000000,18205.05000000,18356.78000000,321.33814000,1655607599999,5905299.97799230,5409,127.88465000,2350322.51205560,0
1655607600000,18354.90000000,18774.54000000,18238.84000000,18280.47000000,277.30077000,1655611199999,5139758.07170240,5346,131.40190000,2433785.94874780,0
1655611200000,18283.44000000,18590.76000000,18237.74000000,18477.02000000,264.19222000,1655614799999,4864268.63789970,5856,154.19895000,2838301.89116270,0
1655614800000,18478.06000000,18518.38000000,17891.27000000,18096.75000000,467.61284000,1655618399999,8489175.13865940,7926,212.63994000,3859090.26630530,0
1655618400000,18098.60000000,18453.66000000,18027.62000000,18230.00000000,442.06955000,1655621999999,8088564.07607380,7518,177.38154000,3245893.10961750,0
1655622000000,18231.40000000,18519.13000000,18217.54000000,18277.90000000,320.35909000,1655625599999,5875124.60823470,5247,192.64801000,3531689.27556900,0
1655625600000,18277.89000000,18683.66000000,18244.77000000,18638.62000000,465.20994000,1655629199999,8596254.73141220,7928,193.37037000,3569487.07551140,0
1655629200000,18638.01000000,19288.00000000,18550.00000000,18971.78000000,526.31174000,1655632799999,9953261.79905890,9464,258.54506000,4899829.45819940,0
1655632800000,18978.99000000,20030.00000000,18864.81000000,19881.35000000,715.86640000,1655636399999,13988490.51366160,10793,368.42101000,7198528.58516850,0
1655636400000,19878.66000000,19969.57000000,19524.53000000,19660.18000000,293.89749000,1655639999999,5790995.70046650,5988,131.19647000,2585665.87554920,0
1655640000000,19663.67000000,19900.00000000,19244.12000000,19318.94000000,428.02207000,1655643599999,8351285.58331370,8741,201.98107000,3942871.40357350,0
1655643600000,19320.43000000,19580.27000000,19097.32000000,19163.40000000,208.82789000,1655647199999,4040017.75805960,4831,91.86560000,1776995.25938260,0
1655647200000,19156.06000000,19480.27000000,19135.03000000,19433.17000000,204.40860000,1655650799999,3948145.54130000,4907,95.80255000,1851919.58930890,0
1655650800000,19447.87000000,19898.83000000,19302.65000000,19800.37000000,367.19324000,1655654399999,7215453.97779770,8130,201.44250000,3957495.59015200,0
1655654400000,19800.60000000,19842.00000000,19350.00000000,19501.44000000,183.21255000,1655657999999,3590169.27776460,5022,89.27647000,1749930.74313540,0
1655658000000,19495.06000000,19571.24000000,19368.19000000,19429.01000000,128.15535000,1655661599999,2494048.96937890,3760,59.99709000,1167605.82389460,0
1655661600000,19419.80000000,20252.52000000,19389.53000000,20221.21000000,246.19734000,1655665199999,4863131.15113410,6662,115.42943000,2284206.12509310,0
1655665200000,20228.73000000,20368.39000000,19809.53000000,20098.45000000,545.78964000,1655668799999,10962241.75839270,10028,223.57413000,4494401.91901000,0
1655668800000,20095.53000000,20694.00000000,20030.07000000,20614.48000000,514.85291000,1655672399999,10501656.32259670,10530,257.93358000,5265915.61682300,0
1655672400000,20617.36000000,20647.26000000,20253.00000000,20366.61000000,265.54203000,1655675999999,5420529.75672650,5297,133.74552000,2728918.70285600,0
1655676000000,20369.72000000,20800.00000000,20282.45000000,20664.17000000,355.65710000,1655679599999,7319919.74016160,9022,152.71734000,3144010.14099080,0
1655679600000,20664.89000000,20683.47000000,20386.52000000,20548.64000000,226.90718000,1655683199999,4652093.27082540,6197,90.56014000,1856951.75745030,0
1655683200000,20546.89000000,20641.50000000,20027.77000000,20031.89000000,414.20256000,1655686799999,8418246.80712640,8837,186.41580000,3788157.64826320,0
1655686800000,20034.32000000,20138.88000000,19603.63000000,19770.16000000,361.53260000,1655690399999,7173243.23789870,7587,213.93866000,4247416.17668980,0
1655690400000,19765.72000000,20106.69000000,19650.08000000,19916.97000000,277.53192000,1655693999999,5514442.33365980,7541,118.52389000,2354737.96971540,0
1655694000000,19914.88000000,20164.64000000,19829.07000000,19951.94000000,385.74458000,1655697599999,7714601.96169760,6665,222.16020000,4444306.20153380,0
1655697600000,19955.35000000,20146.60000000,19784.65000000,19838.06000000,203.15878000,1655701199999,4065635.73003060,5129,87.62641000,1754465.45823870,0
1655701200000,19832.32000000,20086.87000000,19749.97000000,20079.71000000,138.51887000,1655704799999,2754020.64204990,4120,70.83952000,1408665.83209050,0
1655704800000,20079.85000000,20229.65000000,19896.00000000,20112.66000000,162.69214000,1655708399999,3263311.82224670,4509,71.75743000,1439293.45017670,0
1655708400000,20108.19000000,20128.84000000,19853.75000000,20058.23000000,237.22451000,1655711999999,4733032.45867490,5909,87.55557000,1747164.93733730,0
1655712000000,20060.35000000,20628.33000000,19999.75000000,20537.52000000,378.92897000,1655715599999,7723917.04324760,9814,176.14080000,3590043.62910830,0
1655715600000,20540.68000000,20990.29000000,20451.46000000,20616.91000000,482.47177000,1655719199999,9990216.57491500,9922,245.37124000,5082415.77849500,0
1655719200000,20622.03000000,20967.56000000,20439.77000000,20867.10000000,393.39666000,1655722799999,8119350.13823730,8725,196.03045000,4046189.93923420,0
1655722800000,20860.68000000,21000.00000000,20655.00000000,20777.00000000,272.33718000,1655726399999,5663920.99855490,5483,116.74190000,2428745.43876810,0
1655726400000,20777.01000000,20792.08000000,20336.60000000,20534.43000000,367.66296000,1655729999999,7549068.56595710,7208,168.57876000,3462882.83149370,0
1655730000000,20532.76000000,20670.34000000,20358.97000000,20512.60000000,312.09478000,1655733599999,6399108.78728870,6926,150.90634000,3094552.76512730,0
1655733600000,20502.37000000,20909.86000000,20480.29000000,20825.73000000,542.77723000,1655737199999,11240731.12051270,7293,248.35136000,5149833.36656750,0
1655737200000,20826.16000000,21050.98000000,20559.96000000,20803.26000000,372.53253000,1655740799999,7730459.42734750,6242,175.14298000,3635042.66032120,0
1655740800000,20803.58000000,20808.65000000,20168.99000000,20262.03000000,321.99874000,1655744399999,6603655.49216290,5489,163.09580000,3341459.69667420,0
1655744400000,20259.22000000,20432.03000000,19930.56000000,19953.06000000,294.38238000,1655747999999,5949911.81472140,5545,124.37779000,2516171.57641990,0
1655748000000,19943.41000000,20096.20000000,19811.19000000,20020.47000000,239.89934000,1655751599999,4780855.70963620,5076,118.64222000,2366110.96890480,0
1655751600000,20020.43000000,20203.34000000,19866.27000000,20053.61000000,273.35688000,1655755199999,5478607.50832340,4904,148.50693000,2973875.73710750,0
1655755200000,20052.08000000,20505.00000000,19981.57000000,20428.18000000,190.65772000,1655758799999,3858772.43033880,4099,90.84792000,1837250.88648960,0
1655758800000,20428.92000000,20621.10000000,20291.61000000,20392.44000000,195.27030000,1655762399999,3992478.41315760,3336,124.10620000,2536709.46588740,0
1655762400000,20396.60000000,20560.57000000,20236.56000000,20466.55000000,394.69431000,1655765999999,8047376.55899250,6234,214.45250000,4360547.55360350,0
1655766000000,20465.40000000,20752.37000000,20352.38000000,20548.56000000,208.50443000,1655769599999,4275751.38340750,3529,146.58130000,3003251.72594950,0
1655769600000,20549.65000000,20703.08000000,20371.75000000,20647.35000000,284.73521000,1655773199999,5852694.05650720,5347,100.65281000,2068735.50337650,0
1655773200000,20648.06000000,20771.07000000,20482.83000000,20646.88000000,192.50513000,1655776799999,3969985.14531450,4512,78.72059000,1623937.97166830,0
1655776800000,20644.78000000,20672.98000000,20331.36000000,20406.71000000,195.67023000,1655780399999,4006548.68072230,4065,79.94549000,1638179.84683020,0
1655780400000,20402.27000000,20649.99000000,20331.48000000,20585.98000000,290.39210000,1655783999999,5948749.31926610,5129,167.12545000,3425910.66623360,0
1655784000000,20586.63000000,20721.10000000,20449.57000000,20632.33000000,205.78459000,1655787599999,4235062.43563700,4025,76.96874000,1583624.29091700,0
1655787600000,20640.33000000,20999.00000000,20594.58000000,20866.07000000,412.42477000,1655791199999,8570884.77489870,7035,208.59100000,4336235.02200000,0
1655791200000,20873.25000000,21178.00000000,20873.25000000,21169.64000000,524.25894000,1655794799999,11046442.95018000,7861,204.53878000,4309950.10783200,0
1655794800000,21166.58000000,21300.00000000,20913.40000000,21097.44000000,304.66048000,1655798399999,6430459.75951940,5645,150.57210000,3179390.67552600,0
1655798400000,21097.20000000,21471.91000000,21023.64000000,21327.56000000,366.29201000,1655801999999,7780963.34540170,6964,161.67120000,3435411.74031440,0
1655802000000,21342.76000000,21448.22000000,21144.24000000,21182.12000000,350.77543000,1655805599999,7455742.85082450,5465,157.31570000,3346624.23948430,0
1655805600000,21175.75000000,21298.52000000,21038.30000000,21270.98000000,526.66602000,1655809199999,11154185.33527970,7252,170.89736000,3613692.01480850,0
1655809200000,21273.73000000,21336.94000000,20887.17000000,20948.96000000,579.00200000,1655812799999,12206336.69882780,9039,167.69585000,3533283.29481700,0
1655812800000,20936.59000000,21143.99000000,20800.00000000,21079.42000000,452.07214000,1655816399999,9483971.45537010,7804,230.97402000,4845744.80372550,0
1655816400000,21079.41000000,21629.36000000,20968.21000000,21592.69000000,507.91190000,1655819999999,10843858.45558650,10641,229.10170000,4892808.61475520,0
1655820000000,21595.13000000,21699.98000000,21394.05000000,21572.00000000,445.73978000,1655823599999,9606616.14431400,10115,171.43641000,3693804.55179800,0
1655823600000,21571.96000000,21671.34000000,21314.94000000,21370.87000000,435.99237000,1655827199999,9352071.19660270,8110,243.86772000,5230654.26667550,0
1655827200000,21370.08000000,21533.14000000,21330.00000000,21377.52000000,243.10368000,1655830799999,5208510.32162380,5766,119.13058000,2552443.07052360,0
1655830800000,21377.85000000,21434.58000000,21168.59000000,21220.14000000,291.46137000,1655834399999,6204586.68537720,6525,127.43554000,2711590.95102990,0
1655834400000,21220.14000000,21233.94000000,21054.72000000,21074.20000000,423.05836000,1655837999999,8944412.75306630,7965,286.03009000,6046388.80765220,0
1655838000000,21074.81000000,21279.52000000,20851.10000000,20866.39000000,266.46488000,1655841599999,5611014.47868560,5570,178.81997000,3765162.67478840,0
1655841600000,20864.31000000,20960.98000000,20645.03000000,20838.52000000,330.79569000,1655845199999,6895755.62665460,6624,136.95637000,2851041.96543990,0
1655845200000,20838.51000000,21057.01000000,20780.29000000,20958.22000000,99.09836000,1655848799999,2070067.96947760,2948,45.44186000,949877.09875630,0
1655848800000,20950.07000000,20975.92000000,20719.02000000,20875.37000000,177.08203000,1655852399999,3688670.05112720,4157,69.10408000,1438246.32903880,0
1655852400000,20880.71000000,20916.85000000,20527.90000000,20699.78000000,173.22797000,1655855999999,3584160.75269160,4204,80.62678000,1667027.84502790,0
1655856000000,20699.78000000,20713.90000000,20436.38000000,20562.24000000,265.63223000,1655859599999,5466386.70968420,5516,139.72203000,2874724.22455120,0
1655859600000,20563.75000000,20693.69000000,20364.00000000,20390.77000000,260.69838000,1655863199999,5342765.64367970,5276,175.11403000,3585298.92591300,0
1655863200000,20390.21000000,20503.56000000,20301.82000000,20434.46000000,175.13531000,1655866799999,3574734.53495920,4937,96.05230000,1960903.46700990,0
1655866800000,20439.37000000,20551.34000000,20240.11000000,20292.35000000,202.85337000,1655870399999,4135953.56439280,4927,84.94812000,1732942.55196010,0
1655870400000,20290.22000000,20451.31000000,20245.25000000,20410.67000000,271.25038000,1655873999999,5521910.35028820,5874,148.32737000,3019639.34567820,0
1655874000000,20410.68000000,20588.54000000,20345.41000000,20348.11000000,187.83627000,1655877599999,3843029.17627120,5070,85.88494000,1758164.47301450,0
1655877600000,20347.07000000,20428.37000000,19925.38000000,20091.93000000,465.13331000,1655881199999,9370263.95986800,8419,187.53821000,3779767.34843360,0
1655881200000,20093.57000000,20234.89000000,19944.81000000,20071.93000000,275.11739000,1655884799999,5532486.11425670,5571,139.20749000,2798733.74659760,0
1655884800000,20076.17000000,20237.00000000,20024.82000000,20211.15000000,103.39420000,1655888399999,2082769.00006150,3461,53.32521000,1074376.77811720,0
1655888400000,20211.41000000,20483.12000000,20207.49000000,20407.59000000,387.02969000,1655891999999,7859410.68614360,6168,151.59286000,3079702.07238570,0
1655892000000,20403.67000000,20527.25000000,20337.02000000,20396.11000000,181.33677000,1655895599999,3700865.89382330,4061,83.66001000,1707143.31701500,0
1655895600000,20396.87000000,20643.72000000,20375.48000000,20479.16000000,152.60099000,1655899199999,3131863.59627910,3938,72.97146000,1497847.56491750,0
1655899200000,20481.75000000,20548.23000000,20088.24000000,20346.52000000,270.16585000,1655902799999,5491235.26033240,4759,114.42750000,2327135.37752550,0
1655902800000,20346.53000000,20762.64000000,20210.03000000,20705.64000000,394.10622000,1655906399999,8078111.64024070,7740,191.08372000,3914497.30679810,0
1655906400000,20705.64000000,20872.70000000,20620.34000000,20674.10000000,332.38622000,1655909999999,6894611.31510020,7254,185.99689000,3859180.31907850,0
1655910000000,20672.69000000,20680.61000000,20008.34000000,20061.20000000,550.10841000,1655913599999,11203871.00522470,10905,233.21618000,4752050.20439060,0
1655913600000,20056.72000000,20320.00000000,19826.24000000,20301.17000000,477.96914000,1655917199999,9599828.56581130,10920,206.25938000,4141805.67984330,0
1655917200000,20301.16000000,20390.72000000,20130.15000000,20246.85000000,360.54884000,1655920799999,7301962.83536840,8643,169.19304000,3426324.00584210,0
1655920800000,20247.45000000,20353.83000000,20176.84000000,20196.45000000,180.48808000,1655924399999,3654652.08692460,5721,85.61528000,1733515.19272040,0
1655924400000,20199.31000000,20245.65000000,19900.00000000,20105.73000000,284.88085000,1655927999999,5713223.08143100,6314,133.06938000,2667764.96899920,0
1655928000000,20105.73000000,20222.20000000,19699.13000000,19856.77000000,364.27691000,1655931599999,7273160.10010700,8016,190.11375000,3799025.82833570,0
1655931600000,19856.77000000,20042.16000000,19807.45000000,19975.58000000,146.21682000,1655935199999,2911940.07775100,3918,74.82015000,1489646.03725260,0
1655935200000,19979.85000000,20228.94000000,19889.71000000,20077.24000000,241.10954000,1655938799999,4830377.51321370,4669,143.52531000,2877489.28551290,0
1655938800000,20085.82000000,20120.00000000,19942.88000000,19965.47000000,188.16248000,1655942399999,3770214.58453160,4766,71.91084000,1440530.64887860,0
1655942400000,19967.32000000,20488.00000000,19867.74000000,20397.82000000,421.40647000,1655945999999,8509772.15547460,9289,221.93416000,4477339.15960860,0
1655946000000,20402.96000000,20586.45000000,20315.36000000,20352.71000000,176.73855000,1655949599999,3609201.77609610,4457,85.51622000,1746419.47367760,0
1655949600000,20356.31000000,20468.41000000,20319.63000000,20349.27000000,146.13903000,1655953199999,2979013.21839820,3519,51.28274000,1045464.53391930,0
1655953200000,20340.02000000,20358.24000000,20187.27000000,20196.06000000,121.13989000,1655956799999,2455875.64420430,3392,49.70234000,1007548.18206260,0
1655956800000,20193.56000000,20371.89000000,20135.59000000,20337.69000000,125.02893000,1655960399999,2532911.56826840,3712,64.89373000,1315127.46132880,0
1655960400000,20341.78000000,20451.31000000,20253.80000000,20329.05000000,116.83682000,1655963999999,2378645.23347880,3320,53.44484000,1088099.32347600,0
1655964000000,20329.35000000,20649.72000000,20284.08000000,20532.15000000,244.27760000,1655967599999,5006412.66336490,5520,151.42430000,3104729.87202400,0
1655967600000,20532.15000000,20604.46000000,20414.45000000,20443.20000000,166.64270000,1655971199999,3415053.64176460,3938,70.25900000,1440704.53645700,0
1655971200000,20442.33000000,20636.86000000,20427.55000000,20556.11000000,216.76671000,1655974799999,4446751.40147160,4814,75.94307000,1558687.12338230,0
1655974800000,20555.57000000,20763.32000000,20458.37000000,20727.34000000,246.78967000,1655978399999,5084362.07144750,5684,133.93755000,2760148.57685790,0
1655978400000,20729.78000000,20791.14000000,20650.13000000,20681.32000000,249.04842000,1655981999999,5160245.57493750,5667,111.34536000,2306702.39049910,0
1655982000000,20681.32000000,20697.00000000,20571.33000000,20622.02000000,136.44048000,1655985599999,2816500.23074430,3774,67.18491000,1386455.40575490,0
1655985600000,20618.08000000,20812.34000000,20460.08000000,20544.47000000,298.18043000,1655989199999,6154768.02702470,6592,134.57986000,2778470.17531230,0
1655989200000,20544.94000000,20628.33000000,20364.60000000,20437.07000000,304.01700000,1655992799999,6230811.13455450,5871,146.47474000,3004179.14430320,0
1655992800000,20441.66000000,20595.19000000,20369.08000000,20588.63000000,255.02600000,1655996399999,5220051.81063650,5073,145.74206000,2982761.27101680,0
1655996400000,20588.99000000,20594.37000000,20236.17000000,20332.67000000,207.65937000,1655999999999,4234655.95642760,4356,93.97269000,1917011.00060340,0
1656000000000,20335.37000000,20347.67000000,20194.45000000,20266.61000000,185.42137000,1656003599999,3762079.71775250,4203,96.01053000,1947964.37668690,0
1656003600000,20266.60000000,20367.60000000,20120.00000000,20297.69000000,129.45416000,1656007199999,2623713.08628760,3456,54.01673000,1095127.46629030,0
1656007200000,20302.73000000,20435.77000000,20272.18000000,20412.45000000,165.57958000,1656010799999,3373397.63474580,3926,85.51282000,1742139.15570750,0
1656010800000,20412.29000000,20921.50000000,20377.70000000,20890.00000000,414.29143000,1656014399999,8573035.90207860,7745,254.20979000,5262769.15183860,0
1656014400000,20890.00000000,21100.00000000,20729.14000000,20792.22000000,399.16228000,1656017999999,8334109.23253140,7347,208.43582000,4349991.92602900,0
1656018000000,20794.46000000,20830.30000000,20653.22000000,20670.55000000,221.51930000,1656021599999,4597107.93781640,3393,119.36122000,2477303.59909840,0
1656021600000,20673.74000000,21209.14000000,20666.14000000,20968.13000000,409.98338000,1656025199999,8583559.50370090,7413,231.80089000,4850017.48645360,0
1656025200000,20968.93000000,21183.39000000,20955.87000000,21089.36000000,170.38401000,1656028799999,3591525.93886850,4148,71.39980000,1505030.91423950,0
1656028800000,21089.95000000,21181.75000000,20955.06000000,20987.11000000,142.72889000,1656032399999,3005262.48778280,3986,53.65058000,1129415.42408970,0
1656032400000,20986.41000000,21163.64000000,20969.37000000,21027.91000000,104.38200000,1656035999999,2199219.20091850,3255,46.79663000,985526.43296380,0
1656036000000,21032.94000000,21344.84000000,20996.78000000,21150.33000000,170.76317000,1656039599999,3618520.90322530,3732,96.06007000,2035393.68660070,0
1656039600000,21154.42000000,21251.83000000,21025.00000000,21051.83000000,102.05804000,1656043199999,2157292.63695460,3056,54.05377000,1142788.13537170,0
1656043200000,21051.82000000,21135.62000000,20961.57000000,21029.08000000,108.74325000,1656046799999,2289571.20304900,2903,52.07993000,1096216.49310410,0
1656046800000,21029.87000000,21146.40000000,20846.46000000,20893.01000000,100.75853000,1656050399999,2117095.48526830,2867,47.67420000,1000977.31907940,0
1656050400000,20891.15000000,20944.42000000,20764.75000000,20822.81000000,128.99593000,1656053999999,2691304.01031350,3537,58.28964000,1216432.46346870,0
1656054000000,20822.67000000,20965.00000000,20720.83000000,20899.89000000,204.58837000,1656057599999,4266165.38353420,5909,101.27316000,2112251.23542910,0
1656057600000,20902.79000000,21084.23000000,20887.82000000,21036.05000000,117.21419000,1656061199999,2457609.32100450,3450,55.43428000,1162245.78847830,0
1656061200000,21036.05000000,21060.43000000,20730.00000000,20807.30000000,142.16805000,1656064799999,2973773.76349700,3504,63.80716000,1335728.89340030,0
1656064800000,20813.41000000,20992.69000000,20775.33000000,20978.48000000,151.07496000,1656068399999,3155682.11869620,3394,86.12312000,1799110.88597700,0
1656068400000,20976.61000000,21311.79000000,20962.70000000,21154.74000000,296.40852000,1656071999999,6271243.25094900,5797,130.16488000,2752228.80790220,0
1656072000000,21155.07000000,21441.08000000,21072.97000000,21194.41000000,277.04382000,1656075599999,5890459.00782340,5997,125.33041000,2664168.62043090,0
1656075600000,21199.49000000,21354.62000000,21127.41000000,21177.83000000,215.38773000,1656079199999,4578265.00882860,4613,121.54844000,2584341.07624800,0
1656079200000,21186.48000000,21353.71000000,21040.96000000,21099.60000000,425.51741000,1656082799999,9019309.49925120,6604,324.20025000,6871257.02090400,0
1656082800000,21099.63000000,21108.10000000,20737.93000000,20864.72000000,319.84628000,1656086399999,6686483.35190680,5851,147.95116000,3094898.29399300,0
1656086400000,20863.31000000,21053.86000000,20771.29000000,21035.80000000,301.21998000,1656089999999,6305450.26377340,4941,129.83017000,2714609.85063800,0
1656090000000,21023.60000000,21209.40000000,20911.72000000,20955.99000000,182.69349000,1656093599999,3854936.28412230,3926,90.73910000,1913608.57471410,0
1656093600000,20950.48000000,21116.86000000,20882.20000000,21106.52000000,103.88309000,1656097199999,2181733.68151030,2668,59.89588000,1258468.12773480,0
1656097200000,21108.99000000,21247.68000000,21008.71000000,21233.33000000,129.40246000,1656100799999,2736261.03864480,3006,63.79488000,1349170.31060570,0
1656100800000,21233.87000000,21336.40000000,21131.21000000,21184.05000000,286.74359000,1656104399999,6084351.48029200,4375,85.26897000,1810269.42110230,0
1656104400000,21183.47000000,21347.72000000,20880.01000000,21299.53000000,218.68612000,1656107999999,4634008.22621560,3316,83.94312000,1785169.64534820,0
1656108000000,21298.42000000,21598.16000000,21279.43000000,21292.14000000,309.68746000,1656111599999,6630212.45382560,5359,184.59970000,3955232.34437250,0
1656111600000,21292.14000000,21374.60000000,21181.99000000,21216.27000000,131.75066000,1656115199999,2805829.11332080,3371,48.68047000,1036484.53472690,0
1656115200000,21219.74000000,21286.82000000,21111.22000000,21175.45000000,131.16714000,1656118799999,2781459.28923770,3881,58.74203000,1245769.33597970,0
1656118800000,21175.45000000,21327.07000000,21131.23000000,21314.44000000,83.77855000,1656122399999,1780863.89651430,3140,42.40778000,901418.12428490,0
1656122400000,21315.45000000,21360.33000000,21138.83000000,21161.14000000,70.45273000,1656125999999,1496637.66176750,2635,35.11208000,746075.33782610,0
1656126000000,21161.14000000,21327.43000000,21141.26000000,21284.03000000,122.39231000,1656129599999,2600460.23565270,3818,51.87112000,1101915.11344230,0
1656129600000,21285.96000000,21292.11000000,21188.05000000,21215.38000000,137.70507000,1656133199999,2924148.93939140,3859,76.92197000,1633274.81710460,0
1656133200000,21215.38000000,21305.25000000,21195.76000000,21198.74000000,92.46127000,1656136799999,1966280.41624110,2753,37.32810000,793611.34970810,0
1656136800000,21201.60000000,21295.12000000,21162.60000000,21286.55000000,79.65022000,1656140399999,1690863.01371220,2822,39.63603000,841487.57497310,0
1656140400000,21287.54000000,21595.34000000,21284.48000000,21496.29000000,220.17892000,1656143999999,4722463.92859960,5427,107.95863000,2315294.31831920,0
1656144000000,21496.29000000,21543.24000000,21353.00000000,21383.21000000,124.24088000,1656147599999,2663285.88615230,3299,55.75506000,1194624.41566780,0
1656147600000,21382.21000000,21482.41000000,21350.00000000,21415.56000000,88.18362000,1656151199999,1888820.43413200,2876,48.09843000,1030209.52381250,0
1656151200000,21416.75000000,21468.31000000,21365.65000000,21419.84000000,76.15477000,1656154799999,1630561.87090790,2612,36.76556000,787136.63825820,0
1656154800000,21419.83000000,21460.29000000,21304.08000000,21325.41000000,67.53105000,1656158399999,1443926.33395680,2538,30.97814000,662309.81750360,0
1656158400000,21324.68000000,21362.88000000,21022.99000000,21135.08000000,246.07947000,1656161999999,5206583.13496460,5235,102.89348000,2177138.52690380,0
1656162000000,21135.08000000,21229.39000000,21058.96000000,21151.85000000,111.08533000,1656165599999,2349762.04747490,3311,57.45685000,1215345.90198280,0
1656165600000,21150.62000000,21207.22000000,21067.41000000,21114.69000000,111.68061000,1656169199999,2359188.52824100,2705,68.31445000,1442845.25070650,0
1656169200000,21114.69000000,21169.47000000,20896.22000000,20948.82000000,191.26012000,1656172799999,4025514.57461710,3978,58.83089000,1238657.89862910,0
1656172800000,20948.81000000,21053.38000000,20900.00000000,21039.94000000,205.51382000,1656176399999,4315943.05978700,3163,124.54824000,2615546.41319800,0
1656176400000,21039.94000000,21148.58000000,21000.00000000,21080.93000000,131.96552000,1656179999999,2783002.71881190,3367,40.31023000,850023.78324230,0
1656180000000,21081.95000000,21232.98000000,21024.97000000,21223.92000000,89.84125000,1656183599999,1897764.89050470,2620,40.95779000,865212.09416700,0
1656183600000,21220.27000000,21246.28000000,21143.36000000,21193.06000000,99.56501000,1656187199999,2110925.28588780,2414,40.04862000,848541.82002670,0
1656187200000,21193.06000000,21236.65000000,21133.10000000,21212.40000000,54.56789000,1656190799999,1156018.89798740,1938,22.05312000,467134.50429770,0
1656190800000,21212.41000000,21513.17000000,21192.93000000,21498.68000000,162.63380000,1656194399999,3478240.27374710,3972,76.61359000,1638164.41871470,0
1656194400000,21500.26000000,21516.40000000,21376.03000000,21413.00000000,99.53391000,1656197999999,2134059.94001440,2960,46.73805000,1002067.46058930,0
1656198000000,21415.62000000,21577.71000000,21406.98000000,21479.27000000,82.33303000,1656201599999,1767819.52845000,2581,45.05182000,967296.01171290,0
1656201600000,21473.59000000,21529.59000000,21379.29000000,21456.45000000,127.15744000,1656205199999,2726985.26039840,3539,75.67296000,1623281.20558400,0
1656205200000,21459.76000000,21546.70000000,21316.77000000,21381.23000000,124.30641000,1656208799999,2666535.41024590,3457,67.46969000,1448107.05120230,0
1656208800000,21382.36000000,21405.71000000,21269.72000000,21330.92000000,74.92478000,1656212399999,1599611.04476920,2358,37.26466000,795547.03949260,0
1656212400000,21338.16000000,21445.36000000,21318.57000000,21411.89000000,39.60846000,1656215999999,846660.19830500,1756,21.66014000,463100.55221030,0
1656216000000,21411.88000000,21465.25000000,21340.69000000,21409.02000000,59.33505000,1656219599999,1270218.18186900,2228,27.11946000,580552.96549290,0
1656219600000,21415.58000000,21466.73000000,21356.53000000,21425.93000000,39.68861000,1656223199999,850097.02077180,1803,17.59713000,376997.28185650,0
1656223200000,21430.39000000,21509.69000000,21324.67000000,21461.28000000,112.49329000,1656226799999,2412486.15004680,3055,36.80000000,788896.92813600,0
1656226800000,21461.28000000,21469.76000000,21350.00000000,21379.19000000,52.47502000,1656230399999,1123558.25257840,2132,23.27745000,498450.05612120,0
1656230400000,21379.19000000,21454.78000000,21367.19000000,21435.82000000,50.57985000,1656233999999,1083122.64234140,2166,24.73852000,529791.88952070,0
1656234000000,21435.82000000,21464.28000000,21349.83000000,21397.75000000,148.12180000,1656237599999,3168272.50137910,2927,70.14986000,1499759.38820940,0
1656237600000,21397.74000000,21432.52000000,21359.40000000,21402.40000000,75.16822000,1656241199999,1608496.45683710,2337,38.52732000,824340.26796410,0
1656241200000,21403.18000000,21782.00000000,21382.14000000,21694.00000000,198.02869000,1656244799999,4270809.99878510,4649,91.01161000,1965576.91613420,0
1656244800000,21694.00000000,21894.22000000,21396.63000000,21446.32000000,324.92579000,1656248399999,7039483.37571800,5053,143.00430000,3097066.06944260,0
1656248400000,21443.01000000,21474.30000000,21285.00000000,21395.32000000,316.70992000,1656251999999,6769146.39413820,5117,104.34611000,2229451.11361420,0
1656252000000,21387.48000000,21476.66000000,21382.62000000,21396.56000000,142.68447000,1656255599999,3056621.26117900,3928,48.93170000,1048091.72675810,0
1656255600000,21399.96000000,21401.32000000,21180.01000000,21310.77000000,231.30621000,1656259199999,4919568.31110200,4985,74.69629000,1588566.55838890,0
1656259200000,21310.77000000,21428.15000000,21260.46000000,21334.26000000,135.97643000,1656262799999,2901734.25296130,3235,61.00140000,1302317.51341150,0
1656262800000,21339.05000000,21349.20000000,21101.01000000,21247.82000000,166.80424000,1656266399999,3541841.85415640,3991,72.74001000,1544378.71716970,0
1656266400000,21247.82000000,21254.04000000,21118.75000000,21173.65000000,74.39278000,1656269999999,1576247.79188230,2738,29.24344000,619415.63132380,0
1656270000000,21173.65000000,21296.18000000,21164.93000000,21270.40000000,47.10440000,1656273599999,1000693.74392240,1850,22.48687000,477685.11470690,0
1656273600000,21270.40000000,21496.66000000,21218.07000000,21390.71000000,103.26562000,1656277199999,2204592.63835580,2893,61.38276000,1311302.27271010,0
1656277200000,21390.72000000,21409.22000000,21227.92000000,21367.75000000,73.26330000,1656280799999,1563039.00991310,2314,25.69145000,548679.86580890,0
1656280800000,21367.24000000,21387.09000000,20950.00000000,21126.88000000,298.06318000,1656284399999,6288609.07398210,5663,151.52871000,3194809.55233360,0
1656284400000,21128.05000000,21222.99000000,20971.40000000,21026.12000000,143.02898000,1656287999999,3016429.30262770,3405,61.92136000,1305361.14551080,0
1656288000000,21026.12000000,21109.17000000,20964.05000000,21037.36000000,129.88253000,1656291599999,2731721.19793540,3282,65.48053000,1377258.74132820,0
1656291600000,21033.34000000,21128.58000000,20911.01000000,21074.85000000,136.06930000,1656295199999,2860437.65123950,2962,62.21138000,1307716.56394470,0
1656295200000,21077.99000000,21179.19000000,21035.02000000,21115.40000000,63.25879000,1656298799999,1335135.12507100,1681,32.21563000,680060.13554710,0
1656298800000,21115.40000000,21174.34000000,21097.73000000,21161.78000000,61.00674000,1656302399999,1289300.18417100,1497,27.39194000,578803.77813420,0
1656302400000,21160.70000000,21292.13000000,21133.93000000,21231.34000000,104.92115000,1656305999999,2225303.53045090,2167,57.39945000,1217354.46196460,0
1656306000000,21231.01000000,21252.48000000,21126.90000000,21167.82000000,60.12703000,1656309599999,1273626.06797980,1727,29.79219000,631132.00185500,0
1656309600000,21166.20000000,21263.47000000,21149.48000000,21254.52000000,52.36422000,1656313199999,1110514.63277770,1703,27.63484000,586040.53913550,0
1656313200000,21255.60000000,21387.57000000,21247.31000000,21345.56000000,118.36642000,1656316799999,2524603.05373270,2671,63.11380000,1346300.61102940,0
1656316800000,21346.42000000,21522.72000000,21326.64000000,21475.10000000,180.01063000,1656320399999,3855815.31811470,2881,98.43880000,2109333.03786150,0
1656320400000,21480.21000000,21484.35000000,21406.26000000,21444.73000000,67.98166000,1656323999999,1457685.02483860,1688,36.92669000,791837.31765230,0
1656324000000,21443.06000000,21483.49000000,21380.00000000,21421.53000000,81.67381000,1656327599999,1750285.64540360,1973,41.48107000,889014.95369930,0
1656327600000,21424.67000000,21434.64000000,21272.78000000,21287.11000000,87.32203000,1656331199999,1864585.49399890,2493,44.96762000,960377.25761270,0
1656331200000,21291.05000000,21332.63000000,21155.77000000,21217.89000000,184.26360000,1656334799999,3912556.21383480,4295,90.76822000,1927776.68163830,0
1656334800000,21218.56000000,21265.86000000,20702.63000000,20718.38000000,368.21198000,1656338399999,7725705.97731060,6840,164.87479000,3457930.54946650,0
1656338400000,20719.91000000,20825.75000000,20559.96000000,20797.22000000,491.01086000,1656341999999,10168152.86681890,7735,198.04127000,4099342.36957820,0
1656342000000,20801.71000000,20834.18000000,20657.98000000,20734.96000000,221.15314000,1656345599999,4588081.80220410,3941,105.04709000,2178725.91464390,0
1656345600000,20729.84000000,20789.22000000,20643.97000000,20736.14000000,125.66509000,1656349199999,2602909.63204900,2904,68.35210000,1415785.52680710,0
1656349200000,20739.61000000,20761.89000000,20675.56000000,20702.86000000,76.59729000,1656352799999,1587113.80405040,1950,33.25061000,688917.09822890,0
1656352800000,20702.87000000,20918.94000000,20494.10000000,20801.39000000,208.86596000,1656356399999,4335612.10030440,3830,97.60149000,2027322.15108870,0
1656356400000,20798.73000000,20870.85000000,20701.06000000,20835.42000000,76.25064000,1656359999999,1585982.47148030,2165,36.36073000,756331.55450990,0
1656360000000,20834.45000000,20943.26000000,20831.29000000,20890.20000000,82.80219000,1656363599999,1730304.83808200,2075,40.53613000,847031.94832530,0
1656363600000,20892.51000000,20893.30000000,20759.33000000,20782.97000000,40.08700000,1656367199999,835630.68247630,1225,15.03501000,313505.53839370,0
1656367200000,20782.98000000,20924.65000000,20740.00000000,20790.14000000,132.28325000,1656370799999,2755101.52595970,2641,53.44728000,1113136.45821540,0
1656370800000,20792.22000000,20867.85000000,20666.00000000,20724.08000000,98.08274000,1656374399999,2036769.56652830,2135,49.07174000,1019341.08013080,0
1656374400000,20723.05000000,20854.90000000,20663.26000000,20750.29000000,118.48202000,1656377999999,2459565.82916150,2822,62.18946000,1291260.32194830,0
1656378000000,20747.15000000,20795.75000000,20530.00000000,20600.06000000,108.21387000,1656381599999,2236815.54317450,2618,54.64892000,1130006.12943370,0
1656381600000,20598.42000000,20661.82000000,20480.15000000,20618.52000000,102.88608000,1656385199999,2116765.73270670,2601,44.51050000,915909.45065110,0
1656385200000,20619.86000000,20730.33000000,20609.40000000,20705.91000000,100.78495000,1656388799999,2082780.17790540,2221,49.98009000,1032889.74564280,0
1656388800000,20708.31000000,20768.71000000,20684.53000000,20744.77000000,38.31160000,1656392399999,793995.16440290,1128,19.77971000,409935.10898330,0
1656392400000,20745.73000000,20809.81000000,20708.31000000,20715.23000000,56.37343000,1656395999999,1170029.07100510,1403,26.15930000,543105.25231680,0
1656396000000,20719.10000000,20880.50000000,20719.10000000,20837.49000000,93.85236000,1656399599999,1954519.86336370,1799,55.09377000,1147329.80415990,0
1656399600000,20838.87000000,20912.35000000,20790.00000000,20858.51000000,95.45929000,1656403199999,1991513.61383550,2293,49.37122000,1030026.24670370,0
1656403200000,20854.66000000,21121.61000000,20847.01000000,21091.23000000,137.14086000,1656406799999,2876316.59029500,2648,80.82537000,1695497.05756680,0
1656406800000,21094.63000000,21185.00000000,21030.00000000,21036.03000000,101.50914000,1656410399999,2144415.43211880,2224,53.18950000,1123948.44818070,0
1656410400000,21037.67000000,21070.33000000,20970.03000000,20999.24000000,64.97627000,1656413999999,1366139.30909530,1465,34.17791000,718577.15388170,0
1656414000000,20999.74000000,21082.39000000,20875.81000000,20979.47000000,151.01405000,1656417599999,3168190.87232580,2889,91.03373000,1910187.28464780,0
1656417600000,20976.61000000,21132.75000000,20917.14000000,20934.54000000,131.16201000,1656421199999,2755300.62293220,3463,65.84400000,1383445.16502780,0
1656421200000,20931.41000000,21108.40000000,20844.00000000,21040.13000000,204.31612000,1656424799999,4290774.58923950,4041,89.63071000,1883379.69946150,0
1656424800000,21036.86000000,21069.72000000,20693.77000000,20825.98000000,253.33745000,1656428399999,5272006.29027550,4356,127.72377000,2658284.80825680,0
1656428400000,20821.47000000,20821.47000000,20569.00000000,20585.32000000,172.54499000,1656431999999,3564929.59430650,3550,79.38393000,1639055.67551010,0
1656432000000,20582.70000000,20746.50000000,20526.18000000,20689.18000000,154.54743000,1656435599999,3191064.00436720,3268,77.17529000,1593949.83262990,0
1656435600000,20690.54000000,20700.99000000,20569.59000000,20610.92000000,122.59183000,1656439199999,2528065.69907750,2599,47.95915000,988930.16498550,0
1656439200000,20600.37000000,20605.20000000,20233.72000000,20312.60000000,261.00426000,1656442799999,5312289.55165220,4690,107.05004000,2178766.18795050,0
1656442800000,20323.13000000,20340.98000000,20197.17000000,20234.01000000,219.20052000,1656446399999,4444597.80899470,3685,94.97999000,1925963.16190190,0
1656446400000,20228.73000000,20303.17000000,20174.00000000,20253.53000000,193.56160000,1656449999999,3917340.45065400,3117,108.94842000,2204881.63212260,0
1656450000000,20247.33000000,20376.84000000,20247.33000000,20376.84000000,70.33381000,1656453599999,1428771.89445250,1562,38.14648000,774844.44572260,0
1656453600000,20369.08000000,20426.09000000,20245.66000000,20283.25000000,92.79458000,1656457199999,1887380.89636170,1816,48.26599000,981747.03252160,0
1656457200000,20283.17000000,20342.29000000,20188.43000000,20256.61000000,96.02476000,1656460799999,1945885.40898470,1996,51.66269000,1047003.95521340,0
1656460800000,20254.49000000,20357.73000000,20112.00000000,20258.70000000,123.46810000,1656464399999,2500561.46745040,2635,54.75249000,1109059.20526310,0
1656464400000,20268.30000000,20360.56000000,20208.86000000,20334.53000000,55.27385000,1656467999999,1122012.48517480,1469,26.23029000,532406.87409950,0
1656468000000,20331.22000000,20369.30000000,20259.38000000,20321.76000000,90.10104000,1656471599999,1827950.65490140,1499,63.94648000,1296802.95021920,0
1656471600000,20314.31000000,20363.47000000,20205.33000000,20265.99000000,87.63867000,1656475199999,1779158.14870470,2036,35.28379000,716519.29250850,0
1656475200000,20257.98000000,20337.01000000,20223.39000000,20278.81000000,86.72992000,1656478799999,1758768.39245790,1731,43.89937000,890547.15539140,0
1656478800000,20275.00000000,20333.99000000,20039.04000000,20148.31000000,191.38762000,1656482399999,3864836.33429920,3144,91.70714000,1850622.74757250,0
1656482400000,20154.70000000,20181.29000000,19876.60000000,19916.32000000,350.58714000,1656485999999,7010592.24524110,5223,189.84454000,3793353.17945100,0
1656486000000,19912.42000000,20107.22000000,19871.95000000,20061.37000000,186.10622000,1656489599999,3722126.40994610,3281,100.99498000,2019930.92138390,0
1656489600000,20061.37000000,20118.92000000,19931.59000000,19962.02000000,144.45162000,1656493199999,2895079.95833040,2926,61.11754000,1224738.36618290,0
1656493200000,19959.94000000,20204.92000000,19940.53000000,20040.37000000,257.03864000,1656496799999,5158499.28745770,3987,131.76092000,2644071.04095690,0
1656496800000,20041.59000000,20123.33000000,20003.11000000,20073.64000000,148.92839000,1656500399999,2987738.11217850,3019,85.06704000,1706812.93185840,0
1656500400000,20072.50000000,20097.64000000,19830.00000000,20081.02000000,258.35314000,1656503999999,5162518.82235090,4949,112.63203000,2250284.17540310,0
1656504000000,20083.01000000,20153.34000000,19936.89000000,19987.64000000,208.11165000,1656507599999,4172038.09738260,4640,94.82548000,1901454.90422410,0
1656507600000,19989.41000000,20111.08000000,19860.00000000,20058.40000000,229.44927000,1656511199999,4594109.53692280,4912,114.59345000,2293927.86032040,0
1656511200000,20057.18000000,20170.00000000,20011.20000000,20105.31000000,241.64543000,1656514799999,4856983.90805750,5145,113.73941000,2286450.63222060,0
1656514800000,20102.04000000,20115.44000000,19965.00000000,20055.39000000,179.54003000,1656518399999,3598270.16554130,3205,112.42818000,2253056.66781920,0
1656518400000,20053.63000000,20074.89000000,19951.03000000,19995.60000000,153.21867000,1656521999999,3066100.65599460,3315,85.12782000,1703596.07097610,0
1656522000000,19994.51000000,20054.31000000,19901.89000000,20052.31000000,190.27360000,1656525599999,3802786.11546300,3723,130.82187000,2615284.15305250,0
1656525600000,20054.35000000,20093.20000000,19865.00000000,20024.86000000,234.53991000,1656529199999,4698794.41589120,3201,118.42403000,2375615.79611280,0
1656529200000,20026.33000000,20250.00000000,20007.74000000,20200.04000000,151.10680000,1656532799999,3039238.44668820,2797,101.40258000,2039583.09532440,0
1656532800000,20196.11000000,20452.27000000,20006.53000000,20193.81000000,268.17697000,1656536399999,5427710.68672620,4508,140.94084000,2855059.13867910,0
1656536400000,20201.00000000,20339.99000000,20167.29000000,20273.28000000,95.58224000,1656539999999,1936607.74969980,1908,61.30267000,1242396.25654040,0
1656540000000,20271.73000000,20302.53000000,20130.00000000,20193.51000000,107.88993000,1656543599999,2178490.16993440,4009,51.78098000,1045226.60312940,0
1656543600000,20192.65000000,20193.10000000,19959.47000000,20096.63000000,132.69924000,1656547199999,2664043.93182240,2945,58.15383000,1168018.16866910,0
1656547200000,20098.80000000,20145.50000000,19985.72000000,20013.95000000,126.56078000,1656550799999,2540581.25379940,3007,63.67023000,1277992.31857200,0
1656550800000,20013.27000000,20059.79000000,19915.61000000,19993.04000000,105.65166000,1656554399999,2113598.34825360,2047,46.82787000,937111.63215510,0
1656554400000,19999.91000000,20095.98000000,19982.84000000,20059.61000000,71.36923000,1656557999999,1431152.00075600,1664,41.65328000,835295.06455340,0
1656558000000,20062.32000000,20077.78000000,20016.49000000,20052.12000000,62.51223000,1656561599999,1253340.59365720,1567,32.20977000,645815.14310720,0
1656561600000,20049.55000000,20073.52000000,19985.72000000,20022.51000000,85.16822000,1656565199999,1706375.83291370,1948,39.83433000,798135.57202380,0
1656565200000,20029.58000000,20042.19000000,19939.87000000,19976.88000000,89.20825000,1656568799999,1783245.72818990,2091,38.53351000,770208.14207080,0
1656568800000,19973.91000000,20000.00000000,19321.56000000,19392.55000000,462.92049000,1656572399999,9071355.01944070,6514,224.07464000,4385493.18173240,0
1656572400000,19398.08000000,19451.97000000,19279.92000000,19405.61000000,240.75709000,1656575999999,4665618.02377270,4008,106.90925000,2072196.64711260,0
1656576000000,19409.36000000,19418.57000000,19130.00000000,19204.42000000,540.71538000,1656579599999,10431663.54536210,7139,273.48107000,5277582.88379770,0
1656579600000,19199.19000000,19230.83000000,18905.00000000,19131.81000000,563.02907000,1656583199999,10721850.22020670,8526,280.49087000,5341963.49584360,0
1656583200000,19129.59000000,19217.33000000,18962.15000000,19085.51000000,248.90327000,1656586799999,4747423.92801650,4682,134.26832000,2562033.23404670,0
1656586800000,19083.93000000,19156.06000000,18991.81000000,19079.50000000,205.30392000,1656590399999,3912107.86307110,4657,107.24248000,2043720.00669550,0
1656590400000,19078.19000000,19307.37000000,19032.84000000,19181.31000000,347.18133000,1656593999999,6655864.17089300,8229,153.77219000,2946681.91178540,0
1656594000000,19181.31000000,19246.50000000,18700.17000000,18846.22000000,430.36163000,1656597599999,8171109.41418370,9533,191.33345000,3635306.25895680,0
1656597600000,18846.22000000,19146.75000000,18835.24000000,19099.40000000,281.78276000,1656601199999,5344889.24350560,5907,148.86710000,2826284.03942010,0
1656601200000,19099.04000000,19277.46000000,19047.96000000,19117.45000000,319.21355000,1656604799999,6111942.24522070,6037,159.17435000,3048930.20976390,0
1656604800000,19119.06000000,19450.00000000,19047.70000000,19120.42000000,357.37377000,1656608399999,6854021.78761980,6000,196.49051000,3774447.55282590,0
1656608400000,19119.18000000,19197.58000000,19044.94000000,19083.30000000,197.53102000,1656611999999,3774794.43524970,3576,92.99537000,1776786.98773970,0
1656612000000,19083.31000000,19102.99000000,18919.88000000,18953.23000000,118.28194000,1656615599999,2248249.52817180,2930,55.46423000,1054376.74020970,0
1656615600000,18950.88000000,19018.55000000,18833.77000000,18912.01000000,236.08630000,1656619199999,4467337.29721320,4388,140.38682000,2657227.18534960,0
1656619200000,18904.27000000,19071.70000000,18600.00000000,18732.54000000,271.53863000,1656622799999,5115898.78102780,5128,129.21434000,2438416.29142200,0
1656622800000,18731.21000000,18942.22000000,18701.53000000,18795.60000000,217.49342000,1656626399999,4099213.01355180,4286,97.48343000,1836482.88732900,0
1656626400000,18795.75000000,18936.51000000,18712.35000000,18868.47000000,116.39021000,1656629999999,2190806.12346700,3450,60.03871000,1130428.22684660,0
1656630000000,18862.36000000,19970.00000000,18853.87000000,19919.48000000,354.49962000,1656633599999,6902654.64422070,7594,198.78964000,3870392.70593980,0
1656633600000,19936.19000000,20886.99000000,19637.42000000,20265.75000000,647.59013000,1656637199999,13075286.96096520,10896,336.87673000,6792395.88833020,0
1656637200000,20264.85000000,20450.99000000,20233.46000000,20386.11000000,327.50319000,1656640799999,6661782.04445770,6400,167.92648000,3416074.88770130,0
1656640800000,20392.29000000,20525.89000000,20242.42000000,20270.37000000,205.28519000,1656644399999,4178158.10409880,4829,102.47410000,2085952.77877410,0
1656644400000,20267.07000000,20284.83000000,19641.21000000,19705.30000000,293.62917000,1656647999999,5873868.43082100,5866,136.16181000,2728310.13183260,0
1656648000000,19705.33000000,19738.24000000,19345.00000000,19382.79000000,331.56036000,1656651599999,6479793.36164600,6321,149.37299000,2922044.04671210,0
1656651600000,19379.87000000,19548.81000000,19282.00000000,19439.81000000,250.14215000,1656655199999,4855647.48130190,5564,149.12955000,2894592.73388310,0
1656655200000,19439.70000000,19466.39000000,19337.56000000,19382.77000000,228.90614000,1656658799999,4439612.19990060,4666,134.66857000,2611821.24739210,0
1656658800000,19371.10000000,19640.80000000,19312.67000000,19557.74000000,262.61124000,1656662399999,5119522.89046180,4919,153.64155000,2995795.72371210,0
1656662400000,19556.23000000,19772.48000000,19450.86000000,19497.48000000,275.69720000,1656665999999,5406249.58105740,5638,140.04192000,2746512.31298130,0
1656666000000,19497.48000000,19535.55000000,19344.01000000,19399.45000000,261.36250000,1656669599999,5083593.59903540,5406,127.23646000,2474373.77170300,0
1656669600000,19401.71000000,19560.03000000,18975.60000000,19049.53000000,488.54302000,1656673199999,9395838.19650880,7286,221.58484000,4266324.13457810,0
1656673200000,19049.10000000,19202.44000000,18950.00000000,19166.68000000,234.44023000,1656676799999,4482158.33943510,4293,118.03447000,2256571.65827410,0
1656676800000,19163.00000000,19323.69000000,19107.21000000,19268.75000000,241.55686000,1656680399999,4645808.22584490,3907,129.30958000,2486406.84427430,0
1656680400000,19264.92000000,19643.84000000,19190.88000000,19441.04000000,454.14523000,1656683999999,8812155.92848350,6742,207.30512000,4021775.98460890,0
1656684000000,19436.68000000,19514.12000000,19242.76000000,19387.05000000,250.44352000,1656687599999,4847048.64716930,4269,101.79724000,1971751.09342860,0
1656687600000,19387.15000000,19460.51000000,19178.44000000,19267.73000000,342.59568000,1656691199999,6628844.88697730,4175,227.57986000,4406440.20075230,0
1656691200000,19267.75000000,19438.79000000,19230.09000000,19328.91000000,284.85704000,1656694799999,5513177.64081010,4207,99.76686000,1930972.78042210,0
1656694800000,19327.69000000,19500.00000000,19301.86000000,19464.71000000,114.15737000,1656698399999,2215828.21733790,2524,67.15903000,1303874.72238680,0
1656698400000,19464.74000000,19517.23000000,19369.40000000,19415.10000000,128.91352000,1656701999999,2508151.10809030,2997,59.63936000,1160170.87771050,0
1656702000000,19415.11000000,19421.08000000,19255.63000000,19370.11000000,114.48838000,1656705599999,2211746.70448510,2593,61.01272000,1178633.02335200,0
1656705600000,19370.42000000,19664.19000000,19325.07000000,19406.48000000,233.68544000,1656709199999,4554916.71869100,4338,104.72723000,2041691.60486820,0
1656709200000,19410.19000000,19538.01000000,19315.72000000,19378.21000000,98.49507000,1656712799999,1913797.67384580,1823,58.56066000,1138124.00987200,0
1656712800000,19374.97000000,19392.89000000,19263.05000000,19279.25000000,97.91042000,1656716399999,1894437.78599870,2925,40.62279000,785832.93461040,0
1656716400000,19277.16000000,19437.71000000,19195.47000000,19256.66000000,133.19996000,1656719999999,2575757.28433780,2752,57.04289000,1102928.05380190,0
1656720000000,19259.37000000,19366.22000000,19144.65000000,19146.03000000,121.66989000,1656723599999,2343803.89042040,3132,61.53808000,1185802.57000940,0
1656723600000,19151.36000000,19270.93000000,19127.90000000,19206.87000000,100.38825000,1656727199999,1927968.24083910,2488,55.74223000,1070365.78625820,0
1656727200000,19207.90000000,19259.89000000,19085.62000000,19174.56000000,119.89217000,1656730799999,2298403.45729060,2587,47.94400000,919588.29311690,0
1656730800000,19174.17000000,19202.06000000,19044.40000000,19105.06000000,96.20670000,1656734399999,1838382.17190420,2123,48.15925000,920189.75802940,0
1656734400000,19110.81000000,19209.45000000,19089.27000000,19173.99000000,110.07098000,1656737999999,2108231.92473430,2433,66.30816000,1269819.49620370,0
1656738000000,19172.15000000,19279.31000000,19155.42000000,19216.45000000,128.22972000,1656741599999,2463346.37749850,2243,61.32459000,1178401.94809500,0
1656741600000,19216.45000000,19256.79000000,19164.55000000,19193.28000000,44.75936000,1656745199999,860257.65017580,1275,23.99225000,461131.44170820,0
1656745200000,19193.27000000,19251.54000000,19039.01000000,19106.42000000,128.78706000,1656748799999,2468932.32686400,2507,57.90643000,1110722.68063100,0
1656748800000,19105.88000000,19172.16000000,19049.44000000,19089.96000000,71.23541000,1656752399999,1361898.43406020,1726,36.09585000,690116.75705770,0
1656752400000,19090.11000000,19161.44000000,18966.08000000,19144.51000000,115.82153000,1656755999999,2207388.24670070,2653,56.23645000,1072100.67617530,0
1656756000000,19148.92000000,19295.17000000,19112.01000000,19218.30000000,136.93807000,1656759599999,2627457.61487770,2911,71.12121000,1364965.11817610,0
1656759600000,19218.88000000,19250.00000000,19138.08000000,19171.44000000,71.17268000,1656763199999,1365914.86921410,1983,33.44097000,641802.13491810,0
1656763200000,19170.39000000,19425.93000000,19130.04000000,19318.48000000,242.60256000,1656766799999,4679956.53405530,4290,101.32865000,1953785.24962720,0
1656766800000,19319.86000000,19322.80000000,19198.31000000,19241.84000000,99.62243000,1656770399999,1916824.80047650,2215,42.84469000,824408.80663440,0
1656770400000,19242.45000000,19335.00000000,19229.50000000,19259.42000000,99.47845000,1656773999999,1918613.49091550,2176,53.85259000,1038588.95835290,0
1656774000000,19259.45000000,19276.47000000,19147.90000000,19203.14000000,96.03370000,1656777599999,1844820.13048550,2342,39.78290000,764017.37912740,0
1656777600000,19208.06000000,19308.45000000,19164.74000000,19269.70000000,128.84861000,1656781199999,2479930.04798960,2238,50.24969000,967511.71662510,0
1656781200000,19271.29000000,19327.98000000,19259.42000000,19277.21000000,59.01523000,1656784799999,1138058.51621370,1504,30.38429000,585898.11418250,0
1656784800000,19277.74000000,19375.00000000,19235.84000000,19296.30000000,89.14925000,1656788399999,1719328.16798880,1760,53.31942000,1028320.22984300,0
1656788400000,19296.31000000,19381.60000000,19174.99000000,19239.76000000,118.82883000,1656791999999,2289248.87314440,2581,47.48089000,914721.29282080,0
1656792000000,19249.78000000,19262.11000000,19181.39000000,19242.13000000,50.54004000,1656795599999,971650.25550810,1371,25.81239000,496204.18611720,0
1656795600000,19239.87000000,19467.87000000,19224.93000000,19335.99000000,717.42305000,1656799199999,13875017.53388050,7407,568.64808000,11003902.84096840,0
1656799200000,19335.99000000,19432.42000000,19291.66000000,19305.87000000,287.08622000,1656802799999,5555465.25478960,3187,197.88278000,3831543.65823780,0
1656802800000,19308.06000000,19341.79000000,19174.99000000,19228.05000000,137.19795000,1656806399999,2640006.38594380,2001,77.42603000,1490096.45493570,0
1656806400000,19228.20000000,19268.58000000,19150.68000000,19222.20000000,98.77190000,1656809999999,1896804.46581600,1972,34.87726000,669865.33034630,0
1656810000000,19226.08000000,19233.33000000,19147.91000000,19166.43000000,44.82395000,1656813599999,860024.47622150,1332,20.69857000,397230.89437670,0
1656813600000,19159.28000000,19266.54000000,19159.28000000,19238.22000000,39.55022000,1656817199999,760104.97343130,1151,24.78977000,476455.22494680,0
1656817200000,19238.22000000,19283.13000000,19212.31000000,19242.96000000,37.58945000,1656820799999,723421.45202530,1048,17.65167000,339740.58904640,0
1656820800000,19242.97000000,19298.56000000,18758.35000000,19252.18000000,177.12927000,1656824399999,3373565.33281340,3856,75.95538000,1449085.22624960,0
1656824400000,19237.90000000,19379.33000000,19002.53000000,19018.09000000,221.42093000,1656827999999,4241112.97668760,4257,124.78138000,2390011.27687960,0
1656828000000,19025.56000000,19162.74000000,19000.00000000,19127.17000000,87.71588000,1656831599999,1674377.40307860,2138,45.29281000,864655.95019200,0
1656831600000,19128.40000000,19136.50000000,19067.76000000,19112.38000000,56.30823000,1656835199999,1075333.69035380,1620,27.96639000,534094.31919410,0
1656835200000,19115.26000000,19136.68000000,18909.52000000,18994.87000000,109.45757000,1656838799999,2083196.36467010,2635,48.21773000,917773.05103230,0
1656838800000,18987.94000000,19063.82000000,18924.61000000,19020.23000000,173.03472000,1656842399999,3283039.43378130,3170,79.92182000,1516157.66290530,0
1656842400000,19020.23000000,19092.36000000,19007.44000000,19054.21000000,67.21665000,1656845999999,1280677.69951190,1620,34.51070000,657528.34854500,0
1656846000000,19049.50000000,19128.30000000,19040.15000000,19068.22000000,91.18930000,1656849599999,1741320.26049810,1616,67.78448000,1294621.80870670,0
1656849600000,19068.22000000,19103.07000000,18959.37000000,19046.17000000,74.45549000,1656853199999,1417869.47698690,1679,35.93972000,684442.65234340,0
1656853200000,19048.07000000,19062.80000000,18940.01000000,18950.01000000,85.14998000,1656856799999,1617923.11328020,1502,49.69980000,944405.97186500,0
1656856800000,18952.93000000,19079.16000000,18942.49000000,19057.62000000,45.72775000,1656860399999,869832.74736310,1167,26.56522000,505318.91287430,0
1656860400000,19057.59000000,19093.34000000,19010.97000000,19028.64000000,70.90023000,1656863999999,1350723.52974810,1802,37.78087000,719846.16886520,0
1656864000000,19023.10000000,19179.02000000,18988.80000000,19135.08000000,97.00854000,1656867599999,1852442.98546990,2258,46.93611000,896429.22633030,0
1656867600000,19136.95000000,19229.99000000,19093.06000000,19185.20000000,100.57877000,1656871199999,1924730.80333780,1504,61.83951000,1183563.39542040,0
1656871200000,19203.94000000,19291.70000000,19160.93000000,19214.88000000,79.96350000,1656874799999,1535925.94328750,1814,43.66970000,838887.78465370,0
1656874800000,19219.81000000,19537.49000000,19205.65000000,19472.35000000,163.95770000,1656878399999,3178103.89417790,3390,95.76774000,1856607.54228580,0
1656878400000,19471.18000000,19628.23000000,19393.90000000,19425.48000000,197.11424000,1656881999999,3841396.26144660,4094,102.91584000,2005555.09540000,0
1656882000000,19420.15000000,19446.43000000,19241.33000000,19277.01000000,77.74306000,1656885599999,1502388.90725520,1834,42.95632000,829835.35972180,0
1656885600000,19272.83000000,19367.34000000,19200.01000000,19280.85000000,58.07416000,1656889199999,1119965.61030040,1515,31.50721000,607874.03108500,0
1656889200000,19287.83000000,19314.79000000,19193.76000000,19290.38000000,68.58888000,1656892799999,1321576.15951280,1725,32.60932000,628253.34795850,0
1656892800000,19293.94000000,19390.07000000,19197.66000000,19243.98000000,171.86800000,1656896399999,3311430.31121680,3074,86.90098000,1675462.12623990,0
1656896400000,19242.03000000,19247.85000000,19120.85000000,19205.78000000,96.16454000,1656899999999,1842616.63572870,2180,44.03084000,843773.22222020,0
1656900000000,19206.11000000,19213.33000000,19042.06000000,19049.42000000,114.47307000,1656903599999,2190809.11098790,2072,62.24388000,1192145.96900690,0
1656903600000,19046.56000000,19108.31000000,19033.07000000,19078.56000000,73.25979000,1656907199999,1397870.26045140,1494,23.48791000,447968.11090110,0
1656907200000,19080.44000000,19127.45000000,19062.01000000,19102.61000000,65.79615000,1656910799999,1256622.77952420,1505,38.00188000,725803.66643750,0
1656910800000,19104.48000000,19129.44000000,19089.63000000,19114.32000000,42.32888000,1656914399999,808912.58144870,1183,21.22835000,405665.37297170,0
1656914400000,19115.79000000,19169.90000000,19063.34000000,19073.35000000,68.18991000,1656917999999,1304762.16584000,2008,35.73877000,683956.86423280,0
1656918000000,19078.90000000,19121.19000000,19062.55000000,19099.03000000,92.12833000,1656921599999,1759252.15053460,2559,45.30047000,865024.67387740,0
1656921600000,19099.00000000,19155.67000000,19087.80000000,19126.76000000,57.48518000,1656925199999,1099671.60658060,1822,28.03249000,536311.99883220,0
1656925200000,19126.76000000,19420.77000000,19120.71000000,19346.03000000,237.58081000,1656928799999,4585566.29856340,3697,127.75664000,2465685.00344670,0
1656928800000,19351.33000000,19529.48000000,19351.33000000,19450.01000000,233.24603000,1656932399999,4535553.29187450,4353,123.02038000,2391961.62451050,0
1656932400000,19450.01000000,19826.60000000,19432.77000000,19787.74000000,311.93208000,1656935999999,6115782.66534920,5765,146.68645000,2877558.48516090,0
1656936000000,19786.50000000,19868.46000000,19621.38000000,19691.65000000,323.44716000,1656939599999,6379835.35895360,5192,132.78977000,2618858.34511530,0
1656939600000,19691.64000000,19733.44000000,19501.93000000,19507.51000000,211.15768000,1656943199999,4142006.51718170,4367,93.34511000,1831986.93768990,0
1656943200000,19509.86000000,19617.71000000,19475.36000000,19593.32000000,171.45852000,1656946799999,3349671.99015010,3412,67.26359000,1314549.97806000,0
1656946800000,19592.62000000,20099.99000000,19590.30000000,19781.76000000,325.01199000,1656950399999,6455414.13832620,5477,176.25352000,3499115.19134520,0
1656950400000,19782.11000000,19810.14000000,19655.11000000,19718.13000000,104.91238000,1656953999999,2068755.08891110,2595,50.95363000,1004869.31670710,0
1656954000000,19718.12000000,20038.04000000,19697.03000000,19877.87000000,284.10616000,1656957599999,5651062.35235350,4942,128.96523000,2562513.15687680,0
1656957600000,19877.87000000,19948.21000000,19805.00000000,19905.42000000,168.29449000,1656961199999,3344598.62737500,4050,77.27893000,1535957.70712910,0
1656961200000,19912.47000000,19981.70000000,19750.33000000,19806.37000000,301.07279000,1656964799999,5971275.60346410,3980,192.48207000,3816873.95084420,0
1656964800000,19814.02000000,19852.44000000,19704.00000000,19756.13000000,196.19084000,1656968399999,3880247.66752470,2662,148.03620000,2928143.63366650,0
1656968400000,19763.36000000,20000.00000000,19723.29000000,19939.23000000,79.31564000,1656971999999,1572451.12793770,1770,42.01545000,833504.55071930,0
1656972000000,19936.43000000,20250.00000000,19854.56000000,20143.09000000,206.93084000,1656975599999,4144491.09497270,3861,121.87385000,2441576.98497460,0
1656975600000,20145.11000000,20326.59000000,20087.84000000,20211.75000000,236.42921000,1656979199999,4779805.13456790,4615,122.99903000,2486469.29268270,0
1656979200000,20214.13000000,20458.35000000,20151.50000000,20373.60000000,380.78928000,1656982799999,7736283.83490930,5565,180.85082000,3670003.53187990,0
1656982800000,20377.18000000,20405.00000000,20230.53000000,20280.12000000,181.89609000,1656986399999,3692927.59947800,3131,56.67263000,1150107.44579000,0
1656986400000,20274.35000000,20282.27000000,20130.09000000,20152.19000000,154.21295000,1656989999999,3114063.87888950,2397,99.19893000,2002777.24913320,0
1656990000000,20152.07000000,20293.16000000,20152.07000000,20285.41000000,150.73661000,1656993599999,3045865.80652050,2162,82.80065000,1672932.93002270,0
1656993600000,20291.20000000,20294.58000000,20160.00000000,20250.80000000,84.22887000,1656997199999,1703354.41515960,2125,35.46688000,717081.93661460,0
1656997200000,20252.81000000,20448.87000000,20212.09000000,20275.60000000,185.70472000,1657000799999,3775831.18482000,3412,112.12072000,2279680.30482000,0
1657000800000,20272.21000000,20413.92000000,20268.96000000,20362.05000000,168.14682000,1657004399999,3422059.26172140,2763,73.13897000,1488266.49186290,0
1657004400000,20364.40000000,20372.81000000,20150.00000000,20187.54000000,150.33622000,1657007999999,3042578.21371670,3160,61.79960000,1250599.22223940,0
1657008000000,20193.12000000,20193.12000000,19781.98000000,19873.33000000,325.37171000,1657011599999,6489861.09659310,5632,151.58352000,3022091.52943940,0
1657011600000,19867.26000000,19911.52000000,19613.33000000,19751.60000000,523.92958000,1657015199999,10346255.66633870,6001,168.33310000,3325024.48745850,0
1657015200000,19751.60000000,19799.43000000,19680.57000000,19719.12000000,125.47427000,1657018799999,2476185.63964130,2789,59.94452000,1182746.29521630,0
1657018800000,19719.20000000,19780.33000000,19457.79000000,19496.82000000,232.56888000,1657022399999,4565699.30192460,4620,93.06615000,1827435.23966860,0
1657022400000,19494.44000000,19548.16000000,19337.98000000,19350.69000000,341.60050000,1657025999999,6638062.94117380,5766,183.58939000,3567762.84335640,0
1657026000000,19347.62000000,19509.93000000,19256.64000000,19381.56000000,268.63715000,1657029599999,5204808.55473910,5951,127.08040000,2462306.10364260,0
1657029600000,19378.00000000,19569.33000000,19350.54000000,19442.66000000,213.33533000,1657033199999,4153247.80644200,4354,100.89252000,1964602.71699520,0
1657033200000,19438.62000000,19516.64000000,19301.69000000,19497.54000000,184.83071000,1657036799999,3589726.37574010,4704,90.28276000,1753672.09456290,0
1657036800000,19497.54000000,19684.39000000,19464.14000000,19531.70000000,204.48972000,1657040399999,4000710.63033540,4746,89.39118000,1749326.56860580,0
1657040400000,19530.41000000,19761.47000000,19522.30000000,19678.74000000,200.31533000,1657043999999,3940466.55236450,4369,80.79228000,1588901.09400340,0
1657044000000,19687.08000000,20110.05000000,19652.21000000,20095.17000000,207.49026000,1657047599999,4119756.13482610,4719,116.52289000,2314189.56475650,0
1657047600000,20095.56000000,20484.15000000,20043.64000000,20377.82000000,392.68797000,1657051199999,7956096.96533240,6757,244.21582000,4947042.63254410,0
1657051200000,20375.69000000,20733.30000000,20341.40000000,20439.77000000,371.97317000,1657054799999,7642298.89181060,7480,173.17784000,3558236.33705250,0
1657054800000,20436.90000000,20479.18000000,20150.29000000,20347.70000000,180.30478000,1657058399999,3665026.79938710,3866,67.12120000,1364494.70675130,0
1657058400000,20350.00000000,20416.67000000,20227.64000000,20410.43000000,110.02562000,1657061999999,2236881.47316970,2548,48.71958000,990373.08141620,0
1657062000000,20416.66000000,20416.66000000,20093.98000000,20156.88000000,162.05910000,1657065599999,3273717.38767020,3140,67.59403000,1365527.42189180,0
1657065600000,20153.79000000,20361.33000000,20079.16000000,20240.98000000,185.63536000,1657069199999,3753790.26532760,3663,97.11142000,1963355.26416610,0
1657069200000,20243.51000000,20297.70000000,19807.39000000,19866.63000000,170.50192000,1657072799999,3413379.45779770,3580,74.83729000,1498580.24497670,0
1657072800000,19852.81000000,19954.39000000,19744.00000000,19841.40000000,137.36327000,1657076399999,2726181.23354420,3325,66.73159000,1324560.29846780,0
1657076400000,19841.40000000,19966.42000000,19744.85000000,19930.83000000,104.85525000,1657079999999,2083512.99687040,2907,44.23107000,878490.62937700,0
1657080000000,19930.84000000,20300.00000000,19882.22000000,20077.80000000,295.43820000,1657083599999,5947679.22283530,5008,171.50891000,3452560.69316290,0
1657083600000,20073.77000000,20174.86000000,19889.84000000,20026.66000000,146.61227000,1657087199999,2934111.40369030,3492,72.60786000,1453291.13864260,0
1657087200000,20027.32000000,20079.67000000,19846.95000000,20065.24000000,125.24248000,1657090799999,2500727.01625490,3088,68.01953000,1358600.89314210,0
1657090800000,20073.32000000,20216.48000000,20059.14000000,20140.77000000,137.70509000,1657094399999,2775133.50370870,3027,75.71573000,1526177.36473170,0
1657094400000,20140.76000000,20271.90000000,20066.86000000,20162.66000000,146.45604000,1657097999999,2957825.41122670,3140,72.91005000,1472695.64719150,0
1657098000000,20159.07000000,20265.85000000,20095.15000000,20175.74000000,103.08547000,1657101599999,2080194.47177200,2519,51.92892000,1047858.43000590,0
1657101600000,20179.30000000,20198.51000000,20026.43000000,20111.31000000,114.94148000,1657105199999,2312082.16241080,2696,49.05462000,986548.17408760,0
1657105200000,20113.13000000,20136.37000000,20023.36000000,20084.57000000,157.67356000,1657108799999,3167188.30955700,2774,50.35047000,1011173.16394830,0
1657108800000,20083.73000000,20164.32000000,19938.16000000,20133.82000000,178.63775000,1657112399999,3583494.99928260,3272,65.52803000,1314287.25715720,0
1657112400000,20134.22000000,20349.93000000,20020.90000000,20206.37000000,333.82795000,1657115999999,6728037.69476530,4523,156.80359000,3161984.46151720,0
1657116000000,20207.55000000,20270.27000000,20082.94000000,20172.48000000,144.66761000,1657119599999,2918269.89950920,3074,65.92007000,1329815.49149250,0
1657119600000,20177.32000000,20179.79000000,20020.69000000,20124.69000000,151.79255000,1657123199999,3049281.41844840,2468,38.45534000,773003.69527440,0
1657123200000,20128.81000000,20304.77000000,20110.62000000,20281.16000000,147.79033000,1657126799999,2987375.44783210,3378,81.80353000,1653498.66405160,0
1657126800000,20281.19000000,20388.54000000,20215.59000000,20257.16000000,132.47888000,1657130399999,2688007.00211770,2758,69.34275000,1407646.45815970,0
1657130400000,20240.00000000,20423.00000000,20163.97000000,20366.74000000,244.28615000,1657133999999,4961837.33684970,4080,99.57731000,2020701.81485510,0
1657134000000,20361.04000000,20463.38000000,20253.13000000,20304.77000000,130.12825000,1657137599999,2650410.93271110,2757,59.78545000,1218711.08237040,0
1657137600000,20306.64000000,20423.67000000,20257.35000000,20385.06000000,117.08273000,1657141199999,2378721.65060180,2281,57.72885000,1172786.07114870,0
1657141200000,20374.96000000,20416.96000000,20287.03000000,20340.09000000,60.30857000,1657144799999,1228004.41673560,1459,24.06745000,490189.55749970,0
1657144800000,20332.95000000,20593.57000000,20328.84000000,20495.44000000,213.70557000,1657148399999,4377929.94884900,3828,84.36472000,1727942.72196020,0
1657148400000,20496.09000000,20653.00000000,20471.44000000,20543.51000000,246.73635000,1657151999999,5081777.73883610,3671,71.25530000,1466286.13709580,0
1657152000000,20543.14000000,20584.18000000,20459.88000000,20514.03000000,100.00668000,1657155599999,2052188.47117210,2608,37.96772000,779145.81381430,0
1657155600000,20514.04000000,20544.11000000,20448.61000000,20495.11000000,91.58489000,1657159199999,1876984.18767410,2217,32.24051000,660594.08048260,0
1657159200000,20496.68000000,20526.16000000,20363.55000000,20398.39000000,98.47650000,1657162799999,2011903.15093290,2308,42.48952000,867975.24278640,0
1657162800000,20396.47000000,20469.33000000,20373.37000000,20459.78000000,86.10249000,1657166399999,1757079.33466160,1651,27.95724000,570728.30855540,0
1657166400000,20463.82000000,20475.10000000,20333.93000000,20393.86000000,304.22444000,1657169999999,6197317.13311820,3048,232.20666000,4728938.05039350,0
1657170000000,20396.63000000,20423.34000000,20240.55000000,20281.63000000,132.43918000,1657173599999,2694773.80293150,2835,50.69381000,1032043.98761330,0
1657173600000,20281.09000000,20349.67000000,20261.82000000,20317.04000000,96.20916000,1657177199999,1952858.93468890,2011,53.85647000,1093125.52219580,0
1657177200000,20317.05000000,20448.86000000,20306.96000000,20423.97000000,113.10852000,1657180799999,2305141.19408020,2556,58.18119000,1185954.27390510,0
1657180800000,20422.19000000,20533.31000000,20375.30000000,20505.34000000,129.10134000,1657184399999,2639827.30754140,3079,64.61115000,1321156.37584990,0
1657184400000,20501.40000000,20605.12000000,20446.46000000,20541.57000000,199.43043000,1657187999999,4091394.52555930,3751,95.75196000,1964023.55065210,0
1657188000000,20544.27000000,20568.36000000,20444.77000000,20481.24000000,153.79806000,1657191599999,3153179.21868230,2860,80.40195000,1648227.67287930,0
1657191600000,20481.24000000,20491.85000000,20410.47000000,20491.85000000,117.35434000,1657195199999,2400198.18342790,2696,60.30666000,1233492.64564600,0
1657195200000,20490.81000000,20491.95000000,20365.59000000,20410.25000000,188.18958000,1657198799999,3842432.40501740,4099,81.59658000,1665981.07276860,0
1657198800000,20410.63000000,20539.09000000,20356.30000000,20521.72000000,223.73977000,1657202399999,4574065.05760780,4502,106.33149000,2173816.68859000,0
1657202400000,20521.82000000,20947.36000000,20485.03000000,20900.54000000,675.28741000,1657205999999,14024834.29648320,10832,313.56218000,6510793.33765310,0
1657206000000,20899.85000000,21008.30000000,20812.67000000,20869.83000000,238.65576000,1657209599999,4985243.58583370,5033,115.02173000,2402930.83067370,0
1657209600000,20869.68000000,21182.42000000,20845.54000000,21072.90000000,342.20144000,1657213199999,7188078.79222160,6225,153.39430000,3224724.30781570,0
1657213200000,21073.83000000,21084.97000000,20812.67000000,20889.99000000,221.23846000,1657216799999,4625633.61700840,4129,95.33958000,1992864.61406410,0
1657216800000,20900.21000000,21389.93000000,20874.88000000,21339.92000000,721.35528000,1657220399999,15313744.50247900,8738,520.31956000,11055116.67016630,0
1657220400000,21342.85000000,21824.85000000,21290.00000000,21797.80000000,835.97500000,1657223999999,18030297.40581150,12427,393.37538000,8492045.30608300,0
1657224000000,21800.79000000,21825.01000000,21503.60000000,21610.66000000,396.41380000,1657227599999,8572316.98736920,6442,168.99638000,3653572.77614180,0
1657227600000,21609.45000000,21715.40000000,21555.60000000,21654.62000000,126.04309000,1657231199999,2726075.94550070,2808,56.80974000,1229139.62934640,0
1657231200000,21654.78000000,21749.57000000,21576.88000000,21615.06000000,192.18901000,1657234799999,4156890.66053850,3550,65.31001000,1413008.91592550,0
1657234800000,21615.12000000,21706.47000000,21549.70000000,21601.31000000,130.74079000,1657238399999,2828811.95423360,3093,63.32964000,1370153.04629940,0
1657238400000,21613.90000000,21727.74000000,21560.95000000,21715.00000000,189.55940000,1657241999999,4100420.43172960,3718,98.42874000,2127652.16842860,0
1657242000000,21715.00000000,22500.00000000,21627.01000000,22127.21000000,591.92250000,1657245599999,13075312.66904000,8637,381.45545000,8422457.50197400,0
1657245600000,22127.22000000,22146.47000000,21870.39000000,21980.74000000,273.73634000,1657249199999,6022021.23355450,5764,115.30659000,2536432.52577370,0
1657249200000,21980.94000000,22119.85000000,21928.38000000,22119.05000000,150.21794000,1657252799999,3310434.27837930,3674,86.04032000,1896284.72249540,0
1657252800000,22118.41000000,22228.72000000,21956.62000000,21968.55000000,174.68141000,1657256399999,3857463.52675280,4177,82.79849000,1829652.43728440,0
1657256400000,21969.88000000,22051.64000000,21745.83000000,21828.12000000,196.52663000,1657259999999,4307231.76183930,4233,103.21062000,2261887.36281260,0
1657260000000,21832.26000000,21869.46000000,21749.44000000,21810.71000000,243.89993000,1657263599999,5317257.17168270,4344,132.75169000,2893197.20096480,0
1657263600000,21812.53000000,21841.21000000,21710.45000000,21785.20000000,115.66933000,1657267199999,2520096.64173740,3159,50.95219000,1109943.75329880,0
1657267200000,21785.19000000,21805.20000000,21414.61000000,21414.61000000,245.30549000,1657270799999,5307939.62919740,5458,110.01677000,2379406.29022300,0
1657270800000,21419.92000000,21569.20000000,21300.00000000,21555.71000000,331.56392000,1657274399999,7109519.44133340,5363,197.37384000,4231479.75808310,0
1657274400000,21554.26000000,21716.70000000,21482.83000000,21523.05000000,260.62647000,1657277999999,5633233.59566080,4374,130.44814000,2818255.35885760,0
1657278000000,21522.86000000,21652.92000000,21451.86000000,21563.84000000,165.42871000,1657281599999,3568476.31151300,3611,83.22117000,1795813.04384570,0
1657281600000,21569.77000000,21697.66000000,21167.77000000,21368.11000000,308.26826000,1657285199999,6607848.07604020,7521,145.56727000,3120307.61183660,0
1657285200000,21369.12000000,21481.13000000,21184.61000000,21257.72000000,225.63013000,1657288799999,4816248.51384320,6235,110.31364000,2354773.20460100,0
1657288800000,21254.03000000,21835.37000000,21187.61000000,21747.98000000,648.81101000,1657292399999,14016699.35756480,11685,294.78763000,6367394.10283290,0
1657292400000,21753.78000000,22167.93000000,21695.31000000,21950.41000000,965.53438000,1657295999999,21136535.93548530,16054,483.97686000,10602013.06600400,0
1657296000000,21947.30000000,21960.16000000,21522.24000000,21680.13000000,386.09599000,1657299599999,8374137.01357180,9207,156.62673000,3398350.67186060,0
1657299600000,21676.69000000,21820.51000000,21618.08000000,21741.60000000,294.82415000,1657303199999,6408889.77765300,6644,137.34973000,2985914.35277390,0
1657303200000,21743.77000000,21884.80000000,21640.33000000,21723.86000000,356.51221000,1657306799999,7762621.91426700,7675,174.36510000,3797247.93610530,0
1657306800000,21723.42000000,21861.47000000,21650.76000000,21797.74000000,476.14443000,1657310399999,10360111.01582970,9341,245.37883000,5339009.07119010,0
1657310400000,21790.85000000,22097.71000000,21756.17000000,21843.10000000,448.88419000,1657313999999,9815602.02137760,9545,208.47497000,4558641.91152560,0
1657314000000,21845.76000000,22005.16000000,21677.70000000,21687.65000000,202.44200000,1657317599999,4423120.33680360,5333,114.42535000,2498568.22381820,0
1657317600000,21681.64000000,21829.91000000,21671.99000000,21758.65000000,247.05306000,1657321199999,5376342.03838110,6555,118.85918000,2586658.49842790,0
1657321200000,21761.26000000,21945.80000000,21526.68000000,21580.10000000,298.03810000,1657324799999,6503351.11052000,6728,146.84668000,3203928.93823190,0
1657324800000,21574.24000000,21679.21000000,21415.97000000,21534.41000000,727.09216000,1657328399999,15684843.19706550,13089,349.87343000,7546422.40971720,0
1657328400000,21533.19000000,21584.47000000,21380.00000000,21494.06000000,577.74361000,1657331999999,12418918.53372210,9971,252.02817000,5418297.24575980,0
1657332000000,21494.67000000,21623.50000000,21480.86000000,21568.92000000,640.29746000,1657335599999,13794458.71071910,9750,315.28571000,6790016.41606450,0
1657335600000,21568.92000000,21614.93000000,21450.94000000,21597.11000000,575.77025000,1657339199999,12403299.05412390,10033,292.21050000,6295470.74356120,0
1657339200000,21596.33000000,21621.94000000,21495.55000000,21538.43000000,448.46182000,1657342799999,9666213.36154310,8462,217.65310000,4691386.54700730,0
1657342800000,21540.00000000,21598.79000000,21473.16000000,21503.97000000,376.71558000,1657346399999,8109627.55819560,7624,194.31423000,4183219.02662170,0
1657346400000,21504.10000000,21564.84000000,21477.07000000,21549.39000000,397.41934000,1657349999999,8554254.71591760,7879,157.70933000,3393736.96116550,0
1657350000000,21547.24000000,21709.00000000,21541.91000000,21639.78000000,342.37756000,1657353599999,7406918.45156020,7117,177.20427000,3833192.30919200,0
1657353600000,21638.91000000,21722.36000000,21585.57000000,21712.69000000,506.40324000,1657357199999,10968990.79760320,7903,247.64199000,5362187.81086160,0
1657357200000,21711.33000000,21717.87000000,21590.51000000,21640.64000000,411.81552000,1657360799999,8912540.86232050,7831,205.16406000,4440515.07295230,0
1657360800000,21641.89000000,21735.69000000,21612.92000000,21722.90000000,476.83016000,1657364399999,10336980.76772760,7849,225.55095000,4889783.91340120,0
1657364400000,21724.29000000,21758.67000000,21312.19000000,21439.44000000,617.48884000,1657367999999,13367173.66600490,10335,332.00304000,7187442.26273890,0
1657368000000,21439.44000000,21594.65000000,21372.68000000,21503.36000000,684.07228000,1657371599999,14695931.02093350,10788,339.95444000,7303275.50096640,0
1657371600000,21504.58000000,21615.39000000,21488.61000000,21551.20000000,558.78151000,1657375199999,12050228.35495670,9691,287.92331000,6209256.58659030,0
1657375200000,21549.45000000,21705.88000000,21525.60000000,21583.03000000,565.84237000,1657378799999,12235073.57828500,10215,283.88899000,6139077.69484810,0
1657378800000,21584.63000000,21642.34000000,21526.68000000,21537.59000000,502.67138000,1657382399999,10856561.72940150,8763,250.01613000,5399664.42973900,0
1657382400000,21534.62000000,21705.82000000,21519.83000000,21683.95000000,459.44565000,1657385999999,9920117.83764310,8427,228.56051000,4934825.75462170,0
1657386000000,21685.90000000,21969.30000000,21655.34000000,21869.79000000,467.21019000,1657389599999,10175710.58843230,9203,233.36701000,5083384.01377650,0
1657389600000,21869.13000000,21907.67000000,21715.75000000,21745.48000000,342.49702000,1657393199999,7470543.86461060,6983,162.27842000,3539498.41817890,0
1657393200000,21740.06000000,21760.63000000,21509.13000000,21610.34000000,367.21411000,1657396799999,7936127.26263760,7577,174.59798000,3773541.63284850,0
1657396800000,21610.77000000,21689.07000000,21572.97000000,21668.10000000,371.59979000,1657400399999,8037904.20358910,6794,186.48965000,4033918.10887710,0
1657400400000,21670.06000000,21739.00000000,21623.51000000,21697.25000000,217.20861000,1657403999999,4710267.42220470,4385,105.67012000,2291433.40695990,0
1657404000000,21697.40000000,21741.88000000,21581.56000000,21617.78000000,168.20484000,1657407599999,3648061.59067160,4115,83.68008000,1814978.27121120,0
1657407600000,21619.34000000,21637.00000000,21528.18000000,21580.13000000,270.59766000,1657411199999,5841604.84781960,6258,129.26125000,2790528.22083210,0
1657411200000,21580.39000000,21595.61000000,21351.20000000,21360.77000000,487.90029000,1657414799999,10484624.36744760,10160,242.87550000,5219401.23647870,0
1657414800000,21357.47000000,21485.09000000,21320.78000000,21403.56000000,384.31107000,1657418399999,8233766.40365760,8060,194.28725000,4163136.91001130,0
1657418400000,21401.38000000,21485.77000000,21111.83000000,21298.45000000,582.41751000,1657421999999,12408159.35879020,12321,287.13507000,6117654.68583090,0
1657422000000,21297.76000000,21334.41000000,21216.77000000,21281.59000000,371.29418000,1657425599999,7902317.54855850,7645,177.57084000,3779383.11912450,0
1657425600000,21281.75000000,21299.32000000,21153.65000000,21264.89000000,359.33631000,1657429199999,7626425.68560020,7272,168.03550000,3566617.86714160,0
1657429200000,21263.92000000,21365.26000000,21254.86000000,21348.76000000,365.85925000,1657432799999,7797434.35411550,7610,181.25417000,3862986.57233890,0
1657432800000,21348.60000000,21352.45000000,21212.49000000,21283.18000000,325.18036000,1657436399999,6926313.83245260,6691,158.13984000,3368403.76262160,0
1657436400000,21285.82000000,21348.00000000,21232.29000000,21326.83000000,315.26870000,1657439999999,6712463.26263790,6346,160.76605000,3422789.53184830,0
1657440000000,21326.04000000,21412.61000000,21242.56000000,21314.54000000,351.99184000,1657443599999,7505478.28493960,7591,175.64279000,3745441.23521490,0
1657443600000,21313.37000000,21350.00000000,21276.35000000,21318.30000000,286.24431000,1657447199999,6102529.87281230,5987,144.57945000,3082444.18740220,0
1657447200000,21313.92000000,21342.56000000,21200.01000000,21267.47000000,361.76470000,1657450799999,7700629.33263970,7138,179.60841000,3823202.84568200,0
1657450800000,21264.68000000,21292.23000000,21163.55000000,21289.71000000,397.14880000,1657454399999,8430803.53489050,8335,189.64998000,4026581.70686990,0
1657454400000,21287.41000000,21332.40000000,21258.65000000,21295.28000000,370.09429000,1657457999999,7880916.68593330,7962,186.18207000,3964636.70971290,0
1657458000000,21296.34000000,21301.80000000,20938.57000000,21066.37000000,563.66176000,1657461599999,11901340.23979270,11609,291.27036000,6149930.57901370,0
1657461600000,21065.01000000,21066.07000000,20822.96000000,20849.99000000,545.64454000,1657465199999,11418107.41089380,13436,246.38658000,5155303.45636580,0
1657465200000,20850.18000000,20965.14000000,20819.84000000,20886.24000000,465.86570000,1657468799999,9737491.34138400,10890,247.10018000,5164372.39456190,0
1657468800000,20887.00000000,21025.11000000,20645.64000000,20920.97000000,605.11505000,1657472399999,12594571.54490110,13625,324.14165000,6744966.91203300,0
1657472400000,20918.62000000,20969.17000000,20863.10000000,20889.52000000,264.73239000,1657475999999,5533269.59469960,6574,129.28805000,2702489.80816000,0
1657476000000,20890.64000000,20913.41000000,20752.76000000,20833.86000000,280.99519000,1657479599999,5852150.04757910,7142,142.34073000,2964453.81424130,0
1657479600000,20831.65000000,20916.85000000,20702.29000000,20908.36000000,233.36517000,1657483199999,4854556.03441510,6278,119.32491000,2482339.18207660,0
1657483200000,20908.36000000,20998.69000000,20821.73000000,20974.16000000,307.92331000,1657486799999,6439462.41018260,7658,144.79746000,3027950.66556850,0
1657486800000,20976.40000000,21173.26000000,20953.85000000,21023.10000000,259.61959000,1657490399999,5471973.75231910,6186,115.41801000,2432192.37969280,0
1657490400000,21025.23000000,21025.24000000,20683.39000000,20826.05000000,654.55133000,1657493999999,13616730.31234090,13013,317.68800000,6608339.14058910,0
1657494000000,20826.79000000,20867.10000000,20700.54000000,20849.48000000,201.74949000,1657497599999,4197370.02271170,4300,91.23841000,1898666.61237720,0
1657497600000,20849.45000000,20849.61000000,20663.26000000,20799.11000000,335.36864000,1657501199999,6959814.42180370,7657,164.54761000,3414730.47298240,0
1657501200000,20798.66000000,20805.85000000,20508.30000000,20541.03000000,405.76813000,1657504799999,8363156.86560320,8680,193.39019000,3985766.60429020,0
1657504800000,20538.33000000,20585.78000000,20438.81000000,20535.21000000,361.21521000,1657508399999,7410734.28664380,7417,179.86326000,3690112.40665630,0
1657508400000,20534.71000000,20654.48000000,20466.75000000,20530.14000000,318.65178000,1657511999999,6557734.81695410,6846,152.82156000,3145374.25263740,0
1657512000000,20525.96000000,20593.90000000,20414.80000000,20516.45000000,277.36402000,1657515599999,5687443.89323690,6231,135.47467000,2778229.41481080,0
1657515600000,20517.10000000,20564.40000000,20455.19000000,20491.77000000,166.84866000,1657519199999,3421407.44652620,5073,83.41622000,1710612.31326250,0
1657519200000,20491.05000000,20512.38000000,20293.62000000,20386.03000000,347.63227000,1657522799999,7094173.83973250,7258,154.53154000,3154526.42589160,0
1657522800000,20385.23000000,20464.92000000,20367.68000000,20425.40000000,205.66921000,1657526399999,4201909.99015010,5007,104.14383000,2127785.82385040,0
1657526400000,20425.39000000,20545.04000000,20396.19000000,20516.19000000,297.82801000,1657529999999,6100469.90037300,6075,167.10975000,3423315.92414000,0
1657530000000,20515.06000000,20615.74000000,20483.60000000,20533.37000000,199.69402000,1657533599999,4102256.01775320,4929,105.13847000,2159973.70650760,0
1657533600000,20535.37000000,20620.00000000,20497.58000000,20515.09000000,196.83820000,1657537199999,4046372.32859750,4663,94.39308000,1940483.04978360,0
1657537200000,20513.03000000,20572.41000000,20411.34000000,20457.25000000,219.42273000,1657540799999,4498631.62582810,5171,111.26793000,2281486.76042800,0
1657540800000,20456.25000000,20603.47000000,20401.76000000,20577.22000000,291.71343000,1657544399999,5984373.36241980,6823,180.06266000,3694620.59373690,0
1657544400000,20575.14000000,20755.17000000,20257.76000000,20356.41000000,557.94703000,1657547999999,11417756.89986720,12506,266.66031000,5459275.24709290,0
1657548000000,20356.42000000,20476.04000000,20268.85000000,20369.22000000,360.40474000,1657551599999,7350304.81214020,8834,193.75813000,3952466.89920640,0
1657551600000,20370.24000000,20451.35000000,20343.60000000,20422.80000000,269.17831000,1657555199999,5488481.18411070,7050,147.29345000,3003446.99564340,0
1657555200000,20422.90000000,20507.06000000,20385.09000000,20401.61000000,285.39205000,1657558799999,5833849.96862900,6248,138.47003000,2830662.35051950,0
1657558800000,20401.30000000,20650.47000000,20398.10000000,20595.68000000,379.90663000,1657562399999,7809387.21697270,7229,214.22913000,4403921.81971050,0
1657562400000,20596.95000000,20689.64000000,20536.78000000,20549.97000000,236.67338000,1657565999999,4873435.20255830,5370,118.67201000,2443864.33353540,0
1657566000000,20551.37000000,20570.20000000,20399.02000000,20485.69000000,244.79605000,1657569599999,5012753.92079460,5674,117.26884000,2401268.31401930,0
1657569600000,20485.99000000,20543.98000000,20353.90000000,20411.19000000,198.78131000,1657573199999,4068021.18019080,4855,97.51301000,1995917.31656290,0
1657573200000,20416.38000000,20418.18000000,20151.00000000,20220.00000000,189.40880000,1657576799999,3845906.19942650,5286,95.20841000,1933868.94697450,0
1657576800000,20217.73000000,20217.73000000,19955.38000000,19990.90000000,590.83086000,1657580399999,11850237.50544880,10275,262.84392000,5272852.27876130,0
1657580400000,19987.40000000,20035.23000000,19862.90000000,19947.17000000,384.27295000,1657583999999,7667955.96638350,7558,186.71040000,3725271.99799930,0
1657584000000,19948.74000000,19991.16000000,19776.99000000,19795.70000000,404.09994000,1657587599999,8029971.65616120,9607,185.26483000,3682011.97752530,0
1657587600000,19798.45000000,19938.37000000,19785.17000000,19873.74000000,326.58290000,1657591199999,6490082.64137040,7770,166.50191000,3308555.70947380,0
1657591200000,19872.55000000,19970.29000000,19865.59000000,19955.92000000,176.62612000,1657594799999,3519761.22893260,4964,82.73948000,1648882.89014480,0
1657594800000,19954.43000000,19955.76000000,19859.72000000,19925.83000000,177.83940000,1657598399999,3540559.25350930,5177,92.59526000,1843462.35452120,0
1657598400000,19922.45000000,20016.64000000,19910.00000000,19987.02000000,138.76974000,1657601999999,2770327.05440140,4939,69.25110000,1382542.03516140,0
1657602000000,19987.74000000,20042.63000000,19924.43000000,19936.08000000,146.45784000,1657605599999,2928796.69358510,4406,71.69213000,1434045.98475400,0
1657605600000,19933.20000000,19933.20000000,19785.00000000,19828.01000000,231.59602000,1657609199999,4600796.31566110,6087,110.05119000,2186099.61923660,0
1657609200000,19826.45000000,19851.20000000,19601.66000000,19708.14000000,593.30509000,1657612799999,11688526.98866140,13501,285.19036000,5617879.23511140,0
1657612800000,19712.66000000,19799.99000000,19647.66000000,19753.30000000,314.55416000,1657616399999,6205404.83053830,7962,142.76040000,2816313.20283420,0
1657616400000,19751.30000000,19787.84000000,19537.61000000,19582.21000000,318.69063000,1657619999999,6262578.97543720,8930,139.06678000,2733835.34554040,0
1657620000000,19585.77000000,19698.39000000,19570.70000000,19605.18000000,237.08285000,1657623599999,4655638.83231420,6693,122.92320000,2413668.37785670,0
1657623600000,19597.38000000,19817.37000000,19580.83000000,19757.71000000,341.92716000,1657627199999,6743986.70897560,8162,173.88436000,3429971.83693490,0
1657627200000,19757.01000000,19948.49000000,19754.63000000,19854.98000000,333.33788000,1657630799999,6618046.64382370,8364,185.78467000,3689070.35972430,0
1657630800000,19859.28000000,20048.64000000,19748.95000000,19765.52000000,507.21092000,1657634399999,10083974.91152740,11705,256.48997000,5101959.22765910,0
1657634400000,19763.37000000,19923.00000000,19672.45000000,19899.84000000,462.66593000,1657637999999,9161577.99523780,11164,247.30168000,4897222.55646500,0
1657638000000,19894.83000000,19978.51000000,19840.83000000,19866.02000000,322.64266000,1657641599999,6421892.89527640,7449,154.78710000,3080525.29959830,0
1657641600000,19867.26000000,19986.83000000,19857.80000000,19883.85000000,269.81745000,1657645199999,5373651.17273790,6856,131.95250000,2628131.66376420,0
1657645200000,19881.81000000,19908.84000000,19800.21000000,19856.69000000,222.67037000,1657648799999,4420693.54549300,6418,109.87761000,2181483.41626220,0
1657648800000,19858.25000000,19871.27000000,19682.34000000,19710.26000000,255.03711000,1657652399999,5046076.27617050,6079,122.59439000,2426037.70574960,0
1657652400000,19709.11000000,19711.05000000,19260.00000000,19379.73000000,821.63094000,1657655999999,15983748.78800980,15848,377.53370000,7346810.32215100,0
1657656000000,19373.08000000,19538.20000000,19359.42000000,19445.56000000,304.10075000,1657659599999,5913254.85353900,7163,147.51206000,2869014.19812180,0
1657659600000,19441.30000000,19503.42000000,19326.33000000,19328.31000000,126.52391000,1657663199999,2459109.08003550,3973,49.57444000,963675.52748300,0
1657663200000,19328.31000000,19459.51000000,19220.00000000,19356.73000000,277.68507000,1657666799999,5377459.06771330,6915,124.58519000,2412916.03701780,0
1657666800000,19357.48000000,19435.03000000,19212.01000000,19312.15000000,204.59768000,1657670399999,3958413.81276550,5457,100.33117000,1941388.72987080,0
1657670400000,19309.06000000,19426.39000000,19241.15000000,19409.87000000,224.94942000,1657673999999,4348369.58144850,7413,108.91579000,2105470.06743470,0
1657674000000,19410.71000000,19457.69000000,19361.36000000,19407.73000000,163.79885000,1657677599999,3178670.15800000,5183,77.83581000,1510498.99753390,0
1657677600000,19409.99000000,19535.95000000,19409.99000000,19489.54000000,190.14894000,1657681199999,3704398.56256230,5212,85.45416000,1664945.63998960,0
1657681200000,19489.17000000,19570.79000000,19442.41000000,19454.46000000,168.53121000,1657684799999,3285484.76548300,4663,82.11037000,1600876.64855300,0
1657684800000,19453.94000000,19505.69000000,19404.14000000,19462.81000000,134.47417000,1657688399999,2617010.08175780,3700,71.36549000,1388900.43092870,0
1657688400000,19460.98000000,19559.99000000,19421.66000000,19498.30000000,144.08267000,1657691999999,2809320.95922880,4034,75.95930000,1481102.43077200,0
1657692000000,19498.87000000,19538.61000000,19451.95000000,19527.61000000,185.84809000,1657695599999,3622158.71275000,4453,92.65283000,1805892.28466850,0
1657695600000,19530.00000000,19870.45000000,19476.13000000,19688.68000000,455.27950000,1657699199999,8938135.49782220,8413,226.61081000,4449936.18238590,0
1657699200000,19687.88000000,19907.14000000,19645.81000000,19835.01000000,385.88716000,1657702799999,7636328.49092730,7708,188.92707000,3738427.26705750,0
1657702800000,19834.15000000,19881.44000000,19752.11000000,19788.83000000,222.24307000,1657706399999,4405354.08514000,4666,114.16627000,2263371.08211420,0
1657706400000,19784.88000000,19796.85000000,19685.07000000,19767.00000000,181.99727000,1657709999999,3593883.25268680,4040,85.32266000,1684948.02785250,0
1657710000000,19767.93000000,19866.72000000,19738.74000000,19826.55000000,319.02039000,1657713599999,6318089.65254730,6664,161.42170000,3196664.27889340,0
1657713600000,19824.98000000,20100.00000000,18900.00000000,19155.42000000,1493.47190000,1657717199999,28912606.73669340,24944,675.76598000,13091242.29653310,0
1657717200000,19147.71000000,19345.83000000,18910.53000000,19278.68000000,981.22571000,1657720799999,18781330.86319950,19353,494.83772000,9473559.66363080,0
1657720800000,19272.34000000,19694.54000000,19180.00000000,19562.15000000,726.07150000,1657724399999,14101277.32229620,14496,355.10646000,6897504.50039390,0
1657724400000,19563.80000000,19680.00000000,19309.96000000,19435.34000000,431.78894000,1657727999999,8423381.10556850,8562,226.74545000,4425359.93529110,0
1657728000000,19437.68000000,19623.44000000,19213.26000000,19616.29000000,630.39894000,1657731599999,12210275.23585850,11181,307.94060000,5966267.77174870,0
1657731600000,19618.35000000,20033.34000000,19603.15000000,19869.99000000,642.03977000,1657735199999,12719458.83002580,13279,286.40576000,5674687.04235550,0
1657735200000,19869.95000000,19877.74000000,19659.50000000,19833.14000000,387.50315000,1657738799999,7655492.23362520,8047,192.84753000,3810058.31868150,0
1657738800000,19827.58000000,19855.25000000,19621.74000000,19634.53000000,494.23410000,1657742399999,9741370.18970500,8087,196.37365000,3872330.16244810,0
1657742400000,19630.00000000,19729.25000000,19573.74000000,19656.45000000,332.71305000,1657745999999,6534319.33765580,5751,129.94518000,2552657.02032580,0
1657746000000,19651.81000000,19945.71000000,19630.00000000,19913.90000000,274.36271000,1657749599999,5432165.37740210,5766,98.32641000,1945841.96068150,0
1657749600000,19914.32000000,20007.59000000,19812.58000000,19830.94000000,285.20749000,1657753199999,5671640.56436980,5107,131.48076000,2615365.48201310,0
1657753200000,19830.52000000,20328.74000000,19823.00000000,20221.77000000,639.58475000,1657756799999,12881499.78493010,12269,293.28199000,5909702.71146590,0
1657756800000,20220.00000000,20405.38000000,20151.74000000,20289.76000000,527.66037000,1657760399999,10689189.48491080,10433,234.35511000,4748443.81347970,0
1657760400000,20290.56000000,20410.25000000,20210.00000000,20267.45000000,312.27260000,1657763999999,6332136.05483510,6309,148.75057000,3016582.64303440,0
1657764000000,20267.45000000,20293.48000000,20166.68000000,20242.51000000,286.67163000,1657767599999,5799582.23164620,4895,131.78279000,2666082.67465130,0
1657767600000,20243.25000000,20360.57000000,20191.52000000,20204.68000000,238.07376000,1657771199999,4826279.72229770,5018,122.12783000,2475963.52965950,0
1657771200000,20210.83000000,20261.84000000,20044.63000000,20069.71000000,253.80187000,1657774799999,5113568.80805510,5647,109.32294000,2202246.12122900,0
1657774800000,20071.22000000,20203.70000000,20034.06000000,20100.51000000,234.75046000,1657778399999,4722586.79647800,4880,114.28845000,2299648.22591640,0
1657778400000,20098.71000000,20132.69000000,19887.11000000,20011.34000000,362.54878000,1657781999999,7254585.85624280,7028,161.40934000,3230062.64507460,0
1657782000000,20012.43000000,20038.07000000,19909.39000000,19975.94000000,177.82396000,1657785599999,3551276.50074850,4338,81.48923000,1627639.23838520,0
1657785600000,19979.16000000,20040.67000000,19722.13000000,19750.70000000,313.68330000,1657789199999,6238498.41868380,6986,144.70458000,2877988.01973860,0
1657789200000,19752.25000000,19820.00000000,19672.17000000,19809.73000000,292.37354000,1657792799999,5774016.35650520,5999,127.63394000,2520795.65163030,0
1657792800000,19810.11000000,19837.07000000,19720.48000000,19773.40000000,325.13548000,1657796399999,6430950.11782290,6116,191.74200000,3792162.11488260,0
1657796400000,19767.19000000,19790.68000000,19621.13000000,19721.66000000,379.70942000,1657799999999,7487636.12673080,8053,186.59715000,3679821.12283730,0
1657800000000,19720.36000000,19860.00000000,19600.00000000,19767.21000000,432.13582000,1657803599999,8535528.46581970,8792,210.13257000,4150755.08891790,0
1657803600000,19767.72000000,19910.45000000,19628.17000000,19752.92000000,517.27912000,1657807199999,10209452.59147770,10150,292.25265000,5771119.06841440,0
1657807200000,19750.00000000,19937.20000000,19660.00000000,19880.59000000,494.06787000,1657810799999,9765842.32401580,9063,267.09765000,5278895.64839780,0
1657810800000,19881.71000000,20461.53000000,19881.71000000,20375.98000000,704.10438000,1657814399999,14223475.58405230,12830,346.92836000,7009776.85524090,0
1657814400000,20373.75000000,20499.99000000,20126.89000000,20206.52000000,544.34801000,1657817999999,11044757.71467580,9977,272.74000000,5533585.71019580,0
1657818000000,20208.72000000,20766.39000000,20170.00000000,20724.12000000,509.31966000,1657821599999,10438211.12360510,11799,282.58001000,5790522.45992460,0
1657821600000,20725.60000000,20775.00000000,20610.99000000,20687.89000000,341.71061000,1657825199999,7067135.40957850,7570,183.28188000,3790673.67169750,0
1657825200000,20685.78000000,20885.40000000,20570.38000000,20595.53000000,579.12501000,1657828799999,11986521.68642310,10157,271.39488000,5619655.96030670,0
1657828800000,20596.98000000,20690.00000000,20504.19000000,20665.39000000,196.43193000,1657832399999,4045793.90146990,5036,96.20222000,1981610.71795640,0
1657832400000,20666.78000000,20700.13000000,20422.85000000,20461.28000000,94.18854000,1657835999999,1937775.80917460,3472,47.54906000,978179.25000220,0
1657836000000,20464.96000000,20550.58000000,20432.29000000,20489.34000000,128.91198000,1657839599999,2641973.18149290,3804,65.59979000,1344281.65601940,0
1657839600000,20489.34000000,20590.00000000,20453.78000000,20577.85000000,128.96656000,1657843199999,2648749.22512860,3544,68.35561000,1403950.27010580,0
1657843200000,20574.27000000,20593.44000000,20376.00000000,20384.08000000,256.81857000,1657846799999,5255763.14502240,5539,118.58788000,2426765.33030540,0
1657846800000,20382.33000000,20637.93000000,20368.26000000,20615.24000000,176.58793000,1657850399999,3612800.39655760,4533,88.94589000,1819865.22760350,0
1657850400000,20614.07000000,20816.31000000,20421.08000000,20475.30000000,444.72798000,1657853999999,9174008.95311740,10308,222.13398000,4583955.39546850,0
1657854000000,20480.00000000,20621.94000000,20433.07000000,20599.29000000,208.86704000,1657857599999,4287126.34091490,5167,102.73559000,2108970.58616730,0
1657857600000,20601.62000000,20690.55000000,20483.75000000,20531.44000000,215.22035000,1657861199999,4432611.79474090,5983,106.78267000,2199823.25947030,0
1657861200000,20535.67000000,20669.11000000,20500.94000000,20652.61000000,184.42312000,1657864799999,3796107.48837240,4826,95.08155000,1957450.52493360,0
1657864800000,20652.60000000,20684.79000000,20580.57000000,20591.76000000,152.99503000,1657868399999,3156242.44460750,4353,75.66478000,1561070.16930400,0
1657868400000,20590.71000000,20918.55000000,20551.77000000,20822.73000000,424.55604000,1657871999999,8818012.69756750,9773,216.01990000,4486494.86977360,0
1657872000000,20824.00000000,21020.40000000,20710.00000000,20850.30000000,417.63887000,1657875599999,8714058.55891420,9150,223.27088000,4659532.43815970,0
1657875600000,20854.01000000,21037.52000000,20831.07000000,20885.62000000,413.32054000,1657879199999,8651922.91872840,8847,212.26953000,4443800.60732820,0
1657879200000,20884.60000000,20916.60000000,20792.50000000,20859.84000000,279.91951000,1657882799999,5835845.03339960,5622,131.90437000,2749878.99081630,0
1657882800000,20858.13000000,20941.96000000,20752.10000000,20760.88000000,287.70123000,1657886399999,5993780.97259550,5866,124.23143000,2588611.13559790,0
1657886400000,20761.75000000,21032.57000000,20749.25000000,20975.68000000,437.85155000,1657889999999,9136922.14242270,9814,205.74861000,4295648.53165000,0
1657890000000,20975.86000000,21076.92000000,20782.68000000,20847.77000000,524.27010000,1657893599999,10978196.94756170,10977,257.54767000,5392905.96875360,0
1657893600000,20852.50000000,20997.11000000,20846.38000000,20884.21000000,452.08411000,1657897199999,9458960.60406910,9626,224.73294000,4702485.77774930,0
1657897200000,20884.16000000,20953.33000000,20770.91000000,20783.65000000,326.25261000,1657900799999,6809952.62425020,6476,162.40581000,3390176.48381880,0
1657900800000,20784.70000000,20806.33000000,20614.25000000,20750.10000000,596.56989000,1657904399999,12364111.08507270,10495,323.30977000,6701470.71255000,0
1657904400000,20746.20000000,20917.00000000,20732.75000000,20773.78000000,448.74028000,1657907999999,9340069.77098410,8867,244.33006000,5084983.79027170,0
1657908000000,20776.25000000,21047.47000000,20762.28000000,21027.15000000,340.92584000,1657911599999,7128118.09245760,7348,177.49032000,3711851.24089980,0
1657911600000,21026.13000000,21195.97000000,20934.54000000,21160.62000000,351.15450000,1657915199999,7386656.88635760,7371,179.98561000,3787502.85853890,0
1657915200000,21160.00000000,21195.00000000,20885.98000000,20924.04000000,302.39966000,1657918799999,6362356.81672850,8530,131.74407000,2771664.15970760,0
1657918800000,20931.46000000,21011.47000000,20825.02000000,20964.85000000,144.35215000,1657922399999,3020263.21724960,3965,70.35444000,1472276.17344420,0
1657922400000,20961.58000000,20984.37000000,20809.23000000,20884.50000000,139.29652000,1657925999999,2908284.70178290,3632,58.59553000,1223676.43393450,0
1657926000000,20887.45000000,20939.38000000,20752.67000000,20824.97000000,234.40661000,1657929599999,4884105.98469370,4876,87.27599000,1818535.54246520,0
1657929600000,20828.95000000,20857.70000000,20666.49000000,20680.38000000,208.95013000,1657933199999,4334511.75177240,5134,102.14006000,2118934.57091940,0
1657933200000,20680.64000000,20752.49000000,20631.44000000,20716.26000000,125.93133000,1657936799999,2606404.60114510,3363,62.62309000,1296107.79601580,0
1657936800000,20711.16000000,20740.37000000,20600.00000000,20696.11000000,147.10607000,1657940399999,3040134.80147040,3782,72.38480000,1496039.46514450,0
1657940400000,20700.00000000,20761.48000000,20680.23000000,20732.71000000,121.94091000,1657943999999,2526091.82415480,3166,50.29716000,1042252.75685040,0
1657944000000,20731.01000000,20759.23000000,20647.99000000,20738.02000000,192.82050000,1657947599999,3992794.70858240,4422,91.72609000,1899426.79932940,0
1657947600000,20741.50000000,20744.38000000,20510.01000000,20599.27000000,211.21146000,1657951199999,4366893.52081170,4159,84.89581000,1755013.40088620,0
1657951200000,20590.44000000,20617.71000000,20469.66000000,20540.29000000,287.26880000,1657954799999,5900825.80671280,6175,139.85379000,2872613.04846980,0
1657954800000,20543.78000000,20616.69000000,20494.77000000,20542.71000000,187.23702000,1657958399999,3849338.10515880,4163,93.38735000,1920322.74233730,0
1657958400000,20540.00000000,20653.27000000,20535.62000000,20602.47000000,173.82033000,1657961999999,3581085.39077070,4027,88.60277000,1825533.71720960,0
1657962000000,20601.36000000,20634.13000000,20570.00000000,20606.88000000,71.10067000,1657965599999,1464743.84505390,2366,35.11655000,723474.14893300,0
1657965600000,20607.46000000,20681.44000000,20587.32000000,20629.14000000,92.18786000,1657969199999,1902008.61692260,2713,46.19965000,953184.54957390,0
1657969200000,20628.45000000,20671.26000000,20601.56000000,20610.00000000,110.35908000,1657972799999,2277483.54585650,2792,44.26817000,913667.25412910,0
1657972800000,20613.41000000,20740.00000000,20585.00000000,20691.38000000,181.62518000,1657976399999,3751402.60851120,3765,86.20013000,1780873.10249420,0
1657976400000,20690.02000000,20857.08000000,20680.00000000,20836.40000000,378.37505000,1657979999999,7861239.42109980,6823,185.07169000,3845234.54139070,0
1657980000000,20834.44000000,20868.96000000,20730.00000000,20810.82000000,259.67900000,1657983599999,5401924.04137100,4741,130.76474000,2720124.14434580,0
1657983600000,20812.23000000,20955.95000000,20808.75000000,20937.26000000,307.30787000,1657987199999,6422082.04063980,5613,157.72844000,3296491.25541050,0
1657987200000,20938.09000000,21487.72000000,20921.60000000,21458.24000000,1138.87059000,1657990799999,24158961.15213270,21015,586.36276000,12436365.94796070,0
1657990800000,21461.55000000,21582.85000000,21220.88000000,21238.28000000,656.39666000,1657994399999,14075131.41487170,12962,326.50705000,7002164.21656840,0
1657994400000,21239.27000000,21354.09000000,21190.00000000,21284.66000000,360.62668000,1657997999999,7673053.34798580,7138,187.16142000,3982144.07602510,0
1657998000000,21280.92000000,21389.98000000,21150.00000000,21183.59000000,408.52053000,1658001599999,8691203.42630650,8335,241.03069000,5128617.54599450,0
1658001600000,21183.41000000,21221.01000000,20909.09000000,21202.56000000,606.03392000,1658005199999,12770064.34594070,9758,324.57102000,6838551.19666260,0
1658005200000,21200.96000000,21336.95000000,21078.12000000,21191.24000000,224.67180000,1658008799999,4763526.88424770,4727,120.26628000,2550213.91304520,0
1658008800000,21194.86000000,21310.00000000,21130.21000000,21292.15000000,214.35279000,1658012399999,4549103.31899910,4257,123.03070000,2611500.14238890,0
1658012400000,21287.41000000,21296.23000000,21152.88000000,21190.00000000,143.48079000,1658015999999,3042904.40471960,3569,68.47833000,1452459.37574810,0
1658016000000,21191.49000000,21343.50000000,21184.01000000,21294.47000000,220.26246000,1658019599999,4686598.82331990,5441,109.94823000,2339297.19318110,0
1658019600000,21293.48000000,21334.31000000,21080.36000000,21151.56000000,225.79562000,1658023199999,4782200.25471660,5350,112.28249000,2377751.49032070,0
1658023200000,21156.06000000,21240.36000000,21124.41000000,21157.47000000,201.07473000,1658026799999,4259213.35650340,3909,108.81410000,2305418.45979880,0
1658026800000,21154.64000000,21456.43000000,21150.77000000,21318.65000000,236.91786000,1658030399999,5054446.60332070,5205,110.10772000,2347849.38963260,0
1658030400000,21318.66000000,21471.43000000,21227.99000000,21255.65000000,189.76417000,1658033999999,4049288.63727330,4323,97.47569000,2080630.11251200,0
1658034000000,21257.78000000,21390.00000000,21247.67000000,21352.43000000,164.40607000,1658037599999,3505967.57473300,3966,87.11112000,1857593.22361410,0
1658037600000,21350.68000000,21591.90000000,21342.23000000,21572.69000000,355.49045000,1658041199999,7624047.04404630,7287,211.90034000,4544825.21211790,0
1658041200000,21573.95000000,21672.23000000,21453.59000000,21466.03000000,326.36757000,1658044799999,7035319.81023950,7466,141.31738000,3045773.41282610,0
1658044800000,21466.27000000,21511.43000000,21366.59000000,21448.02000000,336.11811000,1658048399999,7200161.34863510,7409,200.51390000,4295400.20101830,0
1658048400000,21446.81000000,21544.84000000,21249.83000000,21363.36000000,324.18385000,1658051999999,6928184.10757390,6661,132.49083000,2833389.60730210,0
1658052000000,21357.67000000,21390.66000000,21209.23000000,21380.09000000,298.60016000,1658055599999,6355351.15342750,6591,139.58351000,2970362.36315630,0
1658055600000,21377.27000000,21466.12000000,21285.92000000,21445.73000000,236.54143000,1658059199999,5056574.40150500,5636,137.84595000,2946763.21755500,0
1658059200000,21450.00000000,21590.91000000,21334.00000000,21373.77000000,302.75848000,1658062799999,6486933.20908050,5953,176.60758000,3785383.11554880,0
1658062800000,21372.07000000,21384.03000000,21105.72000000,21111.01000000,584.47553000,1658066399999,12399250.17410620,11745,290.28768000,6158209.98981760,0
1658066400000,21110.88000000,21252.83000000,21072.12000000,21200.00000000,333.02231000,1658069999999,7054079.55558360,6214,164.90615000,3492861.66925940,0
1658070000000,21200.62000000,21269.23000000,21122.97000000,21163.98000000,202.56977000,1658073599999,4293728.32002440,4612,83.82959000,1777240.90489560,0
1658073600000,21162.72000000,21214.52000000,21000.00000000,21140.90000000,334.23076000,1658077199999,7055316.94571550,7461,180.30831000,3805737.31358880,0
1658077200000,21141.15000000,21378.95000000,20818.19000000,20917.85000000,483.32590000,1658080799999,10220255.42536370,11266,236.06989000,4994745.26401830,0
1658080800000,20913.43000000,21057.43000000,20871.79000000,20971.59000000,257.99864000,1658084399999,5409777.97911250,6384,136.17225000,2855540.08509550,0
1658084400000,20970.72000000,21076.69000000,20928.68000000,21021.23000000,227.63569000,1658087999999,4783869.63163660,4965,103.27798000,2170845.98774130,0
1658088000000,21026.82000000,21040.00000000,20907.64000000,20930.78000000,113.69705000,1658091599999,2383343.55298040,2707,67.02232000,1404833.08294160,0
1658091600000,20934.37000000,21049.99000000,20880.22000000,21012.83000000,131.58723000,1658095199999,2760850.68962290,3759,51.41745000,1078889.09214340,0
1658095200000,21011.72000000,21072.48000000,20918.60000000,20996.22000000,178.62418000,1658098799999,3749557.90517330,3620,86.49574000,1815319.91509530,0
1658098800000,20996.22000000,21004.31000000,20717.94000000,20789.77000000,238.79640000,1658102399999,4977269.20740110,4847,117.93360000,2458064.70024660,0
1658102400000,20796.12000000,20916.85000000,20759.57000000,20818.31000000,270.94677000,1658105999999,5647117.97484590,5493,138.44746000,2885659.54159180,0
1658106000000,20819.96000000,21005.54000000,20813.29000000,20972.69000000,211.34237000,1658109599999,4423169.57473150,4839,102.15653000,2138105.47676880,0
1658109600000,20971.82000000,21381.57000000,20953.76000000,21330.00000000,349.84831000,1658113199999,7396775.03918330,8861,193.62657000,4094845.12341660,0
1658113200000,21330.51000000,21374.41000000,21191.91000000,21278.00000000,207.59991000,1658116799999,4420849.85782810,6110,104.67719000,2229696.69521910,0
1658116800000,21275.74000000,21328.84000000,21164.67000000,21296.95000000,207.92183000,1658120399999,4420952.72080400,5793,103.90183000,2208966.51852380,0
1658120400000,21297.70000000,21869.92000000,21288.85000000,21860.47000000,705.83493000,1658123999999,15238226.29420660,12638,386.79399000,8349171.14372970,0
1658124000000,21858.87000000,22357.32000000,21767.38000000,22193.72000000,670.19846000,1658127599999,14802863.64352380,12516,367.16781000,8111398.66558230,0
1658127600000,22189.79000000,22397.43000000,22100.00000000,22245.85000000,367.26964000,1658131199999,8171708.66273780,7975,182.80832000,4068136.83679350,0
1658131200000,22250.23000000,22520.04000000,22145.68000000,22292.00000000,641.91405000,1658134799999,14333943.80714620,9958,296.92427000,6635664.56279120,0
1658134800000,22288.10000000,22402.86000000,22209.57000000,22231.79000000,319.38336000,1658138399999,7123362.86012770,6755,135.59477000,3024370.45155420,0
1658138400000,22240.58000000,22381.92000000,22100.00000000,22201.91000000,291.40771000,1658141999999,6477361.22868150,6201,145.98095000,3245867.24036370,0
1658142000000,22195.50000000,22327.17000000,21966.47000000,22131.84000000,536.17088000,1658145599999,11885429.05978920,9925,285.63485000,6331921.92525180,0
1658145600000,22130.91000000,22318.26000000,21888.00000000,22283.41000000,447.31774000,1658149199999,9861716.92203000,9522,253.22130000,5581898.05262750,0
1658149200000,22286.58000000,22320.71000000,22069.10000000,22135.98000000,359.21681000,1658152799999,7975136.34042190,7815,183.99511000,4085082.32777130,0
1658152800000,22139.95000000,22235.82000000,21985.67000000,22213.10000000,365.62808000,1658156399999,8076304.07808050,7970,183.55935000,4054955.71073260,0
1658156400000,22209.12000000,22777.00000000,22160.00000000,22662.35000000,403.16251000,1658159999999,9043535.40779370,8905,214.91983000,4830220.55464860,0
1658160000000,22682.85000000,22750.00000000,22108.56000000,22199.44000000,549.74218000,1658163599999,12305800.76443670,11012,249.02860000,5577811.44526470,0
1658163600000,22200.37000000,22220.00000000,21833.00000000,21867.88000000,329.67947000,1658167199999,7262638.37465180,8300,154.61151000,3407601.22383380,0
1658167200000,21870.20000000,22015.48000000,21800.00000000,21837.06000000,241.07904000,1658170799999,5277321.92926130,6266,104.83781000,2295867.78646560,0
1658170800000,21828.30000000,21878.15000000,21348.00000000,21612.85000000,404.07271000,1658174399999,8744737.86947080,9346,181.94124000,3939059.48910280,0
1658174400000,21616.90000000,21675.00000000,21430.00000000,21480.10000000,236.48695000,1658177999999,5100636.91639010,5321,131.21507000,2830654.13464180,0
1658178000000,21488.20000000,21749.41000000,21440.01000000,21653.38000000,140.20315000,1658181599999,3030756.79313610,4480,74.85593000,1618873.74350550,0
1658181600000,21656.45000000,21856.47000000,21556.07000000,21789.51000000,135.63284000,1658185199999,2943140.21854330,4388,73.40465000,1593082.14583280,0
1658185200000,21788.46000000,22654.14000000,21766.91000000,22430.00000000,416.93533000,1658188799999,9278924.09082520,9758,215.10239000,4794216.64962830,0
1658188800000,22438.00000000,22952.23000000,22176.17000000,22343.34000000,1084.85602000,1658192399999,24439116.50456400,21624,519.15321000,11698904.31267840,0
1658192400000,22343.17000000,22390.89000000,22015.43000000,22052.46000000,502.12628000,1658195999999,11140340.18870270,11152,247.90190000,5501066.38168020,0
1658196000000,22052.73000000,22170.00000000,21925.35000000,22094.49000000,331.61816000,1658199599999,7315294.34091280,7963,162.34303000,3581563.61704650,0
1658199600000,22093.60000000,22269.86000000,21762.60000000,21897.00000000,288.79953000,1658203199999,6374031.37335480,7034,140.33707000,3099043.74594890,0
1658203200000,21903.16000000,21951.02000000,21701.77000000,21892.00000000,302.90580000,1658206799999,6614673.79710840,6697,146.62867000,3202431.31671940,0
1658206800000,21890.93000000,22114.55000000,21823.29000000,22004.08000000,188.01354000,1658210399999,4137856.16162180,5519,96.43955000,2122675.58294610,0
1658210400000,21999.96000000,22130.74000000,21580.11000000,21762.81000000,398.89550000,1658213999999,8716038.33995180,8468,184.75612000,4037827.60602480,0
1658214000000,21757.35000000,21877.05000000,21685.00000000,21765.21000000,286.37390000,1658217599999,6240349.97702020,6526,136.81958000,2981945.37710120,0
1658217600000,21768.38000000,21935.89000000,21698.03000000,21924.34000000,287.50723000,1658221199999,6277419.91834280,6876,117.67542000,2569471.65550320,0
1658221200000,21918.60000000,21966.28000000,21809.07000000,21903.36000000,350.38719000,1658224799999,7674467.85831820,6955,140.00629000,3066704.13155800,0
1658224800000,21904.01000000,22108.00000000,21810.00000000,22006.68000000,340.09927000,1658228399999,7461691.66443960,7200,168.71960000,3702275.40515410,0
1658228400000,22002.00000000,22228.23000000,21910.00000000,21975.38000000,361.58655000,1658231999999,7983843.60899940,7169,175.73196000,3878713.96014620,0
1658232000000,21982.46000000,22195.39000000,21971.03000000,22173.13000000,516.97402000,1658235599999,11419267.87990350,8210,279.96566000,6184593.51948580,0
1658235600000,22173.92000000,22546.02000000,22045.98000000,22320.00000000,545.91345000,1658239199999,12132210.96842310,10005,251.84297000,5599415.24126180,0
1658239200000,22326.13000000,22642.63000000,22100.12000000,22625.14000000,675.39188000,1658242799999,15097128.10076740,9805,315.88780000,7065666.70522150,0
1658242800000,22629.67000000,23206.09000000,22476.82000000,23145.72000000,1035.23012000,1658246399999,23677853.25364640,15507,514.45500000,11770131.27644380,0
1658246400000,23137.51000000,23450.00000000,22949.95000000,23242.51000000,1141.27975000,1658249999999,26504276.32071970,14273,524.06356000,12172866.80622550,0
1658250000000,23241.58000000,23577.27000000,22982.01000000,23446.79000000,737.18029000,1658253599999,17131041.73613810,10399,388.53738000,9030561.40399080,0
1658253600000,23453.73000000,23526.54000000,23250.27000000,23413.33000000,475.31385000,1658257199999,11115832.25226240,7329,230.12628000,5380348.60374660,0
1658257200000,23413.61000000,23719.61000000,23346.31000000,23396.96000000,455.48849000,1658260799999,10715634.96329320,7271,229.13179000,5392317.83924480,0
1658260800000,23397.66000000,23447.39000000,23163.26000000,23305.66000000,374.34058000,1658264399999,8713054.89420660,5953,202.99944000,4724383.43780790,0
1658264400000,23307.05000000,23810.89000000,23256.01000000,23650.00000000,361.94235000,1658267999999,8513888.88390280,5864,182.82308000,4302549.38691380,0
1658268000000,23647.99000000,23657.77000000,23343.25000000,23502.02000000,347.65981000,1658271599999,8163539.52965760,4998,144.71375000,3400520.07406750,0
1658271600000,23508.19000000,23631.29000000,23231.33000000,23400.00000000,480.61686000,1658275199999,11258233.32600370,5978,232.45566000,5442885.71868790,0
1658275200000,23400.00000000,23442.44000000,22600.00000000,23033.56000000,834.87092000,1658278799999,19289924.80944540,12383,317.85683000,7367607.63551820,0
1658278800000,23035.94000000,23335.52000000,22948.72000000,23258.71000000,450.00680000,1658282399999,10424645.29433860,8132,232.07734000,5376180.96961880,0
1658282400000,23257.39000000,23503.19000000,23206.23000000,23374.27000000,401.65965000,1658285999999,9389246.28543650,7344,199.44381000,4662990.43615560,0
1658286000000,23373.04000000,23525.45000000,23270.42000000,23437.24000000,490.73218000,1658289599999,11488292.20853260,8168,248.71518000,5822083.97584840,0
1658289600000,23437.48000000,23525.60000000,23304.47000000,23392.58000000,286.91316000,1658293199999,6707263.05877190,6036,152.69480000,3569686.61865890,0
1658293200000,23393.09000000,23560.22000000,23315.58000000,23501.50000000,305.52840000,1658296799999,7161619.18063820,6537,152.79490000,3581719.09190460,0
1658296800000,23499.99000000,23819.97000000,23491.83000000,23789.66000000,537.65110000,1658300399999,12726682.94983090,8619,278.86173000,6602153.69260460,0
1658300400000,23781.83000000,23865.00000000,23372.25000000,23380.31000000,628.20643000,1658303999999,14838585.86616560,9849,326.10660000,7704394.53011590,0
1658304000000,23380.00000000,23518.27000000,23317.53000000,23369.49000000,589.04629000,1658307599999,13794611.99992160,8705,283.09943000,6629581.85576500,0
1658307600000,23366.04000000,23586.78000000,23312.45000000,23530.82000000,456.29749000,1658311199999,10721236.73058590,7727,227.85531000,5354369.27403460,0
1658311200000,23528.25000000,23888.00000000,23503.49000000,23710.71000000,676.52090000,1658314799999,16022635.36862190,11124,363.40715000,8607538.51885690,0
1658314800000,23713.49000000,23830.56000000,23586.24000000,23729.90000000,566.67766000,1658318399999,13421229.19278970,9281,287.46951000,6809778.53333820,0
1658318400000,23730.01000000,23935.34000000,23573.29000000,23811.57000000,752.35417000,1658321999999,17883037.29447520,12596,359.59459000,8548566.53861270,0
1658322000000,23807.18000000,24085.63000000,23768.67000000,23782.79000000,512.90719000,1658325599999,12256435.34052890,10304,249.02142000,5950921.67143200,0
1658325600000,23789.10000000,24200.00000000,23700.00000000,24196.68000000,684.62165000,1658329199999,16423002.33868580,10184,361.93480000,8687371.07613480,0
1658329200000,24192.83000000,24283.76000000,24049.09000000,24175.79000000,547.90755000,1658332799999,13235395.86118860,8649,299.16499000,7225956.93587080,0
1658332800000,24171.12000000,24203.37000000,23536.09000000,23694.30000000,683.61719000,1658336399999,16299413.99956080,11258,330.81386000,7887824.54283480,0
1658336400000,23688.29000000,23746.65000000,23412.48000000,23518.05000000,751.26088000,1658339999999,17728611.20289960,10699,364.32652000,8595281.79729570,0
1658340000000,23520.37000000,23882.39000000,23510.94000000,23767.12000000,488.20539000,1658343599999,11588695.10774990,7820,239.61922000,5687928.77317740,0
1658343600000,23766.80000000,23945.51000000,23571.94000000,23662.19000000,415.71736000,1658347199999,9865958.05554620,7057,189.13053000,4487024.61406730,0
1658347200000,23661.72000000,23767.87000000,22900.03000000,23259.10000000,955.01207000,1658350799999,22148332.93516130,15681,460.38721000,10678419.85558670,0
1658350800000,23262.86000000,23802.95000000,23238.29000000,23613.45000000,331.05748000,1658354399999,7759319.23686930,6862,162.39788000,3807460.93393750,0
1658354400000,23606.14000000,23636.36000000,23307.95000000,23307.95000000,281.04335000,1658357999999,6591657.70093100,5467,117.78839000,2761585.09080690,0
1658358000000,23312.23000000,23401.98000000,23113.41000000,23225.55000000,391.87600000,1658361599999,9117362.69075310,6875,196.35933000,4568686.68382270,0
1658361600000,23228.10000000,23398.74000000,23125.00000000,23256.00000000,468.26279000,1658365199999,10884067.34924670,7826,234.39729000,5447898.25014970,0
1658365200000,23255.56000000,23452.30000000,23168.51000000,23237.95000000,687.50696000,1658368799999,16018725.90795620,10520,364.50160000,8494904.08955190,0
1658368800000,23235.41000000,23338.00000000,22685.50000000,22691.46000000,706.04352000,1658372399999,16247284.54052780,11496,326.97873000,7524788.95594700,0
1658372400000,22697.60000000,22865.91000000,22660.56000000,22777.46000000,516.61736000,1658375999999,11778632.71829720,8649,258.56179000,5894224.02291900,0
1658376000000,22778.79000000,22936.90000000,22641.02000000,22875.79000000,939.04277000,1658379599999,21429356.47533660,12878,519.97294000,11866770.98217240,0
1658379600000,22875.79000000,22988.88000000,22811.98000000,22939.60000000,381.60695000,1658383199999,8743329.93991130,7305,188.36832000,4316133.12035940,0
1658383200000,22944.81000000,22967.80000000,22752.98000000,22789.39000000,483.25487000,1658386799999,11057394.29585960,7269,218.20026000,4994124.41796620,0
1658386800000,22786.08000000,23090.90000000,22775.76000000,22936.53000000,504.16865000,1658390399999,11579080.73435160,8425,224.30224000,5150709.67014120,0
1658390400000,22934.45000000,22967.39000000,22797.50000000,22873.26000000,398.42531000,1658393999999,9114360.18366600,6491,183.77135000,4203247.88162670,0
1658394000000,22875.29000000,23013.00000000,22855.71000000,23002.31000000,415.55881000,1658397599999,9539419.20911750,6461,194.05845000,4455091.08179640,0
1658397600000,23001.96000000,23072.16000000,22850.00000000,22867.18000000,231.04155000,1658401199999,5307471.26282000,5544,114.37122000,2627842.27126710,0
1658401200000,22867.18000000,22903.99000000,22448.49000000,22606.54000000,607.13477000,1658404799999,13770541.17456430,9965,287.85008000,6531444.56264920,0
1658404800000,22605.89000000,22850.23000000,22556.04000000,22805.92000000,710.37206000,1658408399999,16146494.41089820,10556,352.03447000,7998842.96584740,0
1658408400000,22802.71000000,22814.59000000,22564.02000000,22706.64000000,471.84044000,1658411999999,10708484.00518440,8335,238.89416000,5421392.43235020,0
1658412000000,22709.71000000,22757.98000000,22345.04000000,22557.50000000,623.09257000,1658415599999,14030051.98286890,9711,313.12252000,7051860.99326000,0
1658415600000,22562.26000000,22678.88000000,22511.79000000,22641.66000000,421.03609000,1658419199999,9516291.49378680,6177,219.00002000,4949517.64523630,0
1658419200000,22641.66000000,23206.70000000,22633.79000000,23034.19000000,854.35497000,1658422799999,19631065.59484920,11526,435.50611000,10008221.57953390,0
1658422800000,23038.86000000,23211.00000000,22772.20000000,22849.97000000,432.97667000,1658426399999,9959060.22047920,7830,220.10167000,5064053.59694430,0
1658426400000,22859.13000000,23008.20000000,22822.92000000,22931.88000000,282.22444000,1658429999999,6463024.34460750,5180,137.36039000,3145535.29240660,0
1658430000000,22931.88000000,23207.32000000,22919.10000000,23199.94000000,523.44726000,1658433599999,12079844.35310040,8093,262.02990000,6046950.07231550,0
1658433600000,23197.69000000,23317.43000000,23092.36000000,23125.12000000,431.89914000,1658437199999,10018173.91577220,7212,214.89550000,4984740.89154510,0
1658437200000,23127.75000000,23250.00000000,23080.78000000,23211.33000000,164.97866000,1658440799999,3819805.89421950,4013,83.16458000,1925568.76950920,0
1658440800000,23210.92000000,23230.25000000,22940.83000000,23022.23000000,377.96902000,1658444399999,8711742.51213290,6366,174.32204000,4017444.79504520,0
1658444400000,23019.66000000,23234.67000000,23005.37000000,23153.61000000,321.88199000,1658447999999,7446604.34159310,5806,157.01442000,3631988.70831730,0
1658448000000,23153.15000000,23350.45000000,23092.66000000,23276.97000000,397.80486000,1658451599999,9244078.36982480,7842,171.97644000,3995089.00491530,0
1658451600000,23271.49000000,23306.66000000,23070.00000000,23105.55000000,239.58430000,1658455199999,5553743.42975290,5462,112.47810000,2606789.17856490,0
1658455200000,23106.74000000,23136.41000000,22962.13000000,22986.04000000,215.07688000,1658458799999,4957585.10292580,5194,102.31555000,2358470.71277160,0
1658458800000,22988.39000000,23043.26000000,22858.46000000,22911.35000000,329.32461000,1658462399999,7564451.23947440,5646,172.41026000,3961126.08360840,0
1658462400000,22914.51000000,22987.17000000,22802.57000000,22971.82000000,197.82210000,1658465999999,4532482.10607970,4566,101.96975000,2336363.07844330,0
1658466000000,22966.87000000,23176.32000000,22889.61000000,23148.00000000,301.41609000,1658469599999,6952929.93266990,5989,151.65546000,3498077.64299800,0
1658469600000,23151.11000000,23225.06000000,23083.13000000,23166.92000000,295.45909000,1658473199999,6839610.12514230,6170,162.76172000,3767121.01513740,0
1658473200000,23170.82000000,23321.67000000,23020.65000000,23122.22000000,397.91823000,1658476799999,9219527.04876070,7432,216.93019000,5024737.98098840,0
1658476800000,23122.79000000,23320.00000000,23073.01000000,23307.06000000,509.88781000,1658480399999,11834181.22454910,8275,249.15960000,5784170.44599810,0
1658480400000,23301.05000000,23526.12000000,23271.48000000,23459.90000000,589.20848000,1658483999999,13805712.41699360,10548,286.66637000,6716355.44045360,0
1658484000000,23456.57000000,23586.75000000,23420.00000000,23439.14000000,318.13089000,1658487599999,7476033.72974340,6105,147.19322000,3458998.55828760,0
1658487600000,23442.45000000,23637.00000000,23414.20000000,23619.36000000,421.13977000,1658491199999,9901344.61352500,7289,219.24610000,5155400.78463460,0
1658491200000,23614.34000000,23700.00000000,23568.54000000,23594.15000000,540.45359000,1658494799999,12771226.49470400,7665,252.84079000,5975980.83692990,0
1658494800000,23592.94000000,23769.83000000,23420.00000000,23465.21000000,636.98839000,1658498399999,15021392.08855560,11545,309.56372000,7298328.31259120,0
1658498400000,23464.73000000,23679.99000000,23334.12000000,23671.80000000,621.19528000,1658501999999,14593563.41989800,11601,322.94021000,7586593.64178370,0
1658502000000,23667.33000000,23669.50000000,23222.44000000,23289.49000000,638.33128000,1658505599999,14931292.68033630,10650,342.30975000,8002385.10094390,0
1658505600000,23287.09000000,23346.15000000,23050.00000000,23112.14000000,571.50955000,1658509199999,13247729.50775830,8249,270.47067000,6268555.41554790,0
1658509200000,23112.75000000,23201.12000000,22890.62000000,23018.77000000,512.41454000,1658512799999,11798810.27527330,9201,264.23467000,6086176.25155800,0
1658512800000,23017.23000000,23064.69000000,22918.44000000,23024.45000000,172.83032000,1658516399999,3974081.40730890,3967,86.83177000,1996444.01597940,0
1658516400000,23030.13000000,23142.27000000,22545.00000000,22590.76000000,695.20908000,1658519999999,15864038.87529530,9568,324.04154000,7395784.94632310,0
1658520000000,22591.53000000,22735.32000000,22502.67000000,22606.57000000,396.29843000,1658523599999,8968457.90295550,5999,175.05154000,3960844.45973660,0
1658523600000,22604.34000000,22787.25000000,22577.34000000,22740.66000000,133.98034000,1658527199999,3040781.34560340,3209,65.38140000,1483437.77953680,0
1658527200000,22740.86000000,22782.05000000,22640.16000000,22729.83000000,138.03384000,1658530799999,3133984.04428550,3222,50.19485000,1139952.60500940,0
1658530800000,22731.77000000,22769.43000000,22663.19000000,22685.98000000,127.00396000,1658534399999,2884309.16918580,3295,64.30739000,1460237.67520360,0
1658534400000,22687.31000000,22818.52000000,22546.56000000,22767.83000000,205.24696000,1658537999999,4660192.00121460,5124,107.98688000,2452526.51981860,0
1658538000000,22765.64000000,22881.54000000,22739.00000000,22786.20000000,147.79328000,1658541599999,3369899.38744610,3525,69.68503000,1589079.84500740,0
1658541600000,22787.33000000,22904.58000000,22778.84000000,22836.91000000,143.40193000,1658545199999,3277182.53640960,3565,71.70105000,1638675.09023970,0
1658545200000,22835.46000000,22907.00000000,22801.62000000,22811.13000000,100.32161000,1658548799999,2293226.91627440,2774,44.79554000,1024067.90274820,0
1658548800000,22810.95000000,22991.83000000,22732.81000000,22899.01000000,218.88032000,1658552399999,5007798.76848680,4664,106.00773000,2424541.87495160,0
1658552400000,22901.83000000,23002.30000000,22844.36000000,22907.15000000,189.44907000,1658555999999,4342678.71969530,4118,104.42552000,2393665.31307630,0
1658556000000,22907.98000000,22937.00000000,22813.01000000,22830.86000000,118.01579000,1658559599999,2699611.20136850,2768,51.21646000,1171273.63460460,0
1658559600000,22831.16000000,22852.96000000,22679.24000000,22772.74000000,246.08039000,1658563199999,5600145.31268180,4786,117.05530000,2664714.31483540,0
1658563200000,22777.23000000,22878.08000000,22581.14000000,22607.88000000,316.82124000,1658566799999,7209936.35561610,6253,166.94166000,3800371.11787610,0
1658566800000,22610.22000000,22702.91000000,22529.13000000,22669.89000000,301.35876000,1658570399999,6817787.90994380,5544,140.44401000,3177684.85996750,0
1658570400000,22670.29000000,22717.63000000,22393.57000000,22521.30000000,326.19966000,1658573999999,7351620.78104120,6363,162.23637000,3657131.24552460,0
1658574000000,22524.12000000,22551.39000000,22210.00000000,22230.05000000,409.63569000,1658577599999,9159768.23679210,7826,211.21251000,4722483.88273190,0
1658577600000,22232.33000000,22376.44000000,22083.08000000,22286.83000000,460.46842000,1658581199999,10245056.46779510,7032,237.06433000,5275110.44076770,0
1658581200000,22281.85000000,22386.27000000,22213.16000000,22344.58000000,146.29758000,1658584799999,3264089.48701220,3415,73.48044000,1640035.76186210,0
1658584800000,22341.87000000,22363.63000000,22052.61000000,22147.40000000,240.64234000,1658588399999,5348112.73711330,4721,104.14824000,2315388.85507040,0
1658588400000,22154.34000000,22304.68000000,22120.15000000,22218.07000000,259.18456000,1658591999999,5757370.59492490,4953,135.58179000,3011659.36444120,0
1658592000000,22217.11000000,22290.69000000,22175.39000000,22189.75000000,169.63881000,1658595599999,3772608.05457620,4542,94.51184000,2101993.58683500,0
1658595600000,22187.31000000,22252.52000000,21953.94000000,22030.27000000,434.90252000,1658599199999,9604985.98448950,7365,208.75128000,4612039.93001670,0
1658599200000,22029.99000000,22240.00000000,21943.34000000,22076.91000000,366.42841000,1658602799999,8101981.37973070,6805,171.33142000,3789039.43391330,0
1658602800000,22076.40000000,22331.60000000,22030.00000000,22279.03000000,272.17300000,1658606399999,6035985.65725360,5891,137.07089000,3040743.46309980,0
1658606400000,22276.14000000,22380.00000000,22247.16000000,22325.31000000,230.96424000,1658609999999,5152204.07221110,3848,113.30123000,2527304.55311920,0
1658610000000,22325.31000000,22357.96000000,22227.75000000,22245.54000000,147.20326000,1658613599999,3280822.42773350,2786,49.14564000,1095525.58800450,0
1658613600000,22241.67000000,22517.80000000,22233.15000000,22474.09000000,207.60550000,1658617199999,4655036.60719280,3922,105.82625000,2375067.36143750,0
1658617200000,22470.11000000,22599.99000000,22428.53000000,22451.33000000,178.11278000,1658620799999,4007724.99815280,3513,85.14737000,1916358.63543840,0
1658620800000,22453.09000000,22677.66000000,22447.02000000,22549.70000000,145.24770000,1658624399999,3280503.14586990,3464,77.52582000,1751079.92843560,0
1658624400000,22555.24000000,22592.05000000,22376.08000000,22431.24000000,100.06355000,1658627999999,2248273.40415420,3044,40.67593000,913958.60976110,0
1658628000000,22434.11000000,22480.60000000,22346.80000000,22471.20000000,106.37366000,1658631599999,2383691.64224680,2871,61.28861000,1373790.40619710,0
1658631600000,22470.46000000,22476.16000000,22293.86000000,22334.39000000,73.51876000,1658635199999,1643399.77027400,2445,31.57275000,705625.14738380,0
1658635200000,22332.89000000,22413.64000000,22264.87000000,22399.71000000,53.49622000,1658638799999,1195317.88671810,1943,26.51559000,592672.02118310,0
1658638800000,22401.94000000,22783.41000000,22393.06000000,22750.31000000,251.48370000,1658642399999,5693507.60672500,5641,141.60511000,3205330.44398220,0
1658642400000,22748.41000000,22766.93000000,22631.00000000,22679.42000000,300.97709000,1658645999999,6832881.74076520,5662,211.06835000,4792401.59205770,0
1658646000000,22679.15000000,22833.33000000,22668.79000000,22703.00000000,341.93835000,1658649599999,7778721.43684560,5402,164.12367000,3733379.17774890,0
1658649600000,22705.44000000,22743.55000000,22565.01000000,22684.07000000,218.84067000,1658653199999,4953857.11540820,4012,104.76269000,2371019.74694020,0
1658653200000,22683.80000000,22760.90000000,22599.26000000,22617.38000000,214.20148000,1658656799999,4858322.28638410,3788,73.23091000,1661267.56684700,0
1658656800000,22617.38000000,22679.48000000,22475.68000000,22519.96000000,117.65628000,1658660399999,2655726.79337210,3358,53.70750000,1213113.85120500,0
1658660400000,22518.00000000,22819.28000000,22511.53000000,22659.37000000,246.03834000,1658663999999,5588087.96150400,4720,130.68432000,2969265.13535780,0
1658664000000,22660.11000000,22773.91000000,22439.73000000,22496.36000000,221.85891000,1658667599999,5026032.04346030,4607,105.42839000,2388830.58442100,0
1658667600000,22500.00000000,22596.06000000,22445.34000000,22569.14000000,106.27960000,1658671199999,2393789.21328460,2718,49.43302000,1113592.58082980,0
1658671200000,22569.46000000,22798.42000000,22535.06000000,22772.71000000,204.86451000,1658674799999,4651368.57305690,5351,104.48685000,2372766.19127940,0
1658674800000,22772.00000000,22918.08000000,22743.99000000,22848.80000000,162.86009000,1658678399999,3718641.65004980,4429,85.57653000,1954607.09891560,0
1658678400000,22849.96000000,22880.88000000,22629.26000000,22710.38000000,121.58985000,1658681999999,2763889.69905470,3816,57.94161000,1317086.24085010,0
1658682000000,22707.76000000,22854.30000000,22633.00000000,22771.48000000,121.47111000,1658685599999,2764999.88679500,3584,56.52561000,1286772.54676270,0
1658685600000,22771.48000000,22801.56000000,22684.79000000,22714.07000000,68.08839000,1658689199999,1548572.79283850,2287,37.46455000,852197.12397930,0
1658689200000,22713.80000000,22806.99000000,22664.90000000,22701.99000000,95.81603000,1658692799999,2179083.82142040,2995,45.46220000,1033902.93551660,0
1658692800000,22699.25000000,22849.61000000,22673.02000000,22720.91000000,126.57047000,1658696399999,2877432.89171890,3133,76.40234000,1737158.96441980,0
1658696400000,22722.43000000,22840.00000000,22675.41000000,22818.00000000,151.30107000,1658699999999,3445708.51441880,3318,85.14879000,1939229.68093190,0
1658700000000,22813.05000000,23014.62000000,22551.04000000,22658.86000000,383.85966000,1658703599999,8757755.48309860,7920,201.58696000,4600480.15428490,0
1658703600000,22656.26000000,22762.49000000,22521.82000000,22581.29000000,272.36753000,1658707199999,6168781.82059900,5248,126.93196000,2875296.46357230,0
1658707200000,22583.42000000,22667.70000000,22261.76000000,22322.07000000,278.74740000,1658710799999,6259048.86813050,7323,140.06321000,3146245.25483510,0
1658710800000,22320.97000000,22330.00000000,22116.94000000,22208.78000000,247.38312000,1658714399999,5498124.03443330,5783,111.11248000,2469178.48197410,0
1658714400000,22208.14000000,22211.90000000,21863.90000000,21958.07000000,477.69220000,1658717999999,10523417.55705570,9002,215.09715000,4738329.76583720,0
1658718000000,21953.21000000,21961.52000000,21779.79000000,21871.37000000,286.45599000,1658721599999,6261543.52288930,6358,135.33757000,2958833.44589940,0
1658721600000,21864.85000000,21909.09000000,21705.60000000,21894.38000000,391.78962000,1658725199999,8548457.05891110,6983,218.76250000,4776036.59184920,0
1658725200000,21892.87000000,21942.89000000,21810.00000000,21916.94000000,200.00814000,1658728799999,4376760.76198800,4653,98.26594000,2150290.09778040,0
1658728800000,21920.26000000,21948.87000000,21820.20000000,21910.78000000,215.57652000,1658732399999,4720566.15882410,4702,109.62737000,2400927.68866620,0
1658732400000,21912.77000000,22001.95000000,21884.18000000,21968.85000000,213.00403000,1658735999999,4675524.38454810,4878,117.53811000,2580138.26151820,0
1658736000000,21966.48000000,22100.21000000,21866.87000000,22051.04000000,371.16025000,1658739599999,8158580.12483130,6224,210.17896000,4618865.00732150,0
1658739600000,22054.35000000,22112.63000000,21985.23000000,21999.70000000,246.75620000,1658743199999,5439123.41979890,5108,130.28669000,2872272.34583730,0
1658743200000,21999.69000000,22080.69000000,21965.76000000,22053.06000000,198.22784000,1658746799999,4365336.33558090,4443,104.81029000,2308224.45329790,0
1658746800000,22051.22000000,22105.13000000,21922.53000000,21944.26000000,266.75266000,1658750399999,5869008.75170070,4514,127.51254000,2806038.51717220,0
1658750400000,21943.35000000,21994.27000000,21815.00000000,21974.68000000,319.87980000,1658753999999,7008345.69866020,6273,155.35936000,3403891.80459370,0
1658754000000,21976.32000000,22005.47000000,21771.18000000,21905.21000000,455.87535000,1658757599999,9986414.01587380,9911,217.53361000,4765352.32277760,0
1658757600000,21902.97000000,21932.83000000,21669.20000000,21891.12000000,357.66663000,1658761199999,7802633.74413950,8897,170.15242000,3712668.42180080,0
1658761200000,21886.56000000,21933.64000000,21743.98000000,21897.28000000,312.05710000,1658764799999,6817568.39492780,6170,164.56261000,3595009.69238320,0
1658764800000,21895.09000000,21981.12000000,21839.92000000,21952.49000000,534.40008000,1658768399999,11716161.37059790,7532,293.55141000,6434149.13473680,0
1658768400000,21954.37000000,22021.37000000,21840.23000000,21867.24000000,363.54960000,1658771999999,7978917.22312250,5840,176.16208000,3866676.86359860,0
1658772000000,21865.61000000,21942.89000000,21781.00000000,21820.00000000,722.99499000,1658775599999,15807239.20138100,8251,303.40010000,6635483.09842700,0
1658775600000,21822.84000000,21900.00000000,21558.88000000,21890.92000000,766.49021000,1658779199999,16648198.09278070,12540,367.69074000,7988385.90120250,0
1658779200000,21893.05000000,22258.77000000,21887.18000000,22174.07000000,861.63209000,1658782799999,19060862.87822450,12673,465.15323000,10288240.36220200,0
1658782800000,22177.62000000,22186.34000000,21962.49000000,22027.95000000,236.74131000,1658786399999,5232237.62222640,4296,106.74748000,2359732.59625290,0
1658786400000,22025.50000000,22032.48000000,21513.49000000,21660.00000000,685.83264000,1658789999999,14913052.26589020,11093,321.75482000,6994659.79117390,0
1658790000000,21658.08000000,21760.29000000,21242.03000000,21310.36000000,598.66184000,1658793599999,12885231.39100350,9805,266.10701000,5731185.14205880,0
1658793600000,21310.37000000,21346.92000000,20973.00000000,20995.73000000,842.76236000,1658797199999,17799125.77998270,14465,376.22261000,7945347.27871260,0
1658797200000,20995.73000000,21124.64000000,20972.60000000,21076.07000000,436.37973000,1658800799999,9196226.61781980,6908,216.19852000,4556463.01291610,0
1658800800000,21076.60000000,21126.94000000,21022.46000000,21070.06000000,387.02612000,1658804399999,8158790.53721280,5969,191.78614000,4042878.99849380,0
1658804400000,21070.57000000,21235.55000000,20854.93000000,21143.49000000,717.29367000,1658807999999,15134104.07106890,9593,300.35763000,6337311.01967070,0
1658808000000,21143.42000000,21259.99000000,21095.73000000,21129.12000000,319.00279000,1658811599999,6749293.46930930,5207,152.54921000,3227750.64239930,0
1658811600000,21126.33000000,21177.42000000,21058.06000000,21144.49000000,235.36117000,1658815199999,4971067.63566330,4193,115.03466000,2429474.85075260,0
1658815200000,21143.67000000,21166.91000000,21066.10000000,21079.81000000,276.52526000,1658818799999,5838655.66999680,4492,142.82774000,3015664.82147610,0
1658818800000,21074.07000000,21145.64000000,21018.58000000,21066.38000000,291.04340000,1658822399999,6137311.84913400,5377,133.08470000,2807075.03322590,0
1658822400000,21070.15000000,21111.70000000,20984.95000000,21066.80000000,463.49855000,1658825999999,9762287.78683260,6830,235.67291000,4964149.72937450,0
1658826000000,21067.38000000,21162.78000000,21060.70000000,21122.46000000,228.18126000,1658829599999,4817507.02310410,4386,109.98891000,2322329.66402380,0
1658829600000,21124.96000000,21151.67000000,21046.71000000,21078.73000000,214.89667000,1658833199999,4531377.22558660,3768,80.80857000,1703890.44186960,0
1658833200000,21077.28000000,21155.53000000,20938.55000000,21091.84000000,215.03930000,1658836799999,4531983.53803870,4268,111.11299000,2342138.10008660,0
1658836800000,21088.57000000,21194.00000000,20965.20000000,21029.68000000,333.03320000,1658840399999,7020455.21838960,6851,170.35030000,3591730.33209770,0
1658840400000,21032.33000000,21051.53000000,20790.00000000,20951.48000000,464.51240000,1658843999999,9723788.16358840,10622,215.92735000,4520794.07708130,0
1658844000000,20947.63000000,21037.40000000,20837.70000000,20950.25000000,259.49174000,1658847599999,5430170.63946020,6509,128.90777000,2697967.46090030,0
1658847600000,20950.25000000,20964.70000000,20710.25000000,20744.85000000,441.37200000,1658851199999,9184409.49258760,8295,215.88324000,4491637.15431360,0
1658851200000,20746.70000000,20950.07000000,20739.30000000,20937.70000000,328.53146000,1658854799999,6848718.83928540,6505,169.76126000,3539351.10693160,0
1658854800000,20935.86000000,21083.20000000,20900.19000000,20923.45000000,401.18917000,1658858399999,8418257.23302700,7151,192.91623000,4048484.24840270,0
1658858400000,20923.85000000,20999.96000000,20820.76000000,20905.34000000,318.85526000,1658861999999,6668088.16667060,6541,162.81444000,3405057.15318610,0
1658862000000,20907.54000000,20944.05000000,20807.85000000,20917.31000000,439.97192000,1658865599999,9192854.21438160,7803,201.45467000,4208949.21167730,0
1658865600000,20917.30000000,20996.18000000,20812.89000000,20984.16000000,479.64656000,1658869199999,10028899.31941600,7191,249.60951000,5219499.95530930,0
1658869200000,20984.52000000,21118.29000000,20827.24000000,20939.79000000,288.02729000,1658872799999,6046102.37273510,5329,134.90771000,2832845.94284410,0
1658872800000,20944.53000000,21163.66000000,20926.40000000,21118.07000000,253.42964000,1658876399999,5338369.49697920,4838,118.43321000,2494570.91776870,0
1658876400000,21115.37000000,21302.28000000,21064.54000000,21256.87000000,314.91213000,1658879999999,6667701.02124860,5239,158.44866000,3354609.83943310,0
1658880000000,21260.00000000,21285.15000000,21137.11000000,21211.62000000,224.38518000,1658883599999,4760212.76526830,3966,113.48505000,2407698.34400540,0
1658883600000,21213.52000000,21237.13000000,21139.36000000,21160.70000000,341.16838000,1658887199999,7231081.89599410,4745,161.07824000,3413906.26820860,0
1658887200000,21161.47000000,21204.71000000,21093.12000000,21189.12000000,387.41470000,1658890799999,8195225.15125020,5331,187.54909000,3967802.09676750,0
1658890800000,21186.70000000,21203.63000000,21045.50000000,21076.69000000,325.15152000,1658894399999,6863668.02033840,4820,154.40499000,3258646.87386000,0
1658894400000,21077.84000000,21137.27000000,21059.65000000,21113.53000000,292.44580000,1658897999999,6170941.31702220,4080,146.81064000,3097932.59223460,0
1658898000000,21112.17000000,21278.96000000,21094.93000000,21248.94000000,301.52155000,1658901599999,6394246.10271490,4758,154.83255000,3283676.64555490,0
1658901600000,21247.22000000,21280.00000000,21164.71000000,21259.87000000,240.59870000,1658905199999,5104621.39578880,4372,122.03354000,2589550.27269070,0
1658905200000,21257.40000000,21452.22000000,21244.80000000,21349.08000000,447.17303000,1658908799999,9557391.27993260,6688,223.07852000,4767391.35435380,0
1658908800000,21349.44000000,21438.47000000,21337.72000000,21358.26000000,375.06354000,1658912399999,8020319.72046430,5529,190.38660000,4071107.08494870,0
1658912400000,21357.48000000,21366.09000000,21262.68000000,21292.85000000,265.61379000,1658915999999,5662683.42482820,5819,123.25719000,2627970.41536180,0
1658916000000,21291.30000000,21336.83000000,21250.80000000,21289.17000000,152.26440000,1658919599999,3243156.69234160,3596,73.69630000,1569945.21530740,0
1658919600000,21288.98000000,21370.97000000,21111.00000000,21201.30000000,249.05176000,1658923199999,5300150.54559250,4826,108.69099000,2313430.61135580,0
1658923200000,21198.41000000,21427.15000000,21157.79000000,21377.90000000,278.45817000,1658926799999,5931639.27054360,5990,123.10733000,2623836.23335010,0
1658926800000,21374.24000000,21492.04000000,21288.81000000,21465.22000000,570.19698000,1658930399999,12175303.61465340,8187,176.50141000,3770994.85773250,0
1658930400000,21466.67000000,21497.09000000,21400.00000000,21465.80000000,339.20358000,1658933999999,7270444.31179770,6055,201.96702000,4328297.65188720,0
1658934000000,21465.33000000,21554.17000000,21427.27000000,21538.56000000,310.36080000,1658937599999,6666943.50986290,5130,165.02150000,3544986.23749060,0
1658937600000,21540.78000000,21720.39000000,21466.55000000,21538.41000000,465.70914000,1658941199999,10063557.52729130,7922,225.66650000,4876895.39983340,0
1658941200000,21536.37000000,21745.52000000,21457.83000000,21626.10000000,451.56700000,1658944799999,9758246.83911490,7961,218.61427000,4723959.20950850,0
1658944800000,21622.67000000,22709.99000000,21622.67000000,22562.88000000,1729.78723000,1658948399999,38426767.58583390,29265,845.91830000,18783180.70757500,0
1658948400000,22566.28000000,23111.49000000,22566.28000000,22778.46000000,1019.84781000,1658951999999,23272049.82693720,17340,495.23235000,11302398.95899230,0
1658952000000,22780.61000000,22915.79000000,22676.06000000,22784.09000000,440.58849000,1658955599999,10029949.68486740,8469,224.12810000,5102038.64139520,0
1658955600000,22784.28000000,22796.54000000,22587.87000000,22681.32000000,249.18012000,1658959199999,5655069.97465220,4585,125.49551000,2847946.60581830,0
1658959200000,22682.74000000,22969.36000000,22648.40000000,22891.45000000,541.79784000,1658962799999,12354525.85723290,8377,268.41983000,6122116.01374920,0
1658962800000,22882.33000000,23000.71000000,22815.30000000,22959.81000000,385.88805000,1658966399999,8836509.27848540,6754,179.62700000,4113986.48952440,0
1658966400000,22965.19000000,23068.85000000,22757.49000000,22790.29000000,407.26352000,1658969999999,9327600.91509460,7550,198.44901000,4546504.71052770,0
1658970000000,22793.12000000,22808.67000000,22720.68000000,22778.95000000,187.53148000,1658973599999,4269200.44838540,4659,104.44922000,2378274.52144390,0
1658973600000,22780.08000000,23481.81000000,22706.78000000,23296.15000000,491.67090000,1658977199999,11393233.98268420,9342,259.79009000,6017505.97074340,0
1658977200000,23292.15000000,23325.14000000,23109.80000000,23143.53000000,331.90683000,1658980799999,7703579.11172090,6969,179.15022000,4157337.15058460,0
1658980800000,23143.76000000,23199.49000000,23067.10000000,23069.87000000,215.26264000,1658984399999,4980850.78984390,5106,123.99394000,2869432.42506950,0
1658984400000,23070.79000000,23265.57000000,23035.00000000,23250.00000000,258.57803000,1658987999999,5987863.63992670,5261,123.85286000,2865168.08548210,0
1658988000000,23250.00000000,23278.98000000,23060.00000000,23130.02000000,253.81076000,1658991599999,5881686.67257100,5330,97.74361000,2264553.36837480,0
1658991600000,23126.98000000,23133.66000000,22893.68000000,22937.38000000,389.59704000,1658995199999,8953138.87445840,7740,204.01262000,4687287.86716570,0
1658995200000,22929.86000000,23028.72000000,22877.65000000,22972.22000000,440.99934000,1658998799999,10115973.07224290,7282,232.99029000,5343158.29467400,0
1658998800000,22970.65000000,23013.88000000,22805.33000000,22989.01000000,312.75953000,1659002399999,7166891.93282850,5823,163.18530000,3739693.63715020,0
1659002400000,22981.76000000,23114.62000000,22918.66000000,22988.78000000,301.58443000,1659005999999,6938027.27595860,4935,144.94331000,3334467.17561020,0
1659006000000,22989.89000000,23149.98000000,22970.93000000,23122.54000000,245.72351000,1659009599999,5666121.99901520,5014,129.73811000,2991687.60919440,0
1659009600000,23119.99000000,23241.25000000,22587.81000000,23048.66000000,853.84425000,1659013199999,19585066.49530600,15819,431.99647000,9907317.35616420,0
1659013200000,23047.50000000,23350.00000000,22765.57000000,22854.31000000,827.74562000,1659016799999,19047918.97880850,15384,460.46716000,10591644.54467880,0
1659016800000,22857.46000000,23150.00000000,22747.33000000,23137.13000000,550.37487000,1659020399999,12623221.79453100,11020,279.10823000,6402559.79096780,0
1659020400000,23138.64000000,23988.34000000,23115.16000000,23750.03000000,992.43164000,1659023999999,23366229.29231040,17091,521.11973000,12273316.40249890,0
1659024000000,23756.12000000,23950.00000000,23666.72000000,23772.56000000,622.63849000,1659027599999,14824015.11966910,12146,308.66508000,7350462.93036100,0
1659027600000,23772.54000000,24103.30000000,23752.40000000,24003.89000000,463.90153000,1659031199999,11099652.89538250,9488,236.01091000,5647645.74485520,0
1659031200000,23998.17000000,24008.39000000,23727.16000000,23813.50000000,234.58697000,1659034799999,5588602.29643280,5623,100.88092000,2402842.95379990,0
1659034800000,23810.73000000,23880.88000000,23682.12000000,23796.73000000,191.14083000,1659038399999,4547931.93624720,4448,97.15629000,2311694.79323330,0
1659038400000,23792.42000000,24206.81000000,23784.25000000,24031.06000000,490.48145000,1659041999999,11758075.77109560,9319,240.81199000,5774745.28913920,0
1659042000000,24033.12000000,24162.73000000,23839.27000000,23928.17000000,253.65968000,1659045599999,6085514.81866180,4884,128.16148000,3074354.82125380,0
1659045600000,23928.17000000,23990.94000000,23815.00000000,23966.62000000,378.47427000,1659049199999,9054670.34461490,5133,183.06113000,4379626.95847080,0
1659049200000,23966.62000000,23985.39000000,23733.47000000,23849.55000000,369.17718000,1659052799999,8806391.08213550,5241,175.85706000,4195301.82177520,0
1659052800000,23851.32000000,23969.84000000,23710.00000000,23889.33000000,546.90112000,1659056399999,13033025.01107440,8394,293.32800000,6988476.99482010,0
1659056400000,23886.41000000,23902.00000000,23751.97000000,23851.46000000,458.46503000,1659059999999,10918072.70661750,7325,232.90288000,5546465.08034350,0
1659060000000,23858.19000000,23912.67000000,23737.84000000,23785.90000000,568.19529000,1659063599999,13534945.79133330,8496,299.17776000,7126401.31263950,0
1659063600000,23785.81000000,23942.24000000,23762.36000000,23915.24000000,476.74997000,1659067199999,11368904.12859740,6797,253.62177000,6048472.63212590,0
1659067200000,23919.89000000,24041.17000000,23887.70000000,24019.23000000,390.15525000,1659070799999,9346031.94229720,5547,206.77207000,4953172.97812810,0
1659070800000,24016.30000000,24119.04000000,23871.60000000,23994.27000000,450.59257000,1659074399999,10808083.32930830,6693,225.84319000,5416464.24100770,0
1659074400000,23990.89000000,24450.00000000,23912.08000000,23946.65000000,585.69126000,1659077999999,14125021.07605100,9336,297.87394000,7185736.29261380,0
1659078000000,23954.33000000,24000.00000000,23818.00000000,23949.03000000,563.26818000,1659081599999,13474032.92697620,9927,276.64478000,6618293.55510580,0
1659081600000,23949.94000000,23996.99000000,23786.91000000,23930.92000000,546.40734000,1659085199999,13069471.02837710,8374,279.51179000,6686319.43337040,0
1659085200000,23933.22000000,24104.20000000,23862.52000000,24071.35000000,301.35562000,1659088799999,7226696.83871180,6188,146.69382000,3517843.38461130,0
1659088800000,24075.52000000,24138.30000000,23987.69000000,24009.79000000,396.68416000,1659092399999,9539926.67902920,6577,192.11878000,4620541.42879580,0
1659092400000,24014.10000000,24027.70000000,23552.54000000,23727.76000000,614.93621000,1659095999999,14623061.01734070,10056,296.17958000,7043326.86033450,0
1659096000000,23726.42000000,23760.00000000,23444.71000000,23521.58000000,854.86403000,1659099599999,20184567.69312770,12590,354.02343000,8361370.12216620,0
1659099600000,23521.58000000,23769.06000000,23431.47000000,23706.30000000,736.44144000,1659103199999,17382712.33513500,11737,336.34805000,7935705.84130380,0
1659103200000,23704.09000000,24237.72000000,23674.73000000,24041.71000000,1104.45276000,1659106799999,26564206.26867910,14664,608.32641000,14626058.82794150,0
1659106800000,24041.71000000,24078.23000000,23877.72000000,24017.49000000,499.40426000,1659110399999,11979795.54550490,8515,232.36801000,5575560.62711440,0
1659110400000,24023.30000000,24034.08000000,23616.89000000,23855.41000000,662.26221000,1659113999999,15735141.04632690,10202,321.68261000,7642069.70050890,0
1659114000000,23854.68000000,23867.84000000,23638.27000000,23783.45000000,339.56838000,1659117599999,8073125.01334540,5588,164.47802000,3910851.84097010,0
1659117600000,23787.47000000,24089.38000000,23744.86000000,23936.41000000,430.44125000,1659121199999,10303196.59931700,6005,212.44200000,5084971.30269520,0
1659121200000,23937.28000000,23970.73000000,23766.00000000,23925.56000000,288.32252000,1659124799999,6886580.00104450,4470,141.81949000,3387443.45482290,0
1659124800000,23917.19000000,23985.82000000,23808.78000000,23952.75000000,228.06487000,1659128399999,5451313.72266860,4021,115.33786000,2756525.95249410,0
1659128400000,23950.63000000,24005.75000000,23703.85000000,23829.26000000,195.60623000,1659131999999,4671894.20444300,3744,92.82890000,2217345.36207350,0
1659132000000,23830.63000000,23972.11000000,23755.07000000,23953.82000000,312.78154000,1659135599999,7464313.26344140,4829,154.25582000,3681112.01263100,0
1659135600000,23954.15000000,24150.00000000,23710.93000000,23781.62000000,347.64481000,1659139199999,8332722.86485180,5673,161.66737000,3874950.97697160,0
1659139200000,23787.41000000,23945.69000000,23756.45000000,23926.86000000,282.61473000,1659142799999,6738785.26827950,6390,177.12844000,4223239.68102670,0
1659142800000,23928.20000000,23975.06000000,23679.80000000,23923.75000000,254.08033000,1659146399999,6060259.85535070,6070,120.52893000,2875100.35069030,0
1659146400000,23929.29000000,23935.09000000,23751.96000000,23842.88000000,296.53994000,1659149999999,7064264.10855090,5995,163.66192000,3898285.66941090,0
1659150000000,23839.27000000,23859.53000000,23759.28000000,23812.74000000,172.77555000,1659153599999,4113625.30656050,4327,83.58057000,1990096.81292920,0
1659153600000,23809.85000000,23834.30000000,23650.00000000,23749.91000000,180.00169000,1659157199999,4274762.45249670,4104,80.87234000,1921078.77311900,0
1659157200000,23746.10000000,23810.61000000,23717.56000000,23802.00000000,84.26052000,1659160799999,2003512.03228520,2677,40.17037000,955201.33630480,0
1659160800000,23800.78000000,23856.93000000,23763.82000000,23823.36000000,127.10076000,1659164399999,3026115.44569580,3626,60.42239000,1438610.15227450,0
1659164400000,23823.21000000,23919.54000000,23816.01000000,23888.86000000,110.36885000,1659167999999,2635016.78045320,3325,55.29813000,1320351.99842560,0
1659168000000,23888.67000000,23960.45000000,23838.46000000,23904.86000000,242.66769000,1659171599999,5798672.33106010,5033,97.37611000,2327282.55039610,0
1659171600000,23904.71000000,23966.31000000,23842.69000000,23923.73000000,160.77593000,1659175199999,3843804.44857440,3523,79.82106000,1908370.16396380,0
1659175200000,23922.57000000,23941.01000000,23743.21000000,23819.76000000,135.60690000,1659178799999,3230443.46600580,4097,69.74226000,1661708.18580030,0
1659178800000,23818.23000000,24073.99000000,23813.42000000,23963.46000000,163.86679000,1659182399999,3924551.11791210,3863,86.80607000,2079531.75781790,0
1659182400000,23965.02000000,24400.00000000,23922.48000000,24389.39000000,422.51270000,1659185999999,10231209.79042160,8078,182.88574000,4426776.67132030,0
1659186000000,24385.25000000,24679.00000000,24338.79000000,24502.04000000,608.41697000,1659189599999,14918805.83543640,9382,320.01251000,7847773.87773180,0
1659189600000,24498.58000000,24599.30000000,24325.14000000,24363.17000000,322.31254000,1659193199999,7895867.32476480,5290,177.08701000,4339092.96271940,0
1659193200000,24358.09000000,24620.91000000,24358.09000000,24534.25000000,256.25866000,1659196799999,6284261.60594670,4719,137.69315000,3376193.64396070,0
1659196800000,24536.55000000,24591.76000000,24454.54000000,24582.62000000,184.99252000,1659200399999,4535356.00485280,3878,84.94977000,2082958.69559510,0
1659200400000,24584.47000000,24610.00000000,24459.75000000,24499.77000000,186.00494000,1659203999999,4562566.27833970,4290,97.12867000,2382054.11709330,0
1659204000000,24499.62000000,24575.55000000,24477.69000000,24522.17000000,181.00286000,1659207599999,4441276.22845170,3824,75.08457000,1841966.29435760,0
1659207600000,24525.19000000,24525.19000000,23874.46000000,23926.74000000,421.27143000,1659211199999,10184618.39439330,8859,187.81217000,4538331.12234190,0
1659211200000,23925.04000000,24082.67000000,23818.18000000,23975.64000000,246.60998000,1659214799999,5902061.07736530,5478,117.86190000,2821200.78381630,0
1659214800000,23969.88000000,24009.97000000,23845.00000000,23867.35000000,95.75164000,1659218399999,2290072.56007650,2741,43.43863000,1039119.06100670,0
1659218400000,23863.34000000,23863.56000000,23513.89000000,23704.48000000,344.06531000,1659221999999,8137066.70202460,6839,170.05326000,4021596.17225990,0
1659222000000,23705.63000000,23746.54000000,23552.80000000,23643.83000000,109.18024000,1659225599999,2580216.32369670,3096,48.44557000,1145103.01426200,0
1659225600000,23647.81000000,23790.42000000,23529.86000000,23752.14000000,243.54041000,1659229199999,5769547.31781370,5000,118.15685000,2799653.20570870,0
1659229200000,23756.08000000,23819.81000000,23691.94000000,23734.19000000,160.05272000,1659232799999,3800427.26160230,4105,80.79646000,1918585.69902040,0
1659232800000,23735.02000000,23909.09000000,23729.82000000,23801.14000000,153.64428000,1659236399999,3658185.31870390,3744,89.04496000,2120098.75763720,0
1659236400000,23800.49000000,23820.32000000,23690.73000000,23742.35000000,184.48162000,1659239999999,4379772.25528030,4521,109.94509000,2609743.22944680,0
1659240000000,23745.33000000,23835.01000000,23741.81000000,23807.03000000,116.30427000,1659243599999,2766926.25155710,3288,53.10564000,1263600.82048080,0
1659243600000,23810.46000000,23847.45000000,23707.84000000,23711.62000000,97.60449000,1659247199999,2319737.20309430,2750,52.87548000,1256781.89480220,0
1659247200000,23712.80000000,23798.82000000,23712.80000000,23782.29000000,89.73310000,1659250799999,2131412.02392870,2577,43.22422000,1026741.31257730,0
1659250800000,23784.10000000,23821.46000000,23672.17000000,23717.48000000,149.32553000,1659254399999,3545887.77908240,3261,78.66367000,1867793.49461530,0
1659254400000,23720.21000000,23754.27000000,23585.33000000,23602.41000000,134.33981000,1659257999999,3178722.84796870,3352,66.39447000,1571223.84863010,0
1659258000000,23601.18000000,24059.47000000,23557.94000000,23759.33000000,290.85891000,1659261599999,6910774.71549840,4023,213.36126000,5074704.19487730,0
1659261600000,23761.88000000,23870.03000000,23713.52000000,23832.50000000,141.59903000,1659265199999,3367798.25361480,2898,74.41353000,1770044.71690980,0
1659265200000,23831.17000000,23862.82000000,23755.00000000,23807.89000000,193.39390000,1659268799999,4603998.12186510,3243,111.27335000,2648972.14675480,0
1659268800000,23806.25000000,23874.14000000,23752.25000000,23819.80000000,127.55959000,1659272399999,3035065.76648120,2847,55.79487000,1327846.31931210,0
1659272400000,23822.60000000,23839.66000000,23671.31000000,23719.13000000,115.82316000,1659275999999,2750339.18136550,2901,60.52244000,1437369.55232440,0
1659276000000,23719.09000000,23841.30000000,23613.67000000,23727.86000000,147.15321000,1659279599999,3490204.75051620,4163,65.16012000,1546179.53820710,0
1659279600000,23731.18000000,23794.12000000,23654.56000000,23781.78000000,157.09697000,1659283199999,3730075.49522920,2721,66.99663000,1590338.00481460,0
1659283200000,23785.63000000,23834.80000000,23715.39000000,23774.38000000,138.54816000,1659286799999,3295079.19458360,3219,71.25511000,1694661.49247050,0
1659286800000,23774.45000000,23785.80000000,23701.66000000,23745.08000000,88.31464000,1659290399999,2096997.53397820,2551,42.63814000,1012415.09856490,0
1659290400000,23742.79000000,24199.99000000,23388.00000000,23754.51000000,770.03985000,1659293999999,18279047.96928930,12632,390.92667000,9281604.70401340,0
1659294000000,23754.92000000,23996.39000000,23710.00000000,23848.59000000,258.44964000,1659297599999,6171264.69945870,6794,130.68496000,3121170.45453610,0
1659297600000,23849.29000000,23900.44000000,23783.36000000,23805.69000000,182.03675000,1659301199999,4338350.90728770,4255,91.16531000,2172614.61515920,0
1659301200000,23807.00000000,23832.15000000,23535.70000000,23600.19000000,157.06795000,1659304799999,3724224.32174070,4337,74.16505000,1759289.41000980,0
1659304800000,23597.01000000,23597.01000000,23236.68000000,23385.44000000,483.46975000,1659308399999,11301100.65447510,10422,202.49355000,4735048.87621420,0
1659308400000,23386.58000000,23474.73000000,23293.33000000,23304.38000000,211.78621000,1659311999999,4946244.68364020,5524,108.62008000,2537130.75853000,0
1659312000000,23306.59000000,23401.94000000,23221.80000000,23381.57000000,165.67115000,1659315599999,3864657.84383620,3768,81.66482000,1905717.35804350,0
1659315600000,23385.21000000,23453.07000000,23336.92000000,23426.94000000,162.00679000,1659319199999,3792414.85653960,3963,68.85979000,1612060.89586700,0
1659319200000,23426.56000000,23474.91000000,23376.92000000,23431.04000000,155.98809000,1659322799999,3656785.81069010,4301,63.92551000,1498273.62505380,0
1659322800000,23432.41000000,23442.34000000,23322.49000000,23382.42000000,98.23995000,1659326399999,2295771.77701580,3280,49.58909000,1158673.43496410,0
1659326400000,23384.75000000,23425.05000000,23353.99000000,23398.94000000,78.36079000,1659329999999,1833156.71775380,3482,41.02284000,959693.03096950,0
1659330000000,23401.28000000,23430.61000000,23276.21000000,23334.97000000,140.80838000,1659333599999,3288307.74692250,3483,66.14416000,1544854.87081900,0
1659333600000,23335.89000000,23353.43000000,23122.47000000,23232.60000000,176.87120000,1659337199999,4109589.69259480,4557,85.36592000,1983543.14267980,0
1659337200000,23235.36000000,23353.70000000,23121.27000000,23333.99000000,266.86092000,1659340799999,6196646.83363120,4893,143.61818000,3336149.73588820,0
1659340800000,23333.24000000,23390.68000000,23279.19000000,23291.50000000,119.74705000,1659344399999,2794389.53368480,2889,60.28131000,1406799.60345320,0
1659344400000,23298.22000000,23383.75000000,23257.52000000,23317.31000000,104.37197000,1659347999999,2435642.40582540,2532,53.70797000,1253592.14574100,0
1659348000000,23318.88000000,23326.42000000,22979.34000000,23045.12000000,376.69094000,1659351599999,8711091.75930190,6351,181.57505000,4199046.01052900,0
1659351600000,23046.33000000,23280.64000000,22952.00000000,23235.20000000,216.83043000,1659355199999,5017937.30866370,5247,109.15604000,2526988.42118080,0
1659355200000,23236.92000000,23314.44000000,23121.61000000,23148.28000000,150.26714000,1659358799999,3486071.93369890,3763,74.79617000,1735565.92388710,0
1659358800000,23146.35000000,23336.73000000,22972.63000000,23257.63000000,395.42195000,1659362399999,9145181.31288730,8266,235.99725000,5459315.56867120,0
1659362400000,23248.26000000,23517.51000000,23223.07000000,23449.23000000,373.97130000,1659365999999,8751740.59151590,8520,191.42314000,4480432.89970710,0
1659366000000,23446.93000000,23470.00000000,23287.76000000,23335.28000000,209.32577000,1659369599999,4887900.01431690,4374,121.38882000,2834699.89068940,0
1659369600000,23327.71000000,23358.59000000,23146.16000000,23204.48000000,222.84131000,1659373199999,5176990.07964750,5031,106.64195000,2477740.01486880,0
1659373200000,23207.74000000,23214.73000000,22889.92000000,22969.54000000,305.79939000,1659376799999,7039360.35250540,6162,146.47546000,3371784.76459770,0
1659376800000,22968.71000000,23000.89000000,22851.25000000,22958.39000000,174.06643000,1659380399999,3991007.88833630,3876,91.94479000,2108225.32253300,0
1659380400000,22961.99000000,23045.98000000,22875.07000000,22962.05000000,198.81635000,1659383999999,4565895.76143700,4050,109.16550000,2507347.92246740,0
1659384000000,22960.90000000,23136.48000000,22921.36000000,23125.78000000,144.21881000,1659387599999,3317815.04824040,3518,84.64036000,1947118.87988290,0
1659387600000,23124.32000000,23135.77000000,22954.40000000,23024.51000000,154.68031000,1659391199999,3563689.79717440,2873,63.50593000,1463581.11595570,0
1659391200000,23022.48000000,23201.54000000,22917.45000000,23172.97000000,241.64481000,1659394799999,5571172.61286500,4868,107.40481000,2476543.25214460,0
1659394800000,23174.92000000,23424.40000000,23174.15000000,23274.01000000,362.31415000,1659398399999,8448453.11061800,6094,203.92092000,4755155.77688650,0
1659398400000,23275.98000000,23450.00000000,23164.82000000,23193.55000000,241.00081000,1659401999999,5613085.14897190,5582,111.31585000,2592508.72461040,0
1659402000000,23191.86000000,23250.25000000,22951.40000000,23005.96000000,209.29733000,1659405599999,4832509.22550570,5474,87.42356000,2019392.51559760,0
1659405600000,23001.60000000,23078.88000000,22833.54000000,22930.67000000,313.34834000,1659409199999,7189630.54047100,5815,151.16678000,3468516.49409200,0
1659409200000,22916.63000000,22997.36000000,22777.00000000,22858.06000000,269.34289000,1659412799999,6157765.50853230,5718,122.68719000,2806350.83869480,0
1659412800000,22860.10000000,22907.06000000,22760.01000000,22865.52000000,166.05234000,1659416399999,3792068.21077940,4268,87.67274000,2001872.19928910,0
1659416400000,22864.35000000,22913.84000000,22839.22000000,22859.61000000,110.47210000,1659419999999,2527580.50095390,2942,48.39201000,1107305.08810470,0
1659420000000,22859.77000000,22944.10000000,22854.72000000,22881.17000000,154.65408000,1659423599999,3542120.24931200,3407,63.95752000,1464842.16838330,0
1659423600000,22883.29000000,22922.04000000,22724.99000000,22898.71000000,264.67214000,1659427199999,6038299.72499700,6036,120.78979000,2755770.86150780,0
1659427200000,22893.41000000,22910.68000000,22788.96000000,22815.09000000,179.90632000,1659430799999,4110692.32379830,4026,81.29538000,1857569.11384280,0
1659430800000,22813.63000000,22849.99000000,22658.97000000,22719.29000000,387.95350000,1659434399999,8828692.03758800,6713,160.95708000,3662536.47408050,0
1659434400000,22720.35000000,22878.40000000,22681.15000000,22865.80000000,241.35200000,1659437999999,5500929.45158850,4540,107.76923000,2457170.10132040,0
1659438000000,22860.15000000,22976.17000000,22844.10000000,22888.94000000,200.12469000,1659441599999,4586704.70508130,4929,96.79449000,2218739.67183970,0
1659441600000,22889.56000000,22914.28000000,22671.42000000,22742.38000000,299.62174000,1659445199999,6833206.43591450,5759,132.23501000,3015885.61817070,0
1659445200000,22743.67000000,22890.62000000,22710.23000000,22809.30000000,287.72245000,1659448799999,6561052.99355820,6235,147.43584000,3362331.67670600,0
1659448800000,22806.89000000,23153.11000000,22675.17000000,23034.24000000,528.25268000,1659452399999,12101650.95180000,10579,269.01363000,6162123.59928190,0
1659452400000,23032.73000000,23109.09000000,22813.56000000,22982.77000000,295.32468000,1659455999999,6778665.79876290,6083,164.23081000,3771202.17688980,0
1659456000000,22985.47000000,23467.56000000,22953.80000000,23384.53000000,1080.76601000,1659459599999,25132696.84103970,16247,694.10195000,16140674.05834170,0
1659459600000,23382.12000000,23445.69000000,23152.42000000,23198.34000000,309.56041000,1659463199999,7215777.30030840,6423,161.78495000,3772406.99550320,0
1659463200000,23188.06000000,23280.00000000,22964.92000000,22986.20000000,231.99159000,1659466799999,5372244.32105870,5277,128.81658000,2984055.64115640,0
1659466800000,22988.49000000,23097.60000000,22872.14000000,22951.01000000,165.00344000,1659470399999,3792258.46422140,4215,82.14770000,1888563.91474860,0
1659470400000,22959.88000000,23064.81000000,22863.41000000,23035.05000000,151.99566000,1659473999999,3494224.96865330,3246,71.27264000,1639030.07283900,0
1659474000000,23030.43000000,23144.86000000,22950.00000000,23102.50000000,69.75763000,1659477599999,1606453.28125120,2066,35.97507000,828687.48713850,0
1659477600000,23096.38000000,23152.11000000,23002.10000000,23107.19000000,151.28985000,1659481199999,3494008.69059910,3562,75.54098000,1745050.06719830,0
1659481200000,23108.79000000,23136.87000000,22934.62000000,22990.83000000,116.72936000,1659484799999,2688308.74577830,3768,57.56355000,1325970.50633020,0
1659484800000,22991.78000000,23071.42000000,22732.58000000,22795.21000000,255.25243000,1659488399999,5835081.49164380,5911,101.59870000,2324483.10119160,0
1659488400000,22798.27000000,22838.73000000,22692.27000000,22807.39000000,208.77545000,1659491999999,4752432.79138750,5613,98.15903000,2234874.54378450,0
1659492000000,22805.70000000,22859.43000000,22731.01000000,22781.74000000,172.33053000,1659495599999,3928503.81749300,4220,87.65516000,1998370.86323720,0
1659495600000,22779.29000000,22888.27000000,22768.83000000,22867.84000000,125.75884000,1659499199999,2871933.05366950,3652,60.28168000,1376651.36222330,0
1659499200000,22870.25000000,22906.70000000,22830.27000000,22837.61000000,174.27193000,1659502799999,3983909.51196210,4070,74.81972000,1710617.35503350,0
1659502800000,22833.31000000,22961.37000000,22803.51000000,22919.14000000,123.51876000,1659506399999,2828536.19906380,3862,62.04820000,1420943.46869530,0
1659506400000,22917.97000000,23081.42000000,22917.97000000,23045.85000000,124.45934000,1659509999999,2864446.54787400,3997,72.80112000,1675344.19713390,0
1659510000000,23047.80000000,23078.19000000,22963.87000000,22994.08000000,159.21852000,1659513599999,3664803.61919190,3925,82.92933000,1908897.33781670,0
1659513600000,22991.62000000,23303.67000000,22991.37000000,23298.85000000,305.10147000,1659517199999,7075327.11335700,7108,166.39593000,3860053.94605180,0
1659517200000,23301.56000000,23401.11000000,23261.20000000,23388.64000000,412.21872000,1659520799999,9623438.45700170,8096,230.28604000,5376707.28499620,0
1659520800000,23389.51000000,23455.00000000,23335.36000000,23412.07000000,335.85900000,1659524399999,7861616.52112450,7044,183.40350000,4293971.93210490,0
1659524400000,23415.57000000,23480.00000000,23298.99000000,23409.86000000,284.18958000,1659527999999,6649402.66618960,6397,157.24532000,3679861.48035570,0
1659528000000,23405.67000000,23644.21000000,23250.00000000,23270.17000000,473.16304000,1659531599999,11083502.63771860,10182,242.31577000,5678511.51248900,0
1659531600000,23270.51000000,23404.09000000,23230.11000000,23346.79000000,318.53915000,1659535199999,7426446.01754000,7071,169.87707000,3960701.26257320,0
1659535200000,23341.42000000,23443.31000000,23209.86000000,23307.84000000,356.29883000,1659538799999,8312509.49238420,6916,190.04880000,4434363.38098060,0
1659538800000,23308.70000000,23410.54000000,23261.22000000,23358.37000000,190.73690000,1659542399999,4451526.48116070,5159,99.68557000,2326231.58400670,0
1659542400000,23363.79000000,23532.20000000,23261.72000000,23444.91000000,203.35511000,1659545999999,4759606.20664280,4993,106.43378000,2491757.68759860,0
1659546000000,23443.31000000,23582.00000000,23404.94000000,23454.12000000,218.71183000,1659549599999,5137870.78231350,4975,108.54040000,2549895.66646750,0
1659549600000,23453.27000000,23534.27000000,23361.36000000,23494.29000000,152.18737000,1659553199999,3570742.68227980,3945,73.28532000,1719469.61791320,0
1659553200000,23496.51000000,23544.30000000,23426.82000000,23466.12000000,183.36099000,1659556799999,4305827.36409900,4637,95.61853000,2245772.69975680,0
1659556800000,23469.57000000,23491.66000000,23249.01000000,23327.92000000,191.86191000,1659560399999,4480105.68158220,5154,97.05683000,2266689.53603810,0
1659560400000,23327.95000000,23372.09000000,23252.67000000,23274.98000000,82.36073000,1659563999999,1920099.61083950,3028,49.00942000,1142575.35460130,0
1659564000000,23270.54000000,23281.97000000,22885.56000000,22936.94000000,389.61775000,1659567599999,8990015.18610880,7705,192.97549000,4453703.73674880,0
1659567600000,22933.37000000,22941.16000000,22725.60000000,22822.24000000,309.68703000,1659571199999,7064089.72811370,6923,152.71945000,3484625.87010990,0
1659571200000,22823.17000000,23030.09000000,22795.91000000,23009.38000000,275.57016000,1659574799999,6317900.72721900,5916,130.52896000,2992005.74852920,0
1659574800000,23011.08000000,23277.99000000,23002.52000000,23145.32000000,274.20309000,1659578399999,6347105.92603030,6132,142.11499000,3290198.09133840,0
1659578400000,23151.66000000,23198.75000000,23084.50000000,23141.23000000,249.95096000,1659581999999,5785382.65888890,5486,124.39580000,2879166.31640480,0
1659582000000,23141.96000000,23160.47000000,23035.85000000,23098.80000000,224.92967000,1659585599999,5194170.72231730,5270,102.17757000,2359532.07329600,0
1659585600000,23102.42000000,23178.51000000,23072.65000000,23091.19000000,145.43665000,1659589199999,3362890.34485770,3940,72.99905000,1688052.90117330,0
1659589200000,23091.60000000,23166.50000000,23056.52000000,23128.00000000,165.64458000,1659592799999,3826104.25852740,4271,95.73732000,2211578.14752640,0
1659592800000,23128.81000000,23189.43000000,22821.77000000,22945.87000000,341.92229000,1659596399999,7847155.16920130,7849,170.77961000,3917933.40949410,0
1659596400000,22940.66000000,23035.75000000,22913.32000000,22954.03000000,184.68534000,1659599999999,4243976.93211420,4749,95.22034000,2188350.89753330,0
1659600000000,22955.55000000,22956.16000000,22775.32000000,22805.77000000,273.85190000,1659603599999,6261274.86646130,5625,126.60453000,2894791.16995050,0
1659603600000,22806.90000000,22913.70000000,22789.09000000,22875.84000000,179.73114000,1659607199999,4106846.85357350,4488,91.67569000,2095216.49077710,0
1659607200000,22874.58000000,22965.82000000,22831.74000000,22869.19000000,293.86673000,1659610799999,6731028.85019930,6371,147.51060000,3378983.95591280,0
1659610800000,22866.09000000,22926.85000000,22807.23000000,22890.02000000,213.02541000,1659614399999,4872052.52161390,4697,122.20443000,2795057.13682380,0
1659614400000,22889.02000000,22989.56000000,22750.00000000,22902.00000000,274.88538000,1659617999999,6285868.45528870,6475,150.55992000,3443778.12258080,0
1659618000000,22902.00000000,23143.04000000,22843.54000000,23036.50000000,294.66801000,1659621599999,6774404.33332800,8067,148.19447000,3406794.46066610,0
1659621600000,23033.02000000,23163.18000000,22773.69000000,22922.51000000,456.58642000,1659625199999,10463941.67858870,9397,212.52082000,4876196.05085500,0
1659625200000,22921.71000000,22956.99000000,22759.48000000,22934.28000000,287.52841000,1659628799999,6575302.50001000,6186,133.77014000,3060361.94178280,0
1659628800000,22934.17000000,22988.46000000,22527.80000000,22589.14000000,384.93187000,1659632399999,8750919.29533070,8253,171.87045000,3907784.36483660,0
1659632400000,22587.77000000,22652.84000000,22556.41000000,22633.91000000,357.40661000,1659635999999,8079748.92504240,6701,197.15053000,4457251.64639730,0
1659636000000,22637.70000000,22717.19000000,22390.00000000,22553.72000000,475.81157000,1659639599999,10735711.74731120,9146,210.35704000,4746232.19872450,0
1659639600000,22543.95000000,22640.13000000,22428.75000000,22454.15000000,284.38144000,1659643199999,6407623.61003820,6548,139.75869000,3149869.56969250,0
1659643200000,22455.22000000,22555.26000000,22442.39000000,22512.77000000,214.19600000,1659646799999,4820222.36856620,4637,106.18217000,2389602.53047890,0
1659646800000,22512.42000000,22569.55000000,22483.00000000,22495.73000000,79.18400000,1659650399999,1783338.11882920,2277,35.38246000,796840.18122210,0
1659650400000,22495.38000000,22656.50000000,22450.00000000,22626.24000000,177.43369000,1659653999999,4003475.50977440,4777,97.18229000,2193080.51962570,0
1659654000000,22627.17000000,22675.00000000,22573.04000000,22623.46000000,165.61139000,1659657599999,3748093.00860960,4391,88.00057000,1991773.21716060,0
1659657600000,22620.23000000,22682.03000000,22586.04000000,22635.37000000,162.97798000,1659661199999,3690080.23279260,4552,81.28520000,1840546.53089700,0
1659661200000,22634.40000000,22920.17000000,22631.73000000,22893.63000000,234.09272000,1659664799999,5329371.05093510,5591,124.18668000,2827509.24422880,0
1659664800000,22899.39000000,23193.24000000,22864.10000000,23051.28000000,576.16908000,1659668399999,13279662.05279140,9567,359.30321000,8288014.91351360,0
1659668400000,23051.88000000,23209.15000000,23049.16000000,23178.80000000,210.47319000,1659671999999,4867040.12924840,5101,101.05714000,2336935.99375760,0
1659672000000,23177.02000000,23246.20000000,23098.45000000,23156.75000000,153.79172000,1659675599999,3563662.02469940,4296,76.37052000,1769973.81035730,0
1659675600000,23159.09000000,23226.63000000,23068.85000000,23195.54000000,134.26991000,1659679199999,3104103.74462790,3998,72.72651000,1681312.15204570,0
1659679200000,23196.09000000,23431.06000000,23196.09000000,23287.86000000,254.30477000,1659682799999,5924874.19712270,6403,144.95328000,3377782.68747970,0
1659682800000,23284.56000000,23297.67000000,23160.58000000,23189.28000000,273.99183000,1659686399999,6359665.52355860,5441,151.10147000,3506728.37879440,0
1659686400000,23189.70000000,23260.00000000,23099.05000000,23150.00000000,275.33066000,1659689999999,6377769.87201080,5422,153.58719000,3557813.01585250,0
1659690000000,23150.00000000,23189.66000000,23123.43000000,23134.75000000,155.90366000,1659693599999,3610193.59812050,3274,84.53305000,1957800.20556290,0
1659693600000,23136.55000000,23259.47000000,23108.62000000,23199.37000000,275.28170000,1659697199999,6384743.19323670,4492,157.10252000,3643985.77048490,0
1659697200000,23201.42000000,23444.86000000,23152.17000000,23404.42000000,729.79612000,1659700799999,17006324.00969050,10450,506.17429000,11796463.04092770,0
1659700800000,23413.18000000,23478.31000000,22915.38000000,23017.67000000,773.78804000,1659704399999,17933994.21831740,13109,395.17652000,9155036.77178330,0
1659704400000,23016.38000000,23101.26000000,22875.65000000,23052.88000000,397.98748000,1659707999999,9157782.38396840,8768,200.59653000,4616959.87378560,0
1659708000000,23046.22000000,23369.81000000,23029.41000000,23176.91000000,383.75284000,1659711599999,8912246.94720540,8328,194.42608000,4516191.05739060,0
1659711600000,23180.05000000,23203.75000000,22958.29000000,22990.49000000,359.95389000,1659715199999,8300906.36246060,7758,190.13620000,4385211.37070450,0
1659715200000,22992.89000000,23071.52000000,22910.00000000,23037.36000000,193.27870000,1659718799999,4444137.35923960,5601,97.15406000,2233826.51418190,0
1659718800000,23038.67000000,23100.00000000,22807.55000000,22831.11000000,332.14352000,1659722399999,7627795.85610870,7444,179.83694000,4130405.43189480,0
1659722400000,22825.95000000,22890.17000000,22710.01000000,22808.47000000,208.81141000,1659725999999,4765228.80611560,4987,101.43425000,2316072.73178130,0
1659726000000,22809.91000000,22960.43000000,22777.00000000,22931.86000000,131.57543000,1659729599999,3011042.75914970,3970,73.75635000,1687829.76296610,0
1659729600000,22931.92000000,23002.86000000,22842.52000000,22984.62000000,160.11546000,1659733199999,3672915.59131900,4324,61.91242000,1420192.60137200,0
1659733200000,22986.91000000,23235.59000000,22981.97000000,23110.78000000,223.66116000,1659736799999,5170887.22500930,5134,116.32900000,2689241.06064990,0
1659736800000,23114.67000000,23284.24000000,23114.67000000,23251.71000000,199.63157000,1659740399999,4630825.22008900,4148,84.42388000,1958417.14541270,0
1659740400000,23251.25000000,23340.70000000,23158.67000000,23310.94000000,219.54114000,1659743999999,5102557.19568470,5431,124.77562000,2900157.28300870,0
1659744000000,23316.21000000,23355.00000000,23206.41000000,23267.14000000,164.89030000,1659747599999,3838944.59355430,4960,73.93242000,1721133.47013190,0
1659747600000,23270.66000000,23296.62000000,23188.90000000,23225.38000000,113.10994000,1659751199999,2629051.97621340,3339,53.66493000,1247402.74849140,0
1659751200000,23218.41000000,23290.53000000,23192.18000000,23274.19000000,144.12178000,1659754799999,3347390.87022630,3337,76.94368000,1787189.78007870,0
1659754800000,23270.94000000,23289.37000000,23155.35000000,23176.50000000,116.60932000,1659758399999,2705802.37294770,3340,55.79675000,1294610.55327330,0
1659758400000,23178.44000000,23227.84000000,23167.64000000,23212.85000000,72.45591000,1659761999999,1680841.51700770,2389,34.58906000,802447.82840660,0
1659762000000,23211.60000000,23237.73000000,23138.54000000,23199.32000000,129.52107000,1659765599999,3003349.21129560,3565,58.56274000,1358106.83175840,0
1659765600000,23202.67000000,23212.85000000,23145.69000000,23192.13000000,66.15595000,1659769199999,1533722.86310680,2135,36.01112000,834895.11167410,0
1659769200000,23193.28000000,23238.92000000,23165.80000000,23206.27000000,107.93215000,1659772799999,2504147.01818430,2821,52.81462000,1225339.54024110,0
1659772800000,23210.31000000,23261.03000000,23101.16000000,23158.66000000,194.28564000,1659776399999,4507329.29275530,4715,108.80682000,2524712.14359450,0
1659776400000,23158.52000000,23199.29000000,23139.74000000,23176.11000000,68.44198000,1659779999999,1585695.33169680,2000,36.40571000,843575.14375750,0
1659780000000,23177.10000000,23215.94000000,23171.62000000,23183.70000000,100.97777000,1659783599999,2341739.58313830,2145,55.32033000,1282888.69362490,0
1659783600000,23185.39000000,23205.88000000,23151.19000000,23161.16000000,51.53550000,1659787199999,1194597.92056070,1995,21.57315000,500121.75580070,0
1659787200000,23163.40000000,23209.52000000,23159.10000000,23176.32000000,74.77927000,1659790799999,1733508.59152340,2217,31.50691000,730420.97081400,0
1659790800000,23178.84000000,23240.00000000,23169.04000000,23192.77000000,52.43458000,1659794399999,1216877.83166240,1903,28.22923000,655112.82267610,0
1659794400000,23193.01000000,23236.71000000,23174.05000000,23219.06000000,51.39139000,1659797999999,1192591.90160020,1941,20.33644000,472026.65903440,0
1659798000000,23224.31000000,23235.24000000,23173.95000000,23204.58000000,47.29270000,1659801599999,1097399.78500930,1835,21.05091000,488539.00680000,0
1659801600000,23204.99000000,23227.43000000,23146.72000000,23159.25000000,74.18503000,1659805199999,1721168.58544240,2519,40.44513000,938395.43033950,0
1659805200000,23155.68000000,23261.97000000,22986.28000000,23132.26000000,267.92991000,1659808799999,6204485.55657260,6320,159.11310000,3687050.02416730,0
1659808800000,23135.12000000,23215.94000000,23085.98000000,23186.03000000,156.05966000,1659812399999,3613968.00825090,4680,71.26409000,1649966.53254190,0
1659812400000,23185.31000000,23207.66000000,23148.85000000,23185.75000000,120.10933000,1659815999999,2785207.05947310,4356,65.78311000,1525670.22799700,0
1659816000000,23188.50000000,23203.79000000,23100.00000000,23180.74000000,78.91913000,1659819599999,1826963.17592330,2642,38.62778000,894347.69357010,0
1659819600000,23174.26000000,23209.99000000,23168.76000000,23183.77000000,67.84343000,1659823199999,1573540.77666030,2183,32.72420000,759137.79032820,0
1659823200000,23183.77000000,23222.02000000,23150.00000000,23177.66000000,78.24778000,1659826799999,1813838.35571000,2195,44.03993000,1021140.45517390,0
1659826800000,23179.25000000,23179.25000000,22916.42000000,22954.82000000,212.29087000,1659830399999,4887481.98071000,5573,88.65642000,2040824.01263350,0
1659830400000,22960.86000000,23055.63000000,22850.35000000,22891.92000000,198.45759000,1659833999999,4557456.25454690,5456,99.56705000,2286439.76515260,0
1659834000000,22890.84000000,22944.02000000,22861.54000000,22913.17000000,135.08554000,1659837599999,3094349.18492040,4236,66.76730000,1529533.85458410,0
1659837600000,22918.40000000,23007.74000000,22908.66000000,22999.51000000,78.03157000,1659841199999,1791382.64963090,2284,36.36602000,834865.73254540,0
1659841200000,23000.25000000,23044.82000000,22974.68000000,22995.01000000,73.18460000,1659844799999,1683642.40175580,2656,34.34807000,790322.70993130,0
1659844800000,22998.45000000,23028.87000000,22941.70000000,22954.67000000,202.22462000,1659848399999,4646825.28276100,3402,65.40528000,1503118.97495790,0
1659848400000,22954.36000000,23004.00000000,22951.09000000,22973.52000000,48.32911000,1659851999999,1110577.63538610,1541,26.60182000,611329.26100380,0
1659852000000,22973.36000000,23025.51000000,22968.54000000,23009.07000000,71.34598000,1659855599999,1641165.44883700,2247,37.38678000,860038.93048240,0
1659855600000,23010.99000000,23033.91000000,22996.56000000,23016.89000000,78.88403000,1659859199999,1815486.90325090,1921,43.37521000,998345.86022940,0
1659859200000,23019.15000000,23028.83000000,22907.40000000,22927.69000000,105.58645000,1659862799999,2425394.83039440,2937,50.13836000,1151450.30980250,0
1659862800000,22927.12000000,22985.31000000,22892.64000000,22983.35000000,119.48042000,1659866399999,2741699.99137740,2737,54.77576000,1256809.37296410,0
1659866400000,22985.65000000,23094.39000000,22963.03000000,23004.12000000,78.78063000,1659869999999,1812733.88439100,1861,53.23911000,1225360.71222140,0
1659870000000,23001.66000000,23056.52000000,22965.44000000,23042.93000000,69.35922000,1659873599999,1595362.95224910,2320,36.29790000,834911.98447860,0
1659873600000,23045.00000000,23153.95000000,22977.03000000,23119.15000000,173.59443000,1659877199999,4010037.49207750,4401,84.85495000,1960808.29402080,0
1659877200000,23122.24000000,23189.43000000,23122.24000000,23157.03000000,83.56266000,1659880799999,1934780.21973210,2848,40.46235000,936902.21536280,0
1659880800000,23156.57000000,23182.10000000,23059.28000000,23122.02000000,93.75604000,1659884399999,2167788.33474690,2641,43.28979000,1000922.56731800,0
1659884400000,23121.05000000,23127.19000000,23005.91000000,23021.12000000,152.55732000,1659887999999,3516648.86025770,3649,74.83690000,1725013.88707610,0
1659888000000,23023.92000000,23137.95000000,22997.70000000,23095.86000000,67.27690000,1659891599999,1553247.05096350,2684,29.54093000,681916.75560390,0
1659891600000,23097.16000000,23300.00000000,23095.62000000,23244.86000000,223.04090000,1659895199999,5179696.26344320,5187,117.46960000,2728041.23692880,0
1659895200000,23244.56000000,23297.64000000,23185.00000000,23219.15000000,135.24776000,1659898799999,3145072.62419140,3399,71.10030000,1653700.01303730,0
1659898800000,23221.41000000,23224.80000000,23143.26000000,23160.60000000,100.78922000,1659902399999,2337453.10815630,2725,50.84163000,1179161.55787730,0
1659902400000,23164.11000000,23278.79000000,23154.58000000,23267.66000000,77.70370000,1659905999999,1804872.90456890,2430,38.76119000,900483.69751170,0
1659906000000,23271.28000000,23403.15000000,23268.37000000,23315.33000000,158.86105000,1659909599999,3706243.99416530,3909,95.93108000,2237901.35069820,0
1659909600000,23315.74000000,23325.56000000,23220.15000000,23247.52000000,114.19054000,1659913199999,2657360.89621530,2838,55.37036000,1288654.04811910,0
1659913200000,23249.44000000,23256.82000000,23058.10000000,23178.29000000,156.39701000,1659916799999,3619447.58063300,3747,72.64310000,1681735.46252910,0
1659916800000,23178.70000000,23351.69000000,23157.67000000,23265.43000000,237.68081000,1659920399999,5527417.16084330,4290,111.86740000,2602358.88759740,0
1659920400000,23270.00000000,23278.00000000,23171.79000000,23223.91000000,89.01892000,1659923999999,2066588.27128380,2916,43.30027000,1005249.01178870,0
1659924000000,23220.81000000,23330.00000000,23207.86000000,23309.30000000,109.53676000,1659927599999,2549641.33341340,3412,63.44983000,1476904.50103940,0
1659927600000,23309.46000000,23345.41000000,23260.00000000,23308.34000000,154.40213000,1659931199999,3598779.41396510,3161,89.20854000,2079400.55679040,0
1659931200000,23310.05000000,23362.04000000,23282.86000000,23345.71000000,142.21818000,1659934799999,3317514.83567990,2643,79.06413000,1844707.23299780,0
1659934800000,23345.91000000,23467.27000000,23336.59000000,23435.15000000,165.79449000,1659938399999,3879736.21257470,4104,86.36785000,2021384.36472680,0
1659938400000,23438.58000000,23795.68000000,23438.58000000,23735.22000000,510.18055000,1659941999999,12044849.18770030,8788,290.50490000,6856163.80113470,0
1659942000000,23738.23000000,23854.75000000,23689.23000000,23813.60000000,278.32551000,1659945599999,6623635.76971500,5254,135.38872000,3222591.83273710,0
1659945600000,23818.54000000,24180.36000000,23777.66000000,24135.86000000,552.85832000,1659949199999,13255062.13109730,9133,320.72315000,7687217.60813720,0
1659949200000,24142.58000000,24196.86000000,24059.90000000,24102.31000000,334.16882000,1659952799999,8067736.00640410,5856,172.44035000,4163362.04931730,0
1659952800000,24096.32000000,24128.33000000,24000.30000000,24066.49000000,254.24777000,1659956399999,6123466.20616450,4098,137.44360000,3310473.65091580,0
1659956400000,24063.01000000,24186.46000000,24019.26000000,24170.22000000,216.15079000,1659959999999,5207020.47021670,4060,113.97425000,2745866.23326840,0
1659960000000,24169.70000000,24299.00000000,24074.96000000,24126.84000000,479.87944000,1659963599999,11594136.29000480,6488,219.78376000,5310333.42508080,0
1659963600000,24126.62000000,24219.19000000,24013.04000000,24165.86000000,300.82042000,1659967199999,7253634.44570900,5973,157.19023000,3790619.34999210,0
1659967200000,24164.21000000,24233.75000000,24082.06000000,24152.38000000,263.09364000,1659970799999,6356418.84718520,5284,147.49248000,3563849.63429110,0
1659970800000,24155.96000000,24213.20000000,23892.00000000,23994.49000000,485.85340000,1659974399999,11688259.53360510,7633,246.04351000,5919521.58119120,0
1659974400000,23996.62000000,24015.09000000,23840.00000000,23946.14000000,359.45757000,1659977999999,8598916.48720120,5641,182.49865000,4365334.17559320,0
1659978000000,23941.19000000,23994.37000000,23908.98000000,23968.91000000,147.01153000,1659981599999,3521709.10436020,3263,72.10193000,1727278.14009090,0
1659981600000,23968.33000000,23984.04000000,23880.74000000,23922.53000000,188.52588000,1659985199999,4513715.09550200,3443,101.07542000,2420338.31147100,0
1659985200000,23922.45000000,23961.45000000,23800.00000000,23932.80000000,235.51134000,1659988799999,5629531.72330530,3995,105.72396000,2527442.16992700,0
1659988800000,23932.92000000,24108.69000000,23912.04000000,24071.45000000,235.93272000,1659992399999,5662311.14276520,3568,125.08047000,3001898.50972320,0
1659992400000,24071.45000000,24072.20000000,23770.87000000,23853.48000000,247.10701000,1659995999999,5898031.35998520,3990,128.13484000,3058047.42269190,0
1659996000000,23853.48000000,23860.57000000,23680.00000000,23815.89000000,215.45267000,1659999599999,5126653.33290860,4023,99.74681000,2373434.59903970,0
1659999600000,23818.83000000,23931.10000000,23758.82000000,23812.30000000,202.40803000,1660003199999,4821994.68555350,4842,102.10619000,2432246.44888720,0
1660003200000,23811.82000000,23876.27000000,23734.17000000,23795.04000000,115.49747000,1660006799999,2751985.23809350,3432,54.87381000,1307359.72786670,0
1660006800000,23800.80000000,23841.97000000,23715.48000000,23736.93000000,266.82989000,1660010399999,6347643.45707170,5644,138.03285000,3283890.27131970,0
1660010400000,23734.51000000,23824.23000000,23633.33000000,23816.37000000,209.55125000,1660013999999,4975474.05100520,5017,95.44942000,2266807.12855870,0
1660014000000,23809.79000000,23854.53000000,23788.01000000,23836.20000000,157.10965000,1660017599999,3743469.88064940,3535,81.41537000,1939860.77564250,0
1660017600000,23835.43000000,23910.21000000,23797.46000000,23887.43000000,125.17047000,1660021199999,2986031.51110010,3018,67.14577000,1602025.96158850,0
1660021200000,23894.04000000,23933.73000000,23859.85000000,23872.57000000,143.73131000,1660024799999,3433254.76716070,3473,76.23909000,1821079.04575110,0
1660024800000,23877.57000000,23882.47000000,23759.80000000,23854.51000000,138.27066000,1660028399999,3291746.65546490,3799,74.07601000,1763323.07043110,0
1660028400000,23853.51000000,23910.30000000,23820.00000000,23882.76000000,168.11233000,1660031999999,4011578.42291600,4001,99.62364000,2377521.62513700,0
1660032000000,23882.76000000,23893.52000000,23773.88000000,23785.43000000,146.15522000,1660035599999,3482760.57018660,3827,70.58034000,1682037.23574360,0
1660035600000,23780.32000000,23834.18000000,23456.39000000,23478.30000000,346.81209000,1660039199999,8195971.54951410,6871,167.51846000,3960492.30606380,0
1660039200000,23482.19000000,23533.70000000,23341.44000000,23359.50000000,413.01433000,1660042799999,9674057.94232590,7500,189.93288000,4449110.58595630,0
1660042800000,23358.81000000,23419.82000000,23189.00000000,23264.46000000,428.22407000,1660046399999,9988216.24968630,7380,207.31426000,4835775.81307720,0
1660046400000,23269.47000000,23309.28000000,23203.08000000,23247.67000000,378.62260000,1660049999999,8807767.72699650,6750,197.56866000,4595843.26414280,0
1660050000000,23249.99000000,23329.30000000,23033.94000000,23073.15000000,471.37908000,1660053599999,10948375.44558130,8900,247.70733000,5753736.01294360,0
1660053600000,23069.33000000,23126.85000000,22870.00000000,23102.45000000,437.47515000,1660057199999,10069343.61310360,9193,223.85247000,5154889.64423950,0
1660057200000,23104.75000000,23162.44000000,23036.31000000,23083.23000000,135.42318000,1660060799999,3129849.88135230,3447,59.43509000,1373876.02628740,0
1660060800000,23081.81000000,23124.85000000,22983.10000000,23075.03000000,229.79223000,1660064399999,5301281.51467740,4967,119.57016000,2758508.29103860,0
1660064400000,23073.38000000,23136.17000000,22974.68000000,23059.05000000,186.75605000,1660067999999,4308440.95366980,3837,87.20371000,2012152.47257230,0
1660068000000,23059.10000000,23078.37000000,22992.65000000,23061.29000000,137.07932000,1660071599999,3158629.40855000,3500,67.21796000,1548916.61461040,0
1660071600000,23060.00000000,23101.81000000,23011.30000000,23060.00000000,134.38270000,1660075199999,3098935.50418650,3453,66.72406000,1538794.99475190,0
1660075200000,23065.02000000,23188.22000000,23058.42000000,23142.39000000,181.94202000,1660078799999,4207573.37490490,4154,97.27209000,2249330.81704040,0
1660078800000,23145.79000000,23220.30000000,23131.95000000,23197.65000000,99.43519000,1660082399999,2305635.56754190,2753,47.70378000,1106218.61926130,0
1660082400000,23195.76000000,23270.51000000,23133.10000000,23177.59000000,177.07758000,1660085999999,4108775.73220430,3507,87.75219000,2036113.80884300,0
1660086000000,23177.95000000,23248.18000000,23139.37000000,23156.08000000,156.28188000,1660089599999,3625690.35058040,3333,69.94591000,1622779.56358680,0
1660089600000,23151.59000000,23154.85000000,22664.29000000,22778.59000000,488.08511000,1660093199999,11163518.49308410,9454,216.16417000,4942158.09702670,0
1660093200000,22771.26000000,22954.16000000,22763.20000000,22892.22000000,307.11627000,1660096799999,7023621.64069150,6650,162.29836000,3712141.04022860,0
1660096800000,22890.76000000,22943.35000000,22768.87000000,22917.69000000,255.75689000,1660100399999,5846284.89500730,5727,130.96167000,2993988.91274480,0
1660100400000,22917.87000000,22941.72000000,22854.85000000,22861.94000000,175.25088000,1660103999999,4012803.91580220,3992,91.70697000,2100060.34339410,0
1660104000000,22870.92000000,23008.67000000,22856.85000000,22948.22000000,239.14019000,1660107599999,5483166.45015580,4586,111.98573000,2568233.53733410,0
1660107600000,22946.48000000,22970.90000000,22887.24000000,22906.32000000,154.14276000,1660111199999,3535216.47286980,3681,69.58666000,1595908.64959800,0
1660111200000,22909.43000000,22982.65000000,22837.70000000,22941.29000000,145.19467000,1660114799999,3326404.44565670,3206,76.83246000,1760538.02171890,0
1660114800000,22944.00000000,23018.12000000,22932.39000000,22972.57000000,210.22267000,1660118399999,4830214.17749890,3640,109.33378000,2512299.93942160,0
1660118400000,22976.67000000,23144.75000000,22972.24000000,23112.92000000,330.71864000,1660121999999,7620067.83419690,5640,176.04299000,4057707.55735440,0
1660122000000,23114.19000000,23136.64000000,23032.89000000,23087.02000000,192.29002000,1660125599999,4438556.15660850,4621,106.02698000,2447371.83980490,0
1660125600000,23091.66000000,23097.20000000,22980.00000000,23068.52000000,306.89315000,1660129199999,7073116.76791160,6355,160.11561000,3690251.14184100,0
1660129200000,23072.54000000,23208.90000000,23055.85000000,23135.09000000,345.32045000,1660132799999,7984310.48317380,7070,176.58049000,4083291.44151310,0
1660132800000,23130.83000000,24068.17000000,23017.94000000,24003.54000000,1675.70828000,1660136399999,39633816.33204000,26818,817.52147000,19331928.63160280,0
1660136400000,24005.25000000,24197.92000000,23870.00000000,24032.00000000,836.12646000,1660139999999,20107564.92484990,16927,431.95977000,10391222.90958130,0
1660140000000,24029.50000000,24094.99000000,23841.42000000,24015.25000000,635.33497000,1660143599999,15227422.47274860,12092,328.35058000,7871847.35098560,0
1660143600000,24015.62000000,24095.17000000,23931.19000000,24006.01000000,443.29536000,1660147199999,10641958.75255570,9764,218.89800000,5255624.68352920,0
1660147200000,24005.99000000,24096.79000000,23937.70000000,23969.24000000,412.87351000,1660150799999,9913072.50679210,9698,209.34690000,5026291.06911870,0
1660150800000,23972.36000000,23975.43000000,23836.67000000,23917.04000000,354.06451000,1660154399999,8468353.91516740,7849,176.78732000,4228691.63273910,0
1660154400000,23922.86000000,23944.48000000,23483.38000000,23602.34000000,708.67277000,1660157999999,16821259.07468650,13350,368.71888000,8754659.61902200,0
1660158000000,23600.00000000,23711.97000000,23544.22000000,23643.37000000,280.73020000,1660161599999,6631967.67199540,6626,146.16558000,3453154.88899170,0
1660161600000,23641.27000000,23938.87000000,23630.00000000,23900.00000000,383.72637000,1660165199999,9116384.83212970,8082,192.96771000,4584463.37061180,0
1660165200000,23900.75000000,24235.88000000,23784.54000000,23966.54000000,429.82030000,1660168799999,10294361.40707540,11221,230.43906000,5519210.28260000,0
1660168800000,23963.84000000,24031.62000000,23811.54000000,23848.50000000,345.99011000,1660172399999,8273648.09771400,7781,163.53628000,3910199.99206380,0
1660172400000,23846.54000000,23973.36000000,23829.18000000,23959.95000000,231.84048000,1660175999999,5544567.13354050,4936,110.06529000,2632169.19283760,0
1660176000000,23959.41000000,24099.69000000,23920.00000000,24057.39000000,439.25461000,1660179599999,10548520.07764320,9931,258.90152000,6217920.13525840,0
1660179600000,24060.71000000,24497.86000000,24050.00000000,24442.96000000,649.49807000,1660183199999,15797217.10363680,14675,365.11669000,8879172.14952740,0
1660183200000,24449.72000000,24472.01000000,24203.64000000,24273.30000000,346.77826000,1660186799999,8438393.75238950,8726,175.18785000,4263422.19322410,0
1660186800000,24275.10000000,24385.12000000,24219.80000000,24333.38000000,315.52869000,1660190399999,7673364.61517780,7057,163.69149000,3980943.27050810,0
1660190400000,24334.66000000,24546.93000000,24295.79000000,24529.49000000,302.78015000,1660193999999,7390375.85709370,8255,160.97321000,3929599.98443430,0
1660194000000,24531.77000000,24668.19000000,24483.82000000,24570.67000000,414.26689000,1660197599999,10186899.51858590,12046,218.28296000,5367803.92085920,0
1660197600000,24571.89000000,24634.73000000,24497.81000000,24554.19000000,366.04145000,1660201199999,8992138.98369090,11125,170.31081000,4184551.01293350,0
1660201200000,24550.81000000,24750.00000000,24367.03000000,24437.96000000,496.65631000,1660204799999,12202160.28863160,13831,283.25768000,6961311.28292320,0
1660204800000,24444.00000000,24565.69000000,24360.39000000,24537.64000000,389.84046000,1660208399999,9540509.03388840,10121,220.26674000,5391252.66023040,0
1660208400000,24535.09000000,24549.90000000,24449.05000000,24454.55000000,230.13198000,1660211999999,5638442.89676640,7251,117.38197000,2876121.48572950,0
1660212000000,24454.43000000,24531.35000000,24394.49000000,24490.82000000,218.88532000,1660215599999,5356940.58250830,7531,111.44841000,2727776.90742160,0
1660215600000,24490.54000000,24695.61000000,24477.61000000,24571.22000000,433.09721000,1660219199999,10646474.54225450,9890,199.00531000,4892758.05123100,0
1660219200000,24570.95000000,24928.38000000,24552.04000000,24871.14000000,917.52925000,1660222799999,22686724.14628080,21799,464.01643000,11475667.90352890,0
1660222800000,24873.09000000,24890.41000000,24526.22000000,24742.55000000,647.34383000,1660226399999,16000496.17729410,16782,310.73844000,7681683.61654670,0
1660226400000,24744.08000000,24880.00000000,24438.09000000,24574.31000000,713.22186000,1660229999999,17594492.51821010,15551,325.10165000,8025918.33930190,0
1660230000000,24575.11000000,24593.97000000,24298.32000000,24354.76000000,473.98673000,1660233599999,11581072.14062100,13830,221.18347000,5404615.64557100,0
1660233600000,24354.04000000,24502.91000000,24259.93000000,24345.03000000,461.18490000,1660237199999,11229556.49390990,12261,256.54376000,6248860.60746890,0
1660237200000,24352.04000000,24430.37000000,24283.23000000,24351.91000000,250.93300000,1660240799999,6113533.55746900,7435,138.87074000,3383791.74638670,0
1660240800000,24352.18000000,24353.57000000,24087.00000000,24157.37000000,425.14203000,1660244399999,10284964.73996010,11222,213.48995000,5165316.03220860,0
1660244400000,24158.75000000,24235.01000000,24087.23000000,24235.01000000,247.34669000,1660247999999,5976333.49372050,7379,119.12309000,2878359.49651810,0
1660248000000,24231.24000000,24248.64000000,24035.00000000,24215.66000000,264.24071000,1660251599999,6383475.79607410,7528,131.75252000,3183166.14315350,0
1660251600000,24216.12000000,24338.55000000,24057.14000000,24195.10000000,144.06120000,1660255199999,3483245.49630680,5632,75.51390000,1825866.12310890,0
1660255200000,24195.10000000,24220.00000000,23901.00000000,23906.18000000,363.27578000,1660258799999,8745464.27929900,9093,190.72921000,4591623.88148680,0
1660258800000,23901.02000000,23972.94000000,23865.43000000,23942.46000000,363.68816000,1660262399999,8703297.08807080,9363,172.22228000,4121223.41549800,0
1660262400000,23945.54000000,24017.34000000,23769.36000000,23979.12000000,442.23717000,1660265999999,10577659.59490070,10613,236.19426000,5651807.74719390,0
1660266000000,23978.03000000,24014.40000000,23864.32000000,23918.12000000,179.82652000,1660269599999,4304732.30068220,5672,94.98697000,2273797.32881440,0
1660269600000,23919.96000000,24108.76000000,23806.66000000,24021.20000000,286.85584000,1660273199999,6870401.69605890,8323,134.06538000,3210244.61322790,0
1660273200000,24025.39000000,24078.01000000,23953.27000000,24022.94000000,230.51090000,1660276799999,5534507.76281710,6532,121.26291000,2912049.45134900,0
1660276800000,24025.40000000,24061.13000000,23921.53000000,23942.31000000,148.19437000,1660280399999,3554501.25124920,5542,81.02028000,1943438.52894660,0
1660280400000,23941.64000000,24065.04000000,23935.20000000,23963.31000000,201.99797000,1660283999999,4844994.74197740,7831,111.05609000,2664157.24211250,0
1660284000000,23961.45000000,24001.46000000,23892.43000000,23964.34000000,194.75082000,1660287599999,4662441.00209920,6787,106.80499000,2557016.47308630,0
1660287600000,23960.98000000,24000.00000000,23914.90000000,23970.42000000,241.59601000,1660291199999,5788387.94937630,6957,133.15506000,3190465.79690060,0
1660291200000,23974.91000000,24006.44000000,23923.33000000,23936.90000000,225.38018000,1660294799999,5403219.39570650,6150,129.33211000,3100708.50685520,0
1660294800000,23933.16000000,24158.42000000,23910.08000000,23999.12000000,335.38077000,1660298399999,8065213.22740940,8044,184.91973000,4447321.74259580,0
1660298400000,23997.45000000,24008.85000000,23707.30000000,23759.74000000,284.76756000,1660301999999,6798361.75067980,8820,140.55442000,3356195.62999050,0
1660302000000,23756.95000000,23827.50000000,23588.13000000,23683.95000000,408.94692000,1660305599999,9701663.99100730,9134,185.69747000,4404779.18552820,0
1660305600000,23683.19000000,23816.97000000,23659.99000000,23793.97000000,233.53544000,1660309199999,5547744.90342590,7035,125.24621000,2975903.39453700,0
1660309200000,23796.17000000,23943.83000000,23735.90000000,23841.55000000,496.97914000,1660312799999,11840665.19141720,13245,262.78298000,6261693.28013530,0
1660312800000,23836.42000000,23884.95000000,23700.60000000,23827.34000000,400.21284000,1660316399999,9531907.69413180,11388,196.88594000,4690556.16863030,0
1660316400000,23829.96000000,24020.48000000,23812.84000000,23993.12000000,369.56137000,1660319999999,8844803.97024460,10390,171.44395000,4103429.51981800,0
1660320000000,23994.78000000,24093.49000000,23958.79000000,23998.87000000,343.36533000,1660323599999,8249773.35409870,8853,171.87073000,4129692.82234350,0
1660323600000,23999.99000000,24062.18000000,23987.45000000,24018.36000000,440.32494000,1660327199999,10576990.63679980,9662,206.14404000,4951981.90933860,0
1660327200000,24019.69000000,24299.75000000,23987.35000000,24138.46000000,413.72850000,1660330799999,9979844.92938320,10139,227.14775000,5479379.61847690,0
1660330800000,24139.61000000,24268.54000000,24131.98000000,24190.03000000,235.85842000,1660334399999,5707891.39988430,8055,100.16820000,2423904.66994150,0
1660334400000,24183.99000000,24297.86000000,24057.36000000,24233.87000000,282.45090000,1660337999999,6821572.85355020,7822,137.07693000,3310666.48153070,0
1660338000000,24234.27000000,24256.93000000,24101.05000000,24124.40000000,96.93094000,1660341599999,2342860.16233280,3625,48.87381000,1181260.24570340,0
1660341600000,24125.61000000,24261.09000000,24085.56000000,24247.31000000,176.09428000,1660345199999,4254319.11199280,5509,80.11359000,1935172.69946030,0
1660345200000,24251.22000000,24470.83000000,24213.55000000,24411.19000000,344.09622000,1660348799999,8387516.53381700,10155,172.95872000,4216983.28778710,0
1660348800000,24415.09000000,24506.00000000,24343.92000000,24495.84000000,289.02691000,1660352399999,7057900.98378260,7960,147.57388000,3604835.58116150,0
1660352400000,24500.00000000,24614.97000000,24452.33000000,24567.75000000,301.57098000,1660355999999,7395494.35686900,9309,163.86738000,4018688.31065400,0
1660356000000,24573.26000000,24703.44000000,24526.18000000,24696.21000000,337.18598000,1660359599999,8291021.02475970,8256,184.66469000,4541468.79833230,0
1660359600000,24687.83000000,24821.57000000,24611.40000000,24804.31000000,491.81762000,1660363199999,12159625.71491830,12018,282.17676000,6977223.37790860,0
1660363200000,24804.74000000,24856.60000000,24707.84000000,24740.82000000,342.28965000,1660366799999,8479693.46452850,9875,219.98818000,5450267.51014960,0
1660366800000,24747.54000000,24761.69000000,24667.88000000,24725.87000000,236.88980000,1660370399999,5855782.82499780,7081,135.18586000,3342012.61230730,0
1660370400000,24725.73000000,24900.00000000,24621.90000000,24664.52000000,446.71612000,1660373999999,11081393.68479140,11833,291.52324000,7233666.17635140,0
1660374000000,24666.44000000,24719.75000000,24566.62000000,24583.94000000,194.80109000,1660377599999,4802804.26828060,6358,98.42693000,2426701.48740000,0
1660377600000,24581.99000000,24666.13000000,24376.69000000,24416.03000000,237.73618000,1660381199999,5831423.83279010,7104,119.12261000,2923162.33228170,0
1660381200000,24414.38000000,24660.56000000,24365.22000000,24594.92000000,323.86291000,1660384799999,7933763.32673890,8290,172.04670000,4215065.34638020,0
1660384800000,24598.40000000,24614.61000000,24414.61000000,24512.80000000,269.24679000,1660388399999,6601740.86389450,8072,136.00089000,3334773.01808930,0
1660388400000,24509.62000000,24516.91000000,24295.06000000,24447.87000000,210.19254000,1660391999999,5133665.07174150,7531,112.49549000,2747495.36729100,0
1660392000000,24447.57000000,24484.96000000,24311.45000000,24454.37000000,203.54539000,1660395599999,4969261.51645280,6461,132.66385000,3238832.17387970,0
1660395600000,24455.98000000,24547.47000000,24423.50000000,24470.53000000,337.87352000,1660399199999,8271232.23901820,8908,229.95487000,5629845.16062470,0
1660399200000,24470.85000000,24557.13000000,24433.67000000,24481.53000000,275.23187000,1660402799999,6741191.70986780,7703,138.72645000,3398253.88998200,0
1660402800000,24482.42000000,24610.62000000,24448.52000000,24522.42000000,365.70750000,1660406399999,8971150.88448940,8488,222.74666000,5464479.22291550,0
1660406400000,24524.31000000,24572.28000000,24460.51000000,24492.12000000,194.79045000,1660409999999,4774662.39198300,6098,104.91890000,2571961.89868240,0
1660410000000,24493.98000000,24584.76000000,24466.25000000,24578.67000000,201.24990000,1660413599999,4937020.68091000,6110,104.40001000,2561249.09899840,0
1660413600000,24579.16000000,24607.00000000,24401.84000000,24461.39000000,206.22474000,1660417199999,5052841.04535020,6434,97.90187000,2398995.91405460,0
1660417200000,24461.38000000,24504.40000000,24338.53000000,24406.60000000,199.65853000,1660420799999,4878725.81381310,5649,93.18121000,2277156.86786090,0
1660420800000,24404.76000000,24513.29000000,24325.94000000,24493.96000000,209.35184000,1660424399999,5115202.96515010,6092,104.90317000,2563335.01224830,0
1660424400000,24491.01000000,24553.00000000,24466.99000000,24506.82000000,124.98269000,1660427999999,3062067.96921370,4151,61.00157000,1494600.09296220,0
1660428000000,24505.87000000,24538.44000000,24392.45000000,24399.09000000,187.12444000,1660431599999,4578061.42903350,5486,85.22481000,2085341.40383530,0
1660431600000,24397.02000000,24508.52000000,24369.59000000,24452.92000000,171.19642000,1660435199999,4182215.41702810,5245,90.76606000,2217528.85077830,0
1660435200000,24451.65000000,24524.44000000,24351.57000000,24520.75000000,190.18850000,1660438799999,4643228.58072150,6327,101.68042000,2482425.94060410,0
1660438800000,24520.79000000,24646.42000000,24420.00000000,24595.01000000,269.85390000,1660442399999,6629129.21633570,6794,132.64116000,3258709.14132020,0
1660442400000,24594.98000000,24623.89000000,24511.13000000,24602.91000000,100.84328000,1660445999999,2478525.20259200,3728,53.21234000,1307960.99890330,0
1660446000000,24602.05000000,24633.36000000,24548.94000000,24578.08000000,79.50295000,1660449599999,1954592.57128220,3224,42.56729000,1046568.71911970,0
1660449600000,24577.82000000,24650.00000000,24506.81000000,24574.89000000,92.61111000,1660453199999,2276214.89574080,3631,47.59232000,1169687.86623250,0
1660453200000,24573.60000000,24624.59000000,24530.00000000,24592.51000000,81.33225000,1660456799999,1999466.76267710,2968,38.67019000,950682.78917070,0
1660456800000,24590.28000000,24690.00000000,24590.28000000,24683.12000000,125.85519000,1660460399999,3100318.40415740,3537,54.41710000,1340643.80211890,0
1660460400000,24681.82000000,25061.63000000,24673.29000000,24881.87000000,652.66713000,1660463999999,16241041.01781370,13068,351.82686000,8754246.50171980,0
1660464000000,24879.70000000,24890.80000000,24602.20000000,24668.22000000,515.12405000,1660467599999,12756733.30308090,11272,239.42589000,5929953.72106980,0
1660467600000,24667.02000000,24817.30000000,24632.36000000,24759.65000000,397.00781000,1660471199999,9820940.25125860,7080,240.31124000,5947764.32115350,0
1660471200000,24758.94000000,24765.60000000,24615.26000000,24629.02000000,176.27922000,1660474799999,4352046.00645510,4822,91.03119000,2247904.27385200,0
1660474800000,24629.23000000,24684.42000000,24529.31000000,24573.70000000,134.58771000,1660478399999,3311696.58655310,4321,63.66601000,1566467.60141930,0
1660478400000,24568.35000000,24600.96000000,24476.34000000,24537.36000000,186.20844000,1660481999999,4565949.03144770,4951,90.24418000,2213123.94093420,0
1660482000000,24535.70000000,24543.83000000,24406.00000000,24480.00000000,210.20212000,1660485599999,5145128.13937570,6127,110.68605000,2709632.90186690,0
1660485600000,24480.00000000,24540.10000000,24463.53000000,24521.81000000,142.03739000,1660489199999,3479376.99780980,4835,84.68625000,2074001.72473140,0
1660489200000,24522.14000000,24546.04000000,24474.74000000,24529.57000000,136.69120000,1660492799999,3350067.69333220,3550,60.23170000,1476202.38335870,0
1660492800000,24533.14000000,24568.65000000,24309.38000000,24321.07000000,290.39027000,1660496399999,7095799.55389380,7619,141.19146000,3450304.59341610,0
1660496400000,24318.11000000,24335.77000000,24180.00000000,24238.55000000,425.58123000,1660499999999,10325562.18963820,9591,202.25313000,4907434.84618190,0
1660500000000,24237.11000000,24307.37000000,24153.98000000,24293.96000000,247.13309000,1660503599999,5992538.88392340,5785,131.22259000,3181958.37113580,0
1660503600000,24292.27000000,24334.78000000,24250.00000000,24292.20000000,115.52099000,1660507199999,2806039.63044470,3146,60.48927000,1469360.00167820,0
1660507200000,24291.25000000,24357.34000000,24257.59000000,24320.33000000,151.70297000,1660510799999,3688144.27342110,3654,67.10824000,1631323.67369400,0
1660510800000,24320.23000000,24439.47000000,24281.00000000,24351.95000000,156.96530000,1660514399999,3823422.25881680,4048,67.17330000,1635619.99875650,0
1660514400000,24351.66000000,24376.38000000,24180.00000000,24265.66000000,328.99411000,1660517999999,7987744.10762240,7185,164.00703000,3981609.16442630,0
1660518000000,24264.51000000,24367.18000000,24245.45000000,24312.88000000,201.95724000,1660521599999,4907560.81966050,4961,112.15811000,2725264.93816330,0
1660521600000,24316.89000000,24419.11000000,24173.94000000,24406.12000000,312.19443000,1660525199999,7585772.56295120,8180,177.30788000,4308635.44991970,0
1660525200000,24404.63000000,24675.31000000,24343.12000000,24654.30000000,502.14181000,1660528799999,12306248.10797790,11491,290.75751000,7125093.62644590,0
1660528800000,24650.04000000,24951.24000000,24647.84000000,24928.43000000,572.45102000,1660532399999,14203024.13463230,12273,344.40317000,8546512.10305900,0
1660532400000,24926.45000000,25220.00000000,24794.96000000,24876.60000000,906.46851000,1660535999999,22660035.37170550,19716,488.18771000,12202513.63758410,0
1660536000000,24871.89000000,24891.15000000,24699.20000000,24857.85000000,442.33423000,1660539599999,10968767.08346490,9683,227.81563000,5650029.10886540,0
1660539600000,24858.00000000,24985.94000000,24757.47000000,24829.86000000,481.79178000,1660543199999,11968020.16925440,10799,265.72609000,6601786.10325810,0
1660543200000,24829.84000000,24837.04000000,24090.63000000,24141.22000000,946.58310000,1660546799999,23104323.84144840,19044,460.42009000,11233971.14206820,0
1660546800000,24140.71000000,24218.73000000,23936.04000000,24033.15000000,925.91565000,1660550399999,22288816.76748820,17148,466.09328000,11219725.30417650,0
1660550400000,24031.05000000,24088.70000000,23876.82000000,24048.76000000,490.01872000,1660553999999,11764590.58750740,11304,240.56965000,5776068.61819250,0
1660554000000,24048.93000000,24210.00000000,23999.80000000,24180.98000000,339.44917000,1660557599999,8174890.27925520,9131,169.99646000,4094023.67232840,0
1660557600000,24181.76000000,24318.33000000,24136.89000000,24274.45000000,384.49254000,1660561199999,9305621.32308480,9395,193.30708000,4679653.50464640,0
1660561200000,24277.09000000,24320.35000000,24000.41000000,24056.41000000,456.77087000,1660564799999,11034948.60784040,9822,209.86174000,5069844.80752290,0
1660564800000,24058.22000000,24199.67000000,23904.44000000,23956.71000000,460.07387000,1660568399999,11068006.68782160,10215,243.83705000,5866320.14781940,0
1660568400000,23960.21000000,24210.19000000,23940.19000000,24174.67000000,711.40373000,1660571999999,17143710.71660240,14254,403.63705000,9728277.26478530,0
1660572000000,24164.38000000,24206.73000000,24088.40000000,24123.77000000,459.18917000,1660575599999,11084558.30949720,9499,232.49829000,5612486.34585520,0
1660575600000,24120.00000000,24272.73000000,24055.34000000,24233.67000000,418.12949000,1660579199999,10104262.64203210,8868,214.91311000,5194084.53873170,0
1660579200000,24237.40000000,24285.71000000,24160.00000000,24262.65000000,364.81561000,1660582799999,8839242.68054390,8400,183.72888000,4451997.48189620,0
1660582800000,24263.46000000,24279.27000000,24079.20000000,24121.97000000,293.63667000,1660586399999,7099711.10028600,7779,143.29319000,3464918.75426370,0
1660586400000,24120.84000000,24145.27000000,24012.00000000,24104.05000000,264.38896000,1660589999999,6371857.25199650,6816,136.20310000,3282646.06190090,0
1660590000000,24104.05000000,24160.77000000,23970.02000000,23985.54000000,391.24602000,1660593599999,9411344.78773120,9182,201.75709000,4853469.10836100,0
1660593600000,23986.80000000,24114.83000000,23977.06000000,24073.13000000,303.87115000,1660597199999,7304350.54886610,7934,145.38496000,3494664.81739960,0
1660597200000,24071.05000000,24146.15000000,23990.00000000,24031.40000000,178.74024000,1660600799999,4304326.44084610,5115,84.84848000,2043458.82663160,0
1660600800000,24030.70000000,24149.79000000,23977.00000000,24023.56000000,912.12971000,1660604399999,21938265.52345660,13642,254.87590000,6132412.00246120,0
1660604400000,24018.95000000,24197.99000000,23780.95000000,24097.01000000,936.75781000,1660607999999,22471189.29778520,18962,449.61922000,10786823.14997800,0
1660608000000,24098.03000000,24166.53000000,23964.76000000,24130.21000000,546.52884000,1660611599999,13155240.32416520,12335,270.48723000,6510804.56616310,0
1660611600000,24128.28000000,24255.35000000,24104.50000000,24113.83000000,390.79205000,1660615199999,9451504.94841560,9850,196.64515000,4756161.95183710,0
1660615200000,24113.83000000,24206.41000000,24028.36000000,24051.35000000,324.41801000,1660618799999,7823654.78587310,8494,170.94813000,4122771.69669010,0
1660618800000,24050.98000000,24197.43000000,23860.50000000,24086.93000000,583.68439000,1660622399999,14024741.44742520,13513,276.79951000,6652144.68806020,0
1660622400000,24093.37000000,24148.41000000,23942.88000000,23962.45000000,319.04881000,1660625999999,7672174.50155070,7708,163.73698000,3937327.28895940,0
1660626000000,23961.55000000,24018.35000000,23806.50000000,23953.61000000,344.39801000,1660629599999,8234715.30702800,9431,171.04139000,4089774.75229080,0
1660629600000,23952.35000000,24045.26000000,23921.28000000,24003.67000000,185.14799000,1660633199999,4443218.46677990,6623,101.30101000,2431113.43377370,0
1660633200000,24004.14000000,24073.24000000,23940.00000000,24073.24000000,162.39446000,1660636799999,3898667.17524520,6468,86.29054000,2071710.10961700,0
1660636800000,24069.17000000,24087.54000000,23975.86000000,23997.68000000,201.64824000,1660640399999,4843743.53434070,6890,96.78992000,2324972.50401290,0
1660640400000,23998.38000000,24128.69000000,23987.61000000,24083.83000000,251.66965000,1660643999999,6061121.13796380,7334,125.07943000,3012284.87726570,0
1660644000000,24087.08000000,24109.89000000,23999.00000000,24015.40000000,177.79733000,1660647599999,4275686.27219650,5265,93.64570000,2251860.19938840,0
1660647600000,24017.11000000,24152.96000000,23995.51000000,24040.44000000,442.64905000,1660651199999,10654088.41279920,8913,229.28254000,5518169.66289360,0
1660651200000,24043.97000000,24095.87000000,23897.52000000,23944.01000000,318.35746000,1660654799999,7642499.58826390,8883,154.74204000,3714796.96735270,0
1660654800000,23943.28000000,24030.30000000,23862.88000000,23906.93000000,342.62782000,1660658399999,8202486.60792390,10258,176.36429000,4222184.22930560,0
1660658400000,23900.26000000,23924.90000000,23685.00000000,23725.05000000,537.63076000,1660661999999,12793965.30618160,14912,279.32332000,6647894.11314760,0
1660662000000,23718.45000000,23931.11000000,23674.00000000,23902.72000000,346.55826000,1660665599999,8252736.51501120,10341,163.27278000,3888522.50172220,0
1660665600000,23903.42000000,23923.79000000,23692.67000000,23815.34000000,340.07862000,1660669199999,8092651.59701550,9233,168.48239000,4008849.44440870,0
1660669200000,23811.27000000,23899.78000000,23783.51000000,23866.98000000,385.48611000,1660672799999,9193870.84219250,9338,172.46495000,4113174.40148300,0
1660672800000,23865.13000000,24057.87000000,23704.51000000,23835.50000000,497.11947000,1660676399999,11875951.46650300,13137,255.70553000,6109726.01469210,0
1660676400000,23837.88000000,23971.42000000,23798.52000000,23935.68000000,257.75515000,1660679999999,6161780.87563170,7787,133.95356000,3201946.29697320,0
1660680000000,23936.20000000,23994.79000000,23902.73000000,23983.77000000,250.46021000,1660683599999,5998015.08443220,6535,120.37100000,2882519.57690670,0
1660683600000,23980.94000000,23995.79000000,23880.55000000,23951.82000000,150.56090000,1660687199999,3604602.44688710,4679,78.96967000,1890615.45111900,0
1660687200000,23951.26000000,23953.75000000,23807.12000000,23849.05000000,233.57753000,1660690799999,5575509.78574230,6890,120.36400000,2873306.56173270,0
1660690800000,23847.92000000,23902.52000000,23818.57000000,23858.07000000,201.08976000,1660694399999,4799404.26343830,6206,105.49156000,2517842.68933540,0
1660694400000,23856.51000000,24040.13000000,23828.80000000,24010.39000000,338.79702000,1660697999999,8112045.05412960,9978,179.41946000,4295100.78629440,0
1660698000000,24012.71000000,24066.00000000,23936.85000000,23946.85000000,363.71170000,1660701599999,8729874.96493930,8885,164.96254000,3960079.44033140,0
1660701600000,23946.98000000,24067.00000000,23902.40000000,23994.19000000,227.31663000,1660705199999,5451548.38851110,5936,117.15997000,2810315.47906940,0
1660705200000,23995.21000000,24085.86000000,23990.99000000,24008.76000000,251.58907000,1660708799999,6049635.99049520,6867,133.78927000,3216935.68356300,0
1660708800000,24008.83000000,24091.80000000,24006.88000000,24069.51000000,127.24936000,1660712399999,3059303.52685490,4561,63.31880000,1522330.77612590,0
1660712400000,24070.32000000,24180.72000000,24064.66000000,24167.50000000,225.63252000,1660715999999,5443677.87326570,7273,111.15458000,2681462.78845540,0
1660716000000,24165.26000000,24449.21000000,24163.17000000,24410.40000000,522.31484000,1660719599999,12724500.80150790,12847,294.99663000,7184581.11528110,0
1660719600000,24405.99000000,24428.31000000,23764.31000000,23787.61000000,734.26875000,1660723199999,17637356.71711860,17425,337.54369000,8109027.72505910,0
1660723200000,23791.81000000,23878.11000000,23734.62000000,23814.78000000,399.59038000,1660726799999,9509249.70036510,9719,206.28572000,4909247.36443330,0
1660726800000,23811.10000000,23925.95000000,23797.94000000,23832.91000000,287.08721000,1660730399999,6848492.56817140,7081,141.11954000,3366783.85541370,0
1660730400000,23830.80000000,23839.95000000,23685.71000000,23794.38000000,338.18895000,1660733999999,8036961.50997060,8316,168.65112000,4008329.86161310,0
1660734000000,23799.31000000,23831.83000000,23687.46000000,23748.45000000,324.31520000,1660737599999,7708873.62945230,7301,159.85820000,3799962.74594780,0
1660737600000,23749.15000000,23763.07000000,23532.65000000,23675.92000000,660.57049000,1660741199999,15619589.05269820,15770,332.73748000,7867855.63498780,0
1660741200000,23670.23000000,23682.92000000,23325.64000000,23428.56000000,693.94473000,1660744799999,16330303.71092630,17468,337.47081000,7941293.97450400,0
1660744800000,23424.66000000,23479.48000000,23323.97000000,23349.91000000,399.36804000,1660748399999,9344416.16454950,10273,211.53765000,4949854.87191110,0
1660748400000,23351.30000000,23467.17000000,23335.78000000,23397.02000000,264.87042000,1660751999999,6198014.45335450,6492,152.51091000,3569030.23137120,0
1660752000000,23394.99000000,23497.30000000,23332.20000000,23419.32000000,291.23495000,1660755599999,6814566.83635690,7363,163.16647000,3818623.46207080,0
1660755600000,23421.94000000,23482.66000000,23360.00000000,23472.09000000,178.67642000,1660759199999,4182688.97383230,5451,91.13720000,2133722.07508540,0
1660759200000,23468.94000000,23642.50000000,23350.00000000,23450.39000000,641.03698000,1660762799999,15070694.32041650,15377,338.79803000,7965019.21492390,0
1660762800000,23454.06000000,23498.61000000,23233.15000000,23279.55000000,423.50212000,1660766399999,9868478.55344370,9412,223.97137000,5218478.69902240,0
1660766400000,23275.77000000,23421.95000000,23179.10000000,23405.15000000,337.86314000,1660769999999,7881274.53981430,7718,163.94893000,3825227.55571360,0
1660770000000,23406.10000000,23406.10000000,23242.39000000,23334.90000000,258.18596000,1660773599999,6015947.58688360,6354,143.74695000,3348433.47722450,0
1660773600000,23331.44000000,23387.70000000,23245.70000000,23348.97000000,254.32205000,1660777199999,5933833.11770180,6512,129.05691000,3011005.58285200,0
1660777200000,23349.91000000,23379.22000000,23289.64000000,23342.67000000,223.98105000,1660780799999,5226091.30740630,5964,111.02712000,2590539.70776820,0
1660780800000,23341.75000000,23479.47000000,23287.25000000,23457.85000000,364.58858000,1660784399999,8531166.93913500,8568,191.15275000,4473188.80148910,0
1660784400000,23455.96000000,23498.73000000,23410.66000000,23472.84000000,226.65148000,1660787999999,5314955.08443350,5396,117.79760000,2762517.26207200,0
1660788000000,23472.80000000,23524.00000000,23419.33000000,23463.87000000,215.46644000,1660791599999,5056352.22590310,5035,110.03975000,2582526.13998930,0
1660791600000,23460.80000000,23499.58000000,23419.81000000,23436.24000000,161.42950000,1660795199999,3787135.89657430,3846,68.08535000,1597533.49868320,0
1660795200000,23438.24000000,23452.47000000,23341.33000000,23380.10000000,178.78337000,1660798799999,4183673.36992080,5581,85.94300000,2011288.11988000,0
1660798800000,23381.41000000,23468.53000000,23370.25000000,23392.22000000,132.86431000,1660802399999,3113126.61966480,4941,61.43252000,1439393.48223050,0
1660802400000,23392.22000000,23466.49000000,23346.00000000,23357.93000000,190.31950000,1660805999999,4454066.48489690,5803,90.13490000,2109665.48562550,0
1660806000000,23357.23000000,23442.63000000,23326.95000000,23414.69000000,247.75264000,1660809599999,5795570.27747520,6950,136.63485000,3196283.32282010,0
1660809600000,23414.69000000,23474.22000000,23345.21000000,23465.75000000,200.28295000,1660813199999,4689268.23655450,6576,97.74410000,2288600.43050560,0
1660813200000,23468.63000000,23544.77000000,23437.11000000,23535.39000000,284.29169000,1660816799999,6674042.87815430,6331,141.25963000,3316519.41209950,0
1660816800000,23537.94000000,23586.14000000,23463.30000000,23481.30000000,191.24635000,1660820399999,4498189.66252620,5830,78.98300000,1857800.98798700,0
1660820400000,23482.11000000,23538.17000000,23464.36000000,23534.97000000,135.61502000,1660823999999,3186428.74557550,4414,69.54013000,1634012.12127150,0
1660824000000,23535.31000000,23600.00000000,23465.76000000,23573.41000000,264.99894000,1660827599999,6237308.28026190,8301,137.58968000,3238673.66371510,0
1660827600000,23573.44000000,23575.00000000,23436.00000000,23449.67000000,327.35284000,1660831199999,7694302.80107000,8217,161.69642000,3801192.45090910,0
1660831200000,23447.87000000,23511.07000000,23356.08000000,23422.56000000,186.99389000,1660834799999,4382784.26619100,6876,89.45709000,2097097.82305020,0
1660834800000,23423.70000000,23491.62000000,23375.54000000,23448.84000000,148.27814000,1660838399999,3474462.48639650,5421,70.96588000,1663029.32929900,0
1660838400000,23452.38000000,23478.71000000,23250.03000000,23334.07000000,269.36619000,1660841999999,6289250.41394140,7254,133.62907000,3120206.05283480,0
1660842000000,23334.92000000,23418.74000000,23260.00000000,23271.11000000,163.40595000,1660845599999,3817561.42217910,6156,76.26891000,1781911.15272520,0
1660845600000,23271.11000000,23365.22000000,23236.00000000,23318.22000000,160.07478000,1660849199999,3727508.37130060,5940,82.94577000,1931654.64270880,0
1660849200000,23320.00000000,23433.29000000,23300.41000000,23347.67000000,150.19615000,1660852799999,3511288.34564000,5460,76.37940000,1785795.13483890,0
1660852800000,23349.89000000,23447.17000000,23316.80000000,23415.81000000,100.78582000,1660856399999,2357787.54440140,4421,49.85532000,1166386.05083460,0
1660856400000,23413.20000000,23426.16000000,23337.00000000,23365.90000000,70.72702000,1660859999999,1653917.34666640,3325,30.55902000,714659.13140460,0
1660860000000,23364.69000000,23400.31000000,23319.56000000,23345.41000000,159.29007000,1660863599999,3721639.78082300,4984,81.89874000,1913578.09745510,0
1660863600000,23345.38000000,23385.44000000,23109.51000000,23191.31000000,365.95162000,1660867199999,8502222.35649330,9718,187.35300000,4352713.62475940,0
1660867200000,23191.02000000,23207.81000000,22880.54000000,22929.43000000,554.10919000,1660870799999,12742536.98787370,13532,277.10040000,6373518.73776110,0
1660870800000,22928.76000000,22960.30000000,22712.79000000,22759.42000000,441.69412000,1660874399999,10081115.57852870,11545,205.76989000,4697651.20743300,0
1660874400000,22761.33000000,22829.61000000,22710.02000000,22815.88000000,314.77371000,1660877999999,7167791.20413280,8253,168.60451000,3839117.95826230,0
1660878000000,22817.34000000,22834.77000000,22737.62000000,22764.65000000,354.56449000,1660881599999,8077148.47299410,8172,225.72949000,5142474.76939910,0
1660881600000,22767.93000000,22835.66000000,22746.12000000,22790.00000000,204.60705000,1660885199999,4664092.43183710,6235,96.07886000,2190285.32827090,0
1660885200000,22789.93000000,22837.02000000,22767.52000000,22812.50000000,185.61898000,1660888799999,4231919.76835430,6170,71.73289000,1635823.17342880,0
1660888800000,22811.57000000,22818.81000000,21400.00000000,21911.82000000,1161.21108000,1660892399999,25666624.58910870,24085,468.15621000,10361782.13098130,0
1660892400000,21911.62000000,22145.07000000,21855.23000000,21914.16000000,601.71899000,1660895999999,13224597.48475320,10790,305.79580000,6720767.21653170,0
1660896000000,21909.38000000,21917.15000000,21678.35000000,21786.10000000,667.40742000,1660899599999,14550504.30914800,12154,332.91191000,7258483.07871540,0
1660899600000,21782.15000000,21830.01000000,21624.81000000,21753.21000000,440.62124000,1660903199999,9579418.38125320,9340,214.19331000,4656596.84439690,0
1660903200000,21754.39000000,21800.00000000,21580.45000000,21620.74000000,459.47475000,1660906799999,9967178.63432160,9026,224.80894000,4877408.07177650,0
1660906800000,21616.96000000,21640.00000000,21266.99000000,21472.83000000,878.65076000,1660910399999,18848827.11523230,17806,410.22746000,8800582.63584520,0
1660910400000,21468.79000000,21594.55000000,21261.15000000,21536.13000000,720.92147000,1660913999999,15457241.16264940,14904,353.10038000,7570651.34089190,0
1660914000000,21535.70000000,21569.11000000,21391.79000000,21400.71000000,401.62212000,1660917599999,8630711.14226520,9234,196.84205000,4230447.28290960,0
1660917600000,21401.84000000,21492.93000000,21321.79000000,21337.13000000,425.34009000,1660921199999,9104534.32937570,8506,225.00762000,4816656.78188300,0
1660921200000,21336.62000000,21484.19000000,21279.60000000,21441.23000000,362.10444000,1660924799999,7741071.77304160,8363,188.42854000,4028159.01021780,0
1660924800000,21441.06000000,21656.31000000,21415.42000000,21525.91000000,474.62040000,1660928399999,10214789.96316090,10571,241.53591000,5198704.54286970,0
1660928400000,21531.25000000,21581.54000000,21396.62000000,21464.77000000,327.94472000,1660931999999,7043586.87725420,7091,163.96814000,3521467.13613950,0
1660932000000,21463.34000000,21467.92000000,21309.93000000,21371.47000000,266.55376000,1660935599999,5696932.20848260,6682,126.97442000,2713873.60586030,0
1660935600000,21374.41000000,21459.26000000,21149.39000000,21327.94000000,491.84170000,1660939199999,10494935.60548180,10819,236.02505000,5038432.53112430,0
1660939200000,21325.74000000,21381.46000000,21165.01000000,21274.19000000,374.43845000,1660942799999,7966283.95413520,9129,175.24760000,3728226.89096510,0
1660942800000,21276.79000000,21327.43000000,20913.13000000,21082.96000000,451.80289000,1660946399999,9550231.83968300,8743,212.82988000,4499494.36734270,0
1660946400000,21081.08000000,21322.45000000,20900.01000000,20975.35000000,857.75619000,1660949999999,18092506.21005170,14136,413.60266000,8725668.58998940,0
1660950000000,20977.37000000,21050.38000000,20777.25000000,20833.33000000,857.54615000,1660953599999,17942020.54413080,13794,410.36669000,8587596.36105070,0
1660953600000,20837.10000000,21191.49000000,20795.27000000,20993.24000000,646.48678000,1660957199999,13583129.58065240,11393,330.25841000,6939739.48438840,0
1660957200000,20994.78000000,21104.06000000,20983.07000000,20995.93000000,335.05769000,1660960799999,7049538.08856620,6398,168.40204000,3543190.36310890,0
1660960800000,20999.91000000,21179.53000000,20992.39000000,21132.11000000,327.06728000,1660964399999,6902248.37687820,6069,162.00526000,3418918.42083080,0
1660964400000,21133.98000000,21176.43000000,21094.87000000,21143.80000000,215.99617000,1660967999999,4564166.47557000,4834,104.81494000,2214930.07075140,0
1660968000000,21144.01000000,21281.87000000,21080.44000000,21241.59000000,271.23703000,1660971599999,5735999.39381270,5463,139.09687000,2941424.65828660,0
1660971600000,21242.03000000,21255.38000000,21086.53000000,21130.66000000,353.85673000,1660975199999,7490615.09620060,5999,177.21764000,3751636.23579470,0
1660975200000,21133.06000000,21329.00000000,21124.74000000,21311.84000000,355.80040000,1660978799999,7553848.77487170,6570,187.85864000,3988006.28766470,0
1660978800000,21317.11000000,21373.73000000,21265.43000000,21308.43000000,332.73420000,1660982399999,7091497.37073990,7449,164.37737000,3503330.15663180,0
1660982400000,21310.28000000,21315.35000000,21177.68000000,21200.15000000,218.59657000,1660985999999,4643047.99072680,5267,110.39196000,2344570.86645630,0
1660986000000,21200.41000000,21232.19000000,21118.10000000,21210.00000000,232.65490000,1660989599999,4929471.13509000,5254,100.67482000,2133329.08139190,0
1660989600000,21212.38000000,21258.62000000,21104.34000000,21231.11000000,259.18979000,1660993199999,5489643.33522080,5924,132.82485000,2813303.36332470,0
1660993200000,21231.10000000,21281.32000000,21184.90000000,21236.63000000,196.47079000,1660996799999,4172486.67565050,5118,95.30863000,2024094.29805340,0
1660996800000,21236.63000000,21321.28000000,21174.71000000,21243.19000000,365.60096000,1661000399999,7772370.07047350,7764,169.66753000,3607544.63434040,0
1661000400000,21242.19000000,21339.91000000,21232.64000000,21322.12000000,251.51759000,1661003999999,5349610.20315120,5540,126.07384000,2681737.35396760,0
1661004000000,21324.17000000,21345.79000000,21221.55000000,21255.58000000,172.85196000,1661007599999,3679666.00747000,4599,87.95210000,1872511.91524420,0
1661007600000,21257.89000000,21317.80000000,21168.37000000,21300.68000000,215.91531000,1661011199999,4589613.89459580,4744,97.93524000,2082324.99625230,0
1661011200000,21302.51000000,21357.87000000,21230.00000000,21240.43000000,202.70813000,1661014799999,4317537.86113630,5898,100.22393000,2134806.46035520,0
1661014800000,21239.84000000,21324.10000000,21165.94000000,21259.18000000,280.45556000,1661018399999,5957139.74788130,7175,134.76590000,2862696.99202000,0
1661018400000,21256.82000000,21324.52000000,21078.64000000,21107.07000000,372.26384000,1661021999999,7894655.44382200,8247,172.55639000,3659793.21444820,0
1661022000000,21111.72000000,21149.21000000,20942.87000000,20990.19000000,597.22670000,1661025599999,12567326.77081880,12142,302.89107000,6373196.60420910,0
1661025600000,20988.40000000,21162.38000000,20799.74000000,20821.09000000,494.93903000,1661029199999,10385193.97252990,10982,236.81156000,4969468.17454970,0
1661029200000,20819.12000000,21140.75000000,20761.12000000,21123.42000000,484.04681000,1661032799999,10144296.70315680,9585,230.98032000,4840379.41169020,0
1661032800000,21122.36000000,21247.40000000,21056.27000000,21135.55000000,440.29620000,1661036399999,9308454.36813230,8896,231.17653000,4887407.82807060,0
1661036400000,21137.11000000,21216.27000000,21079.97000000,21135.02000000,447.33462000,1661039999999,9465778.37529420,8554,271.51017000,5746809.03050570,0
1661040000000,21137.92000000,21280.00000000,21121.51000000,21167.11000000,469.80288000,1661043599999,9969622.69297860,8322,295.08309000,6263291.33903560,0
1661043600000,21167.11000000,21279.99000000,21160.84000000,21261.10000000,190.98198000,1661047199999,4053780.61349260,5217,84.56896000,1794880.04773190,0
1661047200000,21260.89000000,21320.00000000,21216.44000000,21263.83000000,337.60847000,1661050799999,7182227.26214070,5734,201.26974000,4282675.44599790,0
1661050800000,21264.13000000,21268.31000000,21160.13000000,21208.98000000,200.37713000,1661054399999,4249257.75627320,4507,102.21421000,2167545.81416170,0
1661054400000,21210.62000000,21280.94000000,21180.00000000,21199.88000000,141.62987000,1661057999999,3004794.85265930,3793,63.37047000,1344403.59560640,0
1661058000000,21200.44000000,21243.22000000,21164.52000000,21228.75000000,145.29373000,1661061599999,3080771.93912110,3676,71.28713000,1511609.58608520,0
1661061600000,21230.48000000,21241.01000000,21070.00000000,21114.29000000,211.85661000,1661065199999,4481919.13045140,5753,106.64069000,2255811.88021540,0
1661065200000,21117.79000000,21251.93000000,21067.87000000,21247.71000000,191.79463000,1661068799999,4054300.67298620,5161,87.64871000,1853002.61190280,0
1661068800000,21249.88000000,21470.00000000,21226.11000000,21355.66000000,812.42606000,1661072399999,17366382.00279270,12559,574.13718000,12275752.11232940,0
1661072400000,21357.75000000,21490.00000000,21327.03000000,21433.52000000,299.86916000,1661075999999,6427101.24643130,6964,171.24700000,3671715.90575130,0
1661076000000,21435.31000000,21469.28000000,21366.35000000,21377.58000000,170.28818000,1661079599999,3646809.56643760,4563,82.13592000,1758984.83267360,0
1661079600000,21375.55000000,21550.00000000,21367.27000000,21522.87000000,356.27831000,1661083199999,7654923.99765200,6413,241.63681000,5193610.76531180,0
1661083200000,21524.66000000,21580.00000000,21469.67000000,21473.52000000,357.39822000,1661086799999,7695024.19335290,6151,179.90373000,3875412.90308540,0
1661086800000,21474.53000000,21502.15000000,21384.31000000,21398.27000000,186.39486000,1661090399999,3994314.73468220,4811,92.33440000,1978972.49020620,0
1661090400000,21401.54000000,21426.30000000,21318.15000000,21409.51000000,191.94153000,1661093999999,4104670.16069730,5148,93.83862000,2006901.99864840,0
1661094000000,21412.01000000,21440.27000000,21364.33000000,21420.05000000,101.74738000,1661097599999,2178620.24182600,3077,47.29450000,1012706.66187130,0
1661097600000,21421.74000000,21500.00000000,21329.59000000,21406.62000000,238.13402000,1661101199999,5099795.39555410,5923,117.15813000,2509013.94308030,0
1661101200000,21408.20000000,21500.00000000,21405.31000000,21460.20000000,162.10232000,1661104799999,3478499.10423820,3999,75.51500000,1620421.61839140,0
1661104800000,21461.65000000,21516.60000000,21384.58000000,21480.59000000,122.23378000,1661108399999,2621037.27060980,3471,60.50856000,1297603.67006150,0
1661108400000,21481.09000000,21579.99000000,21450.00000000,21511.12000000,211.42649000,1661111999999,4546460.26697510,4530,93.72496000,2015847.85302900,0
1661112000000,21512.62000000,21796.70000000,21462.13000000,21466.37000000,485.70924000,1661115599999,10482798.41781600,8621,322.91155000,6972554.35582390,0
1661115600000,21470.97000000,21700.83000000,21466.87000000,21533.13000000,355.49101000,1661119199999,7674470.41737140,7918,163.06594000,3519701.88257970,0
1661119200000,21532.62000000,21668.92000000,21277.53000000,21566.60000000,636.34332000,1661122799999,13676581.84126010,12126,309.91631000,6661403.72718350,0
1661122800000,21568.51000000,21643.68000000,21508.57000000,21514.97000000,272.66206000,1661126399999,5882020.20874940,4945,126.03836000,2718727.35776240,0
1661126400000,21518.06000000,21530.30000000,21390.00000000,21452.04000000,298.03999000,1661129999999,6397827.65128210,6473,144.72827000,3106913.07085180,0
1661130000000,21453.24000000,21478.58000000,21361.50000000,21444.15000000,364.83887000,1661133599999,7814562.17403160,6627,190.52231000,4080346.89458480,0
1661133600000,21444.08000000,21487.65000000,21375.11000000,21473.54000000,215.12426000,1661137199999,4610767.67218150,4522,112.13922000,2403598.52595360,0
1661137200000,21474.83000000,21505.40000000,21409.34000000,21413.75000000,229.57295000,1661140799999,4926383.77547990,5051,107.80241000,2313252.67381000,0
1661140800000,21415.78000000,21490.89000000,21342.26000000,21467.18000000,264.97056000,1661144399999,5673649.10143590,5711,145.15459000,3108068.44367960,0
1661144400000,21468.00000000,21494.52000000,21399.18000000,21426.96000000,226.91052000,1661147999999,4867448.20330430,5249,107.73732000,2311412.62602270,0
1661148000000,21426.96000000,21446.53000000,21285.00000000,21351.93000000,447.88016000,1661151599999,9569867.90438960,7435,206.92365000,4421770.46333720,0
1661151600000,21352.76000000,21379.25000000,21049.04000000,21096.62000000,571.79174000,1661155199999,12129120.05156310,9412,294.04030000,6235832.91815430,0
1661155200000,21092.80000000,21196.28000000,20881.81000000,21188.22000000,911.37171000,1661158799999,19149660.41168030,14616,439.21864000,9230207.19715060,0
1661158800000,21190.75000000,21262.44000000,21089.00000000,21172.50000000,361.91815000,1661162399999,7657776.42644000,7355,205.69527000,4352921.60265380,0
1661162400000,21173.17000000,21334.80000000,21106.10000000,21280.80000000,358.91721000,1661165999999,7621065.60461960,6223,183.74122000,3902099.48813610,0
1661166000000,21282.78000000,21325.49000000,21179.55000000,21250.11000000,327.38810000,1661169599999,6959607.17967240,5494,155.34182000,3302309.01835610,0
1661169600000,21246.09000000,21345.78000000,21144.55000000,21207.47000000,433.62915000,1661173199999,9207621.43246150,7807,222.68323000,4728188.56694800,0
1661173200000,21207.90000000,21372.13000000,21076.97000000,21306.09000000,500.77477000,1661176799999,10628809.85438600,9096,253.87188000,5389086.52038490,0
1661176800000,21300.00000000,21383.34000000,21177.02000000,21198.08000000,523.34443000,1661180399999,11123058.17986880,9510,286.87057000,6096919.66887210,0
1661180400000,21198.08000000,21437.29000000,21191.81000000,21393.68000000,317.88942000,1661183999999,6773094.66121390,6943,163.07266000,3474794.53060510,0
1661184000000,21401.85000000,21547.85000000,21313.43000000,21329.84000000,364.04300000,1661187599999,7783620.49624280,7789,205.21122000,4387730.72016540,0
1661187600000,21329.89000000,21342.21000000,21190.76000000,21229.29000000,224.14246000,1661191199999,4765011.47461100,5161,112.89662000,2399899.74815970,0
1661191200000,21231.94000000,21239.55000000,20962.03000000,21020.94000000,339.33152000,1661194799999,7154058.17639630,7131,156.95862000,3308827.36893330,0
1661194800000,21015.91000000,21119.19000000,20991.08000000,21049.61000000,268.11280000,1661198399999,5643690.59728730,5636,127.74618000,2688777.94226210,0
1661198400000,21054.36000000,21188.12000000,21045.30000000,21125.85000000,299.60674000,1661201999999,6330192.17492200,6588,127.05817000,2684031.31633650,0
1661202000000,21127.90000000,21138.43000000,21043.00000000,21098.83000000,129.24543000,1661205599999,2726195.39318710,3190,61.45349000,1296290.44670130,0
1661205600000,21102.84000000,21240.15000000,21089.12000000,21169.39000000,350.50148000,1661209199999,7425426.72954860,6034,183.38673000,3885160.05860400,0
1661209200000,21174.42000000,21420.00000000,21150.26000000,21396.05000000,401.47500000,1661212799999,8544707.47535730,7792,201.20520000,4282794.65658460,0
1661212800000,21398.93000000,21464.57000000,21283.36000000,21298.86000000,420.75862000,1661216399999,8995087.96188700,7996,205.66751000,4397083.74834650,0
1661216400000,21301.74000000,21407.50000000,21288.03000000,21303.74000000,289.09094000,1661219999999,6169796.96840230,5495,140.11705000,2990612.18714560,0
1661220000000,21306.35000000,21357.14000000,21257.02000000,21344.21000000,310.09871000,1661223599999,6605691.09769930,5381,161.76020000,3445657.77842330,0
1661223600000,21344.70000000,21374.12000000,21218.82000000,21242.98000000,198.61790000,1661227199999,4232623.06984260,4497,106.98629000,2279979.33314810,0
1661227200000,21239.37000000,21316.78000000,21221.29000000,21265.58000000,221.22459000,1661230799999,4704876.84257800,4265,112.19804000,2386168.21861260,0
1661230800000,21263.32000000,21284.65000000,20933.49000000,20962.36000000,485.96226000,1661234399999,10238710.73979070,8975,232.63541000,4902544.66659930,0
1661234400000,20964.10000000,21088.73000000,20887.76000000,21080.04000000,388.08654000,1661237999999,8147177.74891270,6719,191.97183000,4030395.69433280,0
1661238000000,21083.08000000,21305.30000000,21065.01000000,21303.20000000,480.70384000,1661241599999,10183764.00012890,8223,255.53481000,5414202.93916570,0
1661241600000,21301.63000000,21549.99000000,21301.08000000,21452.02000000,676.48831000,1661245199999,14503277.39704590,10605,317.12474000,6798742.24613700,0
1661245200000,21453.09000000,21579.00000000,21288.81000000,21441.42000000,464.24934000,1661248799999,9943639.92409890,8697,230.15336000,4929401.78991880,0
1661248800000,21442.93000000,21457.13000000,21316.80000000,21416.30000000,441.87112000,1661252399999,9449945.61344930,7850,216.62865000,4633018.14592920,0
1661252400000,21413.92000000,21493.51000000,21348.10000000,21457.27000000,383.89437000,1661255999999,8218608.97107720,6576,181.79127000,3891915.60056140,0
1661256000000,21459.04000000,21515.15000000,21334.12000000,21348.90000000,192.88244000,1661259599999,4129129.33557550,4539,94.33235000,2019435.53964620,0
1661259600000,21353.58000000,21600.00000000,21327.51000000,21521.60000000,427.67128000,1661263199999,9177269.73665630,8332,192.14771000,4122471.19254990,0
1661263200000,21520.11000000,21681.34000000,21418.10000000,21467.23000000,497.82089000,1661266799999,10741403.98263230,9738,235.12831000,5071108.31508100,0
1661266800000,21468.69000000,21582.21000000,21342.00000000,21471.96000000,328.22521000,1661270399999,7051652.78289350,6545,150.97451000,3243698.76988170,0
1661270400000,21470.54000000,21481.43000000,21356.71000000,21463.58000000,251.94970000,1661273999999,5396494.82934870,5434,113.93581000,2440250.70808970,0
1661274000000,21466.99000000,21518.12000000,21394.03000000,21410.00000000,175.39076000,1661277599999,3764239.69775600,4290,84.66190000,1817276.55104610,0
1661277600000,21408.60000000,21601.58000000,21397.45000000,21542.34000000,222.62963000,1661281199999,4789120.23689950,5388,113.31024000,2437877.09060350,0
1661281200000,21544.18000000,21575.11000000,21488.24000000,21522.17000000,196.36785000,1661284799999,4227580.67771580,4561,88.97828000,1915635.02150410,0
1661284800000,21522.16000000,21651.15000000,21458.54000000,21477.86000000,231.88518000,1661288399999,4991676.65863360,5100,121.66668000,2618751.78817600,0
1661288400000,21478.94000000,21512.22000000,21430.00000000,21491.33000000,139.90750000,1661291999999,3004094.30165960,3024,66.16813000,1421007.66932790,0
1661292000000,21489.87000000,21587.18000000,21471.42000000,21475.78000000,312.93080000,1661295599999,6735995.27039430,5039,154.65979000,3329206.89605720,0
1661295600000,21477.07000000,21603.94000000,21456.77000000,21525.71000000,274.71315000,1661299199999,5915597.45731500,4821,128.97030000,2777177.10662560,0
1661299200000,21526.08000000,21554.23000000,21325.76000000,21386.88000000,461.41199000,1661302799999,9888056.12690120,6563,234.46077000,5024867.01388800,0
1661302800000,21387.13000000,21430.00000000,21172.55000000,21262.01000000,423.47388000,1661306399999,9021830.54451070,7072,213.97919000,4558941.49662870,0
1661306400000,21261.40000000,21363.63000000,21149.18000000,21199.58000000,364.85364000,1661309999999,7759048.50483320,5899,175.54157000,3733606.75407150,0
1661310000000,21202.84000000,21293.22000000,21165.44000000,21263.20000000,232.31017000,1661313599999,4933370.74617500,4301,116.38192000,2471442.60534120,0
1661313600000,21262.10000000,21359.40000000,21236.97000000,21329.67000000,184.08883000,1661317199999,3917622.01844420,3852,96.80633000,2060407.61486700,0
1661317200000,21329.95000000,21506.25000000,21314.62000000,21422.26000000,347.36690000,1661320799999,7438759.52459540,6539,180.64750000,3868522.38618760,0
1661320800000,21423.03000000,21470.22000000,21300.01000000,21405.53000000,293.82387000,1661324399999,6284272.74098120,5360,146.49894000,3133602.74849740,0
1661324400000,21404.63000000,21451.71000000,21243.23000000,21319.60000000,458.29248000,1661327999999,9778250.60786930,7654,212.69465000,4538706.45757450,0
1661328000000,21320.67000000,21440.27000000,21303.65000000,21340.61000000,325.73676000,1661331599999,6960598.32025970,6568,171.87585000,3672648.88390880,0
1661331600000,21340.48000000,21396.29000000,21288.81000000,21312.26000000,210.42420000,1661335199999,4490250.66023090,3965,109.47257000,2335805.31246720,0
1661335200000,21314.05000000,21387.89000000,21260.05000000,21279.89000000,248.95741000,1661338799999,5309397.60337800,4586,137.79438000,2938936.88307470,0
1661338800000,21282.54000000,21476.19000000,21271.55000000,21440.00000000,270.68529000,1661342399999,5791847.51535920,5500,134.17855000,2870903.42299770,0
1661342400000,21442.32000000,21522.95000000,21422.44000000,21487.10000000,149.30579000,1661345999999,3204952.17892060,3983,77.40534000,1661549.73406280,0
1661346000000,21484.48000000,21511.41000000,21375.21000000,21440.00000000,124.03668000,1661349599999,2660520.77864010,4066,66.19273000,1419792.70054910,0
1661349600000,21442.20000000,21559.35000000,21397.95000000,21470.21000000,185.24676000,1661353199999,3980589.85532110,5325,88.58037000,1903320.26829020,0
1661353200000,21470.15000000,21650.00000000,21453.00000000,21617.12000000,213.83579000,1661356799999,4610634.13813900,5818,97.53349000,2103400.64356580,0
1661356800000,21613.77000000,21900.00000000,21608.96000000,21721.91000000,300.24443000,1661360399999,6529590.57829590,7257,161.39903000,3510050.43091430,0
1661360400000,21717.00000000,21785.80000000,21606.91000000,21631.24000000,214.26872000,1661363999999,4640945.67471640,5465,137.06306000,2968264.45412500,0
1661364000000,21632.30000000,21727.70000000,21622.56000000,21674.20000000,100.69095000,1661367599999,2182941.31851650,2853,50.40738000,1092912.66610130,0
1661367600000,21675.40000000,21807.59000000,21672.48000000,21711.86000000,105.22884000,1661371199999,2288162.60609750,2819,39.54351000,860028.07511820,0
1661371200000,21709.63000000,21760.00000000,21678.10000000,21692.77000000,90.49870000,1661374799999,1965063.58889580,2751,34.24281000,743512.76749390,0
1661374800000,21692.77000000,21719.03000000,21560.00000000,21592.00000000,69.41163000,1661378399999,1501312.28838560,1717,30.46724000,659176.99945180,0
1661378400000,21593.87000000,21654.76000000,21450.78000000,21494.91000000,466.47664000,1661381999999,10043263.62582170,6947,233.09030000,5019418.10066010,0
1661382000000,21495.96000000,21531.47000000,21360.41000000,21369.10000000,276.39079000,1661385599999,5925593.76658920,5693,138.83321000,2976714.83569100,0
1661385600000,21370.80000000,21487.56000000,21312.00000000,21480.00000000,353.14016000,1661389199999,7558154.50727760,6752,180.65540000,3866604.26921220,0
1661389200000,21483.74000000,21637.32000000,21462.85000000,21552.87000000,336.92454000,1661392799999,7262181.91870370,5736,168.53745000,3632737.59454080,0
1661392800000,21551.16000000,21580.24000000,21509.66000000,21526.13000000,200.82969000,1661396399999,4325426.46869270,4390,101.53783000,2186934.74765850,0
1661396400000,21528.97000000,21596.42000000,21428.30000000,21467.34000000,211.77027000,1661399999999,4555870.01297290,4783,109.94901000,2365311.71950490,0
1661400000000,21466.17000000,21562.28000000,21460.11000000,21540.13000000,131.68119000,1661403599999,2834318.28244780,3266,74.35867000,1600505.21127830,0
1661403600000,21542.51000000,21590.00000000,21492.24000000,21558.24000000,217.89549000,1661407199999,4694123.84318190,5058,114.23073000,2460877.51386130,0
1661407200000,21557.90000000,21749.76000000,21548.57000000,21691.34000000,457.50272000,1661410799999,9914477.86262830,9550,223.35150000,4839874.00368280,0
1661410800000,21693.36000000,21772.61000000,21672.44000000,21742.96000000,264.08285000,1661414399999,5737203.26891900,6834,126.69429000,2752418.36016350,0
1661414400000,21742.72000000,21819.08000000,21677.38000000,21686.34000000,211.01278000,1661417999999,4588241.29458490,6347,98.66159000,2145621.68417740,0
1661418000000,21687.12000000,21724.95000000,21635.85000000,21708.60000000,171.85916000,1661421599999,3725493.92247210,4850,85.49630000,1853333.80411140,0
1661421600000,21707.51000000,21720.00000000,21609.13000000,21619.81000000,139.29781000,1661425199999,3019802.35500140,3963,70.40441000,1526459.72511540,0
1661425200000,21622.93000000,21738.54000000,21614.58000000,21720.18000000,181.13848000,1661428799999,3928065.18749100,5134,95.97695000,2081296.81842070,0
1661428800000,21719.91000000,21788.99000000,21626.66000000,21673.36000000,272.94174000,1661432399999,5920360.89415920,6982,151.16715000,3279398.94753460,0
1661432400000,21673.42000000,21741.94000000,21572.91000000,21712.33000000,283.27028000,1661435999999,6127532.26793160,7108,139.99397000,3028598.16155520,0
1661436000000,21709.57000000,21767.03000000,21645.11000000,21658.66000000,275.42902000,1661439599999,5979786.63655910,5960,144.76617000,3143035.83984280,0
1661439600000,21659.40000000,21670.00000000,21484.21000000,21566.28000000,331.55933000,1661443199999,7155476.21033230,6553,142.83912000,3082803.35054240,0
1661443200000,21565.61000000,21594.23000000,21424.77000000,21447.81000000,302.27714000,1661446799999,6502846.17668070,6247,135.49678000,2914498.68595110,0
1661446800000,21444.10000000,21599.71000000,21433.65000000,21572.73000000,388.70070000,1661450399999,8366515.97678030,6498,202.06032000,4349111.12814040,0
1661450400000,21575.37000000,21588.10000000,21497.37000000,21539.95000000,238.77168000,1661453999999,5144828.43976290,4303,127.80585000,2753628.88278630,0
1661454000000,21540.38000000,21647.79000000,21511.89000000,21604.95000000,208.46321000,1661457599999,4501199.63547620,4200,117.02362000,2526673.92969150,0
1661457600000,21605.13000000,21672.70000000,21551.45000000,21646.31000000,183.88309000,1661461199999,3974994.08709420,3668,99.37966000,2148373.27055450,0
1661461200000,21647.72000000,21682.05000000,21562.19000000,21583.12000000,124.67403000,1661464799999,2694509.71891610,2863,61.30253000,1325071.46280110,0
1661464800000,21581.52000000,21627.49000000,21542.18000000,21576.30000000,228.40469000,1661468399999,4930202.46562940,3477,119.96494000,2589492.44874310,0
1661468400000,21576.00000000,21620.92000000,21516.55000000,21561.75000000,218.45535000,1661471999999,4712880.86849950,4009,111.63304000,2408131.05266150,0
1661472000000,21557.61000000,21569.05000000,21433.03000000,21477.62000000,380.66636000,1661475599999,8185281.73640890,6745,198.67944000,4272337.30200160,0
1661475600000,21479.31000000,21597.54000000,21466.44000000,21559.95000000,300.90759000,1661479199999,6477119.62144070,4632,185.57071000,3995383.05215510,0
1661479200000,21559.73000000,21644.74000000,21547.10000000,21599.34000000,401.19667000,1661482799999,8662019.03943380,5469,264.05857000,5702245.77121750,0
1661482800000,21600.48000000,21633.94000000,21549.82000000,21552.21000000,182.79644000,1661486399999,3944380.67750770,3255,105.81679000,2283569.73547760,0
1661486400000,21554.17000000,21567.56000000,21512.80000000,21531.21000000,131.75132000,1661489999999,2838058.01711150,3612,67.61224000,1456443.35588670,0
1661490000000,21532.14000000,21535.83000000,21344.10000000,21405.26000000,428.71348000,1661493599999,9187744.67747360,7920,217.18720000,4654815.49297190,0
1661493600000,21403.84000000,21465.37000000,21375.00000000,21427.03000000,253.01114000,1661497199999,5420532.34154040,4909,131.84670000,2824432.90708850,0
1661497200000,21426.41000000,21460.11000000,21328.33000000,21454.58000000,332.36830000,1661500799999,7112964.17860800,5814,164.17995000,3513816.54374060,0
1661500800000,21455.31000000,21470.00000000,21392.96000000,21416.17000000,303.17367000,1661504399999,6496374.59175800,6251,152.23925000,3261976.81792490,0
1661504400000,21417.88000000,21456.12000000,21407.33000000,21436.99000000,176.89531000,1661507999999,3791439.92023780,3778,91.15274000,1953757.89533090,0
1661508000000,21439.45000000,21447.56000000,21352.00000000,21396.26000000,223.22443000,1661511599999,4778681.03308680,3917,104.99520000,2247653.20369820,0
1661511600000,21397.91000000,21417.60000000,21111.00000000,21191.90000000,586.88684000,1661515199999,12448249.69975240,9103,278.48807000,5906483.81734180,0
1661515200000,21190.62000000,21697.39000000,21156.20000000,21640.00000000,518.39393000,1661518799999,11111532.80271070,11074,272.10607000,5832244.37138780,0
1661518800000,21640.23000000,21877.04000000,21628.00000000,21755.40000000,740.99517000,1661522399999,16114080.55031850,13144,335.24106000,7290544.56495490,0
1661522400000,21754.35000000,21808.20000000,21137.99000000,21161.73000000,1429.85380000,1661525999999,30653000.82777450,26786,632.41828000,13562974.48526280,0
1661526000000,21161.32000000,21166.70000000,20623.45000000,20779.64000000,1319.05938000,1661529599999,27456493.03005660,21436,686.08758000,14281493.92598790,0
1661529600000,20779.64000000,20835.95000000,20535.00000000,20723.23000000,699.22053000,1661533199999,14462726.97984170,10910,373.47183000,7725880.95114290,0
1661533200000,20720.43000000,20776.30000000,20631.41000000,20648.82000000,275.93900000,1661536799999,5715355.45648260,6021,130.45854000,2702426.89138370,0
1661536800000,20650.14000000,20736.49000000,20537.60000000,20695.12000000,440.78839000,1661540399999,9092514.43073920,7914,233.63355000,4818294.29356850,0
1661540400000,20692.81000000,20731.97000000,20616.82000000,20643.21000000,256.19688000,1661543999999,5295674.37822290,5308,125.70836000,2598265.41402760,0
1661544000000,20646.60000000,20749.14000000,20637.65000000,20646.15000000,231.40554000,1661547599999,4789382.02271310,4316,96.74341000,2002434.17482420,0
1661547600000,20645.40000000,20682.63000000,20569.61000000,20641.43000000,139.21901000,1661551199999,2872762.39999160,2713,70.82862000,1461507.98176200,0
1661551200000,20640.66000000,20685.34000000,20582.19000000,20613.04000000,334.68579000,1661554799999,6906800.07192280,5490,173.07629000,3571798.51009510,0
1661554800000,20614.37000000,20629.50000000,20074.00000000,20238.97000000,1214.21125000,1661558399999,24629362.53012060,17241,542.09538000,10993410.55790400,0
1661558400000,20237.96000000,20402.13000000,20144.60000000,20310.80000000,541.19686000,1661561999999,10962602.73812820,8742,281.21102000,5696593.67833930,0
1661562000000,20308.22000000,20343.50000000,20247.97000000,20280.42000000,317.16956000,1661565599999,6436411.80215480,4910,162.48370000,3297494.09173070,0
1661565600000,20278.97000000,20296.07000000,20135.48000000,20205.60000000,429.69799000,1661569199999,8692521.63556770,6699,214.20002000,4333375.40819770,0
1661569200000,20206.86000000,20248.84000000,20187.19000000,20204.44000000,362.60119000,1661572799999,7331696.13305810,5287,196.81787000,3979730.15213560,0
1661572800000,20205.07000000,20232.06000000,20116.82000000,20147.80000000,311.69224000,1661576399999,6289338.40922390,4995,152.40534000,3075406.45832410,0
1661576400000,20148.57000000,20166.81000000,19930.00000000,20131.15000000,571.40918000,1661579999999,11459815.39999970,9192,259.92555000,5214240.88364070,0
1661580000000,20130.74000000,20248.66000000,20093.76000000,20161.34000000,356.41292000,1661583599999,7181796.39311350,6120,179.25093000,3611853.55984880,0
1661583600000,20160.13000000,20280.08000000,20134.81000000,20272.23000000,414.23196000,1661587199999,8368198.45657880,6522,211.87033000,4280021.80839820,0
1661587200000,20272.37000000,20282.52000000,20189.53000000,20202.67000000,309.87800000,1661590799999,6273920.58574180,6054,163.52982000,3310840.70159190,0
1661590800000,20204.00000000,20214.29000000,20136.86000000,20148.25000000,284.53937000,1661594399999,5739260.19856130,4472,138.02289000,2783865.17399600,0
1661594400000,20149.87000000,20245.22000000,20145.93000000,20181.21000000,349.99936000,1661597999999,7070877.44728470,5321,172.99048000,3494959.92400650,0
1661598000000,20183.26000000,20255.40000000,20167.43000000,20211.94000000,295.70616000,1661601599999,5974861.41519710,4476,160.34516000,3239902.55738100,0
1661601600000,20210.23000000,20242.12000000,20138.52000000,20191.62000000,193.86437000,1661605199999,3917082.92623940,3425,100.35848000,2027950.09796580,0
1661605200000,20188.91000000,20236.36000000,20099.14000000,20173.31000000,302.52854000,1661608799999,6102197.14439140,5008,148.95089000,3003978.31396060,0
1661608800000,20174.52000000,20214.36000000,20050.00000000,20070.84000000,223.78663000,1661612399999,4507637.66828320,4663,103.15500000,2078412.93110580,0
1661612400000,20061.99000000,20099.60000000,19800.00000000,19972.91000000,739.55754000,1661615999999,14770291.41317410,11060,347.51748000,6943548.21687700,0
1661616000000,19976.01000000,20025.95000000,19840.00000000,20003.68000000,521.73278000,1661619599999,10397336.59245930,8474,258.30310000,5147508.62782960,0
1661619600000,20001.88000000,20096.51000000,19969.94000000,19984.09000000,295.97341000,1661623199999,5925963.49806180,5686,144.72894000,2898000.95366090,0
1661623200000,19984.12000000,20019.99000000,19944.82000000,19959.01000000,209.05634000,1661626799999,4176546.07763040,4055,99.64060000,1990717.05713620,0
1661626800000,19960.19000000,20048.30000000,19930.16000000,20019.48000000,177.19715000,1661630399999,3541672.56576790,3686,89.52412000,1789546.69628180,0
1661630400000,20014.26000000,20039.70000000,19942.33000000,20008.55000000,197.56018000,1661633999999,3948465.20828780,3988,99.11451000,1981165.01174270,0
1661634000000,20008.55000000,20064.89000000,19873.58000000,19878.44000000,176.55161000,1661637599999,3526450.69715060,2655,94.79871000,1894305.00985030,0
1661637600000,19877.58000000,20100.00000000,19861.00000000,20018.74000000,393.62937000,1661641199999,7862740.76956360,6497,199.12790000,3977492.23142960,0
1661641200000,20020.88000000,20085.35000000,19992.55000000,20034.31000000,205.36322000,1661644799999,4114324.09376390,4245,106.20872000,2128017.94648850,0
1661644800000,20036.26000000,20050.00000000,19924.83000000,19992.60000000,209.78502000,1661648399999,4191307.73257410,4363,104.64078000,2090663.93468510,0
1661648400000,19990.99000000,20083.70000000,19971.73000000,20019.48000000,159.69593000,1661651999999,3200395.25088130,3421,89.52812000,1794411.52500910,0
1661652000000,20021.31000000,20164.12000000,19990.00000000,20004.03000000,237.29953000,1661655599999,4761002.67361960,4088,120.41122000,2415791.81393650,0
1661655600000,20004.02000000,20056.90000000,19970.17000000,19991.36000000,112.42562000,1661659199999,2249589.90881930,2393,56.54766000,1131555.51383010,0
1661659200000,19993.16000000,20013.13000000,19952.41000000,19996.44000000,120.12349000,1661662799999,2400504.05019010,2567,55.96342000,1118505.78782020,0
1661662800000,19994.32000000,20058.80000000,19935.10000000,20055.27000000,156.29132000,1661666399999,3124210.94109700,2821,75.03451000,1500315.22101740,0
1661666400000,20053.56000000,20094.94000000,20020.01000000,20035.39000000,106.41549000,1661669999999,2133404.66622520,2354,54.72693000,1097314.63720380,0
1661670000000,20037.40000000,20083.70000000,20004.56000000,20054.94000000,110.42484000,1661673599999,2213661.11153300,2704,54.72264000,1096998.56176700,0
1661673600000,20055.14000000,20108.03000000,19994.73000000,20036.00000000,156.36760000,1661677199999,3135966.49780020,3068,73.25212000,1469156.19190150,0
1661677200000,20036.73000000,20048.82000000,19998.00000000,20016.79000000,114.37079000,1661680799999,2290319.46357450,2207,56.06160000,1122726.42060920,0
1661680800000,20021.01000000,20032.24000000,19958.00000000,19996.11000000,177.99494000,1661684399999,3557854.28663180,3183,73.70324000,1473525.19507150,0
1661684400000,19996.11000000,20040.99000000,19942.44000000,20034.74000000,195.30008000,1661687999999,3905276.42253520,3987,90.97322000,1819268.27244070,0
1661688000000,20033.39000000,20058.09000000,19892.11000000,19921.91000000,223.56987000,1661691599999,4469009.85079620,4294,113.06595000,2260634.90165380,0
1661691600000,19925.33000000,19980.00000000,19908.31000000,19938.77000000,242.34235000,1661695199999,4833170.11431460,4321,128.03225000,2553390.05364380,0
1661695200000,19939.52000000,20005.17000000,19809.86000000,19919.01000000,426.73053000,1661698799999,8495090.79866520,6891,215.99023000,4299820.90351960,0
1661698800000,19920.00000000,20044.93000000,19904.34000000,20025.12000000,303.87327000,1661702399999,6071221.86743150,5119,137.58686000,2748823.68922340,0
1661702400000,20021.50000000,20156.55000000,19978.91000000,19990.96000000,393.02149000,1661705999999,7888591.77666620,6209,198.07030000,3976070.69092320,0
1661706000000,19991.02000000,20058.80000000,19950.30000000,19982.39000000,254.09207000,1661709599999,5082513.04938710,3823,138.50244000,2770644.18577830,0
1661709600000,19985.51000000,20042.74000000,19974.76000000,20010.61000000,117.98542000,1661713199999,2360654.33441290,2317,57.49247000,1150290.25454430,0
1661713200000,20012.09000000,20064.39000000,19950.04000000,19971.58000000,169.14117000,1661716799999,3382497.43171950,3040,81.65937000,1633149.45826340,0
1661716800000,19972.65000000,20047.13000000,19961.57000000,19989.13000000,214.01551000,1661720399999,4280632.75403120,3198,107.89660000,2158216.59167350,0
1661720400000,19989.13000000,20048.30000000,19942.82000000,19962.94000000,137.19473000,1661723999999,2743425.77269450,2519,73.90441000,1478025.22467380,0
1661724000000,19962.94000000,20031.03000000,19874.27000000,19901.39000000,918.87074000,1661727599999,18312321.20204670,11503,445.60151000,8880618.29914620,0
1661727600000,19898.95000000,19918.22000000,19521.59000000,19557.34000000,1181.80200000,1661731199999,23299435.11462990,16868,597.03141000,11768699.06440120,0
1661731200000,19555.78000000,19752.17000000,19551.69000000,19639.85000000,869.92134000,1661734799999,17081420.10116580,13452,409.75278000,8046153.10458870,0
1661734800000,19640.03000000,19680.08000000,19585.97000000,19659.17000000,689.88782000,1661738399999,13541682.71943210,9034,329.88909000,6475666.49240600,0
1661738400000,19658.33000000,19792.35000000,19644.13000000,19762.54000000,602.03082000,1661741999999,11878929.06671240,8196,320.24755000,6320399.49856480,0
1661742000000,19763.79000000,19963.38000000,19733.00000000,19865.49000000,681.39095000,1661745599999,13514535.08058700,9560,347.04579000,6883829.80138380,0
1661745600000,19868.73000000,19939.07000000,19783.08000000,19804.80000000,456.50125000,1661749199999,9059649.71340420,7318,237.64728000,4716423.42838110,0
1661749200000,19806.66000000,19835.51000000,19730.50000000,19753.85000000,383.76636000,1661752799999,7595673.94505280,6238,187.29633000,3706989.61913330,0
1661752800000,19754.55000000,19892.11000000,19754.55000000,19850.04000000,404.86475000,1661756399999,8025958.77110690,6384,193.39856000,3833538.53480080,0
1661756400000,19852.61000000,19909.42000000,19789.57000000,19896.36000000,657.40440000,1661759999999,13052353.75952380,9655,353.23061000,7012660.44842000,0
1661760000000,19897.66000000,19922.68000000,19792.41000000,19792.55000000,451.98408000,1661763599999,8971851.62227080,6446,211.50877000,4198216.50071890,0
1661763600000,19794.37000000,19860.37000000,19753.61000000,19842.00000000,464.67874000,1661767199999,9210049.27093070,6482,215.84468000,4278140.37073860,0
1661767200000,19842.73000000,19862.48000000,19800.25000000,19828.60000000,461.84838000,1661770799999,9160426.23098460,6433,259.18807000,5140727.95007950,0
1661770800000,19832.33000000,19843.35000000,19760.50000000,19822.55000000,466.54298000,1661774399999,9239025.75114140,7071,233.57513000,4625418.68104160,0
1661774400000,19822.15000000,20054.99000000,19805.86000000,19894.74000000,762.91869000,1661777999999,15194226.44916560,10262,371.08308000,7390798.79946510,0
1661778000000,19896.80000000,20148.21000000,19895.73000000,20081.12000000,1063.62801000,1661781599999,21317773.02749610,14185,540.80811000,10842044.81761420,0
1661781600000,20082.05000000,20392.00000000,20073.60000000,20165.80000000,1137.93389000,1661785199999,23031236.54894130,13961,571.22505000,11564930.56648620,0
1661785200000,20163.96000000,20283.31000000,20152.76000000,20261.00000000,740.40906000,1661788799999,14964532.95128240,8929,370.31553000,7484362.03165210,0
1661788800000,20263.87000000,20440.13000000,20243.75000000,20315.65000000,683.29869000,1661792399999,13879033.39717820,8769,348.93500000,7087346.45950350,0
1661792400000,20319.89000000,20330.63000000,20193.24000000,20280.27000000,532.97727000,1661795999999,10800895.92381000,5798,273.66771000,5545610.51974650,0
1661796000000,20280.49000000,20291.40000000,20119.63000000,20175.11000000,620.13922000,1661799599999,12523848.68940690,7443,307.25716000,6205237.51120960,0
1661799600000,20175.20000000,20201.58000000,20078.88000000,20097.72000000,646.29898000,1661803199999,13006347.09351930,7916,320.73509000,6454737.31911110,0
1661803200000,20097.07000000,20199.95000000,20079.31000000,20177.11000000,360.11603000,1661806799999,7256672.70998360,5306,185.75063000,3742748.21340520,0
1661806800000,20178.17000000,20226.10000000,20128.49000000,20203.25000000,190.96432000,1661810399999,3854677.30982340,3367,92.29956000,1863057.28810890,0
1661810400000,20202.02000000,20243.49000000,20155.90000000,20204.08000000,631.19057000,1661813999999,12748728.81959020,7406,317.89093000,6420786.31199340,0
1661814000000,20202.93000000,20350.00000000,20120.45000000,20286.58000000,753.14638000,1661817599999,15250007.94438540,9304,372.67732000,7546158.67179470,0
1661817600000,20285.75000000,20297.78000000,20187.50000000,20255.32000000,670.69815000,1661821199999,13571922.31007690,8605,333.21196000,6742692.07167790,0
1661821200000,20256.15000000,20299.78000000,20111.72000000,20163.11000000,672.06655000,1661824799999,13585771.42641620,9274,350.54430000,7086817.26647120,0
1661824800000,20164.42000000,20204.68000000,20127.80000000,20198.18000000,359.33348000,1661828399999,7248920.69419550,6545,186.21086000,3756527.93974630,0
1661828400000,20199.44000000,20280.00000000,20163.87000000,20271.36000000,537.73460000,1661831999999,10875617.65678430,7000,270.81905000,5477104.31862220,0
1661832000000,20271.44000000,20544.12000000,20253.65000000,20466.05000000,774.54957000,1661835599999,15811199.91532390,11531,405.36377000,8274553.77006140,0
1661835600000,20468.94000000,20471.61000000,20365.58000000,20415.89000000,411.61241000,1661839199999,8400215.88820720,6792,208.62483000,4257838.92121760,0
1661839200000,20418.06000000,20461.20000000,20375.00000000,20395.90000000,370.11972000,1661842799999,7553064.17429010,6201,189.73954000,3872512.80179730,0
1661842800000,20396.99000000,20578.88000000,20382.71000000,20439.19000000,558.34687000,1661846399999,11429784.06073400,9284,277.32032000,5676672.81706190,0
1661846400000,20437.55000000,20513.22000000,20383.68000000,20403.37000000,406.90233000,1661849999999,8321368.48442240,7031,185.43798000,3792316.52993610,0
1661850000000,20402.17000000,20447.68000000,20383.21000000,20422.28000000,394.14028000,1661853599999,8046685.44401980,5022,196.01928000,4001935.24037460,0
1661853600000,20422.46000000,20511.52000000,20334.77000000,20394.40000000,646.44034000,1661857199999,13204253.94948520,7453,303.94365000,6209066.26237460,0
1661857200000,20397.74000000,20419.40000000,20359.59000000,20406.50000000,435.51318000,1661860799999,8879576.60068790,5376,216.86708000,4421659.05115750,0
1661860800000,20406.57000000,20449.60000000,20282.91000000,20338.68000000,574.34346000,1661864399999,11693340.09061460,8214,279.77697000,5696915.62429090,0
1661864400000,20338.38000000,20450.00000000,20241.39000000,20273.06000000,759.62254000,1661867999999,15466970.93238980,11330,376.34746000,7663253.11047530,0
1661868000000,20274.07000000,20306.09000000,19722.66000000,19833.74000000,1053.87271000,1661871599999,21079467.45043750,17154,530.85206000,10616220.15909980,0
1661871600000,19832.62000000,19842.84000000,19651.00000000,19755.04000000,873.27558000,1661875199999,17251500.19440400,13623,447.00758000,8830413.04856970,0
1661875200000,19757.06000000,19941.99000000,19542.00000000,19614.88000000,1004.72935000,1661878799999,19822171.85970950,14812,485.03724000,9572604.94506450,0
1661878800000,19616.55000000,19728.47000000,19561.14000000,19686.65000000,766.42646000,1661882399999,15050134.99403020,9511,385.78687000,7575537.35899910,0
1661882400000,19686.58000000,19810.00000000,19677.29000000,19777.39000000,594.51708000,1661885999999,11733078.89052700,8962,303.94931000,5998530.92957070,0
1661886000000,19778.26000000,20100.00000000,19758.63000000,19949.42000000,1193.67839000,1661889599999,23829721.05820310,17508,594.70288000,11873670.32369130,0
1661889600000,19950.80000000,20058.66000000,19843.75000000,19977.04000000,810.90307000,1661893199999,16178152.72941850,10189,431.17994000,8602206.49004240,0
1661893200000,19977.22000000,20008.98000000,19814.11000000,19884.71000000,424.56618000,1661896799999,8461873.49203200,5732,222.40678000,4432707.66670730,0
1661896800000,19885.66000000,19914.14000000,19774.25000000,19909.94000000,838.36290000,1661900399999,16639157.69214480,10676,411.64397000,8170249.27056140,0
1661900400000,19910.74000000,19930.32000000,19745.61000000,19810.83000000,655.45701000,1661903999999,13002442.25840550,8233,329.85757000,6543126.33877640,0
1661904000000,19815.75000000,19992.65000000,19800.00000000,19963.57000000,572.42309000,1661907599999,11401663.23040880,8236,281.20705000,5601341.67444590,0
1661907600000,19962.84000000,20254.77000000,19941.84000000,20235.97000000,830.53580000,1661911199999,16687227.93404650,12516,422.59990000,8491113.47752840,0
1661911200000,20238.14000000,20419.19000000,20238.14000000,20333.99000000,693.13041000,1661914799999,14097297.87318850,10859,340.82115000,6931255.48596100,0
1661914800000,20336.01000000,20464.33000000,20296.27000000,20402.36000000,477.80009000,1661918399999,9742217.55142390,7817,237.78533000,4848535.27566710,0
1661918400000,20406.38000000,20445.17000000,20331.17000000,20340.36000000,508.56200000,1661921999999,10363849.85769600,7264,249.30849000,5080480.59358490,0
1661922000000,20343.50000000,20385.84000000,20306.10000000,20351.46000000,500.40396000,1661925599999,10181396.28723380,6868,256.74470000,5223917.05228030,0
1661925600000,20352.71000000,20498.24000000,20205.39000000,20247.83000000,816.19984000,1661929199999,16576768.62399280,10582,413.59891000,8399448.42870220,0
1661929200000,20249.14000000,20308.46000000,20184.78000000,20256.95000000,691.39592000,1661932799999,14006818.54501010,9060,357.76009000,7247932.75364540,0
1661932800000,20256.13000000,20331.69000000,20119.46000000,20234.42000000,852.38007000,1661936399999,17246073.08540730,10462,436.46143000,8831062.36797510,0
1661936400000,20232.71000000,20238.61000000,20161.14000000,20176.85000000,652.98463000,1661939999999,13193155.89756200,7284,323.63368000,6539029.82735480,0
1661940000000,20176.85000000,20409.65000000,20153.50000000,20333.88000000,767.69911000,1661943599999,15578883.06606850,8916,394.66488000,8008786.17036870,0
1661943600000,20332.78000000,20388.31000000,20261.35000000,20316.38000000,678.68301000,1661947199999,13782968.59752840,7940,358.05181000,7271754.90471960,0
1661947200000,20311.92000000,20425.52000000,20192.41000000,20307.06000000,813.70208000,1661950799999,16522254.87031590,9200,421.10546000,8550581.62528970,0
1661950800000,20306.45000000,20429.74000000,20218.75000000,20307.03000000,1018.78313000,1661954399999,20711461.65006600,12828,510.29341000,10374388.36787970,0
1661954400000,20307.77000000,20348.29000000,20093.75000000,20105.75000000,1218.13048000,1661957999999,24666961.46052050,15486,606.86112000,12289485.69839570,0
1661958000000,20107.32000000,20164.97000000,19873.29000000,20140.48000000,1113.34716000,1661961599999,22316298.26351800,16616,565.64241000,11339032.39044320,0
1661961600000,20143.60000000,20215.43000000,20016.96000000,20039.80000000,899.89835000,1661965199999,18087316.31941270,10660,476.55994000,9579415.13328180,0
1661965200000,20040.03000000,20147.01000000,19877.34000000,19980.20000000,988.56863000,1661968799999,19809841.71899020,11414,536.43560000,10752862.17690130,0
1661968800000,19982.26000000,20047.68000000,19937.50000000,19999.67000000,750.92488000,1661972399999,15012571.62792280,9217,374.79983000,7493116.10366570,0
1661972400000,20002.38000000,20327.61000000,19985.91000000,20228.42000000,1020.92912000,1661975999999,20606738.96137490,12828,525.41394000,10605114.00248730,0
1661976000000,20227.94000000,20243.94000000,20136.88000000,20191.44000000,385.30615000,1661979599999,7785296.16195520,5877,185.00676000,3738897.05877850,0
1661979600000,20194.57000000,20325.83000000,20160.00000000,20282.94000000,237.80441000,1661983199999,4808078.56750680,3898,126.36075000,2554742.26492440,0
1661983200000,20275.63000000,20294.02000000,20086.43000000,20153.31000000,688.99328000,1661986799999,13882404.32803660,7546,348.94741000,7030654.45538470,0
1661986800000,20152.64000000,20154.55000000,19964.52000000,20048.11000000,569.92331000,1661990399999,11413317.43555350,7055,284.52587000,5697969.20752680,0
1661990400000,20048.66000000,20134.93000000,19915.40000000,20063.18000000,707.73260000,1661993999999,14183177.18098430,8468,336.89888000,6751058.85956220,0
1661994000000,20063.56000000,20182.56000000,20050.95000000,20125.73000000,607.22625000,1661997599999,12215294.14044780,7313,267.31598000,5377655.09257980,0
1661997600000,20126.67000000,20204.95000000,20068.54000000,20118.62000000,531.97874000,1662001199999,10719390.01120790,6736,267.79393000,5395965.10133540,0
1662001200000,20118.28000000,20179.11000000,19930.39000000,20023.58000000,676.61322000,1662004799999,13586509.32761020,8958,354.38137000,7116057.17236560,0
1662004800000,20020.94000000,20094.41000000,19992.96000000,20056.08000000,444.50965000,1662008399999,8908690.11073680,7115,230.07097000,4610936.10135180,0
1662008400000,20055.28000000,20137.61000000,20031.94000000,20039.74000000,299.68786000,1662011999999,6019906.84950430,5683,148.94609000,2991790.27442970,0
1662012000000,20040.54000000,20054.58000000,19948.93000000,19980.86000000,487.68508000,1662015599999,9758696.23249780,7473,248.30020000,4968713.71996530,0
1662015600000,19979.77000000,19980.52000000,19800.00000000,19893.09000000,610.19342000,1662019199999,12142128.71771560,8507,306.91493000,6107039.74860910,0
1662019200000,19894.54000000,19938.79000000,19820.56000000,19927.19000000,446.85632000,1662022799999,8888786.11402230,5266,221.73403000,4410599.55372450,0
1662022800000,19928.39000000,19981.80000000,19829.68000000,19937.97000000,523.60062000,1662026399999,10421580.88575140,6152,269.29947000,5360052.28779860,0
1662026400000,19933.09000000,20033.06000000,19914.63000000,20017.18000000,497.87650000,1662029999999,9944020.43278680,5879,252.64714000,5046102.03750440,0
1662030000000,20017.04000000,20130.88000000,19977.00000000,20073.30000000,534.29197000,1662033599999,10702905.90464700,6492,267.19513000,5352836.73759950,0
1662033600000,20074.25000000,20095.21000000,19889.13000000,19996.11000000,548.78767000,1662037199999,10971416.09541630,6376,268.52129000,5367865.53829810,0
1662037200000,19994.07000000,20041.66000000,19900.00000000,19972.28000000,715.65828000,1662040799999,14294274.85259190,7645,349.38335000,6978845.37133100,0
1662040800000,19968.93000000,19990.09000000,19662.41000000,19693.45000000,910.87145000,1662044399999,18078057.50501030,11036,445.72046000,8846506.80470670,0
1662044400000,19693.64000000,19840.91000000,19651.71000000,19782.54000000,514.73284000,1662047999999,10165566.41371650,7174,259.64694000,5127645.41320410,0
1662048000000,19781.89000000,19822.45000000,19564.95000000,19659.84000000,601.79188000,1662051599999,11842933.12285460,7949,295.93418000,5824133.32670520,0
1662051600000,19659.84000000,19939.12000000,19635.33000000,19723.46000000,513.99982000,1662055199999,10168000.83770950,7084,244.13578000,4828974.76333260,0
1662055200000,19724.66000000,19944.00000000,19702.61000000,19813.10000000,568.73409000,1662058799999,11277512.41375880,6815,284.60524000,5642788.51043270,0
1662058800000,19815.96000000,19908.49000000,19770.84000000,19872.68000000,494.54189000,1662062399999,9804176.94885670,5772,246.65624000,4890095.62259290,0
1662062400000,19872.26000000,20095.83000000,19842.87000000,20066.21000000,793.83571000,1662065999999,15873955.70500270,7534,404.45214000,8086390.67119310,0
1662066000000,20068.34000000,20176.33000000,20033.02000000,20083.94000000,352.81675000,1662069599999,7086732.72521430,4557,183.15695000,3679036.25925120,0
1662069600000,20086.16000000,20184.91000000,20067.64000000,20078.60000000,540.95164000,1662073199999,10878202.37977830,5289,274.10649000,5511965.93897780,0
1662073200000,20079.44000000,20149.74000000,20055.00000000,20130.27000000,430.53071000,1662076799999,8652453.94279380,4557,202.02385000,4060223.66626950,0
1662076800000,20131.35000000,20134.70000000,20047.28000000,20070.00000000,414.59865000,1662080399999,8326367.07652940,4203,210.85118000,4234351.35400860,0
1662080400000,20073.62000000,20094.74000000,20007.27000000,20048.08000000,440.88676000,1662083999999,8837789.23102650,4480,225.95003000,4529273.22922970,0
1662084000000,20049.77000000,20079.61000000,19954.27000000,20030.51000000,437.52570000,1662087599999,8751114.56347270,5586,226.79974000,4536422.12136000,0
1662087600000,20031.61000000,20253.00000000,20029.82000000,20155.78000000,535.66119000,1662091199999,10809266.77985100,6903,279.88318000,5647741.43570810,0
1662091200000,20156.63000000,20295.01000000,20138.69000000,20158.52000000,311.76194000,1662094799999,6297010.41252150,5061,154.65766000,3123895.01284180,0
1662094800000,20157.73000000,20171.43000000,20079.68000000,20123.19000000,358.94559000,1662098399999,7224475.96582870,5206,172.81773000,3478792.69413670,0
1662098400000,20124.48000000,20133.55000000,20060.00000000,20104.51000000,308.58977000,1662101999999,6199695.47530780,4578,157.48099000,3163816.73314290,0
1662102000000,20103.55000000,20121.30000000,20035.68000000,20111.36000000,265.78710000,1662105599999,5338955.19470760,4028,134.91648000,2710174.60070120,0
1662105600000,20110.65000000,20136.65000000,20067.07000000,20095.62000000,216.05256000,1662109199999,4342032.56930190,3501,108.18476000,2174374.68503930,0
1662109200000,20092.36000000,20165.88000000,20073.76000000,20133.53000000,204.47254000,1662112799999,4114333.41949610,3104,94.08670000,1893027.93979090,0
1662112800000,20135.47000000,20176.14000000,20041.66000000,20064.93000000,367.39948000,1662116399999,7384885.42399250,4641,208.75122000,4195927.86265280,0
1662116400000,20063.64000000,20097.61000000,19987.99000000,20088.45000000,172.36038000,1662119999999,3454775.09009200,3270,88.23673000,1768948.70949080,0
1662120000000,20088.43000000,20356.18000000,20022.93000000,20282.21000000,923.99049000,1662123599999,18686895.53881710,12178,470.19022000,9508090.35736960,0
1662123600000,20286.09000000,20405.67000000,20242.91000000,20264.47000000,631.52040000,1662127199999,12840815.78480400,8493,292.41611000,5946831.14597050,0
1662127200000,20265.94000000,20444.42000000,20195.21000000,20364.96000000,506.74735000,1662130799999,10300086.39562530,7455,241.48208000,4908916.44121020,0
1662130800000,20367.51000000,20400.00000000,20284.76000000,20357.88000000,339.82130000,1662134399999,6912283.41120380,5544,154.70989000,3146872.80637940,0
1662134400000,20359.20000000,20382.36000000,20089.54000000,20132.75000000,445.08540000,1662137999999,9003663.58275240,7879,213.95967000,4329011.23297120,0
1662138000000,20128.82000000,20128.82000000,19757.41000000,19804.28000000,698.95719000,1662141599999,13923877.59922470,10427,338.81448000,6747890.45286220,0
1662141600000,19802.63000000,20078.87000000,19756.36000000,19935.89000000,696.51980000,1662145199999,13860852.51209880,9340,361.73705000,7200067.04761670,0
1662145200000,19933.90000000,19996.70000000,19782.47000000,19913.22000000,401.04910000,1662148799999,7974802.10194900,6765,197.73659000,3931787.35951860,0
1662148800000,19912.48000000,19980.00000000,19861.35000000,19965.72000000,291.51299000,1662152399999,5806278.56928620,4266,162.73811000,3241649.63699250,0
1662152400000,19967.46000000,20025.29000000,19918.90000000,19981.19000000,229.72211000,1662155999999,4588408.73277070,3474,120.09428000,2399056.46172930,0
1662156000000,19977.63000000,20020.75000000,19879.16000000,19989.98000000,423.34129000,1662159599999,8447757.74883620,5032,208.82756000,4167217.87689660,0
1662159600000,19991.37000000,20006.44000000,19923.44000000,19954.71000000,405.30363000,1662163199999,8088232.61340150,4544,203.67784000,4064430.85815830,0
1662163200000,19953.92000000,20056.10000000,19922.11000000,20001.99000000,470.04998000,1662166799999,9398562.32194810,6188,237.99332000,4758694.22944020,0
1662166800000,20003.04000000,20008.62000000,19932.41000000,19955.04000000,332.19012000,1662170399999,6629726.81969700,4212,161.74552000,3227972.20596880,0
1662170400000,19957.33000000,19967.54000000,19893.38000000,19939.58000000,318.21173000,1662173999999,6344351.19524900,3993,154.95425000,3089362.99204200,0
1662174000000,19940.14000000,19941.63000000,19870.37000000,19898.92000000,286.41616000,1662177599999,5701792.74742300,3579,142.44649000,2835782.58723340,0
1662177600000,19899.06000000,19959.70000000,19886.10000000,19924.37000000,293.88644000,1662181199999,5854918.44276120,4709,186.25774000,3711053.79117530,0
1662181200000,19925.33000000,19968.45000000,19925.33000000,19944.85000000,190.16709000,1662184799999,3793814.02801810,3045,92.69326000,1849245.73162510,0
1662184800000,19946.05000000,19950.61000000,19827.76000000,19885.50000000,311.87409000,1662188399999,6201351.27064100,4262,135.02935000,2684843.69952720,0
1662188400000,19885.23000000,19913.87000000,19753.68000000,19815.69000000,372.14803000,1662191999999,7384321.99928750,5103,184.92872000,3669164.42301400,0
1662192000000,19817.48000000,19856.74000000,19765.59000000,19785.94000000,350.78674000,1662195599999,6950192.44991600,4835,178.50815000,3536659.82912200,0
1662195600000,19787.42000000,19821.43000000,19728.62000000,19797.36000000,376.92319000,1662199199999,7457090.63321850,4901,177.93094000,3520060.78560550,0
1662199200000,19798.22000000,19868.68000000,19792.26000000,19850.33000000,291.02189000,1662202799999,5771556.22094250,3978,147.45087000,2924143.34881270,0
1662202800000,19850.32000000,19855.49000000,19767.35000000,19798.39000000,220.09948000,1662206399999,4362076.08551890,3692,108.95733000,2159627.95530130,0
1662206400000,19800.03000000,19860.07000000,19789.94000000,19850.99000000,242.21200000,1662209999999,4802456.96835420,3988,122.14672000,2421724.57544380,0
1662210000000,19851.00000000,19906.25000000,19820.00000000,19865.36000000,364.56596000,1662213599999,7236677.12489620,4815,176.97188000,3512944.08236850,0
1662213600000,19864.62000000,19867.54000000,19781.07000000,19818.27000000,371.88187000,1662217199999,7372462.31099570,5179,171.89290000,3407691.75006300,0
1662217200000,19819.58000000,19833.48000000,19750.00000000,19773.08000000,329.98442000,1662220799999,6531055.68512120,4912,160.01772000,3167109.44174850,0
1662220800000,19773.41000000,19835.66000000,19772.49000000,19789.37000000,283.37699000,1662224399999,5613819.80991610,3695,142.26258000,2818286.33500180,0
1662224400000,19790.92000000,19829.70000000,19753.89000000,19818.17000000,280.92877000,1662227999999,5558634.89072790,3616,146.54700000,2899772.75213600,0
1662228000000,19816.70000000,19834.53000000,19737.15000000,19753.69000000,295.22086000,1662231599999,5844395.43883220,3896,142.65199000,2824092.68744520,0
1662231600000,19755.38000000,19818.08000000,19653.06000000,19709.45000000,613.47628000,1662235199999,12100507.10375580,6475,298.66978000,5891113.29261150,0
1662235200000,19712.40000000,19749.17000000,19680.00000000,19742.46000000,354.93073000,1662238799999,6997359.31918120,4062,179.06444000,3530107.51870800,0
1662238800000,19743.39000000,19774.78000000,19728.49000000,19750.66000000,183.60766000,1662242399999,3625944.40614370,2195,88.08312000,1739388.84792510,0
1662242400000,19752.17000000,19823.52000000,19752.17000000,19796.22000000,277.55156000,1662245999999,5495556.88235660,3147,143.42549000,2839764.98946480,0
1662246000000,19795.93000000,19848.33000000,19762.23000000,19832.80000000,224.18250000,1662249599999,4438749.70211720,2681,117.30344000,2322520.91939150,0
1662249600000,19833.20000000,19863.20000000,19800.76000000,19808.27000000,310.11491000,1662253199999,6150116.83812960,3537,157.85893000,3130634.96714440,0
1662253200000,19810.19000000,19836.41000000,19774.16000000,19780.51000000,223.00596000,1662256799999,4415632.19282290,2834,111.53213000,2208465.37808130,0
1662256800000,19781.05000000,19814.07000000,19773.07000000,19792.85000000,197.12543000,1662260399999,3901629.16195870,2384,98.49980000,1949530.96034260,0
1662260400000,19792.47000000,19814.51000000,19741.81000000,19773.43000000,198.52397000,1662263999999,3925949.28806620,2310,90.53795000,1790474.56297500,0
1662264000000,19774.57000000,19812.50000000,19756.36000000,19803.03000000,149.53571000,1662267599999,2957851.95704610,1913,77.89909000,1540849.25867590,0
1662267600000,19802.23000000,19809.77000000,19764.00000000,19768.70000000,116.09880000,1662271199999,2296868.13113030,1568,54.88979000,1085902.93578240,0
1662271200000,19769.65000000,19786.06000000,19679.84000000,19700.17000000,227.22937000,1662274799999,4481730.50805460,2950,110.79587000,2185304.63193470,0
1662274800000,19696.76000000,19731.36000000,19612.01000000,19631.25000000,336.05479000,1662278399999,6617518.14839460,4055,162.84441000,3207052.03386700,0
1662278400000,19632.32000000,19758.60000000,19582.66000000,19736.53000000,430.41188000,1662281999999,8467985.61291590,4950,221.86102000,4365840.36728370,0
1662282000000,19736.10000000,19829.99000000,19729.70000000,19775.42000000,384.62483000,1662285599999,7613697.67487820,4182,191.83336000,3797304.04778460,0
1662285600000,19778.62000000,19800.00000000,19745.80000000,19755.46000000,119.21226000,1662289199999,2357056.31594480,2280,56.48425000,1116892.34335410,0
1662289200000,19757.57000000,19853.75000000,19706.60000000,19849.21000000,203.29806000,1662292799999,4017465.24616490,3231,102.85654000,2032998.89228190,0
1662292800000,19850.00000000,19938.43000000,19771.38000000,19875.16000000,370.73936000,1662296399999,7358114.76386930,5022,180.79196000,3588680.17002780,0
1662296400000,19877.20000000,19884.89000000,19681.33000000,19712.21000000,196.87458000,1662299999999,3895445.97631620,3506,79.70041000,1576676.21091650,0
1662300000000,19708.03000000,19750.75000000,19651.22000000,19748.91000000,399.48239000,1662303599999,7874549.14294590,4903,197.07122000,3884622.20589980,0
1662303600000,19748.75000000,19795.77000000,19684.61000000,19792.42000000,217.39734000,1662307199999,4290955.71234980,3820,109.71809000,2165577.63349260,0
1662307200000,19794.21000000,19919.51000000,19723.36000000,19893.24000000,376.93904000,1662310799999,7471991.36206900,5659,181.02263000,3587326.73816790,0
1662310800000,19895.84000000,19957.15000000,19830.76000000,19840.06000000,268.13167000,1662314399999,5333337.18650510,4267,132.77637000,2641282.17244310,0
1662314400000,19840.78000000,19889.78000000,19800.33000000,19848.83000000,219.63955000,1662317999999,4357332.97112490,3655,111.45787000,2211320.89396230,0
1662318000000,19849.98000000,19922.85000000,19823.45000000,19884.36000000,182.36343000,1662321599999,3626593.49541340,3196,93.79168000,1865020.05694210,0
1662321600000,19886.70000000,19930.93000000,19863.83000000,19903.49000000,206.84023000,1662325199999,4115862.87998140,3300,99.13284000,1972564.66967620,0
1662325200000,19902.68000000,19933.33000000,19831.75000000,19859.73000000,182.21897000,1662328799999,3623656.39712360,2849,91.88701000,1827380.91194560,0
1662328800000,19861.00000000,19887.13000000,19816.76000000,19835.07000000,580.44200000,1662332399999,11522312.36867310,5951,283.62478000,5630205.07911870,0
1662332400000,19836.28000000,20030.39000000,19825.02000000,20004.67000000,611.96319000,1662335999999,12204376.92016760,6860,293.40736000,5850434.69167030,0
1662336000000,20003.63000000,20062.79000000,19879.16000000,19913.82000000,471.25348000,1662339599999,9396850.35559910,6457,204.55457000,4078822.05857810,0
1662339600000,19913.65000000,19975.09000000,19815.70000000,19839.15000000,340.11366000,1662343199999,6769538.80077610,4539,155.38147000,3092271.79116360,0
1662343200000,19842.21000000,19868.69000000,19813.29000000,19853.80000000,316.00544000,1662346799999,6270037.28172540,4629,164.32734000,3260585.56076620,0
1662346800000,19854.65000000,19908.11000000,19813.05000000,19885.81000000,272.81077000,1662350399999,5420427.44417290,4298,143.33766000,2848210.18850810,0
1662350400000,19886.89000000,19918.80000000,19839.78000000,19889.44000000,212.06198000,1662353999999,4215366.02742780,3871,110.88098000,2204315.95551070,0
1662354000000,19890.39000000,19892.91000000,19680.00000000,19725.91000000,645.79332000,1662357599999,12754835.87678070,8568,292.76445000,5782920.49793100,0
1662357600000,19725.56000000,19803.07000000,19703.42000000,19786.70000000,333.35134000,1662361199999,6585196.52659960,5289,191.88085000,3790417.19705010,0
1662361200000,19788.99000000,19798.17000000,19707.70000000,19751.53000000,291.41301000,1662364799999,5754952.35775490,4690,134.33584000,2653103.31071940,0
1662364800000,19750.04000000,19799.75000000,19723.30000000,19782.37000000,301.49109000,1662368399999,5956895.50170400,5055,154.53243000,3053325.00758940,0
1662368400000,19783.65000000,19807.50000000,19729.42000000,19768.39000000,255.22363000,1662371999999,5045599.93969570,4252,112.51560000,2224671.07629250,0
1662372000000,19768.46000000,19786.27000000,19656.26000000,19689.21000000,381.35696000,1662375599999,7522492.35756930,5159,190.53222000,3757885.62803660,0
1662375600000,19691.61000000,19722.08000000,19636.00000000,19696.26000000,387.09382000,1662379199999,7620130.38423070,4905,190.21377000,3744517.30549560,0
1662379200000,19700.90000000,19759.44000000,19667.02000000,19725.31000000,375.46795000,1662382799999,7402055.31387310,5073,185.48340000,3656742.85686070,0
1662382800000,19727.23000000,19794.00000000,19708.90000000,19741.05000000,302.82316000,1662386399999,5980289.81566740,4416,134.75521000,2661339.06953510,0
1662386400000,19741.26000000,19875.55000000,19723.12000000,19844.07000000,356.93478000,1662389999999,7063156.58725670,6346,178.45374000,3531914.15280420,0
1662390000000,19845.88000000,19950.00000000,19833.87000000,19855.87000000,628.01328000,1662393599999,12487407.57395820,8736,309.00574000,6144204.15484890,0
1662393600000,19855.73000000,19910.98000000,19814.11000000,19847.40000000,406.58221000,1662397199999,8074024.76499480,5700,206.56007000,4102078.87700860,0
1662397200000,19845.70000000,19860.00000000,19790.10000000,19825.38000000,331.30101000,1662400799999,6568345.32462540,4418,172.11658000,3412360.46776650,0
1662400800000,19826.28000000,19846.52000000,19671.43000000,19742.18000000,568.64262000,1662404399999,11219135.41216230,6874,286.91961000,5660618.90988250,0
1662404400000,19742.71000000,19776.46000000,19691.40000000,19707.74000000,341.98493000,1662407999999,6750606.41080600,3958,176.06996000,3475668.08902570,0
1662408000000,19707.25000000,19793.25000000,19695.81000000,19738.08000000,337.24652000,1662411599999,6661883.59030610,4440,161.27261000,3185742.52185420,0
1662411600000,19739.98000000,19800.00000000,19701.33000000,19749.17000000,253.07659000,1662415199999,4998011.26221460,3530,132.73528000,2621308.45044140,0
1662415200000,19748.46000000,19820.00000000,19718.45000000,19803.67000000,485.71396000,1662418799999,9599858.50854630,6246,240.26850000,4748652.68285110,0
1662418800000,19804.13000000,19869.92000000,19748.30000000,19793.67000000,546.77305000,1662422399999,10826073.90835990,7385,281.22872000,5568452.06616660,0
1662422400000,19795.52000000,20172.83000000,19776.24000000,20101.19000000,865.78847000,1662425999999,17281318.87249530,11660,459.19474000,9166001.09365970,0
1662426000000,20101.50000000,20180.59000000,19760.00000000,19770.05000000,659.39237000,1662429599999,13185504.08467770,10142,332.89761000,6659049.71705180,0
1662429600000,19772.93000000,19826.06000000,19672.41000000,19815.71000000,910.70889000,1662433199999,17978277.47267770,11291,464.34311000,9166492.73972340,0
1662433200000,19816.38000000,19826.58000000,19700.00000000,19788.88000000,599.25853000,1662436799999,11841230.22693190,7605,304.35780000,6013970.60834420,0
1662436800000,19789.72000000,19853.59000000,19754.00000000,19761.65000000,447.60084000,1662440399999,8866488.12984370,6717,223.54197000,4428323.16705020,0
1662440400000,19763.14000000,19840.83000000,19730.00000000,19781.56000000,370.55372000,1662443999999,7330708.91216640,6177,185.18956000,3663971.74142430,0
1662444000000,19782.75000000,19895.00000000,19762.06000000,19859.94000000,433.44951000,1662447599999,8591582.73077170,6621,223.32567000,4426261.30816170,0
1662447600000,19857.85000000,19950.79000000,19848.18000000,19906.71000000,426.47518000,1662451199999,8489435.80907410,6500,218.16604000,4342595.30133610,0
1662451200000,19908.22000000,20029.94000000,19861.85000000,20018.48000000,380.14058000,1662454799999,7579439.20648980,6200,213.17494000,4250684.41860930,0
1662454800000,20019.58000000,20030.64000000,19873.88000000,19916.65000000,444.27984000,1662458399999,8859460.81772330,6285,212.21349000,4232093.28895330,0
1662458400000,19913.27000000,20001.81000000,19901.37000000,19913.91000000,321.64791000,1662461999999,6416563.94113430,4227,170.31618000,3397719.22306770,0
1662462000000,19913.40000000,19961.86000000,19860.00000000,19918.40000000,301.68267000,1662465599999,6006604.96816410,4657,151.86889000,3023665.92890500,0
1662465600000,19921.02000000,19996.22000000,19850.00000000,19854.95000000,361.18434000,1662469199999,7199067.03316710,6791,191.86718000,3824804.85304530,0
1662469200000,19850.43000000,19906.97000000,19708.17000000,19778.41000000,574.35622000,1662472799999,11376446.46134110,8584,256.10936000,5073991.55098320,0
1662472800000,19774.74000000,19867.17000000,19662.00000000,19839.60000000,897.64415000,1662476399999,17745619.44459510,10566,421.79979000,8336621.35318510,0
1662476400000,19839.68000000,19886.76000000,19771.25000000,19818.99000000,463.11511000,1662479999999,9177835.49422720,6294,217.94071000,4319371.47659900,0
1662480000000,19816.18000000,19859.09000000,19662.50000000,19747.43000000,400.10686000,1662483599999,7904869.16727160,6188,207.79917000,4106283.91163450,0
1662483600000,19746.84000000,19755.46000000,18900.00000000,19101.94000000,1595.46343000,1662487199999,30653864.13737200,20947,682.77650000,13109582.29595560,0
1662487200000,19101.44000000,19135.56000000,18949.90000000,18955.67000000,825.96603000,1662490799999,15716638.33626370,10359,445.90095000,8484864.53305570,0
1662490800000,18957.14000000,19015.34000000,18755.00000000,18821.51000000,802.93135000,1662494399999,15176188.39105790,10019,386.43847000,7304033.85664790,0
1662494400000,18822.43000000,19010.66000000,18652.66000000,18981.28000000,770.99775000,1662497999999,14539909.76822640,9908,351.75281000,6632709.70213570,0
1662498000000,18983.57000000,19065.20000000,18924.87000000,18979.75000000,370.61311000,1662501599999,7040545.86452110,4433,195.02841000,3706082.84293620,0
1662501600000,18978.55000000,18999.81000000,18881.64000000,18909.33000000,566.47527000,1662505199999,10728861.61405290,5712,286.26240000,5421970.23590250,0
1662505200000,18907.35000000,18918.98000000,18780.00000000,18788.60000000,685.54141000,1662508799999,12925741.90359210,6382,364.79705000,6878787.59595880,0
1662508800000,18788.87000000,18872.27000000,18654.33000000,18833.56000000,923.95341000,1662512399999,17346237.11451080,9285,444.58130000,8347902.07281370,0
1662512400000,18833.41000000,18864.36000000,18779.07000000,18788.73000000,462.73431000,1662515999999,8710212.30075690,5795,228.10063000,4293573.64515250,0
1662516000000,18785.93000000,18827.72000000,18530.00000000,18610.84000000,848.09239000,1662519599999,15836953.76602530,10352,374.55744000,6994333.93658650,0
1662519600000,18613.26000000,18753.11000000,18610.00000000,18747.12000000,518.68173000,1662523199999,9689275.02709480,6625,254.54282000,4755219.05868300,0
1662523200000,18747.05000000,18760.69000000,18672.48000000,18721.22000000,404.85413000,1662526799999,7577125.57732830,5368,193.38286000,3619291.85337750,0
1662526800000,18722.99000000,18797.47000000,18708.81000000,18759.72000000,479.04677000,1662530399999,8987503.59341830,6429,252.93157000,4745355.57778050,0
1662530400000,18761.69000000,18845.37000000,18728.11000000,18795.08000000,404.16037000,1662533999999,7591932.41728110,5892,223.67152000,4201245.47928660,0
1662534000000,18797.13000000,18827.09000000,18725.12000000,18802.55000000,337.01177000,1662537599999,6329396.42975890,5367,171.31649000,3217403.03735550,0
1662537600000,18802.36000000,18860.67000000,18771.80000000,18805.25000000,296.86605000,1662541199999,5582960.68552790,4771,149.22756000,2806491.90093470,0
1662541200000,18806.72000000,18822.99000000,18766.46000000,18788.68000000,256.64572000,1662544799999,4821434.78525900,4464,132.08076000,2481338.66211220,0
1662544800000,18790.85000000,18801.76000000,18726.17000000,18746.72000000,315.95358000,1662548399999,5926306.79153990,4313,161.16464000,3022954.99127930,0
1662548400000,18747.77000000,18781.10000000,18692.40000000,18742.22000000,317.73264000,1662551999999,5953346.87809540,4765,165.75171000,3105877.54260850,0
1662552000000,18742.31000000,18786.80000000,18675.02000000,18777.36000000,409.11726000,1662555599999,7662963.26176620,5781,208.61579000,3907543.05963130,0
1662555600000,18777.92000000,18931.57000000,18773.46000000,18843.90000000,443.30595000,1662559199999,8357553.60889530,7059,222.65674000,4197909.41231330,0
1662559200000,18841.37000000,18967.29000000,18817.38000000,18907.27000000,393.69180000,1662562799999,7441609.22658410,5949,215.17108000,4068326.35888110,0
1662562800000,18909.68000000,18939.95000000,18850.00000000,18873.84000000,394.15462000,1662566399999,7447051.45351350,5394,215.35333000,4068294.21956150,0
1662566400000,18873.84000000,18983.00000000,18855.86000000,18915.68000000,283.63847000,1662569999999,5364537.22329880,4698,146.82500000,2777080.36341560,0
1662570000000,18919.22000000,19040.56000000,18907.46000000,19000.91000000,361.79999000,1662573599999,6861729.63451130,6119,147.82827000,2803303.89606940,0
1662573600000,19006.01000000,19191.79000000,18961.02000000,19078.21000000,422.74133000,1662577199999,8050848.62269210,6401,195.96273000,3731416.06288880,0
1662577200000,19078.41000000,19202.63000000,18994.72000000,18994.72000000,361.55785000,1662580799999,6904482.34397720,5264,172.39590000,3291985.84914080,0
1662580800000,18995.88000000,19466.03000000,18985.47000000,19388.38000000,737.46515000,1662584399999,14190952.92981140,11133,390.70946000,7518568.27895550,0
1662584400000,19392.21000000,19463.48000000,19276.34000000,19361.41000000,348.31608000,1662587999999,6755063.31144560,5150,153.48642000,2976988.17016030,0
1662588000000,19368.57000000,19431.03000000,19318.01000000,19337.75000000,422.77438000,1662591599999,8190657.81213120,5248,205.90221000,3988853.20398600,0
1662591600000,19337.88000000,19353.98000000,19245.63000000,19293.97000000,323.22033000,1662595199999,6238914.18079070,4440,151.70385000,2928268.81030560,0
1662595200000,19295.68000000,19384.34000000,19237.70000000,19306.20000000,330.23986000,1662598799999,6378733.42434500,5701,176.37315000,3406717.06544020,0
1662598800000,19306.04000000,19329.27000000,19155.16000000,19185.08000000,288.30117000,1662602399999,5547518.56326180,4870,139.84367000,2691337.37589650,0
1662602400000,19184.83000000,19263.79000000,19184.83000000,19237.82000000,245.76567000,1662605999999,4725092.10106610,4062,133.30999000,2563176.11526890,0
1662606000000,19240.92000000,19272.36000000,19193.46000000,19219.29000000,159.27242000,1662609599999,3063473.53858400,3661,85.62864000,1647100.23457920,0
1662609600000,19220.14000000,19388.33000000,19211.70000000,19353.19000000,410.42271000,1662613199999,7924744.84478930,6425,206.20416000,3981563.76350540,0
1662613200000,19353.33000000,19367.70000000,19287.18000000,19303.51000000,183.07339000,1662616799999,3536343.58654350,3737,95.34199000,1841591.16859290,0
1662616800000,19303.27000000,19352.38000000,19226.34000000,19234.89000000,292.99574000,1662620399999,5652818.65425090,4742,141.30093000,2725889.89153970,0
1662620400000,19235.70000000,19267.53000000,19051.38000000,19170.90000000,661.14573000,1662623999999,12655824.64981570,10305,331.82447000,6352154.58031450,0
1662624000000,19172.50000000,19233.95000000,19145.80000000,19229.97000000,311.17139000,1662627599999,5972191.56082560,4873,150.03907000,2879467.41110870,0
1662627600000,19228.83000000,19242.35000000,19144.49000000,19187.03000000,317.86080000,1662631199999,6105142.13065740,4628,155.07170000,2978380.38190320,0
1662631200000,19186.56000000,19350.15000000,19174.83000000,19307.08000000,424.30443000,1662634799999,8182313.03751990,6511,221.46632000,4270791.95474430,0
1662634800000,19306.95000000,19400.00000000,19281.74000000,19311.89000000,308.52854000,1662638399999,5962491.28738780,5041,153.31067000,2963109.66869350,0
1662638400000,19311.56000000,19377.91000000,19102.30000000,19144.47000000,746.40425000,1662641999999,14354636.75150350,10485,369.96241000,7115188.74785890,0
1662642000000,19143.73000000,19361.21000000,19014.18000000,19227.52000000,957.68391000,1662645599999,18354918.02936880,14487,486.38172000,9322970.63925900,0
1662645600000,19229.54000000,19321.92000000,19093.28000000,19317.01000000,772.06795000,1662649199999,14834246.97698790,10302,386.99341000,7436757.05346960,0
1662649200000,19319.54000000,19351.55000000,19229.31000000,19255.33000000,366.47595000,1662652799999,7071504.65132690,6470,166.43013000,3210852.55129260,0
1662652800000,19252.94000000,19265.05000000,19093.58000000,19191.29000000,630.66869000,1662656399999,12088504.94915650,9282,303.82395000,5823542.35199550,0
1662656400000,19188.48000000,19250.00000000,19120.19000000,19202.51000000,562.77406000,1662659999999,10805768.81921870,7554,275.26887000,5285557.08545220,0
1662660000000,19202.60000000,19247.00000000,19039.75000000,19200.59000000,590.96729000,1662663599999,11341624.27713180,6838,266.12913000,5110577.82436070,0
1662663600000,19200.14000000,19354.63000000,19180.68000000,19350.90000000,313.21544000,1662667199999,6034299.67685700,5053,161.53556000,3112416.47413850,0
1662667200000,19351.54000000,19454.41000000,19331.49000000,19378.86000000,410.47108000,1662670799999,7955593.70654800,5871,196.00323000,3798741.47605450,0
1662670800000,19380.27000000,19383.88000000,19282.00000000,19332.31000000,161.35357000,1662674399999,3120288.77663970,2869,80.59492000,1558470.85409290,0
1662674400000,19330.43000000,19334.20000000,19252.76000000,19306.25000000,266.37856000,1662677999999,5139563.63683430,4086,137.47015000,2652418.89378140,0
1662678000000,19304.94000000,19344.38000000,19283.21000000,19322.34000000,204.55229000,1662681599999,3951507.54787460,3013,101.97978000,1970025.62845120,0
1662681600000,19322.70000000,19399.52000000,19294.38000000,19370.80000000,322.71238000,1662685199999,6247694.87937350,4409,160.16533000,3100734.29268090,0
1662685200000,19370.94000000,19422.47000000,19325.00000000,19336.78000000,219.42494000,1662688799999,4248881.04064830,3264,113.75778000,2203290.08425980,0
1662688800000,19337.43000000,19458.25000000,19335.23000000,19400.04000000,217.70834000,1662692399999,4222708.11681540,3654,104.69376000,2030785.69191620,0
1662692400000,19401.14000000,19957.77000000,19392.70000000,19951.36000000,877.82708000,1662695999999,17302833.31774670,11380,466.20251000,9189584.66966920,0
1662696000000,19952.57000000,20461.00000000,19930.75000000,20361.92000000,1244.56613000,1662699599999,25190039.49220260,16474,634.32091000,12835826.62805600,0
1662699600000,20360.00000000,20704.83000000,20344.14000000,20536.30000000,1189.04223000,1662703199999,24395620.05379370,13598,640.07481000,13133243.87475840,0
1662703200000,20536.50000000,20820.00000000,20481.10000000,20697.86000000,837.41427000,1662706799999,17286498.58466440,11848,385.16910000,7950111.98049740,0
1662706800000,20697.91000000,20766.79000000,20591.25000000,20635.98000000,615.87803000,1662710399999,12729539.18334330,8441,283.49002000,5859185.62294160,0
1662710400000,20634.92000000,20993.38000000,20630.00000000,20780.00000000,833.36217000,1662713999999,17281670.41935890,11569,427.72500000,8872643.76094010,0
1662714000000,20781.13000000,20794.06000000,20638.03000000,20753.04000000,629.97893000,1662717599999,13039610.82119960,9354,299.54738000,6200492.38225110,0
1662717600000,20751.46000000,21194.53000000,20719.80000000,21079.46000000,921.77557000,1662721199999,19304820.49052070,12701,484.34248000,10144752.10005970,0
1662721200000,21078.05000000,21101.34000000,20889.00000000,20943.81000000,860.06903000,1662724799999,18051543.47700720,10645,418.55201000,8784789.44244030,0
1662724800000,20942.17000000,21270.82000000,20927.29000000,21080.03000000,940.42306000,1662728399999,19830192.56194520,12551,458.31887000,9664388.35305070,0
1662728400000,21085.45000000,21100.13000000,20918.64000000,21010.85000000,1102.22623000,1662731999999,23159619.33591830,12162,540.36056000,11353802.43303010,0
1662732000000,21010.85000000,21129.35000000,20967.43000000,21107.30000000,1156.97084000,1662735599999,24356945.13316890,11872,574.79983000,12100174.82300470,0
1662735600000,21110.00000000,21347.09000000,21062.73000000,21273.39000000,832.85195000,1662739199999,17647616.40986390,11367,426.17921000,9030429.24896020,0
1662739200000,21274.31000000,21407.77000000,21147.20000000,21304.56000000,595.85923000,1662742799999,12669200.39711230,10132,275.06339000,5849021.55717240,0
1662742800000,21301.63000000,21447.08000000,21180.00000000,21249.96000000,922.33555000,1662746399999,19657278.32246820,10889,454.47610000,9685877.37877320,0
1662746400000,21250.40000000,21256.83000000,21137.04000000,21176.43000000,1048.51211000,1662749999999,22212192.36005130,11743,517.24415000,10957371.80544780,0
1662750000000,21176.43000000,21320.34000000,21160.00000000,21296.64000000,889.50978000,1662753599999,18909691.93665380,9821,439.62672000,9346082.43607920,0
1662753600000,21294.77000000,21349.53000000,21212.58000000,21301.92000000,698.76829000,1662757199999,14863941.28006480,7476,347.52830000,7392279.48947900,0
1662757200000,21299.92000000,21338.80000000,21190.00000000,21256.19000000,388.82052000,1662760799999,8269473.13011850,5452,181.42629000,3858784.28141740,0
1662760800000,21258.09000000,21405.05000000,21230.42000000,21354.47000000,592.74874000,1662764399999,12638809.84911650,7948,284.89828000,6074376.39998610,0
1662764400000,21353.41000000,21619.99000000,21255.73000000,21368.86000000,855.75243000,1662767999999,18300076.15629870,11269,423.56824000,9059797.91657090,0
1662768000000,21369.91000000,21403.31000000,21170.00000000,21264.00000000,803.92989000,1662771599999,17098437.73145020,10622,390.73803000,8310254.82478370,0
1662771600000,21265.31000000,21350.00000000,21261.28000000,21295.94000000,401.16301000,1662775199999,8542296.80960890,7049,183.75483000,3912781.17273220,0
1662775200000,21294.65000000,21322.32000000,21205.37000000,21311.10000000,286.10467000,1662778799999,6081230.75099420,6139,136.36597000,2898453.22088810,0
1662778800000,21311.29000000,21404.02000000,21286.75000000,21309.49000000,317.23742000,1662782399999,6764612.08498890,6625,153.51226000,3273810.17207380,0
1662782400000,21309.57000000,21464.28000000,21300.09000000,21460.36000000,457.87009000,1662785999999,9788356.04272850,8228,232.69732000,4974759.98000530,0
1662786000000,21460.95000000,21689.69000000,21427.20000000,21553.02000000,561.22048000,1662789599999,12098972.61993490,9572,272.23791000,5869483.54471140,0
1662789600000,21552.62000000,21593.46000000,21474.83000000,21531.89000000,316.42988000,1662793199999,6813872.50950220,7013,119.83476000,2580597.01709540,0
1662793200000,21534.77000000,21590.00000000,21257.40000000,21289.10000000,348.48324000,1662796799999,7470187.11391960,6642,171.09881000,3668978.04493760,0
1662796800000,21293.27000000,21393.53000000,21287.15000000,21336.31000000,374.07789000,1662800399999,7988675.55138760,5895,186.58865000,3984767.09948730,0
1662800400000,21334.76000000,21399.00000000,21321.73000000,21334.95000000,386.25314000,1662803999999,8249744.75678800,6121,185.13616000,3954129.13800600,0
1662804000000,21332.70000000,21394.80000000,21263.69000000,21350.02000000,345.06614000,1662807599999,7360168.66538290,5899,168.58194000,3595729.39043350,0
1662807600000,21348.68000000,21385.23000000,21291.48000000,21294.34000000,361.72589000,1662811199999,7720030.12901460,6224,143.72162000,3067107.76423780,0
1662811200000,21293.19000000,21373.80000000,21179.21000000,21316.47000000,770.44368000,1662814799999,16404553.81258960,9966,390.20058000,8308152.18328270,0
1662814800000,21315.55000000,21320.89000000,21140.28000000,21181.46000000,669.75260000,1662818399999,14224993.21277760,8534,329.97736000,7008159.98867930,0
1662818400000,21182.05000000,21290.47000000,21129.25000000,21249.93000000,662.86830000,1662821999999,14077637.99250660,7978,333.57489000,7083924.85327630,0
1662822000000,21251.70000000,21303.26000000,21000.40000000,21227.57000000,861.32035000,1662825599999,18283236.06356170,8334,375.08817000,7966743.85630910,0
1662825600000,21228.82000000,21468.40000000,21177.84000000,21416.24000000,943.50507000,1662829199999,20078562.84956140,10717,483.82225000,10296982.70362330,0
1662829200000,21412.06000000,21428.33000000,21283.30000000,21292.42000000,743.46493000,1662832799999,15858889.61131580,8600,347.28259000,7407679.45671800,0
1662832800000,21290.09000000,21490.00000000,21284.80000000,21450.63000000,668.61574000,1662836399999,14301258.02099780,8491,315.96072000,6757259.95828430,0
1662836400000,21452.13000000,21650.00000000,21440.00000000,21583.71000000,760.14008000,1662839999999,16378235.99896570,10285,351.53615000,7574923.28993060,0
1662840000000,21586.08000000,21605.31000000,21369.01000000,21429.71000000,679.01443000,1662843599999,14594802.01158970,9040,288.26725000,6196577.53255090,0
1662843600000,21429.71000000,21800.00000000,21425.13000000,21604.53000000,527.91852000,1662847199999,11384074.21550380,7192,245.45151000,5294842.17587930,0
1662847200000,21612.30000000,21816.96000000,21586.69000000,21764.66000000,1079.51867000,1662850799999,23419621.06197400,11999,492.87808000,10693836.86933190,0
1662850800000,21766.67000000,21800.94000000,21645.63000000,21653.78000000,873.85867000,1662854399999,18989990.17157220,9222,423.30008000,9199235.46038990,0
1662854400000,21654.11000000,21688.78000000,21543.95000000,21556.31000000,737.22410000,1662857999999,15935189.51338510,8630,349.27382000,7549599.00151830,0
1662858000000,21557.49000000,21677.81000000,21536.06000000,21616.80000000,777.71271000,1662861599999,16804330.52397220,8698,391.06569000,8449930.27543650,0
1662861600000,21614.09000000,21631.20000000,21454.14000000,21513.33000000,717.61327000,1662865199999,15465896.87608850,7425,354.02489000,7629895.70362580,0
1662865200000,21512.77000000,21572.41000000,21510.80000000,21549.02000000,573.77768000,1662868799999,12360425.87230660,6442,279.15988000,6013716.51551280,0
1662868800000,21550.14000000,21648.23000000,21545.63000000,21562.32000000,563.35321000,1662872399999,12168814.88038730,6152,273.53874000,5908552.91961630,0
1662872400000,21562.51000000,21624.36000000,21532.24000000,21595.77000000,556.86653000,1662875999999,12021207.65008540,6139,280.10823000,6046450.78381580,0
1662876000000,21596.64000000,21639.27000000,21354.54000000,21451.94000000,851.45712000,1662879599999,18299890.72538130,9583,419.10289000,9008046.91246790,0
1662879600000,21447.99000000,21627.96000000,21436.01000000,21617.18000000,864.91388000,1662883199999,18640920.02365720,8940,430.71371000,9282769.58718150,0
1662883200000,21617.18000000,21730.00000000,21564.68000000,21678.73000000,894.41904000,1662886799999,19363592.97025830,9706,439.28152000,9509867.80925830,0
1662886800000,21678.73000000,21704.21000000,21592.40000000,21607.66000000,758.72950000,1662890399999,16424868.34981370,8006,373.09839000,8076813.35503900,0
1662890400000,21608.90000000,21683.45000000,21578.58000000,21600.36000000,682.31227000,1662893999999,14761217.15969760,7912,309.39342000,6693033.81938800,0
1662894000000,21601.08000000,21705.96000000,21598.21000000,21618.17000000,588.58222000,1662897599999,12743488.11552100,7890,257.88159000,5583644.59811940,0
1662897600000,21617.48000000,21661.03000000,21512.00000000,21621.69000000,555.24362000,1662901199999,11995352.69932730,7914,247.19014000,5340126.47125030,0
1662901200000,21621.14000000,21631.83000000,21506.14000000,21549.18000000,557.61725000,1662904799999,12025480.66329920,6878,271.62773000,5857767.89701790,0
1662904800000,21548.91000000,21573.76000000,21461.16000000,21516.90000000,705.11766000,1662908399999,15173956.37852950,8029,358.92929000,7724124.65521510,0
1662908400000,21516.60000000,21760.29000000,21502.80000000,21648.58000000,943.79249000,1662911999999,20418624.49834240,10746,480.44842000,10393912.62578950,0
1662912000000,21649.15000000,21727.72000000,21595.07000000,21683.21000000,746.25899000,1662915599999,16172348.44350710,8357,365.06997000,7911616.70699800,0
1662915600000,21684.29000000,21869.35000000,21605.16000000,21633.70000000,421.72335000,1662919199999,9157419.40900830,6676,213.47452000,4635825.97286640,0
1662919200000,21634.75000000,21687.70000000,21537.00000000,21555.61000000,857.05177000,1662922799999,18531359.52934430,9843,399.35012000,8634785.59003040,0
1662922800000,21556.48000000,21634.33000000,21547.05000000,21623.72000000,534.78906000,1662926399999,11549964.15723150,6625,250.44111000,5408900.44262750,0
1662926400000,21622.53000000,21684.33000000,21463.18000000,21640.96000000,855.99667000,1662929999999,18477983.10772850,9974,440.53840000,9509821.33675710,0
1662930000000,21637.85000000,21774.30000000,21468.55000000,21516.98000000,569.27419000,1662933599999,12317984.51746090,6928,287.62156000,6223379.86379310,0
1662933600000,21517.08000000,21690.00000000,21514.34000000,21641.27000000,1147.83327000,1662937199999,24835421.91978570,11591,575.46089000,12450848.53625260,0
1662937200000,21641.75000000,21880.00000000,21584.69000000,21832.88000000,817.35433000,1662940799999,17725201.84458810,9483,414.79052000,8995834.59168130,0
1662940800000,21832.88000000,21861.69000000,21640.43000000,21642.36000000,538.67480000,1662944399999,11718031.70663880,8085,258.54435000,5623800.77766640,0
1662944400000,21645.98000000,22371.15000000,21577.60000000,22050.00000000,1560.29837000,1662947999999,34246270.21837390,18441,810.94018000,17801042.48836560,0
1662948000000,22051.16000000,22104.40000000,21662.61000000,21771.88000000,1414.04593000,1662951599999,30875956.84786260,16446,713.60875000,15579343.80839420,0
1662951600000,21775.04000000,21837.06000000,21558.00000000,21659.85000000,1377.36974000,1662955199999,29877839.57019700,15396,725.30345000,15733474.97088660,0
1662955200000,21662.20000000,21754.02000000,21634.04000000,21720.55000000,983.01175000,1662958799999,21330022.13900500,10225,495.99763000,10762349.63554700,0
1662958800000,21719.92000000,21797.51000000,21677.70000000,21793.37000000,974.79488000,1662962399999,21196863.21321620,10253,486.94818000,10588684.97315900,0
1662962400000,21793.05000000,21852.65000000,21702.84000000,21823.95000000,1022.36756000,1662965999999,22263490.98872790,10162,512.54130000,11161384.79560420,0
1662966000000,21823.11000000,22237.80000000,21807.83000000,22201.29000000,1819.65874000,1662969599999,40067408.60498840,19834,820.65163000,18073638.34544910,0
1662969600000,22201.41000000,22338.97000000,22120.00000000,22233.39000000,1799.61690000,1662973199999,39987874.68653330,17771,885.24065000,19670764.43512700,0
1662973200000,22236.66000000,22265.00000000,22126.00000000,22170.58000000,1278.48510000,1662976799999,28391088.74781250,13254,630.15391000,13993795.14769500,0
1662976800000,22171.52000000,22230.00000000,21976.82000000,22158.58000000,987.92660000,1662980399999,21858455.08670830,12649,507.99122000,11240242.59298170,0
1662980400000,22158.58000000,22483.33000000,22106.78000000,22318.05000000,1298.46347000,1662983999999,28891219.84946020,14665,654.64532000,14565856.37142390,0
1662984000000,22319.82000000,22432.90000000,22210.93000000,22359.44000000,1099.21139000,1662987599999,24536200.31097120,13006,566.28695000,12641124.20493250,0
1662987600000,22362.86000000,22477.91000000,22282.99000000,22397.13000000,881.43170000,1662991199999,19698648.44963690,11298,442.43598000,9888671.96757310,0
1662991200000,22399.97000000,22499.99000000,22300.00000000,22320.00000000,335.75238000,1662994799999,7517265.04389280,6928,168.93252000,3782809.03882430,0
1662994800000,22323.47000000,22350.00000000,22007.33000000,22116.74000000,448.81677000,1662998399999,9962586.05385550,8229,224.22389000,4977057.22482690,0
1662998400000,22117.10000000,22273.49000000,22014.88000000,22219.26000000,462.04887000,1663001999999,10240101.49071440,9235,235.82994000,5226852.37565700,0
1663002000000,22219.01000000,22391.50000000,22142.38000000,22357.46000000,330.40096000,1663005599999,7358099.61783560,6715,168.88697000,3761734.01957860,0
1663005600000,22361.56000000,22420.66000000,22267.77000000,22403.62000000,362.99643000,1663009199999,8110409.45085810,6790,183.37948000,4097710.23904600,0
1663009200000,22403.10000000,22457.27000000,22363.97000000,22436.08000000,213.26051000,1663012799999,4780184.98297970,4267,97.11947000,2177112.64898560,0
1663012800000,22429.37000000,22499.32000000,22370.00000000,22410.81000000,203.49322000,1663016399999,4561093.59164850,4269,103.79512000,2326460.07850910,0
1663016400000,22406.11000000,22431.41000000,22250.00000000,22327.83000000,158.65164000,1663019999999,3543882.38680470,4161,75.23810000,1680854.85931090,0
1663020000000,22340.46000000,22408.77000000,22265.76000000,22324.38000000,179.53924000,1663023599999,4009478.76049760,3917,86.30470000,1927709.93149200,0
1663023600000,22330.78000000,22406.07000000,22312.73000000,22397.88000000,112.11728000,1663027199999,2506941.36648270,2755,58.42475000,1306440.69035760,0
1663027200000,22397.03000000,22450.66000000,22111.98000000,22216.82000000,909.85946000,1663030799999,20243772.29055340,11485,441.48731000,9822852.76206490,0
1663030800000,22218.65000000,22292.56000000,22157.00000000,22242.68000000,632.68279000,1663034399999,14067313.41517410,8048,325.21617000,7230737.68416110,0
1663034400000,22244.38000000,22284.53000000,22067.04000000,22263.96000000,869.12628000,1663037999999,19276660.63268570,11081,427.97669000,9492099.45924650,0
1663038000000,22263.24000000,22287.68000000,22160.00000000,22234.91000000,753.92209000,1663041599999,16750469.73883190,9124,387.04639000,8598780.63313060,0
1663041600000,22235.51000000,22372.51000000,22180.65000000,22286.94000000,790.84933000,1663045199999,17619617.94874990,10230,402.10632000,8958459.62171310,0
1663045200000,22287.96000000,22499.99000000,22269.88000000,22389.83000000,878.79564000,1663048799999,19653511.95593530,10628,470.23125000,10518228.65587920,0
1663048800000,22389.80000000,22650.00000000,22250.00000000,22324.40000000,1059.85375000,1663052399999,23750729.13658140,13576,537.39737000,12046085.86983080,0
1663052400000,22319.84000000,22441.09000000,22261.87000000,22280.27000000,821.92486000,1663055999999,18368219.33876390,10351,415.57127000,9287733.59554480,0
1663056000000,22277.49000000,22313.76000000,22186.85000000,22234.42000000,441.25146000,1663059599999,9818637.35949740,6441,216.70269000,4822078.63854860,0
1663059600000,22237.09000000,22439.02000000,22234.13000000,22389.20000000,458.98412000,1663063199999,10255081.29380940,7190,236.26577000,5278913.08278270,0
1663063200000,22386.54000000,22600.17000000,22354.19000000,22535.01000000,430.01008000,1663066799999,9664779.13185450,6701,228.00933000,5124815.48512600,0
1663066800000,22546.18000000,22720.00000000,22489.27000000,22530.00000000,710.49188000,1663070399999,16053687.86930830,10139,362.06620000,8182037.32968470,0
1663070400000,22531.61000000,22804.78000000,21274.65000000,21403.92000000,1790.37003000,1663073999999,39274655.51677590,27528,881.90558000,19359852.43795950,0
1663074000000,21400.00000000,21516.85000000,21180.00000000,21199.56000000,957.77565000,1663077599999,20465934.18637360,16110,451.77366000,9655800.83160290,0
1663077600000,21195.07000000,21266.00000000,20861.45000000,21011.68000000,758.51050000,1663081199999,16005201.27563270,12573,353.92461000,7470579.32610250,0
1663081200000,21006.25000000,21065.20000000,20750.00000000,20837.95000000,522.45726000,1663084799999,10925762.66792150,10410,271.04169000,5669479.23010080,0
1663084800000,20829.43000000,20906.37000000,20678.88000000,20769.28000000,421.90896000,1663088399999,8770345.22481900,8156,210.83825000,4383446.85342760,0
1663088400000,20765.96000000,20924.20000000,20730.00000000,20764.01000000,281.46424000,1663091999999,5856027.37509050,6148,152.77407000,3178150.35189370,0
1663092000000,20763.24000000,20792.64000000,20232.80000000,20252.28000000,612.90289000,1663095599999,12594577.37423150,11558,286.06552000,5877920.49612410,0
1663095600000,20254.84000000,20347.44000000,20051.02000000,20286.39000000,649.26092000,1663099199999,13121907.57649610,11262,314.06634000,6348326.34513200,0
1663099200000,20289.56000000,20422.92000000,20231.95000000,20238.08000000,300.11822000,1663102799999,6093078.04441590,5830,155.27989000,3152919.15044200,0
1663102800000,20238.05000000,20253.06000000,19851.00000000,20137.85000000,244.76603000,1663106399999,4919167.09673090,5375,91.74156000,1846088.90815780,0
1663106400000,20134.02000000,20266.21000000,20077.70000000,20227.15000000,351.00539000,1663109999999,7083088.56439220,6665,190.58079000,3845540.23602390,0
1663110000000,20226.72000000,20252.75000000,20104.25000000,20172.20000000,309.11323000,1663113599999,6238950.01017700,6308,162.25914000,3275935.38111060,0
1663113600000,20171.02000000,20219.18000000,20040.00000000,20198.90000000,448.05992000,1663117199999,9033489.60219360,7063,217.56235000,4386147.30353520,0
1663117200000,20195.58000000,20313.50000000,20183.38000000,20301.14000000,408.69829000,1663120799999,8284194.96105450,6067,211.78234000,4292710.80179600,0
1663120800000,20300.99000000,20535.66000000,20287.81000000,20445.33000000,573.39567000,1663124399999,11698115.70472980,8650,298.66710000,6092793.02943170,0
1663124400000,20440.01000000,20463.44000000,20300.32000000,20325.09000000,393.71732000,1663127999999,8018489.24884790,5920,190.63231000,3882387.83579580,0
1663128000000,20324.02000000,20405.84000000,20276.09000000,20388.10000000,450.54643000,1663131599999,9169802.30553180,6339,212.48414000,4324324.71877630,0
1663131600000,20387.44000000,20407.29000000,20295.39000000,20312.39000000,322.69847000,1663135199999,6567954.57415860,4429,177.24118000,3607786.38047560,0
1663135200000,20314.43000000,20328.54000000,20219.83000000,20239.77000000,368.94550000,1663138799999,7481531.79698550,5193,177.41499000,3597601.90609020,0
1663138800000,20242.14000000,20326.88000000,20135.14000000,20240.58000000,393.44351000,1663142399999,7967646.69519310,5738,195.91773000,3967992.34340590,0
1663142400000,20240.58000000,20420.00000000,20195.54000000,20383.54000000,441.33045000,1663145999999,8956377.51871250,6532,220.19435000,4468240.26789340,0
1663146000000,20381.83000000,20403.63000000,20312.15000000,20347.35000000,341.91459000,1663149599999,6959435.83537640,4814,174.04035000,3542567.49415840,0
1663149600000,20345.50000000,20384.87000000,20310.00000000,20341.54000000,351.32331000,1663153199999,7151121.80965010,5122,182.98341000,3724654.79746060,0
1663153200000,20342.61000000,20362.45000000,20082.24000000,20222.97000000,455.39617000,1663156799999,9224026.70377430,6572,219.80305000,4452775.78677830,0
1663156800000,20226.22000000,20346.93000000,20071.86000000,20315.99000000,636.88049000,1663160399999,12884588.35397970,11002,325.17237000,6579258.45967740,0
1663160400000,20312.80000000,20390.00000000,20183.15000000,20307.75000000,596.72781000,1663163999999,12113807.10500500,10005,295.28198000,5994515.26076500,0
1663164000000,20311.43000000,20317.33000000,20109.00000000,20294.33000000,592.85733000,1663167599999,11991207.49344650,10183,294.20489000,5950706.01422070,0
1663167600000,20296.13000000,20331.54000000,20159.28000000,20180.43000000,403.40817000,1663171199999,8169405.23843440,7025,193.38667000,3916437.42649850,0
1663171200000,20180.95000000,20220.16000000,20108.78000000,20141.35000000,320.28193000,1663174799999,6461845.58672750,5720,171.31231000,3456979.26894960,0
1663174800000,20145.85000000,20241.87000000,20097.48000000,20104.00000000,262.49767000,1663178399999,5294525.64857490,5082,135.66590000,2736797.83438340,0
1663178400000,20106.80000000,20131.11000000,19621.99000000,19778.79000000,837.35686000,1663181999999,16636967.21186020,15393,392.00814000,7791082.58777380,0
1663182000000,19778.52000000,20001.94000000,19702.13000000,19948.57000000,397.06179000,1663185599999,7884188.20589500,8351,203.56022000,4042644.76569800,0
1663185600000,19947.52000000,19990.54000000,19896.64000000,19946.51000000,133.60736000,1663189199999,2664964.35688960,3437,69.23168000,1380921.12201780,0
1663189200000,19948.10000000,20230.00000000,19856.77000000,20206.55000000,161.39827000,1663192799999,3232024.72001020,3993,73.92627000,1479709.90668740,0
1663192800000,20205.92000000,20394.21000000,20139.32000000,20297.16000000,374.91998000,1663196399999,7597313.66618440,7395,177.56233000,3599303.90711330,0
1663196400000,20295.67000000,20324.32000000,20190.96000000,20228.67000000,264.28535000,1663199999999,5355914.08642400,5293,118.95419000,2410827.90267200,0
1663200000000,20232.64000000,20272.90000000,20146.65000000,20159.29000000,512.32331000,1663203599999,10354203.80652220,9217,231.11280000,4671260.06802820,0
1663203600000,20162.14000000,20200.71000000,19958.84000000,20198.09000000,454.04443000,1663207199999,9126828.27670020,8313,213.53193000,4292801.39110530,0
1663207200000,20198.87000000,20200.05000000,20016.51000000,20102.42000000,351.95702000,1663210799999,7073495.71590800,7068,159.97990000,3215319.24823230,0
1663210800000,20104.08000000,20110.00000000,19927.12000000,20024.64000000,436.69560000,1663214399999,8744117.68088910,10447,211.46177000,4234842.52431760,0
1663214400000,20026.27000000,20096.82000000,19960.00000000,20031.00000000,370.70054000,1663217999999,7427394.67499620,6699,180.63047000,3619253.12171760,0
1663218000000,20030.93000000,20200.41000000,20005.83000000,20152.22000000,357.02227000,1663221599999,7174353.97105200,7529,169.04127000,3397648.87251120,0
1663221600000,20149.78000000,20308.50000000,19984.07000000,20106.57000000,1081.84403000,1663225199999,21762950.99482450,26494,478.20954000,9620077.27669160,0
1663225200000,20101.64000000,20332.20000000,20067.86000000,20209.99000000,675.52796000,1663228799999,13646803.44800190,15939,323.28946000,6531070.78842100,0
1663228800000,20206.78000000,20233.62000000,20031.79000000,20152.25000000,452.85379000,1663232399999,9110046.62246880,9062,222.79127000,4482051.92788280,0
1663232400000,20152.48000000,20200.42000000,20057.59000000,20134.23000000,452.92561000,1663235999999,9119406.95288430,8277,253.87826000,5111898.50003670,0
1663236000000,20135.54000000,20210.06000000,20102.62000000,20156.56000000,430.15899000,1663239599999,8670307.02299630,8802,273.90355000,5520936.35177400,0
1663239600000,20156.65000000,20283.89000000,20086.43000000,20150.86000000,381.91894000,1663243199999,7695874.18907910,7059,202.99779000,4091231.50457090,0
1663243200000,20146.73000000,20191.58000000,20059.76000000,20125.51000000,458.57371000,1663246799999,9232270.32239280,7538,237.84365000,4788641.58536760,0
1663246800000,20127.68000000,20146.67000000,19986.92000000,20115.89000000,564.58173000,1663250399999,11331919.21619400,10645,287.13750000,5763754.96097890,0
1663250400000,20121.24000000,20176.27000000,19637.40000000,19702.07000000,846.59303000,1663253999999,16808381.03205610,13665,477.32590000,9467757.78325750,0
1663254000000,19698.21000000,19868.85000000,19493.61000000,19736.53000000,816.34240000,1663257599999,16077183.25492080,12326,442.52810000,8717398.15753620,0
1663257600000,19737.38000000,19871.64000000,19646.34000000,19867.85000000,346.01490000,1663261199999,6841881.02935530,7032,179.20531000,3544099.75611750,0
1663261200000,19866.49000000,19942.90000000,19788.14000000,19828.12000000,331.94793000,1663264799999,6596550.85856720,6116,193.08653000,3837676.68030110,0
1663264800000,19830.00000000,19878.38000000,19731.44000000,19761.48000000,272.68665000,1663268399999,5399623.37986630,5355,137.96156000,2731728.06298570,0
1663268400000,19762.64000000,19840.03000000,19666.38000000,19778.94000000,303.00942000,1663271999999,5986204.40318110,5990,143.63220000,2837918.32682980,0
1663272000000,19784.25000000,19853.50000000,19753.78000000,19846.71000000,174.05242000,1663275599999,3448119.33689110,3590,88.61628000,1755615.34148110,0
1663275600000,19845.25000000,19890.00000000,19781.17000000,19824.06000000,199.81187000,1663279199999,3965128.77010330,4255,131.34320000,2606337.14160960,0
1663279200000,19822.90000000,19827.02000000,19578.25000000,19728.12000000,470.54863000,1663282799999,9294304.38804490,7909,290.00056000,5730910.85096520,0
1663282800000,19729.92000000,19757.07000000,19631.01000000,19701.15000000,247.48455000,1663286399999,4873148.20342180,5000,114.93830000,2263153.45970300,0
1663286400000,19702.93000000,19787.50000000,19583.40000000,19787.50000000,396.82386000,1663289999999,7820881.06820410,7230,195.55527000,3854063.89681400,0
1663290000000,19785.18000000,19814.56000000,19704.32000000,19729.34000000,376.19800000,1663293599999,7436215.72107800,5589,188.26291000,3721257.15073510,0
1663293600000,19728.34000000,19767.57000000,19676.05000000,19749.52000000,341.98413000,1663297199999,6747106.05686720,5587,172.16409000,3396788.56617640,0
1663297200000,19747.69000000,19777.52000000,19690.00000000,19742.90000000,351.25266000,1663300799999,6930969.16123980,5018,174.92891000,3451898.52550620,0
1663300800000,19742.90000000,19857.35000000,19740.14000000,19822.10000000,447.99310000,1663304399999,8869646.69142010,6509,226.53933000,4485352.71861120,0
1663304400000,19822.77000000,19840.71000000,19738.23000000,19749.84000000,377.50473000,1663307999999,7469255.13562440,5509,196.21568000,3882066.34665450,0
1663308000000,19751.51000000,19804.96000000,19730.00000000,19762.03000000,323.87789000,1663311599999,6403692.47851960,4760,165.82992000,3278868.21924600,0
1663311600000,19764.29000000,19798.57000000,19723.30000000,19737.91000000,374.17118000,1663315199999,7393317.25437320,5469,192.48032000,3803314.06783870,0
1663315200000,19739.71000000,19756.82000000,19609.61000000,19684.80000000,482.51580000,1663318799999,9500016.72619680,9559,280.55508000,5524019.22643150,0
1663318800000,19686.78000000,19790.69000000,19683.25000000,19757.15000000,345.80516000,1663322399999,6829263.19523350,5927,192.38520000,3799221.83665780,0
1663322400000,19757.15000000,19840.42000000,19740.00000000,19795.00000000,349.33525000,1663325999999,6912033.63019890,5134,178.06691000,3523326.14552380,0
1663326000000,19794.30000000,19888.02000000,19772.81000000,19863.53000000,392.44206000,1663329599999,7778736.00529180,5935,199.02570000,3944959.31871380,0
1663329600000,19868.14000000,19874.65000000,19676.38000000,19685.66000000,550.56185000,1663333199999,10894733.36460980,7766,232.13236000,4593032.61453270,0
1663333200000,19685.66000000,19780.36000000,19442.71000000,19524.76000000,590.31923000,1663336799999,11609424.13984350,8898,297.12864000,5844850.48358970,0
1663336800000,19530.00000000,19796.24000000,19500.00000000,19660.00000000,456.42231000,1663340399999,8972980.53483470,8331,250.83210000,4931524.97675390,0
1663340400000,19659.11000000,19743.97000000,19577.15000000,19663.77000000,338.73684000,1663343999999,6660787.91041130,6397,177.49145000,3489991.75887470,0
1663344000000,19658.71000000,19660.38000000,19460.00000000,19527.87000000,332.33325000,1663347599999,6496475.92529180,6742,163.91298000,3203924.36998340,0
1663347600000,19535.18000000,19553.95000000,19330.23000000,19440.74000000,476.93973000,1663351199999,9264857.09148220,8984,239.69833000,4656690.76612460,0
1663351200000,19435.97000000,19580.00000000,19375.72000000,19556.19000000,385.78221000,1663354799999,7521999.06653430,7118,209.21603000,4079561.24353820,0
1663354800000,19559.88000000,19648.02000000,19549.87000000,19616.17000000,314.12315000,1663358399999,6156041.52368570,6090,159.93555000,3134478.99579740,0
1663358400000,19616.14000000,19754.38000000,19614.08000000,19754.38000000,207.67877000,1663361999999,4088868.38957220,4064,102.76406000,2023251.08342190,0
1663362000000,19752.98000000,19818.99000000,19710.00000000,19747.21000000,83.34669000,1663365599999,1645906.37744150,2344,45.00703000,888832.88335770,0
1663365600000,19748.63000000,19772.96000000,19700.93000000,19728.42000000,204.70989000,1663369199999,4040744.33175450,4388,101.40148000,2001602.25385650,0
1663369200000,19729.25000000,19809.27000000,19692.48000000,19802.68000000,137.75928000,1663372799999,2718543.00425790,3456,71.55059000,1412073.60329100,0
1663372800000,19801.32000000,20066.44000000,19768.36000000,19946.25000000,482.16856000,1663376399999,9601725.50010530,8251,244.32846000,4864596.46968260,0
1663376400000,19947.33000000,20056.34000000,19945.95000000,20000.27000000,425.27482000,1663379999999,8506189.41570840,6397,215.76333000,4315606.66817510,0
1663380000000,19998.12000000,20010.00000000,19866.00000000,19908.31000000,314.04511000,1663383599999,6256630.17366830,5220,154.48508000,3077519.09725700,0
1663383600000,19908.29000000,19922.59000000,19876.59000000,19884.26000000,173.76294000,1663387199999,3456929.12004050,3216,90.62876000,1802959.18384590,0
1663387200000,19885.34000000,20019.79000000,19875.06000000,19936.74000000,452.51163000,1663390799999,9024017.52430520,5628,233.79047000,4663067.09963540,0
1663390800000,19934.99000000,19936.62000000,19818.30000000,19859.40000000,473.61151000,1663394399999,9406573.98736170,6237,227.60310000,4520494.46895190,0
1663394400000,19859.02000000,19876.62000000,19787.38000000,19839.62000000,361.57071000,1663397999999,7173007.54807050,4781,189.46218000,3758631.13002030,0
1663398000000,19840.24000000,19861.46000000,19797.28000000,19842.21000000,387.38948000,1663401599999,7682465.90920520,5132,206.34047000,4091944.08529760,0
1663401600000,19841.23000000,19894.48000000,19841.23000000,19877.29000000,313.53222000,1663405199999,6231398.28564040,4311,164.14326000,3262316.29442000,0
1663405200000,19878.53000000,19915.49000000,19861.03000000,19874.44000000,295.01592000,1663408799999,5865042.51566960,4646,158.99124000,3160760.66740760,0
1663408800000,19874.42000000,19902.44000000,19810.95000000,19864.94000000,320.99806000,1663412399999,6375991.62341090,4890,157.27823000,3124258.68193360,0
1663412400000,19864.21000000,19873.93000000,19808.14000000,19808.14000000,319.58703000,1663415999999,6342610.77745060,4040,161.54184000,3206176.98832690,0
1663416000000,19811.14000000,19875.90000000,19748.75000000,19858.97000000,339.81067000,1663419599999,6736521.47644190,4715,165.15073000,3274270.45971980,0
1663419600000,19859.51000000,19906.96000000,19846.64000000,19900.14000000,278.21407000,1663423199999,5528823.98765840,3886,144.30046000,2867751.26282680,0
1663423200000,19899.67000000,19958.91000000,19870.26000000,19920.64000000,371.39982000,1663426799999,7397151.58578880,4956,178.00836000,3545343.60422500,0
1663426800000,19924.58000000,20023.49000000,19879.80000000,19963.90000000,332.95691000,1663430399999,6641930.80406910,4777,171.61179000,3423237.91026960,0
1663430400000,19963.51000000,20187.68000000,19938.38000000,20129.56000000,494.63892000,1663433999999,9939841.09909720,8229,258.45061000,5193974.78256030,0
1663434000000,20132.62000000,20184.14000000,20044.09000000,20081.67000000,340.53882000,1663437599999,6848991.54546340,5274,157.58078000,3169068.22037540,0
1663437600000,20080.04000000,20102.86000000,20025.52000000,20069.25000000,337.58997000,1663441199999,6777260.50174800,4909,162.50657000,3262354.61393510,0
1663441200000,20069.57000000,20076.73000000,19978.99000000,20010.01000000,360.07190000,1663444799999,7206724.74230460,5135,176.14500000,3525301.89550110,0
1663444800000,20010.85000000,20091.05000000,19983.48000000,20080.11000000,271.96989000,1663448399999,5447063.87311290,4193,143.91800000,2882587.89348280,0
1663448400000,20082.98000000,20094.96000000,19942.90000000,20040.00000000,222.55864000,1663451999999,4461970.44326810,3825,79.64315000,1596214.24637060,0
1663452000000,20041.64000000,20142.04000000,20026.51000000,20125.23000000,146.35100000,1663455599999,2941617.91794600,3755,75.30525000,1513606.31639090,0
1663455600000,20127.82000000,20149.99000000,20092.43000000,20113.49000000,146.95235000,1663459199999,2956802.66077840,3358,75.77566000,1524711.53580040,0
1663459200000,20114.54000000,20117.57000000,19956.45000000,19984.35000000,324.21946000,1663462799999,6486875.80803510,5601,149.22539000,2985579.70281960,0
1663462800000,19988.35000000,20057.17000000,19972.26000000,19996.72000000,242.25396000,1663466399999,4848327.34462980,3979,121.98744000,2441519.72031400,0
1663466400000,19996.65000000,20046.81000000,19996.65000000,20034.23000000,101.33668000,1663469999999,2029038.07326340,2190,49.79259000,996971.25519710,0
1663470000000,20032.37000000,20038.54000000,19950.34000000,20002.54000000,225.56514000,1663473599999,4510649.40204200,3588,99.24686000,1984808.52205340,0
1663473600000,20000.18000000,20035.99000000,19954.63000000,20012.61000000,200.04424000,1663477199999,4001736.03058070,3148,99.53451000,1991177.32580120,0
1663477200000,20011.64000000,20084.91000000,19996.91000000,20071.84000000,157.93125000,1663480799999,3165752.74580430,2737,79.10786000,1585771.08110600,0
1663480800000,20073.64000000,20097.84000000,20030.90000000,20040.80000000,154.05669000,1663484399999,3091871.87874350,3103,67.18076000,1348226.82542840,0
1663484400000,20041.20000000,20089.28000000,20034.99000000,20051.81000000,196.92580000,1663487999999,3951160.97466230,3454,93.62149000,1878349.45418860,0
1663488000000,20054.29000000,20101.51000000,20024.26000000,20053.04000000,245.77926000,1663491599999,4930792.50687000,3818,128.33865000,2574774.03318240,0
1663491600000,20053.22000000,20078.27000000,19811.84000000,19834.51000000,365.03879000,1663495199999,7284157.45367510,6231,167.69174000,3345777.93242070,0
1663495200000,19832.85000000,20059.14000000,19768.70000000,19916.36000000,439.51248000,1663498799999,8752941.17433560,7335,194.21370000,3868949.83598930,0
1663498800000,19919.64000000,19951.33000000,19882.10000000,19924.04000000,241.68027000,1663502399999,4814375.72872300,4270,124.72859000,2484761.96067940,0
1663502400000,19923.43000000,20030.00000000,19862.39000000,19988.41000000,311.92656000,1663505999999,6217629.98174190,5060,152.93853000,3048433.33416160,0
1663506000000,19992.81000000,20014.34000000,19938.41000000,19963.91000000,195.75765000,1663509599999,3911675.62394780,3745,102.26185000,2043451.12139020,0
1663509600000,19963.53000000,19965.10000000,19723.92000000,19808.05000000,243.58680000,1663513199999,4837592.35935810,5521,114.38726000,2272273.39780480,0
1663513200000,19805.82000000,19876.21000000,19774.99000000,19811.49000000,269.94668000,1663516799999,5353539.75005630,5016,134.57258000,2668860.24726320,0
1663516800000,19814.05000000,19879.52000000,19637.14000000,19748.04000000,576.61605000,1663520399999,11378811.65935980,10151,269.10689000,5310694.24747250,0
1663520400000,19745.44000000,19762.08000000,19609.53000000,19630.72000000,220.53922000,1663523999999,4342106.60246620,5554,101.38009000,1995972.42087070,0
1663524000000,19631.27000000,19719.10000000,19561.28000000,19633.97000000,350.11449000,1663527599999,6881603.25722600,7254,160.40152000,3152761.72138660,0
1663527600000,19636.78000000,19746.04000000,19593.73000000,19727.11000000,344.18140000,1663531199999,6772359.09627810,5916,159.66035000,3141888.05703490,0
1663531200000,19724.90000000,19751.16000000,19671.90000000,19719.76000000,282.43069000,1663534799999,5570478.59452700,5169,129.64205000,2556989.30668970,0
1663534800000,19719.06000000,19722.13000000,19402.19000000,19460.00000000,533.13370000,1663538399999,10408484.63194120,10175,277.60835000,5418451.76143180,0
1663538400000,19455.55000000,19480.32000000,19333.47000000,19448.30000000,614.95115000,1663541999999,11932199.72477440,9279,313.27327000,6078613.66977370,0
1663542000000,19443.88000000,19529.67000000,19376.70000000,19418.47000000,473.98324000,1663545599999,9219478.86581700,6886,242.10547000,4709094.47277970,0
1663545600000,19419.35000000,19515.96000000,19389.36000000,19457.84000000,452.27594000,1663549199999,8797858.19483190,6848,230.98718000,4493080.07909410,0
1663549200000,19461.43000000,19499.35000000,19395.25000000,19446.77000000,352.72365000,1663552799999,6860944.89915720,5141,175.04164000,3404878.44928860,0
1663552800000,19447.85000000,19477.84000000,18672.77000000,18764.45000000,1339.42696000,1663556399999,25319116.21174710,18688,651.82360000,12307005.78144790,0
1663556400000,18767.65000000,18831.89000000,18702.97000000,18776.36000000,636.65338000,1663559999999,11949819.64119350,9461,306.35271000,5750326.04902470,0
1663560000000,18778.66000000,18877.14000000,18768.40000000,18816.82000000,434.63482000,1663563599999,8174753.32370040,5985,196.19971000,3690420.80428140,0
1663563600000,18816.67000000,18831.04000000,18385.55000000,18459.87000000,721.81283000,1663567199999,13490976.77043880,9501,293.76864000,5496064.44697270,0
1663567200000,18469.29000000,18573.70000000,18247.70000000,18477.78000000,1178.12795000,1663570799999,21723802.53939500,14958,501.51755000,9252901.18810780,0
1663570800000,18474.29000000,18508.54000000,18391.11000000,18471.65000000,835.81477000,1663574399999,15420742.41716040,12568,405.81605000,7487768.36265110,0
1663574400000,18471.82000000,18526.16000000,18403.90000000,18418.56000000,587.36316000,1663577999999,10845955.47159200,7682,302.47039000,5585625.46209550,0
1663578000000,18417.29000000,18473.61000000,18370.35000000,18463.65000000,514.45756000,1663581599999,9478347.50772330,7138,252.47455000,4651555.24333720,0
1663581600000,18465.51000000,18786.52000000,18438.79000000,18778.06000000,664.73660000,1663585199999,12363460.24230300,9942,345.34638000,6422695.15119330,0
1663585200000,18780.65000000,18801.21000000,18618.09000000,18684.70000000,459.72809000,1663588799999,8597392.19637020,7508,224.91679000,4206407.66202070,0
1663588800000,18687.16000000,18866.29000000,18675.51000000,18818.95000000,520.47533000,1663592399999,9757927.23668030,7739,263.44683000,4939539.78333130,0
1663592400000,18820.84000000,19183.89000000,18739.61000000,19107.42000000,717.29094000,1663595999999,13593760.06094400,11031,354.96283000,6726881.30754440,0
1663596000000,19110.11000000,19432.66000000,19017.09000000,19305.49000000,918.04410000,1663599599999,17670668.35542640,14192,437.12332000,8414525.60850170,0
1663599600000,19307.75000000,19350.00000000,19054.37000000,19083.34000000,421.24191000,1663603199999,8096780.31905880,7089,211.89222000,4073778.14604270,0
1663603200000,19084.14000000,19231.72000000,19064.36000000,19207.22000000,266.79551000,1663606799999,5114710.34125440,4791,121.74421000,2333509.67662560,0
1663606800000,19207.92000000,19220.03000000,18929.11000000,18965.86000000,289.16356000,1663610399999,5514213.14987570,5233,139.40991000,2659307.54597660,0
1663610400000,18966.55000000,19167.27000000,18881.20000000,19165.47000000,315.19953000,1663613999999,5992020.42194170,5605,163.05456000,3099757.55281080,0
1663614000000,19164.63000000,19556.80000000,19156.11000000,19515.90000000,711.93706000,1663617599999,13808423.83722690,10736,343.28639000,6659760.22599750,0
1663617600000,19514.30000000,19647.70000000,19414.58000000,19520.72000000,391.11778000,1663621199999,7636740.51735930,6588,195.84035000,3823900.92652090,0
1663621200000,19523.39000000,19686.74000000,19480.41000000,19520.00000000,147.58757000,1663624799999,2886884.45881600,3359,74.44129000,1456119.26393560,0
1663624800000,19520.00000000,19681.69000000,19462.15000000,19604.92000000,267.05708000,1663628399999,5223188.93282300,4690,143.34249000,2804008.41483570,0
1663628400000,19600.00000000,19634.82000000,19518.01000000,19539.78000000,283.65860000,1663631999999,5550225.14712360,5018,135.68250000,2654946.12716390,0
1663632000000,19535.37000000,19637.85000000,19437.62000000,19519.73000000,726.34494000,1663635599999,14183374.12724930,9138,356.52509000,6962275.68285050,0
1663635600000,19519.62000000,19524.51000000,19377.90000000,19467.61000000,577.58811000,1663639199999,11235910.50344530,6892,282.14319000,5488548.09544440,0
1663639200000,19468.59000000,19491.35000000,19209.97000000,19470.28000000,689.14789000,1663642799999,13391858.06486400,6252,290.83662000,5656299.69025100,0
1663642800000,19471.07000000,19478.85000000,19176.99000000,19365.72000000,796.47397000,1663646399999,15388272.00866660,9765,407.61604000,7873654.86007610,0
1663646400000,19364.61000000,19369.27000000,19267.78000000,19333.66000000,595.41757000,1663649999999,11500850.18843680,6485,297.08434000,5738154.39984820,0
1663650000000,19333.67000000,19436.20000000,19320.33000000,19373.22000000,296.08794000,1663653599999,5739856.25830860,4761,142.49428000,2762332.42294390,0
1663653600000,19376.65000000,19406.51000000,19312.88000000,19383.92000000,228.26502000,1663657199999,4417993.25442770,4215,121.67245000,2355124.99330770,0
1663657200000,19379.59000000,19588.50000000,19236.20000000,19362.54000000,584.15096000,1663660799999,11351707.31888300,9329,287.17067000,5581276.69465710,0
1663660800000,19359.98000000,19428.13000000,19293.23000000,19308.56000000,393.03345000,1663664399999,7604137.96052890,6546,193.09548000,3735914.76771860,0
1663664400000,19307.33000000,19331.94000000,19154.65000000,19231.82000000,412.61986000,1663667999999,7944450.12814090,7358,204.37885000,3935200.83977980,0
1663668000000,19232.84000000,19319.12000000,19179.15000000,19311.28000000,264.61220000,1663671599999,5092526.16463870,5228,136.54138000,2627805.33910280,0
1663671600000,19308.82000000,19342.15000000,19204.08000000,19221.35000000,377.46137000,1663675199999,7273386.73153010,7138,184.70069000,3559175.88469780,0
1663675200000,19221.70000000,19232.48000000,19056.56000000,19128.28000000,605.51179000,1663678799999,11583030.98702870,10922,311.04634000,5950215.68749140,0
1663678800000,19126.19000000,19138.15000000,18780.19000000,18921.14000000,1027.91262000,1663682399999,19454639.89423180,17885,530.85521000,10047315.14734120,0
1663682400000,18924.61000000,19112.81000000,18873.99000000,19069.83000000,886.90459000,1663685999999,16808278.27577030,13536,414.62605000,7859936.69406630,0
1663686000000,19068.00000000,19268.44000000,18992.50000000,19237.70000000,559.84692000,1663689599999,10701559.55348190,9410,285.03184000,5447962.30943450,0
1663689600000,19240.66000000,19319.37000000,18970.27000000,19102.95000000,820.09533000,1663693199999,15684792.53025410,13387,402.29577000,7694539.71820860,0
1663693200000,19104.26000000,19113.14000000,18715.02000000,18769.25000000,934.89322000,1663696799999,17692460.66949560,13413,446.97238000,8460090.29031240,0
1663696800000,18765.21000000,19015.95000000,18753.15000000,18973.03000000,1051.17750000,1663700399999,19870319.22517470,14628,531.64930000,10049887.13380880,0
1663700400000,18975.82000000,19103.19000000,18951.42000000,18991.72000000,864.20765000,1663703999999,16450685.09280910,11814,432.38464000,8230332.65321590,0
1663704000000,18995.15000000,19078.01000000,18935.99000000,18973.69000000,596.20913000,1663707599999,11330455.94888520,6949,286.27568000,5440479.72681290,0
1663707600000,18973.13000000,19093.27000000,18843.93000000,18885.57000000,415.21275000,1663711199999,7873302.85317650,5566,198.97807000,3773627.89051420,0
1663711200000,18878.69000000,18969.13000000,18831.90000000,18960.92000000,716.25108000,1663714799999,13553614.82431850,8765,379.98752000,7189727.09182130,0
1663714800000,18961.33000000,18972.27000000,18781.14000000,18875.41000000,746.34083000,1663718399999,14089278.95642090,8663,414.19725000,7821301.94949010,0
1663718400000,18875.73000000,18974.25000000,18830.84000000,18933.26000000,520.39337000,1663721999999,9840083.09641980,7809,242.09405000,4578977.06099330,0
1663722000000,18936.17000000,18965.24000000,18874.24000000,18887.21000000,377.61310000,1663725599999,7146738.51249200,5252,182.75003000,3458674.43128870,0
1663725600000,18888.64000000,19062.99000000,18882.21000000,19014.53000000,407.58836000,1663729199999,7745401.71663000,6171,206.52561000,3924618.20263640,0
1663729200000,19013.55000000,19032.01000000,18983.10000000,19023.59000000,191.70101000,1663732799999,3644860.41628180,3311,96.11891000,1827526.69185960,0
1663732800000,19023.61000000,19034.54000000,18963.51000000,19002.54000000,285.82227000,1663736399999,5430107.25494030,4535,134.31503000,2551740.85203450,0
1663736400000,19004.18000000,19129.11000000,18904.01000000,18924.59000000,443.69628000,1663739999999,8442575.30784610,7544,219.86149000,4183721.74797800,0
1663740000000,18922.50000000,18990.71000000,18792.70000000,18878.88000000,626.64707000,1663743599999,11838921.37412260,10787,307.76108000,5814605.18378660,0
1663743600000,18878.74000000,18975.00000000,18799.24000000,18947.79000000,543.71603000,1663747199999,10274996.32108360,7940,278.30308000,5259606.42199510,0
1663747200000,18949.86000000,18952.35000000,18824.64000000,18877.15000000,395.04527000,1663750799999,7460109.25516510,5735,179.76649000,3394522.40008930,0
1663750800000,18871.88000000,19028.40000000,18842.10000000,19002.54000000,371.82210000,1663754399999,7033214.34440550,5819,189.54285000,3585115.54115320,0
1663754400000,18998.89000000,19155.67000000,18944.15000000,19104.54000000,351.66591000,1663757999999,6696097.36968030,5857,169.15726000,3221523.89703710,0
1663758000000,19102.94000000,19205.52000000,19082.30000000,19169.92000000,386.19153000,1663761599999,7390957.47036270,6159,186.41004000,3568006.03556200,0
1663761600000,19169.90000000,19284.71000000,19119.26000000,19248.70000000,463.00138000,1663765199999,8894608.53231750,7191,220.93516000,4244674.82540000,0
1663765200000,19250.47000000,19340.63000000,19225.74000000,19276.38000000,651.79742000,1663768799999,12570431.61982470,9450,306.04172000,5902312.88176270,0
1663768800000,19273.33000000,19477.47000000,19214.20000000,19254.76000000,649.60773000,1663772399999,12567952.29838350,10614,312.73974000,6050985.65713220,0
1663772400000,19256.43000000,19310.72000000,19082.58000000,19191.26000000,510.04356000,1663775999999,9790009.52108830,9403,238.39763000,4576823.18117790,0
1663776000000,19195.74000000,19363.05000000,19173.89000000,19239.17000000,268.97870000,1663779599999,5179920.79685780,5984,132.84501000,2558355.44402940,0
1663779600000,19235.88000000,19901.00000000,19231.49000000,19892.87000000,620.30319000,1663783199999,12047926.59281250,11602,319.80829000,6212224.70329200,0
1663783200000,19892.86000000,19957.70000000,18488.09000000,19643.05000000,2442.69977000,1663786799999,46979727.11511950,44494,1198.03713000,23055295.35480160,0
1663786800000,19643.33000000,19700.00000000,18985.06000000,19011.06000000,1509.25488000,1663790399999,29100745.25237890,27840,745.24565000,14368203.86082610,0
1663790400000,19004.76000000,19072.08000000,18845.73000000,18929.33000000,413.01910000,1663793999999,7826762.74286990,9065,206.60647000,3915650.88835910,0
1663794000000,18924.99000000,18924.99000000,18340.00000000,18471.59000000,556.32305000,1663797599999,10343928.91995980,12385,293.53440000,5454999.51758160,0
1663797600000,18471.43000000,18505.04000000,18130.00000000,18491.85000000,995.04298000,1663801199999,18254266.68272990,13803,491.78549000,9025161.65267070,0
1663801200000,18491.17000000,18585.03000000,18423.00000000,18462.23000000,364.38930000,1663804799999,6742813.36585330,7370,171.48674000,3173324.05292560,0
1663804800000,18460.01000000,18549.63000000,18359.22000000,18395.17000000,810.69490000,1663808399999,14954006.30914170,11370,414.78955000,7650847.54682360,0
1663808400000,18391.40000000,18525.45000000,18360.00000000,18520.08000000,658.40899000,1663811999999,12141385.15293140,9002,334.22903000,6163636.46944190,0
1663812000000,18514.62000000,18769.71000000,18481.37000000,18742.55000000,754.11428000,1663815599999,14012165.44066250,11109,387.26166000,7195418.85115180,0
1663815600000,18742.56000000,18786.52000000,18640.14000000,18691.71000000,711.20249000,1663819199999,13305777.85454050,11156,356.77446000,6675337.50910680,0
1663819200000,18692.18000000,18806.90000000,18662.39000000,18706.35000000,686.06707000,1663822799999,12842135.00520350,9643,360.56917000,6749091.33228710,0
1663822800000,18704.61000000,18733.83000000,18620.00000000,18671.61000000,677.72400000,1663826399999,12661611.01152140,8729,373.78995000,6984214.11335580,0
1663826400000,18669.39000000,18876.94000000,18662.24000000,18770.73000000,825.73780000,1663829999999,15492842.95808510,11917,420.17950000,7883799.64010320,0
1663830000000,18767.49000000,18969.56000000,18730.20000000,18932.04000000,661.34859000,1663833599999,12466496.24805890,9560,344.67056000,6498086.24584580,0
1663833600000,18935.32000000,19282.00000000,18907.58000000,19212.51000000,819.80185000,1663837199999,15643570.58892690,12760,411.92203000,7860934.60956690,0
1663837200000,19204.94000000,19235.48000000,19094.53000000,19185.07000000,593.61973000,1663840799999,11376128.55592230,8382,298.16238000,5713969.94230690,0
1663840800000,19181.88000000,19241.50000000,19078.77000000,19153.01000000,392.01936000,1663844399999,7510650.77088880,6281,190.20267000,3644302.01854080,0
1663844400000,19152.37000000,19271.73000000,19030.18000000,19230.06000000,559.61762000,1663847999999,10711518.38752780,8275,277.01386000,5302748.02288990,0
1663848000000,19232.13000000,19313.46000000,19106.40000000,19202.90000000,642.81198000,1663851599999,12359152.60819960,8967,312.74838000,6013383.37432530,0
1663851600000,19201.46000000,19219.53000000,18878.50000000,18878.50000000,685.36171000,1663855199999,13074500.31871940,11911,338.85420000,6464745.20873400,0
1663855200000,18898.83000000,19073.69000000,18852.61000000,18881.95000000,509.47971000,1663858799999,9665559.71186320,8966,250.86637000,4759111.18650610,0
1663858800000,18878.77000000,19026.40000000,18798.84000000,18993.34000000,444.70793000,1663862399999,8411139.55011200,7225,234.41869000,4435256.72636890,0
1663862400000,18986.42000000,19092.81000000,18782.38000000,19040.96000000,407.67662000,1663865999999,7728192.04913140,7510,205.24943000,3891637.33615650,0
1663866000000,19036.98000000,19118.42000000,18943.71000000,19072.64000000,324.05833000,1663869599999,6169166.37881730,5743,163.50442000,3112691.05968650,0
1663869600000,19066.03000000,19218.84000000,18967.30000000,19190.96000000,374.80594000,1663873199999,7153590.32226370,6071,196.06354000,3742936.79038880,0
1663873200000,19193.15000000,19492.83000000,19191.61000000,19307.25000000,570.73504000,1663876799999,11030101.06433510,8972,330.47131000,6387210.53774490,0
1663876800000,19305.12000000,19357.87000000,19239.62000000,19248.11000000,256.90548000,1663880399999,4957266.17212690,4289,129.05181000,2490056.62668150,0
1663880400000,19249.08000000,19288.03000000,19156.69000000,19174.01000000,96.10723000,1663883999999,1847996.15497920,2103,43.83987000,842878.77119860,0
1663884000000,19176.72000000,19435.05000000,19174.17000000,19395.90000000,272.45458000,1663887599999,5269502.71760730,4328,137.93783000,2667558.64386390,0
1663887600000,19396.75000000,19539.66000000,19359.17000000,19401.41000000,313.49874000,1663891199999,6091076.58796600,5337,145.81349000,2833444.09894800,0
1663891200000,19400.51000000,19466.59000000,19303.68000000,19307.05000000,304.55055000,1663894799999,5898373.31738660,4987,153.99980000,2982454.15098550,0
1663894800000,19308.26000000,19379.68000000,19224.48000000,19355.07000000,362.78921000,1663898399999,7007355.64538430,5011,185.37817000,3580831.63510330,0
1663898400000,19356.03000000,19360.58000000,19232.35000000,19295.21000000,338.15756000,1663901999999,6525509.82397590,4556,169.14208000,3263771.62181260,0
1663902000000,19294.33000000,19448.38000000,19281.56000000,19390.47000000,535.71600000,1663905599999,10387627.23920100,6762,243.04664000,4712692.20112760,0
1663905600000,19394.02000000,19500.00000000,19313.58000000,19411.15000000,420.30287000,1663909199999,8160425.29889030,6058,215.17106000,4177950.27188190,0
1663909200000,19411.82000000,19464.06000000,19356.75000000,19356.75000000,356.88911000,1663912799999,6925134.33692770,4966,178.71113000,3467815.06670270,0
1663912800000,19357.30000000,19418.42000000,19315.43000000,19331.25000000,318.10427000,1663916399999,6158105.14599450,4515,165.33134000,3200755.91737670,0
1663916400000,19330.81000000,19334.71000000,19200.78000000,19223.08000000,432.26638000,1663919999999,8328577.83041240,6548,230.38875000,4438537.85150710,0
1663920000000,19224.51000000,19271.53000000,19026.00000000,19069.43000000,446.76678000,1663923599999,8554127.41179380,6936,203.70723000,3900478.21025430,0
1663923600000,19069.72000000,19145.55000000,18962.27000000,19083.76000000,409.62519000,1663927199999,7806208.96345460,6585,210.80214000,4017292.27792010,0
1663927200000,19084.75000000,19119.84000000,18914.60000000,18966.90000000,411.91172000,1663930799999,7852068.46900260,6070,203.56751000,3881158.75043780,0
1663930800000,18962.45000000,18994.21000000,18834.53000000,18861.05000000,398.21396000,1663934399999,7529627.23092430,6929,193.53725000,3659598.89076450,0
1663934400000,18863.00000000,18962.25000000,18825.30000000,18895.48000000,366.07243000,1663937999999,6916620.19761970,5897,185.71995000,3509240.19233360,0
1663938000000,18894.11000000,19074.94000000,18623.58000000,18639.54000000,660.74819000,1663941599999,12494703.78542700,10879,338.58424000,6402607.26651340,0
1663941600000,18637.62000000,18749.31000000,18532.79000000,18677.18000000,502.28794000,1663945199999,9360968.09132510,8597,262.32170000,4888650.16151150,0
1663945200000,18676.23000000,18857.64000000,18587.18000000,18718.13000000,352.83065000,1663948799999,6605691.07056590,6786,169.84240000,3180380.38613980,0
1663948800000,18712.01000000,18786.72000000,18574.26000000,18765.46000000,352.28635000,1663952399999,6578847.66776260,6249,172.57935000,3223126.69890390,0
1663952400000,18768.72000000,18854.59000000,18631.54000000,18771.71000000,353.53469000,1663955999999,6629435.29414670,6181,184.64637000,3462544.82643120,0
1663956000000,18772.73000000,18830.16000000,18620.00000000,18634.83000000,421.43035000,1663959599999,7885520.62266710,7182,199.93733000,3742043.39250250,0
1663959600000,18632.91000000,18827.93000000,18625.23000000,18807.98000000,373.13061000,1663963199999,6987022.27512900,6455,187.31638000,3508392.51993130,0
1663963200000,18814.82000000,18954.66000000,18810.92000000,18850.44000000,251.74166000,1663966799999,4753269.64588980,3666,107.86845000,2037747.54852600,0
1663966800000,18854.79000000,19043.69000000,18801.78000000,19011.00000000,179.19360000,1663970399999,3386200.17311720,2811,116.84390000,2207338.01755540,0
1663970400000,19015.46000000,19340.94000000,18996.31000000,19330.80000000,949.29235000,1663973999999,18203267.14647950,7079,283.05016000,5428074.54443250,0
1663974000000,19330.80000000,19405.16000000,19233.99000000,19284.55000000,237.23789000,1663977599999,4589701.47595440,2912,118.84864000,2299422.45147200,0
1663977600000,19290.04000000,19311.79000000,19071.35000000,19145.77000000,690.09871000,1663981199999,13229652.76694290,7549,269.73149000,5172109.99200340,0
1663981200000,19148.74000000,19221.25000000,19074.40000000,19117.73000000,375.53287000,1663984799999,7192208.66506620,5315,184.47133000,3533111.69231870,0
1663984800000,19120.30000000,19194.99000000,19075.73000000,19127.29000000,510.18776000,1663988399999,9764079.30785490,6446,253.65035000,4854106.37750340,0
1663988400000,19128.98000000,19148.71000000,19029.31000000,19122.61000000,378.06655000,1663991999999,7220398.29263090,5076,190.80540000,3644118.12134250,0
1663992000000,19122.81000000,19186.03000000,19084.75000000,19163.68000000,316.77503000,1663995599999,6060305.55183810,4092,156.58983000,2995816.14066470,0
1663995600000,19165.95000000,19173.45000000,19095.68000000,19136.41000000,327.71478000,1663999199999,6270338.63311040,4491,160.97412000,3080138.27198370,0
1663999200000,19138.29000000,19162.43000000,19056.54000000,19078.08000000,349.02646000,1664002799999,6666320.82435460,4371,178.25227000,3404521.67528570,0
1664002800000,19078.62000000,19084.94000000,18927.49000000,18996.31000000,513.92524000,1664006399999,9765952.19025460,6413,251.92169000,4786799.24544080,0
1664006400000,18997.77000000,19085.47000000,18940.64000000,19082.04000000,544.34647000,1664009999999,10344905.24488740,6593,274.39032000,5214944.86729690,0
1664010000000,19082.95000000,19117.55000000,18965.27000000,19026.27000000,358.33311000,1664013599999,6824146.76998590,5003,168.63288000,3211475.32386040,0
1664013600000,19025.15000000,19070.08000000,18977.85000000,19038.01000000,335.82486000,1664017199999,6389809.03998860,4747,171.00967000,3253902.72646670,0
1664017200000,19038.82000000,19095.56000000,19002.88000000,19051.86000000,347.00638000,1664020799999,6612365.68737400,4666,168.31131000,3207320.63653210,0
1664020800000,19053.47000000,19200.60000000,19051.93000000,19154.55000000,500.34105000,1664024399999,9567212.50067590,6303,250.49598000,4790155.47713950,0
1664024400000,19156.56000000,19225.01000000,19109.03000000,19118.42000000,451.06227000,1664027999999,8638277.64927290,6029,213.79883000,4093891.20367750,0
1664028000000,19120.52000000,19138.87000000,19011.26000000,19086.73000000,446.88164000,1664031599999,8534734.20435520,5649,212.48813000,4058309.45148210,0
1664031600000,19087.64000000,19126.33000000,19013.10000000,19121.10000000,450.54653000,1664035199999,8589622.35611480,5951,223.20639000,4255785.56252740,0
1664035200000,19127.42000000,19194.99000000,19082.83000000,19094.65000000,418.96511000,1664038799999,8010773.71735440,5633,199.43545000,3813387.44027880,0
1664038800000,19096.29000000,19175.32000000,19057.66000000,19086.86000000,268.04667000,1664042399999,5122410.71896930,4299,119.91083000,2292003.79096760,0
1664042400000,19090.08000000,19140.00000000,19051.60000000,19129.16000000,179.70532000,1664045999999,3430549.94425880,2979,85.33724000,1629098.44761970,0
1664046000000,19131.28000000,19137.72000000,19087.58000000,19103.97000000,235.24006000,1664049599999,4494825.19867590,3364,109.99932000,2101704.11664440,0
1664049600000,19102.72000000,19152.26000000,19077.01000000,19143.16000000,209.91272000,1664053199999,4010940.38785190,3070,108.95758000,2081926.39130180,0
1664053200000,19141.69000000,19151.07000000,18800.00000000,18949.72000000,339.34513000,1664056799999,6446297.34206430,4930,154.03188000,2926268.03178520,0
1664056800000,18952.92000000,18952.92000000,18807.73000000,18885.87000000,560.16190000,1664060399999,10585981.86494830,7714,290.52610000,5490481.18897950,0
1664060400000,18887.26000000,18954.88000000,18858.65000000,18923.19000000,476.22206000,1664063999999,9007307.22923320,6507,237.66537000,4495220.04701250,0
1664064000000,18922.45000000,18992.00000000,18915.59000000,18960.66000000,303.19012000,1664067599999,5746706.46736750,5055,148.80095000,2820408.79490120,0
1664067600000,18963.43000000,18995.58000000,18917.98000000,18977.69000000,332.77164000,1664071199999,6309418.51047460,4393,164.16729000,3112612.83895000,0
1664071200000,18978.84000000,18984.04000000,18918.98000000,18947.79000000,259.16538000,1664074799999,4911992.48921290,3772,127.04735000,2408006.19549070,0
1664074800000,18949.39000000,19061.86000000,18932.44000000,19053.09000000,418.90117000,1664078399999,7965329.85200830,5407,209.50052000,3983077.18774890,0
1664078400000,19055.89000000,19071.33000000,18997.30000000,19009.42000000,179.28259000,1664081999999,3411438.07144040,2907,85.61164000,1629170.60798230,0
1664082000000,19010.70000000,19038.55000000,18941.86000000,18994.31000000,289.43567000,1664085599999,5495796.69978000,4023,150.99252000,2866928.90472820,0
1664085600000,18994.11000000,19070.25000000,18984.02000000,19026.39000000,226.52077000,1664089199999,4309034.98062380,3731,109.73411000,2087465.01103340,0
1664089200000,19026.39000000,19135.70000000,19009.54000000,19099.33000000,441.23789000,1664092799999,8418460.71358770,5723,224.89668000,4290541.76619140,0
1664092800000,19100.43000000,19123.92000000,19071.15000000,19084.33000000,289.80122000,1664096399999,5533780.39305390,4276,138.71858000,2648847.49248970,0
1664096400000,19085.00000000,19094.98000000,19028.73000000,19042.64000000,197.02657000,1664099999999,3755537.18041700,3021,95.94887000,1829000.98169840,0
1664100000000,19041.57000000,19104.92000000,18985.42000000,19071.18000000,225.31282000,1664103599999,4293371.12504450,3603,109.36416000,2084013.21872670,0
1664103600000,19072.89000000,19271.53000000,19070.06000000,19126.06000000,712.44493000,1664107199999,13625925.42657480,7791,416.41784000,7970484.97051900,0
1664107200000,19120.05000000,19145.31000000,19050.66000000,19089.74000000,212.21165000,1664110799999,4053833.53834060,3403,105.52607000,2015851.84815980,0
1664110800000,19089.76000000,19091.31000000,18871.05000000,18935.34000000,526.99513000,1664114399999,9998056.54686420,7373,236.71396000,4491123.52256640,0
1664114400000,18936.47000000,18958.96000000,18844.98000000,18917.88000000,374.33141000,1664117999999,7077983.02137670,5401,186.98093000,3535594.47715010,0
1664118000000,18920.14000000,19012.01000000,18912.57000000,18989.24000000,276.62856000,1664121599999,5248447.48235710,3870,142.10797000,2696185.22298580,0
1664121600000,18993.09000000,19127.69000000,18951.04000000,18974.23000000,422.55868000,1664125199999,8046838.35279880,6265,204.46249000,3893748.81210300,0
1664125200000,18972.82000000,19032.80000000,18872.33000000,19005.75000000,412.46013000,1664128799999,7811062.31454620,6847,206.44972000,3909496.73201110,0
1664128800000,19006.57000000,19015.24000000,18868.00000000,18939.05000000,400.35343000,1664132399999,7585780.86292110,6062,188.68790000,3575635.51491890,0
1664132400000,18934.52000000,18996.67000000,18868.15000000,18916.51000000,370.11492000,1664135999999,7008616.96801170,6077,179.82058000,3405446.48114460,0
1664136000000,18915.49000000,18958.22000000,18886.78000000,18903.83000000,292.87306000,1664139599999,5541338.27066890,4582,150.65830000,2850601.46800760,0
1664139600000,18905.98000000,18946.31000000,18700.00000000,18745.77000000,252.53625000,1664143199999,4765055.12120240,3667,129.80973000,2449594.16494830,0
1664143200000,18740.75000000,18905.34000000,18630.22000000,18787.45000000,538.23700000,1664146799999,10116041.24738660,7082,264.05109000,4964060.90372620,0
1664146800000,18789.29000000,18846.11000000,18732.74000000,18809.10000000,342.62321000,1664150399999,6437613.74986810,4716,171.88231000,3229273.35192260,0
1664150400000,18807.93000000,18956.70000000,18748.61000000,18772.71000000,461.07487000,1664153999999,8687101.60933680,6605,226.26188000,4263242.30629330,0
1664154000000,18772.14000000,18916.25000000,18720.78000000,18880.51000000,589.74400000,1664157599999,11099757.72192260,7406,299.29006000,5632780.38160330,0
1664157600000,18882.14000000,18944.08000000,18840.06000000,18851.44000000,347.10961000,1664161199999,6555982.10105980,5126,178.61418000,3373692.90744900,0
1664161200000,18856.07000000,18948.04000000,18832.48000000,18873.55000000,199.91602000,1664164799999,3773929.96057450,2781,95.51901000,1803114.82391500,0
1664164800000,18873.83000000,18919.00000000,18800.00000000,18810.68000000,172.94675000,1664168399999,3264109.44645950,2868,78.77844000,1486940.10040200,0
1664168400000,18811.22000000,18826.61000000,18740.00000000,18773.58000000,236.85814000,1664171999999,4450145.34442490,3477,110.99527000,2085571.45184140,0
1664172000000,18771.28000000,18832.03000000,18692.15000000,18701.37000000,306.63236000,1664175599999,5743976.77296560,3978,156.89538000,2939262.29417770,0
1664175600000,18703.18000000,18942.23000000,18681.05000000,18911.80000000,407.40046000,1664179199999,7684406.02488550,6626,217.37872000,4100025.36866850,0
1664179200000,18912.30000000,19298.76000000,18900.29000000,19275.37000000,432.91971000,1664182799999,8280620.71077180,5041,226.38863000,4330124.09216630,0
1664182800000,19277.31000000,19323.14000000,19065.40000000,19084.16000000,448.30444000,1664186399999,8604755.60343890,5136,227.86037000,4372835.23897310,0
1664186400000,19089.31000000,19185.27000000,19034.18000000,19094.43000000,220.50735000,1664189999999,4214688.52322010,3551,110.34249000,2109168.52084590,0
1664190000000,19095.04000000,19119.22000000,18804.93000000,18875.94000000,340.33553000,1664193599999,6440793.03288820,4830,161.28576000,3052850.56050740,0
1664193600000,18880.37000000,19143.74000000,18819.54000000,19092.40000000,302.96794000,1664197199999,5746563.57154390,5158,164.29737000,3117170.03886370,0
1664197200000,19098.45000000,19240.44000000,19028.73000000,19189.99000000,402.18871000,1664200799999,7694650.79446190,5809,201.99304000,3865117.92127300,0
1664200800000,19197.42000000,19283.81000000,19110.29000000,19137.58000000,444.79359000,1664204399999,8534290.01775870,5136,216.66583000,4157807.11635300,0
1664204400000,19137.75000000,19143.54000000,18980.74000000,19109.30000000,468.16226000,1664207999999,8928917.08220690,5578,244.32079000,4660249.20734180,0
1664208000000,19112.10000000,19120.00000000,18969.53000000,19088.70000000,286.32687000,1664211599999,5457159.37450850,3581,126.87611000,2418374.29604580,0
1664211600000,19087.75000000,19156.32000000,18981.11000000,19116.64000000,269.94004000,1664215199999,5147105.82995810,2990,131.65283000,2510903.30496390,0
1664215200000,19114.73000000,19219.20000000,19069.06000000,19177.62000000,268.04113000,1664218799999,5133196.01908340,2669,148.42364000,2842588.27760760,0
1664218800000,19175.83000000,19280.91000000,19119.85000000,19205.07000000,348.00322000,1664222399999,6678106.36098000,3809,170.23216000,3267026.88176270,0
1664222400000,19200.90000000,19209.93000000,19101.66000000,19113.58000000,211.92597000,1664225999999,4058348.88319620,2125,103.85876000,1988996.49060390,0
1664226000000,19116.10000000,19146.62000000,19075.31000000,19101.77000000,87.02133000,1664229599999,1663605.60176950,975,44.77478000,856022.22766530,0
1664229600000,19103.28000000,19211.68000000,19073.23000000,19138.07000000,207.64627000,1664233199999,3972870.34916170,1837,108.15926000,2069655.47512960,0
1664233200000,19142.26000000,19245.00000000,19117.28000000,19228.30000000,207.50480000,1664236799999,3986583.31984320,1253,151.66631000,2914508.72189210,0
1664236800000,19226.94000000,19373.33000000,19186.93000000,19346.30000000,237.85520000,1664240399999,4587645.98278240,2737,115.27608000,2223865.33382010,0
1664240400000,19347.77000000,19887.67000000,19330.03000000,19767.75000000,714.51207000,1664243999999,14054460.22825960,7657,379.72394000,7466297.85291390,0
1664244000000,19765.88000000,20075.00000000,19673.98000000,20062.32000000,412.40336000,1664247599999,8175919.67659910,4406,224.71594000,4457949.68322200,0
1664247600000,20049.12000000,20301.00000000,19951.36000000,20104.27000000,680.14600000,1664251199999,13687669.65423970,8583,342.03006000,6884849.15233770,0
1664251200000,20100.11000000,20149.20000000,19984.07000000,20047.41000000,249.99676000,1664254799999,5015975.12648790,3292,132.16398000,2652131.94238960,0
1664254800000,20050.98000000,20230.89000000,19963.31000000,20200.00000000,290.70042000,1664258399999,5840533.05512660,3721,149.07901000,2996574.61743140,0
1664258400000,20206.95000000,20407.18000000,20136.36000000,20200.50000000,440.06006000,1664261999999,8912025.22741020,4929,246.57380000,4996516.85294460,0
1664262000000,20199.78000000,20291.40000000,20170.27000000,20187.96000000,218.45097000,1664265599999,4418621.93000700,3061,96.56584000,1953473.19706910,0
1664265600000,20189.19000000,20230.00000000,20105.24000000,20139.28000000,169.11306000,1664269199999,3412489.24461970,2066,88.30734000,1782190.74776450,0
1664269200000,20148.93000000,20216.23000000,20093.12000000,20180.00000000,222.01268000,1664272799999,4473149.11209100,2241,120.43835000,2426399.83907670,0
1664272800000,20185.97000000,20278.58000000,20177.87000000,20221.55000000,234.60415000,1664276399999,4746305.62993990,2428,115.53432000,2337282.83312320,0
1664276400000,20220.64000000,20337.74000000,20176.06000000,20224.89000000,256.33654000,1664279999999,5188476.13916390,3261,123.53451000,2500537.97281640,0
1664280000000,20228.74000000,20385.00000000,20207.91000000,20275.95000000,241.51793000,1664283599999,4903068.56168070,3329,115.23567000,2339883.30854100,0
1664283600000,20274.91000000,20350.00000000,20098.96000000,20192.78000000,351.08031000,1664287199999,7087659.13678240,5144,175.73687000,3547862.27103710,0
1664287200000,20198.99000000,20245.25000000,20083.85000000,20210.00000000,282.80368000,1664290799999,5705554.01121200,4125,128.16253000,2585732.61776390,0
1664290800000,20210.06000000,20255.30000000,19863.22000000,19888.71000000,182.38108000,1664294399999,3660358.52734940,3132,70.42118000,1412779.06733370,0
1664294400000,19895.58000000,19948.52000000,18935.12000000,19113.68000000,1245.10150000,1664297999999,24272623.43464610,13721,687.09284000,13418513.37523390,0
1664298000000,19112.54000000,19116.43000000,18869.22000000,18964.78000000,463.60813000,1664301599999,8790325.89276260,5023,251.10326000,4761137.67662620,0
1664301600000,18961.56000000,19168.88000000,18817.79000000,19147.53000000,358.16125000,1664305199999,6801362.07971420,4094,187.48828000,3560745.06462370,0
1664305200000,19148.48000000,19177.38000000,18964.86000000,19081.12000000,239.71302000,1664308799999,4574180.26028860,3030,118.00776000,2251744.40902780,0
1664308800000,19081.13000000,19104.74000000,18954.83000000,19079.18000000,212.87165000,1664312399999,4050489.92234090,2014,102.81219000,1956408.76283160,0
1664312400000,19076.68000000,19079.10000000,18934.11000000,18994.64000000,108.93555000,1664315999999,2070623.54951150,1282,55.28788000,1050758.31192490,0
1664316000000,19003.91000000,19103.30000000,18928.37000000,19072.99000000,188.84609000,1664319599999,3593956.57972170,1841,98.44486000,1874142.33112950,0
1664319600000,19082.21000000,19166.25000000,19066.10000000,19076.71000000,105.19762000,1664323199999,2010598.19086210,1414,48.69183000,930746.19740480,0
1664323200000,19081.07000000,19238.35000000,19069.64000000,19097.28000000,152.84865000,1664326799999,2926872.52003240,1854,73.52691000,1407948.98574190,0
1664326800000,19097.98000000,19149.38000000,18936.04000000,18997.70000000,196.23463000,1664330399999,3730583.70833470,2485,94.58163000,1798349.47860140,0
1664330400000,19005.64000000,19025.40000000,18463.86000000,18640.09000000,540.70169000,1664333999999,10105776.55193240,6852,252.42906000,4718694.30627800,0
1664334000000,18638.79000000,18777.99000000,18626.51000000,18743.98000000,413.60472000,1664337599999,7739858.04100840,4100,205.20053000,3840443.42018120,0
1664337600000,18745.28000000,18825.08000000,18711.08000000,18763.86000000,490.69004000,1664341199999,9204237.05956250,3750,239.70409000,4496385.20392650,0
1664341200000,18762.11000000,18830.84000000,18659.94000000,18822.68000000,455.50190000,1664344799999,8543298.69086440,3639,232.74654000,4365402.22548800,0
1664344800000,18824.23000000,18879.67000000,18687.41000000,18695.72000000,548.52690000,1664348399999,10301816.74968030,4260,280.18870000,5262016.54790560,0
1664348400000,18698.22000000,18808.69000000,18619.98000000,18781.43000000,645.26193000,1664351999999,12086761.40624890,4912,331.68478000,6213693.52735700,0
1664352000000,18783.72000000,18806.88000000,18696.59000000,18738.53000000,506.33298000,1664355599999,9487413.98674190,4086,263.32766000,4934258.39231350,0
1664355600000,18740.97000000,18743.53000000,18561.54000000,18647.80000000,428.77702000,1664359199999,7995994.23350000,3725,205.97228000,3841338.14431540,0
1664359200000,18646.11000000,19148.90000000,18575.21000000,19007.68000000,677.74297000,1664362799999,12779665.10628140,7012,351.13964000,6623211.02349570,0
1664362800000,19005.51000000,19037.36000000,18860.54000000,18950.00000000,386.03526000,1664366399999,7301134.45998590,3870,195.20865000,3692169.08226490,0
1664366400000,18953.59000000,19139.55000000,18942.16000000,19070.80000000,435.93760000,1664369999999,8303826.49143960,4199,226.52071000,4314787.48894060,0
1664370000000,19070.47000000,19200.92000000,19014.89000000,19128.20000000,389.93439000,1664373599999,7452441.39880610,4617,200.52915000,3832554.34428660,0
1664373600000,19124.32000000,19475.02000000,19043.70000000,19383.75000000,465.63446000,1664377199999,8970279.94808680,5739,239.82547000,4619617.57599290,0
1664377200000,19382.51000000,19509.40000000,19352.80000000,19487.39000000,354.94770000,1664380799999,6897836.37561790,4094,184.45864000,3584805.37564510,0
1664380800000,19492.35000000,19660.00000000,19470.00000000,19507.32000000,446.77169000,1664384399999,8737116.19441630,5036,237.79661000,4650359.34248520,0
1664384400000,19509.03000000,19607.67000000,19260.88000000,19345.63000000,359.06017000,1664387999999,6999358.11772830,4020,183.73927000,3581289.91646910,0
1664388000000,19347.48000000,19630.03000000,19282.02000000,19554.76000000,281.41333000,1664391599999,5478357.16693080,3142,143.25082000,2788444.11818820,0
1664391600000,19558.41000000,19656.88000000,19461.36000000,19544.57000000,299.80031000,1664395199999,5859365.92560050,2996,147.94929000,2891779.94706030,0
1664395200000,19549.03000000,19648.30000000,19493.66000000,19564.70000000,269.19889000,1664398799999,5263468.39690950,2680,145.02904000,2835801.91939800,0
1664398800000,19569.99000000,19769.12000000,19521.96000000,19614.70000000,161.25223000,1664402399999,3158530.82747860,1904,80.11195000,1569318.25604070,0
1664402400000,19619.99000000,19663.99000000,19415.85000000,19484.62000000,88.07430000,1664405999999,1720552.12528860,1565,44.01204000,860131.44255550,0
1664406000000,19486.22000000,19584.30000000,19387.76000000,19415.11000000,82.86465000,1664409599999,1615209.85998110,1311,44.98531000,877083.03942820,0
1664409600000,19418.54000000,19525.38000000,19365.79000000,19435.33000000,100.66843000,1664413199999,1959430.93501930,1501,39.51613000,769026.44905190,0
1664413200000,19432.24000000,19600.00000000,19421.43000000,19494.78000000,72.31239000,1664416799999,1410905.07550790,1268,38.18931000,745277.02235480,0
1664416800000,19496.71000000,19527.13000000,19288.00000000,19440.48000000,62.05393000,1664420399999,1205048.56194710,1277,32.91919000,639435.27125620,0
