1544843400000,3200.00000000,3312.32000000,3000.00000000,3312.32000000,1.88523300,1544843699999,5683.87479066,12,1.04839900,3146.37319712,0
1544843700000,3283.09000000,3283.09000000,3283.09000000,3283.09000000,0.00041000,1544843999999,1.34606690,1,0.00041000,1.34606690,0
1544844000000,3223.49000000,3223.49000000,3218.34000000,3218.34000000,0.08231200,1544844299999,265.19150443,4,0.05504900,177.44990101,0
1544844300000,3218.34000000,3218.34000000,3218.34000000,3218.34000000,0.00000000,1544844599999,0.00000000,0,0.00000000,0.00000000,0
1544844600000,3222.02000000,3222.02000000,3222.02000000,3222.02000000,0.00041000,1544844899999,1.32102820,1,0.00041000,1.32102820,0
1544844900000,3206.20000000,3221.70000000,3206.19000000,3206.19000000,0.04435800,1544845199999,142.22653922,5,0.04435800,142.22653922,0
1544845200000,3206.19000000,3223.49000000,3206.19000000,3223.49000000,0.16781300,1544845499999,539.34388287,5,0.16781300,539.34388287,0
1544845500000,3223.49000000,3223.49000000,3223.49000000,3223.49000000,0.00000000,1544845799999,0.00000000,0,0.00000000,0.00000000,0
1544845800000,3221.73000000,3221.73000000,3220.12000000,3220.13000000,0.00451000,1544846099999,14.52800150,11,0.00451000,14.52800150,0
1544846100000,3205.60000000,3225.97000000,3205.60000000,3225.97000000,0.18896000,1544846399999,605.83610000,6,0.01110600,35.70731760,0
1544846400000,3225.97000000,3225.97000000,3205.58000000,3205.60000000,0.85285800,1544846699999,2736.70215615,4,0.13685700,441.49657629,0
1544846700000,3225.96000000,3225.97000000,3225.96000000,3225.97000000,0.01410400,1544846999999,45.49902270,2,0.01410400,45.49902270,0
1544847000000,3205.63000000,3205.63000000,3205.63000000,3205.63000000,0.06127900,1544847299999,196.43780077,2,0.00000000,0.00000000,0
1544847300000,3205.63000000,3205.63000000,3205.63000000,3205.63000000,0.00000000,1544847599999,0.00000000,0,0.00000000,0.00000000,0
1544847600000,3223.91000000,3223.92000000,3223.91000000,3223.92000000,0.00082000,1544847899999,2.64361030,2,0.00082000,2.64361030,0
1544847900000,3225.97000000,3225.97000000,3206.12000000,3210.02000000,1.36730500,1544848199999,4397.44459160,8,1.16609600,3752.25374092,0
1544848200000,3225.97000000,3225.97000000,3210.02000000,3210.02000000,0.02016100,1544848499999,64.91588642,2,0.01245600,40.18268232,0
1544848500000,3210.02000000,3210.02000000,3210.02000000,3210.02000000,0.00000000,1544848799999,0.00000000,0,0.00000000,0.00000000,0
1544848800000,3210.02000000,3210.02000000,3210.02000000,3210.02000000,0.00000000,1544849099999,0.00000000,0,0.00000000,0.00000000,0
1544849100000,3210.02000000,3228.10000000,3210.02000000,3228.10000000,0.07557200,1544849399999,243.27591448,5,0.07557200,243.27591448,0
1544849400000,3228.10000000,3228.10000000,3228.10000000,3228.10000000,0.00000000,1544849699999,0.00000000,0,0.00000000,0.00000000,0
1544849700000,3206.11000000,3228.10000000,3206.11000000,3228.10000000,0.01841900,1544849999999,59.18767700,2,0.00610900,19.72046290,0
1544850000000,3228.10000000,3228.10000000,3206.11000000,3228.10000000,0.03997800,1544850299999,128.86784799,3,0.03155900,101.87560790,0
1544850300000,3228.10000000,3228.10000000,3228.10000000,3228.10000000,0.30076400,1544850599999,970.89626840,1,0.30076400,970.89626840,0
1544850600000,3225.85000000,3225.85000000,3225.85000000,3225.85000000,0.00041000,1544850899999,1.32259850,1,0.00041000,1.32259850,0
1544850900000,3205.77000000,3205.77000000,3205.77000000,3205.77000000,0.07251600,1544851199999,232.46961732,1,0.00000000,0.00000000,0
1544851200000,3220.08000000,3228.10000000,3204.06000000,3225.28000000,2.83519700,1544851499999,9113.81511263,9,2.32957300,7493.70071983,0
1544851500000,3222.87000000,3222.87000000,3222.87000000,3222.87000000,0.00041000,1544851799999,1.32137670,1,0.00041000,1.32137670,0
1544851800000,3222.62000000,3222.62000000,3222.62000000,3222.62000000,0.00041000,1544852099999,1.32127420,1,0.00041000,1.32127420,0
1544852100000,3222.86000000,3222.86000000,3222.86000000,3222.86000000,0.00041000,1544852399999,1.32137260,1,0.00041000,1.32137260,0
1544852400000,3222.84000000,3222.84000000,3222.84000000,3222.84000000,0.00041000,1544852699999,1.32136440,1,0.00041000,1.32136440,0
1544852700000,3204.29000000,3204.29000000,3204.06000000,3204.06000000,0.26315300,1544852999999,843.21212041,3,0.00000000,0.00000000,0
1544853000000,3222.87000000,3222.87000000,3222.87000000,3222.87000000,0.00041000,1544853299999,1.32137670,1,0.00041000,1.32137670,0
1544853300000,3222.87000000,3222.87000000,3222.87000000,3222.87000000,0.00000000,1544853599999,0.00000000,0,0.00000000,0.00000000,0
1544853600000,3222.87000000,3222.87000000,3222.87000000,3222.87000000,0.00000000,1544853899999,0.00000000,0,0.00000000,0.00000000,0
1544853900000,3225.68000000,3225.68000000,3222.87000000,3222.87000000,0.02026800,1544854199999,65.32228126,2,0.00041000,1.32252880,0
1544854200000,3225.80000000,3225.80000000,3225.80000000,3225.80000000,0.00041000,1544854499999,1.32257800,1,0.00041000,1.32257800,0
1544854500000,3204.06000000,3204.06000000,3204.06000000,3204.06000000,0.02684300,1544854799999,86.00658258,1,0.00000000,0.00000000,0
1544854800000,3225.66000000,3225.68000000,3204.06000000,3204.06000000,0.04771600,1544855099999,152.90264716,3,0.00082000,2.64504940,0
1544855100000,3204.06000000,3204.06000000,3204.06000000,3204.06000000,0.00000000,1544855399999,0.00000000,0,0.00000000,0.00000000,0
1544855400000,3225.66000000,3225.69000000,3225.66000000,3225.69000000,0.00123000,1544855699999,3.96758640,3,0.00123000,3.96758640,0
1544855700000,3225.68000000,3225.68000000,3204.07000000,3225.64000000,0.20227400,1544855999999,650.26692636,4,0.10041000,323.88652880,0
1544856000000,3223.48000000,3223.48000000,3223.48000000,3223.48000000,0.00041000,1544856299999,1.32162680,1,0.00041000,1.32162680,0
1544856300000,3204.10000000,3204.10000000,3199.87000000,3199.87000000,1.01571500,1544856599999,3250.23130975,4,0.00041000,1.31327920,0
1544856600000,3223.06000000,3223.06000000,3223.06000000,3223.06000000,0.00041000,1544856899999,1.32145460,1,0.00041000,1.32145460,0
1544856900000,3225.17000000,3225.17000000,3199.87000000,3199.87000000,0.90513500,1544857199999,2896.42352590,4,0.00444300,14.32621586,0
1544857200000,3199.88000000,3217.81000000,3199.87000000,3217.81000000,0.13336700,1544857499999,426.76504562,3,0.00041000,1.31930210,0
1544857500000,3219.29000000,3219.29000000,3213.90000000,3213.90000000,0.10041000,1544857799999,323.24669900,2,0.10041000,323.24669900,0
1544857800000,3213.21000000,3214.24000000,3199.87000000,3199.87000000,11.93328300,1544858099999,38184.96563431,4,0.00082000,2.63525450,0
1544858100000,3199.87000000,3219.88000000,3199.87000000,3219.88000000,31.60357000,1544858399999,101138.24439337,10,0.54656500,1759.86580402,0
1544858400000,3217.07000000,3217.07000000,3192.77000000,3192.77000000,0.04526000,1544858699999,144.51473320,2,0.00041000,1.31899870,0
1544858700000,3209.65000000,3220.15000000,3192.77000000,3220.15000000,1.11957200,1544858999999,3602.66637975,6,1.04497500,3364.49531606,0
1544859000000,3216.47000000,3216.47000000,3214.08000000,3214.08000000,0.00082000,1544859299999,2.63652550,2,0.00082000,2.63652550,0
1544859300000,3211.28000000,3211.76000000,3211.28000000,3211.76000000,0.00082000,1544859599999,2.63344640,2,0.00082000,2.63344640,0
1544859600000,3209.65000000,3213.70000000,3191.44000000,3213.70000000,0.88922900,1544859899999,2838.25718395,5,0.01489400,47.86239600,0
1544859900000,3206.47000000,3206.47000000,3206.47000000,3206.47000000,0.00041000,1544860199999,1.31465270,1,0.00041000,1.31465270,0
1544860200000,3208.35000000,3208.35000000,3194.00000000,3194.00000000,0.02743500,1544860499999,87.63327350,2,0.00041000,1.31542350,0
1544860500000,3194.00000000,3205.42000000,3194.00000000,3205.42000000,0.31067000,1544860799999,992.28466220,2,0.00041000,1.31422220,0
1544860800000,3194.00000000,3206.68000000,3194.00000000,3206.68000000,0.37100900,1544861099999,1185.80488608,3,0.06330100,202.98553408,0
1544861100000,3196.00000000,3208.86000000,3192.05000000,3208.86000000,0.54531400,1544861399999,1740.72575020,8,0.47334400,1510.95811680,0
1544861400000,3207.17000000,3207.17000000,3207.17000000,3207.17000000,0.00041000,1544861699999,1.31493970,1,0.00041000,1.31493970,0
1544861700000,3207.17000000,3207.19000000,3192.08000000,3207.19000000,0.05082000,1544861999999,162.23388760,3,0.00082000,2.62988760,0
1544862000000,3207.17000000,3207.17000000,3207.17000000,3207.17000000,0.00041000,1544862299999,1.31493970,1,0.00041000,1.31493970,0
1544862300000,3207.18000000,3207.18000000,3207.17000000,3207.17000000,0.00123000,1544862599999,3.94482320,3,0.00123000,3.94482320,0
1544862600000,3207.17000000,3207.19000000,3207.17000000,3207.19000000,0.00082000,1544862899999,2.62988760,2,0.00082000,2.62988760,0
1544862900000,3207.19000000,3207.19000000,3199.21000000,3199.21000000,1.63459800,1544863199999,5230.71622400,6,1.63459800,5230.71622400,0
1544863200000,3200.00000000,3200.00000000,3199.20000000,3199.20000000,0.36785700,1544863499999,1177.14108800,8,0.36785700,1177.14108800,0
1544863500000,3199.20000000,3199.20000000,3198.48000000,3198.48000000,0.14710400,1544863799999,470.61482160,3,0.14710400,470.61482160,0
1544863800000,3191.96000000,3199.20000000,3191.96000000,3198.48000000,0.35327000,1544864099999,1130.11053047,8,0.34992500,1119.43342427,0
1544864100000,3198.48000000,3198.48000000,3198.48000000,3198.48000000,0.00041000,1544864399999,1.31137680,1,0.00041000,1.31137680,0
1544864400000,3191.94000000,3194.93000000,3191.94000000,3194.20000000,0.56330000,1544864699999,1798.48294679,11,0.33332800,1064.29177128,0
1544864700000,3194.83000000,3199.20000000,3194.83000000,3199.20000000,0.34520600,1544864999999,1104.36092297,5,0.34520600,1104.36092297,0
1544865000000,3198.47000000,3198.47000000,3198.47000000,3198.47000000,0.00082000,1544865299999,2.62274540,2,0.00082000,2.62274540,0
1544865300000,3198.36000000,3198.43000000,3191.50000000,3191.50000000,0.34119500,1544865599999,1088.93230900,5,0.00123000,3.93401150,0
1544865600000,3174.06000000,3186.21000000,3171.61000000,3171.61000000,0.30082000,1544865899999,954.82470620,3,0.00082000,2.60670620,0
1544865900000,3188.69000000,3188.82000000,3188.20000000,3188.20000000,0.00164000,1544866199999,5.22912770,4,0.00164000,5.22912770,0
1544866200000,3183.88000000,3183.88000000,3146.03000000,3179.90000000,0.15479100,1544866499999,487.02193043,4,0.00123000,3.91441760,0
1544866500000,3145.85000000,3176.39000000,3145.83000000,3173.28000000,0.02839500,1544866799999,89.35000039,5,0.00082000,2.60336470,0
1544866800000,3173.11000000,3173.17000000,3170.17000000,3173.17000000,0.00123000,1544867099999,3.90174450,3,0.00123000,3.90174450,0
1544867100000,3173.11000000,3173.11000000,3147.22000000,3173.00000000,0.03959700,1544867399999,124.65224534,4,0.00123000,3.90285560,0
1544867400000,3173.02000000,3174.00000000,3172.80000000,3173.03000000,0.00826900,1544867699999,26.24372730,6,0.00205000,6.50462130,0
1544867700000,3172.94000000,3172.94000000,3145.83000000,3166.29000000,4.91414700,1544867999999,15462.75891540,32,0.80169600,2525.50307900,0
1544868000000,3162.75000000,3162.77000000,3160.75000000,3160.75000000,0.00984000,1544868299999,31.11409640,24,0.00984000,31.11409640,0
1544868300000,3160.74000000,3160.74000000,3142.56000000,3142.56000000,11.92133600,1544868599999,37464.53862284,65,11.52242400,36210.93372812,0
1544868600000,3142.56000000,3142.56000000,3140.74000000,3142.56000000,21.81010800,1544868899999,68539.57225028,38,21.81010800,68539.57225028,0
1544868900000,3167.56000000,3167.56000000,3167.42000000,3167.42000000,0.00082000,1544869199999,2.59734180,2,0.00082000,2.59734180,0
1544869200000,3163.03000000,3163.03000000,3163.03000000,3163.03000000,0.00041000,1544869499999,1.29684230,1,0.00041000,1.29684230,0
1544869500000,3163.03000000,3163.03000000,3163.03000000,3163.03000000,0.15822300,1544869799999,500.46409569,2,0.15822300,500.46409569,0
1544869800000,3159.53000000,3159.53000000,3159.53000000,3159.53000000,0.00041000,1544870099999,1.29540730,1,0.00041000,1.29540730,0
1544870100000,3159.53000000,3159.53000000,3159.53000000,3159.53000000,0.00000000,1544870399999,0.00000000,0,0.00000000,0.00000000,0
1544870400000,3159.53000000,3159.53000000,3159.53000000,3159.53000000,0.00000000,1544870699999,0.00000000,0,0.00000000,0.00000000,0
1544870700000,3159.53000000,3159.53000000,3159.53000000,3159.53000000,0.00000000,1544870999999,0.00000000,0,0.00000000,0.00000000,0
1544871000000,3124.32000000,3159.53000000,3124.31000000,3124.31000000,0.44101100,1544871299999,1380.97679075,7,0.34101100,1068.54579075,0
1544871300000,3124.31000000,3124.31000000,3124.31000000,3124.31000000,0.09990000,1544871599999,312.11856900,1,0.00000000,0.00000000,0
1544871600000,3124.31000000,3124.31000000,3124.31000000,3124.31000000,0.14051800,1544871899999,439.02179258,2,0.00000000,0.00000000,0
1544871900000,3159.53000000,3159.53000000,3159.53000000,3159.53000000,0.03634000,1544872199999,114.81732020,3,0.03634000,114.81732020,0
1544872200000,3159.53000000,3186.00000000,3159.53000000,3186.00000000,0.77099100,1544872499999,2443.44355415,21,0.77099100,2443.44355415,0
1544872500000,3186.00000000,3186.00000000,3186.00000000,3186.00000000,0.00000000,1544872799999,0.00000000,0,0.00000000,0.00000000,0
1544872800000,3124.31000000,3124.31000000,3124.31000000,3124.31000000,0.09392000,1544873099999,293.43519520,2,0.00000000,0.00000000,0
1544873100000,3124.31000000,3124.31000000,3124.31000000,3124.31000000,0.00000000,1544873399999,0.00000000,0,0.00000000,0.00000000,0
1544873400000,3124.31000000,3124.31000000,3124.31000000,3124.31000000,0.00000000,1544873699999,0.00000000,0,0.00000000,0.00000000,0
1544873700000,3133.70000000,3133.70000000,3133.70000000,3133.70000000,0.03335200,1544873999999,104.51516240,2,0.03335200,104.51516240,0
1544874000000,3133.70000000,3133.70000000,3133.70000000,3133.70000000,0.00000000,1544874299999,0.00000000,0,0.00000000,0.00000000,0
1544874300000,3133.70000000,3133.70000000,3133.70000000,3133.70000000,0.00000000,1544874599999,0.00000000,0,0.00000000,0.00000000,0
1544874600000,3133.70000000,3133.70000000,3133.70000000,3133.70000000,0.00000000,1544874899999,0.00000000,0,0.00000000,0.00000000,0
1544874900000,3133.70000000,3133.70000000,3133.70000000,3133.70000000,0.00000000,1544875199999,0.00000000,0,0.00000000,0.00000000,0
1544875200000,3133.70000000,3133.70000000,3133.70000000,3133.70000000,0.00000000,1544875499999,0.00000000,0,0.00000000,0.00000000,0
1544875500000,3125.10000000,3125.10000000,3125.10000000,3125.10000000,0.10000000,1544875799999,312.51000000,2,0.10000000,312.51000000,0
1544875800000,3125.10000000,3180.00000000,3125.10000000,3180.00000000,0.19713000,1544876099999,616.23929283,4,0.19713000,616.23929283,0
1544876100000,3180.00000000,3180.00000000,3180.00000000,3180.00000000,0.00000000,1544876399999,0.00000000,0,0.00000000,0.00000000,0
1544876400000,3180.00000000,3180.00000000,3180.00000000,3180.00000000,0.00000000,1544876699999,0.00000000,0,0.00000000,0.00000000,0
1544876700000,3180.00000000,3180.00000000,3180.00000000,3180.00000000,0.00000000,1544876999999,0.00000000,0,0.00000000,0.00000000,0
1544877000000,3180.00000000,3180.00000000,3180.00000000,3180.00000000,0.00000000,1544877299999,0.00000000,0,0.00000000,0.00000000,0
1544877300000,3180.00000000,3180.00000000,3180.00000000,3180.00000000,0.00000000,1544877599999,0.00000000,0,0.00000000,0.00000000,0
1544877600000,3131.92000000,3179.99000000,3131.92000000,3179.99000000,1.66988200,1544877899999,5245.10939210,6,1.61091100,5060.41693778,0
1544877900000,3142.57000000,3142.57000000,3142.57000000,3142.57000000,0.00679800,1544878199999,21.36319086,1,0.00000000,0.00000000,0
1544878200000,3179.99000000,3179.99000000,3124.31000000,3124.31000000,1.53044000,1544878499999,4855.45906036,7,0.82576200,2625.91490238,0
1544878500000,3124.31000000,3124.31000000,3124.31000000,3124.31000000,0.00000000,1544878799999,0.00000000,0,0.00000000,0.00000000,0
1544878800000,3140.01000000,3179.99000000,3140.01000000,3179.99000000,0.04285800,1544879099999,134.78536312,3,0.00527300,16.76808727,0
1544879100000,3179.99000000,3179.99000000,3179.99000000,3179.99000000,0.00000000,1544879399999,0.00000000,0,0.00000000,0.00000000,0
1544879400000,3179.99000000,3179.99000000,3179.99000000,3179.99000000,0.00000000,1544879699999,0.00000000,0,0.00000000,0.00000000,0
1544879700000,3136.00000000,3136.00000000,3124.30000000,3124.30000000,24.00000000,1544879999999,74983.68561662,6,0.00000000,0.00000000,0
1544880000000,3124.30000000,3124.30000000,3124.30000000,3124.30000000,0.00000000,1544880299999,0.00000000,0,0.00000000,0.00000000,0
1544880300000,3138.79000000,3138.80000000,3138.79000000,3138.79000000,1.04623500,1544880599999,3283.91418928,4,0.00000000,0.00000000,0
1544880600000,3139.62000000,3170.00000000,3139.62000000,3150.00000000,17.97959400,1544880899999,56634.95025782,11,0.00952300,30.18791000,0
1544880900000,3135.54000000,3174.98000000,3135.54000000,3174.98000000,0.55528700,1544881199999,1753.22278130,5,0.30000000,952.28095062,0
1544881200000,3174.98000000,3174.98000000,3174.98000000,3174.98000000,0.00000000,1544881499999,0.00000000,0,0.00000000,0.00000000,0
1544881500000,3174.99000000,3174.99000000,3135.13000000,3135.13000000,0.35740300,1544881799999,1123.12343023,2,0.06569400,208.57779306,0
1544881800000,3135.13000000,3135.13000000,3135.13000000,3135.13000000,0.00000000,1544882099999,0.00000000,0,0.00000000,0.00000000,0
1544882100000,3137.96000000,3164.83000000,3137.96000000,3164.83000000,0.02872700,1544882399999,90.15519362,2,0.00041000,1.29758030,0
1544882400000,3156.99000000,3158.81000000,3156.99000000,3158.81000000,0.02850800,1544882699999,90.05060928,2,0.02850800,90.05060928,0
1544882700000,3171.16000000,3171.16000000,3171.16000000,3171.16000000,0.00041000,1544882999999,1.30017560,1,0.00041000,1.30017560,0
1544883000000,3168.60000000,3168.60000000,3168.47000000,3168.47000000,0.00082000,1544883299999,2.59819870,2,0.00082000,2.59819870,0
1544883300000,3170.75000000,3170.75000000,3170.73000000,3170.73000000,0.00082000,1544883599999,2.60000680,2,0.00082000,2.60000680,0
1544883600000,3171.64000000,3171.64000000,3168.49000000,3168.49000000,0.00082000,1544883899999,2.59945330,2,0.00082000,2.59945330,0
1544883900000,3162.82000000,3162.82000000,3138.15000000,3147.91000000,0.69201000,1544884199999,2172.82616020,3,0.00041000,1.29675620,0
1544884200000,3165.15000000,3165.15000000,3157.11000000,3161.49000000,27.31130200,1544884499999,86229.36161628,6,27.24862800,86031.29924148,0
1544884500000,3159.21000000,3159.21000000,3155.73000000,3155.73000000,0.00082000,1544884799999,2.58912540,2,0.00082000,2.58912540,0
1544884800000,3157.28000000,3157.28000000,3155.99000000,3155.99000000,0.00082000,1544885099999,2.58844070,2,0.00082000,2.58844070,0
1544885100000,3156.67000000,3156.67000000,3156.67000000,3156.67000000,0.00041000,1544885399999,1.29423470,1,0.00041000,1.29423470,0
1544885400000,3156.19000000,3156.48000000,3156.19000000,3156.48000000,0.00082000,1544885699999,2.58819470,2,0.00082000,2.58819470,0
1544885700000,3147.82000000,3154.32000000,3147.82000000,3150.92000000,2.85160900,1544885999999,8979.26913658,4,0.00000000,0.00000000,0
1544886000000,3154.07000000,3154.07000000,3148.11000000,3148.11000000,0.03095500,1544886299999,97.45218865,2,0.00041000,1.29316870,0
1544886300000,3155.35000000,3156.47000000,3155.35000000,3156.47000000,0.01058400,1544886599999,33.40761928,2,0.01058400,33.40761928,0
1544886600000,3155.19000000,3155.19000000,3138.15000000,3138.15000000,1.46754600,1544886899999,4608.21785543,3,0.00041000,1.29362790,0
1544886900000,3156.48000000,3161.41000000,3156.45000000,3156.45000000,0.01257500,1544887199999,39.73032006,9,0.01257500,39.73032006,0
1544887200000,3154.76000000,3154.76000000,3152.33000000,3152.33000000,0.00082000,1544887499999,2.58590690,2,0.00082000,2.58590690,0
1544887500000,3142.52000000,3147.81000000,3135.69000000,3147.81000000,0.11073100,1544887799999,347.28814760,5,0.00400100,12.57984482,0
1544887800000,3147.50000000,3148.54000000,3147.50000000,3148.54000000,0.00082000,1544888099999,2.58137640,2,0.00082000,2.58137640,0
1544888100000,3140.87000000,3140.87000000,3140.87000000,3140.87000000,0.00500000,1544888399999,15.70435000,1,0.00000000,0.00000000,0
1544888400000,3140.87000000,3140.87000000,3138.46000000,3138.46000000,0.14357900,1544888699999,450.83497799,5,0.13749500,431.73888383,0
1544888700000,3136.44000000,3137.00000000,3136.44000000,3137.00000000,0.39382000,1544888999999,1235.40960088,4,0.39382000,1235.40960088,0
1544889000000,3136.99000000,3136.99000000,3136.97000000,3136.99000000,1.77818400,1544889299999,5578.14523490,4,1.77818400,5578.14523490,0
1544889300000,3130.99000000,3138.74000000,3130.99000000,3138.72000000,1.35563700,1544889599999,4246.54126343,11,0.29129400,914.02376936,0
1544889600000,3138.74000000,3148.54000000,3138.74000000,3148.54000000,0.01000500,1544889899999,31.50109370,2,0.01000500,31.50109370,0
1544889900000,3150.00000000,3160.85000000,3150.00000000,3160.85000000,1.06346000,1544890199999,3350.57312990,7,1.00235000,3157.41358640,0
1544890200000,3159.03000000,3159.27000000,3159.03000000,3159.27000000,0.00082000,1544890499999,2.59050300,2,0.00082000,2.59050300,0
1544890500000,3157.08000000,3157.40000000,3157.08000000,3157.40000000,0.00082000,1544890799999,2.58893680,2,0.00082000,2.58893680,0
1544890800000,3155.67000000,3155.67000000,3145.15000000,3153.99000000,0.55121700,1544891099999,1733.66808515,4,0.00082000,2.58696060,0
1544891100000,3142.01000000,3151.55000000,3138.41000000,3138.41000000,0.33228700,1544891399999,1042.89739547,3,0.00041000,1.29213550,0
1544891400000,3150.72000000,3150.72000000,3150.72000000,3150.72000000,0.00041000,1544891699999,1.29179520,1,0.00041000,1.29179520,0
1544891700000,3151.02000000,3151.02000000,3144.10000000,3148.45000000,0.21876500,1544891999999,688.41466512,9,0.00123000,3.87396290,0
1544892000000,3158.55000000,3158.55000000,3147.29000000,3157.86000000,0.00123000,1544892299999,3.88011700,3,0.00123000,3.88011700,0
1544892300000,3158.40000000,3158.75000000,3141.13000000,3158.15000000,0.17266900,1544892599999,542.41064647,9,0.00205000,6.47418700,0
1544892600000,3157.27000000,3158.83000000,3154.66000000,3154.94000000,0.07593400,1544892899999,239.57067026,5,0.00164000,5.17755790,0
1544892900000,3153.55000000,3154.41000000,3152.35000000,3152.35000000,0.70545900,1544893199999,2223.85501525,3,0.00082000,2.58626360,0
1544893200000,3154.41000000,3161.00000000,3154.41000000,3161.00000000,1.22357300,1544893499999,3862.62037320,6,0.49568300,1563.76905960,0
1544893500000,3159.23000000,3159.23000000,3150.00000000,3150.00000000,0.00416900,1544893799999,13.13613430,2,0.00416900,13.13613430,0
1544893800000,3149.61000000,3157.33000000,3149.61000000,3157.33000000,0.00360100,1544894099999,11.34491081,2,0.00041000,1.29450530,0
1544894100000,3157.33000000,3157.33000000,3157.33000000,3157.33000000,0.10981400,1544894399999,346.71903662,2,0.00000000,0.00000000,0
1544894400000,3144.71000000,3159.06000000,3144.71000000,3159.06000000,0.01108300,1544894699999,34.85870443,2,0.00041000,1.29521460,0
1544894700000,3147.40000000,3147.40000000,3147.40000000,3147.40000000,0.37729800,1544894999999,1187.50772520,4,0.00000000,0.00000000,0
1544895000000,3159.61000000,3159.61000000,3159.61000000,3159.61000000,0.00041000,1544895299999,1.29544010,1,0.00041000,1.29544010,0
1544895300000,3158.72000000,3158.72000000,3142.18000000,3157.90000000,0.01040700,1544895599999,32.73759333,5,0.00082000,2.58981420,0
1544895600000,3145.93000000,3151.32000000,3145.93000000,3151.32000000,0.03998600,1544895899999,125.99137423,2,0.00000000,0.00000000,0
1544895900000,3145.39000000,3158.38000000,3145.39000000,3145.39000000,0.44265000,1544896199999,1392.31220940,5,0.00041000,1.29493580,0
1544896200000,3145.39000000,3145.39000000,3145.26000000,3145.39000000,0.04421300,1544896499999,139.06707477,3,0.00875200,27.52839998,0
1544896500000,3145.39000000,3145.39000000,3145.39000000,3145.39000000,0.00000000,1544896799999,0.00000000,0,0.00000000,0.00000000,0
1544896800000,3154.32000000,3154.32000000,3154.32000000,3154.32000000,0.00041000,1544897099999,1.29327120,1,0.00041000,1.29327120,0
1544897100000,3155.99000000,3155.99000000,3155.99000000,3155.99000000,0.00041000,1544897399999,1.29395590,1,0.00041000,1.29395590,0
1544897400000,3155.99000000,3155.99000000,3155.99000000,3155.99000000,0.00000000,1544897699999,0.00000000,0,0.00000000,0.00000000,0
1544897700000,3147.75000000,3147.75000000,3147.75000000,3147.75000000,0.00914700,1544897999999,28.79246925,1,0.00000000,0.00000000,0
1544898000000,3157.06000000,3160.00000000,3157.06000000,3160.00000000,0.01729200,1544898299999,54.63196234,4,0.01729200,54.63196234,0
1544898300000,3149.00000000,3149.00000000,3149.00000000,3149.00000000,0.00042500,1544898599999,1.33832500,1,0.00042500,1.33832500,0
1544898600000,3149.00000000,3151.75000000,3149.00000000,3151.75000000,0.00837600,1544898899999,26.38499450,2,0.00511400,16.10398600,0
1544898900000,3147.53000000,3147.53000000,3143.70000000,3143.70000000,3.29476200,1544899199999,10357.81492423,3,0.00000000,0.00000000,0
1544899200000,3141.55000000,3141.55000000,3141.55000000,3141.55000000,0.00945000,1544899499999,29.68764750,1,0.00000000,0.00000000,0
1544899500000,3141.77000000,3157.59000000,3141.77000000,3157.59000000,0.96033900,1544899799999,3017.17074623,2,0.00041000,1.29461190,0
1544899800000,3157.59000000,3157.59000000,3157.59000000,3157.59000000,0.00000000,1544900099999,0.00000000,0,0.00000000,0.00000000,0
1544900100000,3149.29000000,3149.29000000,3149.29000000,3149.29000000,0.41509700,1544900399999,1307.26083113,1,0.00000000,0.00000000,0
1544900400000,3149.29000000,3149.29000000,3149.29000000,3149.29000000,0.00000000,1544900699999,0.00000000,0,0.00000000,0.00000000,0
1544900700000,3149.29000000,3149.29000000,3149.29000000,3149.29000000,0.71159900,1544900999999,2241.03161471,16,0.71159900,2241.03161471,0
1544901000000,3159.96000000,3159.96000000,3152.35000000,3152.35000000,0.26767800,1544901299999,844.00739806,4,0.18403200,580.32592996,0
1544901300000,3159.96000000,3161.00000000,3152.70000000,3161.00000000,2.35400600,1544901599999,7435.73533433,14,1.23732700,3909.93668084,0
1544901600000,3162.06000000,3169.57000000,3158.53000000,3158.53000000,1.63213700,1544901899999,5161.12442936,16,1.10749700,3499.47962456,0
1544901900000,3158.53000000,3169.56000000,3157.08000000,3169.56000000,4.73366800,1544902199999,14951.61067718,33,4.72953000,14938.54668014,0
1544902200000,3162.64000000,3167.56000000,3162.64000000,3167.56000000,0.59105000,1544902499999,1869.28038920,6,0.00041000,1.29869960,0
1544902500000,3167.56000000,3167.56000000,3167.56000000,3167.56000000,0.00000000,1544902799999,0.00000000,0,0.00000000,0.00000000,0
1544902800000,3160.54000000,3162.34000000,3157.96000000,3157.96000000,5.86283900,1544903099999,18538.58571014,15,0.00000000,0.00000000,0
1544903100000,3161.35000000,3163.22000000,3161.35000000,3161.42000000,1.21934100,1544903399999,3856.12822422,6,0.00000000,0.00000000,0
1544903400000,3161.42000000,3172.78000000,3161.42000000,3172.78000000,3.94955100,1544903699999,12519.78432947,7,3.45300700,10944.54739699,0
1544903700000,3171.40000000,3171.40000000,3171.40000000,3171.40000000,0.22475800,1544903999999,712.79752120,2,0.00000000,0.00000000,0
1544904000000,3172.78000000,3172.78000000,3172.78000000,3172.78000000,0.00411000,1544904299999,13.04012580,1,0.00411000,13.04012580,0
1544904300000,3168.85000000,3168.85000000,3168.85000000,3168.85000000,0.48000000,1544904599999,1521.04800000,2,0.00000000,0.00000000,0
1544904600000,3165.71000000,3168.31000000,3165.71000000,3168.31000000,0.86125700,1544904899999,2728.10516567,3,0.00000000,0.00000000,0
1544904900000,3168.31000000,3168.31000000,3168.31000000,3168.31000000,0.00000000,1544905199999,0.00000000,0,0.00000000,0.00000000,0
1544905200000,3172.82000000,3172.82000000,3168.31000000,3172.78000000,0.01597000,1544905499999,50.60159250,3,0.01597000,50.60159250,0
1544905500000,3156.71000000,3172.77000000,3156.71000000,3172.77000000,0.04109400,1544905799999,129.72842534,2,0.00041000,1.30083570,0
1544905800000,3156.63000000,3156.63000000,3156.63000000,3156.63000000,0.02150100,1544906099999,67.87070163,1,0.00000000,0.00000000,0
1544906100000,3156.63000000,3156.63000000,3156.63000000,3156.63000000,0.00000000,1544906399999,0.00000000,0,0.00000000,0.00000000,0
1544906400000,3174.60000000,3196.06000000,3174.60000000,3196.06000000,0.56058800,1544906699999,1782.69107433,11,0.56058800,1782.69107433,0
1544906700000,3197.44000000,3197.44000000,3188.80000000,3188.80000000,0.94741200,1544906999999,3021.13454112,7,0.00314300,10.04955392,0
1544907000000,3188.80000000,3190.65000000,3183.64000000,3190.65000000,0.15036500,1544907299999,479.03032222,7,0.06109500,194.58082037,0
1544907300000,3190.65000000,3196.80000000,3188.00000000,3188.00000000,1.25865600,1544907599999,4014.63468577,14,0.26701500,853.14942962,0
1544907600000,3188.00000000,3188.00000000,3188.00000000,3188.00000000,0.04351400,1544907899999,138.72263200,1,0.00000000,0.00000000,0
1544907900000,3157.68000000,3187.99000000,3157.68000000,3187.99000000,1.34974700,1544908199999,4268.84094407,15,1.16437600,3683.44162235,0
1544908200000,3162.06000000,3187.99000000,3158.65000000,3187.99000000,0.82638900,1544908499999,2631.81543479,6,0.82321100,2621.76640811,0
1544908500000,3187.99000000,3189.79000000,3187.23000000,3189.79000000,0.66657200,1544908799999,2125.01029720,5,0.00315100,10.05102829,0
1544908800000,3188.25000000,3192.33000000,3188.25000000,3192.33000000,0.01880200,1544909099999,59.98958130,2,0.01081000,34.50908730,0
1544909100000,3192.34000000,3194.87000000,3192.34000000,3194.83000000,0.79100000,1544909399999,2527.12868880,3,0.79100000,2527.12868880,0
1544909400000,3162.06000000,3185.00000000,3159.21000000,3181.00000000,0.73436600,1544909699999,2335.80710988,12,0.50084700,1593.44473400,0
1544909700000,3189.79000000,3189.99000000,3189.79000000,3189.99000000,0.40344000,1544909999999,1286.96893540,2,0.40344000,1286.96893540,0
1544910000000,3184.00000000,3190.00000000,3184.00000000,3189.79000000,1.33894900,1544910299999,4266.73133629,8,0.50399700,1607.74976829,0
1544910300000,3189.00000000,3190.07000000,3188.37000000,3190.07000000,2.63674600,1544910599999,8408.09592591,10,0.00000000,0.00000000,0
1544910600000,3192.14000000,3205.13000000,3192.14000000,3205.13000000,1.80242800,1544910899999,5759.37016627,15,1.60164700,5118.44910493,0
1544910900000,3203.59000000,3203.59000000,3202.13000000,3202.13000000,0.66846700,1544911199999,2141.48953913,4,0.00000000,0.00000000,0
1544911200000,3207.70000000,3212.72000000,3207.17000000,3212.00000000,1.19355000,1544911499999,3833.94453116,9,0.53584300,1721.49779530,0
1544911500000,3203.33000000,3203.33000000,3201.94000000,3202.97000000,0.49048100,1544911799999,1570.94702804,6,0.00790600,25.32552698,0
1544911800000,3203.51000000,3203.51000000,3203.51000000,3203.51000000,0.07181300,1544912099999,230.05366363,2,0.07181300,230.05366363,0
1544912100000,3203.51000000,3203.51000000,3203.51000000,3203.51000000,0.00000000,1544912399999,0.00000000,0,0.00000000,0.00000000,0
1544912400000,3203.51000000,3203.51000000,3203.51000000,3203.51000000,0.00000000,1544912699999,0.00000000,0,0.00000000,0.00000000,0
1544912700000,3202.64000000,3206.47000000,3202.64000000,3206.47000000,0.25051100,1544912999999,802.83577857,2,0.25051100,802.83577857,0
1544913000000,3197.00000000,3207.78000000,3195.38000000,3195.38000000,1.45237800,1544913299999,4653.37616407,10,0.39122700,1254.01007375,0
1544913300000,3198.58000000,3198.58000000,3198.58000000,3198.58000000,0.94400000,1544913599999,3019.45952000,6,0.94400000,3019.45952000,0
1544913600000,3200.01000000,3200.01000000,3200.01000000,3200.01000000,0.43191800,1544913899999,1382.14191918,2,0.43191800,1382.14191918,0
1544913900000,3194.65000000,3198.27000000,3194.65000000,3198.00000000,0.31624900,1544914199999,1010.65341894,3,0.09724900,311.02506894,0
1544914200000,3192.03000000,3198.00000000,3192.03000000,3198.00000000,3.77387900,1544914499999,12068.80554498,4,3.76391300,12036.99377400,0
1544914500000,3198.00000000,3198.00000000,3194.89000000,3197.10000000,18.25841300,1544914799999,58374.02288474,6,18.19122800,58159.17503880,0
1544914800000,3189.79000000,3189.79000000,3189.79000000,3189.79000000,0.00315100,1544915099999,10.05102829,1,0.00000000,0.00000000,0
1544915100000,3184.71000000,3184.71000000,3178.80000000,3178.80000000,0.04026600,1544915399999,128.04822561,5,0.00000000,0.00000000,0
1544915400000,3183.12000000,3185.77000000,3183.12000000,3185.77000000,2.46616500,1544915699999,7850.68213480,3,0.23839500,759.42289240,0
1544915700000,3183.60000000,3188.31000000,3183.60000000,3188.31000000,16.12888500,1544915999999,51348.29075843,10,16.08330500,51202.96758863,0
1544916000000,3182.38000000,3182.38000000,3182.38000000,3182.38000000,0.33000000,1544916299999,1050.18540000,1,0.33000000,1050.18540000,0
1544916300000,3182.38000000,3183.61000000,3182.38000000,3182.38000000,0.22465200,1544916599999,715.03364817,6,0.22465200,715.03364817,0
1544916600000,3179.65000000,3179.65000000,3177.12000000,3177.24000000,0.05665700,1544916899999,180.13016091,4,0.00467500,14.85359700,0
1544916900000,3177.24000000,3177.24000000,3177.24000000,3177.24000000,0.00000000,1544917199999,0.00000000,0,0.00000000,0.00000000,0
1544917200000,3179.81000000,3183.40000000,3179.81000000,3183.40000000,0.96000000,1544917499999,3054.34080000,4,0.00000000,0.00000000,0
1544917500000,3183.40000000,3191.66000000,3181.27000000,3184.29000000,2.28604900,1544917799999,7280.27887842,14,0.75164900,2396.14420896,0
1544917800000,3184.84000000,3184.84000000,3184.84000000,3184.84000000,0.01113500,1544918099999,35.46319340,1,0.00000000,0.00000000,0
1544918100000,3183.47000000,3183.47000000,3183.47000000,3183.47000000,0.15225500,1544918399999,484.69922485,3,0.15225500,484.69922485,0
1544918400000,3183.47000000,3184.75000000,3180.63000000,3180.63000000,0.86480900,1544918699999,2751.75138503,7,0.28656000,912.55526816,0
1544918700000,3180.63000000,3184.79000000,3180.63000000,3183.88000000,0.79110200,1544918999999,2517.62976888,6,0.05338700,170.02638373,0
1544919000000,3183.88000000,3183.88000000,3183.88000000,3183.88000000,0.00000000,1544919299999,0.00000000,0,0.00000000,0.00000000,0
1544919300000,3179.00000000,3179.00000000,3179.00000000,3179.00000000,0.31453600,1544919599999,999.90994400,1,0.00000000,0.00000000,0
1544919600000,3179.00000000,3179.00000000,3179.00000000,3179.00000000,0.00000000,1544919899999,0.00000000,0,0.00000000,0.00000000,0
1544919900000,3184.53000000,3184.53000000,3184.53000000,3184.53000000,0.48000000,1544920199999,1528.57440000,2,0.00000000,0.00000000,0
1544920200000,3186.48000000,3188.33000000,3184.53000000,3188.33000000,0.55893200,1544920499999,1781.73809985,14,0.39128500,1247.54513319,0
1544920500000,3188.30000000,3188.33000000,3186.98000000,3186.98000000,1.19885000,1544920799999,3822.32808538,4,1.19885000,3822.32808538,0
1544920800000,3186.98000000,3186.98000000,3186.98000000,3186.98000000,0.00041000,1544921099999,1.30666180,1,0.00041000,1.30666180,0
1544921100000,3186.98000000,3186.98000000,3186.98000000,3186.98000000,0.00000000,1544921399999,0.00000000,0,0.00000000,0.00000000,0
1544921400000,3181.33000000,3188.33000000,3181.33000000,3188.33000000,0.65000000,1544921699999,2069.04480025,4,0.17000000,542.00640025,0
1544921700000,3180.03000000,3183.07000000,3179.92000000,3179.92000000,0.48799100,1544921999999,1551.78537973,4,0.00400000,12.73228000,0
1544922000000,3183.09000000,3183.09000000,3183.09000000,3183.09000000,1.35504200,1544922299999,4313.22063978,2,1.35504200,4313.22063978,0
1544922300000,3187.16000000,3187.16000000,3185.84000000,3185.84000000,0.76234800,1544922599999,2429.40825168,5,0.00000000,0.00000000,0
1544922600000,3184.42000000,3184.42000000,3184.42000000,3184.42000000,0.03772000,1544922899999,120.11632240,1,0.00000000,0.00000000,0
1544922900000,3182.98000000,3182.98000000,3182.98000000,3182.98000000,14.30008200,1544923199999,45516.87500436,1,0.00000000,0.00000000,0
1544923200000,3184.01000000,3184.01000000,3181.57000000,3181.57000000,2.38261400,1544923499999,7583.80861682,4,0.00000000,0.00000000,0
1544923500000,3181.57000000,3190.87000000,3181.57000000,3190.87000000,0.00939800,1544923799999,29.90420786,2,0.00939800,29.90420786,0
1544923800000,3184.02000000,3184.02000000,3178.54000000,3178.54000000,1.50212000,1544924099999,4776.05598440,18,1.50212000,4776.05598440,0
1544924100000,3178.54000000,3178.95000000,3178.54000000,3178.95000000,8.66523200,1544924399999,27546.32590860,148,8.66523200,27546.32590860,0
1544924400000,3178.95000000,3178.95000000,3178.95000000,3178.95000000,7.14849400,1544924699999,22724.70500130,47,7.14849400,22724.70500130,0
1544924700000,3178.95000000,3184.44000000,3178.95000000,3184.44000000,0.93448400,1544924999999,2972.98179431,10,0.93448400,2972.98179431,0
1544925000000,3184.98000000,3184.98000000,3183.45000000,3183.45000000,3.35096300,1544925299999,10672.01573574,18,0.00000000,0.00000000,0
1544925300000,3181.82000000,3181.82000000,3181.82000000,3181.82000000,0.00319900,1544925599999,10.17864218,1,0.00000000,0.00000000,0
1544925600000,3180.51000000,3184.44000000,3180.50000000,3184.44000000,10.30071200,1544925899999,32775.96897428,60,3.69071200,11752.85092128,0
1544925900000,3190.79000000,3192.34000000,3190.79000000,3192.34000000,0.11225500,1544926199999,358.19002244,4,0.11225500,358.19002244,0
1544926200000,3194.89000000,3207.70000000,3194.89000000,3201.77000000,1.74170600,1544926499999,5576.53051325,19,0.01924700,61.61296082,0
1544926500000,3212.85000000,3223.20000000,3211.91000000,3213.75000000,2.58030600,1544926799999,8288.44736333,29,2.43144900,7810.13111951,0
1544926800000,3214.65000000,3214.65000000,3214.65000000,3214.65000000,0.01544700,1544927099999,49.65669855,1,0.00000000,0.00000000,0
1544927100000,3221.61000000,3232.36000000,3221.61000000,3232.16000000,0.60086000,1544927399999,1939.94241391,12,0.19700700,634.73610287,0
1544927400000,3233.63000000,3234.85000000,3233.63000000,3234.85000000,31.09489200,1544927699999,100587.30759444,2,31.09489200,100587.30759444,0
1544927700000,3234.63000000,3234.63000000,3215.93000000,3232.05000000,1.01013900,1544927999999,3255.41079968,21,0.31252100,1007.13892243,0
1544928000000,3216.34000000,3216.34000000,3216.34000000,3216.34000000,0.24660300,1544928299999,793.15909302,1,0.00000000,0.00000000,0
1544928300000,3230.08000000,3230.08000000,3228.42000000,3229.90000000,0.00123000,1544928599999,3.97224400,3,0.00123000,3.97224400,0
1544928600000,3215.93000000,3215.93000000,3215.93000000,3215.93000000,0.17090800,1544928899999,549.62816444,1,0.00000000,0.00000000,0
1544928900000,3215.93000000,3215.93000000,3215.93000000,3215.93000000,0.00000000,1544929199999,0.00000000,0,0.00000000,0.00000000,0
1544929200000,3215.93000000,3225.00000000,3215.93000000,3225.00000000,0.05195400,1544929499999,167.35252722,2,0.03000000,96.75000000,0
1544929500000,3231.02000000,3231.08000000,3231.02000000,3231.08000000,0.03091800,1544929799999,99.89834484,3,0.03091800,99.89834484,0
1544929800000,3233.51000000,3240.62000000,3233.51000000,3240.09000000,3.66499500,1544930099999,11875.09226557,12,3.29525400,10676.90218615,0
1544930100000,3241.47000000,3244.10000000,3241.47000000,3244.10000000,0.12696700,1544930399999,411.77007566,3,0.12696700,411.77007566,0
1544930400000,3244.10000000,3244.10000000,3244.10000000,3244.10000000,0.00000000,1544930699999,0.00000000,0,0.00000000,0.00000000,0
1544930700000,3228.01000000,3228.01000000,3228.01000000,3228.01000000,0.02160000,1544930999999,69.72501600,1,0.00000000,0.00000000,0
1544931000000,3228.01000000,3228.01000000,3228.01000000,3228.01000000,0.00000000,1544931299999,0.00000000,0,0.00000000,0.00000000,0
1544931300000,3225.57000000,3225.57000000,3225.57000000,3225.57000000,0.00315200,1544931599999,10.16699664,1,0.00000000,0.00000000,0
1544931600000,3243.16000000,3244.10000000,3225.11000000,3242.54000000,13.13175000,1544931899999,42585.67932037,11,6.79074700,22029.83992508,0
1544931900000,3242.48000000,3242.49000000,3225.11000000,3225.11000000,2.08739400,1544932199999,6751.18825348,13,1.10291500,3576.13223020,0
1544932200000,3229.97000000,3229.97000000,3229.97000000,3229.97000000,0.01470900,1544932499999,47.50962873,1,0.01470900,47.50962873,0
1544932500000,3224.38000000,3237.84000000,3224.38000000,3237.84000000,1.36114100,1544932799999,4398.45885827,14,1.04358100,3374.52474547,0
1544932800000,3237.84000000,3246.71000000,3237.84000000,3246.71000000,2.16594200,1544933099999,7023.64533990,18,1.95789500,6349.91633745,0
1544933100000,3240.50000000,3240.50000000,3236.80000000,3236.80000000,0.23602000,1544933399999,764.72709840,5,0.00000000,0.00000000,0
1544933400000,3246.73000000,3250.07000000,3246.73000000,3250.07000000,7.52130900,1544933699999,24432.48478821,29,3.97724100,12914.01570345,0
1544933700000,3239.60000000,3240.21000000,3239.60000000,3240.21000000,1.20494500,1544933999999,3903.74465695,17,0.86915000,2815.69834000,0
1544934000000,3240.21000000,3240.21000000,3240.21000000,3240.21000000,0.00000000,1544934299999,0.00000000,0,0.00000000,0.00000000,0
1544934300000,3240.21000000,3240.21000000,3240.21000000,3240.21000000,0.00000000,1544934599999,0.00000000,0,0.00000000,0.00000000,0
1544934600000,3249.24000000,3249.24000000,3242.26000000,3242.26000000,2.61221700,1544934899999,8470.94581056,4,0.20904300,679.23087732,0
1544934900000,3238.83000000,3238.83000000,3238.83000000,3238.83000000,0.14542200,1544935199999,470.99713626,2,0.14542200,470.99713626,0
1544935200000,3238.83000000,3238.83000000,3238.83000000,3238.83000000,0.00000000,1544935499999,0.00000000,0,0.00000000,0.00000000,0
1544935500000,3238.83000000,3238.83000000,3238.83000000,3238.83000000,0.00000000,1544935799999,0.00000000,0,0.00000000,0.00000000,0
1544935800000,3240.29000000,3240.32000000,3240.29000000,3240.32000000,0.61745700,1544936099999,2000.75732637,2,0.61745700,2000.75732637,0
1544936100000,3240.32000000,3240.32000000,3240.32000000,3240.32000000,0.00000000,1544936399999,0.00000000,0,0.00000000,0.00000000,0
1544936400000,3240.32000000,3240.32000000,3240.32000000,3240.32000000,0.00000000,1544936699999,0.00000000,0,0.00000000,0.00000000,0
1544936700000,3233.89000000,3233.89000000,3233.63000000,3233.63000000,0.91622500,1544936999999,2962.97005717,6,0.00000000,0.00000000,0
1544937000000,3236.56000000,3236.56000000,3236.56000000,3236.56000000,0.85449800,1544937299999,2765.63404688,3,0.85449800,2765.63404688,0
1544937300000,3236.56000000,3236.56000000,3236.56000000,3236.56000000,0.00000000,1544937599999,0.00000000,0,0.00000000,0.00000000,0
1544937600000,3236.56000000,3236.56000000,3236.56000000,3236.56000000,0.00775600,1544937899999,25.10275936,1,0.00775600,25.10275936,0
1544937900000,3236.56000000,3236.56000000,3236.56000000,3236.56000000,0.00000000,1544938199999,0.00000000,0,0.00000000,0.00000000,0
1544938200000,3233.00000000,3236.56000000,3233.00000000,3236.56000000,8.49565000,1544938499999,27496.19088016,3,8.49565000,27496.19088016,0
1544938500000,3235.18000000,3235.18000000,3235.18000000,3235.18000000,0.39519300,1544938799999,1278.52048974,1,0.39519300,1278.52048974,0
1544938800000,3235.18000000,3235.18000000,3235.18000000,3235.18000000,0.00000000,1544939099999,0.00000000,0,0.00000000,0.00000000,0
1544939100000,3233.00000000,3236.65000000,3233.00000000,3236.65000000,0.08351400,1544939399999,270.28300920,2,0.08351400,270.28300920,0
1544939400000,3231.05000000,3231.05000000,3231.05000000,3231.05000000,2.69708500,1544939699999,8714.41648925,2,0.00000000,0.00000000,0
1544939700000,3231.05000000,3231.05000000,3231.05000000,3231.05000000,0.00000000,1544939999999,0.00000000,0,0.00000000,0.00000000,0
1544940000000,3238.27000000,3238.27000000,3238.27000000,3238.27000000,0.14697900,1544940299999,475.95768633,1,0.14697900,475.95768633,0
1544940300000,3240.47000000,3240.47000000,3240.47000000,3240.47000000,0.20503700,1544940599999,664.41624739,2,0.00000000,0.00000000,0
1544940600000,3240.47000000,3240.47000000,3240.47000000,3240.47000000,0.00000000,1544940899999,0.00000000,0,0.00000000,0.00000000,0
1544940900000,3240.47000000,3240.47000000,3240.47000000,3240.47000000,0.00000000,1544941199999,0.00000000,0,0.00000000,0.00000000,0
1544941200000,3242.89000000,3242.89000000,3242.89000000,3242.89000000,0.67221900,1544941499999,2179.93227291,3,0.67221900,2179.93227291,0
1544941500000,3242.89000000,3242.89000000,3242.89000000,3242.89000000,0.03076300,1544941799999,99.76102507,1,0.03076300,99.76102507,0
1544941800000,3246.98000000,3246.98000000,3246.98000000,3246.98000000,0.06000000,1544942099999,194.81880000,2,0.06000000,194.81880000,0
1544942100000,3245.69000000,3246.97000000,3245.69000000,3246.97000000,0.06159500,1544942399999,199.95633763,2,0.06159500,199.95633763,0
1544942400000,3245.84000000,3245.84000000,3245.84000000,3245.84000000,2.80368500,1544942699999,9100.31292040,28,0.79400000,2577.19696000,0
1544942700000,3245.84000000,3245.84000000,3245.84000000,3245.84000000,2.50477400,1544942999999,8130.09564016,11,0.00000000,0.00000000,0
1544943000000,3245.84000000,3245.84000000,3245.84000000,3245.84000000,0.00000000,1544943299999,0.00000000,0,0.00000000,0.00000000,0
1544943300000,3245.84000000,3245.84000000,3245.84000000,3245.84000000,0.03510000,1544943599999,113.92898400,2,0.00000000,0.00000000,0
1544943600000,3245.84000000,3246.97000000,3245.84000000,3246.96000000,0.11585700,1544943899999,376.13474740,3,0.07236300,234.96018244,0
1544943900000,3246.96000000,3246.96000000,3246.96000000,3246.96000000,0.00000000,1544944199999,0.00000000,0,0.00000000,0.00000000,0
1544944200000,3246.96000000,3246.96000000,3246.96000000,3246.96000000,0.00000000,1544944499999,0.00000000,0,0.00000000,0.00000000,0
1544944500000,3234.31000000,3245.99000000,3234.31000000,3245.99000000,1.58448000,1544944799999,5134.73837536,2,0.85949200,2789.90243708,0
1544944800000,3245.99000000,3245.99000000,3245.99000000,3245.99000000,0.00000000,1544945099999,0.00000000,0,0.00000000,0.00000000,0
1544945100000,3233.11000000,3234.91000000,3233.11000000,3234.91000000,2.94766900,1544945399999,9531.23053519,7,2.94766900,9531.23053519,0
1544945400000,3234.91000000,3234.91000000,3234.91000000,3234.91000000,0.03983100,1544945699999,128.84970021,2,0.03983100,128.84970021,0
1544945700000,3231.79000000,3231.79000000,3231.02000000,3231.02000000,0.01883300,1544945999999,60.86190637,3,0.00000000,0.00000000,0
1544946000000,3228.41000000,3228.41000000,3223.21000000,3223.21000000,0.20552900,1544946299999,662.48741729,6,0.00000000,0.00000000,0
1544946300000,3220.61000000,3220.61000000,3215.60000000,3215.60000000,0.02486100,1544946599999,79.96622547,3,0.00000000,0.00000000,0
1544946600000,3217.92000000,3217.92000000,3217.92000000,3217.92000000,0.09816600,1544946899999,315.89033472,2,0.00000000,0.00000000,0
1544946900000,3219.00000000,3248.54000000,3216.48000000,3216.48000000,29.57295300,1544947199999,95559.87996922,15,29.35054300,94843.99629874,0
1544947200000,3216.48000000,3216.48000000,3216.48000000,3216.48000000,0.00000000,1544947499999,0.00000000,0,0.00000000,0.00000000,0
1544947500000,3225.37000000,3226.69000000,3225.37000000,3226.69000000,0.12597700,1544947799999,406.32297769,3,0.12597700,406.32297769,0
1544947800000,3228.00000000,3228.00000000,3228.00000000,3228.00000000,0.02380000,1544948099999,76.82640000,1,0.02380000,76.82640000,0
1544948100000,3228.00000000,3228.00000000,3228.00000000,3228.00000000,0.00000000,1544948399999,0.00000000,0,0.00000000,0.00000000,0
1544948400000,3218.41000000,3228.01000000,3218.41000000,3228.01000000,1.05777200,1544948699999,3408.17044046,15,0.05792500,186.98247925,0
1544948700000,3228.01000000,3228.01000000,3228.01000000,3228.01000000,0.00000000,1544948999999,0.00000000,0,0.00000000,0.00000000,0
1544949000000,3228.01000000,3228.01000000,3228.01000000,3228.01000000,0.00000000,1544949299999,0.00000000,0,0.00000000,0.00000000,0
1544949300000,3228.01000000,3228.01000000,3228.01000000,3228.01000000,0.00000000,1544949599999,0.00000000,0,0.00000000,0.00000000,0
1544949600000,3227.14000000,3227.14000000,3220.00000000,3220.00000000,0.42194500,1544949899999,1358.69323072,13,0.00424800,13.70889072,0
1544949900000,3220.00000000,3220.00000000,3212.43000000,3212.43000000,3.17454300,1544950199999,10201.93600896,15,0.00000000,0.00000000,0
1544950200000,3215.34000000,3215.34000000,3207.96000000,3207.96000000,0.14295000,1544950499999,459.53311251,4,0.13244700,425.83267602,0
1544950500000,3216.49000000,3216.49000000,3210.69000000,3210.69000000,0.44735100,1544950799999,1436.61164204,5,0.01151800,37.04753182,0
1544950800000,3216.40000000,3216.49000000,3216.40000000,3216.49000000,0.12247600,1544951099999,393.93935515,3,0.12247600,393.93935515,0
1544951100000,3209.43000000,3209.43000000,3209.43000000,3209.43000000,0.03514500,1544951399999,112.79541735,1,0.00000000,0.00000000,0
1544951400000,3209.43000000,3209.43000000,3209.43000000,3209.43000000,0.00000000,1544951699999,0.00000000,0,0.00000000,0.00000000,0
1544951700000,3214.88000000,3214.88000000,3214.88000000,3214.88000000,1.04640700,1544951999999,3364.07293616,1,0.00000000,0.00000000,0
1544952000000,3214.88000000,3214.88000000,3214.88000000,3214.88000000,0.00000000,1544952299999,0.00000000,0,0.00000000,0.00000000,0
1544952300000,3216.66000000,3216.66000000,3214.89000000,3214.89000000,2.18780300,1544952599999,7037.41277292,2,2.18462500,7027.19585250,0
1544952600000,3214.88000000,3214.88000000,3208.77000000,3208.77000000,31.93101900,1544952899999,102459.32829262,5,0.00000000,0.00000000,0
1544952900000,3208.77000000,3208.77000000,3208.77000000,3208.77000000,0.00000000,1544953199999,0.00000000,0,0.00000000,0.00000000,0
1544953200000,3220.74000000,3220.74000000,3220.74000000,3220.74000000,0.04968800,1544953499999,160.03212912,1,0.00000000,0.00000000,0
1544953500000,3219.06000000,3220.91000000,3219.06000000,3220.91000000,0.21251800,1544953799999,684.43564678,5,0.00000000,0.00000000,0
1544953800000,3221.83000000,3221.83000000,3219.60000000,3221.25000000,0.53503900,1544954099999,1723.40522825,5,0.29000000,934.33070000,0
1544954100000,3221.25000000,3221.25000000,3221.25000000,3221.25000000,0.00000000,1544954399999,0.00000000,0,0.00000000,0.00000000,0
1544954400000,3221.52000000,3221.52000000,3221.52000000,3221.52000000,0.00842900,1544954699999,27.15419208,1,0.00000000,0.00000000,0
1544954700000,3225.81000000,3225.81000000,3225.81000000,3225.81000000,0.03441100,1544954999999,111.00334791,2,0.03441100,111.00334791,0
1544955000000,3225.81000000,3225.81000000,3225.81000000,3225.81000000,0.00000000,1544955299999,0.00000000,0,0.00000000,0.00000000,0
1544955300000,3228.41000000,3236.24000000,3228.41000000,3236.24000000,10.14941000,1544955599999,32800.36446503,13,10.14941000,32800.36446503,0
1544955600000,3236.24000000,3239.00000000,3236.24000000,3239.00000000,0.29673400,1544955899999,960.54238606,6,0.09145400,296.20703886,0
1544955900000,3238.99000000,3239.00000000,3238.99000000,3239.00000000,0.10000000,1544956199999,323.89950000,2,0.10000000,323.89950000,0
1544956200000,3238.99000000,3238.99000000,3236.24000000,3236.24000000,3.63585000,1544956499999,11769.86582500,4,1.23004400,3984.10021556,0
1544956500000,3236.24000000,3236.24000000,3236.24000000,3236.24000000,0.00000000,1544956799999,0.00000000,0,0.00000000,0.00000000,0
1544956800000,3236.24000000,3236.24000000,3236.24000000,3236.24000000,0.00000000,1544957099999,0.00000000,0,0.00000000,0.00000000,0
1544957100000,3238.86000000,3238.86000000,3231.07000000,3231.07000000,1.40093700,1544957399999,4528.72403755,2,0.00000000,0.00000000,0
1544957400000,3230.00000000,3236.02000000,3230.00000000,3236.02000000,0.22324600,1544957699999,721.14116800,4,0.00370900,12.00239818,0
1544957700000,3230.00000000,3230.00000000,3225.23000000,3225.23000000,5.75663500,1544957999999,18577.07536301,8,0.00000000,0.00000000,0
1544958000000,3235.00000000,3235.00000000,3235.00000000,3235.00000000,0.00936600,1544958299999,30.29901000,1,0.00000000,0.00000000,0
1544958300000,3230.00000000,3230.00000000,3230.00000000,3230.00000000,0.00400400,1544958599999,12.93292000,1,0.00000000,0.00000000,0
1544958600000,3222.40000000,3222.40000000,3222.40000000,3222.40000000,0.01251800,1544958899999,40.33800320,1,0.00000000,0.00000000,0
1544958900000,3229.77000000,3230.22000000,3229.77000000,3230.22000000,8.33176300,1544959199999,26909.74269921,2,8.33176300,26909.74269921,0
1544959200000,3227.53000000,3227.53000000,3227.53000000,3227.53000000,3.77055100,1544959499999,12169.56646903,8,0.00000000,0.00000000,0
1544959500000,3227.53000000,3227.53000000,3227.53000000,3227.53000000,0.00000000,1544959799999,0.00000000,0,0.00000000,0.00000000,0
1544959800000,3227.53000000,3227.53000000,3227.53000000,3227.53000000,0.00000000,1544960099999,0.00000000,0,0.00000000,0.00000000,0
1544960100000,3227.53000000,3227.53000000,3227.53000000,3227.53000000,0.00000000,1544960399999,0.00000000,0,0.00000000,0.00000000,0
1544960400000,3228.00000000,3228.00000000,3228.00000000,3228.00000000,0.00805100,1544960699999,25.98862800,1,0.00000000,0.00000000,0
1544960700000,3228.00000000,3228.00000000,3228.00000000,3228.00000000,0.00000000,1544960999999,0.00000000,0,0.00000000,0.00000000,0
1544961000000,3234.95000000,3239.47000000,3234.95000000,3239.47000000,11.14248100,1544961299999,36075.07830596,11,11.04348100,35754.51630596,0
1544961300000,3239.47000000,3239.47000000,3239.47000000,3239.47000000,0.04858800,1544961599999,157.39936836,2,0.00000000,0.00000000,0
1544961600000,3239.47000000,3239.47000000,3239.47000000,3239.47000000,0.00000000,1544961899999,0.00000000,0,0.00000000,0.00000000,0
1544961900000,3239.49000000,3240.25000000,3239.49000000,3240.25000000,6.04891500,1544962199999,19597.73344719,17,2.97854200,9648.95733394,0
1544962200000,3241.48000000,3249.39000000,3241.48000000,3249.39000000,10.67573800,1544962499999,34630.66240281,14,10.19472600,33071.36491665,0
1544962500000,3252.03000000,3254.28000000,3252.03000000,3254.28000000,1.10972200,1544962799999,3611.33915766,2,1.10972200,3611.33915766,0
1544962800000,3245.00000000,3245.00000000,3244.00000000,3244.00000000,0.45866300,1544963099999,1488.31637800,9,0.41360600,1342.15147000,0
1544963100000,3252.20000000,3252.20000000,3252.20000000,3252.20000000,0.77987500,1544963399999,2536.30947500,2,0.77987500,2536.30947500,0
1544963400000,3252.04000000,3254.68000000,3252.04000000,3253.87000000,3.82584000,1544963699999,12449.29461919,11,0.01738300,56.54065084,0
1544963700000,3253.87000000,3257.31000000,3246.00000000,3246.00000000,0.35564100,1544963999999,1157.06698575,6,0.01963200,63.94750992,0
1544964000000,3246.00000000,3246.00000000,3246.00000000,3246.00000000,1.23197700,1544964299999,3998.99734200,11,0.00000000,0.00000000,0
1544964300000,3239.01000000,3239.01000000,3239.01000000,3239.01000000,0.02244300,1544964599999,72.69310143,1,0.00000000,0.00000000,0
1544964600000,3244.12000000,3244.12000000,3237.97000000,3237.98000000,1.54441000,1544964899999,5000.77550622,5,0.00310300,10.04748297,0
1544964900000,3237.99000000,3238.87000000,3233.63000000,3233.63000000,5.10233100,1544965199999,16510.53550916,10,0.20751200,671.91401312,0
1544965200000,3233.63000000,3233.63000000,3228.41000000,3228.41000000,0.05065200,1544965499999,163.61322270,5,0.00000000,0.00000000,0
1544965500000,3228.41000000,3231.12000000,3228.00000000,3228.00000000,2.33696100,1544965799999,7543.95368086,5,0.21295500,687.66231286,0
1544965800000,3231.12000000,3231.12000000,3231.12000000,3231.12000000,0.08131900,1544966099999,262.75144728,1,0.08131900,262.75144728,0
1544966100000,3231.12000000,3231.12000000,3231.12000000,3231.12000000,0.00000000,1544966399999,0.00000000,0,0.00000000,0.00000000,0
1544966400000,3225.81000000,3225.81000000,3225.81000000,3225.81000000,0.00311600,1544966699999,10.05162396,1,0.00000000,0.00000000,0
1544966700000,3223.21000000,3223.21000000,3218.00000000,3218.00000000,0.37302700,1544966999999,1200.42533905,4,0.00000000,0.00000000,0
1544967000000,3218.00000000,3218.00000000,3218.00000000,3218.00000000,0.00000000,1544967299999,0.00000000,0,0.00000000,0.00000000,0
1544967300000,3221.23000000,3221.23000000,3221.23000000,3221.23000000,0.23600000,1544967599999,760.21028000,2,0.23600000,760.21028000,0
1544967600000,3221.00000000,3221.00000000,3221.00000000,3221.00000000,0.02982800,1544967899999,96.07598800,1,0.00000000,0.00000000,0
1544967900000,3221.00000000,3221.00000000,3221.00000000,3221.00000000,0.00000000,1544968199999,0.00000000,0,0.00000000,0.00000000,0
1544968200000,3221.00000000,3221.00000000,3221.00000000,3221.00000000,0.00000000,1544968499999,0.00000000,0,0.00000000,0.00000000,0
1544968500000,3221.00000000,3221.00000000,3221.00000000,3221.00000000,0.25000000,1544968799999,805.25000000,1,0.00000000,0.00000000,0
1544968800000,3221.00000000,3221.00000000,3221.00000000,3221.00000000,0.06658200,1544969099999,214.46062200,2,0.06658200,214.46062200,0
1544969100000,3221.00000000,3221.00000000,3215.43000000,3215.43000000,0.08523500,1544969399999,274.52452318,5,0.00000000,0.00000000,0
1544969400000,3230.72000000,3230.72000000,3214.01000000,3214.05000000,0.25955000,1544969699999,834.41122917,8,0.01260000,40.70707200,0
1544969700000,3214.07000000,3214.08000000,3210.00000000,3210.00000000,0.96372800,1544969999999,3096.06006010,9,0.00000000,0.00000000,0
1544970000000,3211.00000000,3211.00000000,3207.70000000,3207.70000000,10.45270800,1544970299999,33563.61767517,8,0.00000000,0.00000000,0
1544970300000,3205.13000000,3205.13000000,3202.00000000,3202.00000000,4.25694200,1544970599999,13634.10004082,13,0.21558300,690.72793200,0
1544970600000,3200.00000000,3200.00000000,3191.30000000,3191.30000000,1.45551900,1544970899999,4645.06836748,7,0.00000000,0.00000000,0
1544970900000,3191.30000000,3191.30000000,3191.30000000,3191.30000000,0.00000000,1544971199999,0.00000000,0,0.00000000,0.00000000,0
1544971200000,3195.44000000,3195.44000000,3195.44000000,3195.44000000,0.85506700,1544971499999,2732.31529448,2,0.00000000,0.00000000,0
1544971500000,3218.89000000,3218.89000000,3197.52000000,3197.52000000,0.23634500,1544971799999,760.44078539,3,0.15098300,485.99766887,0
1544971800000,3201.65000000,3201.65000000,3200.33000000,3200.33000000,0.37298600,1544972099999,1193.70782170,3,0.00000000,0.00000000,0
1544972100000,3201.47000000,3201.47000000,3201.46000000,3201.46000000,0.13484000,1544972399999,431.68587122,2,0.00000000,0.00000000,0
1544972400000,3205.13000000,3220.61000000,3205.13000000,3220.61000000,0.00921500,1544972699999,29.59700133,3,0.00921500,29.59700133,0
1544972700000,3200.33000000,3200.33000000,3195.35000000,3195.35000000,0.90430300,1544972999999,2890.52158271,4,0.16249000,519.21242150,0
1544973000000,3195.35000000,3197.44000000,3189.39000000,3192.74000000,0.66809200,1544973299999,2132.90276197,5,0.00001900,0.06071165,0
1544973300000,3192.74000000,3209.65000000,3192.74000000,3209.01000000,0.26522200,1544973599999,851.01945390,3,0.25522200,819.09205390,0
1544973600000,3209.01000000,3209.01000000,3209.01000000,3209.01000000,0.00000000,1544973899999,0.00000000,0,0.00000000,0.00000000,0
1544973900000,3205.00000000,3207.70000000,3205.00000000,3207.70000000,0.01428800,1544974199999,45.80149910,2,0.00313300,10.04972410,0
1544974200000,3209.65000000,3212.85000000,3209.65000000,3212.85000000,0.09356300,1544974499999,300.57936782,3,0.01053000,33.80762410,0
1544974500000,3212.85000000,3225.79000000,3210.00000000,3210.00000000,0.22616900,1544974799999,727.69174335,7,0.10000000,322.51340835,0
1544974800000,3210.50000000,3210.50000000,3206.00000000,3206.00000000,1.06238000,1544975099999,3410.24697550,5,0.00000000,0.00000000,0
1544975100000,3206.22000000,3206.22000000,3206.22000000,3206.22000000,0.00409100,1544975399999,13.11664602,1,0.00000000,0.00000000,0
1544975400000,3206.22000000,3206.22000000,3206.22000000,3206.22000000,0.00000000,1544975699999,0.00000000,0,0.00000000,0.00000000,0
1544975700000,3206.22000000,3206.22000000,3206.22000000,3206.22000000,0.00000000,1544975999999,0.00000000,0,0.00000000,0.00000000,0
1544976000000,3206.22000000,3206.22000000,3206.22000000,3206.22000000,0.00000000,1544976299999,0.00000000,0,0.00000000,0.00000000,0
1544976300000,3211.55000000,3211.55000000,3211.55000000,3211.55000000,0.03118900,1544976599999,100.16503295,1,0.03118900,100.16503295,0
1544976600000,3213.00000000,3213.00000000,3213.00000000,3213.00000000,4.72074000,1544976899999,15167.73762000,44,4.72074000,15167.73762000,0
1544976900000,3213.00000000,3219.03000000,3213.00000000,3219.03000000,0.92725500,1544977199999,2981.52827216,7,0.89941100,2891.98642320,0
1544977200000,3216.02000000,3216.02000000,3216.02000000,3216.02000000,1.98100100,1544977499999,6370.93883602,1,0.00000000,0.00000000,0
1544977500000,3216.02000000,3216.02000000,3216.02000000,3216.02000000,0.00000000,1544977799999,0.00000000,0,0.00000000,0.00000000,0
1544977800000,3216.02000000,3216.02000000,3216.02000000,3216.02000000,0.00000000,1544978099999,0.00000000,0,0.00000000,0.00000000,0
1544978100000,3220.24000000,3220.24000000,3220.24000000,3220.24000000,0.16109100,1544978399999,518.75168184,1,0.16109100,518.75168184,0
1544978400000,3220.24000000,3220.24000000,3220.24000000,3220.24000000,0.00000000,1544978699999,0.00000000,0,0.00000000,0.00000000,0
1544978700000,3208.00000000,3210.00000000,3208.00000000,3210.00000000,0.92817000,1544978999999,2979.05799000,2,0.00000000,0.00000000,0
1544979000000,3220.24000000,3220.24000000,3211.00000000,3220.24000000,4.73227500,1544979299999,15238.97408508,3,4.72284200,15208.68472208,0
1544979300000,3211.00000000,3211.00000000,3211.00000000,3211.00000000,0.58659000,1544979599999,1883.54049000,3,0.00000000,0.00000000,0
1544979600000,3220.24000000,3220.24000000,3220.24000000,3220.24000000,0.03537000,1544979899999,113.89988880,1,0.03537000,113.89988880,0
1544979900000,3220.24000000,3220.24000000,3220.23000000,3220.23000000,0.04564000,1544980199999,146.97159886,4,0.04564000,146.97159886,0
1544980200000,3220.23000000,3220.23000000,3211.00000000,3211.00000000,0.01846500,1544980499999,59.35231913,2,0.00663100,21.35334513,0
1544980500000,3211.00000000,3211.00000000,3211.00000000,3211.00000000,0.02367300,1544980799999,76.01400300,2,0.01837300,58.99570300,0
1544980800000,3211.00000000,3211.00000000,3211.00000000,3211.00000000,0.00000000,1544981099999,0.00000000,0,0.00000000,0.00000000,0
1544981100000,3211.61000000,3216.70000000,3211.61000000,3216.70000000,0.73190700,1544981399999,2354.21326690,2,0.70990700,2283.55784690,0
1544981400000,3211.00000000,3216.70000000,3211.00000000,3216.61000000,0.02579500,1544981699999,82.93142680,4,0.01824000,58.67232180,0
1544981700000,3216.61000000,3216.61000000,3216.61000000,3216.61000000,0.00000000,1544981999999,0.00000000,0,0.00000000,0.00000000,0
1544982000000,3210.00000000,3210.00000000,3210.00000000,3210.00000000,1.00000000,1544982299999,3210.00000000,1,0.00000000,0.00000000,0
1544982300000,3210.00000000,3210.00000000,3204.00000000,3204.00000000,5.48271300,1544982599999,17566.89575168,51,0.00000000,0.00000000,0
1544982600000,3203.00000000,3203.00000000,3203.00000000,3203.00000000,0.56408000,1544982899999,1806.74824000,2,0.00000000,0.00000000,0
1544982900000,3204.00000000,3204.00000000,3201.00000000,3201.00000000,5.43103400,1544983199999,17391.40903705,14,0.00000000,0.00000000,0
1544983200000,3201.00000000,3204.35000000,3200.00000000,3204.35000000,11.57820300,1544983499999,37050.40766985,31,0.00625100,20.03039185,0
1544983500000,3204.35000000,3204.35000000,3204.35000000,3204.35000000,0.00000000,1544983799999,0.00000000,0,0.00000000,0.00000000,0
1544983800000,3204.35000000,3204.35000000,3204.35000000,3204.35000000,0.01842500,1544984099999,59.04014875,1,0.01842500,59.04014875,0
1544984100000,3204.35000000,3204.35000000,3204.35000000,3204.35000000,0.00000000,1544984399999,0.00000000,0,0.00000000,0.00000000,0
1544984400000,3206.00000000,3215.88000000,3204.35000000,3215.88000000,0.62029800,1544984699999,1991.30666769,5,0.42000000,1349.18164959,0
1544984700000,3215.88000000,3215.88000000,3215.88000000,3215.88000000,0.00000000,1544984999999,0.00000000,0,0.00000000,0.00000000,0
1544985000000,3215.88000000,3215.88000000,3215.88000000,3215.88000000,0.00000000,1544985299999,0.00000000,0,0.00000000,0.00000000,0
1544985300000,3212.70000000,3212.70000000,3212.70000000,3212.70000000,0.01200000,1544985599999,38.55240000,1,0.01200000,38.55240000,0
1544985600000,3205.05000000,3205.05000000,3205.05000000,3205.05000000,0.16040600,1544985899999,514.10925030,1,0.00000000,0.00000000,0
1544985900000,3205.05000000,3205.05000000,3202.34000000,3202.34000000,0.11760200,1544986199999,376.62972390,2,0.00000000,0.00000000,0
1544986200000,3202.34000000,3202.34000000,3202.34000000,3202.34000000,0.01300000,1544986499999,41.63042000,1,0.00000000,0.00000000,0
1544986500000,3202.34000000,3202.34000000,3202.34000000,3202.34000000,0.00000000,1544986799999,0.00000000,0,0.00000000,0.00000000,0
1544986800000,3203.34000000,3203.34000000,3203.34000000,3203.34000000,0.02610400,1544987099999,83.61998736,1,0.00000000,0.00000000,0
1544987100000,3203.34000000,3203.34000000,3203.34000000,3203.34000000,0.00000000,1544987399999,0.00000000,0,0.00000000,0.00000000,0
1544987400000,3214.45000000,3214.45000000,3214.45000000,3214.45000000,0.24110500,1544987699999,775.01996725,2,0.11010200,353.91737390,0
1544987700000,3215.43000000,3230.75000000,3215.43000000,3230.75000000,0.19664200,1544987999999,634.93497677,9,0.19184200,619.50019277,0
1544988000000,3230.75000000,3231.02000000,3230.75000000,3231.02000000,4.07099900,1544988299999,13152.38085895,4,4.07099900,13152.38085895,0
1544988300000,3231.00000000,3241.00000000,3230.49000000,3230.49000000,0.32376000,1544988599999,1047.36695731,9,0.13008800,421.49924021,0
1544988600000,3228.05000000,3241.17000000,3228.00000000,3228.00000000,9.34832000,1544988899999,30260.62571901,9,6.39807100,20737.22170236,0
1544988900000,3228.92000000,3228.92000000,3228.92000000,3228.92000000,0.03097000,1544989199999,99.99965240,1,0.00000000,0.00000000,0
1544989200000,3241.17000000,3241.17000000,3228.59000000,3238.96000000,1.15078000,1544989499999,3715.57020020,4,0.01540000,49.89368600,0
1544989500000,3238.96000000,3238.96000000,3238.96000000,3238.96000000,0.61439400,1544989799999,1989.99759024,2,0.02964000,96.00277440,0
1544989800000,3238.96000000,3238.96000000,3238.96000000,3238.96000000,0.00000000,1544990099999,0.00000000,0,0.00000000,0.00000000,0
1544990100000,3240.07000000,3240.07000000,3238.96000000,3238.96000000,0.17795900,1544990399999,576.46664912,5,0.05816800,188.46839176,0
1544990400000,3225.00000000,3225.00000000,3224.00000000,3224.00000000,0.20000000,1544990699999,644.81748400,2,0.00000000,0.00000000,0
1544990700000,3224.00000000,3224.00000000,3224.00000000,3224.00000000,0.11467300,1544990999999,369.70575200,2,0.00000000,0.00000000,0
1544991000000,3224.00000000,3224.00000000,3224.00000000,3224.00000000,0.00000000,1544991299999,0.00000000,0,0.00000000,0.00000000,0
1544991300000,3222.00000000,3222.00000000,3222.00000000,3222.00000000,0.05127300,1544991599999,165.20160600,2,0.05127300,165.20160600,0
1544991600000,3222.00000000,3222.00000000,3222.00000000,3222.00000000,0.00000000,1544991899999,0.00000000,0,0.00000000,0.00000000,0
1544991900000,3222.76000000,3222.76000000,3222.76000000,3222.76000000,0.01018500,1544992199999,32.82381060,1,0.00000000,0.00000000,0
1544992200000,3220.01000000,3220.01000000,3220.01000000,3220.01000000,0.08312600,1544992499999,267.66655126,4,0.00000000,0.00000000,0
1544992500000,3220.41000000,3220.41000000,3218.73000000,3218.73000000,0.31682600,1544992799999,1019.79130338,2,0.00000000,0.00000000,0
1544992800000,3218.73000000,3218.73000000,3218.73000000,3218.73000000,0.00000000,1544993099999,0.00000000,0,0.00000000,0.00000000,0
1544993100000,3225.00000000,3225.00000000,3219.83000000,3225.00000000,0.65768800,1544993399999,2120.49483797,5,0.55900400,1802.74860283,0
1544993400000,3225.00000000,3225.00000000,3221.47000000,3221.47000000,1.32732600,1544993699999,4280.61384321,16,1.32378300,4269.20017500,0
1544993700000,3227.91000000,3227.91000000,3219.47000000,3219.47000000,0.79050500,1544993999999,2547.89320956,10,0.00000000,0.00000000,0
1544994000000,3221.66000000,3221.66000000,3219.47000000,3219.47000000,2.30723100,1544994299999,7428.30285117,5,0.00000000,0.00000000,0
1544994300000,3225.47000000,3225.47000000,3218.02000000,3220.61000000,0.22712400,1544994599999,731.87594197,6,0.11044000,356.22090680,0
1544994600000,3224.09000000,3224.47000000,3224.09000000,3224.47000000,0.44176000,1544994899999,1424.27850078,5,0.43854600,1413.91505420,0
1544994900000,3221.93000000,3225.46000000,3211.00000000,3223.38000000,0.92521200,1544995199999,2982.74918569,15,0.44175800,1424.86834116,0
1544995200000,3225.36000000,3225.36000000,3210.27000000,3223.25000000,0.82122200,1544995499999,2645.02718731,9,0.43619900,1406.81613052,0
1544995500000,3224.88000000,3224.88000000,3224.88000000,3224.88000000,0.14222200,1544995799999,458.64888336,3,0.14222200,458.64888336,0
1544995800000,3224.88000000,3224.88000000,3208.54000000,3208.54000000,0.16410900,1544996099999,528.79937748,3,0.13764300,443.88215784,0
1544996100000,3212.25000000,3220.25000000,3210.72000000,3220.25000000,0.15374200,1544996399999,493.99962993,5,0.04747100,152.41895776,0
1544996400000,3212.88000000,3212.88000000,3212.10000000,3212.10000000,0.16090000,1544996699999,516.89228310,6,0.06780800,217.85357880,0
1544996700000,3224.53000000,3224.53000000,3209.01000000,3224.33000000,4.41901600,1544996999999,14248.72985464,7,4.38812800,14149.60600870,0
1544997000000,3209.01000000,3224.11000000,3208.51000000,3224.11000000,0.42333200,1544997299999,1361.04881087,7,0.03241100,104.47543916,0
1544997300000,3210.00000000,3223.95000000,3207.70000000,3207.70000000,0.28874500,1544997599999,928.08587255,6,0.20893200,671.92290945,0
1544997600000,3205.13000000,3205.13000000,3196.00000000,3196.00000000,0.20342400,1544997899999,650.87708112,6,0.10177900,325.95335424,0
1544997900000,3196.01000000,3196.01000000,3184.71000000,3184.71000000,2.92218000,1544998199999,9339.19134897,7,0.00000000,0.00000000,0
1544998200000,3185.00000000,3187.00000000,3185.00000000,3187.00000000,1.04529300,1544998499999,3329.38909900,4,0.00000000,0.00000000,0
1544998500000,3187.00000000,3187.00000000,3187.00000000,3187.00000000,0.00000000,1544998799999,0.00000000,0,0.00000000,0.00000000,0
1544998800000,3190.00000000,3190.00000000,3189.00000000,3189.00000000,1.68817100,1544999099999,5383.59615700,3,0.01883800,60.09322000,0
1544999100000,3189.00000000,3189.00000000,3189.00000000,3189.00000000,0.01560000,1544999399999,49.74840000,1,0.00000000,0.00000000,0
1544999400000,3201.72000000,3201.74000000,3201.70000000,3201.70000000,0.83776400,1544999699999,2682.28622181,4,0.83776400,2682.28622181,0
1544999700000,3187.02000000,3200.99000000,3187.02000000,3200.99000000,0.05810900,1544999999999,185.25481176,2,0.00431400,13.80907086,0
1545000000000,3201.00000000,3201.00000000,3201.00000000,3201.00000000,0.18287500,1545000299999,585.38287500,1,0.18287500,585.38287500,0
1545000300000,3201.00000000,3201.00000000,3201.00000000,3201.00000000,0.00000000,1545000599999,0.00000000,0,0.00000000,0.00000000,0
1545000600000,3201.00000000,3201.00000000,3201.00000000,3201.00000000,0.00000000,1545000899999,0.00000000,0,0.00000000,0.00000000,0
1545000900000,3201.00000000,3201.00000000,3201.00000000,3201.00000000,0.00000000,1545001199999,0.00000000,0,0.00000000,0.00000000,0
1545001200000,3201.00000000,3205.13000000,3201.00000000,3205.13000000,0.22026100,1545001499999,705.06841268,3,0.22026100,705.06841268,0
1545001500000,3205.13000000,3205.13000000,3205.13000000,3205.13000000,0.01497500,1545001799999,47.99682175,1,0.00000000,0.00000000,0
1545001800000,3201.86000000,3201.86000000,3200.74000000,3200.74000000,0.34701200,1545002099999,1111.07235112,4,0.00000000,0.00000000,0
1545002100000,3200.74000000,3200.74000000,3200.74000000,3200.74000000,0.34208100,1545002399999,1094.91233994,1,0.00000000,0.00000000,0
1545002400000,3205.13000000,3205.13000000,3200.76000000,3200.76000000,0.54821200,1545002699999,1756.93841995,7,0.00313600,10.05128768,0
1545002700000,3200.76000000,3200.76000000,3200.74000000,3200.74000000,0.69391500,1545002999999,2221.04242222,6,0.00942400,30.16396224,0
1545003000000,3196.15000000,3206.35000000,3196.14000000,3200.74000000,6.63160900,1545003299999,21198.66484694,13,0.15594000,499.99312542,0
1545003300000,3205.12000000,3222.72000000,3198.17000000,3198.17000000,9.89953500,1545003599999,31724.11162489,19,4.88485000,15669.70916743,0
1545003600000,3198.17000000,3198.17000000,3197.44000000,3197.44000000,0.44387900,1545003899999,1419.51038220,4,0.12030800,384.67761152,0
1545003900000,3200.00000000,3200.00000000,3200.00000000,3200.00000000,0.02180400,1545004199999,69.77280000,2,0.01866300,59.72160000,0
1545004200000,3200.00000000,3200.45000000,3192.34000000,3199.27000000,0.17744000,1545004499999,567.43281385,9,0.08586500,274.45544687,0
1545004500000,3199.27000000,3199.27000000,3199.27000000,3199.27000000,0.00000000,1545004799999,0.00000000,0,0.00000000,0.00000000,0
1545004800000,3199.27000000,3199.27000000,3199.27000000,3199.27000000,0.00000000,1545005099999,0.00000000,0,0.00000000,0.00000000,0
1545005100000,3192.69000000,3192.69000000,3192.69000000,3192.69000000,0.01551800,1545005399999,49.54416342,2,0.00000000,0.00000000,0
1545005400000,3200.38000000,3200.45000000,3200.38000000,3200.45000000,0.08405000,1545005699999,268.99237104,2,0.08405000,268.99237104,0
1545005700000,3200.45000000,3207.70000000,3200.19000000,3207.70000000,0.32112900,1545005999999,1027.79095178,6,0.30626900,980.23601178,0
1545006000000,3205.64000000,3210.27000000,3205.64000000,3210.27000000,0.08100100,1545006299999,259.67454217,2,0.00313100,10.05135537,0
1545006300000,3210.27000000,3210.27000000,3210.27000000,3210.27000000,0.01428200,1545006599999,45.84907614,1,0.00000000,0.00000000,0
1545006600000,3212.85000000,3218.02000000,3212.85000000,3218.02000000,0.10512400,1545006899999,338.26686638,4,0.00937700,30.15110544,0
1545006900000,3220.61000000,3224.80000000,3220.61000000,3224.54000000,0.03949700,1545007199999,127.34822467,3,0.03949700,127.34822467,0
1545007200000,3224.47000000,3224.47000000,3224.47000000,3224.47000000,0.00713200,1545007499999,22.99692004,1,0.00713200,22.99692004,0
1545007500000,3211.00000000,3211.00000000,3209.00000000,3209.00000000,0.82251000,1545007799999,2640.39676410,6,0.00000000,0.00000000,0
1545007800000,3207.85000000,3207.85000000,3206.00000000,3206.00000000,0.04007000,1545008099999,128.47551440,3,0.00000000,0.00000000,0
1545008100000,3207.00000000,3210.00000000,3207.00000000,3210.00000000,0.49567400,1545008399999,1591.06651800,3,0.00000000,0.00000000,0
1545008400000,3211.00000000,3211.00000000,3211.00000000,3211.00000000,0.03787900,1545008699999,121.62946900,1,0.00000000,0.00000000,0
1545008700000,3211.00000000,3211.00000000,3211.00000000,3211.00000000,0.00000000,1545008999999,0.00000000,0,0.00000000,0.00000000,0
1545009000000,3211.00000000,3211.00000000,3211.00000000,3211.00000000,0.00000000,1545009299999,0.00000000,0,0.00000000,0.00000000,0
1545009300000,3211.00000000,3211.00000000,3211.00000000,3211.00000000,0.01567400,1545009599999,50.32921400,1,0.01567400,50.32921400,0
1545009600000,3211.00000000,3211.00000000,3211.00000000,3211.00000000,0.00000000,1545009899999,0.00000000,0,0.00000000,0.00000000,0
1545009900000,3211.00000000,3211.00000000,3211.00000000,3211.00000000,0.24256800,1545010199999,778.88584800,3,0.00000000,0.00000000,0
1545010200000,3205.88000000,3205.88000000,3205.88000000,3205.88000000,0.00482900,1545010499999,15.48119452,1,0.00000000,0.00000000,0
1545010500000,3205.88000000,3205.88000000,3205.88000000,3205.88000000,0.00000000,1545010799999,0.00000000,0,0.00000000,0.00000000,0
1545010800000,3205.13000000,3205.13000000,3205.13000000,3205.13000000,0.00313600,1545011099999,10.05128768,1,0.00000000,0.00000000,0
1545011100000,3205.13000000,3205.13000000,3205.13000000,3205.13000000,0.00000000,1545011399999,0.00000000,0,0.00000000,0.00000000,0
1545011400000,3205.13000000,3205.13000000,3197.44000000,3197.44000000,0.03063700,1545011699999,98.14722015,4,0.00000000,0.00000000,0
1545011700000,3194.89000000,3194.89000000,3191.07000000,3191.07000000,1.57544200,1545011999999,5027.49458262,4,0.00000000,0.00000000,0
1545012000000,3191.07000000,3191.07000000,3191.07000000,3191.07000000,0.00000000,1545012299999,0.00000000,0,0.00000000,0.00000000,0
1545012300000,3191.07000000,3191.07000000,3191.07000000,3191.07000000,0.00000000,1545012599999,0.00000000,0,0.00000000,0.00000000,0
1545012600000,3191.07000000,3191.07000000,3191.07000000,3191.07000000,0.00000000,1545012899999,0.00000000,0,0.00000000,0.00000000,0
1545012900000,3190.22000000,3190.22000000,3188.87000000,3188.96000000,0.02530100,1545013199999,80.69914092,5,0.00680100,21.69519000,0
1545013200000,3187.25000000,3205.13000000,3187.25000000,3205.13000000,0.36503200,1545013499999,1168.11121256,5,0.36187900,1158.06181331,0
1545013500000,3199.99000000,3199.99000000,3199.99000000,3199.99000000,0.03131600,1545013799999,100.21088684,1,0.00000000,0.00000000,0
1545013800000,3199.99000000,3199.99000000,3199.99000000,3199.99000000,0.00000000,1545014099999,0.00000000,0,0.00000000,0.00000000,0
1545014100000,3190.87000000,3190.87000000,3190.87000000,3190.87000000,1.42156900,1545014399999,4536.04187503,2,0.00000000,0.00000000,0
1545014400000,3190.87000000,3190.87000000,3190.87000000,3190.87000000,0.00000000,1545014699999,0.00000000,0,0.00000000,0.00000000,0
1545014700000,3196.00000000,3196.00000000,3196.00000000,3196.00000000,0.05301400,1545014999999,169.43274400,1,0.00000000,0.00000000,0
1545015000000,3196.00000000,3196.00000000,3196.00000000,3196.00000000,0.00000000,1545015299999,0.00000000,0,0.00000000,0.00000000,0
1545015300000,3200.10000000,3200.10000000,3200.10000000,3200.10000000,0.00444300,1545015599999,14.21804430,1,0.00000000,0.00000000,0
1545015600000,3205.13000000,3205.13000000,3205.13000000,3205.13000000,0.00313600,1545015899999,10.05128768,1,0.00313600,10.05128768,0
1545015900000,3202.74000000,3202.74000000,3202.74000000,3202.74000000,1.57216200,1545016199999,5035.22612388,1,0.00000000,0.00000000,0
1545016200000,3204.96000000,3204.96000000,3201.29000000,3203.24000000,0.53034700,1545016499999,1699.06194073,8,0.35445800,1135.99024392,0
1545016500000,3203.24000000,3203.24000000,3199.87000000,3203.24000000,0.60404200,1545016799999,1934.84805678,6,0.59115200,1893.60173248,0
1545016800000,3201.14000000,3202.48000000,3201.14000000,3202.48000000,1.33363200,1545017099999,4270.17434484,6,1.33363200,4270.17434484,0
1545017100000,3202.48000000,3202.48000000,3202.48000000,3202.48000000,0.00000000,1545017399999,0.00000000,0,0.00000000,0.00000000,0
1545017400000,3206.44000000,3206.44000000,3206.44000000,3206.44000000,0.33899200,1545017699999,1086.95750848,1,0.33899200,1086.95750848,0
1545017700000,3203.94000000,3206.44000000,3203.94000000,3206.44000000,0.08457700,1545017999999,271.15639838,2,0.07070600,226.71454664,0
1545018000000,3206.44000000,3207.70000000,3206.44000000,3207.70000000,0.18053300,1545018299999,578.87218010,4,0.18053300,578.87218010,0
1545018300000,3207.70000000,3207.70000000,3207.70000000,3207.70000000,0.05778300,1545018599999,185.35052910,2,0.05778300,185.35052910,0
1545018600000,3207.70000000,3207.70000000,3207.70000000,3207.70000000,0.15638400,1545018899999,501.63295680,4,0.00332100,10.65277170,0
1545018900000,3200.90000000,3205.00000000,3200.90000000,3205.00000000,0.06212000,1545019199999,198.93847610,4,0.02404100,77.05140500,0
1545019200000,3205.00000000,3205.00000000,3205.00000000,3205.00000000,0.00000000,1545019499999,0.00000000,0,0.00000000,0.00000000,0
1545019500000,3207.68000000,3207.68000000,3200.00000000,3200.00000000,0.02800900,1545019799999,89.63194880,2,0.00041000,1.31514880,0
1545019800000,3198.93000000,3200.69000000,3198.93000000,3200.69000000,0.52853900,1545020099999,1691.18166327,10,0.52853900,1691.18166327,0
1545020100000,3197.44000000,3199.06000000,3197.44000000,3199.06000000,0.38325900,1545020399999,1225.86507426,3,0.25766500,824.28579490,0
1545020400000,3200.47000000,3201.70000000,3200.47000000,3201.70000000,1.12559000,1545020699999,3603.00742730,10,1.12559000,3603.00742730,0
1545020700000,3201.70000000,3201.70000000,3201.70000000,3201.70000000,0.00000000,1545020999999,0.00000000,0,0.00000000,0.00000000,0
1545021000000,3197.98000000,3201.30000000,3197.98000000,3201.29000000,1.55570600,1545021299999,4979.70619207,14,1.49825000,4795.96305319,0
1545021300000,3201.29000000,3204.00000000,3198.39000000,3204.00000000,2.49523400,1545021599999,7988.03355713,15,2.19907400,7040.79837473,0
1545021600000,3204.00000000,3207.06000000,3204.00000000,3207.06000000,0.17982800,1545021899999,576.33937848,2,0.17982800,576.33937848,0
1545021900000,3205.44000000,3205.44000000,3205.44000000,3205.44000000,0.24000000,1545022199999,769.30560000,1,0.24000000,769.30560000,0
1545022200000,3208.07000000,3208.07000000,3208.07000000,3208.07000000,0.66220000,1545022499999,2124.38395400,1,0.66220000,2124.38395400,0
1545022500000,3207.39000000,3207.39000000,3207.23000000,3207.23000000,0.18778300,1545022799999,602.26844949,2,0.03236500,103.80717735,0
1545022800000,3207.23000000,3207.23000000,3206.18000000,3206.18000000,0.35583100,1545023099999,1141.22543738,2,0.00000000,0.00000000,0
1545023100000,3209.05000000,3209.05000000,3206.18000000,3206.18000000,2.47939700,1545023399999,7956.41495322,4,2.44664800,7851.41576440,0
1545023400000,3202.15000000,3205.50000000,3202.15000000,3205.50000000,0.28351600,1545023699999,908.77753045,2,0.27366300,877.22674650,0
1545023700000,3206.85000000,3206.85000000,3206.85000000,3206.85000000,0.77831400,1545023999999,2495.93625090,8,0.77831400,2495.93625090,0
1545024000000,3208.32000000,3208.32000000,3202.66000000,3205.03000000,4.67778900,1545024299999,15000.86981304,29,4.62407800,14828.85174178,0
1545024300000,3205.03000000,3205.03000000,3205.03000000,3205.03000000,0.52356100,1545024599999,1678.02871183,15,0.52356100,1678.02871183,0
1545024600000,3205.03000000,3205.03000000,3205.03000000,3205.03000000,0.00418300,1545024899999,13.40664049,1,0.00418300,13.40664049,0
1545024900000,3205.03000000,3205.03000000,3205.03000000,3205.03000000,0.00000000,1545025199999,0.00000000,0,0.00000000,0.00000000,0
1545025200000,3207.96000000,3207.96000000,3204.92000000,3204.92000000,1.36157500,1545025499999,4364.83748340,15,0.36136000,1159.22842560,0
1545025500000,3207.96000000,3222.27000000,3207.96000000,3210.81000000,0.79467800,1545025799999,2552.99920788,38,0.55563700,1782.80910588,0
1545025800000,3209.84000000,3213.22000000,3209.11000000,3213.22000000,2.23140800,1545026099999,7166.02063548,6,1.91245300,6142.39759382,0
1545026100000,3213.18000000,3213.18000000,3211.54000000,3211.54000000,0.45658500,1545026399999,1466.35930314,11,0.45658500,1466.35930314,0
1545026400000,3215.14000000,3215.14000000,3215.14000000,3215.14000000,0.04458700,1545026699999,143.35344718,1,0.00000000,0.00000000,0
1545026700000,3215.56000000,3215.56000000,3215.56000000,3215.56000000,3.68078400,1545026999999,11835.78179904,15,3.68078400,11835.78179904,0
1545027000000,3220.04000000,3224.54000000,3218.75000000,3224.54000000,1.20795200,1545027299999,3891.04177629,20,0.28178900,907.97452102,0
1545027300000,3224.53000000,3224.53000000,3224.53000000,3224.53000000,0.05300000,1545027599999,170.90009000,1,0.05300000,170.90009000,0
1545027600000,3222.54000000,3222.54000000,3218.75000000,3218.75000000,0.19507800,1545027899999,628.03735498,5,0.00000000,0.00000000,0
1545027900000,3222.92000000,3222.92000000,3222.92000000,3222.92000000,0.00701100,1545028199999,22.59589212,1,0.00701100,22.59589212,0
1545028200000,3223.21000000,3225.00000000,3223.21000000,3225.00000000,0.43087200,1545028499999,1389.28536727,8,0.43087200,1389.28536727,0
1545028500000,3223.68000000,3223.68000000,3223.68000000,3223.68000000,0.96741900,1545028799999,3118.64928192,1,0.96741900,3118.64928192,0
1545028800000,3220.00000000,3220.00000000,3218.75000000,3218.75000000,0.85748100,1545029099999,2760.02291672,6,0.00000000,0.00000000,0
1545029100000,3218.75000000,3218.75000000,3218.75000000,3218.75000000,0.21493500,1545029399999,691.82203125,2,0.00000000,0.00000000,0
1545029400000,3218.75000000,3218.75000000,3218.75000000,3218.75000000,0.00000000,1545029699999,0.00000000,0,0.00000000,0.00000000,0
1545029700000,3215.13000000,3215.13000000,3215.13000000,3215.13000000,0.28855000,1545029999999,927.72576150,2,0.28855000,927.72576150,0
1545030000000,3216.75000000,3218.39000000,3216.75000000,3218.39000000,0.61991800,1545030299999,1994.85705685,10,0.03891300,125.22592530,0
1545030300000,3218.39000000,3218.39000000,3218.39000000,3218.39000000,0.00000000,1545030599999,0.00000000,0,0.00000000,0.00000000,0
1545030600000,3218.39000000,3218.39000000,3218.39000000,3218.39000000,0.00000000,1545030899999,0.00000000,0,0.00000000,0.00000000,0
1545030900000,3214.68000000,3214.68000000,3214.68000000,3214.68000000,0.03386600,1545031199999,108.86835288,3,0.00000000,0.00000000,0
1545031200000,3218.75000000,3218.75000000,3218.75000000,3218.75000000,4.16576000,1545031499999,13408.54000000,9,4.16576000,13408.54000000,0
1545031500000,3218.40000000,3227.49000000,3218.40000000,3227.49000000,6.36861400,1545031799999,20540.08720162,39,6.09180600,19649.20833442,0
1545031800000,3228.27000000,3233.25000000,3219.55000000,3233.24000000,2.09429500,1545032099999,6759.01949368,23,0.05625400,181.82569887,0
1545032100000,3233.24000000,3236.22000000,3221.18000000,3231.00000000,20.26969800,1545032399999,65472.98804768,97,0.01500000,48.51755416,0
1545032400000,3230.00000000,3230.00000000,3230.00000000,3230.00000000,0.51132200,1545032699999,1651.57006000,2,0.00000000,0.00000000,0
1545032700000,3234.50000000,3234.50000000,3234.50000000,3234.50000000,0.00553700,1545032999999,17.90942650,1,0.00553700,17.90942650,0
1545033000000,3233.00000000,3245.11000000,3233.00000000,3245.11000000,1.27729000,1545033299999,4144.17033546,9,1.26275100,4097.16574846,0
1545033300000,3244.03000000,3246.00000000,3235.01000000,3235.01000000,1.30907400,1545033599999,4246.82260201,9,0.97725800,3171.21906818,0
1545033600000,3233.41000000,3252.03000000,3233.41000000,3250.72000000,0.18025000,1545033899999,585.62564306,9,0.14307800,464.96644122,0
1545033900000,3254.45000000,3254.45000000,3254.45000000,3254.45000000,0.03886900,1545034199999,126.49721705,2,0.03886900,126.49721705,0
1545034200000,3252.66000000,3252.67000000,3237.95000000,3238.87000000,2.12240000,1545034499999,6883.67862423,18,0.11907200,387.30077041,0
1545034500000,3235.67000000,3235.67000000,3235.67000000,3235.67000000,0.11923100,1545034799999,385.79216977,1,0.00000000,0.00000000,0
1545034800000,3235.67000000,3235.67000000,3235.67000000,3235.67000000,0.00000000,1545035099999,0.00000000,0,0.00000000,0.00000000,0
1545035100000,3233.80000000,3233.80000000,3233.80000000,3233.80000000,0.00435100,1545035399999,14.07026380,1,0.00435100,14.07026380,0
1545035400000,3233.80000000,3235.21000000,3233.80000000,3235.21000000,0.02971700,1545035699999,96.14072429,2,0.00000800,0.02587040,0
1545035700000,3235.71000000,3235.71000000,3235.71000000,3235.71000000,0.01821400,1545035999999,58.93522194,1,0.00000000,0.00000000,0
1545036000000,3233.63000000,3233.63000000,3233.63000000,3233.63000000,0.00310800,1545036299999,10.05012204,1,0.00000000,0.00000000,0
1545036300000,3233.63000000,3233.63000000,3233.63000000,3233.63000000,0.00000000,1545036599999,0.00000000,0,0.00000000,0.00000000,0
1545036600000,3237.15000000,3242.01000000,3232.54000000,3232.54000000,77.65040600,1545036899999,251344.58064378,4,0.00040600,1.31625606,0
1545036900000,3239.34000000,3240.91000000,3239.34000000,3240.67000000,1.77517200,1545037199999,5751.55305188,11,1.77517200,5751.55305188,0
1545037200000,3231.61000000,3235.36000000,3231.61000000,3235.36000000,0.29923000,1545037499999,967.54779655,3,0.29501500,953.92656040,0
1545037500000,3231.58000000,3235.36000000,3231.58000000,3231.58000000,0.10923300,1545037799999,353.11674294,10,0.03216000,104.04917760,0
1545037800000,3231.58000000,3231.58000000,3231.58000000,3231.58000000,0.00000000,1545038099999,0.00000000,0,0.00000000,0.00000000,0
1545038100000,3234.06000000,3234.31000000,3234.06000000,3234.31000000,0.90646000,1545038399999,2931.76234510,9,0.90646000,2931.76234510,0
1545038400000,3233.07000000,3233.07000000,3233.07000000,3233.07000000,0.02846800,1545038699999,92.03903676,1,0.00000000,0.00000000,0
1545038700000,3239.54000000,3240.00000000,3234.84000000,3240.00000000,2.14568000,1545038999999,6951.16294206,6,2.13805000,6926.48111286,0
1545039000000,3239.23000000,3239.23000000,3239.23000000,3239.23000000,0.13148700,1545039299999,425.91663501,1,0.13148700,425.91663501,0
1545039300000,3240.00000000,3240.00000000,3240.00000000,3240.00000000,0.12585000,1545039599999,407.75400000,1,0.12585000,407.75400000,0
1545039600000,3245.24000000,3245.24000000,3245.24000000,3245.24000000,0.00748900,1545039899999,24.30360236,1,0.00748900,24.30360236,0
1545039900000,3240.24000000,3244.67000000,3235.22000000,3240.69000000,1.33331100,1545040199999,4320.82052212,5,0.02573900,83.44483736,0
1545040200000,3239.26000000,3239.26000000,3239.26000000,3239.26000000,0.58277800,1545040499999,1887.76946428,3,0.00000000,0.00000000,0
1545040500000,3239.26000000,3239.26000000,3234.79000000,3234.79000000,1.11346900,1545040799999,3605.36267978,6,0.79498800,2573.71991572,0
1545040800000,3234.79000000,3234.79000000,3233.15000000,3234.65000000,2.71162900,1545041099999,8771.09927625,17,2.36980800,7665.81864910,0
1545041100000,3234.76000000,3238.26000000,3231.02000000,3237.15000000,0.93336400,1545041399999,3019.34376459,21,0.55818000,1805.89522756,0
1545041400000,3228.41000000,3238.42000000,3228.41000000,3238.42000000,1.07871200,1545041699999,3492.23978622,11,1.04587000,3386.21234500,0
1545041700000,3238.42000000,3238.42000000,3238.42000000,3238.42000000,0.00000000,1545041999999,0.00000000,0,0.00000000,0.00000000,0
1545042000000,3238.42000000,3238.42000000,3238.42000000,3238.42000000,0.00000000,1545042299999,0.00000000,0,0.00000000,0.00000000,0
1545042300000,3233.22000000,3233.22000000,3228.28000000,3228.28000000,1.91746400,1545042599999,6198.55771142,2,1.70992500,5528.56370850,0
1545042600000,3228.28000000,3228.28000000,3228.28000000,3228.28000000,0.00000000,1545042899999,0.00000000,0,0.00000000,0.00000000,0
1545042900000,3241.49000000,3241.49000000,3241.49000000,3241.49000000,0.14116200,1545043199999,457.57521138,2,0.00310000,10.04861900,0
1545043200000,3242.03000000,3246.34000000,3242.03000000,3246.32000000,0.13354500,1545043499999,433.44781958,5,0.10444800,339.06500777,0
1545043500000,3233.91000000,3233.91000000,3233.91000000,3233.91000000,0.02613800,1545043799999,84.52793958,1,0.00000000,0.00000000,0
1545043800000,3233.91000000,3233.91000000,3233.91000000,3233.91000000,0.00000000,1545044099999,0.00000000,0,0.00000000,0.00000000,0
1545044100000,3238.45000000,3239.86000000,3233.91000000,3233.91000000,0.23962900,1545044399999,776.12561560,3,0.22557400,730.67301055,0
1545044400000,3235.62000000,3235.62000000,3235.62000000,3235.62000000,0.01060000,1545044699999,34.29757200,2,0.00000000,0.00000000,0
1545044700000,3242.48000000,3242.62000000,3236.22000000,3236.22000000,3.79238400,1545044999999,12290.78607864,8,2.78200200,9020.96764260,0
1545045000000,3236.08000000,3236.08000000,3230.49000000,3231.02000000,10.20737900,1545045299999,33014.10352256,18,7.02434500,22731.34236760,0
1545045300000,3231.02000000,3231.02000000,3231.02000000,3231.02000000,0.01517000,1545045599999,49.01457340,1,0.01517000,49.01457340,0
1545045600000,3231.02000000,3231.02000000,3231.02000000,3231.02000000,0.04106700,1545045899999,132.68829834,4,0.04106700,132.68829834,0
1545045900000,3231.02000000,3231.02000000,3231.02000000,3231.02000000,0.00000000,1545046199999,0.00000000,0,0.00000000,0.00000000,0
1545046200000,3231.02000000,3231.02000000,3231.02000000,3231.02000000,0.00000000,1545046499999,0.00000000,0,0.00000000,0.00000000,0
1545046500000,3231.02000000,3231.02000000,3229.74000000,3229.74000000,0.01481800,1545046799999,47.86913276,3,0.00847300,27.37643246,0
1545046800000,3229.74000000,3237.28000000,3229.74000000,3237.28000000,0.00680200,1545047099999,21.99430486,2,0.00339700,10.99704016,0
1545047100000,3237.28000000,3237.28000000,3237.28000000,3237.28000000,0.00000000,1545047399999,0.00000000,0,0.00000000,0.00000000,0
1545047400000,3240.09000000,3240.11000000,3240.09000000,3240.11000000,0.07456500,1545047699999,241.59844083,2,0.07456500,241.59844083,0
1545047700000,3241.47000000,3242.11000000,3241.47000000,3242.11000000,6.98046300,1545047999999,22631.39689053,4,6.98046300,22631.39689053,0
1545048000000,3242.11000000,3242.11000000,3242.11000000,3242.11000000,5.60527600,1545048299999,18172.92137236,37,5.60527600,18172.92137236,0
1545048300000,3242.11000000,3246.75000000,3237.35000000,3239.10000000,9.75691200,1545048599999,31630.66959614,18,9.14805300,29659.01466249,0
1545048600000,3246.75000000,3375.74000000,3246.75000000,3357.89000000,124.50956300,1545048899999,411449.97304744,170,105.05557900,346591.38789414,0
1545048900000,3354.62000000,3356.00000000,3338.18000000,3341.22000000,28.86294700,1545049199999,96571.75502723,136,0.09655200,322.60147344,0
1545049200000,3341.22000000,3357.04000000,3338.47000000,3354.47000000,4.21159800,1545049499999,14069.33717312,33,0.85808100,2873.72127413,0
1545049500000,3338.68000000,3338.68000000,3338.68000000,3338.68000000,0.21479700,1545049799999,717.13844796,2,0.00000000,0.00000000,0
1545049800000,3339.51000000,3377.15000000,3339.51000000,3360.15000000,25.02134500,1545050099999,83878.95572042,136,4.81701200,16222.63044323,0
1545050100000,3347.44000000,3348.00000000,3347.44000000,3348.00000000,2.31397700,1545050399999,7746.10084504,12,0.00000000,0.00000000,0
1545050400000,3348.00000000,3383.08000000,3348.00000000,3365.86000000,4.13783500,1545050699999,13916.40639443,24,4.13263900,13898.95056975,0
1545050700000,3365.98000000,3390.33000000,3349.53000000,3390.33000000,4.09034100,1545050999999,13737.17156990,20,0.95363700,3219.73092735,0
1545051000000,3365.01000000,3393.97000000,3365.01000000,3372.55000000,0.40472800,1545051299999,1362.68483931,7,0.00957200,32.48708084,0
1545051300000,3392.60000000,3393.96000000,3374.00000000,3385.65000000,2.45496500,1545051599999,8319.41360391,11,2.10227000,7129.41662518,0
1545051600000,3394.00000000,3425.00000000,3394.00000000,3419.47000000,4.67079000,1545051899999,15960.65084001,29,3.62290700,12377.45423727,0
1545051900000,3419.47000000,3419.47000000,3387.40000000,3405.00000000,2.34246400,1545052199999,7982.72137873,24,0.47154000,1609.61601119,0
1545052200000,3405.00000000,3410.32000000,3384.06000000,3399.00000000,24.93433900,1545052499999,84831.00096737,92,0.00778400,26.51199604,0
1545052500000,3399.00000000,3399.15000000,3391.00000000,3399.00000000,4.01956800,1545052799999,13661.15895142,18,0.29955300,1018.18855042,0
1545052800000,3399.15000000,3399.15000000,3392.01000000,3392.02000000,0.75598500,1545053099999,2565.31542831,7,0.14099000,479.24605850,0
1545053100000,3392.02000000,3400.00000000,3392.02000000,3400.00000000,1.61857800,1545053399999,5503.09058700,17,1.60922800,5471.37520000,0
1545053400000,3400.60000000,3400.60000000,3375.00000000,3390.79000000,2.06213300,1545053699999,6974.98800982,15,1.05039500,3549.97813466,0
1545053700000,3383.00000000,3384.76000000,3375.00000000,3383.69000000,10.46028600,1545053999999,35372.07707749,20,7.22604100,24450.85667897,0
1545054000000,3382.00000000,3385.17000000,3378.00000000,3378.00000000,0.63409700,1545054299999,2144.42769652,8,0.16604700,561.78530897,0
1545054300000,3378.00000000,3390.00000000,3375.00000000,3380.00000000,2.52210300,1545054599999,8523.54187115,14,0.51605500,1748.38748615,0
1545054600000,3372.00000000,3374.98000000,3372.00000000,3373.00000000,4.60660400,1545054899999,15533.68498610,19,0.18591500,627.12167810,0
1545054900000,3374.98000000,3389.21000000,3373.01000000,3389.21000000,5.36121100,1545055199999,18117.06924876,43,5.29406100,17890.46718268,0
1545055200000,3391.00000000,3395.81000000,3386.00000000,3395.68000000,11.91454400,1545055499999,40457.49056979,11,11.82570600,40156.59626379,0
1545055500000,3397.33000000,3398.72000000,3395.14000000,3395.68000000,3.71116700,1545055799999,12612.32150778,7,3.55037500,12066.32332922,0
1545055800000,3397.64000000,3401.89000000,3397.64000000,3399.93000000,2.04052600,1545056099999,6936.29821740,17,0.78141200,2656.53538440,0
1545056100000,3399.93000000,3399.93000000,3397.22000000,3397.22000000,1.28922900,1545056399999,4382.47351388,6,1.28922900,4382.47351388,0
1545056400000,3394.94000000,3402.88000000,3390.01000000,3397.24000000,6.77127800,1545056699999,22992.24201406,23,0.80212600,2726.42813184,0
1545056700000,3397.00000000,3413.44000000,3390.02000000,3412.45000000,5.70548600,1545056999999,19419.45460636,17,2.21493100,7542.57711988,0
1545057000000,3408.00000000,3408.00000000,3408.00000000,3408.00000000,2.00000000,1545057299999,6816.00000000,4,0.00000000,0.00000000,0
1545057300000,3400.00000000,3407.99000000,3400.00000000,3406.00000000,2.88221600,1545057599999,9802.36737109,23,0.17597200,599.59235253,0
1545057600000,3400.68000000,3406.00000000,3385.65000000,3386.04000000,1.40190100,1545057899999,4752.75462976,12,0.89413300,3033.18820056,0
1545057900000,3384.57000000,3401.35000000,3384.57000000,3399.96000000,0.39600100,1545058199999,1345.71265865,10,0.38861700,1320.72099377,0
1545058200000,3384.54000000,3388.00000000,3384.54000000,3388.00000000,0.17079600,1545058499999,578.51415760,9,0.17079600,578.51415760,0
1545058500000,3388.00000000,3393.26000000,3388.00000000,3393.26000000,1.05385900,1545058799999,3572.03571967,17,1.05385900,3572.03571967,0
1545058800000,3393.24000000,3393.24000000,3393.24000000,3393.24000000,0.00382800,1545059099999,12.98932272,1,0.00382800,12.98932272,0
1545059100000,3377.01000000,3393.24000000,3377.01000000,3393.24000000,7.98366500,1545059399999,27008.62515088,14,0.09964200,337.83122488,0
1545059400000,3392.59000000,3394.03000000,3386.60000000,3390.96000000,1.33343800,1545059699999,4521.86416773,11,1.02786200,3487.00048613,0
1545059700000,3390.96000000,3393.95000000,3385.00000000,3385.01000000,1.88268700,1545059999999,6382.69042744,9,0.62672000,2126.15015573,0
1545060000000,3392.18000000,3392.18000000,3385.00000000,3387.86000000,0.19274200,1545060299999,653.31247976,7,0.17416300,590.42256476,0
1545060300000,3386.15000000,3386.15000000,3377.01000000,3377.01000000,3.87767800,1545060599999,13124.83218071,6,0.12006900,406.57164435,0
1545060600000,3377.01000000,3377.01000000,3377.01000000,3377.01000000,0.10451300,1545060899999,352.94144613,1,0.00000000,0.00000000,0
1545060900000,3390.00000000,3390.00000000,3377.49000000,3388.86000000,0.39177100,1545061199999,1324.00364808,3,0.06455300,218.82812526,0
1545061200000,3377.49000000,3390.00000000,3377.06000000,3380.01000000,1.41095200,1545061499999,4767.23239441,14,1.14891500,3882.16334379,0
1545061500000,3390.00000000,3390.00000000,3389.01000000,3389.01000000,0.37622100,1545061799999,1275.38880489,8,0.37622100,1275.38880489,0
1545061800000,3389.01000000,3405.98000000,3380.16000000,3405.98000000,3.68424900,1545062099999,12478.14591644,14,2.32193400,7872.13114618,0
1545062100000,3405.86000000,3405.86000000,3393.00000000,3403.04000000,0.20942100,1545062399999,712.67662832,3,0.20617900,701.67652232,0
1545062400000,3403.40000000,3421.66000000,3402.00000000,3402.00000000,3.41807800,1545062699999,11634.03733381,20,3.16848800,10784.65261301,0
1545062700000,3400.00000000,3422.85000000,3394.43000000,3408.65000000,1.36149700,1545062999999,4640.52670112,8,0.96100100,3280.30425865,0
1545063000000,3423.89000000,3423.89000000,3411.45000000,3421.76000000,4.65648700,1545063299999,15890.30518291,4,4.65648700,15890.30518291,0
1545063300000,3414.52000000,3414.52000000,3414.52000000,3414.52000000,0.00038500,1545063599999,1.31459020,1,0.00038500,1.31459020,0
1545063600000,3420.43000000,3420.43000000,3404.38000000,3404.40000000,0.05856900,1545063899999,199.39800347,3,0.00038500,1.31686555,0
1545063900000,3420.86000000,3433.39000000,3407.11000000,3407.11000000,1.22498400,1545064199999,4177.36152281,9,0.00792300,27.14330540,0
1545064200000,3410.81000000,3410.95000000,3410.81000000,3410.95000000,0.92968500,1545064499999,3171.00106104,4,0.00000000,0.00000000,0
1545064500000,3428.12000000,3428.97000000,3401.98000000,3402.02000000,0.19359300,1545064799999,658.90893271,6,0.01017700,34.89629959,0
1545064800000,3402.78000000,3422.61000000,3402.02000000,3422.61000000,3.16966800,1545065099999,10785.59292543,6,0.12445100,423.39271817,0
1545065100000,3402.91000000,3435.76000000,3402.91000000,3435.76000000,0.09809300,1545065399999,336.87460388,2,0.09354500,321.39816920,0
1545065400000,3415.00000000,3415.00000000,3396.28000000,3415.00000000,0.10918900,1545065699999,372.81556535,10,0.10576200,361.17651379,0
1545065700000,3415.00000000,3424.76000000,3415.00000000,3424.76000000,0.18070400,1545065999999,618.13093560,8,0.04834200,165.09168760,0
1545066000000,3424.76000000,3441.01000000,3421.00000000,3432.69000000,0.71786200,1545066299999,2468.40552958,12,0.68668000,2361.73168485,0
1545066300000,3421.00000000,3433.65000000,3419.61000000,3419.61000000,1.13958700,1545066599999,3898.58953051,9,0.00976700,33.48816892,0
1545066600000,3440.66000000,3440.66000000,3421.01000000,3435.76000000,2.35003000,1545066899999,8044.40549564,22,2.08133100,7121.49088979,0
1545066900000,3418.21000000,3428.43000000,3414.01000000,3416.00000000,1.25745500,1545067199999,4296.46325656,10,0.10561500,362.06214496,0
1545067200000,3409.01000000,3424.70000000,3406.00000000,3406.00000000,7.24315000,1545067499999,24768.47463837,26,1.19328100,4085.47359294,0
1545067500000,3422.42000000,3436.78000000,3421.99000000,3422.42000000,1.55494300,1545067799999,5321.64576320,6,0.10220700,349.77302208,0
1545067800000,3422.42000000,3422.42000000,3410.16000000,3410.16000000,0.48927700,1545068099999,1671.83280287,11,0.28695400,981.72451798,0
1545068100000,3409.14000000,3409.14000000,3407.00000000,3407.00000000,5.25900700,1545068399999,17918.21032635,6,0.00000000,0.00000000,0
1545068400000,3408.07000000,3427.28000000,3407.05000000,3427.28000000,0.70300200,1545068699999,2399.73355026,4,0.21000000,719.70420354,0
1545068700000,3418.00000000,3431.10000000,3413.11000000,3426.00000000,16.93425600,1545068999999,57928.56101800,85,0.29430000,1009.77273000,0
1545069000000,3422.00000000,3427.76000000,3421.00000000,3427.76000000,20.04682900,1545069299999,68581.03704940,99,0.00659800,22.57175800,0
1545069300000,3440.97000000,3441.03000000,3427.00000000,3427.00000000,2.42181300,1545069599999,8306.39979981,8,0.47952800,1650.05607441,0
1545069600000,3424.14000000,3428.17000000,3422.00000000,3422.00000000,2.97808000,1545069899999,10202.35851744,11,0.01000000,34.24140000,0
1545069900000,3422.00000000,3436.67000000,3422.00000000,3436.67000000,0.68626200,1545070199999,2356.11907401,17,0.55076300,1892.44149601,0
1545070200000,3439.97000000,3459.00000000,3439.97000000,3448.49000000,9.81290500,1545070499999,33797.80559823,65,6.75056300,23246.68863395,0
1545070500000,3449.24000000,3449.52000000,3449.24000000,3449.52000000,4.72835000,1545070799999,16309.21636704,33,4.71625300,16267.48849772,0
1545070800000,3453.01000000,3468.38000000,3451.72000000,3467.91000000,1.92393000,1545071099999,6670.23011686,20,0.59856100,2075.77159235,0
1545071100000,3452.05000000,3453.00000000,3436.94000000,3453.00000000,2.10994600,1545071399999,7264.03181222,18,0.00958300,32.99384400,0
1545071400000,3438.06000000,3438.06000000,3438.06000000,3438.06000000,0.20432800,1545071699999,702.49192368,2,0.14813400,509.29358004,0
1545071700000,3453.00000000,3453.00000000,3453.00000000,3453.00000000,0.04653400,1545071999999,160.68190200,3,0.04653400,160.68190200,0
1545072000000,3453.01000000,3468.39000000,3453.00000000,3456.78000000,3.08569800,1545072299999,10665.48839480,16,2.90057200,10025.83108704,0
1545072300000,3471.00000000,3523.00000000,3471.00000000,3522.36000000,4.45546900,1545072599999,15546.21512834,45,2.65521600,9264.98677810,0
1545072600000,3510.08000000,3522.36000000,3492.07000000,3522.36000000,11.69595800,1545072899999,41024.34051380,50,0.59841700,2107.32706509,0
1545072900000,3518.14000000,3522.36000000,3511.05000000,3522.36000000,0.93404600,1545073199999,3283.72665030,13,0.30358500,1068.86763208,0
1545073200000,3528.00000000,3569.00000000,3528.00000000,3541.00000000,13.04807000,1545073499999,46405.31687545,58,11.13936200,39638.36475797,0
1545073500000,3547.00000000,3565.76000000,3546.02000000,3551.01000000,1.99147100,1545073799999,7083.43216493,22,0.94834800,3377.75198092,0
1545073800000,3551.01000000,3563.20000000,3540.02000000,3561.76000000,5.55368400,1545074099999,19718.24135486,47,1.57923400,5615.66541178,0
1545074100000,3530.82000000,3541.87000000,3527.03000000,3541.04000000,4.80506600,1545074399999,16960.15393659,31,0.99868100,3527.17191246,0
1545074400000,3541.05000000,3542.34000000,3523.00000000,3527.00000000,8.09495800,1545074699999,28568.76380095,39,0.17235500,610.52428818,0
1545074700000,3530.00000000,3548.00000000,3527.00000000,3542.00000000,7.23381300,1545074999999,25590.07216984,53,3.09261000,10937.23012000,0
1545075000000,3552.50000000,3552.50000000,3450.08000000,3542.67000000,21.77530900,1545075299999,76376.60518112,69,13.05590600,45572.21989917,0
1545075300000,3542.68000000,3542.69000000,3534.38000000,3534.38000000,2.71674700,1545075599999,9618.42330514,28,0.07802000,276.00901340,0
1545075600000,3534.38000000,3540.00000000,3530.00000000,3540.00000000,1.51088100,1545075899999,5343.61181049,10,1.04853200,3711.30324145,0
1545075900000,3539.99000000,3539.99000000,3520.00000000,3520.00000000,0.84743300,1545076199999,2995.28562914,18,0.27457500,971.14247758,0
1545076200000,3515.05000000,3519.63000000,3508.80000000,3508.80000000,3.75563200,1545076499999,13193.20601502,21,0.14933300,525.39685838,0
1545076500000,3518.44000000,3536.40000000,3508.80000000,3519.93000000,5.02347400,1545076799999,17673.94528807,35,2.33821000,8242.47228948,0
1545076800000,3525.00000000,3541.07000000,3525.00000000,3535.00000000,21.49900400,1545077099999,75813.93102534,86,0.46471600,1642.75180534,0
1545077100000,3532.00000000,3536.00000000,3530.00000000,3536.00000000,5.39070500,1545077399999,19031.69910800,33,0.24374800,861.89292800,0
1545077400000,3535.99000000,3542.12000000,3534.42000000,3541.00000000,7.58138900,1545077699999,26841.88951776,30,1.07253400,3796.24983364,0
1545077700000,3541.00000000,3550.00000000,3532.64000000,3532.65000000,16.96376800,1545077999999,60136.71175594,112,6.62755500,23526.71807522,0
1545078000000,3532.82000000,3550.00000000,3532.82000000,3550.00000000,2.36343800,1545078299999,8387.33259950,31,2.25900500,8017.61258324,0
1545078300000,3550.00000000,3550.00000000,3529.29000000,3529.29000000,1.57009500,1545078599999,5556.21520440,18,1.51573900,5364.24863472,0
1545078600000,3540.00000000,3540.00000000,3526.16000000,3540.00000000,0.11339000,1545078899999,401.30424592,5,0.10642800,376.75512000,0
1545078900000,3540.00000000,3550.00000000,3540.00000000,3550.00000000,0.18522600,1545079199999,656.06231500,7,0.06004200,212.75665000,0
1545079200000,3543.00000000,3587.35000000,3543.00000000,3548.42000000,11.07623800,1545079499999,39403.34238401,92,4.92782200,17555.60859677,0
1545079500000,3572.27000000,3573.79000000,3549.00000000,3549.00000000,1.12381400,1545079799999,3994.82790152,13,0.35760400,1274.06837596,0
1545079800000,3549.00000000,3559.30000000,3549.00000000,3555.00000000,14.04271400,1545080099999,49978.86184697,12,13.94126100,49618.50279197,0
1545080100000,3548.42000000,3559.30000000,3542.23000000,3542.23000000,3.30032900,1545080399999,11707.45346974,32,2.79419000,9912.72845202,0
1545080400000,3557.82000000,3557.82000000,3540.00000000,3540.00000000,3.93545900,1545080699999,13933.24667714,26,0.04800000,170.77536000,0
1545080700000,3540.00000000,3547.92000000,3520.75000000,3523.47000000,48.52741400,1545080999999,171214.71986707,107,40.11813100,141530.92968129,0
1545081000000,3520.00000000,3523.47000000,3508.84000000,3510.00000000,24.15418600,1545081299999,85003.12890393,107,0.49944900,1759.68359352,0
1545081300000,3510.00000000,3513.88000000,3483.59000000,3491.00000000,8.05064500,1545081599999,28191.59094314,28,0.07137200,250.53928916,0
1545081600000,3491.00000000,3501.00000000,3490.00000000,3500.00000000,1.41231300,1545081899999,4941.79157187,18,0.02400200,84.03100200,0
1545081900000,3505.00000000,3505.00000000,3489.86000000,3495.00000000,4.66599900,1545082199999,16314.36094622,19,0.00000000,0.00000000,0
1545082200000,3500.01000000,3500.01000000,3467.83000000,3490.00000000,10.01488300,1545082499999,34945.00462639,36,0.05028500,175.66818085,0
1545082500000,3490.00000000,3495.00000000,3490.00000000,3495.00000000,94.82691300,1545082799999,331413.01074500,348,13.36838300,46722.49858500,0
1545082800000,3495.00000000,3495.00000000,3480.00000000,3480.00000000,44.77986700,1545083099999,156344.34002596,220,0.18610300,647.63844000,0
1545083100000,3490.00000000,3493.00000000,3488.00000000,3493.00000000,8.36646100,1545083399999,29194.05940719,65,0.00565000,19.73545000,0
1545083400000,3492.90000000,3499.99000000,3492.90000000,3499.99000000,51.96048800,1545083699999,181747.75468674,144,2.80253000,9800.52311961,0
1545083700000,3499.99000000,3499.99000000,3495.00000000,3495.00000000,5.39989100,1545083999999,18883.02676861,40,0.00684600,23.94162582,0
1545084000000,3495.00000000,3495.00000000,3495.00000000,3495.00000000,1.82105600,1545084299999,6364.59072000,29,0.00000000,0.00000000,0
1545084300000,3495.00000000,3510.00000000,3495.00000000,3509.00000000,3.46205000,1545084599999,12109.18245870,33,1.96804600,6886.98161331,0
1545084600000,3513.94000000,3513.94000000,3500.52000000,3513.94000000,3.43338300,1545084899999,12060.07940217,21,3.20321100,11254.16189645,0
1545084900000,3512.14000000,3512.14000000,3502.50000000,3502.50000000,0.40019400,1545085199999,1402.95241064,9,0.12536600,439.85248064,0
1545085200000,3495.00000000,3496.00000000,3494.00000000,3494.00000000,8.79760700,1545085499999,30750.87588400,100,0.00552400,19.31190400,0
1545085500000,3494.00000000,3500.99000000,3494.00000000,3500.99000000,0.40386800,1545085799999,1411.93064737,10,0.12291400,430.27737137,0
1545085800000,3506.89000000,3508.00000000,3496.17000000,3508.00000000,1.37762800,1545086099999,4820.77136400,7,0.37762800,1324.60136400,0
1545086100000,3500.00000000,3508.00000000,3496.18000000,3500.00000000,12.18653300,1545086399999,42674.77902120,51,12.15926600,42579.37689846,0
1545086400000,3508.00000000,3508.00000000,3496.46000000,3496.46000000,0.64914500,1545086699999,2275.42218444,9,0.49503100,1736.56874800,0
1545086700000,3496.55000000,3500.58000000,3489.00000000,3499.38000000,0.63301800,1545086999999,2213.33946823,12,0.34484700,1206.57527128,0
1545087000000,3489.00000000,3489.38000000,3480.00000000,3480.02000000,4.91145900,1545087299999,17130.82216764,22,0.57701800,2008.02617954,0
1545087300000,3480.02000000,3480.02000000,3480.02000000,3480.02000000,0.00961300,1545087599999,33.45343226,1,0.00961300,33.45343226,0
1545087600000,3480.02000000,3489.00000000,3480.02000000,3489.00000000,0.19381500,1545087899999,674.52354848,5,0.19381500,674.52354848,0
1545087900000,3482.59000000,3488.98000000,3482.59000000,3486.06000000,1.54757300,1545088199999,5389.73065282,4,0.04393700,153.18295558,0
1545088200000,3482.59000000,3486.66000000,3482.59000000,3486.66000000,0.39455500,1545088499999,1374.08503126,8,0.00288300,10.05204078,0
1545088500000,3482.59000000,3489.00000000,3482.59000000,3489.00000000,0.46944500,1545088799999,1635.48702335,12,0.07962100,277.74749926,0
1545088800000,3499.00000000,3500.00000000,3499.00000000,3500.00000000,1.20977700,1545089099999,4234.20960100,16,1.00989900,3534.63660100,0
1545089100000,3491.43000000,3494.63000000,3491.43000000,3494.63000000,0.19814200,1545089399999,691.92097746,2,0.00000000,0.00000000,0
1545089400000,3494.63000000,3494.63000000,3494.63000000,3494.63000000,0.09172500,1545089699999,320.54493675,3,0.09172500,320.54493675,0
1545089700000,3505.24000000,3505.24000000,3491.46000000,3505.23000000,0.38437000,1545089999999,1346.95899611,3,0.35901900,1258.44699365,0
1545090000000,3505.24000000,3507.63000000,3499.42000000,3499.42000000,3.94530500,1545090299999,13836.12645847,32,3.52933900,12377.41463527,0
1545090300000,3500.05000000,3507.63000000,3499.82000000,3507.63000000,0.79884900,1545090599999,2797.60201941,8,0.02303300,80.79124179,0
1545090600000,3487.67000000,3507.61000000,3437.28000000,3494.65000000,0.67312800,1545090899999,2344.94987232,15,0.23192200,807.48815332,0
1545090900000,3494.65000000,3494.65000000,3494.65000000,3494.65000000,0.00000000,1545091199999,0.00000000,0,0.00000000,0.00000000,0
1545091200000,3507.62000000,3509.11000000,3495.44000000,3509.11000000,5.14777200,1545091499999,18057.78986457,28,4.69926800,16489.48822368,0
1545091500000,3509.11000000,3519.00000000,3509.11000000,3519.00000000,6.86908800,1545091799999,24111.23925053,39,5.29098800,18566.66251193,0
1545091800000,3519.00000000,3519.57000000,3507.43000000,3511.26000000,1.70015800,1545092099999,5970.98630333,16,0.58587500,2059.71601191,0
1545092100000,3519.57000000,3523.47000000,3507.46000000,3523.47000000,11.52145500,1545092399999,40549.07578630,65,10.97757900,38639.21713782,0
1545092400000,3523.00000000,3523.47000000,3522.15000000,3522.15000000,7.49742500,1545092699999,26416.16707579,36,6.90629700,24334.12559059,0
1545092700000,3523.47000000,3530.45000000,3522.15000000,3530.45000000,4.66648600,1545092999999,16448.70603822,17,4.39279400,15484.72176042,0
1545093000000,3522.15000000,3522.15000000,3516.40000000,3516.40000000,0.83187500,1545093299999,2926.47520934,13,0.00000000,0.00000000,0
1545093300000,3516.40000000,3516.63000000,3502.06000000,3506.55000000,0.77637800,1545093599999,2724.94177510,16,0.00000000,0.00000000,0
1545093600000,3506.41000000,3510.00000000,3506.41000000,3506.41000000,1.02844400,1545093899999,3606.36209222,4,0.06010200,210.95802000,0
1545093900000,3506.41000000,3510.22000000,3502.65000000,3510.22000000,0.29916800,1545094199999,1048.68137941,6,0.01000000,35.10220000,0
1545094200000,3502.65000000,3508.94000000,3480.03000000,3508.94000000,0.75223000,1545094499999,2633.48869929,9,0.40629900,1424.28218838,0
1545094500000,3500.00000000,3507.97000000,3491.60000000,3491.60000000,2.12353100,1545094799999,7444.50087241,5,2.01114400,7052.09042321,0
1545094800000,3491.81000000,3493.41000000,3491.60000000,3493.41000000,1.41399600,1545095099999,4937.41355631,9,1.01247800,3535.16818480,0
1545095100000,3493.41000000,3493.41000000,3493.41000000,3493.41000000,0.00000000,1545095399999,0.00000000,0,0.00000000,0.00000000,0
1545095400000,3506.85000000,3506.85000000,3492.11000000,3492.11000000,0.56717800,1545095699999,1981.76608154,4,0.06048900,212.12584965,0
1545095700000,3488.99000000,3488.99000000,3488.99000000,3488.99000000,0.25000000,1545095999999,872.24750000,1,0.00000000,0.00000000,0
1545096000000,3480.67000000,3492.22000000,3477.86000000,3477.86000000,0.44192600,1545096299999,1539.15230009,8,0.19995700,697.13883454,0
1545096300000,3481.42000000,3487.34000000,3481.42000000,3487.34000000,0.04710600,1545096599999,164.05497052,2,0.00000000,0.00000000,0
1545096600000,3490.47000000,3494.32000000,3488.14000000,3490.43000000,3.03269400,1545096899999,10591.08319468,16,2.67661900,9348.51072518,0
1545096900000,3490.43000000,3492.99000000,3490.43000000,3492.99000000,0.31443100,1545097199999,1098.06607693,5,0.00000000,0.00000000,0
1545097200000,3482.24000000,3482.24000000,3482.22000000,3482.22000000,0.72497200,1545097499999,2524.51815184,3,0.00000000,0.00000000,0
1545097500000,3497.90000000,3498.70000000,3493.65000000,3493.65000000,1.38989700,1545097799999,4857.34552563,5,1.38989700,4857.34552563,0
1545097800000,3493.65000000,3493.65000000,3493.65000000,3493.65000000,0.80783800,1545098099999,2822.30322870,3,0.80783800,2822.30322870,0
1545098100000,3493.65000000,3493.65000000,3493.65000000,3493.65000000,0.24431800,1545098399999,853.56158070,5,0.18596700,649.70360955,0
1545098400000,3493.65000000,3500.00000000,3491.43000000,3500.00000000,0.83136000,1545098699999,2908.06875353,8,0.81643500,2855.95916078,0
1545098700000,3500.00000000,3508.82000000,3500.00000000,3506.62000000,20.53441600,1545098999999,71905.38908450,85,20.53441600,71905.38908450,0
1545099000000,3500.21000000,3518.69000000,3500.21000000,3510.29000000,1.34679000,1545099299999,4727.61365790,8,1.34140000,4708.74752600,0
1545099300000,3510.29000000,3510.51000000,3497.79000000,3497.79000000,0.24426600,1545099599999,855.43087565,7,0.08298900,291.19579782,0
1545099600000,3504.33000000,3504.33000000,3497.80000000,3504.29000000,2.49706900,1545099899999,8748.85836754,26,2.40644200,8431.86324694,0
1545099900000,3504.29000000,3504.29000000,3496.81000000,3502.74000000,5.59614400,1545100199999,19598.27696343,39,4.96933400,17406.40050906,0
1545100200000,3502.74000000,3502.74000000,3496.82000000,3498.64000000,3.91150400,1545100499999,13693.17584818,31,3.90628500,13674.92594460,0
1545100500000,3494.52000000,3496.03000000,3494.52000000,3496.03000000,1.51740500,1545100799999,5304.86576160,3,1.51740500,5304.86576160,0
1545100800000,3489.77000000,3500.54000000,3489.77000000,3500.54000000,6.14437400,1545101099999,21461.77831302,4,1.94740300,6814.98507895,0
1545101100000,3500.35000000,3500.35000000,3492.27000000,3492.27000000,0.22191800,1545101399999,775.36019481,5,0.06288000,219.95655855,0
1545101400000,3500.35000000,3502.24000000,3494.09000000,3502.24000000,1.11596700,1545101699999,3902.48595222,13,0.45911100,1607.37197118,0
1545101700000,3502.24000000,3502.24000000,3502.24000000,3502.24000000,0.33415200,1545101999999,1170.28050048,2,0.33415200,1170.28050048,0
1545102000000,3502.24000000,3502.24000000,3502.24000000,3502.24000000,0.00000000,1545102299999,0.00000000,0,0.00000000,0.00000000,0
1545102300000,3508.00000000,3510.00000000,3499.41000000,3499.41000000,0.36475300,1545102599999,1278.76012095,8,0.24510800,860.07321150,0
1545102600000,3509.85000000,3512.24000000,3509.85000000,3512.24000000,0.81562500,1545102899999,2863.43364787,17,0.67680700,2376.19634967,0
1545102900000,3511.98000000,3512.15000000,3503.71000000,3506.03000000,0.17076200,1545103199999,599.65624050,5,0.16203100,569.05847665,0
1545103200000,3512.22000000,3512.22000000,3512.22000000,3512.22000000,0.05382100,1545103499999,189.03119262,3,0.05382100,189.03119262,0
1545103500000,3512.20000000,3512.20000000,3512.20000000,3512.20000000,0.46547200,1545103799999,1634.83075840,1,0.46547200,1634.83075840,0
1545103800000,3512.20000000,3512.20000000,3503.56000000,3503.56000000,0.97057500,1545104099999,3408.49694220,4,0.87059500,3057.70375900,0
1545104100000,3503.56000000,3514.94000000,3503.56000000,3514.94000000,0.19714000,1545104399999,692.04984890,9,0.15587100,547.46143126,0
1545104400000,3518.03000000,3521.13000000,3518.03000000,3521.13000000,0.00571100,1545104699999,20.10031673,2,0.00571100,20.10031673,0
1545104700000,3514.51000000,3539.82000000,3514.51000000,3536.10000000,1.01558400,1545104999999,3581.78799538,14,0.57429500,2030.73906351,0
1545105000000,3529.85000000,3536.14000000,3529.85000000,3536.14000000,0.42871900,1545105299999,1514.97521994,10,0.41246700,1457.54764030,0
1545105300000,3532.60000000,3536.67000000,3525.68000000,3532.60000000,4.70220800,1545105599999,16607.27526048,33,4.58486000,16193.54376384,0
1545105600000,3526.10000000,3527.76000000,3524.10000000,3527.76000000,0.34554900,1545105899999,1218.40679632,9,0.32571400,1148.45719062,0
1545105900000,3529.06000000,3529.06000000,3522.01000000,3522.01000000,0.17381600,1545106199999,613.28388011,2,0.00000000,0.00000000,0
1545106200000,3522.01000000,3528.72000000,3522.01000000,3528.72000000,0.04042700,1545106499999,142.49660398,12,0.01732300,61.12408494,0
1545106500000,3528.72000000,3528.72000000,3528.00000000,3528.00000000,3.32052800,1545106799999,11716.73075394,11,3.32052800,11716.73075394,0
1545106800000,3523.01000000,3523.01000000,3514.27000000,3514.27000000,2.12082700,1545107099999,7461.64792294,9,0.00000000,0.00000000,0
1545107100000,3516.00000000,3516.00000000,3516.00000000,3516.00000000,0.00767700,1545107399999,26.99233200,1,0.00000000,0.00000000,0
1545107400000,3516.01000000,3518.03000000,3516.01000000,3518.03000000,0.01131000,1545107699999,39.77183414,2,0.00285200,10.03342156,0
1545107700000,3518.03000000,3518.03000000,3517.00000000,3518.03000000,0.74915400,1545107999999,2635.51265832,9,0.27119800,954.08269994,0
1545108000000,3521.13000000,3521.13000000,3521.13000000,3521.13000000,0.01127500,1545108299999,39.70074075,3,0.00285400,10.04930502,0
1545108300000,3524.22000000,3524.22000000,3517.02000000,3519.00000000,2.69531700,1545108599999,9484.83586996,11,0.00000000,0.00000000,0
1545108600000,3519.00000000,3519.00000000,3519.00000000,3519.00000000,4.86800800,1545108899999,17130.52015200,10,0.00000000,0.00000000,0
1545108900000,3519.00000000,3519.00000000,3519.00000000,3519.00000000,0.02219800,1545109199999,78.11476200,4,0.00000000,0.00000000,0
1545109200000,3519.33000000,3519.33000000,3519.00000000,3519.00000000,2.80925800,1545109499999,9885.96939318,7,0.00000000,0.00000000,0
1545109500000,3514.27000000,3514.27000000,3502.80000000,3512.22000000,0.78744100,1545109799999,2762.39190106,5,0.12000000,421.46640000,0
1545109800000,3498.94000000,3510.20000000,3498.86000000,3510.20000000,10.84667200,1545110099999,37956.59946609,9,0.43168100,1515.18228887,0
1545110100000,3509.94000000,3509.94000000,3509.94000000,3509.94000000,0.00438900,1545110399999,15.40512666,1,0.00438900,15.40512666,0
1545110400000,3505.55000000,3505.55000000,3492.37000000,3492.37000000,0.10740600,1545110699999,376.37508880,2,0.09663100,338.74480205,0
1545110700000,3492.38000000,3493.01000000,3492.38000000,3493.00000000,0.51136500,1545110999999,1786.16607473,7,0.00000000,0.00000000,0
1545111000000,3492.37000000,3505.06000000,3492.32000000,3492.32000000,0.59995100,1545111299999,2095.37595660,8,0.08604400,300.62465551,0
1545111300000,3484.54000000,3486.31000000,3484.54000000,3486.31000000,0.46969200,1545111599999,1636.82827790,4,0.00000000,0.00000000,0
1545111600000,3486.40000000,3486.40000000,3486.40000000,3486.40000000,0.04835300,1545111899999,168.57789920,1,0.00000000,0.00000000,0
1545111900000,3484.55000000,3486.40000000,3484.55000000,3486.39000000,0.10005900,1545112199999,348.76609053,4,0.05717300,199.32767923,0
1545112200000,3486.40000000,3486.40000000,3477.69000000,3477.69000000,2.11072500,1545112499999,7349.94856184,27,1.62555500,5661.44029204,0
1545112500000,3477.69000000,3477.69000000,3475.64000000,3475.64000000,0.67096800,1545112799999,2332.24835072,7,0.47895100,1664.86638484,0
1545112800000,3475.84000000,3493.25000000,3475.64000000,3492.16000000,0.67709200,1545113099999,2360.84755881,9,0.65710500,2291.37594473,0
1545113100000,3492.16000000,3492.16000000,3492.16000000,3492.16000000,0.12590000,1545113399999,439.66294400,2,0.12590000,439.66294400,0
1545113400000,3501.00000000,3504.46000000,3485.18000000,3485.18000000,0.41575100,1545113699999,1454.78865222,6,0.31575100,1106.27065222,0
1545113700000,3485.59000000,3485.59000000,3485.59000000,3485.59000000,0.21429500,1545113999999,746.94450905,1,0.00000000,0.00000000,0
1545114000000,3485.59000000,3485.59000000,3485.12000000,3485.12000000,0.19150100,1545114299999,667.40396747,2,0.00000000,0.00000000,0
1545114300000,3485.12000000,3485.12000000,3485.12000000,3485.12000000,0.00000000,1545114599999,0.00000000,0,0.00000000,0.00000000,0
1545114600000,3485.12000000,3485.12000000,3485.12000000,3485.12000000,0.00000000,1545114899999,0.00000000,0,0.00000000,0.00000000,0
1545114900000,3486.00000000,3486.00000000,3486.00000000,3486.00000000,1.42532900,1545115199999,4968.69689400,2,0.00000000,0.00000000,0
1545115200000,3499.80000000,3500.00000000,3491.70000000,3491.70000000,1.43623000,1545115499999,5026.52977940,5,0.31936000,1117.73497460,0
1545115500000,3491.72000000,3491.72000000,3491.70000000,3491.70000000,0.20873600,1545115799999,728.84404994,5,0.16539600,577.51321320,0
1545115800000,3491.70000000,3491.70000000,3481.75000000,3481.75000000,1.23548200,1545116099999,4303.55968225,8,0.00006500,0.22696050,0
1545116100000,3481.79000000,3489.62000000,3481.76000000,3488.69000000,0.53480900,1545116399999,1862.82056313,7,0.09950500,347.18892674,0
1545116400000,3489.59000000,3489.59000000,3489.59000000,3489.59000000,0.00037700,1545116699999,1.31557543,1,0.00037700,1.31557543,0
1545116700000,3489.59000000,3491.86000000,3489.59000000,3491.86000000,0.31824700,1545116999999,1110.99199999,6,0.31824700,1110.99199999,0
1545117000000,3491.86000000,3491.86000000,3491.86000000,3491.86000000,0.00000000,1545117299999,0.00000000,0,0.00000000,0.00000000,0
1545117300000,3491.86000000,3491.86000000,3491.86000000,3491.86000000,0.07135200,1545117599999,249.15119472,1,0.07135200,249.15119472,0
1545117600000,3494.83000000,3494.83000000,3494.80000000,3494.80000000,0.05853000,1545117899999,204.55065531,2,0.05853000,204.55065531,0
1545117900000,3494.80000000,3494.80000000,3494.80000000,3494.80000000,0.00000000,1545118199999,0.00000000,0,0.00000000,0.00000000,0
1545118200000,3499.48000000,3500.00000000,3499.48000000,3500.00000000,0.19590300,1545118499999,685.66030448,4,0.19590300,685.66030448,0
1545118500000,3506.08000000,3508.30000000,3496.24000000,3508.19000000,3.59368900,1545118799999,12604.77764093,27,0.56590700,1984.69205829,0
1545118800000,3508.55000000,3508.55000000,3500.63000000,3500.91000000,10.14651000,1545119099999,35593.93811446,7,9.41443000,33030.99837650,0
1545119100000,3500.91000000,3500.91000000,3500.91000000,3500.91000000,0.00000000,1545119399999,0.00000000,0,0.00000000,0.00000000,0
1545119400000,3503.34000000,3503.34000000,3503.34000000,3503.34000000,0.89127100,1545119699999,3122.42534514,5,0.89127100,3122.42534514,0
1545119700000,3501.00000000,3503.34000000,3501.00000000,3503.34000000,0.14536000,1545119999999,509.22691110,5,0.13741500,481.41146610,0
1545120000000,3503.34000000,3512.63000000,3492.35000000,3492.35000000,4.44662800,1545120299999,15577.32775654,16,2.23361800,7840.67267019,0
1545120300000,3492.45000000,3493.87000000,3492.45000000,3493.87000000,1.63610500,1545120599999,5715.96428525,28,1.63610500,5715.96428525,0
1545120600000,3492.35000000,3492.96000000,3486.20000000,3486.20000000,1.25829500,1545120899999,4392.49588744,9,0.68016300,2375.78215248,0
1545120900000,3492.96000000,3497.98000000,3490.85000000,3490.85000000,0.63700000,1545121199999,2225.06205523,5,0.63310100,2211.45123108,0
1545121200000,3495.76000000,3495.76000000,3491.28000000,3491.28000000,3.95559800,1545121499999,13810.19902768,17,0.02206300,77.12695288,0
1545121500000,3490.86000000,3490.86000000,3463.00000000,3465.55000000,3.08074500,1545121799999,10696.47835875,29,1.76074900,6113.74301047,0
1545121800000,3465.55000000,3465.55000000,3442.00000000,3458.54000000,32.18606100,1545122099999,111237.95148571,132,21.77577200,75270.21101525,0
1545122100000,3458.54000000,3458.73000000,3437.24000000,3441.07000000,7.35044500,1545122399999,25293.16749456,50,0.06600000,228.27618000,0
1545122400000,3439.23000000,3443.03000000,3439.23000000,3440.88000000,3.05085600,1545122699999,10503.59497473,16,0.00000000,0.00000000,0
1545122700000,3449.28000000,3452.03000000,3441.00000000,3441.00000000,1.59513400,1545122999999,5494.59350969,16,1.46008900,5028.78549209,0
1545123000000,3441.00000000,3452.34000000,3441.00000000,3452.34000000,2.46784400,1545123299999,8501.86909284,11,1.85604600,6396.64770292,0
1545123300000,3447.44000000,3447.44000000,3444.04000000,3446.76000000,0.71743800,1545123599999,2473.08866104,12,0.00000000,0.00000000,0
1545123600000,3445.14000000,3445.14000000,3435.77000000,3440.76000000,22.91526700,1545123899999,78840.01980768,33,5.89201400,20274.09071201,0
1545123900000,3440.76000000,3440.76000000,3432.46000000,3440.76000000,4.13168300,1545124199999,14190.52714078,26,1.99235800,6844.63959753,0
1545124200000,3440.76000000,3440.76000000,3428.34000000,3429.84000000,1.20712000,1545124499999,4140.61066926,8,0.03340400,114.93514704,0
1545124500000,3429.83000000,3441.71000000,3429.83000000,3436.30000000,36.63762100,1545124799999,125875.76311889,49,1.74321100,5998.47281512,0
1545124800000,3438.79000000,3441.81000000,3437.39000000,3441.81000000,0.33598000,1545125099999,1155.32875413,10,0.00000000,0.00000000,0
1545125100000,3441.81000000,3441.81000000,3441.81000000,3441.81000000,0.00000000,1545125399999,0.00000000,0,0.00000000,0.00000000,0
1545125400000,3443.31000000,3452.90000000,3443.31000000,3447.60000000,0.95331200,1545125699999,3288.19098740,17,0.54800600,1891.12303514,0
1545125700000,3452.92000000,3452.92000000,3452.92000000,3452.92000000,6.69949400,1545125999999,23132.81682248,42,6.69949400,23132.81682248,0
1545126000000,3448.89000000,3448.89000000,3447.60000000,3447.60000000,0.10681500,1545126299999,368.28509625,4,0.00000000,0.00000000,0
1545126300000,3447.60000000,3447.60000000,3445.65000000,3447.60000000,0.07432600,1545126599999,256.22138295,5,0.07050800,243.05844615,0
1545126600000,3446.66000000,3447.60000000,3438.34000000,3443.39000000,1.84954900,1545126899999,6362.15597858,12,0.31996700,1102.81790723,0
1545126900000,3443.39000000,3443.39000000,3443.39000000,3443.39000000,0.00000000,1545127199999,0.00000000,0,0.00000000,0.00000000,0
1545127200000,3443.39000000,3449.19000000,3436.14000000,3436.14000000,1.59677200,1545127499999,5496.83828523,16,1.54867200,5331.53207624,0
1545127500000,3436.14000000,3436.14000000,3436.14000000,3436.14000000,0.00000000,1545127799999,0.00000000,0,0.00000000,0.00000000,0
1545127800000,3445.00000000,3445.00000000,3445.00000000,3445.00000000,1.36960000,1545128099999,4718.27200000,10,1.36960000,4718.27200000,0
1545128100000,3445.00000000,3445.00000000,3443.41000000,3443.41000000,0.16748900,1545128399999,576.78704744,7,0.03380500,116.45822500,0
1545128400000,3445.00000000,3452.98000000,3445.00000000,3452.98000000,1.11578200,1545128699999,3852.40713771,10,0.00550500,19.00245588,0
1545128700000,3455.33000000,3459.15000000,3455.33000000,3459.15000000,1.77672800,1545128999999,6143.78499765,10,1.20542900,4169.75842398,0
1545129000000,3459.15000000,3459.15000000,3448.11000000,3454.87000000,2.63852600,1545129299999,9118.40892984,10,2.54015200,8779.20455670,0
1545129300000,3448.58000000,3451.56000000,3448.58000000,3451.56000000,0.11336400,1545129599999,391.18728784,2,0.00000000,0.00000000,0
1545129600000,3462.92000000,3462.92000000,3462.92000000,3462.92000000,0.03969800,1545129899999,137.47099816,3,0.03969800,137.47099816,0
1545129900000,3459.37000000,3461.00000000,3459.37000000,3461.00000000,1.43894400,1545130199999,4977.86301428,3,1.42464400,4928.37071428,0
1545130200000,3465.00000000,3468.97000000,3465.00000000,3468.97000000,0.35000000,1545130499999,1214.09980000,2,0.35000000,1214.09980000,0
1545130500000,3465.00000000,3465.00000000,3461.11000000,3461.11000000,2.39082100,1545130799999,8276.29161634,18,2.37564600,8223.71615959,0
1545130800000,3461.11000000,3461.11000000,3448.11000000,3448.11000000,1.31284800,1545131099999,4535.33819745,10,0.54801800,1896.24865619,0
1545131100000,3460.18000000,3460.18000000,3458.30000000,3458.30000000,1.60846700,1545131399999,5562.63736682,4,1.60846700,5562.63736682,0
1545131400000,3450.00000000,3451.40000000,3448.26000000,3451.40000000,1.41840300,1545131699999,4893.36913146,6,0.24832100,856.58623146,0
1545131700000,3440.37000000,3452.14000000,3440.37000000,3452.14000000,0.59752200,1545131999999,2057.85581251,7,0.30565700,1053.73222246,0
1545132000000,3445.17000000,3445.17000000,3445.17000000,3445.17000000,0.08922300,1545132299999,307.38840291,1,0.08922300,307.38840291,0
1545132300000,3446.32000000,3459.68000000,3444.90000000,3459.68000000,0.21003200,1545132599999,724.87647250,8,0.09167700,316.93136284,0
1545132600000,3459.32000000,3460.84000000,3459.32000000,3460.84000000,0.29921600,1545132899999,1035.44108432,5,0.12868800,445.27096080,0
1545132900000,3458.41000000,3459.90000000,3447.70000000,3458.05000000,0.04800200,1545133199999,165.87770872,4,0.03350200,115.88605872,0
1545133200000,3459.99000000,3477.74000000,3459.99000000,3471.44000000,1.47901800,1545133499999,5127.34275496,13,1.47581100,5116.19528710,0
1545133500000,3466.55000000,3470.00000000,3465.00000000,3470.00000000,7.79109300,1545133799999,27033.97586917,44,7.77591800,26981.39449417,0
1545133800000,3473.56000000,3476.47000000,3470.00000000,3476.47000000,0.15745700,1545134099999,546.99837522,4,0.15093100,524.33225065,0
1545134100000,3478.00000000,3491.27000000,3476.76000000,3476.76000000,4.51496200,1545134399999,15716.29597531,24,3.75378100,13066.96249652,0
1545134400000,3478.23000000,3478.23000000,3473.77000000,3475.20000000,1.21808600,1545134699999,4234.12449545,8,1.21808600,4234.12449545,0
1545134700000,3471.55000000,3471.55000000,3469.34000000,3469.79000000,1.94378400,1545134999999,6744.58637875,31,1.92881500,6692.65382829,0
1545135000000,3473.61000000,3477.67000000,3471.06000000,3471.06000000,0.21978600,1545135299999,763.91322061,6,0.21978600,763.91322061,0
1545135300000,3469.34000000,3469.34000000,3465.00000000,3465.73000000,0.21654400,1545135599999,751.18660918,6,0.02423100,84.00836626,0
1545135600000,3467.00000000,3467.00000000,3467.00000000,3467.00000000,0.31339900,1545135899999,1086.55433300,3,0.31339900,1086.55433300,0
1545135900000,3475.61000000,3475.61000000,3471.29000000,3472.08000000,3.10981600,1545136199999,10806.56344223,7,3.10981600,10806.56344223,0
1545136200000,3464.15000000,3466.24000000,3457.50000000,3463.69000000,10.98724500,1545136499999,38034.14568965,29,5.98724500,20738.58837427,0
1545136500000,3463.69000000,3463.69000000,3460.49000000,3460.49000000,0.71340200,1545136799999,2468.80575652,5,0.05924200,205.09161812,0
1545136800000,3463.99000000,3470.10000000,3463.99000000,3470.10000000,5.02093600,1545137099999,17422.93903754,3,5.00000000,17350.41694290,0
1545137100000,3480.00000000,3480.00000000,3478.72000000,3478.72000000,0.40322500,1545137399999,1403.22251488,3,0.40322500,1403.22251488,0
1545137400000,3467.22000000,3480.00000000,3467.22000000,3480.00000000,2.27724100,1545137699999,7924.44855912,18,2.24984500,7829.46060000,0
1545137700000,3479.84000000,3479.84000000,3479.84000000,3479.84000000,17.44977300,1545137999999,60722.41807632,2,17.44977300,60722.41807632,0
1545138000000,3474.00000000,3474.00000000,3469.86000000,3472.93000000,0.47568900,1545138299999,1652.10469547,6,0.13337800,462.91628147,0
1545138300000,3470.00000000,3480.00000000,3470.00000000,3480.00000000,0.72971300,1545138599999,2532.98869916,10,0.72971300,2532.98869916,0
1545138600000,3478.38000000,3489.17000000,3478.38000000,3489.17000000,98.28539700,1545138899999,342035.33983262,69,98.28539700,342035.33983262,0
1545138900000,3483.00000000,3511.00000000,3483.00000000,3509.98000000,51.14034100,1545139199999,178951.28900985,188,0.41767300,1463.69781648,0
1545139200000,3511.77000000,3517.00000000,3511.00000000,3511.00000000,17.57070300,1545139499999,61757.51597146,118,0.08544600,300.22648344,0
1545139500000,3510.00000000,3518.48000000,3510.00000000,3511.00000000,2.43114000,1545139799999,8545.01224560,19,0.11581200,406.65479060,0
1545139800000,3511.00000000,3525.00000000,3511.00000000,3525.00000000,1.16147200,1545140099999,4085.56478058,13,0.87873300,3091.07330558,0
1545140100000,3525.96000000,3528.35000000,3514.57000000,3524.58000000,3.41530300,1545140399999,12041.68714371,23,3.30898100,11667.61517671,0
1545140400000,3522.61000000,3525.00000000,3522.61000000,3525.00000000,0.05648300,1545140699999,198.98895440,2,0.05648300,198.98895440,0
1545140700000,3530.00000000,3546.09000000,3530.00000000,3541.21000000,0.74782300,1545140999999,2645.23476558,23,0.40669800,1437.31743052,0
1545141000000,3540.00000000,3540.00000000,3530.03000000,3530.03000000,1.22246400,1545141299999,4319.83028557,13,0.41786800,1477.35167959,0
1545141300000,3533.31000000,3534.83000000,3530.03000000,3532.00000000,4.26259700,1545141599999,15056.31165226,43,0.84185300,2974.26500796,0
1545141600000,3532.00000000,3532.00000000,3512.25000000,3512.25000000,0.46219200,1545141899999,1628.12458331,11,0.10082400,355.94349177,0
1545141900000,3521.00000000,3524.47000000,3521.00000000,3523.52000000,2.74202700,1545142199999,9663.15101860,17,2.73850900,9650.76414060,0
1545142200000,3523.51000000,3536.10000000,3523.51000000,3536.10000000,1.15413200,1545142499999,4075.60934362,13,1.15413200,4075.60934362,0
1545142500000,3536.10000000,3555.60000000,3536.10000000,3548.00000000,57.78791700,1545142799999,204818.51648192,38,56.50173000,200257.44446892,0
1545142800000,3548.00000000,3556.18000000,3539.80000000,3556.08000000,62.03565200,1545143099999,220108.88204785,66,39.84045600,141362.97287585,0
1545143100000,3549.00000000,3567.00000000,3549.00000000,3566.80000000,9.66964100,1545143399999,34416.91900820,52,0.15333300,545.32340600,0
1545143400000,3568.24000000,3568.24000000,3551.01000000,3560.08000000,0.15998200,1545143699999,568.58865285,7,0.03299900,117.66435002,0
1545143700000,3558.95000000,3558.95000000,3550.00000000,3550.00000000,1.57164100,1545143999999,5579.72091310,12,1.45281500,5157.76978710,0
1545144000000,3551.13000000,3570.00000000,3551.13000000,3570.00000000,1.16545400,1545144299999,4150.36920648,16,0.58240900,2072.60618277,0
1545144300000,3562.00000000,3562.00000000,3549.00000000,3549.00000000,1.05874000,1545144599999,3767.67966987,14,0.00000000,0.00000000,0
1545144600000,3549.00000000,3560.00000000,3549.00000000,3559.00000000,4.32856800,1545144899999,15368.43774200,24,0.09962100,354.63785200,0
1545144900000,3551.07000000,3569.34000000,3551.07000000,3567.59000000,2.86902500,1545145199999,10217.82832578,14,2.67347100,9523.28588960,0
1545145200000,3566.55000000,3569.99000000,3559.54000000,3560.00000000,5.90310100,1545145499999,21050.53554249,36,0.54469400,1942.66478392,0
1545145500000,3560.00000000,3561.40000000,3545.00000000,3545.00000000,13.92696700,1545145799999,49459.78442740,46,0.16508500,587.62571900,0
1545145800000,3543.00000000,3555.03000000,3529.99000000,3529.99000000,9.16076000,1545146099999,32395.42080050,61,0.23770600,843.00364626,0
1545146100000,3528.00000000,3531.20000000,3524.41000000,3531.20000000,4.97958700,1545146399999,17567.85500775,26,0.28102400,991.89147288,0
1545146400000,3527.09000000,3530.00000000,3526.07000000,3530.00000000,0.13861900,1545146699999,488.97187574,3,0.04213300,148.72949000,0
1545146700000,3530.86000000,3538.29000000,3530.86000000,3537.44000000,2.44005700,1545146999999,8627.11148310,18,1.54459900,5465.06489327,0
1545147000000,3541.20000000,3541.20000000,3541.00000000,3541.00000000,0.18485300,1545147299999,654.59988780,3,0.18485300,654.59988780,0
1545147300000,3537.99000000,3537.99000000,3531.15000000,3531.15000000,1.87172400,1545147599999,6611.91560726,18,1.33047300,4700.67241726,0
1545147600000,3526.24000000,3531.37000000,3519.91000000,3519.91000000,1.13066800,1545147899999,3987.71236660,8,0.19880800,702.06460696,0
1545147900000,3519.93000000,3532.71000000,3510.00000000,3510.00000000,2.18754900,1545148199999,7717.74519967,30,2.09267400,7384.48077037,0
1545148200000,3513.03000000,3515.87000000,3513.03000000,3515.87000000,0.49615900,1545148499999,1743.85564781,3,0.00000000,0.00000000,0
1545148500000,3512.70000000,3512.70000000,3505.34000000,3505.34000000,2.13148600,1545148799999,7480.92124318,25,0.03220000,113.03810000,0
1545148800000,3510.50000000,3531.28000000,3510.50000000,3524.98000000,1.18804700,1545149099999,4186.50411244,14,0.79717300,2811.76345860,0
1545149100000,3524.98000000,3524.98000000,3516.98000000,3523.68000000,0.85420600,1545149399999,3007.12437056,10,0.83434200,2937.26293484,0
1545149400000,3526.00000000,3536.14000000,3526.00000000,3530.89000000,1.37669900,1545149699999,4858.88582475,6,0.62816100,2215.66884961,0
1545149700000,3531.41000000,3531.42000000,3523.40000000,3523.60000000,2.06684700,1545149999999,7289.51473759,10,2.03900800,7191.42680499,0
1545150000000,3523.40000000,3523.40000000,3520.53000000,3522.49000000,1.26531000,1545150299999,4457.76831921,8,0.83410900,2938.89965060,0
1545150300000,3530.33000000,3535.73000000,3530.33000000,3535.73000000,0.44014700,1545150599999,1554.58830409,5,0.44014700,1554.58830409,0
1545150600000,3534.00000000,3535.73000000,3534.00000000,3534.13000000,13.33532200,1545150899999,47149.19157871,4,13.33532200,47149.19157871,0
1545150900000,3534.13000000,3534.13000000,3534.13000000,3534.13000000,0.00000000,1545151199999,0.00000000,0,0.00000000,0.00000000,0
1545151200000,3534.13000000,3534.13000000,3534.13000000,3534.13000000,0.00000000,1545151499999,0.00000000,0,0.00000000,0.00000000,0
1545151500000,3520.48000000,3524.26000000,3520.48000000,3523.97000000,0.65247300,1545151799999,2298.44891567,9,0.00673500,23.73502110,0
1545151800000,3522.53000000,3528.94000000,3515.97000000,3515.97000000,1.14947500,1545152099999,4054.75499781,6,0.04719800,166.42358861,0
1545152100000,3515.97000000,3515.97000000,3515.97000000,3515.97000000,0.00000000,1545152399999,0.00000000,0,0.00000000,0.00000000,0
1545152400000,3524.31000000,3528.95000000,3524.31000000,3528.95000000,0.29131500,1545152699999,1026.85184381,2,0.00000000,0.00000000,0
1545152700000,3528.96000000,3536.53000000,3528.95000000,3530.00000000,9.83526700,1545152999999,34709.79517845,6,0.13551900,479.24237405,0
1545153000000,3524.02000000,3524.02000000,3524.00000000,3524.00000000,1.24686700,1545153299999,4393.95944994,5,1.23977000,4368.94948000,0
1545153300000,3532.90000000,3532.90000000,3520.12000000,3520.12000000,2.40133900,1545153599999,8467.09335310,11,1.00710000,3557.98359000,0
1545153600000,3527.38000000,3527.38000000,3505.40000000,3505.40000000,2.70911200,1545153899999,9539.07517887,10,0.00037300,1.30751420,0
1545153900000,3503.60000000,3503.60000000,3503.60000000,3503.60000000,0.00037300,1545154199999,1.30684280,1,0.00037300,1.30684280,0
1545154200000,3500.00000000,3503.59000000,3493.15000000,3503.00000000,0.44382800,1545154499999,1553.41207686,9,0.18470000,647.06558906,0
1545154500000,3502.03000000,3503.60000000,3502.03000000,3503.60000000,0.25948700,1545154799999,909.09569328,6,0.25948700,909.09569328,0
1545154800000,3502.38000000,3512.87000000,3502.38000000,3512.87000000,0.49001600,1545155099999,1719.45485112,4,0.28613000,1005.13749310,0
1545155100000,3510.41000000,3512.87000000,3503.53000000,3503.53000000,1.59932500,1545155399999,5616.26252283,10,0.51400000,1804.35074000,0
1545155400000,3514.74000000,3516.29000000,3514.74000000,3516.27000000,1.58946500,1545155699999,5588.56823984,18,1.41373400,4970.65059647,0
1545155700000,3509.96000000,3517.00000000,3509.96000000,3517.00000000,0.04272900,1545155999999,150.23925044,4,0.03724000,130.97308000,0
1545156000000,3510.00000000,3510.00000000,3505.00000000,3505.00000000,3.07978300,1545156299999,10804.87427555,22,0.32771100,1150.26561000,0
1545156300000,3497.32000000,3497.32000000,3494.20000000,3494.74000000,0.60332100,1545156599999,2109.18619998,5,0.02702700,94.52206764,0
1545156600000,3491.18000000,3494.74000000,3487.21000000,3487.21000000,1.27380200,1545156899999,4444.46796286,10,0.51917300,1812.69079250,0
1545156900000,3494.00000000,3494.00000000,3494.00000000,3494.00000000,1.52676200,1545157199999,5334.50642800,4,0.00000000,0.00000000,0
1545157200000,3494.00000000,3495.00000000,3482.35000000,3490.00000000,2.77385400,1545157499999,9690.40935865,24,0.24387700,852.33073000,0
1545157500000,3480.00000000,3482.63000000,3473.84000000,3482.63000000,17.93422200,1545157799999,62323.60433972,60,4.05556800,14101.49382576,0
1545157800000,3484.40000000,3500.60000000,3484.40000000,3500.60000000,30.33064100,1545158099999,105741.39925305,13,0.08174400,285.80211140,0
1545158100000,3493.00000000,3499.27000000,3484.00000000,3484.00000000,4.78948800,1545158399999,16716.35968501,31,0.78639500,2751.57005205,0
1545158400000,3484.00000000,3484.00000000,3475.70000000,3480.51000000,0.95134400,1545158699999,3311.05460025,5,0.00000000,0.00000000,0
1545158700000,3480.99000000,3499.50000000,3480.51000000,3495.95000000,8.05138600,1545158999999,28037.12247280,25,7.53838400,26245.56159790,0
1545159000000,3488.15000000,3488.15000000,3484.23000000,3488.15000000,1.52280200,1545159299999,5311.72753158,19,0.31159100,1086.87614665,0
1545159300000,3493.48000000,3497.45000000,3493.48000000,3494.06000000,29.41533400,1545159599999,102876.52125538,11,28.90159800,101079.77677179,0
1545159600000,3494.06000000,3496.49000000,3494.06000000,3496.49000000,1.28753700,1545159899999,4499.26890042,17,1.25177300,4374.22043206,0
1545159900000,3498.02000000,3498.02000000,3491.85000000,3491.99000000,0.72186200,1545160199999,2521.11790634,5,0.08769700,306.70885109,0
1545160200000,3491.99000000,3491.99000000,3491.99000000,3491.99000000,0.00000000,1545160499999,0.00000000,0,0.00000000,0.00000000,0
1545160500000,3503.85000000,3511.07000000,3503.85000000,3511.07000000,12.38641400,1545160799999,43439.63132368,51,11.33112900,39738.07562078,0
1545160800000,3512.96000000,3514.73000000,3509.52000000,3514.73000000,15.18209600,1545161099999,53341.85740113,45,15.18209600,53341.85740113,0
1545161100000,3510.00000000,3510.00000000,3510.00000000,3510.00000000,0.06748500,1545161399999,236.87235000,3,0.06748500,236.87235000,0
1545161400000,3510.00000000,3510.00000000,3508.35000000,3508.35000000,0.64759400,1545161699999,2272.22297700,3,0.56537100,1983.75591495,0
1545161700000,3507.22000000,3514.11000000,3507.22000000,3514.11000000,1.18508000,1545161999999,4159.41894108,17,1.18508000,4159.41894108,0
1545162000000,3514.73000000,3525.75000000,3514.73000000,3525.75000000,12.68460800,1545162299999,44657.26243717,7,3.75988900,13235.73651230,0
1545162300000,3518.03000000,3526.51000000,3518.03000000,3526.51000000,2.37882900,1545162599999,8380.39653919,12,1.49626800,5275.52046436,0
1545162600000,3526.51000000,3526.93000000,3521.19000000,3521.19000000,0.83368900,1545162899999,2937.66493036,6,0.47764000,1683.89582337,0
1545162900000,3523.45000000,3530.00000000,3523.45000000,3526.24000000,0.66200400,1545163199999,2334.47418529,12,0.47209300,1664.86162543,0
1545163200000,3529.52000000,3547.36000000,3529.52000000,3529.52000000,6.32929100,1545163499999,22430.11367692,30,4.94529000,17541.94741099,0
1545163500000,3540.95000000,3550.00000000,3533.84000000,3535.05000000,1.30343500,1545163799999,4622.41985082,21,0.99180300,3519.93530768,0
1545163800000,3546.65000000,3546.66000000,3540.37000000,3540.37000000,1.25112000,1545164099999,4436.81617488,8,1.07826600,3824.20330890,0
1545164100000,3544.43000000,3544.43000000,3533.21000000,3533.21000000,5.01852800,1545164399999,17745.75988927,14,1.01017600,3576.22755135,0
1545164400000,3532.65000000,3533.40000000,3525.93000000,3531.27000000,0.69952400,1545164699999,2469.78109730,10,0.49764900,1757.98397855,0
1545164700000,3532.80000000,3535.40000000,3521.54000000,3527.18000000,0.32027400,1545164999999,1130.76353688,9,0.21719000,767.58035497,0
1545165000000,3524.91000000,3527.87000000,3519.94000000,3519.94000000,1.35721300,1545165299999,4780.54924727,6,0.00531700,18.75768479,0
1545165300000,3525.23000000,3525.23000000,3518.03000000,3518.03000000,2.69635600,1545165599999,9486.99823520,25,0.00000000,0.00000000,0
1545165600000,3518.03000000,3518.03000000,3510.01000000,3513.00000000,9.49106400,1545165899999,33386.85290782,48,0.36001400,1264.72993200,0
1545165900000,3515.50000000,3521.03000000,3512.07000000,3518.68000000,0.49094700,1545166199999,1727.93638672,6,0.37498600,1320.28333563,0
1545166200000,3512.07000000,3512.07000000,3499.22000000,3504.99000000,11.44329800,1545166499999,40126.32856552,48,4.21386600,14763.34042104,0
1545166500000,3502.59000000,3502.59000000,3500.00000000,3500.00000000,0.14292700,1545166799999,500.29913346,9,0.09272000,324.52000000,0
1545166800000,3504.99000000,3513.91000000,3504.46000000,3512.67000000,3.69310700,1545167099999,12975.00842912,15,3.62890200,12749.59322098,0
1545167100000,3517.43000000,3520.54000000,3517.43000000,3517.43000000,1.37301600,1545167399999,4832.32420658,8,0.91207000,3210.97891780,0
1545167400000,3518.31000000,3527.88000000,3518.31000000,3527.88000000,3.10388300,1545167699999,10920.88691025,5,0.04656600,164.27926008,0
1545167700000,3522.00000000,3534.05000000,3521.95000000,3534.05000000,0.86814000,1545167999999,3062.90939515,11,0.12173800,429.47936302,0
1545168000000,3534.05000000,3539.34000000,3533.18000000,3537.19000000,21.43744800,1545168299999,75849.43062125,31,18.58970400,65784.82634050,0
1545168300000,3534.39000000,3534.39000000,3530.98000000,3530.98000000,1.94516500,1545168599999,6874.63848892,17,1.94516500,6874.63848892,0
1545168600000,3525.70000000,3526.89000000,3520.37000000,3520.37000000,0.22353600,1545168899999,787.95195025,3,0.18956100,668.34737950,0
1545168900000,3530.00000000,3532.05000000,3530.00000000,3532.05000000,0.25764300,1545169199999,909.86876315,4,0.01019900,36.00247000,0
1545169200000,3540.21000000,3543.00000000,3532.60000000,3540.00000000,0.99468500,1545169499999,3522.75021530,10,0.69941600,2476.79616430,0
1545169500000,3533.59000000,3537.04000000,3533.59000000,3537.04000000,0.12331100,1545169799999,436.02407384,9,0.12331100,436.02407384,0
1545169800000,3540.00000000,3540.00000000,3535.35000000,3535.35000000,0.89266200,1545170099999,3157.62340746,6,0.37828700,1339.11896859,0
1545170100000,3536.83000000,3537.83000000,3529.89000000,3535.00000000,7.32033800,1545170399999,25872.23856923,21,0.68808000,2433.44374307,0
1545170400000,3535.00000000,3538.93000000,3535.00000000,3538.93000000,0.15216000,1545170699999,538.44869122,8,0.15216000,538.44869122,0
1545170700000,3540.00000000,3560.00000000,3540.00000000,3560.00000000,17.70461500,1545170999999,62908.24505920,68,13.64361200,48471.96464055,0
1545171000000,3549.57000000,3553.31000000,3534.07000000,3534.07000000,6.51982900,1545171299999,23108.93092983,17,0.25199600,893.89505320,0
1545171300000,3536.30000000,3540.40000000,3525.89000000,3531.91000000,6.10571000,1545171599999,21575.88995842,22,1.03390700,3649.24444509,0
1545171600000,3530.04000000,3530.42000000,3530.04000000,3530.42000000,0.64698200,1545171899999,2284.09923082,5,0.00000000,0.00000000,0
1545171900000,3529.88000000,3530.56000000,3526.72000000,3530.56000000,0.64861000,1545172199999,2287.64675324,5,0.64861000,2287.64675324,0
1545172200000,3532.01000000,3536.01000000,3529.55000000,3536.01000000,0.36290200,1545172499999,1282.04422182,8,0.24446700,864.02196757,0
1545172500000,3529.99000000,3541.18000000,3529.99000000,3538.86000000,2.95900500,1545172799999,10463.13601955,6,0.04274100,151.35357438,0
1545172800000,3538.86000000,3542.31000000,3538.86000000,3542.31000000,0.15401600,1545173099999,545.22178656,5,0.05238400,185.56036704,0
1545173100000,3547.82000000,3549.15000000,3540.59000000,3540.59000000,7.81656000,1545173399999,27706.02349675,57,5.52187400,19581.15808585,0
1545173400000,3538.68000000,3576.66000000,3538.68000000,3564.88000000,6.63615800,1545173699999,23590.76180141,64,5.63615800,20052.08180141,0
1545173700000,3558.59000000,3563.57000000,3558.00000000,3563.57000000,2.52233000,1545173999999,8976.06423044,26,2.52233000,8976.06423044,0
1545174000000,3558.07000000,3562.14000000,3558.07000000,3562.14000000,3.95041300,1545174299999,14070.56579318,25,3.95041300,14070.56579318,0
1545174300000,3562.14000000,3566.88000000,3558.00000000,3566.88000000,2.57599800,1545174599999,9178.31053764,16,2.57599800,9178.31053764,0
1545174600000,3576.79000000,3632.00000000,3574.00000000,3619.80000000,32.01214900,1545174899999,115805.23576061,94,9.52852200,34492.97672087,0
1545174900000,3619.80000000,3668.20000000,3619.80000000,3661.06000000,10.48750900,1545175199999,38332.41375089,75,5.38816800,19696.49611618,0
1545175200000,3655.93000000,3658.39000000,3631.56000000,3636.40000000,12.40766400,1545175499999,45190.48346055,60,9.42093600,34332.01289806,0
1545175500000,3638.11000000,3659.00000000,3638.11000000,3650.65000000,3.85605900,1545175799999,14049.27625993,16,2.11670600,7711.85565033,0
1545175800000,3653.09000000,3678.54000000,3647.15000000,3660.00000000,21.73647800,1545176099999,79586.31325238,55,19.24587500,70491.34394207,0
1545176100000,3659.99000000,3683.35000000,3659.99000000,3683.35000000,4.67840700,1545176399999,17192.48081634,30,3.62830600,13338.99779974,0
1545176400000,3658.43000000,3673.48000000,3650.35000000,3664.93000000,44.50152000,1545176699999,162640.77461368,127,43.38650900,158556.30443715,0
1545176700000,3657.81000000,3660.85000000,3646.85000000,3660.85000000,7.61980200,1545176999999,27853.46566091,18,2.78626500,10198.71784125,0
1545177000000,3653.02000000,3665.02000000,3650.94000000,3661.35000000,5.23731700,1545177299999,19158.59936954,38,4.02261400,14719.31901031,0
1545177300000,3659.12000000,3670.11000000,3659.11000000,3670.11000000,27.54396100,1545177599999,101010.51970306,24,19.55094600,71753.76653841,0
1545177600000,3673.18000000,3695.32000000,3661.19000000,3670.67000000,15.85268600,1545177899999,58298.69177788,182,15.14221200,55692.33010831,0
1545177900000,3670.39000000,3670.39000000,3653.78000000,3668.00000000,8.02119300,1545178199999,29378.19274585,89,7.10252500,26019.78472301,0
1545178200000,3653.78000000,3653.78000000,3641.51000000,3647.26000000,2.41456000,1545178499999,8807.63579595,27,1.52944700,5577.77406692,0
1545178500000,3646.48000000,3653.28000000,3646.48000000,3653.28000000,1.18518200,1545178799999,4328.46472856,15,0.87182100,3185.00622288,0
1545178800000,3653.28000000,3656.29000000,3648.67000000,3653.79000000,3.42780900,1545179099999,12521.23280784,18,3.19765300,11680.93311362,0
1545179100000,3651.12000000,3651.12000000,3638.96000000,3640.38000000,3.51570300,1545179399999,12809.54618922,19,0.78409400,2862.78693654,0
1545179400000,3642.08000000,3652.85000000,3642.08000000,3652.85000000,0.30636400,1545179699999,1117.13294418,8,0.00000000,0.00000000,0
1545179700000,3654.54000000,3666.97000000,3654.54000000,3664.34000000,7.40457100,1545179999999,27092.25565558,23,2.19184700,8024.00949842,0
1545180000000,3659.60000000,3667.35000000,3656.63000000,3658.72000000,8.91421800,1545180299999,32604.81785499,10,0.61371600,2250.53877178,0
1545180300000,3665.22000000,3667.36000000,3658.49000000,3658.49000000,0.70932700,1545180599999,2599.17770687,12,0.54896800,2011.99320287,0
1545180600000,3666.63000000,3672.05000000,3664.79000000,3671.13000000,0.51885300,1545180899999,1902.55572485,12,0.51535600,1889.73995422,0
1545180900000,3665.81000000,3677.73000000,3658.59000000,3666.52000000,2.61275600,1545181199999,9571.46765139,10,0.45401600,1667.82822724,0
1545181200000,3666.52000000,3669.54000000,3651.93000000,3660.00000000,0.56561000,1545181499999,2068.53949612,17,0.10487500,384.43882131,0
1545181500000,3660.00000000,3670.00000000,3660.00000000,3670.00000000,0.87952100,1545181799999,3222.51145152,8,0.34659600,1272.00595152,0
1545181800000,3676.13000000,3711.95000000,3675.23000000,3692.93000000,3.21430200,1545182099999,11874.08913790,26,2.74746800,10151.86454849,0
1545182100000,3694.00000000,3705.63000000,3691.49000000,3703.10000000,6.27245000,1545182399999,23189.61839878,27,5.27409200,19496.38212412,0
1545182400000,3692.00000000,3702.58000000,3681.58000000,3681.58000000,16.86144900,1545182699999,62252.21438427,143,0.58097500,2145.79741571,0
1545182700000,3681.56000000,3690.81000000,3681.56000000,3690.81000000,4.11147800,1545182999999,15163.60338264,29,3.98575600,14700.69079584,0
1545183000000,3687.65000000,3699.50000000,3687.65000000,3693.54000000,1.16393000,1545183299999,4298.60332599,27,0.93001000,3435.75980528,0
1545183300000,3702.58000000,3711.22000000,3697.33000000,3700.78000000,5.13158200,1545183599999,18985.07340676,52,3.15689700,11683.96065246,0
1545183600000,3710.00000000,3713.69000000,3691.57000000,3691.57000000,8.14437000,1545183899999,30122.67394462,44,1.84808600,6845.33162271,0
1545183900000,3691.57000000,3701.04000000,3689.91000000,3694.69000000,1.47095000,1545184199999,5437.98255743,26,1.12731600,4168.90827531,0
1545184200000,3689.90000000,3693.79000000,3679.67000000,3690.96000000,1.23505100,1545184499999,4554.91870204,15,0.00804700,29.71247512,0
1545184500000,3686.69000000,3700.60000000,3684.14000000,3689.75000000,11.55036100,1545184799999,42626.11741013,43,8.26680300,30528.81939010,0
1545184800000,3694.16000000,3694.16000000,3679.30000000,3679.30000000,2.45721400,1545185099999,9055.40953556,7,2.43609700,8977.71375746,0
1545185100000,3679.30000000,3686.55000000,3674.78000000,3674.78000000,1.48375400,1545185399999,5462.83446953,16,1.36340800,5020.07458573,0
1545185400000,3674.78000000,3700.30000000,3674.78000000,3685.73000000,7.04198500,1545185699999,25945.96092452,60,0.43431200,1602.33356560,0
1545185700000,3685.73000000,3685.98000000,3682.70000000,3682.79000000,2.84324900,1545185999999,10477.87771014,27,1.70551900,6286.14231807,0
1545186000000,3682.79000000,3694.95000000,3682.52000000,3689.41000000,3.58096700,1545186299999,13204.46260981,52,2.64566700,9755.88891853,0
1545186300000,3691.42000000,3691.42000000,3682.87000000,3689.09000000,4.22333200,1545186599999,15573.62349165,37,2.93167800,10811.78093531,0
1545186600000,3686.61000000,3693.46000000,3686.61000000,3693.46000000,1.17024300,1545186899999,4320.04789258,6,1.17024300,4320.04789258,0
1545186900000,3691.84000000,3692.19000000,3691.31000000,3691.31000000,0.24200200,1545187199999,893.37574138,5,0.00000000,0.00000000,0
1545187200000,3697.46000000,3723.91000000,3697.46000000,3720.23000000,5.95737300,1545187499999,22137.12985616,47,4.22671800,15707.82629979,0
1545187500000,3717.64000000,3734.53000000,3717.17000000,3729.60000000,0.36434500,1545187799999,1356.79846229,19,0.18288700,680.33609933,0
1545187800000,3732.00000000,3756.09000000,3730.01000000,3732.76000000,5.44721400,1545188099999,20408.33567032,34,2.95400500,11081.90120390,0
1545188100000,3742.80000000,3742.80000000,3714.84000000,3718.71000000,3.23766500,1545188399999,12075.18966268,31,0.57884300,2161.41038210,0
1545188400000,3718.71000000,3722.50000000,3711.46000000,3713.83000000,1.47328900,1545188699999,5477.77469550,15,0.29614300,1101.83549733,0
1545188700000,3713.83000000,3724.00000000,3713.83000000,3719.14000000,2.26168900,1545188999999,8410.79946117,29,1.24218800,4621.51426004,0
1545189000000,3719.14000000,3761.31000000,3719.14000000,3739.69000000,10.39107600,1545189299999,38743.13887823,73,3.61813600,13532.05792652,0
1545189300000,3738.08000000,3743.89000000,3738.08000000,3740.61000000,1.94035800,1545189599999,7258.66494113,26,0.27444000,1026.95046148,0
1545189600000,3744.75000000,3744.79000000,3740.13000000,3744.78000000,1.36397900,1545189899999,5107.67373447,21,0.43464400,1627.54649322,0
1545189900000,3746.58000000,3763.77000000,3737.41000000,3737.41000000,0.81460600,1545190199999,3054.69937058,18,0.65046500,2439.19833627,0
1545190200000,3750.84000000,3750.84000000,3733.31000000,3733.95000000,0.92523600,1545190499999,3458.57675934,18,0.33882800,1266.23425222,0
1545190500000,3730.65000000,3735.28000000,3721.37000000,3732.62000000,9.41479800,1545190799999,35062.68492358,40,1.58289000,5911.38984979,0
1545190800000,3731.67000000,3749.57000000,3731.67000000,3736.66000000,2.89553400,1545191099999,10826.20176836,27,2.33526700,8732.88339170,0
1545191100000,3744.59000000,3757.00000000,3744.59000000,3757.00000000,1.54068300,1545191399999,5784.50915642,22,1.44959000,5443.26547188,0
1545191400000,3754.76000000,3766.98000000,3752.10000000,3765.81000000,3.40514100,1545191699999,12818.27684594,20,0.46367500,1743.46436750,0
1545191700000,3766.56000000,3766.56000000,3750.00000000,3750.00000000,4.11706000,1545191999999,15483.17688733,62,1.73011200,6507.48541692,0
1545192000000,3750.07000000,3759.99000000,3743.77000000,3744.24000000,1.43220400,1545192299999,5368.88387059,25,0.45414300,1705.18442146,0
1545192300000,3747.15000000,3747.15000000,3740.82000000,3744.24000000,0.14626200,1545192599999,547.92864150,4,0.02709900,101.46515976,0
1545192600000,3744.24000000,3752.04000000,3734.00000000,3734.00000000,1.66535500,1545192899999,6221.23909290,18,0.31692900,1185.90608506,0
1545192900000,3726.86000000,3733.01000000,3726.86000000,3733.01000000,0.22247200,1545193199999,830.43762287,3,0.00000000,0.00000000,0
1545193200000,3734.72000000,3736.03000000,3724.00000000,3724.00000000,1.40794100,1545193499999,5257.93238147,24,0.95496500,3566.87318593,0
1545193500000,3731.29000000,3735.82000000,3731.29000000,3735.82000000,4.52053700,1545193799999,16875.14458331,29,4.52053700,16875.14458331,0
1545193800000,3741.59000000,3741.59000000,3734.36000000,3734.36000000,0.43210100,1545194099999,1616.51269036,4,0.00000000,0.00000000,0
1545194100000,3730.01000000,3732.00000000,3721.44000000,3721.44000000,1.13817200,1545194399999,4245.03263660,12,0.00000000,0.00000000,0
1545194400000,3721.45000000,3721.45000000,3707.79000000,3720.67000000,11.22818400,1545194699999,41714.64872851,25,1.61459700,5995.77610170,0
1545194700000,3720.67000000,3723.15000000,3711.78000000,3723.15000000,4.62208700,1545194999999,17180.10054909,24,0.48505200,1805.41450198,0
1545195000000,3723.15000000,3723.15000000,3720.00000000,3720.00000000,2.71171400,1545195299999,10087.76467050,18,2.71171400,10087.76467050,0
1545195300000,3712.64000000,3720.00000000,3705.07000000,3719.99000000,2.24261500,1545195599999,8327.38191179,29,1.04254800,3874.37161505,0
1545195600000,3714.62000000,3720.55000000,3713.75000000,3720.55000000,18.80790000,1545195899999,69863.98355446,34,5.25374900,19517.69254746,0
1545195900000,3720.55000000,3720.55000000,3720.55000000,3720.55000000,0.00000000,1545196199999,0.00000000,0,0.00000000,0.00000000,0
1545196200000,3723.23000000,3726.26000000,3718.50000000,3720.55000000,2.50636700,1545196499999,9323.05995330,17,0.76332500,2840.30912980,0
1545196500000,3728.05000000,3728.05000000,3714.91000000,3714.91000000,1.95710400,1545196799999,7288.73627691,11,1.93915000,7221.95860360,0
1545196800000,3716.09000000,3720.51000000,3712.54000000,3712.54000000,19.66116900,1545197099999,73040.63768729,80,18.66315000,69331.94980470,0
1545197100000,3712.54000000,3715.36000000,3711.34000000,3715.36000000,8.95476800,1545197399999,33253.75192957,17,3.00824700,11168.23731738,0
1545197400000,3722.41000000,3735.26000000,3722.41000000,3735.26000000,2.30345800,1545197699999,8588.35377418,26,2.17932700,8126.19963303,0
1545197700000,3732.93000000,3732.93000000,3730.30000000,3730.87000000,0.21791300,1545197999999,812.93938913,4,0.00000000,0.00000000,0
1545198000000,3730.31000000,3735.85000000,3730.31000000,3735.85000000,0.06796600,1545198299999,253.72205546,2,0.03390000,126.64531500,0
1545198300000,3730.31000000,3733.90000000,3730.31000000,3730.31000000,4.08137100,1545198599999,15239.31855501,4,4.05000000,15122.29500000,0
1545198600000,3730.32000000,3734.38000000,3721.27000000,3730.88000000,5.16711700,1545198899999,19241.47429501,13,0.01322700,49.37474486,0
1545198900000,3735.58000000,3737.63000000,3727.40000000,3735.57000000,4.66278900,1545199199999,17405.94330343,43,2.80865600,10492.04177488,0
1545199200000,3737.63000000,3751.95000000,3737.63000000,3747.83000000,0.82067100,1545199499999,3074.93339188,13,0.70690200,2648.90284174,0
1545199500000,3747.83000000,3749.08000000,3747.83000000,3749.07000000,0.48266000,1545199799999,1809.36170908,10,0.34415400,1290.26067278,0
1545199800000,3749.50000000,3760.95000000,3749.08000000,3760.95000000,5.72225300,1545200099999,21472.92606896,37,1.50513100,5650.16714010,0
1545200100000,3755.65000000,3755.65000000,3740.62000000,3740.62000000,0.55819300,1545200399999,2088.58253472,7,0.00000000,0.00000000,0
1545200400000,3740.00000000,3745.18000000,3733.09000000,3740.00000000,5.19956300,1545200699999,19423.14411075,21,1.63836400,6127.98459098,0
1545200700000,3740.00000000,3740.00000000,3732.68000000,3734.66000000,0.91774400,1545200999999,3428.30278468,8,0.40226800,1504.19582900,0
1545201000000,3725.17000000,3728.91000000,3714.70000000,3714.70000000,1.45304500,1545201299999,5410.54502339,17,1.04351600,3887.78999169,0
1545201300000,3720.00000000,3720.00000000,3712.15000000,3714.01000000,2.63870400,1545201599999,9799.78538448,34,1.31780600,4895.43075639,0
1545201600000,3714.01000000,3729.63000000,3714.01000000,3719.99000000,2.62988400,1545201899999,9783.24598908,25,0.85975300,3198.37637039,0
1545201900000,3729.96000000,3729.96000000,3714.91000000,3716.01000000,2.27907600,1545202199999,8482.51691012,13,0.99332700,3704.77287832,0
1545202200000,3716.00000000,3730.00000000,3714.91000000,3730.00000000,2.83132600,1545202499999,10532.87601635,26,0.70592500,2631.53213412,0
1545202500000,3727.33000000,3732.17000000,3727.33000000,3732.17000000,0.42329900,1545202799999,1579.37423839,11,0.42329900,1579.37423839,0
1545202800000,3726.14000000,3726.14000000,3702.00000000,3705.00000000,0.76828900,1545203099999,2850.19818480,12,0.76828900,2850.19818480,0
1545203100000,3705.00000000,3706.12000000,3692.72000000,3700.00000000,15.48035600,1545203399999,57173.35060989,26,0.11960500,442.96293427,0
1545203400000,3699.58000000,3699.58000000,3687.16000000,3693.57000000,1.33510400,1545203699999,4927.29490090,20,0.64685200,2387.89998875,0
1545203700000,3699.98000000,3700.00000000,3682.95000000,3682.95000000,6.16094800,1545203999999,22704.52846366,20,0.23317300,860.26022396,0
1545204000000,3685.64000000,3696.67000000,3685.64000000,3696.67000000,2.41169800,1545204299999,8901.76849734,10,0.30440800,1123.19853368,0
1545204300000,3696.67000000,3700.80000000,3693.98000000,3696.60000000,3.26531000,1545204599999,12062.74055920,6,0.01818000,67.26192342,0
1545204600000,3693.98000000,3702.69000000,3693.98000000,3700.06000000,0.17491500,1545204899999,647.07579472,5,0.15041400,556.56959074,0
1545204900000,3700.06000000,3700.06000000,3700.06000000,3700.06000000,0.00000000,1545205199999,0.00000000,0,0.00000000,0.00000000,0
1545205200000,3695.00000000,3695.00000000,3692.04000000,3692.04000000,0.12601700,1545205499999,465.32709436,2,0.00000000,0.00000000,0
1545205500000,3692.04000000,3692.04000000,3691.00000000,3691.94000000,0.01594200,1545205799999,58.85477578,5,0.00535900,19.78560676,0
1545205800000,3692.04000000,3699.09000000,3691.13000000,3691.13000000,0.28395600,1545206099999,1048.57838232,6,0.03395600,125.60624364,0
1545206100000,3699.45000000,3715.02000000,3699.45000000,3711.19000000,1.86680200,1545206399999,6927.81351431,25,1.73473800,6437.78660479,0
1545206400000,3713.00000000,3715.61000000,3711.19000000,3715.61000000,2.18163100,1545206699999,8105.60689084,13,2.17060800,8064.69844347,0
1545206700000,3720.99000000,3720.99000000,3717.93000000,3717.93000000,1.55334500,1545206999999,5779.96601253,10,1.55334500,5779.96601253,0
1545207000000,3719.51000000,3719.51000000,3719.00000000,3719.00000000,5.67427400,1545207299999,21104.73290995,27,5.67427400,21104.73290995,0
1545207300000,3717.45000000,3723.86000000,3711.19000000,3711.64000000,7.10717400,1545207599999,26411.11494012,53,5.89156100,21890.95818793,0
1545207600000,3706.01000000,3706.01000000,3706.01000000,3706.01000000,0.03472500,1545207899999,128.69119725,1,0.00000000,0.00000000,0
1545207900000,3711.64000000,3716.47000000,3707.02000000,3707.02000000,0.38096000,1545208199999,1415.25737919,6,0.27502400,1022.08176871,0
1545208200000,3707.02000000,3710.94000000,3707.00000000,3707.00000000,0.89963500,1545208499999,3337.37702116,15,0.70000000,2597.32922050,0
1545208500000,3700.00000000,3708.65000000,3700.00000000,3708.65000000,2.99066200,1545208799999,11082.14488586,24,2.97449700,11022.31660436,0
1545208800000,3702.00000000,3722.87000000,3702.00000000,3722.87000000,5.38741300,1545209099999,20021.86198908,10,5.17514200,19236.03374711,0
1545209100000,3708.78000000,3719.79000000,3708.78000000,3716.00000000,2.51007200,1545209399999,9321.67116091,11,2.03738200,7566.88792091,0
1545209400000,3716.00000000,3726.76000000,3712.97000000,3723.84000000,0.42769300,1545209699999,1592.92625108,9,0.30949500,1152.82848265,0
1545209700000,3723.84000000,3726.81000000,3719.06000000,3723.84000000,2.00676100,1545209999999,7470.15071994,43,0.13946100,519.66409707,0
1545210000000,3727.22000000,3731.64000000,3720.00000000,3720.00000000,1.05595700,1545210299999,3937.02588346,8,1.04191800,3884.80080346,0
1545210300000,3720.00000000,3736.04000000,3720.00000000,3736.04000000,1.64952800,1545210599999,6138.14529391,10,1.33860100,4979.77352755,0
1545210600000,3737.63000000,3749.99000000,3737.63000000,3742.62000000,5.68518300,1545210899999,21283.85086385,22,0.99838500,3740.50146302,0
1545210900000,3747.49000000,3763.00000000,3745.32000000,3759.71000000,2.36728800,1545211199999,8890.86993042,18,2.30004600,8638.52588826,0
1545211200000,3757.05000000,3759.71000000,3754.32000000,3759.71000000,0.41449900,1545211499999,1557.19962841,6,0.27862900,1047.10017001,0
1545211500000,3758.55000000,3765.01000000,3752.93000000,3760.00000000,7.53739300,1545211799999,28324.25570144,30,7.04951800,26490.63137487,0
1545211800000,3760.00000000,3760.00000000,3742.06000000,3742.06000000,1.70455800,1545212099999,6387.79340011,13,0.25144800,943.44570736,0
1545212100000,3742.00000000,3742.00000000,3737.68000000,3737.68000000,1.08550300,1545212399999,4057.80190043,9,0.11805100,441.74684200,0
1545212400000,3737.68000000,3747.35000000,3737.00000000,3737.00000000,9.69832800,1545212699999,36242.77102931,55,0.02365500,88.51802831,0
1545212700000,3736.04000000,3738.68000000,3732.99000000,3733.00000000,0.13934400,1545212999999,520.20993761,12,0.13640000,509.21103585,0
1545213000000,3732.77000000,3737.81000000,3731.42000000,3737.81000000,1.32210300,1545213299999,4938.34994837,19,0.00001300,0.04852900,0
1545213300000,3737.81000000,3745.99000000,3733.47000000,3734.80000000,0.97479000,1545213599999,3644.07323684,12,0.53580200,2004.41947519,0
1545213600000,3734.80000000,3734.80000000,3734.80000000,3734.80000000,0.00000000,1545213899999,0.00000000,0,0.00000000,0.00000000,0
1545213900000,3734.77000000,3734.77000000,3720.64000000,3720.64000000,0.51725700,1545214199999,1929.57512589,3,0.35725700,1334.27272589,0
1545214200000,3736.36000000,3741.79000000,3736.36000000,3741.75000000,0.87534600,1545214499999,3273.99625401,6,0.47101300,1762.19112368,0
1545214500000,3741.75000000,3747.70000000,3741.75000000,3747.70000000,1.02441200,1545214799999,3836.50551022,12,1.02441200,3836.50551022,0
1545214800000,3750.00000000,3756.52000000,3750.00000000,3754.63000000,1.14787800,1545215099999,4310.82129403,4,0.14804300,555.16125000,0
1545215100000,3761.44000000,3761.44000000,3750.85000000,3750.85000000,2.27810700,1545215399999,8560.72082932,14,0.85621400,3212.35562340,0
1545215400000,3752.86000000,3752.86000000,3740.50000000,3749.66000000,1.75106100,1545215699999,6566.73546161,18,1.56989900,5889.09900061,0
1545215700000,3749.71000000,3788.46000000,3749.71000000,3786.85000000,15.58847900,1545215999999,58761.66914764,44,15.50744500,58455.68718556,0
1545216000000,3774.65000000,3780.36000000,3770.26000000,3770.26000000,3.23189000,1545216299999,12207.89845520,22,0.51135500,1930.95499920,0
1545216300000,3762.87000000,3777.62000000,3762.87000000,3776.77000000,1.37912700,1545216599999,5201.16999761,26,1.29712400,4892.60336900,0
1545216600000,3776.16000000,3792.20000000,3776.16000000,3792.20000000,1.78351100,1545216899999,6747.86490217,23,1.10415600,4179.64872007,0
1545216900000,3787.49000000,3792.31000000,3780.97000000,3780.97000000,30.60138400,1545217199999,115938.10716958,103,8.56278900,32453.70137403,0
1545217200000,3780.47000000,3787.84000000,3769.45000000,3786.22000000,5.20905000,1545217499999,19687.19578582,47,3.74455800,14163.75472688,0
1545217500000,3780.52000000,3805.00000000,3773.01000000,3802.11000000,18.03213100,1545217799999,68325.77885232,57,16.97738000,64342.54786973,0
1545217800000,3802.11000000,3813.00000000,3791.47000000,3798.29000000,17.21116500,1545218099999,65328.49197772,41,1.31289200,4995.50328769,0
1545218100000,3800.76000000,3800.76000000,3791.47000000,3791.47000000,1.25578600,1545218399999,4764.81685809,13,1.06669600,4047.88779579,0
1545218400000,3791.47000000,3791.47000000,3782.40000000,3782.40000000,2.83731300,1545218699999,10735.80000584,5,0.00000000,0.00000000,0
1545218700000,3790.00000000,3801.66000000,3788.34000000,3801.66000000,4.56565300,1545218999999,17331.07386677,41,3.72284300,14138.19881417,0
1545219000000,3808.14000000,3815.15000000,3798.95000000,3812.93000000,13.31032600,1545219299999,50702.05379313,63,12.05370800,45927.14869251,0
1545219300000,3814.10000000,3823.00000000,3809.98000000,3809.98000000,0.85758700,1545219599999,3274.54514771,18,0.79891400,3050.92726467,0
1545219600000,3809.98000000,3815.09000000,3800.00000000,3809.22000000,12.13214600,1545219899999,46212.26715671,35,11.21968300,42736.51991756,0
1545219900000,3800.49000000,3831.71000000,3800.49000000,3817.26000000,11.94669700,1545220199999,45647.51539267,110,9.03461100,34547.32745233,0
1545220200000,3805.90000000,3827.74000000,3805.90000000,3822.31000000,3.22521700,1545220499999,12326.07441180,41,3.18343100,12167.04107440,0
1545220500000,3825.74000000,3827.75000000,3820.31000000,3820.35000000,1.18618600,1545220799999,4532.04082863,24,1.15329100,4406.37160550,0
1545220800000,3820.32000000,3820.32000000,3782.42000000,3788.73000000,19.19164300,1545221099999,72933.82638391,47,2.88819200,10980.11574979,0
1545221100000,3799.75000000,3799.76000000,3788.73000000,3795.71000000,3.22025700,1545221399999,12234.38448219,7,3.14608200,11953.35514344,0
1545221400000,3789.98000000,3794.26000000,3789.58000000,3792.12000000,2.39729700,1545221699999,9091.85468109,13,2.01855300,7656.04892089,0
1545221700000,3797.78000000,3819.22000000,3797.78000000,3804.69000000,0.68661600,1545221999999,2613.02147044,15,0.58080900,2209.66506513,0
1545222000000,3806.47000000,3809.21000000,3806.47000000,3809.21000000,0.27826100,1545222299999,1059.92844760,4,0.00000000,0.00000000,0
1545222300000,3807.98000000,3817.25000000,3804.69000000,3804.69000000,4.43591400,1545222599999,16892.19656749,30,0.03706500,141.48637125,0
1545222600000,3804.69000000,3811.73000000,3796.11000000,3811.73000000,2.23172900,1545222899999,8488.96882079,11,2.22736200,8472.37647656,0
1545222900000,3816.88000000,3816.88000000,3807.92000000,3807.92000000,3.57892500,1545223199999,13629.27357776,4,0.11187500,426.99179176,0
1545223200000,3818.06000000,3837.36000000,3816.43000000,3837.36000000,0.35753800,1545223499999,1366.39182660,12,0.06909400,264.83814097,0
1545223500000,3838.41000000,3838.41000000,3832.00000000,3832.68000000,3.16636000,1545223799999,12139.61282361,42,3.11664900,11948.80162410,0
1545223800000,3832.68000000,3846.80000000,3832.68000000,3843.58000000,1.49355900,1545224099999,5742.60959308,11,0.17902300,688.21867308,0
1545224100000,3840.00000000,3840.00000000,3822.92000000,3828.18000000,1.64910300,1545224399999,6319.25041348,16,0.87211900,3341.81555852,0
1545224400000,3828.50000000,3839.15000000,3825.76000000,3834.56000000,6.26213200,1545224699999,24006.91094189,16,5.44284100,20867.14322089,0
1545224700000,3841.92000000,3858.00000000,3841.03000000,3858.00000000,3.09413000,1545224999999,11913.88973025,45,1.79284900,6899.47414537,0
1545225000000,3854.99000000,3867.66000000,3854.00000000,3854.00000000,11.15430000,1545225299999,43013.60578655,82,9.23912000,35632.35048371,0
1545225300000,3862.54000000,3868.15000000,3854.02000000,3854.50000000,2.25310000,1545225599999,8684.86982929,16,0.11625000,448.44719229,0
1545225600000,3854.50000000,3875.00000000,3854.00000000,3875.00000000,10.77741300,1545225899999,41726.02855631,70,10.57104900,40929.56765092,0
1545225900000,3875.00000000,3894.99000000,3875.00000000,3882.18000000,3.12379600,1545226199999,12136.34363355,41,0.73324900,2852.02673373,0
1545226200000,3888.72000000,3895.00000000,3875.18000000,3895.00000000,2.47421400,1545226499999,9627.72427716,21,2.05643100,8004.81313928,0
1545226500000,3898.99000000,3919.08000000,3898.99000000,3915.51000000,8.93639600,1545226799999,34948.69772442,89,7.38729100,28887.10105475,0
1545226800000,3920.00000000,3920.00000000,3899.14000000,3909.43000000,7.51370300,1545227099999,29420.87593319,72,4.88674400,19147.81274727,0
1545227100000,3899.14000000,3903.33000000,3879.83000000,3891.99000000,14.55539400,1545227399999,56632.54091584,150,9.95763500,38741.84723831,0
1545227400000,3891.99000000,3891.99000000,3859.47000000,3859.47000000,24.83800600,1545227699999,96123.99808915,61,1.40283100,5434.74377259,0
1545227700000,3859.47000000,3871.70000000,3855.00000000,3863.72000000,2.41608500,1545227999999,9331.77479948,21,1.41077600,5451.24692296,0
1545228000000,3863.37000000,3878.37000000,3863.37000000,3870.83000000,2.27150200,1545228299999,8799.20129848,35,1.61132400,6242.94629651,0
1545228300000,3870.53000000,3878.36000000,3828.85000000,3834.00000000,27.72235800,1545228599999,106828.68107147,162,15.43838900,59559.04065157,0
1545228600000,3823.90000000,3841.05000000,3817.67000000,3840.00000000,17.14426800,1545228899999,65735.72842403,62,12.22269200,46876.73469815,0
1545228900000,3840.00000000,3852.97000000,3838.18000000,3838.18000000,7.68198300,1545229199999,29553.46568225,85,3.34102200,12862.95211799,0
1545229200000,3831.00000000,3837.04000000,3830.00000000,3835.58000000,16.78032100,1545229499999,64300.27282499,101,9.87958900,37865.85533407,0
1545229500000,3830.00000000,3834.15000000,3807.15000000,3807.15000000,6.91069400,1545229799999,26437.56258746,38,0.34490400,1321.23648275,0
1545229800000,3822.97000000,3822.97000000,3784.79000000,3800.00000000,4.85021000,1545230099999,18431.84905564,68,2.55063400,9719.79233171,0
1545230100000,3789.89000000,3800.00000000,3786.22000000,3790.00000000,23.03284300,1545230399999,87303.59357305,189,22.01704500,83455.24132051,0
1545230400000,3797.55000000,3807.14000000,3788.83000000,3807.14000000,26.67664400,1545230699999,101230.37141191,40,11.47771600,43613.05052939,0
1545230700000,3806.30000000,3807.14000000,3775.33000000,3788.31000000,3.15543500,1545230999999,11949.31307368,41,2.56391200,9706.68783614,0
1545231000000,3783.19000000,3795.10000000,3783.19000000,3786.11000000,12.92913800,1545231299999,48979.08452475,22,1.37344000,5205.77451704,0
1545231300000,3786.11000000,3794.00000000,3776.00000000,3776.00000000,8.67404600,1545231599999,32841.34457869,40,6.29149200,23835.56834625,0
1545231600000,3779.86000000,3803.04000000,3779.86000000,3803.04000000,19.11524600,1545231899999,72626.94691268,39,14.84942100,56453.87255012,0
1545231900000,3803.00000000,3803.00000000,3791.98000000,3792.00000000,57.78387100,1545232199999,219127.76955960,27,4.72037100,17900.33988626,0
1545232200000,3792.20000000,3820.09000000,3791.99000000,3817.37000000,3.09683400,1545232499999,11774.73400459,41,2.89382400,11002.86282867,0
1545232500000,3817.37000000,3820.72000000,3810.00000000,3810.00000000,2.82892600,1545232799999,10797.97160778,37,1.98067700,7560.79860301,0
1545232800000,3810.00000000,3816.40000000,3803.01000000,3816.40000000,7.09845800,1545233099999,27044.95204572,10,6.33288800,24133.43161032,0
1545233100000,3809.59000000,3809.59000000,3790.11000000,3791.85000000,23.43906200,1545233399999,88948.01778763,168,22.57500800,85672.06516135,0
1545233400000,3791.70000000,3793.07000000,3748.21000000,3748.21000000,13.04781100,1545233699999,49012.08660295,41,1.80820200,6808.58974823,0
1545233700000,3746.49000000,3760.04000000,3745.67000000,3750.00000000,5.53206300,1545233999999,20748.30677736,38,0.83280200,3128.42471027,0
1545234000000,3750.00000000,3769.36000000,3750.00000000,3769.36000000,68.15410700,1545234299999,256200.46636848,155,44.49379700,167223.88386990,0
1545234300000,3759.76000000,3760.03000000,3740.00000000,3740.00000000,74.87705000,1545234599999,281243.40471681,101,44.85821700,168632.08978703,0
1545234600000,3746.02000000,3765.00000000,3746.02000000,3760.25000000,31.77637500,1545234899999,119445.05696640,144,8.43867000,31729.23780943,0
1545234900000,3760.00000000,3769.38000000,3757.43000000,3769.38000000,8.78816300,1545235199999,33058.11185868,33,0.20263600,762.16481321,0
1545235200000,3766.41000000,3767.28000000,3760.00000000,3760.00000000,7.24858000,1545235499999,27280.08496765,36,3.90787900,14717.17380293,0
1545235500000,3765.00000000,3790.00000000,3765.00000000,3790.00000000,1.73028500,1545235799999,6525.30130503,27,0.61941300,2337.19208997,0
1545235800000,3786.23000000,3787.46000000,3779.02000000,3779.02000000,13.22612900,1545236099999,50046.44232670,61,8.29232600,31377.45045249,0
1545236100000,3779.02000000,3779.02000000,3765.00000000,3768.10000000,7.58995500,1545236399999,28657.26432531,42,1.25270600,4721.17122429,0
1545236400000,3771.73000000,3781.13000000,3770.00000000,3781.12000000,13.00649800,1545236699999,49057.75089078,38,0.11744600,443.74088570,0
1545236700000,3781.12000000,3781.34000000,3769.41000000,3781.34000000,24.39934300,1545236999999,92078.43347606,47,11.54192500,43612.69222066,0
1545237000000,3779.39000000,3779.39000000,3766.10000000,3772.99000000,1.23354100,1545237299999,4659.61686321,15,1.09433200,4134.89174831,0
1545237300000,3772.00000000,3772.00000000,3767.00000000,3767.41000000,24.67879400,1545237599999,92998.71744118,35,0.38755500,1460.89035181,0
1545237600000,3770.94000000,3775.00000000,3770.94000000,3775.00000000,11.04396100,1545237899999,41658.10238957,67,1.87966200,7094.40157730,0
1545237900000,3775.00000000,3790.00000000,3771.53000000,3790.00000000,14.15496700,1545238199999,53452.31185758,78,11.51518600,43474.27798338,0
1545238200000,3790.00000000,3801.24000000,3785.31000000,3801.24000000,81.33942400,1545238499999,308566.33143963,86,78.97780500,299606.57523570,0
1545238500000,3801.24000000,3811.27000000,3794.74000000,3800.28000000,20.19696800,1545238799999,76900.02075888,85,7.41329600,28197.36520119,0
1545238800000,3800.56000000,3800.56000000,3785.00000000,3786.21000000,28.97730700,1545239099999,110053.98853834,179,1.27645100,4846.07702097,0
1545239100000,3786.21000000,3807.37000000,3786.21000000,3798.14000000,6.48421400,1545239399999,24660.48101792,31,6.19696200,23569.75737724,0
1545239400000,3802.80000000,3812.42000000,3802.80000000,3807.76000000,0.44797700,1545239699999,1705.64259659,16,0.28725900,1093.66723778,0
1545239700000,3804.69000000,3810.37000000,3800.00000000,3800.74000000,5.02670600,1545239999999,19104.69845516,30,4.64456000,17651.95496197,0
1545240000000,3804.55000000,3811.00000000,3800.74000000,3806.00000000,0.16920800,1545240299999,644.12403820,11,0.10991600,418.41298123,0
1545240300000,3806.00000000,3825.35000000,3806.00000000,3819.76000000,11.32689500,1545240599999,43266.61885531,50,11.22791200,42889.59674082,0
1545240600000,3819.76000000,3856.00000000,3814.00000000,3814.00000000,48.50723000,1545240899999,185941.53934611,92,29.88835100,114723.72011751,0
1545240900000,3815.00000000,3815.00000000,3795.06000000,3806.98000000,40.44209000,1545241199999,154232.85732532,197,1.48202800,5640.97369662,0
1545241200000,3804.12000000,3804.88000000,3740.00000000,3785.00000000,22.40813100,1545241499999,84509.39421719,74,3.28174800,12362.99181044,0
1545241500000,3785.01000000,3791.43000000,3766.39000000,3766.45000000,11.71680400,1545241799999,44314.56840727,53,4.10016100,15507.45296849,0
1545241800000,3766.49000000,3777.70000000,3765.00000000,3774.86000000,6.82251900,1545242099999,25737.99853820,69,0.13232700,499.86469494,0
1545242100000,3766.85000000,3789.71000000,3766.85000000,3789.71000000,23.50879400,1545242399999,88787.07392098,86,6.96775700,26326.00885296,0
1545242400000,3783.60000000,3792.31000000,3765.01000000,3768.36000000,15.24976000,1545242699999,57656.60870277,98,6.27793700,23789.77624685,0
1545242700000,3768.38000000,3775.00000000,3763.51000000,3766.73000000,6.22080100,1545242999999,23465.29792261,121,1.98404500,7477.62621720,0
1545243000000,3765.32000000,3773.98000000,3765.00000000,3765.04000000,8.35755500,1545243299999,31478.88111598,117,0.91886400,3463.05334112,0
1545243300000,3773.97000000,3787.92000000,3765.08000000,3780.72000000,1.90787800,1545243599999,7205.46563591,59,1.51669900,5728.25497815,0
1545243600000,3783.30000000,3783.30000000,3772.33000000,3772.33000000,3.09017100,1545243899999,11681.61298930,33,0.09154100,345.56727500,0
1545243900000,3775.00000000,3777.43000000,3775.00000000,3775.00000000,1.77176800,1545244199999,6688.45660453,9,1.03205200,3896.00273707,0
1545244200000,3777.43000000,3790.00000000,3776.19000000,3790.00000000,1.01492600,1545244499999,3841.61744375,19,0.90900400,3441.62896013,0
1545244500000,3787.92000000,3799.91000000,3787.92000000,3793.84000000,5.87518600,1545244799999,22305.22051523,22,5.83530100,22154.07839327,0
1545244800000,3793.84000000,3795.43000000,3786.38000000,3795.14000000,0.75339600,1545245099999,2858.01975631,19,0.49289800,1870.37104523,0
1545245100000,3792.98000000,3810.55000000,3792.98000000,3805.47000000,1.50310500,1545245399999,5721.86270742,18,0.11268200,428.05793716,0
1545245400000,3805.47000000,3812.42000000,3804.13000000,3810.00000000,39.62131700,1545245699999,150997.55397259,115,12.02087600,45823.90507617,0
1545245700000,3810.00000000,3813.87000000,3789.98000000,3792.44000000,49.01461000,1545245999999,186742.08321126,235,9.08202200,34616.26525996,0
1545246000000,3788.61000000,3801.00000000,3785.89000000,3788.74000000,16.61431200,1545246299999,63139.18857145,19,16.47361300,62606.14429970,0
1545246300000,3785.89000000,3796.70000000,3785.89000000,3791.00000000,3.52712400,1545246599999,13381.43058516,12,3.02073200,11461.92470220,0
1545246600000,3791.00000000,3795.43000000,3789.18000000,3795.43000000,1.46581400,1545246899999,5560.84178217,21,1.19374300,4529.55463323,0
1545246900000,3794.95000000,3794.95000000,3794.29000000,3794.29000000,0.25159200,1545247199999,954.69260040,5,0.13100000,497.05199000,0
1545247200000,3794.65000000,3808.45000000,3791.01000000,3808.45000000,26.32984400,1545247499999,100009.89816195,56,24.26931500,92163.23082422,0
1545247500000,3808.45000000,3813.88000000,3800.85000000,3806.34000000,10.81065000,1545247799999,41134.33206218,25,3.07054700,11689.06834478,0
1545247800000,3806.34000000,3806.34000000,3800.92000000,3806.34000000,9.99867900,1545248099999,38047.57204300,26,7.85997600,29917.66235818,0
1545248100000,3806.34000000,3806.34000000,3790.00000000,3791.78000000,21.44860600,1545248399999,81484.50483407,107,3.86494200,14649.32451590,0
1545248400000,3791.77000000,3791.78000000,3785.00000000,3787.84000000,9.92201100,1545248699999,37582.05534139,58,5.75157000,21796.78326359,0
1545248700000,3787.84000000,3787.84000000,3782.04000000,3787.84000000,6.26642700,1545248999999,23734.22080001,45,5.82277000,22055.72074720,0
1545249000000,3785.53000000,3789.03000000,3785.00000000,3785.03000000,20.81089500,1545249299999,78769.64493576,29,18.45928900,69868.64759057,0
1545249300000,3785.03000000,3785.09000000,3765.00000000,3770.00000000,36.53027000,1545249599999,137809.42491428,136,15.59577600,58796.18893104,0
1545249600000,3770.00000000,3775.63000000,3750.03000000,3750.03000000,36.60867300,1545249899999,137927.74441831,119,18.18479800,68529.16675205,0
1545249900000,3750.03000000,3750.03000000,3735.00000000,3741.01000000,36.15458600,1545250199999,135277.71521219,185,14.06864800,52628.24037759,0
1545250200000,3742.73000000,3745.00000000,3721.00000000,3721.00000000,28.79739700,1545250499999,107519.85647563,47,1.08758700,4065.99140955,0
1545250500000,3720.00000000,3730.72000000,3713.91000000,3724.70000000,3.21609800,1545250799999,11981.46532881,46,1.49924600,5590.40223668,0
1545250800000,3724.70000000,3724.70000000,3705.43000000,3712.42000000,18.95252400,1545251099999,70234.22025187,77,0.13739600,509.81630224,0
1545251100000,3712.42000000,3719.64000000,3705.65000000,3716.15000000,26.44999100,1545251399999,98284.61560429,28,25.53617100,94893.52565188,0
1545251400000,3715.80000000,3731.54000000,3715.80000000,3731.54000000,16.09740300,1545251699999,60014.69354529,40,13.69994000,51088.52467467,0
1545251700000,3726.87000000,3726.87000000,3715.00000000,3717.34000000,26.10517900,1545251999999,97217.63357680,117,2.00768500,7460.70407489,0
1545252000000,3717.33000000,3722.51000000,3714.27000000,3722.51000000,120.01470400,1545252299999,445988.85077409,33,44.67350900,166112.77254099,0
1545252300000,3715.01000000,3735.22000000,3715.01000000,3727.58000000,4.19286100,1545252599999,15598.25785338,18,0.71201000,2651.75851772,0
1545252600000,3728.99000000,3734.95000000,3723.24000000,3734.45000000,22.41590800,1545252899999,83660.43108902,40,19.43660800,72534.73395068,0
1545252900000,3734.42000000,3734.45000000,3726.52000000,3730.46000000,5.20933900,1545253199999,19453.05182878,46,0.12547900,468.15162434,0
1545253200000,3723.84000000,3726.93000000,3721.01000000,3721.01000000,4.25326400,1545253499999,15850.31606335,11,3.81823300,14230.28641772,0
1545253500000,3726.62000000,3730.00000000,3715.00000000,3715.00000000,8.94016600,1545253799999,33305.78038633,49,5.80997200,21668.68534722,0
1545253800000,3715.00000000,3717.76000000,3709.10000000,3717.76000000,11.35160700,1545254099999,42131.11188471,17,0.53627700,1993.74917952,0
1545254100000,3715.09000000,3717.92000000,3706.14000000,3706.14000000,15.29608400,1545254399999,56866.68601141,12,15.00000000,55768.42957729,0
1545254400000,3706.59000000,3709.99000000,3697.56000000,3701.00000000,9.17270700,1545254699999,33953.51062519,85,0.73022700,2704.12411207,0
1545254700000,3701.00000000,3703.00000000,3683.68000000,3691.84000000,38.12127000,1545254999999,140490.56100143,77,7.70025200,28426.60825552,0
1545255000000,3690.78000000,3693.96000000,3655.03000000,3655.11000000,16.73906500,1545255299999,61441.98926977,124,5.63163000,20657.88492724,0
1545255300000,3663.74000000,3670.00000000,3618.53000000,3667.57000000,30.51034100,1545255599999,111311.60737429,122,4.04736500,14804.59895305,0
1545255600000,3663.20000000,3678.00000000,3631.62000000,3665.15000000,6.79147300,1545255899999,24914.65738217,57,1.65198400,6063.83711579,0
1545255900000,3672.83000000,3677.98000000,3665.16000000,3675.10000000,29.19192600,1545256199999,107152.60334566,39,0.62042200,2278.81489531,0
1545256200000,3670.42000000,3670.42000000,3651.04000000,3651.04000000,18.42300500,1545256499999,67465.63151791,23,10.83711300,39677.68736849,0
1545256500000,3650.67000000,3663.70000000,3647.31000000,3660.87000000,13.70040900,1545256799999,50100.40380771,40,9.98293300,36522.31907305,0
1545256800000,3663.70000000,3678.00000000,3661.87000000,3662.28000000,11.78004900,1545257099999,43263.34624680,79,7.98387800,29338.78548779,0
1545257100000,3669.78000000,3671.07000000,3661.90000000,3666.45000000,16.50834500,1545257399999,60576.82731129,38,13.26146400,48673.63160822,0
1545257400000,3674.78000000,3692.31000000,3672.00000000,3692.31000000,1.72388100,1545257699999,6343.03801989,43,1.32865600,4885.99956008,0
1545257700000,3690.00000000,3693.10000000,3682.63000000,3686.71000000,3.50751600,1545257999999,12924.72142787,38,1.70104300,6268.94974922,0
1545258000000,3682.64000000,3712.39000000,3682.63000000,3705.75000000,15.19744400,1545258299999,56348.02351813,44,13.05046600,48420.87860109,0
1545258300000,3705.75000000,3708.04000000,3694.70000000,3694.86000000,4.94669500,1545258599999,18319.04475873,27,2.59003200,9594.37084153,0
1545258600000,3694.86000000,3702.37000000,3693.21000000,3693.21000000,1.65800300,1545258899999,6136.08133127,16,0.24697300,913.93465931,0
1545258900000,3693.21000000,3694.53000000,3684.98000000,3689.89000000,1.78389100,1545259199999,6584.47231379,27,1.41475800,5222.27242698,0
1545259200000,3689.00000000,3694.08000000,3683.34000000,3694.00000000,22.06812500,1545259499999,81293.25636455,27,0.74880700,2765.62650674,0
1545259500000,3694.08000000,3712.92000000,3694.08000000,3710.43000000,2.81041600,1545259799999,10407.15691708,42,2.56455100,9496.02694303,0
1545259800000,3716.03000000,3722.76000000,3710.79000000,3719.63000000,7.33184700,1545260099999,27267.91466421,31,7.14297400,26566.42965157,0
1545260100000,3715.60000000,3715.60000000,3710.85000000,3715.25000000,3.64755600,1545260399999,13552.25141055,30,3.57891200,13297.52382315,0
1545260400000,3715.23000000,3725.81000000,3715.23000000,3725.81000000,42.52438100,1545260699999,158177.81733704,45,32.71046000,121639.06122468,0
1545260700000,3725.81000000,3725.81000000,3712.36000000,3712.36000000,0.53248200,1545260999999,1982.29841105,7,0.36535500,1361.24308173,0
1545261000000,3712.36000000,3712.36000000,3698.71000000,3704.95000000,2.59201800,1545261299999,9596.27127074,26,1.21837900,4514.37906414,0
1545261300000,3699.99000000,3708.17000000,3699.99000000,3705.32000000,3.11532300,1545261599999,11551.11484481,32,0.02696500,99.93597180,0
1545261600000,3705.32000000,3710.02000000,3700.07000000,3710.02000000,27.65254200,1545261899999,102552.63766349,26,25.36522300,94080.02517076,0
1545261900000,3709.51000000,3719.04000000,3708.88000000,3715.01000000,11.94014500,1545262199999,44385.46281776,18,11.36877000,42266.25040178,0
1545262200000,3715.01000000,3716.87000000,3711.75000000,3716.87000000,14.93137000,1545262499999,55466.37586949,35,0.48051400,1785.99856730,0
1545262500000,3709.10000000,3712.30000000,3705.53000000,3705.66000000,0.48069100,1545262799999,1782.34895896,11,0.08445500,313.50237650,0
1545262800000,3702.41000000,3702.41000000,3678.38000000,3683.63000000,0.81299200,1545263099999,2998.77295949,11,0.01694900,62.71900818,0
1545263100000,3684.68000000,3689.67000000,3682.79000000,3682.79000000,2.31763800,1545263399999,8541.53646765,13,0.12833500,473.51379945,0
1545263400000,3687.50000000,3687.50000000,3682.76000000,3687.50000000,0.40132200,1545263699999,1478.58414556,13,0.19003400,700.45499068,0
1545263700000,3686.05000000,3686.05000000,3674.96000000,3676.32000000,1.95896200,1545263999999,7204.72927025,19,0.10486900,386.52584003,0
1545264000000,3672.15000000,3672.91000000,3657.23000000,3660.86000000,13.08701700,1545264299999,48036.86614701,29,11.21248700,41170.99690913,0
1545264300000,3665.06000000,3674.18000000,3661.85000000,3661.85000000,6.41980400,1545264599999,23580.32778115,22,5.97252400,21941.53337216,0
1545264600000,3663.31000000,3683.31000000,3663.31000000,3681.76000000,12.62988300,1545264899999,46401.40083411,27,11.94666000,43894.64275710,0
1545264900000,3681.76000000,3700.00000000,3681.76000000,3700.00000000,18.34495300,1545265199999,67844.80898603,65,17.50525100,64745.17436688,0
1545265200000,3704.56000000,3713.99000000,3698.71000000,3709.91000000,17.91712500,1545265499999,66470.26630718,14,17.90712500,66433.27920718,0
1545265500000,3707.27000000,3715.72000000,3701.46000000,3712.73000000,2.62135400,1545265799999,9732.46959307,22,2.32423100,8632.12705760,0
1545265800000,3716.67000000,3719.93000000,3699.50000000,3706.24000000,0.58675900,1545266099999,2175.75649256,17,0.28931300,1073.54836299,0
1545266100000,3706.13000000,3722.97000000,3706.13000000,3714.05000000,0.58040400,1545266399999,2152.34637878,13,0.34885200,1293.09070347,0
1545266400000,3715.47000000,3719.20000000,3715.47000000,3715.77000000,4.35109200,1545266699999,16182.37003407,5,4.35109200,16182.37003407,0
1545266700000,3710.71000000,3710.71000000,3695.68000000,3702.16000000,1.90456100,1545266999999,7052.39266870,23,1.70689700,6319.20133390,0
1545267000000,3705.00000000,3705.00000000,3695.59000000,3695.59000000,0.25646300,1545267299999,949.60008908,6,0.00000000,0.00000000,0
1545267300000,3695.59000000,3719.74000000,3695.59000000,3719.74000000,4.84061900,1545267599999,17937.04510593,33,4.83255800,17907.25495494,0
1545267600000,3712.60000000,3715.47000000,3707.25000000,3713.48000000,1.52295600,1545267899999,5647.77151740,14,0.21440800,796.42590448,0
1545267900000,3707.26000000,3707.26000000,3707.25000000,3707.25000000,0.62555600,1545268199999,2319.09296544,3,0.00000000,0.00000000,0
1545268200000,3710.33000000,3718.28000000,3707.25000000,3707.26000000,7.82151300,1545268499999,29068.15990113,16,7.14078900,26544.54154876,0
1545268500000,3703.04000000,3728.84000000,3703.04000000,3720.77000000,7.11485500,1545268799999,26454.04514068,23,3.33730800,12402.78845833,0
1545268800000,3724.74000000,3733.00000000,3723.90000000,3724.04000000,1.49519000,1545269099999,5578.17579840,17,0.52307100,1951.70675036,0
1545269100000,3724.06000000,3742.00000000,3718.15000000,3718.15000000,15.94859600,1545269399999,59532.30049308,35,9.86862100,36839.09719155,0
1545269400000,3721.50000000,3742.59000000,3721.50000000,3735.36000000,4.03119800,1545269699999,15073.82874814,15,3.80151200,14216.01571335,0
1545269700000,3737.25000000,3739.93000000,3737.25000000,3739.93000000,0.16264500,1545269999999,608.26823589,8,0.00431700,16.13370825,0
1545270000000,3739.93000000,3746.80000000,3739.93000000,3746.80000000,0.49140300,1545270299999,1839.89483528,6,0.32112800,1203.07825453,0
1545270300000,3749.95000000,3749.95000000,3740.29000000,3740.35000000,1.64352400,1545270599999,6148.88753741,16,0.15958600,598.43952070,0
1545270600000,3740.35000000,3743.96000000,3729.50000000,3729.50000000,4.96323900,1545270899999,18514.64291488,9,4.01801500,14985.44743940,0
1545270900000,3730.51000000,3741.46000000,3730.51000000,3741.46000000,2.77992800,1545271199999,10394.90367697,13,2.23175800,8348.25828099,0
1545271200000,3741.45000000,3741.45000000,3733.93000000,3733.93000000,0.07887400,1545271499999,294.77845938,5,0.03822000,142.97926916,0
1545271500000,3740.13000000,3750.00000000,3740.13000000,3750.00000000,1.34275900,1545271799999,5033.87456412,21,1.34275900,5033.87456412,0
1545271800000,3750.00000000,3760.78000000,3750.00000000,3760.00000000,2.61819600,1545272099999,9835.40231908,24,1.31488900,4934.06875170,0
1545272100000,3759.01000000,3759.01000000,3746.99000000,3750.56000000,6.60669100,1545272399999,24775.33881991,14,0.24724200,927.91928738,0
1545272400000,3750.56000000,3750.58000000,3740.95000000,3742.91000000,10.55073500,1545272699999,39496.04763213,14,0.00267200,10.00105552,0
1545272700000,3742.56000000,3742.56000000,3742.56000000,3742.56000000,1.86994800,1545272999999,6998.39258688,9,0.05852600,219.03706656,0
1545273000000,3742.56000000,3742.57000000,3742.56000000,3742.56000000,7.89307500,1545273299999,29540.30702885,51,0.00000000,0.00000000,0
1545273300000,3742.56000000,3742.56000000,3730.50000000,3734.37000000,0.89976300,1545273599999,3360.43930950,14,0.18445100,688.77415290,0
1545273600000,3731.63000000,3732.73000000,3729.08000000,3732.52000000,1.98451900,1545273899999,7402.66546400,15,0.14448700,539.32297652,0
1545273900000,3727.16000000,3732.52000000,3719.76000000,3724.77000000,7.07407800,1545274199999,26398.06168003,14,6.23567200,23274.76178296,0
1545274200000,3718.90000000,3718.90000000,3718.89000000,3718.89000000,0.39846500,1545274499999,1481.84847733,7,0.00000000,0.00000000,0
1545274500000,3725.46000000,3726.09000000,3725.46000000,3726.09000000,0.24286600,1545274799999,904.91356836,6,0.22143200,825.04855530,0
1545274800000,3724.26000000,3724.26000000,3705.87000000,3715.67000000,2.49346700,1545275099999,9256.04014342,22,0.91784000,3411.61128000,0
1545275100000,3713.76000000,3713.76000000,3703.65000000,3703.65000000,13.51688500,1545275399999,50101.94836453,36,0.00000000,0.00000000,0
1545275400000,3703.65000000,3708.83000000,3703.65000000,3708.83000000,6.38970500,1545275699999,23682.03019512,39,0.03269600,121.26390568,0
1545275700000,3709.83000000,3721.72000000,3705.78000000,3713.65000000,4.69278000,1545275999999,17409.71365431,24,0.32148000,1195.69705460,0
1545276000000,3712.33000000,3720.43000000,3707.57000000,3720.43000000,0.32171400,1545276299999,1193.63214354,6,0.05099800,189.68222035,0
1545276300000,3725.76000000,3725.76000000,3722.00000000,3722.00000000,0.17998700,1545276599999,669.98397531,6,0.01918800,71.48988288,0
1545276600000,3722.01000000,3736.51000000,3722.00000000,3736.51000000,2.36522700,1545276899999,8807.05016683,28,2.12190800,7898.27690419,0
1545276900000,3736.51000000,3736.51000000,3729.52000000,3729.52000000,0.06908800,1545277199999,257.66512669,2,0.00000000,0.00000000,0
1545277200000,3729.57000000,3734.98000000,3726.88000000,3734.98000000,0.13158800,1545277499999,490.77089439,7,0.03149100,117.61347768,0
1545277500000,3727.26000000,3727.26000000,3722.50000000,3727.26000000,1.48554300,1545277799999,5534.83440479,6,0.03533700,131.68509735,0
1545277800000,3727.25000000,3727.25000000,3727.25000000,3727.25000000,0.62110100,1545278099999,2314.99870225,9,0.03480600,129.73066350,0
1545278100000,3721.23000000,3722.02000000,3713.22000000,3720.41000000,0.51596100,1545278399999,1918.67204617,14,0.25400500,945.28653680,0
1545278400000,3716.04000000,3732.07000000,3710.00000000,3732.07000000,0.93172400,1545278699999,3461.80129210,20,0.48053800,1787.74797319,0
1545278700000,3722.74000000,3722.74000000,3719.80000000,3719.80000000,0.04473800,1545278999999,166.46122682,2,0.00000000,0.00000000,0
1545279000000,3719.80000000,3719.80000000,3719.80000000,3719.80000000,0.00000000,1545279299999,0.00000000,0,0.00000000,0.00000000,0
1545279300000,3722.31000000,3728.93000000,3722.31000000,3728.93000000,0.12114900,1545279599999,451.40777378,4,0.12114900,451.40777378,0
1545279600000,3728.33000000,3738.48000000,3728.33000000,3738.48000000,2.92104700,1545279899999,10901.88828907,18,1.89839900,7088.42088039,0
1545279900000,3730.87000000,3730.87000000,3730.86000000,3730.86000000,0.94063200,1545280199999,3509.36807799,9,0.10788300,402.49744821,0
1545280200000,3729.70000000,3737.48000000,3729.70000000,3737.48000000,1.06001600,1545280499999,3959.30462408,7,1.06001600,3959.30462408,0
1545280500000,3737.48000000,3739.40000000,3732.11000000,3739.40000000,2.70517400,1545280799999,10110.62721984,16,2.45219500,9165.27961912,0
1545280800000,3735.04000000,3735.43000000,3722.95000000,3724.95000000,5.67297300,1545281099999,21163.51570984,17,0.02152600,80.38676938,0
1545281100000,3727.84000000,3738.87000000,3727.84000000,3732.92000000,0.54099100,1545281399999,2020.31208119,15,0.15852900,592.16717902,0
1545281400000,3738.86000000,3741.33000000,3736.68000000,3736.69000000,0.46869300,1545281699999,1752.77168247,11,0.29926900,1119.58508482,0
1545281700000,3736.96000000,3743.01000000,3732.49000000,3743.01000000,6.42137900,1545281999999,24010.56180989,22,4.87995600,18256.73559334,0
1545282000000,3736.54000000,3736.54000000,3730.58000000,3730.58000000,0.31555200,1545282299999,1177.63420897,6,0.00000000,0.00000000,0
1545282300000,3728.25000000,3733.34000000,3727.22000000,3727.22000000,6.95215600,1545282599999,25917.11837632,9,2.01207900,7501.55186142,0
1545282600000,3736.99000000,3737.00000000,3736.99000000,3737.00000000,0.05498700,1545282899999,205.48611911,2,0.05498700,205.48611911,0
1545282900000,3736.48000000,3737.23000000,3736.48000000,3737.23000000,0.17375800,1545283199999,649.33625321,5,0.17375800,649.33625321,0
1545283200000,3737.23000000,3742.81000000,3737.23000000,3742.81000000,1.33313700,1545283499999,4982.44997883,4,1.33313700,4982.44997883,0
1545283500000,3734.07000000,3738.83000000,3719.44000000,3730.14000000,14.91242000,1545283799999,55631.50626017,14,0.46616700,1740.96063446,0
1545283800000,3723.29000000,3723.29000000,3715.18000000,3718.11000000,0.35894400,1545284099999,1334.83069217,6,0.24154600,898.09459806,0
1545284100000,3716.41000000,3723.31000000,3712.95000000,3712.95000000,0.75750300,1545284399999,2816.94353917,13,0.45564600,1695.32317903,0
1545284400000,3711.73000000,3711.73000000,3700.48000000,3700.48000000,4.80958400,1545284699999,17826.48409781,6,0.13470800,499.99972484,0
1545284700000,3694.98000000,3694.98000000,3687.20000000,3689.89000000,11.36672200,1545284999999,41917.30857604,23,0.96541200,3560.24668998,0
1545285000000,3687.40000000,3696.30000000,3685.21000000,3696.30000000,4.47830200,1545285299999,16514.24389448,15,0.04359200,161.03296087,0
1545285300000,3691.67000000,3698.00000000,3688.04000000,3688.12000000,1.57386200,1545285599999,5817.40436054,12,1.14662900,4240.22919360,0
1545285600000,3693.99000000,3695.04000000,3685.24000000,3685.26000000,0.65146200,1545285899999,2404.34018832,17,0.03917200,144.71632528,0
1545285900000,3685.26000000,3685.26000000,3673.03000000,3680.16000000,20.57718300,1545286199999,75709.42588413,74,7.82947600,28813.72589952,0
1545286200000,3680.16000000,3689.81000000,3680.16000000,3681.84000000,3.89268700,1545286499999,14326.79212455,42,3.44417200,12675.42763872,0
1545286500000,3689.80000000,3695.30000000,3687.55000000,3695.30000000,0.52601600,1545286799999,1942.54365750,8,0.31294500,1155.73986220,0
1545286800000,3697.07000000,3699.50000000,3697.07000000,3699.50000000,2.78458500,1545287099999,10297.91346624,18,2.78458500,10297.91346624,0
1545287100000,3695.00000000,3701.86000000,3695.00000000,3701.86000000,3.44424300,1545287399999,12728.71459113,25,0.26117000,966.54510972,0
1545287400000,3695.45000000,3710.04000000,3695.45000000,3703.28000000,3.50675200,1545287699999,12989.98318283,21,3.22652200,11952.68032187,0
1545287700000,3703.28000000,3710.05000000,3701.88000000,3710.03000000,0.57828200,1545287999999,2144.49069935,25,0.03262800,120.96854746,0
1545288000000,3710.03000000,3710.03000000,3702.96000000,3702.96000000,1.80439700,1545288299999,6688.11350950,25,0.28929300,1071.89308741,0
1545288300000,3707.79000000,3719.35000000,3707.79000000,3719.35000000,1.63102300,1545288599999,6050.08492211,13,1.57723900,5850.41988971,0
1545288600000,3719.36000000,3720.77000000,3712.42000000,3712.42000000,0.91999800,1545288899999,3420.29481704,15,0.26654700,990.40259983,0
1545288900000,3716.75000000,3716.75000000,3706.08000000,3708.81000000,1.70807700,1545289199999,6347.83639853,9,1.60058400,5948.94345896,0
1545289200000,3708.81000000,3708.81000000,3700.00000000,3700.00000000,0.31625400,1545289499999,1171.18659368,7,0.23714100,878.09263872,0
1545289500000,3698.00000000,3698.32000000,3691.64000000,3691.71000000,1.78295400,1545289799999,6590.06589051,13,1.45848300,5392.23416948,0
1545289800000,3698.32000000,3706.58000000,3698.32000000,3704.94000000,5.14204900,1545290099999,19028.07568470,38,4.85556500,17967.62847050,0
1545290100000,3698.88000000,3706.46000000,3697.32000000,3706.45000000,4.92891600,1545290399999,18226.76119131,7,0.32651500,1210.11022453,0
1545290400000,3705.49000000,3706.45000000,3705.49000000,3706.45000000,0.66482600,1545290699999,2464.08493986,6,0.66482600,2464.08493986,0
1545290700000,3714.58000000,3717.64000000,3712.19000000,3717.64000000,1.16164500,1545290999999,4316.38450803,9,0.05944700,220.90505200,0
1545291000000,3717.03000000,3717.03000000,3709.10000000,3712.88000000,2.18827700,1545291299999,8118.65209697,10,0.00000000,0.00000000,0
1545291300000,3718.17000000,3718.17000000,3710.26000000,3715.61000000,3.07513000,1545291599999,11411.64368918,7,0.05721000,212.69540362,0
1545291600000,3715.60000000,3720.00000000,3706.28000000,3720.00000000,5.03450900,1545291899999,18700.20803361,25,3.47667500,12926.42928612,0
1545291900000,3720.00000000,3732.17000000,3720.00000000,3727.00000000,3.74298900,1545292199999,13941.89530803,29,2.32338400,8656.82335759,0
1545292200000,3732.00000000,3734.61000000,3726.51000000,3726.51000000,1.61797700,1545292499999,6040.09255247,13,1.45791600,5443.26868304,0
1545292500000,3726.51000000,3732.93000000,3723.29000000,3732.21000000,0.37037700,1545292799999,1381.03813172,11,0.27493400,1025.19907805,0
1545292800000,3734.74000000,3768.47000000,3734.74000000,3765.47000000,11.54855400,1545293099999,43283.34688673,86,5.11933800,19195.57459299,0
1545293100000,3770.00000000,3800.02000000,3768.40000000,3800.02000000,13.60242000,1545293399999,51421.32464210,94,3.32865700,12580.28132438,0
1545293400000,3791.00000000,3837.19000000,3791.00000000,3830.50000000,27.90634600,1545293699999,106553.67646796,92,24.30442300,92844.34661992,0
1545293700000,3838.06000000,3941.91000000,3834.55000000,3926.75000000,17.57089600,1545293999999,68409.31372470,131,8.37202800,32479.59025534,0
1545294000000,3920.22000000,3969.99000000,3918.07000000,3922.52000000,106.52777300,1545294299999,420218.93226337,362,36.70967500,145386.26780882,0
1545294300000,3922.52000000,3959.99000000,3922.52000000,3959.99000000,41.45615000,1545294599999,163387.01848674,79,32.72277700,129054.44163368,0
1545294600000,3953.82000000,3990.00000000,3929.17000000,3990.00000000,14.48517800,1545294899999,57309.47886318,91,5.60405400,22122.06027615,0
1545294900000,3986.42000000,4027.00000000,3972.17000000,3982.63000000,74.13400200,1545295199999,295810.67008926,285,45.60451300,181761.13729566,0
1545295200000,3980.20000000,3997.45000000,3961.54000000,3961.54000000,12.48559000,1545295499999,49747.34525475,93,5.00185100,19951.60455341,0
1545295500000,3961.61000000,3992.68000000,3961.61000000,3983.80000000,13.89519300,1545295799999,55107.80045846,77,2.79001000,11087.27353302,0
1545295800000,3983.61000000,3986.02000000,3970.00000000,3977.85000000,2.01522500,1545296099999,8019.51768619,24,1.12356000,4472.77525056,0
1545296100000,3972.72000000,3983.94000000,3962.29000000,3977.80000000,7.76331500,1545296399999,30794.57952584,60,6.31858200,25053.41063944,0
1545296400000,3973.98000000,4019.97000000,3973.98000000,4019.97000000,7.55272600,1545296699999,30175.13613237,61,6.78988500,27127.31813034,0
1545296700000,4025.76000000,4063.60000000,4021.75000000,4056.38000000,88.39370700,1545296999999,358272.90872437,384,15.85570600,64232.46241818,0
1545297000000,4062.56000000,4062.56000000,4000.59000000,4013.47000000,55.34306000,1545297299999,224015.07743483,185,7.34288800,29526.60451604,0
1545297300000,4018.18000000,4025.07000000,4000.59000000,4015.74000000,5.72685100,1545297599999,22960.07206366,31,2.26665600,9100.07930067,0
1545297600000,4022.18000000,4038.12000000,4007.59000000,4015.10000000,11.86234900,1545297899999,47792.60406963,114,2.42723200,9779.59876693,0
1545297900000,4016.00000000,4051.70000000,4015.11000000,4039.67000000,7.60783300,1545298199999,30746.53204027,86,5.25520200,21246.31943533,0
1545298200000,4046.98000000,4046.98000000,4008.89000000,4018.05000000,7.07640800,1545298499999,28455.15195599,62,2.59551800,10449.32029908,0
1545298500000,4015.62000000,4015.62000000,4003.03000000,4003.03000000,0.60776500,1545298799999,2438.22684413,30,0.19314100,774.65363640,0
1545298800000,4008.30000000,4025.99000000,4004.71000000,4015.17000000,1.60329800,1545299099999,6440.38399554,49,0.88467000,3552.22695988,0
1545299100000,4015.16000000,4032.18000000,4010.94000000,4021.80000000,9.06828300,1545299399999,36387.52907513,45,4.26674900,17119.77986195,0
1545299400000,4026.73000000,4042.97000000,4026.73000000,4042.97000000,17.78491600,1545299699999,71762.88944858,48,1.08306600,4373.85021740,0
1545299700000,4042.51000000,4079.94000000,4038.28000000,4077.49000000,29.97968800,1545299999999,121944.82503029,128,8.71147700,35354.78563162,0
1545300000000,4068.21000000,4109.00000000,4052.65000000,4069.82000000,59.80226600,1545300299999,244785.49429134,170,51.78457500,212081.42172555,0
1545300300000,4061.31000000,4066.16000000,4039.27000000,4047.67000000,4.84330100,1545300599999,19629.95304705,47,1.71908500,6979.26406661,0
1545300600000,4043.56000000,4065.57000000,4007.00000000,4030.66000000,13.41372600,1545300899999,54315.65711704,59,6.67977800,27106.90867608,0
1545300900000,4037.19000000,4042.40000000,4022.95000000,4022.95000000,9.11161800,1545301199999,36760.55020978,30,8.41407300,33946.07164621,0
1545301200000,4022.95000000,4032.08000000,4015.14000000,4029.10000000,9.42684500,1545301499999,37953.55229369,51,7.83165900,31539.51479138,0
1545301500000,4029.10000000,4054.40000000,4026.51000000,4054.40000000,10.52731500,1545301799999,42509.42106279,29,9.25582200,37383.05500401,0
1545301800000,4049.00000000,4049.00000000,4023.17000000,4032.46000000,9.34547800,1545302099999,37665.31902201,36,1.33852000,5405.60572130,0
1545302100000,4032.46000000,4047.98000000,4027.01000000,4047.98000000,8.86437000,1545302399999,35771.22134151,50,8.77204700,35398.78320425,0
1545302400000,4047.98000000,4057.19000000,4045.65000000,4045.83000000,11.34450100,1545302699999,45946.38460610,34,10.98519700,44491.17181625,0
1545302700000,4050.00000000,4050.00000000,4038.03000000,4038.10000000,4.63511300,1545302999999,18736.64754932,18,4.55114800,18397.31589205,0
1545303000000,4030.64000000,4052.35000000,4030.00000000,4051.70000000,34.41985900,1545303299999,139363.89691191,56,16.29617600,65935.18483089,0
1545303300000,4050.00000000,4062.87000000,4047.20000000,4054.04000000,14.27514800,1545303599999,57778.33690075,21,0.30833000,1250.61943147,0
1545303600000,4054.04000000,4069.75000000,4046.66000000,4064.78000000,2.17488300,1545303899999,8814.80281722,27,0.38272500,1554.18874145,0
1545303900000,4070.89000000,4109.00000000,4070.89000000,4106.27000000,6.06810500,1545304199999,24821.34301907,55,3.01129100,12318.67606497,0
1545304200000,4101.80000000,4101.80000000,4065.43000000,4072.81000000,21.52232900,1545304499999,87699.21343867,128,17.28383700,70440.80810952,0
1545304500000,4070.81000000,4080.83000000,4057.68000000,4068.28000000,8.91515400,1545304799999,36250.58993030,48,7.99615800,32511.98199103,0
1545304800000,4071.64000000,4075.87000000,4049.52000000,4058.74000000,2.09955100,1545305099999,8516.30747542,35,1.39363300,5654.36042692,0
1545305100000,4058.74000000,4058.74000000,4036.22000000,4037.70000000,12.24212700,1545305399999,49562.99357075,37,0.63552800,2575.80509284,0
1545305400000,4037.70000000,4047.16000000,4030.37000000,4037.09000000,4.34286000,1545305699999,17533.50816258,18,0.78722000,3184.90987049,0
1545305700000,4046.44000000,4047.16000000,4000.00000000,4002.00000000,5.22032300,1545305999999,20935.48319966,40,1.09993500,4407.41857105,0
1545306000000,4002.00000000,4019.92000000,4000.02000000,4017.61000000,10.39025000,1545306299999,41723.62848699,32,10.15053200,40761.61990505,0
1545306300000,4019.88000000,4033.36000000,4019.88000000,4026.76000000,1.54228300,1545306599999,6215.12529294,21,0.74508900,3004.19561803,0
1545306600000,4026.76000000,4028.30000000,4017.55000000,4028.30000000,1.18010500,1545306899999,4747.92564600,12,0.53319800,2145.72408281,0
1545306900000,4028.30000000,4028.30000000,4020.60000000,4022.90000000,1.92619900,1545307199999,7745.59001132,23,1.49710000,6019.24026000,0
1545307200000,4020.01000000,4050.74000000,4020.01000000,4050.74000000,5.20761200,1545307499999,21071.81877095,47,5.12698300,20746.79526406,0
1545307500000,4055.23000000,4057.19000000,4043.20000000,4057.19000000,26.52228900,1545307799999,107284.51805775,36,4.54460500,18408.52773680,0
1545307800000,4065.72000000,4067.28000000,4039.78000000,4039.79000000,49.61405000,1545308099999,201359.01960503,42,20.14606200,81789.36328839,0
1545308100000,4039.79000000,4052.15000000,4037.31000000,4052.15000000,9.92374700,1545308399999,40176.25838875,53,8.77102100,35519.57802893,0
1545308400000,4050.01000000,4053.26000000,4040.66000000,4040.66000000,2.57422800,1545308699999,10430.03823881,18,1.15617400,4685.45923268,0
1545308700000,4040.66000000,4040.66000000,4032.51000000,4034.88000000,8.74888000,1545308999999,35334.72109104,27,3.81115700,15386.72532186,0
1545309000000,4036.00000000,4036.00000000,4020.00000000,4020.00000000,1.79326500,1545309299999,7214.15754347,9,0.00000000,0.00000000,0
1545309300000,4019.25000000,4051.24000000,4019.25000000,4044.76000000,7.17651000,1545309599999,29002.00768203,72,5.80102600,23451.66083460,0
1545309600000,4043.05000000,4044.76000000,4032.07000000,4043.77000000,9.57724300,1545309899999,38649.26440300,61,4.27598400,17256.38375948,0
1545309900000,4045.00000000,4060.00000000,4045.00000000,4050.01000000,8.82629400,1545310199999,35745.93128278,74,8.35061800,33820.04932828,0
1545310200000,4050.01000000,4081.93000000,4050.01000000,4069.56000000,33.66259600,1545310499999,136982.28939534,135,13.47025600,54782.64617650,0
1545310500000,4065.15000000,4077.89000000,4060.10000000,4072.73000000,5.90294100,1545310799999,24009.33464748,63,3.16874600,12896.19117685,0
1545310800000,4074.55000000,4112.49000000,4061.10000000,4065.01000000,58.76022600,1545311099999,240313.99674884,253,22.15293000,90434.88576915,0
1545311100000,4065.01000000,4065.01000000,4011.21000000,4037.86000000,29.77345100,1545311399999,120230.07364079,111,11.58658600,46739.30142734,0
1545311400000,4032.35000000,4036.91000000,4016.76000000,4030.84000000,54.77583700,1545311699999,220859.07994057,41,43.47855800,175310.57756089,0
1545311700000,4034.97000000,4034.97000000,3980.00000000,3984.60000000,28.22914500,1545311999999,112922.36900754,168,12.49729600,50164.54388258,0
1545312000000,3984.60000000,3988.75000000,3966.68000000,3984.40000000,10.77535700,1545312299999,42904.99340958,33,3.29683600,13133.54169963,0
1545312300000,3992.95000000,3992.95000000,3979.49000000,3982.21000000,3.74934500,1545312599999,14928.74666702,28,0.57729700,2303.92386981,0
1545312600000,3983.01000000,3985.82000000,3963.31000000,3985.82000000,12.34812900,1545312899999,49031.08813588,71,4.40265100,17507.15694315,0
1545312900000,3987.97000000,4008.38000000,3984.89000000,3997.90000000,36.04861700,1545313199999,144196.97183450,59,9.53474400,38197.98672176,0
1545313200000,4003.54000000,4005.24000000,3997.91000000,4004.00000000,60.96026400,1545313499999,244037.83423286,130,40.96851300,164019.41341286,0
1545313500000,4002.00000000,4004.88000000,3973.00000000,3973.00000000,8.38669900,1545313799999,33551.30105050,56,3.21477600,12859.58555982,0
1545313800000,3973.08000000,4005.00000000,3973.07000000,4000.01000000,42.21182000,1545314099999,168425.85380661,139,3.82810800,15259.93790470,0
1545314100000,4001.24000000,4017.48000000,4001.24000000,4011.23000000,21.41723200,1545314399999,85948.42053289,213,0.32019200,1283.92501308,0
1545314400000,4009.31000000,4017.91000000,4009.31000000,4014.84000000,36.85476200,1545314699999,147928.59456360,73,26.90058800,107973.37029596,0
1545314700000,4014.99000000,4014.99000000,3995.00000000,4003.26000000,78.54473100,1545314999999,314466.46071024,88,47.19346400,188945.50723048,0
1545315000000,4003.17000000,4014.99000000,4003.17000000,4004.79000000,11.33512100,1545315299999,45474.19278628,81,1.20610600,4837.09524359,0
1545315300000,4006.95000000,4025.00000000,4006.95000000,4019.73000000,9.29958100,1545315599999,37341.71707467,61,4.06642300,16328.24053974,0
1545315600000,4019.73000000,4030.28000000,4015.96000000,4030.28000000,9.33047800,1545315899999,37543.46667206,69,5.10133200,20522.66856086,0
1545315900000,4030.28000000,4037.35000000,4025.00000000,4026.04000000,19.26338600,1545316199999,77589.24150931,46,11.10673800,44738.14712778,0
1545316200000,4026.04000000,4026.80000000,4011.07000000,4016.03000000,14.60990700,1545316499999,58691.36667569,84,6.25592900,25130.13164923,0
1545316500000,4011.08000000,4022.97000000,3980.45000000,3980.45000000,62.18398200,1545316799999,249714.72923134,127,33.76324900,135727.08024023,0
1545316800000,3990.01000000,4003.06000000,3987.05000000,4003.06000000,0.90411500,1545317099999,3615.37453672,14,0.73449200,2938.14161634,0
1545317100000,4002.11000000,4006.86000000,3993.14000000,3993.14000000,2.11793900,1545317399999,8473.00505337,22,1.44126400,5767.27615078,0
1545317400000,4001.43000000,4029.99000000,3992.71000000,4020.00000000,10.76655700,1545317699999,43202.99019988,83,2.04773600,8203.30493075,0
1545317700000,4019.98000000,4032.37000000,4018.25000000,4018.25000000,2.91194400,1545317999999,11724.09847627,32,1.71116300,6893.82301964,0
1545318000000,4024.04000000,4060.00000000,4020.54000000,4060.00000000,85.17072500,1545318299999,343643.91179012,136,83.20475400,335737.45694792,0
1545318300000,4057.85000000,4065.08000000,4050.23000000,4050.23000000,10.73018900,1545318599999,43477.76501873,55,0.38974300,1581.40762837,0
1545318600000,4048.16000000,4060.00000000,4043.76000000,4050.00000000,5.47628500,1545318899999,22179.14985453,31,4.75029500,19239.79588901,0
1545318900000,4053.78000000,4058.40000000,4028.35000000,4035.09000000,1.17259900,1545319199999,4741.29830452,35,0.71266400,2884.40035844,0
1545319200000,4030.15000000,4050.00000000,4020.69000000,4034.81000000,15.16284900,1545319499999,61291.47287024,66,6.14717900,24861.60925250,0
1545319500000,4038.52000000,4044.53000000,4034.81000000,4039.06000000,3.14925300,1545319799999,12710.77688024,32,0.38626400,1561.00461545,0
1545319800000,4043.62000000,4070.00000000,4043.62000000,4055.00000000,3.19062400,1545320099999,12944.60661373,45,1.21257200,4920.07642634,0
1545320100000,4055.00000000,4055.01000000,4035.09000000,4041.49000000,16.67196500,1545320399999,67446.74984820,98,0.28114900,1137.49950806,0
1545320400000,4041.46000000,4041.46000000,3983.67000000,4006.59000000,31.25023100,1545320699999,125476.47856027,173,9.76432300,39022.59988338,0
1545320700000,4005.31000000,4006.56000000,3989.38000000,3999.41000000,12.78304600,1545320999999,51092.82668478,75,3.04335300,12171.97350600,0
1545321000000,3999.41000000,4021.47000000,3997.00000000,4021.47000000,10.72187700,1545321299999,43026.34490912,47,1.54275900,6187.67677871,0
1545321300000,4019.24000000,4024.32000000,4015.00000000,4024.32000000,2.83544000,1545321599999,11389.61582011,23,2.51415200,10097.67318959,0
1545321600000,4024.33000000,4031.89000000,4012.00000000,4014.00000000,11.19284500,1545321899999,44995.70625466,60,2.28245400,9197.95498898,0
1545321900000,4012.00000000,4041.15000000,4005.00000000,4032.16000000,25.32689100,1545322199999,101690.21342846,131,2.80023500,11284.45809587,0
1545322200000,4032.16000000,4039.33000000,4026.93000000,4039.32000000,7.76441500,1545322499999,31286.56923501,39,1.24712200,5030.10884146,0
1545322500000,4038.07000000,4038.07000000,4015.59000000,4015.59000000,10.90900800,1545322799999,43932.00726597,37,0.61117400,2462.69962399,0
1545322800000,4015.97000000,4037.47000000,4015.97000000,4028.04000000,2.56866700,1545323099999,10360.23355805,29,2.47413300,9980.01215565,0
1545323100000,4031.98000000,4073.61000000,3992.28000000,4047.86000000,18.28028600,1545323399999,73714.50316356,109,4.21739500,17093.05066598,0
1545323400000,4055.85000000,4093.31000000,4045.24000000,4077.85000000,34.98062200,1545323699999,142565.10506184,244,28.55305300,116402.55802749,0
1545323700000,4077.85000000,4089.77000000,4040.95000000,4057.99000000,14.61950400,1545323999999,59541.01712492,137,5.26399300,21438.21521423,0
1545324000000,4056.26000000,4089.82000000,4055.00000000,4087.54000000,12.88194000,1545324299999,52408.16032122,72,6.81228400,27764.57434438,0
1545324300000,4081.87000000,4096.52000000,4070.00000000,4084.36000000,10.59722600,1545324599999,43220.45131959,79,1.66078400,6781.86750975,0
1545324600000,4092.67000000,4160.00000000,4092.67000000,4120.94000000,27.48206300,1545324899999,113443.52066742,187,17.47077500,72122.58644156,0
1545324900000,4125.00000000,4140.38000000,4123.00000000,4128.97000000,34.90945700,1545325199999,144149.53175747,72,22.71598400,93827.86976711,0
1545325200000,4131.11000000,4170.00000000,4131.11000000,4142.01000000,13.00384400,1545325499999,54012.95316228,133,5.80216500,24108.66576045,0
1545325500000,4142.01000000,4150.79000000,4121.53000000,4139.45000000,11.45150600,1545325799999,47431.84613708,76,1.89325700,7850.42104838,0
1545325800000,4121.75000000,4159.96000000,4121.00000000,4121.00000000,32.23026800,1545326099999,133292.74537754,126,21.10310800,87306.72891842,0
1545326100000,4118.29000000,4118.29000000,4080.00000000,4087.08000000,67.65608400,1545326399999,277825.14084020,185,6.32836100,25932.93641376,0
1545326400000,4087.57000000,4099.99000000,4057.28000000,4072.96000000,27.72128900,1545326699999,113203.38581028,166,2.04403800,8342.41416177,0
1545326700000,4072.98000000,4095.00000000,4063.13000000,4092.11000000,15.05203700,1545326999999,61544.37580943,83,1.42384200,5808.29237949,0
1545327000000,4086.43000000,4092.11000000,4070.02000000,4086.50000000,4.19772300,1545327299999,17134.54347003,55,2.75438200,11254.09334793,0
1545327300000,4092.11000000,4100.01000000,4069.99000000,4069.99000000,11.86021300,1545327599999,48392.48662777,62,4.14083100,16953.50254154,0
1545327600000,4069.99000000,4086.98000000,4068.83000000,4078.52000000,5.63057700,1545327899999,22934.06179222,89,5.48369900,22334.34054472,0
1545327900000,4074.96000000,4083.09000000,4044.22000000,4044.22000000,5.78640700,1545328199999,23474.25240224,94,2.13700000,8667.64933034,0
1545328200000,4044.49000000,4056.00000000,4030.06000000,4050.00000000,8.75348900,1545328499999,35377.45749326,89,4.77809700,19316.84800984,0
1545328500000,4067.08000000,4075.38000000,4044.98000000,4065.28000000,6.99870400,1545328799999,28362.21783944,43,1.39305500,5662.48316214,0
1545328800000,4059.41000000,4068.85000000,4033.82000000,4052.78000000,9.04897500,1545329099999,36721.15452091,58,5.80656200,23585.41119930,0
1545329100000,4052.65000000,4063.27000000,4045.08000000,4062.00000000,1.54009400,1545329399999,6243.30466959,37,1.17463700,4763.35254885,0
1545329400000,4061.15000000,4078.06000000,4061.15000000,4065.29000000,9.20699900,1545329699999,37515.54221691,68,4.87746000,19881.15094281,0
1545329700000,4063.86000000,4071.64000000,4058.25000000,4058.25000000,2.02615300,1545329999999,8233.60866534,20,0.49074600,1994.67834075,0
1545330000000,4047.99000000,4069.47000000,4047.99000000,4060.30000000,7.78198900,1545330299999,31553.80050524,37,1.32513400,5381.25164214,0
1545330300000,4060.30000000,4066.20000000,4058.00000000,4066.20000000,3.25604400,1545330599999,13225.65612443,30,1.09021900,4429.85945223,0
1545330600000,4066.20000000,4078.97000000,4060.18000000,4070.00000000,6.51729100,1545330899999,26495.22507237,45,1.26695100,5156.91946378,0
1545330900000,4071.36000000,4071.36000000,4043.85000000,4050.81000000,9.35171200,1545331199999,37952.27677771,82,0.89807900,3644.20734104,0
1545331200000,4050.81000000,4050.81000000,4034.91000000,4034.94000000,2.06301000,1545331499999,8347.35536524,52,1.80548300,7307.05778422,0
1545331500000,4030.01000000,4041.00000000,4010.03000000,4041.00000000,8.85974100,1545331799999,35640.46640274,62,1.25430400,5062.42225523,0
1545331800000,4042.72000000,4057.28000000,4026.09000000,4041.00000000,2.41435300,1545332099999,9730.44443622,28,1.56597500,6311.98337010,0
1545332100000,4048.22000000,4049.87000000,4043.43000000,4046.67000000,0.37755800,1545332399999,1527.79932044,12,0.03659500,148.03398533,0
1545332400000,4053.01000000,4058.00000000,4040.88000000,4050.00000000,3.67959800,1545332699999,14917.55677976,18,3.33195400,13511.84248400,0
1545332700000,4050.00000000,4050.00000000,4019.07000000,4044.39000000,11.90571300,1545332999999,48137.45692125,44,2.34457600,9492.29461604,0
1545333000000,4045.43000000,4045.43000000,4027.32000000,4042.31000000,5.91584200,1545333299999,23892.40970563,50,3.36288300,13585.64887168,0
1545333300000,4034.11000000,4051.98000000,4034.11000000,4050.27000000,1.23266800,1545333599999,4982.21515017,23,0.14115400,571.06670741,0
1545333600000,4049.01000000,4075.08000000,4030.83000000,4056.16000000,0.72098400,1545333899999,2926.12497594,21,0.40987000,1665.89798644,0
1545333900000,4055.02000000,4058.69000000,4049.66000000,4051.52000000,1.23769500,1545334199999,5020.92121962,33,0.76672800,3110.37774703,0
1545334200000,4053.71000000,4058.65000000,4030.97000000,4050.05000000,2.55858800,1545334499999,10358.01847422,54,0.95270000,3861.43743462,0
1545334500000,4045.69000000,4069.50000000,4031.12000000,4043.91000000,4.14511500,1545334799999,16773.88148583,94,2.24889400,9103.07906948,0
1545334800000,4040.40000000,4050.46000000,4040.40000000,4047.19000000,1.34448600,1545335099999,5440.21872982,29,0.98274300,3976.25947022,0
1545335100000,4048.78000000,4049.33000000,4040.40000000,4040.40000000,3.11500800,1545335399999,12609.42208711,25,2.68721000,10879.02414909,0
1545335400000,4040.41000000,4048.67000000,4030.67000000,4048.67000000,1.97339300,1545335699999,7978.17775232,35,1.04752900,4238.71008560,0
1545335700000,4048.67000000,4048.68000000,4040.21000000,4042.88000000,0.67150900,1545335999999,2717.84087485,20,0.12311700,498.34420873,0
1545336000000,4050.36000000,4057.28000000,4046.70000000,4047.99000000,0.57557400,1545336299999,2332.44412683,15,0.54137300,2193.94574014,0
1545336300000,4047.99000000,4051.32000000,3905.01000000,3954.99000000,20.40673000,1545336599999,81420.97128566,194,7.88250700,31398.49517692,0
1545336600000,3955.00000000,3969.99000000,3932.13000000,3950.00000000,8.00315400,1545336899999,31570.02799633,81,1.83001800,7230.31345559,0
1545336900000,3950.00000000,3950.00000000,3900.00000000,3946.00000000,22.90459600,1545337199999,90112.32820517,165,12.44658200,48962.35141595,0
1545337200000,3940.00000000,3953.81000000,3940.00000000,3944.48000000,3.47918700,1545337499999,13730.93060782,37,2.66728900,10525.66825125,0
1545337500000,3945.46000000,3948.15000000,3938.00000000,3943.19000000,2.70597700,1545337799999,10666.45506656,37,2.41928800,9536.53808719,0
1545337800000,3947.87000000,3980.17000000,3944.13000000,3948.82000000,2.98247300,1545338099999,11807.59262479,32,1.89705100,7521.31789232,0
1545338100000,3948.82000000,3955.23000000,3928.99000000,3928.99000000,2.44937000,1545338399999,9670.63632647,40,2.08720900,8239.97848099,0
1545338400000,3936.72000000,3940.08000000,3900.00000000,3914.22000000,7.38051300,1545338699999,28893.09948112,66,0.95031300,3734.40257847,0
1545338700000,3905.16000000,3910.59000000,3876.00000000,3896.28000000,18.42900200,1545338999999,71833.97799197,161,10.12498700,39476.47009209,0
1545339000000,3892.01000000,3919.70000000,3884.94000000,3907.84000000,5.28655400,1545339299999,20618.76297883,64,3.85624500,15037.06324339,0
1545339300000,3905.95000000,3907.88000000,3876.06000000,3895.86000000,4.22787500,1545339599999,16471.23050241,42,1.76311700,6874.87562908,0
1545339600000,3891.00000000,3931.56000000,3876.02000000,3918.35000000,2.15698400,1545339899999,8394.64488156,39,1.24512600,4852.40191023,0
1545339900000,3918.35000000,3942.26000000,3910.02000000,3928.78000000,2.69208000,1545340199999,10591.51107415,36,1.86630900,7349.10526988,0
1545340200000,3935.70000000,3940.91000000,3921.03000000,3932.82000000,11.97707400,1545340499999,47012.66834414,48,7.94036900,31157.43874132,0
1545340500000,3926.42000000,3935.35000000,3921.05000000,3929.55000000,0.68253600,1545340799999,2681.96429286,24,0.31983300,1257.27400662,0
1545340800000,3926.21000000,3940.91000000,3923.46000000,3932.05000000,4.71159000,1545341099999,18508.17265640,33,3.05305400,11997.78600735,0
1545341100000,3932.05000000,3934.10000000,3927.18000000,3930.75000000,2.44177700,1545341399999,9598.35059720,67,2.18105300,8573.94872070,0
1545341400000,3929.73000000,3961.54000000,3929.01000000,3961.54000000,0.79455400,1545341699999,3137.75785669,36,0.67166100,2653.16669197,0
1545341700000,3968.36000000,3972.41000000,3957.49000000,3970.00000000,3.99446300,1545341999999,15821.88379633,36,0.44699400,1772.71859851,0
1545342000000,3973.16000000,3974.66000000,3965.02000000,3968.43000000,4.23732200,1545342299999,16835.00420207,49,1.70495200,6774.41601972,0
1545342300000,3976.96000000,3976.96000000,3965.00000000,3970.04000000,6.49158200,1545342599999,25762.37074381,49,0.05706200,226.47958266,0
1545342600000,3970.94000000,3970.94000000,3961.70000000,3968.90000000,3.15521200,1545342899999,12510.08399465,41,2.60876800,10344.35702501,0
1545342900000,3968.07000000,4000.00000000,3961.09000000,3994.60000000,3.72830000,1545343199999,14859.49927532,71,2.92227900,11642.68020376,0
1545343200000,3996.23000000,4041.57000000,3994.45000000,4041.57000000,6.87661500,1545343499999,27591.47108408,75,5.50380500,22077.88379333,0
1545343500000,4041.57000000,4043.08000000,4016.00000000,4027.82000000,3.80958700,1545343799999,15354.70997095,51,0.70735300,2851.69042081,0
1545343800000,4027.82000000,4042.89000000,4026.39000000,4030.00000000,2.04794200,1545344099999,8257.51552588,44,0.34149700,1378.85974204,0
1545344100000,4030.00000000,4059.65000000,4030.00000000,4057.30000000,3.38235400,1545344399999,13690.96642436,23,2.65964400,10778.39554767,0
1545344400000,4058.08000000,4058.55000000,4031.99000000,4055.30000000,2.30866700,1545344699999,9346.05125164,31,1.52600700,6177.66119268,0
1545344700000,4050.57000000,4055.31000000,4037.85000000,4044.28000000,6.66395800,1545344999999,26962.68611081,64,1.29320000,5231.67745117,0
1545345000000,4035.68000000,4072.99000000,4031.99000000,4072.99000000,1.79784100,1545345299999,7309.26999959,32,1.60979600,6547.59383104,0
1545345300000,4072.99000000,4092.00000000,4056.54000000,4057.24000000,4.20135800,1545345599999,17099.91226672,47,1.21037500,4940.26471795,0
1545345600000,4057.02000000,4063.27000000,4057.02000000,4058.29000000,0.16338500,1545345899999,663.21911664,9,0.05925600,240.75729576,0
1545345900000,4031.99000000,4055.41000000,4030.00000000,4043.87000000,1.90525500,1545346199999,7689.13577118,24,0.67605200,2733.56093109,0
1545346200000,4051.99000000,4059.00000000,4043.87000000,4051.90000000,2.28172300,1545346499999,9244.21557061,33,1.52033800,6164.44034282,0
1545346500000,4051.90000000,4070.31000000,4045.12000000,4065.07000000,3.14346600,1545346799999,12746.23849134,36,1.87421300,7604.32262476,0
1545346800000,4065.07000000,4075.01000000,4052.92000000,4053.39000000,2.70583400,1545347099999,11008.93111573,60,1.01992200,4147.38488226,0
1545347100000,4055.92000000,4066.75000000,4051.48000000,4061.00000000,1.00549200,1545347399999,4083.12984270,19,0.54552900,2215.16186890,0
1545347400000,4066.75000000,4093.05000000,4066.75000000,4081.20000000,4.43800900,1545347699999,18139.05444962,32,3.83136700,15668.35431450,0
1545347700000,4073.06000000,4093.05000000,4073.06000000,4075.80000000,0.89214200,1545347999999,3643.73228969,22,0.64817100,2649.50996077,0
1545348000000,4075.80000000,4075.82000000,4056.87000000,4075.82000000,15.94448200,1545348299999,64975.03009570,76,0.08173200,332.79988228,0
1545348300000,4058.36000000,4058.36000000,4047.66000000,4047.67000000,0.15197600,1545348599999,616.14866118,6,0.04053500,164.07230345,0
1545348600000,4059.99000000,4067.76000000,4049.36000000,4067.76000000,2.53655300,1545348899999,10304.61191722,34,2.40368200,9765.93667951,0
1545348900000,4047.44000000,4061.77000000,4044.54000000,4054.15000000,0.52787000,1545349199999,2138.24982417,22,0.32127100,1302.04605802,0
1545349200000,4054.15000000,4071.85000000,4048.67000000,4065.57000000,2.09766000,1545349499999,8525.49402862,35,1.45704600,5922.24517820,0
1545349500000,4065.57000000,4072.99000000,4055.03000000,4062.99000000,3.21067700,1545349799999,13060.37445288,39,2.55266100,10385.33354062,0
1545349800000,4062.99000000,4093.04000000,4062.99000000,4074.57000000,1.78713300,1545350099999,7301.74131317,33,1.63644500,6687.90919736,0
1545350100000,4074.57000000,4077.65000000,4071.46000000,4074.68000000,0.14040700,1545350399999,572.07318859,9,0.02876100,117.15845482,0
1545350400000,4069.39000000,4074.68000000,4018.23000000,4028.34000000,12.86127800,1545350699999,52004.56086624,89,2.07110800,8397.73959172,0
1545350700000,4018.27000000,4046.27000000,4018.27000000,4046.27000000,1.14649300,1545350999999,4622.59315037,48,0.44085600,1779.81455977,0
1545351000000,4052.90000000,4054.02000000,4043.14000000,4043.70000000,9.31852200,1545351299999,37697.87495984,39,5.06321000,20481.44117837,0
1545351300000,4051.31000000,4051.31000000,4030.63000000,4030.63000000,1.12636200,1545351599999,4554.51700228,14,0.56081200,2270.60351691,0
1545351600000,4031.37000000,4047.20000000,4031.37000000,4040.23000000,0.45183900,1545351899999,1824.14424374,22,0.29847200,1205.18648039,0
1545351900000,4040.43000000,4044.64000000,4037.29000000,4037.29000000,0.43366600,1545352199999,1753.05476482,23,0.43366600,1753.05476482,0
1545352200000,4036.07000000,4036.07000000,4019.11000000,4019.87000000,2.70061200,1545352499999,10868.43945393,55,1.75209600,7049.69565308,0
1545352500000,4034.28000000,4055.19000000,4034.28000000,4050.32000000,1.75551900,1545352799999,7096.37023693,39,1.62621800,6574.05132533,0
1545352800000,4047.54000000,4047.54000000,4036.49000000,4044.58000000,1.84167100,1545353099999,7440.34428830,25,1.03656600,4189.40982824,0
1545353100000,4030.75000000,4050.21000000,4030.74000000,4048.00000000,1.89029800,1545353399999,7651.95209207,17,1.67137100,6767.60541385,0
1545353400000,4048.00000000,4050.00000000,4037.90000000,4039.70000000,2.92527000,1545353699999,11839.68523678,43,2.78986300,11292.55287968,0
1545353700000,4039.70000000,4060.00000000,4039.70000000,4060.00000000,1.17862600,1545353999999,4778.55474918,24,1.12518300,4561.96835262,0
1545354000000,4055.03000000,4059.81000000,4048.61000000,4052.02000000,5.00471400,1545354299999,20285.90539352,36,2.58219400,10464.42028361,0
1545354300000,4052.02000000,4055.11000000,4044.18000000,4048.09000000,1.61438300,1545354599999,6544.14407637,21,0.06141100,248.83857354,0
1545354600000,4049.18000000,4049.18000000,4031.83000000,4034.15000000,0.59738700,1545354899999,2411.63395881,24,0.49923700,2015.30992726,0
1545354900000,4032.51000000,4042.73000000,4029.92000000,4035.67000000,1.15216300,1545355199999,4649.33109021,25,0.17339800,700.51990374,0
1545355200000,4035.68000000,4052.28000000,4034.21000000,4039.86000000,6.96200700,1545355499999,28100.25519710,40,1.81693300,7335.51936652,0
1545355500000,4044.69000000,4061.63000000,4043.18000000,4061.63000000,1.22387900,1545355799999,4953.75041802,21,0.99903700,4043.62941178,0
1545355800000,4069.23000000,4090.00000000,4061.69000000,4077.40000000,2.37060600,1545356099999,9672.77141691,46,1.71942400,7019.79709295,0
1545356100000,4079.83000000,4135.00000000,4073.21000000,4135.00000000,4.32106400,1545356399999,17725.86662012,81,2.32030800,9526.10698932,0
1545356400000,4135.00000000,4137.33000000,4105.82000000,4119.26000000,3.30325700,1545356699999,13593.71848068,59,2.42961000,9998.92715981,0
1545356700000,4127.67000000,4131.01000000,4094.10000000,4113.97000000,4.31518700,1545356999999,17759.53632901,55,1.43780300,5926.18008327,0
1545357000000,4121.21000000,4152.35000000,4119.04000000,4131.37000000,3.40836400,1545357299999,14111.01748660,53,2.62204100,10861.19533861,0
1545357300000,4132.56000000,4140.00000000,4128.36000000,4129.36000000,4.16260000,1545357599999,17208.07273494,67,3.04076400,12572.74659135,0
1545357600000,4129.95000000,4152.35000000,4128.94000000,4143.16000000,3.66107400,1545357899999,15168.84825562,55,2.88928300,11977.84441740,0
1545357900000,4142.09000000,4144.63000000,4045.40000000,4063.88000000,24.46245300,1545358199999,99986.84059478,126,9.96885900,40765.44798533,0
1545358200000,4063.88000000,4070.03000000,4041.02000000,4057.00000000,4.28122700,1545358499999,17352.43701168,57,2.74323900,11127.66732488,0
1545358500000,4062.50000000,4063.24000000,4043.12000000,4052.80000000,5.56991500,1545358799999,22575.75545033,56,3.25937300,13198.76772059,0
1545358800000,4061.96000000,4061.96000000,4032.56000000,4032.56000000,6.42485400,1545359099999,26004.19763504,60,3.49174100,14137.01123724,0
1545359100000,4032.57000000,4033.96000000,4006.48000000,4006.48000000,4.36619800,1545359399999,17558.65135540,76,1.53956800,6187.22198627,0
1545359400000,4006.51000000,4042.97000000,4003.54000000,4022.85000000,7.10619100,1545359699999,28566.25529998,90,1.63996400,6602.61428565,0
1545359700000,4024.82000000,4034.25000000,4022.06000000,4034.25000000,1.63238600,1545359999999,6571.18474903,24,0.30469400,1228.13035353,0
1545360000000,4037.63000000,4037.63000000,4024.28000000,4024.28000000,7.88644300,1545360299999,31811.17395549,51,0.36971200,1492.34463297,0
1545360300000,4024.28000000,4041.91000000,4009.80000000,4025.00000000,7.87799800,1545360599999,31684.74118047,66,0.79261100,3196.20528490,0
1545360600000,4025.50000000,4043.01000000,4025.50000000,4035.06000000,0.28743000,1545360899999,1159.60600902,5,0.27365200,1104.14267002,0
1545360900000,4043.05000000,4043.09000000,4036.29000000,4041.91000000,2.13535300,1545361199999,8631.90322826,17,1.99597900,8069.34468713,0
1545361200000,4041.91000000,4041.91000000,4021.71000000,4028.77000000,0.72197800,1545361499999,2911.06190565,17,0.18530200,746.41223531,0
1545361500000,4020.00000000,4030.00000000,4010.02000000,4030.00000000,1.76745100,1545361799999,7107.48697755,19,0.67278200,2707.09499854,0
1545361800000,4030.00000000,4030.00000000,4019.32000000,4024.99000000,0.71703700,1545362099999,2884.43941751,13,0.18090100,728.87816168,0
1545362100000,4014.73000000,4014.73000000,3977.26000000,3980.00000000,7.20521400,1545362399999,28824.52636908,103,2.82269200,11274.59365959,0
1545362400000,3980.00000000,3994.82000000,3972.64000000,3980.00000000,2.35909600,1545362699999,9397.31679644,27,1.96154000,7815.10341398,0
1545362700000,3983.12000000,4024.11000000,3983.12000000,4024.11000000,2.34189500,1545362999999,9373.12684503,19,0.91742800,3675.15169644,0
1545363000000,4024.48000000,4030.00000000,4024.48000000,4030.00000000,0.47529900,1545363299999,1914.74601084,20,0.44987700,1812.35560098,0
1545363300000,4030.00000000,4048.39000000,4028.12000000,4037.91000000,1.89024500,1545363599999,7641.20316055,22,1.05718500,4273.90943021,0
1545363600000,4038.11000000,4041.67000000,4024.53000000,4030.19000000,1.02273500,1545363899999,4123.04641637,24,0.39531700,1597.24499462,0
1545363900000,4027.92000000,4041.33000000,4027.92000000,4034.64000000,0.15892200,1545364199999,641.62252054,10,0.15892200,641.62252054,0
1545364200000,4034.28000000,4039.77000000,4028.76000000,4036.90000000,2.92916600,1545364499999,11809.57450113,59,2.48007200,9999.91435713,0
1545364500000,4036.69000000,4054.78000000,4034.90000000,4051.21000000,7.73112300,1545364799999,31331.89294357,31,6.30390900,25549.23180037,0
1545364800000,4051.21000000,4052.01000000,4036.52000000,4036.52000000,3.54696500,1545365099999,14370.77737070,54,0.00000000,0.00000000,0
1545365100000,4037.99000000,4038.00000000,4020.10000000,4027.49000000,2.07518400,1545365399999,8366.20969571,37,0.90264300,3642.52786207,0
1545365400000,4027.49000000,4027.49000000,4015.73000000,4015.73000000,0.57048800,1545365699999,2294.05927662,19,0.30264600,1217.37388369,0
1545365700000,4025.80000000,4025.81000000,4001.00000000,4020.00000000,3.21449900,1545365999999,12923.68659498,43,2.89765400,11652.58989514,0
1545366000000,4020.00000000,4038.00000000,4019.45000000,4029.06000000,6.86337300,1545366299999,27593.75891948,34,6.10657400,24550.07153512,0
1545366300000,4027.30000000,4027.30000000,4027.30000000,4027.30000000,0.19298200,1545366599999,777.19640860,7,0.12910400,519.94053920,0
1545366600000,4028.25000000,4054.79000000,4028.25000000,4037.26000000,2.92342800,1545366899999,11805.31923717,37,2.39017400,9652.66847780,0
1545366900000,4029.80000000,4029.80000000,4021.68000000,4026.42000000,2.37290600,1545367199999,9550.63411911,30,1.49387700,6012.02552385,0
1545367200000,4026.05000000,4033.03000000,4019.80000000,4024.00000000,2.48072900,1545367499999,9989.61009082,39,1.50556000,6066.92242867,0
1545367500000,4029.39000000,4029.46000000,4029.24000000,4029.46000000,0.14371800,1545367799999,579.08953827,6,0.00000000,0.00000000,0
1545367800000,4026.00000000,4027.42000000,4013.55000000,4018.07000000,1.34889700,1545368099999,5421.51562902,14,0.23988900,963.97324309,0
1545368100000,4013.07000000,4020.53000000,4013.07000000,4020.53000000,0.92408300,1545368399999,3713.07222929,9,0.92408300,3713.07222929,0
1545368400000,4012.29000000,4023.89000000,4010.00000000,4020.53000000,1.37263400,1545368699999,5506.00403307,26,0.35518700,1424.66998914,0
1545368700000,4020.23000000,4020.23000000,3995.91000000,3996.77000000,1.75625300,1545368999999,7040.38601764,21,0.11234000,449.24002388,0
1545369000000,3995.90000000,4000.84000000,3989.65000000,3999.54000000,3.03622200,1545369299999,12138.27736527,48,2.72494800,10895.97791511,0
1545369300000,3999.54000000,4009.81000000,3999.54000000,4005.29000000,1.30812000,1545369599999,5233.39658599,19,1.30313200,5213.43261479,0
1545369600000,4005.29000000,4013.80000000,4005.29000000,4013.08000000,2.22721300,1545369899999,8936.43592089,20,1.18635800,4759.15511128,0
1545369900000,4009.64000000,4020.00000000,3996.04000000,4002.65000000,2.29941900,1545370199999,9209.92678732,42,0.79168800,3171.90686161,0
1545370200000,4005.01000000,4005.01000000,3993.27000000,4002.71000000,2.04382300,1545370499999,8180.11259971,37,1.29379300,5176.77886885,0
1545370500000,3996.46000000,4001.22000000,3990.06000000,3990.82000000,1.56333100,1545370799999,6245.53100451,23,1.22858200,4908.18707309,0
1545370800000,3990.00000000,3990.82000000,3926.00000000,3947.01000000,16.33913400,1545371099999,64516.50939306,117,2.94868300,11668.75275036,0
1545371100000,3936.13000000,3943.92000000,3900.02000000,3914.34000000,7.14248100,1545371399999,27962.83302875,80,2.77476300,10852.77903545,0
1545371400000,3915.95000000,3951.61000000,3910.00000000,3950.39000000,2.43461900,1545371699999,9576.29674911,23,1.95887400,7710.25633310,0
1545371700000,3939.81000000,3945.82000000,3939.02000000,3945.36000000,2.52819400,1545371999999,9965.12902061,34,2.22544500,8772.35493902,0
1545372000000,3945.36000000,3955.00000000,3945.36000000,3955.00000000,0.48390300,1545372299999,1911.18475681,13,0.34953700,1380.20947536,0
1545372300000,3955.00000000,3965.00000000,3955.00000000,3965.00000000,2.46684100,1545372599999,9773.55358804,38,0.19575500,775.56763332,0
1545372600000,3965.00000000,3965.00000000,3956.08000000,3957.59000000,1.63105700,1545372899999,6465.08661399,37,0.04482900,177.38668956,0
1545372900000,3957.59000000,3961.24000000,3945.24000000,3949.00000000,2.72865900,1545373199999,10782.36831820,42,1.25311300,4949.43136608,0
1545373200000,3980.00000000,3981.00000000,3980.00000000,3981.00000000,0.73317600,1545373499999,2918.06484400,19,0.01532100,60.97758000,0
1545373500000,3982.87000000,3990.80000000,3966.19000000,3966.19000000,2.42664900,1545373799999,9635.02111708,13,0.04526200,180.57470441,0
1545373800000,3974.05000000,3992.00000000,3973.78000000,3988.15000000,1.51105500,1545374099999,6015.66190388,12,1.48500200,5912.03271435,0
1545374100000,3988.15000000,3999.41000000,3988.15000000,3999.41000000,2.39544800,1545374399999,9570.47543144,20,2.38192000,9516.44192308,0
1545374400000,3997.33000000,4010.73000000,3990.58000000,4010.73000000,5.22760200,1545374699999,20905.16767329,42,4.31116300,17241.96429612,0
1545374700000,4015.69000000,4021.52000000,4010.73000000,4010.73000000,53.98104200,1545374999999,216508.47480717,318,0.23041400,926.57111450,0
1545375000000,4010.73000000,4012.43000000,3990.34000000,3997.37000000,13.10434800,1545375299999,52535.06995203,78,0.80707900,3222.73379622,0
1545375300000,3997.37000000,3997.37000000,3990.74000000,3990.91000000,0.36647000,1545375599999,1462.55853587,7,0.00264200,10.56062882,0
1545375600000,3993.87000000,3997.37000000,3993.87000000,3997.37000000,0.09813600,1545375899999,391.96877458,4,0.00763500,30.51954571,0
1545375900000,4006.01000000,4008.54000000,3996.26000000,3996.26000000,4.84835300,1545376199999,19399.85952046,53,0.79428300,3175.64366345,0
1545376200000,3996.19000000,4004.32000000,3976.65000000,3978.66000000,1.17339300,1545376499999,4681.16811813,31,0.81460800,3249.86797595,0
1545376500000,3978.66000000,3978.66000000,3978.65000000,3978.65000000,0.29855800,1545376799999,1187.85990467,4,0.10930000,434.86667039,0
1545376800000,4000.19000000,4014.04000000,3997.21000000,3997.21000000,2.00461300,1545377099999,8039.11019762,16,1.69959000,6819.08513411,0
1545377100000,3994.03000000,4001.35000000,3985.01000000,3993.66000000,0.94375400,1545377399999,3772.89379906,17,0.91746600,3668.07797880,0
1545377400000,4002.79000000,4002.90000000,3984.89000000,3987.79000000,26.40829700,1545377699999,105553.05270603,144,0.11308500,452.03612770,0
1545377700000,3984.92000000,3989.21000000,3980.54000000,3980.54000000,5.20167600,1545377999999,20725.31619397,31,0.71379900,2845.02949155,0
1545378000000,3978.82000000,3987.51000000,3962.27000000,3966.79000000,1.94516900,1545378299999,7735.51468948,54,0.50624700,2012.51766266,0
1545378300000,3967.50000000,3974.81000000,3964.06000000,3974.81000000,0.59015400,1545378599999,2342.88815111,14,0.29140200,1157.04689980,0
1545378600000,3986.16000000,3986.17000000,3982.16000000,3985.64000000,1.28390600,1545378899999,5117.36912966,19,0.28660200,1141.95865660,0
1545378900000,3996.95000000,4015.55000000,3995.06000000,4015.55000000,0.24933400,1545379199999,998.89122603,14,0.20487800,821.11942625,0
1545379200000,4019.63000000,4058.29000000,4009.01000000,4052.79000000,16.28065700,1545379499999,65607.54883999,68,14.64168500,59006.93998275,0
1545379500000,4039.62000000,4045.71000000,4030.60000000,4044.24000000,1.13591100,1545379799999,4587.43992015,23,0.25595300,1033.43058307,0
1545379800000,4046.42000000,4059.97000000,4034.64000000,4050.23000000,1.30776900,1545380099999,5289.74904019,34,1.02254000,4136.21481098,0
1545380100000,4046.72000000,4060.00000000,4039.02000000,4041.25000000,0.36030200,1545380399999,1459.11669121,10,0.35044300,1419.20892268,0
1545380400000,4037.01000000,4041.43000000,4024.21000000,4028.41000000,1.06927500,1545380699999,4314.40639184,21,0.89842100,3625.35504068,0
1545380700000,4027.88000000,4030.79000000,4026.47000000,4030.79000000,0.01668800,1545380999999,67.22324176,3,0.00728000,29.32296640,0
1545381000000,4037.81000000,4050.15000000,4029.71000000,4034.32000000,0.80454800,1545381299999,3254.29330519,23,0.73972300,2992.23279099,0
1545381300000,4031.49000000,4042.54000000,4013.89000000,4015.00000000,3.74858400,1545381599999,15065.04546023,44,1.27876300,5138.89153343,0
1545381600000,4015.14000000,4020.40000000,4007.00000000,4014.44000000,1.74854100,1545381899999,7017.05975668,31,0.62964000,2530.49438082,0
1545381900000,4013.50000000,4030.00000000,4012.44000000,4030.00000000,4.15115300,1545382199999,16716.21729980,47,3.96004200,15946.31103765,0
1545382200000,4030.00000000,4034.44000000,4027.29000000,4027.29000000,21.96045000,1545382499999,88500.61641030,144,21.95549300,88480.65313377,0
1545382500000,4023.01000000,4036.65000000,4023.01000000,4036.65000000,0.22402900,1545382799999,903.59549597,13,0.20417900,823.63669816,0
1545382800000,4030.14000000,4036.65000000,4017.00000000,4027.03000000,5.96528200,1545383099999,24023.90568287,72,0.63338300,2553.43579251,0
1545383100000,4022.14000000,4022.16000000,3995.51000000,4018.80000000,9.58962900,1545383399999,38461.26538981,83,0.36469500,1459.77765216,0
1545383400000,4019.27000000,4019.27000000,3997.71000000,4004.35000000,1.87491300,1545383699999,7505.55803918,25,1.76036500,7047.44075165,0
1545383700000,4018.00000000,4030.00000000,4008.55000000,4023.33000000,1.95531500,1545383999999,7849.38507351,30,0.95658000,3845.08290214,0
1545384000000,4024.04000000,4024.29000000,3998.63000000,4001.94000000,2.82403200,1545384299999,11309.65675832,52,2.07505600,8303.55220802,0
1545384300000,4002.04000000,4013.93000000,3997.14000000,4000.00000000,2.03691000,1545384599999,8148.13044589,12,0.44738000,1794.43364596,0
1545384600000,4000.00000000,4000.00000000,3985.29000000,3994.15000000,1.65351900,1545384899999,6604.53403705,25,0.22524400,900.83079263,0
1545384900000,3998.21000000,4004.01000000,3978.08000000,4004.01000000,7.17079600,1545385199999,28644.77560746,46,5.84251000,23350.77204311,0
1545385200000,4004.01000000,4004.01000000,3993.86000000,3993.87000000,0.24809500,1545385499999,991.43201239,6,0.05621000,225.06540210,0
1545385500000,3993.88000000,3999.85000000,3993.87000000,3993.87000000,2.21777100,1545385799999,8870.22854809,27,0.04674400,186.96898840,0
1545385800000,3989.19000000,3989.19000000,3967.00000000,3975.12000000,2.98137800,1545386099999,11883.05572229,29,0.69215400,2757.97496150,0
1545386100000,3974.44000000,3983.72000000,3967.34000000,3973.99000000,1.77359200,1545386399999,7041.07798668,18,0.37773300,1500.73358413,0
1545386400000,3973.99000000,3973.99000000,3967.35000000,3973.50000000,0.50309900,1545386699999,1999.14787958,11,0.11533500,458.31704130,0
1545386700000,3973.86000000,3999.77000000,3973.86000000,3999.69000000,2.35307200,1545386999999,9410.63082025,8,2.35307200,9410.63082025,0
1545387000000,3999.40000000,3999.40000000,3991.32000000,3991.41000000,0.26142000,1545387299999,1044.93949376,10,0.19193600,767.60436630,0
1545387300000,3991.41000000,3991.41000000,3978.76000000,3978.77000000,0.30925500,1545387599999,1233.64268718,13,0.05796300,231.27468852,0
1545387600000,3985.11000000,3985.11000000,3967.50000000,3967.50000000,0.03227000,1545387899999,128.21780925,4,0.00032900,1.31110119,0
1545387900000,3965.01000000,3965.01000000,3961.54000000,3965.00000000,1.93693400,1545388199999,7679.89315101,12,1.33403000,5289.42260244,0
1545388200000,3971.87000000,3975.00000000,3958.93000000,3975.00000000,1.18487300,1545388499999,4707.98177512,19,1.09414400,4348.79060702,0
1545388500000,3983.21000000,3983.21000000,3983.21000000,3983.21000000,0.61754900,1545388799999,2459.82735229,2,0.00033200,1.32242572,0
1545388800000,3977.49000000,3980.03000000,3977.49000000,3979.96000000,0.21169800,1545389099999,842.27317615,14,0.09917400,394.70881231,0
1545389100000,3979.96000000,4022.87000000,3979.47000000,4008.43000000,3.10354500,1545389399999,12405.56973697,39,3.01713000,12059.37665617,0
1545389400000,4008.45000000,4046.00000000,4000.35000000,4005.93000000,2.45990200,1545389699999,9887.75392846,19,2.01025700,8087.38975510,0
1545389700000,3994.19000000,4005.95000000,3993.00000000,4002.87000000,2.29860800,1545389999999,9188.47330061,25,0.36916800,1477.87349678,0
1545390000000,4002.59000000,4005.95000000,3999.92000000,4005.95000000,0.86636700,1545390299999,3468.37274973,16,0.21891300,876.95315940,0
1545390300000,4005.95000000,4027.01000000,4005.95000000,4017.08000000,0.02759300,1545390599999,110.84646637,3,0.00033700,1.35693389,0
1545390600000,4018.05000000,4018.05000000,4018.00000000,4018.00000000,1.49830100,1545390899999,6020.18162486,11,0.00000000,0.00000000,0
1545390900000,4017.57000000,4028.34000000,4017.57000000,4028.34000000,0.48353600,1545391199999,1943.92496757,26,0.35264200,1417.98550189,0
1545391200000,4028.34000000,4032.58000000,4024.00000000,4027.54000000,0.29512800,1545391499999,1189.56160006,14,0.00798600,32.16877684,0
1545391500000,4027.12000000,4027.12000000,4000.14000000,4013.80000000,0.82203800,1545391799999,3307.29328152,16,0.14936900,601.52688728,0
1545391800000,4020.25000000,4022.90000000,4020.00000000,4020.00000000,0.74071100,1545392099999,2979.21548762,16,0.70878000,2850.85286762,0
1545392100000,4020.00000000,4020.00000000,4000.00000000,4006.13000000,9.44761500,1545392399999,37792.98132976,33,0.19411900,777.23512016,0
1545392400000,4006.07000000,4026.29000000,4006.07000000,4026.29000000,0.40783300,1545392699999,1639.87942829,11,0.40783300,1639.87942829,0
1545392700000,4026.29000000,4026.29000000,4019.79000000,4025.56000000,0.19003900,1545392999999,765.01688455,13,0.08726600,351.35818024,0
1545393000000,4030.00000000,4030.01000000,4000.03000000,4025.37000000,11.71924500,1545393299999,47217.17174754,76,0.08440800,339.65765731,0
1545393300000,4021.91000000,4025.36000000,4021.91000000,4025.36000000,0.01559100,1545393599999,62.71377186,2,0.01559100,62.71377186,0
1545393600000,4015.98000000,4023.65000000,4015.96000000,4015.96000000,1.76960800,1545393899999,7106.89554249,32,0.37480400,1505.41743672,0
1545393900000,4015.96000000,4015.96000000,3999.86000000,3999.86000000,1.52875800,1545394199999,6129.94944569,16,0.00000000,0.00000000,0
1545394200000,3997.18000000,3997.18000000,3960.00000000,3984.57000000,2.25991000,1545394499999,8997.15712987,33,0.38469800,1534.03553633,0
1545394500000,3995.13000000,4010.33000000,3988.58000000,4010.20000000,1.04789800,1545394799999,4197.65828663,24,0.91984500,3686.90666175,0
1545394800000,4010.18000000,4010.18000000,4000.02000000,4002.57000000,0.31423800,1545395099999,1257.87973979,10,0.00817900,32.79926222,0
1545395100000,4002.57000000,4010.20000000,3993.66000000,4010.20000000,1.28522900,1545395399999,5145.08794133,28,0.50211000,2013.46207946,0
1545395400000,4010.20000000,4041.86000000,4010.20000000,4041.86000000,7.28299200,1545395699999,29386.49412066,86,5.09846300,20584.45657422,0
1545395700000,4045.11000000,4099.99000000,4044.15000000,4068.08000000,20.52684500,1545395999999,83770.25489323,224,15.35495900,62714.85783725,0
1545396000000,4068.08000000,4070.00000000,4050.38000000,4058.48000000,6.23894700,1545396299999,25346.93558756,35,3.74026900,15180.87534674,0
1545396300000,4059.01000000,4059.01000000,4033.30000000,4040.04000000,2.27648200,1545396599999,9234.35442713,19,0.25520300,1031.03213370,0
1545396600000,4035.35000000,4040.02000000,4030.05000000,4038.90000000,1.50601200,1545396899999,6072.88860891,17,0.50701200,2044.06491863,0
1545396900000,4048.36000000,4050.24000000,4030.48000000,4033.87000000,0.37890600,1545397199999,1533.20394689,13,0.14626100,592.26575720,0
1545397200000,4033.84000000,4064.99000000,4033.84000000,4050.73000000,2.99450300,1545397499999,12148.37771859,28,2.37271600,9625.66369242,0
1545397500000,4060.24000000,4065.00000000,4058.29000000,4058.56000000,1.17728300,1545397799999,4778.69488712,27,0.14444200,586.89346619,0
1545397800000,4060.00000000,4070.25000000,4060.00000000,4065.23000000,1.97267200,1545398099999,8018.98193818,51,0.70770700,2877.79219866,0
1545398100000,4060.26000000,4069.97000000,4060.26000000,4067.99000000,0.44007200,1545398399999,1789.23704123,14,0.39503100,1606.19041723,0
1545398400000,4064.01000000,4100.00000000,4064.00000000,4064.00000000,10.20090500,1545398699999,41616.57629684,46,9.57192900,39058.55993972,0
1545398700000,4064.00000000,4064.00000000,4052.57000000,4060.46000000,1.56378900,1545398999999,6346.37467094,32,0.97479100,3955.22909356,0
1545399000000,4058.71000000,4058.71000000,4036.41000000,4036.41000000,0.87828600,1545399299999,3555.40819371,32,0.36021600,1460.52317991,0
1545399300000,4033.80000000,4044.12000000,4019.09000000,4038.62000000,0.51882400,1545399599999,2086.11819402,14,0.29059000,1168.64784322,0
1545399600000,4038.60000000,4038.90000000,4019.07000000,4019.07000000,0.50854400,1545399899999,2047.40166395,21,0.09580900,386.54010336,0
1545399900000,4011.10000000,4023.92000000,4006.54000000,4023.92000000,2.97443900,1545400199999,11921.80435235,23,0.48912400,1961.62006840,0
1545400200000,4023.92000000,4036.25000000,4007.54000000,4036.25000000,6.78361100,1545400499999,27231.74604436,31,1.02838600,4133.59810664,0
1545400500000,4023.50000000,4036.37000000,4023.50000000,4029.24000000,0.95938700,1545400799999,3867.26494572,19,0.36236300,1462.50441968,0
1545400800000,4029.28000000,4036.38000000,4010.00000000,4010.00000000,2.30598700,1545401099999,9288.18044804,38,0.16449800,663.69311352,0
1545401100000,4005.54000000,4010.08000000,4000.44000000,4009.96000000,5.26509800,1545401399999,21072.61768201,32,0.79720600,3196.76021177,0
1545401400000,4018.67000000,4029.99000000,4018.53000000,4029.99000000,1.08201100,1545401699999,4349.25571021,17,1.05534100,4242.07751461,0
1545401700000,4026.00000000,4045.95000000,4021.40000000,4021.40000000,9.06054200,1545401999999,36606.65639691,22,8.97826900,36275.67705908,0
1545402000000,4021.55000000,4024.00000000,4006.89000000,4018.05000000,0.87094700,1545402299999,3500.76095780,20,0.32087400,1289.42055283,0
1545402300000,4020.99000000,4020.99000000,4007.16000000,4007.16000000,1.01485200,1545402599999,4068.86016832,30,0.09506300,381.34504516,0
1545402600000,4007.16000000,4032.61000000,4003.19000000,4018.31000000,3.38684900,1545402899999,13590.74273567,52,1.87611700,7534.83004827,0
1545402900000,4019.77000000,4056.33000000,4008.77000000,4039.76000000,9.40807900,1545403199999,37957.76021622,78,4.81313100,19488.21490621,0
1545403200000,4042.03000000,4053.20000000,4037.99000000,4039.88000000,10.96149800,1545403499999,44346.31762666,42,6.55259600,26510.27594626,0
1545403500000,4037.99000000,4037.99000000,4026.29000000,4026.29000000,5.13556800,1545403799999,20699.64748094,36,0.21275500,856.90634399,0
1545403800000,4019.93000000,4037.95000000,4019.92000000,4037.95000000,0.72059900,1545404099999,2900.56698172,14,0.31484600,1268.41409164,0
1545404100000,4030.27000000,4037.99000000,4014.18000000,4025.00000000,11.87006100,1545404399999,47856.39174078,57,4.08980800,16510.71840806,0
1545404400000,4025.00000000,4031.83000000,4015.00000000,4021.71000000,7.14023300,1545404699999,28744.11389406,42,2.28085400,9195.49530117,0
1545404700000,4021.71000000,4021.71000000,4000.44000000,4000.44000000,5.63714200,1545404999999,22639.50782767,52,0.03111600,124.83284159,0
1545405000000,4000.44000000,4009.97000000,3989.16000000,3994.99000000,0.83611800,1545405299999,3342.03257913,16,0.00065400,2.62236669,0
1545405300000,4005.71000000,4008.98000000,4003.83000000,4008.98000000,0.78154400,1545405599999,3130.60245365,12,0.16720600,669.82488705,0
1545405600000,4008.33000000,4017.90000000,3995.00000000,3995.04000000,0.79419300,1545405899999,3181.38608264,13,0.34385900,1379.45325632,0
1545405900000,3995.04000000,3995.04000000,3975.90000000,3985.00000000,5.37659800,1545406199999,21445.89479504,41,0.02671300,106.41250448,0
1545406200000,3985.00000000,3995.96000000,3985.00000000,3995.94000000,1.56362300,1545406499999,6244.72629698,23,0.67663700,2700.63876776,0
1545406500000,3996.00000000,4005.90000000,3980.00000000,3980.00000000,7.77528700,1545406799999,30999.60142565,58,0.41874200,1669.62673042,0
1545406800000,3976.70000000,3980.00000000,3952.66000000,3965.97000000,5.93915100,1545407099999,23552.41305421,55,4.05094500,16068.87265085,0
1545407100000,3986.05000000,3986.05000000,3969.36000000,3984.01000000,1.99251500,1545407399999,7916.26881749,10,0.55251500,2200.36094357,0
1545407400000,3984.01000000,3984.01000000,3962.97000000,3962.97000000,1.03739800,1545407699999,4128.15646849,19,0.94697200,3769.00166669,0
1545407700000,3967.13000000,3977.87000000,3960.03000000,3966.17000000,5.26144700,1545407999999,20880.64687415,55,3.69237100,14664.71219914,0
1545408000000,3967.60000000,4000.00000000,3964.41000000,3993.66000000,2.30130500,1545408299999,9144.99306732,43,1.90526600,7572.72068677,0
1545408300000,3998.62000000,3998.62000000,3973.79000000,3977.15000000,0.75156300,1545408599999,2992.82142488,18,0.38216400,1519.88706280,0
1545408600000,3979.99000000,3999.67000000,3975.00000000,3983.75000000,0.95076000,1545408899999,3782.24391249,19,0.95076000,3782.24391249,0
1545408900000,3987.13000000,3996.81000000,3987.13000000,3993.72000000,6.44287100,1545409199999,25709.47238625,47,0.92942100,3712.38073504,0
1545409200000,3994.06000000,3998.36000000,3990.00000000,3993.64000000,1.08155300,1545409499999,4318.20476339,35,0.17531500,700.28257220,0
1545409500000,3993.78000000,3996.30000000,3990.00000000,3990.00000000,0.59301200,1545409799999,2366.73237252,21,0.40074900,1599.59949932,0
1545409800000,3990.00000000,3990.00000000,3972.00000000,3980.00000000,8.16850100,1545410099999,32522.51802314,42,0.03775300,150.29469502,0
1545410100000,3989.84000000,3989.85000000,3980.00000000,3987.20000000,1.68604300,1545410399999,6712.81254948,15,0.17835800,711.38201157,0
1545410400000,3980.04000000,3980.04000000,3921.95000000,3938.00000000,11.33965000,1545410699999,44823.81192968,66,0.40032000,1581.72672848,0
1545410700000,3947.17000000,3952.86000000,3935.17000000,3948.15000000,1.35535000,1545410999999,5349.01931350,21,0.58259100,2301.13003649,0
1545411000000,3947.15000000,3962.26000000,3940.26000000,3945.03000000,2.03548600,1545411299999,8034.24289422,33,1.22599700,4841.39995705,0
1545411300000,3942.01000000,3942.01000000,3920.00000000,3931.78000000,22.49186000,1545411599999,88339.50842860,123,14.29449300,56165.11520014,0
1545411600000,3935.94000000,3977.01000000,3935.94000000,3957.97000000,3.99138000,1545411899999,15748.97999805,46,0.76307400,3020.75419223,0
1545411900000,3959.84000000,3959.84000000,3950.07000000,3950.07000000,4.62798100,1545412199999,18306.85011329,30,1.12971500,4472.88376697,0
1545412200000,3950.01000000,3950.01000000,3938.34000000,3939.85000000,1.19303200,1545412499999,4706.01285148,21,0.15482100,611.28764989,0
1545412500000,3947.55000000,3972.31000000,3947.55000000,3962.08000000,1.24376000,1545412799999,4917.50988519,35,0.99095000,3917.49497489,0
1545412800000,3960.05000000,3964.25000000,3960.05000000,3964.25000000,0.90212700,1545413099999,3573.99983518,21,0.44375900,1757.89740224,0
1545413100000,3966.12000000,3986.00000000,3964.25000000,3979.53000000,1.28637200,1545413399999,5106.98404732,28,0.45497200,1808.27675718,0
1545413400000,3979.70000000,3987.97000000,3976.76000000,3976.76000000,0.12036000,1545413699999,479.19004878,8,0.01160100,46.17931560,0
1545413700000,3967.99000000,3967.99000000,3920.00000000,3920.00000000,0.45109900,1545413999999,1782.69312926,10,0.00252000,9.99933480,0
1545414000000,3942.00000000,3957.99000000,3922.11000000,3927.25000000,3.89942000,1545414299999,15346.04502582,55,2.42343500,9531.52831560,0
1545414300000,3930.26000000,3935.01000000,3930.26000000,3934.70000000,3.14470900,1545414599999,12373.64598451,32,1.96164300,7718.46029444,0
1545414600000,3934.71000000,3948.50000000,3934.71000000,3945.51000000,1.08767100,1545414899999,4290.60324619,16,0.16100600,635.47131464,0
1545414900000,3941.09000000,3945.51000000,3936.64000000,3945.51000000,2.24758500,1545415199999,8858.21572407,23,1.24984300,4926.27531121,0
1545415200000,3938.46000000,3938.46000000,3871.00000000,3895.69000000,10.83275000,1545415499999,42197.57812042,96,3.78599600,14729.24290185,0
1545415500000,3904.99000000,3925.57000000,3901.61000000,3908.37000000,8.60543400,1545415799999,33622.70745981,75,8.02270100,31345.23948549,0
1545415800000,3916.83000000,3921.00000000,3910.45000000,3921.00000000,2.56022300,1545416099999,10028.15161883,22,1.22877200,4817.53538140,0
1545416100000,3921.00000000,3921.00000000,3900.45000000,3900.45000000,3.20816700,1545416399999,12549.97841818,54,0.63320900,2479.06584147,0
1545416400000,3906.41000000,3915.95000000,3905.88000000,3912.97000000,1.30490500,1545416699999,5103.80086815,30,0.42566400,1664.36656944,0
1545416700000,3912.97000000,3919.00000000,3907.78000000,3919.00000000,1.70704500,1545416999999,6678.63385862,22,0.94638000,3703.67522608,0
1545417000000,3920.38000000,3932.13000000,3906.76000000,3928.03000000,6.36711500,1545417299999,24913.63095123,43,0.54471100,2139.96543163,0
1545417300000,3920.29000000,3924.98000000,3911.94000000,3912.71000000,2.31004900,1545417599999,9048.10234647,42,1.21881600,4774.35682687,0
1545417600000,3917.68000000,3939.14000000,3917.68000000,3923.62000000,0.25921700,1545417899999,1018.70559887,12,0.21275600,836.41032319,0
1545417900000,3926.27000000,3951.60000000,3926.27000000,3938.73000000,0.46277300,1545418199999,1822.65196065,25,0.28298200,1114.04897783,0
1545418200000,3936.97000000,3942.22000000,3931.04000000,3940.96000000,0.69407100,1545418499999,2734.02613447,16,0.54381700,2142.96316586,0
1545418500000,3944.93000000,3947.51000000,3928.91000000,3928.91000000,0.44057200,1545418799999,1735.60539466,16,0.24059400,948.19464013,0
1545418800000,3938.60000000,3939.59000000,3932.54000000,3939.59000000,0.12064200,1545419099999,475.01047734,7,0.03133600,123.42542675,0
1545419100000,3937.25000000,3948.00000000,3937.25000000,3948.00000000,0.16547700,1545419399999,653.02561443,7,0.16547700,653.02561443,0
1545419400000,3948.00000000,3957.79000000,3943.69000000,3952.00000000,2.14148300,1545419699999,8462.14660393,26,1.53342100,6060.30488713,0
1545419700000,3955.66000000,3958.93000000,3934.78000000,3938.66000000,1.08377900,1545419999999,4277.65262978,14,0.86494800,3414.60929385,0
1545420000000,3932.59000000,3938.62000000,3906.77000000,3906.77000000,1.26266400,1545420299999,4964.97357894,41,0.69358200,2728.96705338,0
1545420300000,3913.74000000,3918.03000000,3906.76000000,3906.77000000,0.62462200,1545420599999,2441.07542772,18,0.11142500,436.10083095,0
1545420600000,3907.62000000,3946.26000000,3840.00000000,3844.04000000,16.14631600,1545420899999,62365.38395646,198,5.65636500,21844.67865453,0
1545420900000,3842.31000000,3849.25000000,3830.36000000,3841.22000000,12.02261200,1545421199999,46176.27332721,134,10.03346100,38535.03251262,0
1545421200000,3842.36000000,3854.63000000,3839.98000000,3847.00000000,8.03321200,1545421499999,30888.18390209,72,7.75005900,29799.10798886,0
1545421500000,3850.22000000,3863.93000000,3826.00000000,3828.72000000,6.77779200,1545421799999,26045.82226768,92,3.01193700,11612.29963389,0
1545421800000,3828.68000000,3839.00000000,3822.28000000,3839.00000000,6.00747500,1545422099999,23006.89191070,62,5.08974700,19496.08194448,0
1545422100000,3853.42000000,3853.42000000,3790.00000000,3817.12000000,18.97699000,1545422399999,72036.93175676,83,1.84166600,7009.09637706,0
1545422400000,3804.66000000,3840.16000000,3790.00000000,3810.75000000,16.49458900,1545422699999,62689.07284006,47,1.24593800,4766.12596086,0
1545422700000,3827.19000000,3839.43000000,3808.63000000,3830.03000000,2.56916400,1545422999999,9831.35533891,27,0.52625000,2016.68946748,0
1545423000000,3830.03000000,3838.53000000,3824.01000000,3824.01000000,7.56259900,1545423299999,29003.03223746,44,0.73946200,2838.11725871,0
1545423300000,3824.00000000,3832.90000000,3803.93000000,3814.99000000,21.97252400,1545423599999,83963.93053669,153,18.20010400,69570.44880968,0
1545423600000,3821.45000000,3826.40000000,3813.70000000,3826.40000000,2.77672900,1545423899999,10609.61254430,25,0.83367700,3186.57872266,0
1545423900000,3817.48000000,3824.89000000,3817.48000000,3818.35000000,0.47361400,1545424199999,1809.16189642,19,0.07843300,299.79403756,0
1545424200000,3825.38000000,3827.45000000,3825.38000000,3825.45000000,0.18567500,1545424499999,710.50135272,6,0.16490100,631.03145442,0
1545424500000,3825.45000000,3828.72000000,3802.99000000,3802.99000000,3.43782300,1545424799999,13105.01618800,73,1.02172500,3899.05853303,0
1545424800000,3802.75000000,3802.75000000,3780.33000000,3790.00000000,49.63162500,1545425099999,188040.68821162,105,9.61722500,36402.91856248,0
1545425100000,3785.00000000,3790.00000000,3720.00000000,3779.17000000,15.95163900,1545425399999,60146.37913918,168,6.75266800,25500.97544693,0
1545425400000,3785.00000000,3794.07000000,3774.73000000,3792.81000000,4.79230600,1545425699999,18143.29680736,40,1.84184100,6985.70153494,0
1545425700000,3788.86000000,3794.06000000,3720.00000000,3792.37000000,8.73544700,1545425999999,32943.91129293,63,0.75204700,2848.75545887,0
1545426000000,3790.00000000,3790.00000000,3777.62000000,3786.76000000,10.88001400,1545426299999,41222.37113197,83,9.71909400,36831.66628650,0
1545426300000,3784.66000000,3806.77000000,3783.87000000,3806.77000000,2.34441500,1545426599999,8885.23564428,36,1.59413300,6045.36062440,0
1545426600000,3812.87000000,3834.59000000,3802.83000000,3820.00000000,5.88828000,1545426899999,22457.30873122,77,3.60151800,13739.83233178,0
1545426900000,3821.25000000,3826.48000000,3810.60000000,3816.85000000,12.46507900,1545427199999,47641.43542145,112,1.83769800,7022.75442617,0
1545427200000,3816.85000000,3821.35000000,3808.97000000,3817.68000000,0.93599300,1545427499999,3571.57762546,14,0.46784700,1787.03713683,0
1545427500000,3819.87000000,3827.72000000,3812.67000000,3812.67000000,3.84027200,1545427799999,14669.81918842,21,0.67594000,2582.16481702,0
1545427800000,3814.50000000,3817.39000000,3806.02000000,3810.04000000,0.55510600,1545428099999,2117.02438387,25,0.37049100,1413.17745985,0
1545428100000,3809.81000000,3823.34000000,3805.03000000,3815.74000000,3.35048000,1545428399999,12777.05192772,56,1.85259700,7063.79602304,0
1545428400000,3821.83000000,3851.28000000,3821.83000000,3840.78000000,5.35136400,1545428699999,20542.43900587,85,4.83687100,18564.50932387,0
1545428700000,3840.00000000,3861.11000000,3838.28000000,3852.06000000,9.19689500,1545428999999,35340.33015081,33,8.94482400,34369.09461769,0
1545429000000,3845.48000000,3864.74000000,3845.48000000,3846.86000000,3.58767800,1545429299999,13817.79980578,63,2.50911600,9662.75815170,0
1545429300000,3847.67000000,3999.00000000,3847.15000000,3847.77000000,19.23856300,1545429599999,74695.54212566,77,15.06528700,58507.51979020,0
1545429600000,3847.83000000,3861.16000000,3807.58000000,3834.44000000,48.15958200,1545429899999,185554.93740188,172,13.88914200,53444.35276226,0
1545429900000,3844.52000000,3853.06000000,3841.02000000,3853.06000000,0.95409500,1545430199999,3671.27489689,9,0.95409500,3671.27489689,0
1545430200000,3853.06000000,3853.06000000,3841.37000000,3847.99000000,1.13181500,1545430499999,4355.13733863,8,1.09930300,4230.24671719,0
1545430500000,3841.37000000,3847.99000000,3841.37000000,3845.00000000,0.38533600,1545430799999,1481.51463107,13,0.33594400,1291.78132096,0
1545430800000,3845.00000000,3845.00000000,3830.71000000,3842.48000000,0.95497800,1545431099999,3660.42072943,10,0.15370700,590.79447424,0
1545431100000,3832.52000000,3832.53000000,3819.29000000,3822.56000000,4.27423700,1545431399999,16351.49048940,26,2.57979900,9873.22107064,0
1545431400000,3829.92000000,3830.15000000,3829.92000000,3830.15000000,2.53550600,1545431699999,9711.11848022,18,2.53550600,9711.11848022,0
1545431700000,3829.92000000,3829.92000000,3823.20000000,3823.20000000,0.60579300,1545431999999,2317.48452098,13,0.22648100,867.29715906,0
1545432000000,3827.27000000,3827.27000000,3809.00000000,3811.78000000,0.70562500,1545432299999,2690.50796655,17,0.09276200,354.22294850,0
1545432300000,3814.69000000,3825.67000000,3811.78000000,3817.56000000,0.73067400,1545432599999,2790.56825690,18,0.35000800,1336.46924091,0
1545432600000,3822.75000000,3830.81000000,3820.91000000,3830.81000000,1.26977200,1545432899999,4862.22215444,14,0.59413400,2274.63189562,0
1545432900000,3820.91000000,3833.45000000,3818.89000000,3829.87000000,0.43110300,1545433199999,1650.54028165,19,0.12604500,482.52536161,0
1545433200000,3817.17000000,3817.17000000,3812.24000000,3814.56000000,0.32083000,1545433499999,1223.77468209,11,0.04972700,189.70128632,0
1545433500000,3814.51000000,3815.00000000,3807.57000000,3815.00000000,1.37268100,1545433799999,5232.10386764,12,0.54617800,2081.72106836,0
1545433800000,3816.33000000,3816.33000000,3808.57000000,3811.02000000,0.11477400,1545434099999,437.79820817,6,0.03381300,128.91582096,0
1545434100000,3814.60000000,3833.42000000,3814.32000000,3830.56000000,1.38944300,1545434399999,5313.24026064,22,1.14945000,4395.59062667,0
1545434400000,3830.56000000,3844.86000000,3830.56000000,3844.86000000,0.09042000,1545434699999,347.15012026,7,0.09042000,347.15012026,0
1545434700000,3844.00000000,3850.00000000,3840.81000000,3840.81000000,0.53547900,1545434999999,2059.85520394,15,0.36200000,1392.96877607,0
1545435000000,3836.27000000,3843.27000000,3834.21000000,3834.21000000,1.56613000,1545435299999,6008.28655858,26,0.78840000,3024.66974378,0
1545435300000,3837.34000000,3850.00000000,3837.34000000,3850.00000000,0.24593900,1545435599999,946.21208638,9,0.22144000,852.08142368,0
1545435600000,3850.00000000,3850.00000000,3842.83000000,3842.83000000,0.79305500,1545435899999,3052.02776023,17,0.64759900,2493.00471634,0
1545435900000,3836.75000000,3840.55000000,3834.42000000,3840.55000000,0.39912300,1545436199999,1531.77092714,11,0.32074000,1231.18890118,0
1545436200000,3837.05000000,3840.97000000,3832.47000000,3832.47000000,1.66328900,1545436499999,6386.27067056,9,0.31689400,1217.15855668,0
1545436500000,3832.76000000,3849.94000000,3831.41000000,3842.20000000,1.07652300,1545436799999,4130.06431221,29,0.75963100,2915.30172735,0
1545436800000,3843.93000000,3875.19000000,3836.30000000,3844.69000000,12.36063000,1545437099999,47605.02476257,75,8.53702300,32902.45766785,0
1545437100000,3851.82000000,3868.06000000,3851.82000000,3862.21000000,0.89069000,1545437399999,3437.39502634,19,0.43362200,1673.82552154,0
1545437400000,3860.93000000,3865.38000000,3843.36000000,3843.36000000,3.13398500,1545437699999,12070.26517606,31,0.75165500,2899.43127070,0
1545437700000,3849.55000000,3852.40000000,3837.00000000,3837.00000000,1.61404600,1545437999999,6205.93563234,23,0.43239800,1665.12870966,0
1545438000000,3844.67000000,3848.37000000,3837.00000000,3840.91000000,1.80053800,1545438299999,6917.96834226,23,1.53852800,5911.95534844,0
1545438300000,3837.73000000,3838.62000000,3834.51000000,3838.62000000,0.97382800,1545438599999,3735.98032951,9,0.25697200,986.15213722,0
1545438600000,3840.75000000,3847.48000000,3838.62000000,3845.39000000,2.76676500,1545438899999,10639.45922525,9,2.62621100,10099.92582977,0
1545438900000,3844.09000000,3844.09000000,3844.09000000,3844.09000000,0.06081600,1545439199999,233.78217744,2,0.00000000,0.00000000,0
1545439200000,3844.09000000,3851.55000000,3844.09000000,3851.55000000,2.05074700,1545439499999,7883.79868127,19,1.80100500,6923.75458869,0
1545439500000,3851.72000000,3852.26000000,3846.43000000,3846.43000000,0.33409800,1545439799999,1285.68762424,10,0.08522700,328.11782565,0
1545439800000,3847.52000000,3847.64000000,3841.65000000,3841.65000000,0.37612500,1545440099999,1446.10217268,6,0.25657200,986.82139023,0
1545440100000,3847.45000000,3847.45000000,3835.94000000,3835.94000000,0.55818000,1545440399999,2144.24443797,14,0.05034700,193.50636282,0
1545440400000,3835.94000000,3840.16000000,3823.88000000,3823.88000000,0.94527900,1545440699999,3626.66554575,20,0.68987500,2648.24900386,0
1545440700000,3823.88000000,3830.26000000,3817.39000000,3820.96000000,0.78538400,1545440999999,3001.61409750,39,0.52102300,1991.32964162,0
1545441000000,3829.05000000,3835.58000000,3821.10000000,3829.00000000,0.63074800,1545441299999,2413.18718052,22,0.15467400,592.35165404,0
1545441300000,3832.85000000,3836.81000000,3827.73000000,3827.73000000,0.93445800,1545441599999,3583.72876043,9,0.89536400,3434.03744349,0
1545441600000,3829.00000000,3830.02000000,3821.84000000,3822.17000000,0.52687300,1545441899999,2015.29379704,19,0.26951000,1031.37290036,0
1545441900000,3821.18000000,3821.18000000,3814.56000000,3814.56000000,0.08760400,1545442199999,334.54672592,4,0.05711600,218.21916844,0
1545442200000,3820.52000000,3831.17000000,3820.52000000,3831.13000000,1.19704600,1545442499999,4577.03113862,19,1.05958200,4051.34711635,0
1545442500000,3822.78000000,3822.89000000,3812.07000000,3816.50000000,2.27915000,1545442799999,8699.43060073,29,0.25107400,958.59103389,0
1545442800000,3810.00000000,3819.47000000,3807.89000000,3819.47000000,1.72998400,1545443099999,6592.01626566,16,0.29745700,1133.95956065,0
1545443100000,3813.64000000,3819.48000000,3810.21000000,3810.21000000,0.91369500,1545443399999,3485.40744738,15,0.76437100,2916.01931063,0
1545443400000,3817.26000000,3819.46000000,3807.66000000,3811.50000000,0.84152900,1545443699999,3210.80322941,20,0.72017400,2748.64354523,0
1545443700000,3814.21000000,3821.69000000,3811.34000000,3820.94000000,0.79424500,1545443999999,3028.88863999,11,0.09457400,360.99910390,0
1545444000000,3822.00000000,3831.70000000,3820.86000000,3820.86000000,0.66462600,1545444299999,2541.37490666,15,0.27437600,1049.82474359,0
1545444300000,3820.86000000,3821.90000000,3813.15000000,3817.24000000,2.57898500,1545444599999,9845.20868266,19,1.25617500,4796.06325718,0
1545444600000,3807.07000000,3807.07000000,3800.48000000,3806.25000000,0.57477200,1545444899999,2186.83973483,11,0.05504800,209.52645000,0
1545444900000,3811.45000000,3818.06000000,3811.45000000,3818.06000000,0.48695300,1545445199999,1858.21223596,13,0.41528800,1584.85360748,0
1545445200000,3814.39000000,3814.39000000,3814.39000000,3814.39000000,0.36275900,1545445499999,1383.70430201,3,0.00000000,0.00000000,0
1545445500000,3814.40000000,3822.74000000,3808.12000000,3817.31000000,1.51597000,1545445799999,5784.24853558,25,1.09471600,4177.82135632,0
1545445800000,3817.30000000,3818.96000000,3817.30000000,3818.24000000,0.21114200,1545446099999,806.30402892,5,0.16933400,646.67105100,0
1545446100000,3822.33000000,3830.38000000,3818.96000000,3830.24000000,0.80469700,1545446399999,3081.98632756,12,0.04267300,163.39688367,0
1545446400000,3830.24000000,3841.48000000,3824.13000000,3841.48000000,2.12156700,1545446699999,8124.17900290,35,1.70767600,6539.87804179,0
1545446700000,3840.99000000,3841.48000000,3837.66000000,3837.66000000,0.45252300,1545446999999,1737.05618454,6,0.11940400,458.65872300,0
1545447000000,3835.22000000,3835.76000000,3829.46000000,3835.76000000,0.39759900,1545447299999,1524.38765564,12,0.28187600,1080.81116934,0
1545447300000,3835.76000000,3841.48000000,3835.76000000,3835.94000000,0.31060000,1545447599999,1192.27270982,12,0.26369700,1012.29690084,0
1545447600000,3841.48000000,3841.48000000,3832.03000000,3832.03000000,0.32632700,1545447899999,1251.38243952,8,0.13729300,526.52120964,0
1545447900000,3832.23000000,3832.53000000,3832.03000000,3832.53000000,0.18235400,1545448199999,698.83813842,3,0.13573400,520.18889982,0
1545448200000,3828.11000000,3831.91000000,3828.11000000,3831.91000000,1.04744200,1545448499999,4011.62753558,8,0.28459000,1090.35969160,0
1545448500000,3830.96000000,3835.56000000,3830.96000000,3835.56000000,0.07286200,1545448799999,279.38425572,2,0.07286200,279.38425572,0
1545448800000,3828.12000000,3834.00000000,3825.70000000,3834.00000000,3.30858100,1545449099999,12670.59235192,17,0.86950300,3333.67269987,0
1545449100000,3834.00000000,3847.53000000,3830.03000000,3836.88000000,4.19343200,1545449399999,16098.25935769,16,4.18371600,16061.04678621,0
1545449400000,3836.88000000,3838.53000000,3836.88000000,3838.53000000,0.10248900,1545449699999,393.34957062,2,0.03486700,133.78049496,0
1545449700000,3833.34000000,3833.34000000,3823.88000000,3823.88000000,1.11217500,1545449999999,4255.40715578,8,0.00000000,0.00000000,0
1545450000000,3827.44000000,3827.82000000,3827.44000000,3827.59000000,0.22724300,1545450299999,869.78228314,4,0.00000000,0.00000000,0
1545450300000,3834.94000000,3834.94000000,3827.44000000,3827.44000000,0.97500700,1545450599999,3732.69657958,8,0.06762200,259.32631268,0
1545450600000,3827.07000000,3827.39000000,3818.01000000,3821.40000000,0.58116600,1545450899999,2221.30589098,14,0.20705900,792.45183720,0
1545450900000,3823.56000000,3827.40000000,3820.13000000,3822.53000000,0.80686200,1545451199999,3083.39388297,22,0.77315900,2954.60123877,0
1545451200000,3822.53000000,3823.46000000,3817.91000000,3817.91000000,0.56780600,1545451499999,2168.77664484,13,0.44466500,1698.54360482,0
1545451500000,3817.91000000,3842.64000000,3817.91000000,3822.66000000,0.82505300,1545451799999,3159.83676463,13,0.44625800,1711.56308714,0
1545451800000,3832.17000000,3832.17000000,3830.79000000,3830.79000000,0.47335800,1545452099999,1813.60374128,9,0.47335800,1813.60374128,0
1545452100000,3830.75000000,3830.83000000,3827.22000000,3827.23000000,0.78003000,1545452399999,2987.52295465,22,0.74092800,2837.83111417,0
1545452400000,3827.70000000,3828.09000000,3819.09000000,3822.96000000,0.19495300,1545452699999,745.29545472,17,0.12162200,465.14096900,0
1545452700000,3818.33000000,3821.31000000,3807.15000000,3821.31000000,0.40980300,1545452999999,1563.50698954,15,0.12678100,484.24715012,0
1545453000000,3821.41000000,3821.41000000,3806.25000000,3806.25000000,0.19965100,1545453299999,761.19805813,6,0.00526100,20.04856619,0
1545453300000,3802.04000000,3813.34000000,3798.23000000,3806.29000000,0.77870600,1545453599999,2960.94745935,25,0.46914900,1784.14891374,0
1545453600000,3799.46000000,3812.00000000,3792.38000000,3795.62000000,2.41118300,1545453899999,9151.85047103,23,0.17840800,678.67892773,0
1545453900000,3803.47000000,3809.11000000,3803.47000000,3807.97000000,0.19974400,1545454199999,760.63687740,9,0.08044300,306.31237701,0
1545454200000,3807.97000000,3807.97000000,3806.16000000,3806.41000000,0.38076000,1545454499999,1449.68643417,11,0.34925900,1329.78508210,0
1545454500000,3806.16000000,3816.62000000,3802.31000000,3815.65000000,0.77079500,1545454799999,2936.12307514,17,0.52792800,2012.12292730,0
1545454800000,3808.28000000,3808.32000000,3808.14000000,3808.14000000,0.06927300,1545455099999,263.80798694,5,0.04306700,164.00820126,0
1545455100000,3811.57000000,3818.51000000,3792.37000000,3792.37000000,6.71715100,1545455399999,25525.34845157,17,0.04855000,185.04093904,0
1545455400000,3807.88000000,3807.88000000,3807.88000000,3807.88000000,0.02618800,1545455699999,99.72076144,2,0.02618800,99.72076144,0
1545455700000,3805.44000000,3806.22000000,3799.25000000,3799.25000000,0.34336000,1545455999999,1306.24556677,11,0.08442700,321.10757021,0
1545456000000,3798.21000000,3798.22000000,3792.37000000,3792.37000000,0.07830400,1545456299999,297.30805371,5,0.07830400,297.30805371,0
1545456300000,3794.01000000,3794.14000000,3793.92000000,3794.13000000,0.08254000,1545456599999,313.15741729,8,0.00000000,0.00000000,0
1545456600000,3797.99000000,3797.99000000,3787.28000000,3797.88000000,0.98534200,1545456899999,3734.59935472,11,0.00523700,19.88949756,0
1545456900000,3797.64000000,3797.64000000,3797.64000000,3797.64000000,0.42919800,1545457199999,1629.93949272,5,0.42919800,1629.93949272,0
1545457200000,3797.64000000,3800.00000000,3792.99000000,3796.26000000,1.09065300,1545457499999,4142.71756400,11,0.99319000,3773.02044404,0
1545457500000,3796.28000000,3806.98000000,3796.27000000,3806.98000000,0.05934100,1545457799999,225.40726266,4,0.01341200,51.04827266,0
1545457800000,3807.65000000,3824.25000000,3807.65000000,3820.76000000,0.48993100,1545458099999,1871.80632186,16,0.14648000,559.61042942,0
1545458100000,3823.62000000,3823.62000000,3823.62000000,3823.62000000,0.05000000,1545458399999,191.18100000,1,0.05000000,191.18100000,0
1545458400000,3828.24000000,3833.18000000,3821.36000000,3827.99000000,0.48293000,1545458699999,1850.16148589,12,0.42524100,1629.67604877,0
1545458700000,3829.96000000,3829.96000000,3829.96000000,3829.96000000,0.00888500,1545458999999,34.02919460,1,0.00888500,34.02919460,0
1545459000000,3828.00000000,3828.00000000,3817.99000000,3817.99000000,2.29151600,1545459299999,8770.07013782,29,2.05976900,7884.76415020,0
1545459300000,3825.67000000,3828.00000000,3825.67000000,3828.00000000,1.05785400,1545459599999,4049.42861488,10,1.05785400,4049.42861488,0
1545459600000,3827.86000000,3827.87000000,3821.73000000,3821.73000000,0.27744300,1545459899999,1060.76252999,14,0.05687600,217.69787260,0
1545459900000,3820.64000000,3822.43000000,3820.64000000,3822.43000000,0.02881400,1545460199999,110.12533017,9,0.02881400,110.12533017,0
1545460200000,3828.00000000,3828.00000000,3828.00000000,3828.00000000,16.96981700,1545460499999,64960.45947600,31,16.96981700,64960.45947600,0
1545460500000,3835.95000000,3838.19000000,3835.95000000,3838.01000000,0.65198000,1545460799999,2501.97919384,18,0.39227900,1505.24582918,0
1545460800000,3835.63000000,3845.00000000,3834.27000000,3834.27000000,0.15793600,1545461099999,606.18082170,6,0.14572500,559.36055073,0
1545461100000,3834.27000000,3838.99000000,3834.27000000,3836.43000000,0.17384600,1545461399999,666.94988186,3,0.16524900,633.98666267,0
1545461400000,3840.16000000,3844.99000000,3834.59000000,3841.64000000,2.66600000,1545461699999,10248.45423365,10,0.27260900,1047.68884318,0
1545461700000,3837.44000000,3841.45000000,3827.77000000,3827.77000000,1.05731200,1545461999999,4060.34232167,8,0.99998700,3840.71984303,0
1545462000000,3826.83000000,3830.64000000,3819.59000000,3830.64000000,0.42254700,1545462299999,1616.67811146,13,0.37100600,1419.68484597,0
1545462300000,3830.64000000,3830.65000000,3830.64000000,3830.65000000,0.28494000,1545462599999,1091.50519779,4,0.02132100,81.67307544,0
1545462600000,3830.65000000,3832.19000000,3824.18000000,3828.65000000,0.26432200,1545462899999,1011.76691218,17,0.03153300,120.75633437,0
1545462900000,3828.64000000,3829.00000000,3824.18000000,3824.18000000,1.13429600,1545463199999,4342.08152615,18,0.32780700,1254.76447686,0
1545463200000,3820.82000000,3820.82000000,3820.82000000,3820.82000000,0.06004700,1545463499999,229.42877854,6,0.06004700,229.42877854,0
1545463500000,3822.24000000,3822.24000000,3822.23000000,3822.24000000,0.05909700,1545463799999,225.88286311,4,0.00000000,0.00000000,0
1545463800000,3822.24000000,3828.62000000,3822.24000000,3828.61000000,0.24593700,1545464099999,940.93637679,13,0.24477700,936.50257839,0
1545464100000,3828.61000000,3828.61000000,3821.98000000,3826.51000000,0.39885900,1545464399999,1526.73154943,10,0.02725300,104.27036694,0
1545464400000,3832.71000000,3836.93000000,3832.71000000,3836.93000000,0.02873600,1545464699999,110.14253544,4,0.02873600,110.14253544,0
1545464700000,3830.72000000,3843.94000000,3827.53000000,3843.94000000,0.72717700,1545464999999,2786.94087210,14,0.57992600,2222.97263562,0
1545465000000,3839.22000000,3843.95000000,3836.50000000,3843.95000000,0.77453100,1545465299999,2976.67976559,6,0.77453100,2976.67976559,0
1545465300000,3843.95000000,3850.00000000,3843.21000000,3843.21000000,2.92791100,1545465599999,11265.40228573,24,1.14592900,4405.12399855,0
1545465600000,3839.40000000,3843.16000000,3839.40000000,3843.16000000,0.09106900,1545465899999,349.94612814,3,0.09106900,349.94612814,0
1545465900000,3836.81000000,3850.00000000,3836.80000000,3850.00000000,1.97171100,1545466199999,7575.56296329,9,0.81806900,3149.26879156,0
1545466200000,3850.00000000,3861.11000000,3850.00000000,3861.11000000,19.79276400,1545466499999,76204.29322405,102,19.58614500,75408.09723850,0
1545466500000,3853.48000000,3856.84000000,3847.58000000,3847.79000000,1.38662600,1545466799999,5336.63156123,13,0.27797400,1069.79721062,0
1545466800000,3843.64000000,3848.37000000,3843.64000000,3844.39000000,0.56168900,1545467099999,2160.17954031,14,0.55039000,2116.73985687,0
1545467100000,3845.50000000,3848.84000000,3845.50000000,3848.84000000,0.04710100,1545467399999,181.27451014,3,0.04710100,181.27451014,0
1545467400000,3845.77000000,3845.77000000,3841.20000000,3841.20000000,2.15324400,1545467699999,8274.90693403,15,0.00000000,0.00000000,0
1545467700000,3842.35000000,3842.35000000,3842.35000000,3842.35000000,0.09109000,1545467999999,349.99966150,1,0.00000000,0.00000000,0
1545468000000,3832.46000000,3840.85000000,3828.40000000,3836.97000000,0.81142800,1545468299999,3107.06480530,6,0.04936400,189.50418992,0
1545468300000,3830.72000000,3836.91000000,3830.72000000,3836.91000000,0.13912000,1545468599999,533.60521920,2,0.10912000,418.68361920,0
1545468600000,3829.14000000,3830.00000000,3827.62000000,3828.03000000,0.10486300,1545468899999,401.47196299,6,0.00000000,0.00000000,0
1545468900000,3834.46000000,3834.46000000,3834.46000000,3834.46000000,0.04693300,1545469199999,179.96271118,2,0.04693300,179.96271118,0
1545469200000,3837.65000000,3847.94000000,3837.65000000,3847.94000000,0.42744000,1545469499999,1642.07150739,6,0.37548300,1442.55454911,0
1545469500000,3847.94000000,3847.94000000,3847.94000000,3847.94000000,0.00000000,1545469799999,0.00000000,0,0.00000000,0.00000000,0
1545469800000,3847.69000000,3849.90000000,3847.69000000,3849.90000000,0.18995200,1545470099999,731.11003338,5,0.18995200,731.11003338,0
1545470100000,3849.91000000,3864.64000000,3849.91000000,3864.64000000,0.30768600,1545470399999,1187.40131928,12,0.25967300,1002.55559045,0
1545470400000,3859.46000000,3859.46000000,3852.52000000,3858.30000000,0.68276200,1545470699999,2633.52782090,13,0.06728000,259.58678100,0
1545470700000,3856.62000000,3863.67000000,3856.62000000,3863.67000000,0.14521300,1545470999999,560.48676589,8,0.06599200,254.96135344,0
1545471000000,3863.65000000,3924.14000000,3863.65000000,3908.65000000,28.15958900,1545471299999,109815.93805354,119,25.48473500,99369.36143958,0
1545471300000,3908.65000000,3914.58000000,3898.26000000,3906.31000000,8.89998700,1545471599999,34826.57418054,100,0.34756500,1358.03102881,0
1545471600000,3910.97000000,3918.32000000,3908.56000000,3908.56000000,0.64655400,1545471899999,2529.27751221,12,0.26209000,1026.55639312,0
1545471900000,3904.33000000,3908.56000000,3896.86000000,3908.56000000,0.51162800,1545472199999,1996.65083363,20,0.37349900,1457.83830862,0
1545472200000,3914.85000000,3918.13000000,3908.73000000,3913.04000000,1.12436000,1545472499999,4402.60425626,22,0.45591600,1785.17960024,0
1545472500000,3911.59000000,3930.00000000,3911.59000000,3930.00000000,20.41483000,1545472799999,80129.22569631,45,20.40298100,80082.79076870,0
1545472800000,3928.25000000,3928.49000000,3914.61000000,3914.61000000,3.01706300,1545473099999,11849.69059743,16,0.59456500,2333.97855297,0
1545473100000,3914.61000000,3914.61000000,3900.66000000,3900.66000000,0.72355300,1545473399999,2823.52481492,9,0.03623000,141.51751381,0
1545473400000,3904.12000000,3913.99000000,3904.12000000,3913.99000000,0.26730500,1545473699999,1046.22308511,3,0.26730500,1046.22308511,0
1545473700000,3910.83000000,3910.84000000,3890.78000000,3897.01000000,1.16644000,1545473999999,4542.84314959,13,0.29334600,1144.00500617,0
1545474000000,3900.00000000,3906.75000000,3894.25000000,3906.75000000,0.05460300,1545474299999,212.74428521,4,0.01127500,44.01396525,0
1545474300000,3905.99000000,3907.90000000,3903.98000000,3903.98000000,0.30221700,1545474599999,1180.87636609,5,0.03010900,117.62575497,0
1545474600000,3902.58000000,3902.58000000,3899.36000000,3899.36000000,0.94962700,1545474899999,3703.80314759,6,0.03067400,119.70773892,0
1545474900000,3907.88000000,3907.89000000,3906.12000000,3906.12000000,2.36325300,1545475199999,9235.28733103,23,2.33772800,9135.58361803,0
1545475200000,3905.55000000,3905.55000000,3901.99000000,3901.99000000,3.05863300,1545475499999,11943.98451434,29,3.04820000,11903.27505267,0
1545475500000,3909.73000000,3912.96000000,3907.00000000,3907.00000000,1.12810100,1545475799999,4408.52958414,12,0.01880200,73.56104748,0
1545475800000,3905.00000000,3905.00000000,3901.36000000,3901.36000000,0.29382100,1545476099999,1146.89780500,7,0.00000000,0.00000000,0
1545476100000,3901.40000000,3903.15000000,3897.00000000,3897.00000000,0.77248400,1545476399999,3013.77213407,31,0.59083500,2305.69040107,0
1545476400000,3898.81000000,3905.16000000,3898.80000000,3905.16000000,0.14743300,1545476699999,575.54539067,9,0.01280300,49.99776348,0
1545476700000,3905.16000000,3907.06000000,3897.75000000,3901.10000000,1.25516300,1545476999999,4895.22120692,16,0.79692000,3108.86860924,0
1545477000000,3901.28000000,3902.00000000,3897.75000000,3897.75000000,0.84434400,1545477299999,3291.16081772,10,0.01854200,72.34655464,0
1545477300000,3897.75000000,3897.75000000,3883.88000000,3883.88000000,4.54521400,1545477599999,17715.48011785,37,0.00000000,0.00000000,0
1545477600000,3890.49000000,3890.49000000,3883.88000000,3883.88000000,1.18616900,1545477899999,4612.38653772,20,0.43632600,1697.51780213,0
1545477900000,3883.88000000,3883.89000000,3872.09000000,3872.41000000,6.89066600,1545478199999,26723.61560838,21,0.18696500,725.77151659,0
1545478200000,3872.41000000,3872.43000000,3868.78000000,3868.78000000,0.82529000,1545478499999,3194.96124602,7,0.00000000,0.00000000,0
1545478500000,3875.86000000,3875.86000000,3872.00000000,3872.13000000,0.48861500,1545478799999,1892.32657302,8,0.07847600,304.10809808,0
1545478800000,3875.86000000,3883.88000000,3875.17000000,3875.17000000,1.11106300,1545479099999,4312.79958051,19,1.05397000,4091.34094125,0
1545479100000,3876.32000000,3876.32000000,3869.92000000,3869.92000000,0.72888700,1545479399999,2824.49476067,7,0.40194300,1557.61118976,0
1545479400000,3869.92000000,3877.89000000,3869.92000000,3877.89000000,2.52812500,1545479699999,9783.73143818,16,0.00866100,33.56648499,0
1545479700000,3877.89000000,3877.90000000,3876.59000000,3876.59000000,1.58069300,1545479999999,6129.57584906,10,1.38020900,5352.29867901,0
1545480000000,3882.96000000,3883.88000000,3882.96000000,3883.88000000,0.01176600,1545480299999,45.68822296,3,0.00657900,25.54730944,0
1545480300000,3883.88000000,3883.88000000,3875.60000000,3875.90000000,7.00457100,1545480599999,27149.44461978,49,0.00262700,10.18863561,0
1545480600000,3875.90000000,3875.90000000,3868.15000000,3868.15000000,30.94189200,1545480899999,119821.82178423,170,0.14387000,557.39557275,0
1545480900000,3862.00000000,3862.00000000,3855.00000000,3855.09000000,3.44001800,1545481199999,13262.47950825,30,2.00883400,7744.23583525,0
1545481200000,3855.00000000,3857.98000000,3835.00000000,3835.00000000,19.82423500,1545481499999,76405.71682337,92,0.19533900,753.60864408,0
1545481500000,3835.00000000,3838.61000000,3835.00000000,3835.00000000,7.79098200,1545481799999,29878.54889521,30,0.03610000,138.57088300,0
1545481800000,3835.00000000,3843.78000000,3835.00000000,3843.78000000,3.42204000,1545482099999,13124.32044723,24,0.11835400,454.44301336,0
1545482100000,3847.67000000,3849.89000000,3844.01000000,3848.00000000,15.75742700,1545482399999,60634.46462561,79,0.10242800,394.23505538,0
1545482400000,3848.00000000,3848.00000000,3835.01000000,3835.01000000,25.13120700,1545482699999,96695.55768015,89,0.00000000,0.00000000,0
1545482700000,3846.13000000,3847.44000000,3835.45000000,3842.05000000,0.46943300,1545482999999,1803.47542016,14,0.22497800,864.96759866,0
1545483000000,3842.06000000,3842.06000000,3842.00000000,3842.00000000,14.62075000,1545483299999,56172.92871700,47,0.03069500,117.93203170,0
1545483300000,3842.00000000,3842.00000000,3835.03000000,3840.05000000,5.70975200,1545483599999,21935.83598053,34,0.04065900,156.11551617,0
1545483600000,3835.15000000,3835.42000000,3817.95000000,3831.25000000,19.76165100,1545483899999,75780.05613875,107,0.58102900,2225.93859493,0
1545483900000,3827.66000000,3834.09000000,3827.66000000,3833.58000000,0.33027200,1545484199999,1264.45209378,22,0.29318300,1122.34564788,0
1545484200000,3833.58000000,3837.56000000,3827.56000000,3837.55000000,0.79130300,1545484499999,3032.99216191,22,0.47190000,1808.63983134,0
1545484500000,3837.47000000,3842.06000000,3831.41000000,3842.06000000,1.28748300,1545484799999,4935.61906689,13,0.41936600,1609.44779498,0
1545484800000,3847.31000000,3853.08000000,3840.60000000,3843.44000000,1.56837000,1545485099999,6036.64777259,38,0.87685800,3376.58812426,0
1545485100000,3845.00000000,3845.04000000,3838.50000000,3838.50000000,0.14089500,1545485399999,541.42198416,7,0.08668800,333.31767706,0
1545485400000,3840.00000000,3855.00000000,3840.00000000,3850.24000000,2.79874600,1545485699999,10782.54985376,54,2.73059200,10520.48386376,0
1545485700000,3847.47000000,3847.47000000,3840.00000000,3840.00000000,2.50924900,1545485999999,9636.10092703,26,2.42617500,9316.79283862,0
1545486000000,3847.72000000,3847.74000000,3845.22000000,3846.02000000,0.16483600,1545486299999,634.02929336,15,0.16483600,634.02929336,0
1545486300000,3844.56000000,3847.71000000,3835.54000000,3835.54000000,1.65573800,1545486599999,6356.70539960,32,1.03172200,3962.79323260,0
1545486600000,3835.54000000,3835.54000000,3823.67000000,3823.67000000,21.40073400,1545486899999,82060.62110192,78,1.78584800,6828.49342216,0
1545486900000,3823.67000000,3830.23000000,3823.60000000,3823.70000000,3.83651900,1545487199999,14670.26279823,33,3.49258200,13355.06051592,0
1545487200000,3827.09000000,3829.35000000,3815.00000000,3815.00000000,2.85459700,1545487499999,10920.64594838,14,0.14040000,537.54526535,0
1545487500000,3815.36000000,3821.80000000,3810.77000000,3810.77000000,34.98216300,1545487799999,133457.15230041,78,0.04506700,171.98493686,0
1545487800000,3810.77000000,3811.00000000,3802.14000000,3802.33000000,4.45102900,1545488099999,16947.72522719,30,3.68361700,14029.66779480,0
1545488100000,3804.99000000,3808.92000000,3795.00000000,3800.74000000,26.11912900,1545488399999,99215.44377403,83,10.86317200,41291.65155189,0
1545488400000,3810.86000000,3823.59000000,3810.00000000,3823.59000000,0.46157300,1545488699999,1761.20941526,9,0.46157300,1761.20941526,0
1545488700000,3817.77000000,3829.96000000,3817.77000000,3828.83000000,1.31274300,1545488999999,5024.62494079,18,1.23572800,4730.48012360,0
1545489000000,3820.04000000,3827.10000000,3818.83000000,3827.10000000,0.17055200,1545489299999,651.74386660,10,0.11636800,444.76025500,0
1545489300000,3817.87000000,3817.87000000,3814.00000000,3814.00000000,0.26678900,1545489599999,1017.86241783,5,0.10425400,397.69615363,0
1545489600000,3816.89000000,3816.89000000,3812.92000000,3816.89000000,0.08403000,1545489899999,320.50291452,5,0.01879200,71.72699688,0
1545489900000,3812.91000000,3815.97000000,3812.91000000,3812.96000000,0.12964400,1545490199999,494.36152105,6,0.01021400,38.94557344,0
1545490200000,3816.89000000,3833.37000000,3816.89000000,3831.57000000,0.62061200,1545490499999,2377.16538045,19,0.59717700,2287.33035450,0
1545490500000,3832.00000000,3840.95000000,3832.00000000,3833.57000000,0.32169700,1545490799999,1235.06173953,6,0.27462600,1054.64888086,0
1545490800000,3832.00000000,3832.00000000,3824.12000000,3825.79000000,0.44713000,1545491099999,1710.67547667,11,0.40171000,1536.83615727,0
1545491100000,3823.23000000,3828.27000000,3823.23000000,3825.79000000,0.20680500,1545491399999,791.20219381,8,0.07336500,280.63064501,0
1545491400000,3825.79000000,3835.00000000,3820.98000000,3820.98000000,5.40121100,1545491699999,20708.61607706,23,0.50668600,1941.94116013,0
1545491700000,3823.88000000,3823.88000000,3823.88000000,3823.88000000,0.02478100,1545491999999,94.75957028,1,0.02478100,94.75957028,0
1545492000000,3823.61000000,3833.88000000,3823.45000000,3825.79000000,0.56812200,1545492299999,2173.40399611,11,0.50990900,1950.76653278,0
1545492300000,3827.28000000,3840.64000000,3827.28000000,3840.64000000,0.17962600,1545492599999,688.60675426,12,0.09223700,353.98927962,0
1545492600000,3835.52000000,3841.00000000,3834.03000000,3834.89000000,10.41751100,1545492899999,40008.84047482,30,6.41542500,24637.88653396,0
1545492900000,3834.03000000,3834.38000000,3834.02000000,3834.38000000,0.06022100,1545493199999,230.89061340,5,0.06022100,230.89061340,0
1545493200000,3843.76000000,3843.76000000,3840.98000000,3842.22000000,0.35436800,1545493499999,1361.81043831,7,0.35436800,1361.81043831,0
1545493500000,3838.47000000,3839.11000000,3837.18000000,3839.11000000,2.34794500,1545493799999,9009.85727015,17,0.05215200,200.19665304,0
1545493800000,3845.50000000,3849.99000000,3840.00000000,3841.96000000,6.09314700,1545494099999,23400.82523153,33,5.07976100,19508.67925614,0
1545494100000,3844.83000000,3844.83000000,3828.28000000,3835.15000000,1.95659600,1545494399999,7508.63752567,15,1.12948600,4339.78999200,0
1545494400000,3838.99000000,3838.99000000,3832.00000000,3832.00000000,4.26254400,1545494699999,16342.22151347,19,1.18660500,4553.01810054,0
1545494700000,3830.44000000,3830.45000000,3814.53000000,3820.23000000,2.94626200,1545494999999,11254.94275982,28,0.40647500,1554.65347058,0
1545495000000,3820.21000000,3827.84000000,3820.21000000,3827.84000000,0.16226900,1545495299999,619.91276285,8,0.15879100,606.62064679,0
1545495300000,3821.89000000,3821.89000000,3821.13000000,3821.14000000,0.09836200,1545495599999,375.89342464,6,0.02288800,87.47350597,0
1545495600000,3821.14000000,3821.14000000,3810.12000000,3815.00000000,0.40886000,1545495899999,1560.12500867,24,0.22694700,866.65361903,0
1545495900000,3815.00000000,3822.96000000,3815.00000000,3822.88000000,2.77760300,1545496199999,10599.97658842,27,2.77760300,10599.97658842,0
1545496200000,3814.09000000,3828.68000000,3805.59000000,3828.68000000,0.64123700,1545496499999,2445.05836752,17,0.29792200,1138.22891860,0
1545496500000,3828.21000000,3879.50000000,3828.21000000,3859.90000000,3.04680600,1545496799999,11756.24665746,50,1.90841500,7349.71191162,0
1545496800000,3867.17000000,3878.39000000,3850.84000000,3854.98000000,3.43930200,1545497099999,13296.08612192,22,1.47438200,5711.43148584,0
1545497100000,3853.56000000,3856.52000000,3853.56000000,3856.52000000,1.32200500,1545497399999,5097.52088942,16,0.32068400,1236.41315388,0
1545497400000,3857.15000000,3857.31000000,3857.15000000,3857.31000000,0.07894500,1545497699999,304.51426947,6,0.00000000,0.00000000,0
1545497700000,3857.31000000,3859.13000000,3850.00000000,3850.00000000,1.46497100,1545497999999,5644.87346634,14,0.75004700,2891.00867286,0
1545498000000,3856.43000000,3856.44000000,3840.01000000,3840.71000000,19.72831200,1545498299999,75953.56501706,41,0.04027000,155.15266098,0
1545498300000,3846.09000000,3846.66000000,3846.09000000,3846.66000000,3.81930600,1545498599999,14691.54286257,6,3.81930600,14691.54286257,0
1545498600000,3846.66000000,3846.66000000,3843.21000000,3843.45000000,0.19207900,1545498899999,738.29222378,9,0.12454100,478.67158052,0
1545498900000,3843.45000000,3843.45000000,3835.00000000,3841.59000000,3.89832700,1545499199999,14954.72408713,16,0.01688300,64.84633485,0
1545499200000,3837.24000000,3844.42000000,3836.00000000,3836.00000000,0.81900500,1545499499999,3143.00256045,5,0.03642000,140.01377640,0
1545499500000,3842.06000000,3843.44000000,3836.00000000,3843.44000000,0.46130400,1545499799999,1771.00657761,14,0.19834600,762.21470978,0
1545499800000,3836.00000000,3840.92000000,3836.00000000,3836.00000000,0.83340600,1545500099999,3196.97487752,4,0.00771600,29.62803752,0
1545500100000,3838.00000000,3838.00000000,3835.00000000,3835.00000000,14.60375500,1545500399999,56006.27299487,69,0.00000000,0.00000000,0
1545500400000,3835.00000000,3847.95000000,3835.00000000,3847.95000000,2.80984900,1545500699999,10776.31993600,12,0.01326400,50.95607065,0
1545500700000,3843.68000000,3851.56000000,3835.02000000,3851.56000000,0.60629200,1545500999999,2328.48393734,7,0.39823200,1530.09079116,0
1545501000000,3850.38000000,3850.38000000,3837.60000000,3838.00000000,0.15756000,1545501299999,604.87665656,5,0.14892400,571.73514296,0
1545501300000,3838.01000000,3851.58000000,3838.00000000,3849.45000000,0.35984200,1545501599999,1385.02963754,11,0.30314200,1167.27411004,0
1545501600000,3851.58000000,3862.20000000,3851.58000000,3862.20000000,1.97717800,1545501899999,7615.94778353,22,1.93077500,7436.81039412,0
1545501900000,3859.09000000,3859.11000000,3852.15000000,3852.15000000,0.48684000,1545502199999,1875.77066370,8,0.05262700,203.09289011,0
1545502200000,3858.78000000,3858.78000000,3854.99000000,3858.77000000,1.20534300,1545502499999,4650.67935228,19,1.08593300,4190.35499638,0
1545502500000,3854.50000000,3862.24000000,3854.50000000,3859.08000000,0.57160800,1545502799999,2206.96952117,17,0.18153400,701.00081318,0
1545502800000,3859.63000000,3865.31000000,3859.63000000,3864.70000000,2.87518000,1545503099999,11112.02990132,6,2.87518000,11112.02990132,0
1545503100000,3852.21000000,3852.21000000,3852.15000000,3852.15000000,0.09852300,1545503399999,379.52832810,5,0.00000000,0.00000000,0
1545503400000,3856.30000000,3856.30000000,3856.30000000,3856.30000000,0.01763300,1545503699999,67.99813790,4,0.00273400,10.54312420,0
1545503700000,3847.74000000,3856.29000000,3845.80000000,3845.80000000,2.57504700,1545503999999,9906.72070743,13,0.18163600,700.31889916,0
1545504000000,3853.10000000,3859.82000000,3853.10000000,3859.81000000,0.18578900,1545504299999,716.74333798,6,0.12380100,477.54156406,0
1545504300000,3859.81000000,3859.81000000,3859.80000000,3859.81000000,0.24657900,1545504599999,951.74700928,3,0.24657900,951.74700928,0
1545504600000,3859.81000000,3863.79000000,3859.74000000,3863.79000000,4.54937000,1545504899999,17563.68727593,24,4.31951200,16676.49231578,0
1545504900000,3860.36000000,3885.00000000,3860.36000000,3870.00000000,0.56988500,1545505199999,2206.30133806,24,0.25299800,978.10344435,0
1545505200000,3870.00000000,3878.21000000,3869.97000000,3878.21000000,3.15970400,1545505499999,12228.28649753,44,3.15037400,12192.17939753,0
1545505500000,3876.92000000,3876.92000000,3867.96000000,3867.96000000,0.43610000,1545505799999,1687.14522071,20,0.30793200,1191.39652343,0
1545505800000,3868.98000000,3884.99000000,3868.98000000,3884.37000000,1.54266800,1545506099999,5979.20594143,23,1.42732700,5531.17882126,0
1545506100000,3882.22000000,3896.06000000,3872.82000000,3877.08000000,1.53740500,1545506399999,5982.45965602,16,1.28027600,4983.46294973,0
1545506400000,3862.39000000,3872.61000000,3858.40000000,3858.40000000,0.34779500,1545506699999,1344.41582533,11,0.18800000,727.42445684,0
1545506700000,3853.00000000,3853.00000000,3852.96000000,3853.00000000,0.75297200,1545506999999,2901.19976922,24,0.75297200,2901.19976922,0
1545507000000,3861.63000000,3872.65000000,3861.63000000,3872.65000000,0.06223800,1545507299999,240.98559870,3,0.00306000,11.84363820,0
1545507300000,3872.65000000,3883.18000000,3870.43000000,3872.71000000,0.13782100,1545507599999,533.96747466,11,0.06513900,252.50823124,0
1545507600000,3872.67000000,3872.67000000,3866.65000000,3866.65000000,1.40939700,1545507899999,5453.77768821,20,0.68673900,2655.37935435,0
1545507900000,3872.57000000,3873.71000000,3872.57000000,3873.71000000,0.02789000,1545508199999,108.02996518,4,0.02789000,108.02996518,0
1545508200000,3879.34000000,3902.73000000,3879.34000000,3884.59000000,2.77585100,1545508499999,10812.94018964,37,2.07607400,8090.22973615,0
1545508500000,3885.20000000,3892.53000000,3885.20000000,3889.11000000,0.67795600,1545508799999,2636.43891367,8,0.39366200,1531.86713581,0
1545508800000,3896.01000000,3914.48000000,3896.01000000,3900.92000000,4.19154200,1545509099999,16357.71934579,19,3.76321700,14685.39971510,0
1545509100000,3910.65000000,4030.00000000,3896.73000000,3917.83000000,18.90541200,1545509399999,74573.38741557,92,14.43654700,56937.28048583,0
1545509400000,3917.83000000,3936.63000000,3908.97000000,3914.15000000,2.74325300,1545509699999,10743.34036167,24,1.74706500,6843.38625067,0
1545509700000,3901.67000000,3908.98000000,3881.65000000,3881.65000000,4.05571300,1545509999999,15812.15278141,38,0.00898600,35.12609428,0
1545510000000,3897.21000000,3899.13000000,3883.06000000,3893.44000000,2.90707100,1545510299999,11312.18521396,19,0.22438100,874.21886282,0
1545510300000,3895.52000000,3902.15000000,3881.17000000,3887.55000000,0.52730300,1545510599999,2052.61556337,15,0.03336800,130.19002353,0
1545510600000,3893.61000000,3905.61000000,3890.00000000,3905.61000000,0.16781800,1545510899999,653.39741940,12,0.16781800,653.39741940,0
1545510900000,3902.33000000,3902.33000000,3876.84000000,3884.73000000,1.17260600,1545511199999,4549.36465231,30,0.83754400,3249.19226433,0
1545511200000,3884.73000000,3884.76000000,3878.19000000,3878.20000000,0.43673400,1545511499999,1693.97212464,9,0.03383300,131.43308475,0
1545511500000,3884.49000000,3894.75000000,3884.49000000,3889.76000000,0.56735100,1545511799999,2206.84733411,19,0.21735000,846.06469815,0
1545511800000,3889.76000000,3898.82000000,3889.75000000,3889.76000000,1.44771700,1545512099999,5642.58433785,9,1.24865500,4868.28108710,0
1545512100000,3889.78000000,3904.58000000,3888.76000000,3904.58000000,5.14577800,1545512399999,20058.75256476,17,4.93223900,19228.13534971,0
1545512400000,3900.86000000,3904.55000000,3890.12000000,3890.12000000,0.44509100,1545512699999,1737.50673889,3,0.42556900,1661.56381625,0
1545512700000,3897.36000000,3897.37000000,3892.75000000,3895.97000000,0.21121700,1545512999999,823.02937410,7,0.14781400,576.08565396,0
1545513000000,3897.11000000,3897.11000000,3897.10000000,3897.10000000,0.13501900,1545513299999,526.18288681,4,0.02140100,83.40183710,0
1545513300000,3895.84000000,3901.69000000,3895.84000000,3901.59000000,0.17538500,1545513599999,683.70045683,7,0.16684200,650.41316991,0
1545513600000,3901.59000000,3901.59000000,3900.76000000,3900.76000000,0.06031800,1545513899999,235.30015512,4,0.06031800,235.30015512,0
1545513900000,3904.97000000,3914.25000000,3904.97000000,3914.25000000,0.75183200,1545514199999,2941.12152045,13,0.67779400,2651.58259461,0
1545514200000,3912.50000000,3912.54000000,3906.00000000,3906.00000000,0.14805600,1545514499999,579.06654510,7,0.12570500,491.76353910,0
1545514500000,3910.00000000,3910.20000000,3906.00000000,3910.20000000,1.00485800,1545514799999,3927.44550610,11,0.07272600,284.35851990,0
1545514800000,3906.00000000,3906.00000000,3891.57000000,3901.38000000,0.71821300,1545515099999,2799.94074409,14,0.02176700,84.92133846,0
1545515100000,3893.35000000,3893.35000000,3890.18000000,3890.18000000,0.11560400,1545515399999,449.75417677,2,0.00000000,0.00000000,0
1545515400000,3891.38000000,3896.00000000,3888.15000000,3896.00000000,1.72579100,1545515699999,6710.22995695,21,1.41328100,5495.08937155,0
1545515700000,3896.00000000,3896.00000000,3896.00000000,3896.00000000,0.00000000,1545515999999,0.00000000,0,0.00000000,0.00000000,0
1545516000000,3878.20000000,3878.20000000,3850.99000000,3856.37000000,3.05509300,1545516299999,11803.42234763,61,0.15334700,591.90408530,0
1545516300000,3862.03000000,3871.62000000,3852.29000000,3855.00000000,1.99611900,1545516599999,7703.48899670,38,0.05234300,202.25955369,0
1545516600000,3855.00000000,3865.69000000,3855.00000000,3855.00000000,1.74812600,1545516899999,6741.74660266,30,0.03615900,139.77948471,0
1545516900000,3855.01000000,3855.01000000,3855.00000000,3855.00000000,15.71698300,1545517199999,60588.96977543,106,0.00000000,0.00000000,0
1545517200000,3855.00000000,3863.14000000,3850.00000000,3863.14000000,17.08287500,1545517499999,65836.16874851,127,3.38106900,13019.67548939,0
1545517500000,3862.14000000,3862.14000000,3851.99000000,3851.99000000,0.44732100,1545517799999,1727.10435905,10,0.11908100,459.90732625,0
1545517800000,3851.99000000,3861.57000000,3851.99000000,3861.57000000,0.66471600,1545518099999,2566.11055341,8,0.64600400,2494.03211653,0
1545518100000,3847.65000000,3856.87000000,3845.80000000,3856.87000000,0.69845700,1545518399999,2692.05629498,13,0.51198400,1974.65461930,0
1545518400000,3848.89000000,3848.92000000,3847.26000000,3847.26000000,0.28383100,1545518699999,1092.39936138,5,0.00000000,0.00000000,0
1545518700000,3853.86000000,3863.10000000,3853.86000000,3855.64000000,0.28211500,1545518999999,1088.10010414,15,0.24219900,934.02674568,0
1545519000000,3861.52000000,3863.14000000,3861.52000000,3861.54000000,0.69309000,1545519299999,2677.47941842,18,0.68454600,2644.48642066,0
1545519300000,3861.54000000,3871.58000000,3861.54000000,3871.58000000,0.56056300,1545519599999,2165.49332581,15,0.49161100,1899.23241973,0
1545519600000,3871.60000000,3880.36000000,3871.60000000,3880.36000000,0.08341900,1545519899999,323.30855770,9,0.04926400,190.90840720,0
1545519900000,3878.63000000,3917.16000000,3875.73000000,3900.44000000,3.03610700,1545520199999,11819.24791642,60,0.96948400,3784.96269592,0
1545520200000,3913.62000000,4010.19000000,3913.61000000,3965.00000000,15.90265700,1545520499999,63145.25052655,174,10.79078700,42926.56650636,0
1545520500000,3973.51000000,3992.98000000,3956.08000000,3969.10000000,4.28780300,1545520799999,17027.00893456,59,1.15686400,4596.00632726,0
1545520800000,3968.47000000,3974.05000000,3963.87000000,3965.10000000,0.36346300,1545521099999,1442.97060322,9,0.26569100,1054.96535438,0
1545521100000,3971.75000000,3975.64000000,3960.81000000,3960.81000000,1.90526700,1545521399999,7562.54690649,21,0.96121400,3818.78457997,0
1545521400000,3960.81000000,3968.99000000,3953.39000000,3953.39000000,4.46245300,1545521699999,17681.24679001,81,3.97252500,15741.63671993,0
1545521700000,3952.20000000,3992.05000000,3940.20000000,3952.46000000,4.40401300,1545521999999,17434.08836880,39,3.35158400,13279.48647489,0
1545522000000,3959.78000000,3960.06000000,3956.47000000,3956.47000000,0.79116600,1545522299999,3132.36076313,10,0.62462000,2473.42651051,0
1545522300000,3961.21000000,3990.27000000,3960.37000000,3967.90000000,1.67845900,1545522599999,6669.61820970,16,0.93519400,3722.57581446,0
1545522600000,3971.97000000,3974.60000000,3968.70000000,3971.95000000,3.00344900,1545522899999,11929.97461726,20,2.75302900,10934.86632596,0
1545522900000,3968.18000000,3994.99000000,3962.72000000,3981.71000000,2.03119600,1545523199999,8084.27453507,34,0.83020800,3304.27458449,0
1545523200000,3974.14000000,3995.00000000,3971.81000000,3986.74000000,3.36740200,1545523499999,13425.28429257,54,2.71976800,10846.53085725,0
1545523500000,3986.74000000,4005.41000000,3976.00000000,3976.00000000,6.02253700,1545523799999,24049.16775057,64,3.27463200,13097.96218885,0
1545523800000,3976.00000000,3976.00000000,3964.90000000,3970.21000000,2.82593100,1545524099999,11221.82996559,32,1.20185300,4770.06280889,0
1545524100000,3967.08000000,3976.98000000,3959.77000000,3976.98000000,1.17238600,1545524399999,4652.44335860,31,0.37172900,1474.32881824,0
1545524400000,3975.23000000,3988.94000000,3960.96000000,3973.53000000,3.49338700,1545524699999,13867.99108722,33,1.00698800,4010.95116987,0
1545524700000,3968.41000000,3968.41000000,3967.99000000,3967.99000000,1.00070600,1545524999999,3970.87028317,6,0.00000000,0.00000000,0
1545525000000,3973.98000000,3973.98000000,3968.03000000,3968.03000000,0.21372400,1545525299999,849.31274372,4,0.21000000,834.53580000,0
1545525300000,3968.05000000,3980.00000000,3968.03000000,3972.76000000,3.86458900,1545525599999,15356.76750234,50,0.69405500,2760.36228252,0
1545525600000,3984.24000000,3984.25000000,3977.74000000,3983.99000000,2.11727200,1545525899999,8430.36330213,31,1.48664600,5921.81572052,0
1545525900000,3983.99000000,3990.90000000,3974.33000000,3981.59000000,3.59673300,1545526199999,14315.50572266,46,1.61563100,6438.31205581,0
1545526200000,3981.53000000,3997.56000000,3975.35000000,3994.66000000,1.76867500,1545526499999,7046.42745608,31,1.08999800,4348.32779125,0
1545526500000,3998.00000000,4003.53000000,3995.81000000,4003.53000000,0.69568900,1545526799999,2781.99704600,19,0.44940900,1797.45193520,0
1545526800000,3992.62000000,4016.46000000,3992.61000000,4009.03000000,14.10989500,1545527099999,56459.45276112,64,2.80841300,11263.67278993,0
1545527100000,4002.54000000,4011.56000000,3988.00000000,3988.00000000,8.43858400,1545527399999,33783.48694690,58,5.31281900,21279.99880339,0
1545527400000,3988.00000000,3997.27000000,3976.68000000,3976.68000000,1.40798200,1545527699999,5616.83468489,34,0.65515000,2614.78019037,0
1545527700000,3988.50000000,3988.51000000,3976.43000000,3984.03000000,1.90250400,1545527999999,7578.25763673,41,1.51045400,6019.13534036,0
1545528000000,3984.03000000,3989.80000000,3979.17000000,3979.60000000,0.49263000,1545528299999,1963.45403282,9,0.38997700,1554.71454257,0
1545528300000,3979.64000000,3993.71000000,3979.60000000,3993.71000000,1.49043900,1545528599999,5938.27731780,29,0.05655800,225.67301880,0
1545528600000,3985.57000000,3998.91000000,3985.57000000,3991.00000000,0.51723600,1545528899999,2063.86329565,12,0.36486600,1456.52720837,0
1545528900000,3996.01000000,4000.90000000,3991.01000000,3998.73000000,0.70600700,1545529199999,2821.62048938,21,0.54019300,2159.52090830,0
1545529200000,4002.77000000,4002.77000000,3993.53000000,3997.31000000,1.11092500,1545529499999,4441.16421287,17,0.52516600,2099.00219000,0
1545529500000,4001.26000000,4011.00000000,4000.13000000,4007.40000000,0.65368200,1545529799999,2618.28178818,17,0.31290400,1253.49043325,0
1545529800000,4010.05000000,4014.11000000,3997.19000000,4000.29000000,1.86146100,1545530099999,7450.11405088,29,1.46280600,5854.79460242,0
1545530100000,4007.95000000,4015.77000000,3982.28000000,3988.42000000,1.04413500,1545530399999,4174.92043780,22,0.50336700,2013.98095092,0
1545530400000,3988.42000000,3995.31000000,3988.42000000,3995.31000000,0.11343500,1545530699999,452.93673883,4,0.07594800,303.27926308,0
1545530700000,3995.31000000,3995.31000000,3980.12000000,3990.25000000,4.94855300,1545530999999,19704.75059134,15,0.03924200,156.59876914,0
1545531000000,3985.11000000,3985.11000000,3965.82000000,3972.74000000,3.69376700,1545531299999,14682.69543074,28,0.04251100,168.89080374,0
1545531300000,3972.53000000,3982.64000000,3972.53000000,3981.91000000,1.15293400,1545531599999,4588.28358885,30,0.95373500,3795.77662728,0
1545531600000,3981.91000000,3984.58000000,3978.63000000,3978.63000000,0.05713500,1545531899999,227.44083322,7,0.02267000,90.29782115,0
1545531900000,3975.63000000,3980.33000000,3970.01000000,3971.19000000,0.36812600,1545532199999,1463.22486605,12,0.09384600,373.53121654,0
1545532200000,3980.29000000,3992.73000000,3980.29000000,3992.73000000,1.05639900,1545532499999,4209.61563987,28,0.23399000,932.42530203,0
1545532500000,3988.88000000,3991.24000000,3978.88000000,3978.88000000,0.60408500,1545532799999,2405.73696874,17,0.44458400,1769.98614818,0
1545532800000,3978.96000000,3984.32000000,3974.62000000,3984.32000000,0.32655500,1545533099999,1298.29483701,8,0.00348800,13.89730816,0
1545533100000,3976.36000000,3980.58000000,3969.59000000,3972.55000000,1.52395100,1545533399999,6059.05220445,23,0.06580100,261.51925281,0
1545533400000,3972.49000000,3979.98000000,3972.39000000,3973.37000000,0.79770000,1545533699999,3170.68860137,21,0.11060900,439.70053587,0
1545533700000,3968.27000000,3974.59000000,3965.78000000,3971.71000000,0.56153900,1545533999999,2228.66981240,23,0.35019400,1390.24441582,0
1545534000000,3972.04000000,3982.13000000,3970.60000000,3970.89000000,4.48231900,1545534299999,17813.23009604,29,0.19985600,795.10473510,0
1545534300000,3967.63000000,3983.57000000,3962.56000000,3983.57000000,1.07152800,1545534599999,4258.09726651,29,0.65979500,2624.05366430,0
1545534600000,3987.07000000,3987.07000000,3976.10000000,3979.89000000,0.69105800,1545534899999,2750.26120872,20,0.20878300,831.88471553,0
1545534900000,3979.91000000,3993.27000000,3977.86000000,3983.62000000,2.17328900,1545535199999,8653.11284815,32,0.45299800,1806.05295848,0
1545535200000,3983.80000000,3992.49000000,3982.21000000,3982.21000000,0.49911600,1545535499999,1990.91887295,12,0.13024500,519.30300444,0
1545535500000,3996.67000000,3998.35000000,3986.96000000,3986.96000000,0.55173600,1545535799999,2203.08269784,18,0.42590300,1700.94811345,0
1545535800000,3986.97000000,3991.07000000,3986.97000000,3986.97000000,0.21031200,1545536099999,838.99038094,4,0.11774300,469.92055501,0
1545536100000,3987.65000000,3990.96000000,3984.80000000,3990.96000000,0.26174400,1545536399999,1043.63176213,14,0.16925700,675.08750443,0
1545536400000,3990.96000000,3990.96000000,3982.14000000,3982.14000000,0.83154400,1545536699999,3317.38307291,15,0.45642900,1821.51497294,0
1545536700000,3985.81000000,3998.00000000,3985.81000000,3998.00000000,1.44012400,1545536999999,5749.25791255,32,1.38799100,5541.19132390,0
1545537000000,3997.85000000,4017.26000000,3997.85000000,4017.26000000,1.64730100,1545537299999,6590.21759224,23,1.61455900,6458.87425175,0
1545537300000,4019.00000000,4025.07000000,4005.24000000,4011.66000000,2.37532800,1545537599999,9532.79620725,41,1.86411800,7482.70468157,0
1545537600000,4010.12000000,4028.99000000,4005.25000000,4014.57000000,5.05340400,1545537899999,20292.23607511,39,1.26158600,5071.25029524,0
1545537900000,4013.37000000,4029.00000000,4012.13000000,4020.97000000,0.66756200,1545538199999,2683.17869455,26,0.26500500,1066.33238476,0
1545538200000,4020.97000000,4022.62000000,4016.00000000,4016.00000000,4.92342200,1545538499999,19774.89284415,31,0.07258200,291.77787874,0
1545538500000,4016.00000000,4016.00000000,4000.01000000,4005.00000000,3.84479400,1545538799999,15419.99074369,29,1.95172200,7819.38811021,0
1545538800000,4000.01000000,4004.98000000,3995.63000000,3996.91000000,2.26774500,1545539099999,9065.60475320,35,1.48027900,5918.37420343,0
1545539100000,3996.91000000,4000.00000000,3994.00000000,4000.00000000,1.28659800,1545539399999,5144.41637554,14,1.28013900,5118.58567192,0
1545539400000,4010.33000000,4010.33000000,4003.87000000,4010.01000000,1.19822100,1545539699999,4799.20828701,27,0.89746400,3593.79884358,0
1545539700000,4010.01000000,4014.29000000,4010.01000000,4010.01000000,2.39144000,1545539999999,9597.26336103,14,2.07890700,8344.00290570,0
1545540000000,4009.94000000,4010.01000000,3996.91000000,3996.91000000,6.12482000,1545540299999,24508.17893858,24,4.87303700,19498.20782730,0
1545540300000,4003.35000000,4003.36000000,3996.91000000,4003.03000000,3.51996400,1545540599999,14080.42532911,16,1.85831200,7438.91367369,0
1545540600000,4003.26000000,4009.72000000,4002.87000000,4006.46000000,0.39467500,1545540899999,1580.53600679,13,0.21492800,860.98613246,0
1545540900000,4003.76000000,4005.00000000,4000.00000000,4000.00000000,0.66316200,1545541199999,2654.44180034,12,0.38604300,1545.91004138,0
1545541200000,3997.84000000,4001.72000000,3996.91000000,4001.72000000,0.51090400,1545541499999,2042.67015628,10,0.12415800,496.75387512,0
1545541500000,4001.72000000,4005.88000000,4001.72000000,4005.88000000,0.09939300,1545541799999,397.88175436,7,0.09939300,397.88175436,0
1545541800000,4005.12000000,4005.88000000,3998.29000000,3998.29000000,0.05631100,1545542099999,225.51585414,12,0.04725100,189.24415971,0
1545542100000,4004.12000000,4009.93000000,3998.31000000,4006.79000000,0.90696700,1545542399999,3633.62289670,20,0.87673000,3512.63309305,0
1545542400000,4006.78000000,4006.78000000,3985.16000000,3993.67000000,4.85114800,1545542699999,19387.22029958,23,0.11711800,469.13576559,0
1545542700000,3993.68000000,4003.14000000,3988.88000000,3997.06000000,1.06684100,1545542999999,4260.46913562,19,0.23834800,952.40418319,0
1545543000000,3994.74000000,4001.59000000,3978.56000000,4001.59000000,3.37810500,1545543299999,13448.83310266,27,1.31552200,5237.81082802,0
1545543300000,3987.26000000,3997.13000000,3987.26000000,3990.65000000,0.41072600,1545543599999,1640.09760568,14,0.33252000,1328.00747936,0
1545543600000,3990.09000000,3998.79000000,3987.29000000,3991.00000000,0.22048100,1545543899999,880.57428819,72,0.05816400,232.52490076,0
1545543900000,3991.00000000,4002.40000000,3991.00000000,4002.40000000,1.41316200,1545544199999,5654.29504920,38,1.35309700,5414.46497538,0
1545544200000,4002.40000000,4023.43000000,4002.40000000,4019.00000000,7.57640600,1545544499999,30465.34305342,41,5.89852300,23717.87231612,0
1545544500000,4019.66000000,4020.00000000,4007.10000000,4007.10000000,1.62099500,1545544799999,6514.83245587,14,0.19574800,786.79402166,0
1545544800000,4007.10000000,4014.61000000,4001.45000000,4003.75000000,0.80199700,1545545099999,3214.82362676,44,0.45112300,1809.95740259,0
1545545100000,4005.00000000,4006.08000000,4000.06000000,4006.08000000,1.53987400,1545545399999,6165.31313103,7,1.38510700,5546.23418133,0
1545545400000,4005.70000000,4015.81000000,4005.70000000,4015.81000000,0.61627700,1545545699999,2472.70673874,7,0.48946000,1964.71588184,0
1545545700000,4007.54000000,4007.81000000,4007.53000000,4007.72000000,0.12489500,1545545999999,500.53960901,12,0.00000000,0.00000000,0
1545546000000,4007.43000000,4009.51000000,4007.42000000,4009.51000000,0.54551800,1545546299999,2186.39725096,6,0.38958700,1561.29267829,0
1545546300000,4004.99000000,4008.72000000,4001.63000000,4002.72000000,0.59559000,1545546599999,2385.43982658,19,0.40278900,1613.89479986,0
1545546600000,4010.39000000,4010.39000000,4009.82000000,4009.82000000,0.01835100,1545546899999,73.58881213,3,0.01835100,73.58881213,0
1545546900000,4004.97000000,4011.19000000,4004.97000000,4010.12000000,0.60545000,1545547199999,2426.79566032,14,0.52193200,2092.30857586,0
1545547200000,4002.75000000,4009.95000000,3993.17000000,4002.75000000,0.34295100,1545547499999,1371.72674896,12,0.16390200,656.49064233,0
1545547500000,4002.00000000,4002.00000000,3996.45000000,3996.45000000,0.03154000,1545547799999,126.07347975,2,0.00458500,18.34917000,0
1545547800000,4002.35000000,4002.35000000,3996.69000000,3996.69000000,0.27242100,1545548099999,1089.31333306,5,0.08521300,341.05225055,0
1545548100000,3994.82000000,3999.14000000,3986.90000000,3994.83000000,0.68460900,1545548399999,2732.35751694,24,0.08191900,327.60356162,0
1545548400000,3994.83000000,3994.83000000,3987.79000000,3992.91000000,0.23500800,1545548699999,938.13985958,8,0.15000000,598.93585038,0
1545548700000,3984.04000000,3984.04000000,3978.62000000,3978.62000000,0.07415400,1545548999999,295.38297290,3,0.00000000,0.00000000,0
1545549000000,3981.61000000,3987.69000000,3972.65000000,3973.43000000,9.58628700,1545549299999,38107.33811215,41,1.73771700,6911.31067671,0
1545549300000,3980.94000000,3989.29000000,3980.94000000,3988.15000000,2.01068900,1545549599999,8011.34960222,35,1.85638700,7395.94863729,0
1545549600000,3985.84000000,3988.16000000,3975.41000000,3985.10000000,5.67275900,1545549899999,22567.85477053,23,1.13131100,4501.15403163,0
1545549900000,3982.00000000,3984.00000000,3979.30000000,3979.31000000,2.77689800,1545550199999,11059.83048163,10,1.31047600,5217.60523363,0
1545550200000,3979.12000000,3981.77000000,3978.07000000,3981.75000000,0.28018500,1545550499999,1115.00776317,7,0.28018500,1115.00776317,0
1545550500000,3977.79000000,3977.79000000,3967.23000000,3968.75000000,0.15578400,1545550799999,618.80855699,22,0.12815800,509.09880449,0
1545550800000,3968.75000000,3972.38000000,3958.00000000,3972.38000000,9.25191000,1545551099999,36660.17504875,60,6.47003200,25646.91090471,0
1545551100000,3972.26000000,3978.29000000,3969.99000000,3978.29000000,3.76191900,1545551399999,14937.96127525,20,3.75256700,14900.81269973,0
1545551400000,3981.08000000,3981.09000000,3981.08000000,3981.09000000,0.23858600,1545551699999,949.83170970,6,0.23858600,949.83170970,0
1545551700000,3981.10000000,3981.10000000,3978.65000000,3978.65000000,0.10356200,1545551999999,412.28808546,3,0.00000000,0.00000000,0
1545552000000,3978.67000000,3987.58000000,3978.00000000,3987.24000000,5.33944200,1545552299999,21240.52703437,35,5.28388100,21019.46832611,0
1545552300000,3987.58000000,3987.58000000,3975.69000000,3986.99000000,0.79818400,1545552599999,3176.91675692,15,0.67534900,2688.25767068,0
1545552600000,3985.00000000,3994.94000000,3984.99000000,3994.94000000,1.23787900,1545552899999,4937.54055401,21,1.23787900,4937.54055401,0
1545552900000,3984.50000000,3985.43000000,3976.12000000,3976.12000000,0.14787100,1545553199999,588.45423904,10,0.01548800,61.72625754,0
1545553200000,3978.20000000,3980.00000000,3972.33000000,3972.33000000,2.31668900,1545553499999,9217.16904098,31,1.64257400,6536.02966945,0
1545553500000,3973.31000000,3975.18000000,3970.00000000,3970.00000000,9.48765900,1545553799999,37694.88472282,59,1.06165600,4217.02482864,0
1545553800000,3973.09000000,3973.16000000,3973.09000000,3973.16000000,0.11455500,1545554099999,455.14044691,7,0.07626000,302.99096536,0
1545554100000,3971.16000000,3976.20000000,3971.16000000,3976.20000000,0.13794200,1545554399999,548.45748024,5,0.13794200,548.45748024,0
1545554400000,3984.03000000,3984.03000000,3984.03000000,3984.03000000,0.05169700,1545554699999,205.96239891,4,0.00280000,11.15528400,0
1545554700000,3975.05000000,3984.22000000,3975.05000000,3980.58000000,0.56702400,1545554999999,2254.29652783,21,0.54195900,2154.60657193,0
1545555000000,3984.41000000,3987.24000000,3980.57000000,3986.52000000,0.82187600,1545555299999,3275.53455005,13,0.66133800,2636.46938713,0
1545555300000,3987.25000000,3988.90000000,3969.83000000,3969.83000000,0.50073200,1545555599999,1993.92535895,10,0.30512200,1217.04288773,0
1545555600000,3979.96000000,3987.37000000,3979.90000000,3987.36000000,0.27588200,1545555899999,1098.48591821,9,0.06716600,267.81231057,0
1545555900000,3987.36000000,3996.32000000,3987.36000000,3990.00000000,2.59196900,1545556199999,10347.61615649,35,0.91019600,3633.15675324,0
1545556200000,3993.39000000,3993.40000000,3990.00000000,3990.00000000,10.20505100,1545556499999,40718.32997142,41,0.00951200,37.98464988,0
1545556500000,3990.00000000,4001.19000000,3990.00000000,4001.19000000,0.56875700,1545556799999,2271.47006726,29,0.10951900,437.87230129,0
1545556800000,3997.06000000,4002.38000000,3995.03000000,4002.38000000,0.50389300,1545557099999,2014.99107764,14,0.05127200,205.15118385,0
1545557100000,4002.38000000,4007.97000000,3997.00000000,4000.00000000,1.06442000,1545557399999,4260.29767289,30,0.18422600,737.92352746,0
1545557400000,4000.00000000,4000.00000000,3997.00000000,4000.00000000,0.34233500,1545557699999,1368.99510800,9,0.22737100,909.48400000,0
1545557700000,4000.00000000,4006.05000000,3991.18000000,3998.43000000,0.61721200,1545557999999,2470.68852863,13,0.61466000,2460.50298489,0
1545558000000,3994.37000000,3994.37000000,3990.00000000,3992.40000000,0.26354800,1545558299999,1051.86554783,10,0.06053200,241.77573783,0
1545558300000,3997.27000000,3997.27000000,3990.00000000,3990.00000000,0.68706400,1545558599999,2742.89275286,16,0.04444500,177.63698727,0
1545558600000,3988.91000000,3990.00000000,3983.41000000,3989.99000000,0.32181100,1545558899999,1283.86925155,13,0.31234300,1246.15432567,0
1545558900000,3983.94000000,3986.88000000,3983.68000000,3983.79000000,7.32693700,1545559199999,29202.37437503,29,4.30091800,17147.24395584,0
1545559200000,3986.97000000,3986.97000000,3986.97000000,3986.97000000,0.00647900,1545559499999,25.83157863,1,0.00000000,0.00000000,0
1545559500000,3986.97000000,3988.65000000,3976.35000000,3976.35000000,2.75029200,1545559799999,10955.11048845,23,0.94910800,3784.17323153,0
1545559800000,3978.99000000,3978.99000000,3974.92000000,3974.94000000,0.24568900,1545560099999,976.68699772,4,0.00000000,0.00000000,0
1545560100000,3975.08000000,3981.86000000,3975.07000000,3979.39000000,0.63467200,1545560399999,2523.52407876,6,0.04010000,159.67258600,0
1545560400000,3979.39000000,3979.39000000,3974.93000000,3974.93000000,1.32285800,1545560699999,5259.98483086,18,0.33411400,1329.56991046,0
1545560700000,3979.39000000,4010.00000000,3976.80000000,4010.00000000,7.72592600,1545560999999,30908.45788331,32,7.47543400,29910.89665443,0
1545561000000,3995.16000000,4006.29000000,3992.79000000,4003.94000000,1.01793200,1545561299999,4072.64949220,33,0.66344900,2656.17756222,0
1545561300000,4002.39000000,4010.00000000,4002.39000000,4002.57000000,1.51571600,1545561599999,6068.01533962,41,0.23055000,924.07013350,0
1545561600000,4005.27000000,4011.83000000,4000.08000000,4010.15000000,1.31618100,1545561899999,5270.11082753,24,0.54862700,2199.05900906,0
1545561900000,4012.01000000,4041.19000000,4012.01000000,4021.85000000,9.92664000,1545562199999,40054.29932163,62,4.68611400,18906.82523155,0
1545562200000,4038.79000000,4058.99000000,4032.68000000,4032.68000000,20.40128500,1545562499999,82415.38603207,160,19.06807700,77022.83746463,0
1545562500000,4037.89000000,4042.32000000,4022.84000000,4033.86000000,9.97457500,1545562799999,40215.54004477,29,0.62169700,2508.17295670,0
1545562800000,4033.82000000,4034.44000000,4020.01000000,4020.01000000,0.25690800,1545563099999,1034.26300502,7,0.06017400,242.73612466,0
1545563100000,4020.01000000,4020.01000000,4011.46000000,4011.46000000,9.46886300,1545563399999,38062.52134790,21,0.59784300,2403.01792865,0
1545563400000,4020.01000000,4020.01000000,4018.57000000,4020.01000000,2.53193800,1545563699999,10178.36900146,23,2.53193800,10178.36900146,0
1545563700000,4020.01000000,4031.11000000,4014.76000000,4017.18000000,1.05456700,1545563999999,4236.54108162,22,1.04198400,4186.02335654,0
1545564000000,4021.18000000,4027.43000000,4019.75000000,4019.75000000,0.07344900,1545564299999,295.43911509,7,0.04167000,167.59866675,0
1545564300000,4014.74000000,4029.42000000,4014.74000000,4025.41000000,0.37295000,1545564599999,1499.64603565,12,0.05401700,217.37939373,0
1545564600000,4026.95000000,4041.10000000,4025.41000000,4032.71000000,3.09742600,1545564899999,12505.25008650,34,2.65233900,10712.19144146,0
1545564900000,4036.00000000,4044.90000000,4034.41000000,4034.41000000,2.76144700,1545565199999,11148.34566045,39,0.81589800,3296.05480713,0
1545565200000,4038.66000000,4042.84000000,4032.61000000,4032.62000000,1.14358800,1545565499999,4613.42932930,19,0.19236900,777.06841333,0
1545565500000,4027.07000000,4031.06000000,4027.07000000,4029.00000000,1.27952900,1545565799999,5154.41718362,8,0.01158900,46.71595434,0
1545565800000,4029.00000000,4029.01000000,4025.41000000,4025.41000000,3.87794000,1545566099999,15619.59888007,23,0.00000000,0.00000000,0
1545566100000,4019.06000000,4026.37000000,4012.78000000,4013.94000000,0.35509300,1545566399999,1426.61414237,13,0.04690100,188.59754512,0
1545566400000,4016.65000000,4031.44000000,4015.00000000,4031.38000000,2.42658600,1545566699999,9754.98898888,27,1.81484300,7295.87316716,0
1545566700000,4031.38000000,4031.52000000,4026.55000000,4026.55000000,0.62332800,1545566999999,2511.25972593,12,0.02255800,90.83131648,0
1545567000000,4017.55000000,4028.79000000,4017.55000000,4021.04000000,0.44681200,1545567299999,1797.22780852,12,0.23379000,941.03888710,0
1545567300000,4019.00000000,4033.78000000,4015.32000000,4018.13000000,3.14726600,1545567599999,12669.27370601,38,1.02782800,4131.68461291,0
1545567600000,4015.67000000,4017.43000000,4015.00000000,4017.43000000,0.23271600,1545567899999,934.56866974,6,0.03304900,132.75761230,0
1545567900000,4015.00000000,4017.43000000,3997.63000000,4010.88000000,5.48608400,1545568199999,22011.81841324,47,1.93589000,7765.36513964,0
1545568200000,4008.59000000,4019.55000000,4008.50000000,4019.55000000,1.11593200,1545568499999,4479.75179313,15,1.08963500,4374.29849429,0
1545568500000,4013.54000000,4017.07000000,3997.68000000,4001.68000000,3.79074200,1545568799999,15169.43728255,37,1.03369300,4134.69937433,0
1545568800000,4002.03000000,4008.73000000,4001.55000000,4001.55000000,3.02328900,1545569099999,12102.66953922,24,2.01350700,8058.90723298,0
1545569100000,3999.85000000,4000.38000000,3999.85000000,4000.38000000,0.04987400,1545569399999,199.50172862,3,0.02492400,99.70547112,0
1545569400000,4006.17000000,4008.23000000,3997.54000000,4006.02000000,0.37451700,1545569699999,1499.52988891,9,0.04989200,199.97861116,0
1545569700000,4006.16000000,4014.02000000,4006.16000000,4014.02000000,0.64321800,1545569999999,2580.84966211,9,0.48807300,1958.09452921,0
1545570000000,4006.05000000,4008.40000000,4006.05000000,4008.40000000,0.08520700,1545570299999,341.35718640,5,0.00000000,0.00000000,0
1545570300000,4012.50000000,4012.50000000,4012.50000000,4012.50000000,0.00698400,1545570599999,28.02330000,1,0.00698400,28.02330000,0
1545570600000,4009.00000000,4009.00000000,4006.15000000,4006.15000000,2.54887900,1545570899999,10217.51312815,9,0.00000000,0.00000000,0
1545570900000,4006.14000000,4012.48000000,4006.14000000,4012.48000000,1.27743900,1545571199999,5117.89262182,6,0.01104400,44.31382912,0
1545571200000,4011.24000000,4011.24000000,4001.63000000,4001.63000000,0.04712100,1545571499999,188.77647149,3,0.00361400,14.49662136,0
1545571500000,4001.64000000,4010.61000000,4001.63000000,4008.93000000,2.69009800,1545571799999,10764.95577614,24,2.62496900,10504.22241765,0
1545571800000,4008.93000000,4019.74000000,4007.58000000,4019.74000000,0.51000400,1545572099999,2047.75868414,20,0.48980000,1966.74076050,0
1545572100000,4019.74000000,4020.84000000,4017.94000000,4020.74000000,0.42277000,1545572399999,1699.40753169,16,0.40506200,1628.21520053,0
1545572400000,4020.74000000,4020.74000000,4019.00000000,4020.42000000,0.63405700,1545572699999,2548.93793890,4,0.03726200,149.80889004,0
1545572700000,4025.50000000,4026.20000000,4020.45000000,4026.20000000,9.29743600,1545572999999,37428.18315117,33,3.10591200,12502.90437968,0
1545573000000,4020.43000000,4031.94000000,4020.43000000,4021.01000000,0.47998900,1545573299999,1933.10191840,10,0.43529700,1753.41583688,0
1545573300000,4021.04000000,4031.26000000,4020.42000000,4020.42000000,1.03165700,1545573599999,4149.58384709,13,0.16880900,680.48997590,0
1545573600000,4020.42000000,4020.42000000,3990.14000000,3990.37000000,3.79594800,1545573899999,15231.71514332,54,0.66173100,2648.50641121,0
1545573900000,3998.52000000,3998.52000000,3986.14000000,3986.14000000,1.13535600,1545574199999,4531.08853043,21,0.34817500,1390.02473356,0
1545574200000,3982.99000000,3990.49000000,3975.90000000,3980.10000000,0.59938500,1545574499999,2387.31958584,13,0.08032300,319.98588358,0
1545574500000,3980.10000000,3985.00000000,3966.16000000,3979.74000000,1.76835100,1545574799999,7031.00101678,37,0.74723400,2969.68107670,0
1545574800000,3979.65000000,3985.00000000,3973.97000000,3984.06000000,2.87514400,1545575099999,11454.43352311,44,2.61775800,10431.20157807,0
1545575100000,3980.71000000,3986.00000000,3977.91000000,3985.99000000,1.85131900,1545575399999,7378.31260568,23,1.83611400,7317.82464649,0
1545575400000,3983.65000000,3997.18000000,3983.65000000,3985.43000000,0.34782600,1545575699999,1387.54737696,25,0.11806900,471.92823520,0
1545575700000,3990.53000000,3996.34000000,3981.13000000,3983.24000000,0.21330500,1545575999999,850.60362492,10,0.09476500,378.59533565,0
1545576000000,3983.29000000,3990.21000000,3974.54000000,3990.21000000,1.86209200,1545576299999,7408.78901354,21,1.40003500,5571.13981803,0
1545576300000,3981.78000000,3981.78000000,3981.76000000,3981.76000000,1.70319800,1545576599999,6781.75905143,24,1.69261300,6739.61191013,0
1545576600000,3980.75000000,3981.78000000,3976.65000000,3981.78000000,1.30794400,1545576899999,5207.67805400,13,1.29984200,5175.45923570,0
1545576900000,3981.78000000,3981.78000000,3969.43000000,3969.43000000,0.23876700,1545577199999,948.93594027,14,0.02743600,109.01205947,0
1545577200000,3966.10000000,3971.61000000,3924.00000000,3930.93000000,4.05851300,1545577499999,15990.42427780,88,1.61111700,6348.45387368,0
1545577500000,3930.01000000,3933.56000000,3900.00000000,3924.80000000,4.81980900,1545577799999,18877.13291362,106,3.39724300,13307.46758809,0
1545577800000,3927.72000000,3936.35000000,3910.88000000,3932.86000000,13.70887700,1545578099999,53731.04011756,48,3.21299600,12630.73452096,0
1545578100000,3930.27000000,3939.03000000,3921.06000000,3930.44000000,5.87801500,1545578399999,23109.53159005,39,5.57572900,21923.34693629,0
1545578400000,3930.51000000,3936.39000000,3835.00000000,3936.39000000,29.81933400,1545578699999,116493.65640449,97,4.37930800,17148.73944422,0
1545578700000,3934.45000000,3938.17000000,3926.62000000,3938.15000000,0.52517100,1545578999999,2066.42853223,12,0.30854700,1214.28644759,0
1545579000000,3938.17000000,3944.72000000,3938.17000000,3938.96000000,2.47197400,1545579299999,9741.18305506,23,1.15075100,4535.59708026,0
1545579300000,3938.57000000,3938.96000000,3938.57000000,3938.95000000,3.32945000,1545579599999,13113.41194371,7,3.32945000,13113.41194371,0
1545579600000,3936.68000000,3941.28000000,3934.36000000,3935.73000000,2.05746500,1545579899999,8101.60141830,16,2.01675800,7941.35737679,0
1545579900000,3937.70000000,3937.70000000,3937.70000000,3937.70000000,0.06429700,1545580199999,253.18229690,4,0.00599900,23.62226230,0
1545580200000,3937.70000000,3937.71000000,3932.92000000,3937.52000000,1.06964300,1545580499999,4209.71748400,18,0.29346800,1154.25864266,0
1545580500000,3936.59000000,3936.59000000,3918.39000000,3918.39000000,1.61061300,1545580799999,6313.59579342,10,0.00766000,30.15002240,0
1545580800000,3920.33000000,3931.48000000,3915.30000000,3921.85000000,1.30501700,1545581099999,5121.57325904,31,0.93909400,3687.03243418,0
1545581100000,3921.88000000,3950.15000000,3920.00000000,3949.44000000,1.34279000,1545581399999,5297.28668670,59,1.20853700,4768.29802479,0
1545581400000,3957.57000000,3965.82000000,3957.57000000,3961.88000000,2.06626800,1545581699999,8190.01454433,39,1.69773300,6730.27224486,0
1545581700000,3951.06000000,3963.25000000,3945.67000000,3963.25000000,1.12035500,1545581999999,4430.83419222,15,0.91749400,3629.38553843,0
1545582000000,3956.19000000,3973.28000000,3953.59000000,3956.73000000,0.88509300,1545582299999,3509.33436145,44,0.42010700,1668.78524012,0
1545582300000,3953.59000000,3954.65000000,3953.59000000,3953.71000000,0.04210200,1545582599999,166.48007273,5,0.00000000,0.00000000,0
1545582600000,3964.69000000,3975.06000000,3964.47000000,3975.06000000,0.27307300,1545582899999,1083.65235371,8,0.27307300,1083.65235371,0
1545582900000,3967.55000000,3967.55000000,3962.09000000,3962.13000000,0.39420400,1545583199999,1562.33144993,14,0.14902700,590.59514400,0
1545583200000,3964.98000000,3964.99000000,3944.16000000,3957.08000000,1.70311900,1545583499999,6741.14736063,23,1.33135400,5273.69293741,0
1545583500000,3957.08000000,4000.00000000,3941.13000000,3957.19000000,13.12731800,1545583799999,52271.48103828,48,11.74866700,46814.46024572,0
1545583800000,3958.10000000,3958.10000000,3945.69000000,3945.69000000,0.02741300,1545584099999,108.35915097,3,0.00488800,19.34719280,0
1545584100000,3953.14000000,4030.00000000,3953.14000000,3961.54000000,10.19941300,1545584399999,40829.07759607,46,10.10970700,40473.75073998,0
1545584400000,3956.64000000,3956.64000000,3945.67000000,3952.81000000,3.04799600,1545584699999,12056.57139612,21,0.22851900,902.93196143,0
1545584700000,3959.00000000,3961.53000000,3957.14000000,3961.53000000,0.43968500,1545584999999,1741.12181001,9,0.40690400,1611.40280367,0
1545585000000,3957.87000000,3957.87000000,3946.34000000,3947.02000000,0.83291800,1545585299999,3291.09217400,21,0.44056900,1741.91521453,0
1545585300000,3952.00000000,3952.00000000,3940.19000000,3950.31000000,2.47599500,1545585599999,9779.72083713,18,1.82922500,7226.90059282,0
1545585600000,3950.23000000,3950.23000000,3943.64000000,3943.64000000,0.03623700,1545585899999,142.96095301,2,0.00838700,33.13057901,0
1545585900000,3939.57000000,3952.06000000,3933.75000000,3952.06000000,2.32976100,1545586199999,9177.51861183,17,0.47790900,1884.97857950,0
1545586200000,3952.06000000,3954.00000000,3951.59000000,3954.00000000,4.13708200,1545586499999,16351.93334466,27,0.06305800,249.20571504,0
1545586500000,3954.00000000,3954.00000000,3954.00000000,3954.00000000,0.02698300,1545586799999,106.69078200,3,0.00000000,0.00000000,0
1545586800000,3954.00000000,3954.00000000,3943.22000000,3951.40000000,0.38484700,1545587099999,1520.90816939,14,0.09327300,368.71459383,0
1545587100000,3955.95000000,3963.83000000,3955.95000000,3963.83000000,0.76136700,1545587399999,3012.70590782,10,0.74923800,2964.62861375,0
1545587400000,3962.31000000,3962.31000000,3958.13000000,3960.57000000,0.52874300,1545587699999,2093.62019202,7,0.03027600,119.90402216,0
1545587700000,3959.85000000,3968.63000000,3955.83000000,3965.82000000,0.81074500,1545587999999,3211.94250237,11,0.40567400,1609.20378965,0
1545588000000,3960.66000000,3960.66000000,3960.66000000,3960.66000000,0.03276700,1545588299999,129.77894622,3,0.00000000,0.00000000,0
1545588300000,3956.46000000,3960.62000000,3950.45000000,3960.62000000,0.57788800,1545588599999,2286.39060032,10,0.53997600,2136.62113992,0
1545588600000,3953.89000000,3955.00000000,3952.40000000,3955.00000000,0.93842000,1545588899999,3711.32939526,6,0.00000000,0.00000000,0
1545588900000,3959.34000000,3959.34000000,3959.34000000,3959.34000000,0.03279400,1545589199999,129.84259596,1,0.03279400,129.84259596,0
1545589200000,3961.79000000,3968.55000000,3961.79000000,3968.49000000,2.90447600,1545589499999,11526.23237256,6,2.90447600,11526.23237256,0
1545589500000,3964.31000000,3964.32000000,3956.21000000,3961.00000000,0.73194300,1545589799999,2899.82507549,14,0.47831400,1895.72761584,0
1545589800000,3961.00000000,3961.00000000,3961.00000000,3961.00000000,0.08895200,1545590099999,352.33887200,3,0.00000000,0.00000000,0
1545590100000,3961.00000000,3986.94000000,3961.00000000,3986.94000000,0.44992700,1545590399999,1789.10065571,22,0.22270500,885.50490029,0
1545590400000,3990.00000000,3999.19000000,3988.00000000,3988.00000000,1.92247000,1545590699999,7674.26570874,22,0.78980400,3157.09471716,0
1545590700000,3988.00000000,3989.72000000,3976.21000000,3976.21000000,0.62572200,1545590999999,2493.96563013,9,0.33000000,1316.51969564,0
1545591000000,3976.21000000,3983.27000000,3976.21000000,3981.30000000,0.95430100,1545591299999,3798.58909188,13,0.32449400,1292.17900675,0
1545591300000,3982.85000000,3983.27000000,3981.30000000,3983.00000000,0.74730000,1545591599999,2975.89593312,16,0.21940600,873.95184242,0
1545591600000,3983.00000000,3983.00000000,3982.23000000,3982.24000000,3.31610500,1545591899999,13207.94743581,26,0.12937900,515.21777781,0
1545591900000,3978.27000000,3982.24000000,3976.21000000,3977.94000000,0.43412200,1545592199999,1726.68207497,24,0.17143600,681.89992623,0
1545592200000,3977.00000000,3986.14000000,3968.41000000,3976.03000000,3.91200400,1545592499999,15566.76212074,44,2.29816700,9149.67743643,0
1545592500000,3980.04000000,3980.06000000,3972.14000000,3972.25000000,1.68040200,1545592799999,6678.39619048,16,0.00000000,0.00000000,0
1545592800000,3978.02000000,3978.02000000,3978.02000000,3978.02000000,0.42261200,1545593099999,1681.15898824,2,0.00000000,0.00000000,0
1545593100000,3978.00000000,3978.00000000,3973.29000000,3976.00000000,0.21698100,1545593399999,862.42297297,8,0.18343700,729.12004805,0
1545593400000,3970.02000000,3970.02000000,3970.02000000,3970.02000000,0.03414300,1545593699999,135.54839286,1,0.00000000,0.00000000,0
1545593700000,3970.21000000,3970.21000000,3970.21000000,3970.21000000,0.03596600,1545593999999,142.79257286,2,0.00330900,13.13742489,0
1545594000000,3970.50000000,3970.55000000,3959.52000000,3960.58000000,0.27774400,1545594299999,1102.37149430,12,0.03265300,129.32844898,0
1545594300000,3954.35000000,3954.35000000,3952.00000000,3952.00000000,0.53013400,1545594599999,2096.14907689,17,0.41578000,1644.12387281,0
1545594600000,3954.28000000,3954.35000000,3954.28000000,3954.35000000,0.23118000,1545594899999,914.16486557,4,0.23118000,914.16486557,0
1545594900000,3954.35000000,3965.72000000,3952.65000000,3959.78000000,1.70847000,1545595199999,6765.73049076,17,1.44326500,5716.60542346,0
1545595200000,3959.78000000,3959.78000000,3938.16000000,3946.57000000,2.31174300,1545595499999,9111.64704065,59,2.04059000,8040.66272415,0
1545595500000,3947.63000000,3947.63000000,3928.42000000,3928.42000000,5.09537200,1545595799999,20073.05138474,28,0.57944600,2282.74294461,0
1545595800000,3939.40000000,3940.00000000,3928.45000000,3940.00000000,8.19497500,1545596099999,32284.48130039,30,4.91587400,19365.32797989,0
1545596100000,3939.78000000,3956.71000000,3939.76000000,3946.98000000,3.36214500,1545596399999,13268.63590024,31,1.31714100,5190.96422066,0
1545596400000,3947.51000000,3952.06000000,3938.26000000,3939.31000000,1.57065900,1545596699999,6204.20916140,19,1.28228200,5066.61833616,0
1545596700000,3939.31000000,3943.72000000,3938.50000000,3943.72000000,0.47019200,1545596999999,1853.07963884,9,0.40982600,1615.27925138,0
1545597000000,3943.45000000,3946.53000000,3928.59000000,3946.50000000,1.95250800,1545597299999,7686.02723292,29,0.70845600,2795.46839796,0
1545597300000,3944.95000000,3944.95000000,3940.45000000,3943.60000000,0.49909500,1545597599999,1967.22343068,11,0.16775000,661.35310792,0
1545597600000,3943.72000000,3957.18000000,3943.72000000,3957.18000000,0.20820700,1545597899999,822.30385572,15,0.09023300,356.53084117,0
1545597900000,3956.38000000,3964.00000000,3952.79000000,3962.57000000,0.19712500,1545598199999,780.25970671,8,0.10629800,421.06668966,0
1545598200000,3955.23000000,3957.44000000,3953.06000000,3957.44000000,0.07535200,1545598499999,298.04296188,12,0.00000000,0.00000000,0
1545598500000,3957.44000000,3959.92000000,3957.44000000,3959.92000000,0.31849400,1545598799999,1260.45497304,14,0.08887200,351.73968536,0
1545598800000,3958.49000000,3958.49000000,3958.40000000,3958.40000000,0.14445400,1545599099999,571.81226124,6,0.00000000,0.00000000,0
1545599100000,3959.41000000,3959.41000000,3953.70000000,3958.78000000,0.31084200,1545599399999,1230.67561515,10,0.05051000,199.93222728,0
1545599400000,3957.85000000,3971.15000000,3956.10000000,3965.02000000,0.98411300,1545599699999,3897.13090434,13,0.16305200,646.81734568,0
1545599700000,3965.08000000,3971.15000000,3954.85000000,3964.10000000,1.86895800,1545599999999,7400.74241293,32,0.37322000,1478.22735176,0
1545600000000,3965.00000000,3970.69000000,3965.00000000,3970.69000000,0.26079300,1545600299999,1034.40911288,10,0.08424900,334.40646056,0
1545600300000,3966.75000000,3979.98000000,3966.75000000,3966.75000000,1.50979000,1545600599999,5997.10109304,21,0.79913600,3178.06136052,0
1545600600000,3964.10000000,3966.07000000,3957.10000000,3960.38000000,1.25881500,1545600899999,4988.73357989,20,0.26291800,1042.19847028,0
1545600900000,3960.38000000,3960.38000000,3957.11000000,3957.11000000,0.04608000,1545601199999,182.43032304,4,0.02138200,84.68084516,0
1545601200000,3957.11000000,3959.91000000,3957.11000000,3957.11000000,1.70147500,1545601499999,6733.35179757,12,0.15874300,628.59119488,0
1545601500000,3952.92000000,3953.33000000,3940.02000000,3943.50000000,1.87467900,1545601799999,7402.19858829,30,0.06036100,238.37913783,0
1545601800000,3943.50000000,3948.63000000,3943.50000000,3948.63000000,0.13515200,1545602099999,533.16918984,7,0.12501900,493.18751307,0
1545602100000,3951.15000000,3955.35000000,3947.56000000,3952.87000000,0.50255700,1545602399999,1986.15910920,14,0.05835100,230.72548113,0
1545602400000,3947.60000000,3949.92000000,3944.58000000,3944.58000000,1.47662200,1545602699999,5830.45956198,21,0.10555800,416.65448522,0
1545602700000,3944.58000000,3946.38000000,3942.62000000,3946.38000000,0.70655800,1545602999999,2787.21244601,13,0.46823200,1847.11647293,0
1545603000000,3946.39000000,3952.53000000,3939.92000000,3950.00000000,1.83450900,1545603299999,7241.65306333,42,0.84169900,3322.30329616,0
1545603300000,3941.07000000,3948.41000000,3939.92000000,3948.41000000,0.11170300,1545603599999,440.55965354,9,0.06323500,249.55234871,0
1545603600000,3939.92000000,3941.63000000,3936.34000000,3939.54000000,0.07776500,1545603899999,306.32292834,7,0.04888900,192.55379842,0
1545603900000,3937.90000000,3937.90000000,3918.06000000,3922.39000000,1.43896700,1545604199999,5648.06382831,51,0.55730600,2189.93122184,0
1545604200000,3921.09000000,3921.09000000,3909.01000000,3916.72000000,0.97228700,1545604499999,3802.90995571,27,0.25267500,988.87325913,0
1545604500000,3916.71000000,3926.75000000,3916.00000000,3916.00000000,0.91622100,1545604799999,3589.45411897,16,0.07134300,280.07321813,0
1545604800000,3924.85000000,3926.75000000,3924.85000000,3926.75000000,0.02040200,1545605099999,80.07481820,3,0.02040200,80.07481820,0
1545605100000,3926.49000000,3945.32000000,3926.49000000,3945.32000000,2.79764000,1545605399999,11020.00571893,29,2.79444600,11007.43416687,0
1545605400000,3945.32000000,3953.50000000,3941.00000000,3948.01000000,0.76238200,1545605699999,3010.85962815,25,0.25111000,991.33900248,0
1545605700000,3951.00000000,3951.00000000,3951.00000000,3951.00000000,0.88936000,1545605999999,3513.86136000,14,0.88936000,3513.86136000,0
1545606000000,3952.29000000,3960.91000000,3947.46000000,3952.56000000,0.61711800,1545606299999,2441.08344414,12,0.08089100,320.17952331,0
1545606300000,3945.33000000,3945.33000000,3935.99000000,3942.43000000,0.37572100,1545606599999,1480.93489628,12,0.23483900,925.80867590,0
1545606600000,3939.52000000,3942.32000000,3939.52000000,3942.32000000,0.24174800,1545606899999,952.65612611,5,0.19226300,757.57042091,0
1545606900000,3942.46000000,3943.47000000,3939.35000000,3942.00000000,4.86713800,1545607199999,19185.84127014,36,4.12278500,16253.21778447,0
1545607200000,3936.19000000,3942.56000000,3930.00000000,3938.30000000,40.72214500,1545607499999,160081.63027686,61,40.54085400,159368.02904330,0
1545607500000,3938.31000000,3938.31000000,3938.31000000,3938.31000000,0.00505300,1545607799999,19.90028043,1,0.00505300,19.90028043,0
1545607800000,3952.53000000,3952.53000000,3942.02000000,3945.50000000,0.28450500,1545608099999,1123.55880841,11,0.24402000,963.82200211,0
1545608100000,3942.62000000,3951.35000000,3936.10000000,3937.01000000,1.00672900,1545608399999,3965.37818902,36,0.34760700,1369.36177698,0
1545608400000,3938.35000000,3947.54000000,3936.00000000,3947.54000000,1.76831200,1545608699999,6963.34140481,20,0.85549800,3369.13542107,0
1545608700000,3947.44000000,3953.50000000,3945.21000000,3948.66000000,0.96352600,1545608999999,3807.18759300,15,0.36026400,1423.03910568,0
1545609000000,3944.75000000,3948.01000000,3944.75000000,3948.01000000,0.04499600,1545609299999,177.60030614,3,0.04499600,177.60030614,0
1545609300000,3946.08000000,3953.49000000,3946.04000000,3953.49000000,0.10209300,1545609599999,403.44527215,4,0.10209300,403.44527215,0
1545609600000,3948.01000000,3956.63000000,3948.01000000,3956.63000000,0.13966200,1545609899999,551.72955728,5,0.13966200,551.72955728,0
1545609900000,3960.92000000,3980.00000000,3960.92000000,3978.04000000,1.12548100,1545610199999,4473.87929148,43,0.59297000,2357.37434467,0
1545610200000,3980.89000000,4014.99000000,3980.76000000,4010.54000000,4.46967100,1545610499999,17891.90756529,77,3.59181700,14380.10511408,0
1545610500000,4013.51000000,4019.43000000,3991.00000000,4002.52000000,4.59106200,1545610799999,18388.91631074,77,0.76957600,3088.32520752,0
1545610800000,4009.24000000,4009.24000000,3993.23000000,3996.00000000,7.41435700,1545611099999,29640.77465002,45,6.55032200,26183.18788644,0
1545611100000,4005.01000000,4012.05000000,3996.01000000,4001.01000000,3.00862200,1545611399999,12046.49196635,53,2.08536900,8349.68463465,0
1545611400000,4001.01000000,4003.61000000,4000.00000000,4001.65000000,4.06399600,1545611699999,16258.25978820,18,0.14556400,582.50502827,0
1545611700000,3998.51000000,4014.26000000,3998.51000000,4014.26000000,6.06790700,1545611999999,24295.25920713,25,6.04524500,24204.39644821,0
1545612000000,4014.85000000,4075.00000000,4014.85000000,4075.00000000,33.79709900,1545612299999,136580.33930980,130,28.11472400,113645.32526922,0
1545612300000,4074.99000000,4135.00000000,4068.32000000,4114.77000000,14.55296000,1545612599999,59807.52770220,164,5.18283000,21266.01076377,0
1545612600000,4118.06000000,4200.00000000,4118.05000000,4169.64000000,39.98128000,1545612899999,167026.12006006,279,19.65629400,82172.84640836,0
1545612900000,4169.63000000,4192.02000000,4165.84000000,4184.31000000,10.20389800,1545613199999,42608.79015863,81,6.90075200,28804.77107122,0
1545613200000,4180.06000000,4200.00000000,4160.00000000,4162.12000000,9.68410100,1545613499999,40442.86382686,75,7.01088700,29290.41965380,0
1545613500000,4167.28000000,4170.41000000,4142.96000000,4150.29000000,8.39251000,1545613799999,34869.26479333,120,5.02410900,20880.43177019,0
1545613800000,4154.94000000,4179.99000000,4154.94000000,4179.99000000,11.00582600,1545614099999,45833.02353620,97,9.00542900,37482.39511347,0
1545614100000,4179.18000000,4184.95000000,4158.61000000,4161.28000000,6.82419500,1545614399999,28470.46664528,61,3.39802000,14201.75421815,0
1545614400000,4161.28000000,4180.59000000,4161.28000000,4176.58000000,9.40572800,1545614699999,39243.01212023,57,4.04325500,16852.86617720,0
1545614700000,4176.58000000,4192.50000000,4170.59000000,4192.50000000,7.43007400,1545614999999,31003.87100170,69,1.41038500,5897.53330611,0
1545615000000,4187.98000000,4200.00000000,4180.00000000,4182.93000000,9.96958300,1545615299999,41764.95502034,77,3.45821800,14500.12009398,0
1545615300000,4182.93000000,4195.14000000,4179.54000000,4188.00000000,7.06312000,1545615599999,29564.21805993,24,4.87663400,20422.44615175,0
1545615600000,4183.99000000,4190.20000000,4182.65000000,4184.58000000,0.34353600,1545615899999,1438.04220652,12,0.21441900,897.81497158,0
1545615900000,4182.47000000,4184.58000000,4172.86000000,4180.83000000,6.28630800,1545616199999,26273.31275573,70,3.65903900,15300.82551318,0
1545616200000,4180.83000000,4192.82000000,4180.77000000,4180.77000000,5.87457300,1545616499999,24595.30855129,73,3.48296100,14571.37301032,0
1545616500000,4180.77000000,4196.95000000,4180.77000000,4182.54000000,4.82136800,1545616799999,20203.30475372,65,4.38563300,18379.70909808,0
1545616800000,4183.77000000,4193.41000000,4149.61000000,4167.00000000,4.09606500,1545617099999,17079.23575086,126,2.71312900,11320.95865756,0
1545617100000,4167.00000000,4173.00000000,4153.09000000,4169.49000000,4.08683200,1545617399999,17032.19610302,49,3.48869800,14541.39220435,0
1545617400000,4169.50000000,4170.37000000,4154.65000000,4157.90000000,1.13475900,1545617699999,4720.02071815,36,0.85907700,3572.70756356,0
1545617700000,4162.70000000,4164.93000000,4157.52000000,4162.17000000,0.46619500,1545617999999,1940.52324989,14,0.33535800,1396.01078893,0
1545618000000,4159.21000000,4170.39000000,4159.21000000,4164.28000000,0.42998700,1545618299999,1791.04570943,28,0.39771300,1656.59120345,0
1545618300000,4160.01000000,4169.40000000,4154.52000000,4169.40000000,2.41150500,1545618599999,10032.86361610,37,2.34978300,9776.20711016,0
1545618600000,4167.30000000,4171.20000000,4164.11000000,4166.99000000,1.60884200,1545618899999,6704.87054406,22,0.83919300,3497.51305276,0
1545618900000,4164.31000000,4165.22000000,4160.00000000,4164.36000000,0.49438200,1545619199999,2057.85862583,20,0.42516200,1769.83228623,0
1545619200000,4166.70000000,4166.70000000,4161.87000000,4166.67000000,1.81058800,1545619499999,7543.69904380,12,1.81058800,7543.69904380,0
1545619500000,4160.31000000,4163.84000000,4150.00000000,4160.02000000,2.90644600,1545619799999,12075.97748040,24,0.68552800,2850.58303635,0
1545619800000,4160.99000000,4173.30000000,4160.99000000,4173.30000000,2.37445300,1545620099999,9885.15495325,24,2.25954200,9406.71645796,0
1545620100000,4167.69000000,4175.00000000,4160.75000000,4168.15000000,6.30227200,1545620399999,26266.38751186,35,4.34050200,18086.85292829,0
1545620400000,4161.71000000,4166.10000000,4152.85000000,4160.00000000,7.76937500,1545620699999,32319.66293989,46,3.18123600,13234.92672382,0
1545620700000,4162.78000000,4170.00000000,4162.78000000,4167.79000000,0.14186100,1545620999999,591.27323092,11,0.07211600,300.71483967,0
1545621000000,4166.30000000,4177.61000000,4165.00000000,4176.71000000,0.86449200,1545621299999,3606.04996687,34,0.78818800,3288.09561336,0
1545621300000,4176.71000000,4181.50000000,4167.01000000,4167.01000000,9.74573500,1545621599999,40681.85299306,40,1.82919200,7644.22789257,0
1545621600000,4170.51000000,4171.00000000,4161.03000000,4170.54000000,3.72672900,1545621899999,15541.38290757,46,0.34085500,1420.99971086,0
1545621900000,4163.56000000,4173.26000000,4159.01000000,4173.25000000,2.28608800,1545622199999,9529.52423129,30,1.66181200,6931.01416281,0
1545622200000,4170.56000000,4173.21000000,4170.56000000,4173.21000000,1.12648000,1545622499999,4700.67942076,10,0.99601700,4156.57534056,0
1545622500000,4179.50000000,4180.40000000,4179.50000000,4180.40000000,0.43171100,1545622799999,1804.60783023,5,0.43171100,1804.60783023,0
1545622800000,4171.76000000,4173.64000000,4164.01000000,4173.64000000,0.67507100,1545623099999,2813.07876099,10,0.03586100,149.67090404,0
1545623100000,4173.63000000,4173.84000000,4173.63000000,4173.84000000,0.20868100,1545623399999,870.97594704,5,0.20124300,839.93092512,0
1545623400000,4173.84000000,4191.00000000,4172.01000000,4178.79000000,2.46268900,1545623699999,10290.50354837,51,0.93088700,3892.40429847,0
1545623700000,4178.79000000,4178.79000000,4170.38000000,4170.38000000,4.76067300,1545623999999,19873.78117985,15,0.02067000,86.36021428,0
1545624000000,4170.39000000,4178.71000000,4165.00000000,4166.68000000,1.92981800,1545624299999,8047.08198235,17,0.34093800,1421.32618575,0
1545624300000,4170.38000000,4170.38000000,4155.88000000,4166.67000000,2.13048000,1545624599999,8865.62273221,35,0.92735200,3860.31749928,0
1545624600000,4166.65000000,4166.67000000,4157.74000000,4166.66000000,2.38940500,1545624899999,9946.80919399,42,1.47313800,6132.58916203,0
1545624900000,4166.66000000,4166.66000000,4157.21000000,4164.00000000,1.05676400,1545625199999,4399.42727179,9,0.99324900,4135.38147945,0
1545625200000,4162.23000000,4162.23000000,4155.00000000,4158.70000000,4.21458100,1545625499999,17537.02273156,23,0.36316200,1510.60829284,0
1545625500000,4163.99000000,4165.89000000,4158.83000000,4163.71000000,0.20927300,1545625799999,870.89646760,11,0.10500500,437.26318576,0
1545625800000,4162.68000000,4163.71000000,4155.00000000,4162.13000000,1.87398300,1545626099999,7797.23496393,33,0.49042900,2039.30056301,0
1545626100000,4161.72000000,4161.73000000,4152.84000000,4152.89000000,1.30721200,1545626399999,5430.92546433,16,0.34055800,1416.15780115,0
1545626400000,4161.53000000,4170.00000000,4161.53000000,4169.02000000,4.03538500,1545626699999,16815.62849827,57,1.11708400,4656.99162072,0
1545626700000,4169.02000000,4169.99000000,4164.95000000,4166.96000000,1.17290000,1545626999999,4890.73031578,15,0.29274300,1220.51408351,0
1545627000000,4169.97000000,4170.00000000,4164.80000000,4166.00000000,11.55976000,1545627299999,48189.52330465,52,2.52511800,10529.74130916,0
1545627300000,4166.00000000,4171.19000000,4166.00000000,4167.13000000,0.88853800,1545627599999,3703.01302471,33,0.58323100,2430.74121921,0
1545627600000,4171.19000000,4176.26000000,4170.57000000,4176.26000000,0.21673700,1545627899999,904.51495544,22,0.05048300,210.73848685,0
1545627900000,4175.24000000,4197.03000000,4175.24000000,4190.73000000,3.55614100,1545628199999,14890.14273628,37,1.41269500,5914.44670039,0
1545628200000,4180.20000000,4184.96000000,4168.97000000,4180.00000000,4.83728200,1545628499999,20202.73759390,56,3.26098600,13616.94012788,0
1545628500000,4178.01000000,4180.00000000,4168.00000000,4177.97000000,0.46958200,1545628799999,1960.98328039,15,0.29922500,1250.24043684,0
1545628800000,4179.12000000,4179.12000000,4168.35000000,4171.50000000,1.31012700,1545629099999,5468.73206886,21,0.60069500,2509.44244219,0
1545629100000,4173.81000000,4197.71000000,4173.81000000,4185.14000000,1.55715500,1545629399999,6515.47109614,39,1.26505600,5292.49844180,0
1545629400000,4185.14000000,4186.87000000,4178.95000000,4184.68000000,5.22057600,1545629699999,21851.41916507,32,5.04747100,21127.53627354,0
1545629700000,4185.06000000,4199.00000000,4180.00000000,4183.69000000,15.10451000,1545629999999,63321.45639710,91,6.41407900,26900.51707129,0
1545630000000,4183.67000000,4234.00000000,4181.12000000,4215.02000000,16.48184400,1545630299999,69498.40125747,152,12.44478200,52495.40173803,0
1545630300000,4231.59000000,4240.00000000,4209.79000000,4221.97000000,12.05743100,1545630599999,50965.54236822,114,2.78006900,11753.68461407,0
1545630600000,4217.37000000,4225.46000000,4203.61000000,4208.13000000,2.63925500,1545630899999,11120.62764706,55,1.84647300,7782.98896256,0
1545630900000,4212.00000000,4230.07000000,4203.79000000,4212.64000000,1.88771600,1545631199999,7953.90892626,60,0.90389000,3810.90556451,0
1545631200000,4212.64000000,4234.74000000,4205.50000000,4215.00000000,5.56523400,1545631499999,23444.03300484,47,0.69556200,2930.54064623,0
1545631500000,4226.44000000,4237.67000000,4215.01000000,4231.70000000,5.98440100,1545631799999,25309.70320205,94,2.78920200,11811.90587188,0
1545631800000,4231.66000000,4231.67000000,4202.68000000,4219.00000000,7.99020400,1545632099999,33683.48552712,54,2.52837400,10653.46570131,0
1545632100000,4213.01000000,4230.58000000,4180.00000000,4198.25000000,9.05004900,1545632399999,38088.44879834,74,5.28966600,22284.49082467,0
1545632400000,4180.03000000,4193.93000000,4161.03000000,4174.76000000,4.69089400,1545632699999,19609.27573828,49,2.31476600,9681.65079956,0
1545632700000,4173.43000000,4185.00000000,4170.91000000,4177.00000000,26.38858300,1545632999999,110270.21856878,83,18.20235700,76049.69847552,0
1545633000000,4177.00000000,4180.74000000,4161.25000000,4167.24000000,94.46256500,1545633299999,393514.79119482,149,69.90307100,291156.09926490,0
1545633300000,4170.28000000,4184.51000000,4169.00000000,4184.51000000,2.43368000,1545633599999,10161.36623855,37,2.29694100,9590.18541903,0
1545633600000,4177.18000000,4180.00000000,4171.76000000,4173.58000000,5.06220500,1545633899999,21126.06820885,23,0.91417100,3821.22703575,0
1545633900000,4173.63000000,4184.51000000,4173.63000000,4179.99000000,10.62475200,1545634199999,44384.70793385,34,7.01919500,29336.17457171,0
1545634200000,4183.95000000,4184.51000000,4182.01000000,4184.51000000,0.31549800,1545634499999,1319.72622624,10,0.10833400,453.29551354,0
1545634500000,4184.51000000,4184.54000000,4184.51000000,4184.51000000,0.62787900,1545634799999,2627.36774511,6,0.57917300,2423.55638467,0
1545634800000,4184.51000000,4184.51000000,4182.00000000,4182.01000000,1.13352500,1545635099999,4742.54613886,21,1.04283400,4363.09511028,0
1545635100000,4182.01000000,4190.00000000,4177.32000000,4185.63000000,4.16956300,1545635399999,17464.71869090,19,0.38706100,1620.26814949,0
1545635400000,4185.63000000,4212.72000000,4185.63000000,4196.38000000,0.73634900,1545635699999,3091.38728181,54,0.48092300,2019.29333639,0
1545635700000,4196.38000000,4199.96000000,4187.44000000,4197.75000000,1.47727600,1545635999999,6199.23196738,17,0.02628300,110.36604882,0
1545636000000,4196.38000000,4196.38000000,4185.67000000,4185.67000000,0.45623100,1545636299999,1912.72550662,9,0.01077300,45.13930092,0
1545636300000,4185.60000000,4192.56000000,4183.92000000,4183.97000000,1.45372000,1545636599999,6085.95264783,22,0.29901900,1252.96676048,0
1545636600000,4182.38000000,4188.59000000,4176.54000000,4183.83000000,0.39202700,1545636899999,1639.92561979,27,0.12289600,514.40135292,0
1545636900000,4183.83000000,4192.54000000,4177.83000000,4184.00000000,2.84213700,1545637199999,11885.39689686,14,0.48633700,2036.55692472,0
1545637200000,4187.42000000,4193.01000000,4180.50000000,4191.88000000,6.27139100,1545637499999,26276.22282859,30,3.39210500,14220.67526880,0
1545637500000,4192.85000000,4198.75000000,4192.85000000,4195.00000000,0.38848900,1545637799999,1630.46427612,13,0.11948000,501.55176786,0
1545637800000,4193.90000000,4201.61000000,4187.84000000,4199.36000000,1.28071800,1545638099999,5371.03280495,25,0.15273200,641.46117191,0
1545638100000,4201.10000000,4201.10000000,4188.22000000,4190.00000000,0.63833300,1545638399999,2679.10872868,17,0.48231200,2025.25581628,0
1545638400000,4190.00000000,4206.69000000,4177.60000000,4206.69000000,2.19474300,1545638699999,9199.32669166,67,0.91936400,3856.86286411,0
1545638700000,4206.44000000,4216.90000000,4197.30000000,4204.99000000,3.92740900,1545638999999,16546.55472531,46,3.44201300,14506.31656362,0
1545639000000,4197.44000000,4204.93000000,4190.15000000,4202.28000000,1.43058000,1545639299999,6002.46597666,29,0.85546100,3589.74143326,0
1545639300000,4198.47000000,4211.85000000,4198.47000000,4202.67000000,2.17663300,1545639599999,9154.85891268,69,1.31495800,5531.92012200,0
1545639600000,4202.68000000,4213.48000000,4202.67000000,4202.67000000,4.45967600,1545639899999,18761.99445904,63,2.08117200,8763.83946163,0
1545639900000,4202.82000000,4210.18000000,4202.82000000,4205.96000000,1.32578700,1545640199999,5581.34487026,22,0.07427500,312.60893259,0
1545640200000,4212.55000000,4224.98000000,4206.02000000,4210.78000000,2.30422200,1545640499999,9718.54659011,42,1.49500700,6309.15556117,0
1545640500000,4210.77000000,4219.75000000,4204.78000000,4218.99000000,1.36454700,1545640799999,5750.23015589,38,1.03071200,4345.38622159,0
1545640800000,4206.02000000,4206.02000000,4196.59000000,4196.60000000,3.41169700,1545641099999,14338.75399456,23,0.00000000,0.00000000,0
1545641100000,4196.60000000,4206.87000000,4196.60000000,4205.66000000,0.88832700,1545641399999,3733.97698845,19,0.29042700,1221.76789167,0
1545641400000,4204.87000000,4211.33000000,4196.62000000,4200.00000000,1.38462000,1545641699999,5814.71107400,19,1.09228100,4585.07261512,0
1545641700000,4200.00000000,4203.45000000,4191.17000000,4195.30000000,9.24716700,1545641999999,38774.56948338,58,4.70174400,19713.36357919,0
1545642000000,4202.79000000,4202.80000000,4189.74000000,4190.00000000,2.76898400,1545642299999,11604.08629875,31,1.17345200,4917.41308355,0
1545642300000,4191.67000000,4191.70000000,4176.41000000,4181.84000000,1.17330800,1545642599999,4905.22343563,17,0.07215000,301.71975600,0
1545642600000,4181.84000000,4210.17000000,4181.84000000,4208.92000000,5.41938400,1545642899999,22750.93977917,52,5.03001000,21118.47183970,0
1545642900000,4200.01000000,4210.17000000,4194.67000000,4196.29000000,1.60957500,1545643199999,6759.19606452,36,0.69385300,2915.02298552,0
1545643200000,4196.29000000,4209.29000000,4187.43000000,4198.52000000,1.49338400,1545643499999,6275.37394406,29,0.75193600,3160.10770859,0
1545643500000,4208.26000000,4208.26000000,4193.42000000,4193.42000000,0.29823900,1545643799999,1252.14135286,14,0.00031300,1.31718538,0
1545643800000,4201.56000000,4211.33000000,4196.30000000,4211.26000000,1.20792700,1545644099999,5085.75708591,26,1.08338700,4562.19115022,0
1545644100000,4211.33000000,4215.37000000,4211.31000000,4214.66000000,0.44533900,1545644399999,1875.88566465,14,0.28472600,1199.11277356,0
1545644400000,4212.64000000,4227.00000000,4207.05000000,4207.05000000,2.41126700,1545644699999,10180.56760317,9,2.19999300,9290.60626954,0
1545644700000,4200.73000000,4201.49000000,4200.73000000,4201.49000000,0.07265400,1545644999999,305.20904962,5,0.00000000,0.00000000,0
1545645000000,4200.73000000,4205.39000000,4190.19000000,4191.81000000,1.95437800,1545645299999,8193.39688489,18,0.06397300,269.03141447,0
1545645300000,4199.78000000,4205.88000000,4191.81000000,4202.04000000,1.61385700,1545645599999,6775.83785604,22,0.84864600,3567.73222092,0
1545645600000,4202.30000000,4207.10000000,4191.88000000,4196.10000000,0.57802800,1545645899999,2426.85399395,19,0.34636200,1455.17697623,0
1545645900000,4200.36000000,4203.62000000,4190.01000000,4190.02000000,0.60333700,1545646199999,2530.46973097,29,0.03854700,161.84831754,0
1545646200000,4195.57000000,4206.33000000,4163.59000000,4182.49000000,6.65821100,1545646499999,27816.78512986,74,4.01055400,16772.48554146,0
1545646500000,4182.49000000,4191.07000000,4126.99000000,4134.60000000,6.20037200,1545646799999,25741.77581987,91,2.75864900,11428.82802311,0
1545646800000,4131.89000000,4137.92000000,4100.00000000,4137.92000000,6.64246600,1545647099999,27326.19793183,93,1.93897000,7981.97505391,0
1545647100000,4131.82000000,4135.37000000,4125.00000000,4131.82000000,6.23190500,1545647399999,25731.01721327,53,1.99916500,8251.53260360,0
1545647400000,4125.23000000,4134.46000000,4100.81000000,4116.84000000,7.13078100,1545647699999,29353.49526150,77,2.24724300,9245.27842294,0
1545647700000,4116.84000000,4136.69000000,4111.29000000,4121.09000000,2.84550000,1545647999999,11759.93475077,56,2.58109400,10669.96211265,0
1545648000000,4125.53000000,4127.71000000,4107.72000000,4107.72000000,2.60748200,1545648299999,10739.17785653,33,1.06419300,4386.97856310,0
1545648300000,4108.36000000,4126.06000000,4101.68000000,4101.88000000,16.18875800,1545648599999,66470.05268477,60,10.77956100,44262.43872059,0
1545648600000,4111.99000000,4124.81000000,4042.00000000,4124.81000000,26.71662400,1545648899999,109445.04326020,140,13.83048000,56857.34500628,0
1545648900000,4124.80000000,4127.51000000,4119.39000000,4127.49000000,0.32966900,1545649199999,1360.18406822,14,0.32661700,1347.61168994,0
1545649200000,4122.89000000,4127.40000000,4113.34000000,4127.40000000,1.45530100,1545649499999,5997.36272645,27,0.95233300,3927.94441059,0
1545649500000,4127.39000000,4129.34000000,4123.52000000,4123.61000000,0.85323800,1545649799999,3522.59250420,15,0.70632200,2916.54391366,0
1545649800000,4128.31000000,4129.99000000,4123.61000000,4123.61000000,0.09324600,1545650099999,384.63425808,8,0.01417600,58.54485988,0
1545650100000,4123.61000000,4129.99000000,4123.61000000,4129.99000000,1.46034600,1545650399999,6022.32312379,13,0.10508200,433.74294075,0
1545650400000,4134.87000000,4139.14000000,4127.51000000,4137.07000000,3.46249200,1545650699999,14320.37470722,36,3.35970500,13895.80285788,0
1545650700000,4132.01000000,4154.49000000,4132.01000000,4150.00000000,1.23905900,1545650999999,5141.35790284,21,1.07404000,4456.95063952,0
1545651000000,4142.25000000,4149.72000000,4142.25000000,4149.72000000,0.52688100,1545651299999,2183.12305217,20,0.07219300,299.44310110,0
1545651300000,4147.84000000,4148.41000000,4128.44000000,4145.00000000,4.09823200,1545651599999,16976.28397192,47,3.03582100,12576.85235842,0
1545651600000,4141.84000000,4299.00000000,4135.57000000,4152.17000000,29.94551900,1545651899999,125407.91305547,144,18.22122200,76381.72636026,0
1545651900000,4146.46000000,4152.07000000,4136.42000000,4137.15000000,0.66644000,1545652199999,2759.67126961,26,0.34389800,1424.98363965,0
1545652200000,4136.42000000,4163.10000000,4118.25000000,4163.10000000,6.46050400,1545652499999,26780.20202422,47,4.65960700,19324.36057619,0
1545652500000,4126.59000000,4141.53000000,4120.73000000,4131.80000000,9.68764700,1545652799999,40102.55412638,92,8.23775300,34113.39625628,0
1545652800000,4131.90000000,4135.80000000,4123.61000000,4123.61000000,0.42946600,1545653099999,1773.67597132,11,0.23469600,969.70668188,0
1545653100000,4123.61000000,4125.97000000,4112.31000000,4121.91000000,1.15874100,1545653399999,4770.76861512,28,0.36763500,1514.50689794,0
1545653400000,4124.85000000,4129.10000000,4121.91000000,4129.10000000,0.86490000,1545653699999,3566.25810567,23,0.25438000,1048.96172746,0
1545653700000,4132.90000000,4136.90000000,4131.71000000,4132.65000000,0.87456000,1545653999999,3616.66803908,22,0.82358600,3406.01662658,0
1545654000000,4136.88000000,4148.37000000,4130.70000000,4133.07000000,0.18729300,1545654299999,775.48671948,16,0.14260300,590.78995079,0
1545654300000,4133.31000000,4134.23000000,4123.90000000,4134.17000000,1.53389800,1545654599999,6339.66706857,17,0.15913500,657.89600943,0
1545654600000,4129.42000000,4129.42000000,4128.00000000,4128.00000000,1.21118400,1545654899999,4999.86614118,10,1.14175500,4713.16464000,0
1545654900000,4128.00000000,4141.26000000,4128.00000000,4131.61000000,1.44132400,1545655199999,5950.25535836,21,1.36780500,5646.50569777,0
1545655200000,4132.17000000,4133.17000000,4122.99000000,4124.49000000,2.57940800,1545655499999,10656.86055784,17,0.04276200,176.30729838,0
1545655500000,4138.11000000,4138.11000000,4137.37000000,4137.37000000,0.03156100,1545655799999,130.59819071,2,0.03156100,130.59819071,0
1545655800000,4127.83000000,4133.32000000,4123.68000000,4131.80000000,1.00366600,1545656099999,4144.74840682,34,0.03479800,143.74044658,0
1545656100000,4131.80000000,4134.28000000,4119.02000000,4119.02000000,1.20836300,1545656399999,4988.18701669,32,0.12118700,499.71116934,0
1545656400000,4119.02000000,4134.58000000,4119.02000000,4134.58000000,0.47462900,1545656699999,1957.93988623,26,0.32948100,1358.88263654,0
1545656700000,4134.00000000,4135.09000000,4119.04000000,4133.12000000,0.41062400,1545656999999,1696.58078517,17,0.24216000,1000.94649853,0
1545657000000,4134.91000000,4138.45000000,4123.29000000,4127.09000000,0.11404700,1545657299999,471.14953782,14,0.03552400,146.75091863,0
1545657300000,4130.53000000,4138.49000000,4127.10000000,4129.07000000,0.47851000,1545657599999,1977.19999897,32,0.16001100,661.83479399,0
1545657600000,4137.98000000,4144.99000000,4137.98000000,4143.54000000,1.05252000,1545657899999,4355.79555183,13,0.10036300,415.65672193,0
1545657900000,4141.60000000,4159.76000000,4136.07000000,4158.57000000,0.57582800,1545658199999,2387.65509046,34,0.16165200,670.87740736,0
1545658200000,4154.68000000,4158.78000000,4142.02000000,4145.00000000,2.12647100,1545658499999,8817.40692178,35,1.85079200,7673.59021152,0
1545658500000,4152.08000000,4154.15000000,4150.64000000,4153.00000000,3.15496100,1545658799999,13100.32228156,10,3.15496100,13100.32228156,0
1545658800000,4152.99000000,4154.15000000,4145.13000000,4146.45000000,1.31825000,1545659099999,5474.08113153,25,0.97625000,4054.45528716,0
1545659100000,4146.51000000,4154.20000000,4141.16000000,4149.02000000,1.43928400,1545659399999,5976.31870906,18,1.02114700,4241.96935871,0
1545659400000,4157.64000000,4160.17000000,4149.09000000,4149.09000000,0.34526900,1545659699999,1435.45105693,10,0.30811700,1281.30406525,0
1545659700000,4159.83000000,4159.83000000,4141.01000000,4142.97000000,3.53106100,1545659999999,14648.96564730,27,0.17431200,722.65486844,0
1545660000000,4151.22000000,4152.44000000,4139.00000000,4139.00000000,1.18385200,1545660299999,4904.46236298,52,0.32361500,1340.00535215,0
1545660300000,4137.12000000,4149.68000000,4130.91000000,4140.34000000,4.27336800,1545660599999,17709.42757124,34,3.98738000,16525.72670448,0
1545660600000,4140.34000000,4140.34000000,4128.88000000,4136.28000000,1.13171700,1545660899999,4678.32904972,28,0.54824700,2267.60393381,0
1545660900000,4136.28000000,4150.39000000,4136.28000000,4150.39000000,0.41538200,1545661199999,1720.20909650,8,0.41538200,1720.20909650,0
1545661200000,4136.35000000,4150.93000000,4131.99000000,4134.51000000,0.50743200,1545661499999,2101.61009819,23,0.24951600,1035.14018313,0
1545661500000,4144.84000000,4144.85000000,4144.84000000,4144.85000000,0.15807400,1545661799999,655.19214074,4,0.15807400,655.19214074,0
1545661800000,4144.85000000,4154.15000000,4142.51000000,4142.52000000,0.41278200,1545662099999,1712.83021010,7,0.02535900,105.05023924,0
1545662100000,4152.41000000,4155.34000000,4149.02000000,4149.05000000,0.33414800,1545662399999,1386.62780066,11,0.04276000,177.55509648,0
1545662400000,4154.40000000,4159.99000000,4149.07000000,4150.02000000,4.58479000,1545662699999,19044.61923084,38,0.25469200,1057.96109840,0
1545662700000,4158.75000000,4165.13000000,4158.75000000,4165.13000000,0.22397000,1545662999999,931.54609790,3,0.22397000,931.54609790,0
1545663000000,4165.17000000,4217.53000000,4165.17000000,4206.46000000,8.51205900,1545663299999,35674.17362344,117,7.80961100,32725.56526647,0
1545663300000,4204.34000000,4220.00000000,4201.52000000,4206.42000000,2.31603000,1545663599999,9753.07046783,44,1.59197400,6705.72227343,0
1545663600000,4204.53000000,4204.53000000,4181.83000000,4191.33000000,3.21708100,1545663899999,13467.64817426,25,0.51395100,2157.30343411,0
1545663900000,4191.33000000,4211.00000000,4189.65000000,4204.06000000,2.04651500,1545664199999,8601.82936708,25,0.36984400,1552.77492747,0
1545664200000,4202.73000000,4207.21000000,4197.19000000,4197.19000000,0.54553700,1545664499999,2291.95930119,27,0.30182800,1268.77069225,0
1545664500000,4197.18000000,4197.18000000,4184.66000000,4197.18000000,0.72272000,1545664799999,3030.12662496,25,0.35201600,1475.72519681,0
1545664800000,4200.87000000,4203.69000000,4194.41000000,4197.22000000,0.86006500,1545665099999,3614.22115830,12,0.80307300,3375.09730758,0
1545665100000,4203.50000000,4203.50000000,4194.79000000,4203.22000000,1.00188800,1545665399999,4205.10184191,21,0.27844900,1169.71643550,0
1545665400000,4203.07000000,4236.51000000,4203.07000000,4228.41000000,10.84916300,1545665699999,45821.03956475,59,8.89051300,37537.72366585,0
1545665700000,4221.41000000,4230.33000000,4200.03000000,4212.04000000,10.13523800,1545665999999,42748.29920166,76,2.50930800,10583.74426438,0
1545666000000,4204.86000000,4207.07000000,4191.59000000,4199.00000000,4.72744200,1545666299999,19832.95650019,40,1.22052100,5118.33810409,0
1545666300000,4190.62000000,4198.55000000,4184.14000000,4197.22000000,1.37719300,1545666599999,5771.81519670,33,0.82574400,3460.79902153,0
1545666600000,4197.22000000,4197.22000000,4135.58000000,4150.05000000,3.82983100,1545666899999,15981.24674962,70,1.21631400,5056.34927676,0
1545666900000,4140.92000000,4140.92000000,4057.21000000,4057.25000000,15.44406000,1545667199999,63264.39599645,151,6.67704800,27382.04216045,0
1545667200000,4071.91000000,4089.99000000,4000.00000000,4072.68000000,34.55748700,1545667499999,139891.67657707,285,6.02640600,24476.31116122,0
1545667500000,4070.50000000,4089.95000000,4058.87000000,4075.01000000,6.20000100,1545667799999,25296.64449184,78,4.52030300,18453.97590862,0
1545667800000,4089.50000000,4098.09000000,4075.00000000,4082.04000000,7.25123000,1545668099999,29628.27948780,65,3.62651800,14824.10036526,0
1545668100000,4082.07000000,4090.59000000,4068.60000000,4083.84000000,0.95027400,1545668399999,3878.93679335,22,0.35907500,1465.71774188,0
1545668400000,4083.84000000,4088.37000000,4069.00000000,4069.00000000,2.87942200,1545668699999,11727.84259334,41,0.30022500,1227.28412196,0
1545668700000,4065.13000000,4087.45000000,4053.10000000,4074.77000000,3.09357100,1545668999999,12597.95619042,42,1.57328000,6415.09392401,0
1545669000000,4074.77000000,4088.89000000,4071.31000000,4071.90000000,2.94776100,1545669299999,12015.46763365,44,2.23094900,9095.84168793,0
1545669300000,4078.32000000,4080.73000000,4060.11000000,4066.06000000,2.56133600,1545669599999,10415.14983216,44,1.51526700,6163.77442248,0
1545669600000,4062.15000000,4090.12000000,4061.61000000,4079.73000000,2.54871900,1545669899999,10396.01293737,51,1.12406400,4585.80610913,0
1545669900000,4079.73000000,4089.16000000,4069.20000000,4083.02000000,3.03564400,1545670199999,12388.25230525,32,1.18113800,4822.33255846,0
1545670200000,4091.71000000,4091.71000000,4087.09000000,4087.09000000,0.07333700,1545670499999,299.81411075,4,0.07333700,299.81411075,0
1545670500000,4087.09000000,4091.79000000,4087.09000000,4091.79000000,1.43864100,1545670799999,5885.09845499,9,1.11608300,4566.77487877,0
1545670800000,4091.76000000,4091.80000000,4085.18000000,4091.80000000,2.50438300,1545671099999,10246.94848790,31,2.39453500,9797.95276361,0
1545671100000,4091.80000000,4091.80000000,4085.00000000,4091.80000000,3.84630900,1545671399999,15737.76457784,31,3.76179200,15392.48105772,0
1545671400000,4091.80000000,4100.00000000,4091.49000000,4091.49000000,0.55278300,1545671699999,2264.00858977,10,0.54932400,2249.85612586,0
1545671700000,4091.49000000,4091.49000000,4075.01000000,4085.00000000,1.59366700,1545671999999,6509.83891571,28,0.16650300,680.16312049,0
1545672000000,4084.64000000,4094.99000000,4080.40000000,4081.09000000,1.41310500,1545672299999,5784.63903458,6,1.31050000,5365.75215690,0
1545672300000,4074.98000000,4084.01000000,4074.97000000,4083.99000000,1.10911500,1545672599999,4525.33414295,18,0.62086300,2535.60721727,0
1545672600000,4077.33000000,4083.99000000,4073.32000000,4073.32000000,1.38074200,1545672899999,5635.41934649,22,1.17995800,4817.00079738,0
1545672900000,4073.00000000,4075.12000000,4073.00000000,4075.12000000,0.22737000,1545673199999,926.28338184,5,0.13044600,531.30655800,0
1545673200000,4075.12000000,4083.96000000,4075.01000000,4082.18000000,1.38777200,1545673499999,5663.98187598,14,1.37885100,5627.62871177,0
1545673500000,4075.50000000,4082.18000000,4075.50000000,4082.18000000,3.54157900,1545673799999,14456.57151790,9,3.42839100,13995.26226632,0
1545673800000,4082.18000000,4083.99000000,4076.11000000,4083.90000000,1.92592000,1545674099999,7859.93101680,31,0.88305600,3605.26625734,0
1545674100000,4079.00000000,4083.83000000,4076.56000000,4079.00000000,3.33666800,1545674399999,13611.06063104,26,2.43272200,9923.93167592,0
1545674400000,4079.00000000,4083.11000000,4062.48000000,4067.97000000,9.60367700,1545674699999,39100.06815470,63,5.50196600,22389.37155875,0
1545674700000,4068.12000000,4083.91000000,4050.00000000,4083.91000000,5.81876000,1545674999999,23655.39167761,70,0.56955000,2321.99098988,0
1545675000000,4085.21000000,4089.99000000,4082.58000000,4082.58000000,0.95555300,1545675299999,3906.94280231,14,0.22542800,921.15493988,0
1545675300000,4084.87000000,4090.71000000,4081.71000000,4081.71000000,0.73147200,1545675599999,2990.08466772,9,0.51632300,2110.71118421,0
1545675600000,4081.72000000,4081.72000000,4068.94000000,4074.73000000,1.78509100,1545675899999,7275.07974240,39,0.80627500,3290.02142354,0
1545675900000,4081.42000000,4081.71000000,4066.71000000,4075.96000000,1.36850400,1545676199999,5581.90839018,29,0.96349700,3931.16124934,0
1545676200000,4074.50000000,4074.50000000,4060.15000000,4068.83000000,0.84206000,1545676499999,3420.46139958,5,0.01212100,49.31756039,0
1545676500000,4061.25000000,4061.25000000,4049.00000000,4049.00000000,14.08242500,1545676799999,57036.97213519,31,0.00000000,0.00000000,0
1545676800000,4049.00000000,4059.83000000,4037.96000000,4049.57000000,7.00204600,1545677099999,28366.15988605,80,1.72542900,7000.29710538,0
1545677100000,4049.61000000,4066.04000000,4042.31000000,4054.76000000,2.24385000,1545677399999,9094.28435690,77,1.52219800,6168.83220612,0
1545677400000,4055.10000000,4064.05000000,4050.00000000,4057.38000000,4.16381600,1545677699999,16895.94206990,46,1.96115600,7969.01481022,0
1545677700000,4058.00000000,4065.04000000,4050.06000000,4050.78000000,1.72143900,1545677999999,6979.73996449,48,0.93757400,3803.31117808,0
1545678000000,4056.88000000,4064.97000000,4040.88000000,4047.75000000,6.56330700,1545678299999,26563.37442338,63,3.29996200,13366.17144579,0
1545678300000,4045.64000000,4047.76000000,4040.40000000,4040.40000000,1.02526000,1545678599999,4148.53368238,21,0.59921000,2425.31765875,0
1545678600000,4037.45000000,4037.45000000,4017.36000000,4028.00000000,18.37496800,1545678899999,74064.00139666,153,0.59579200,2396.45198749,0
1545678900000,4026.41000000,4026.41000000,4002.00000000,4002.00000000,2.96524400,1545679199999,11907.61394242,53,0.43460700,1745.04806881,0
1545679200000,4000.00000000,4019.67000000,3981.00000000,3992.94000000,17.99496000,1545679499999,72046.73510637,116,5.28718400,21135.87984566,0
1545679500000,3992.97000000,4014.45000000,3992.97000000,4014.14000000,8.76385000,1545679799999,35045.64644012,79,7.22839500,28902.43618639,0
1545679800000,4002.02000000,4028.81000000,3988.10000000,4028.81000000,8.00251000,1545680099999,32065.83814491,84,7.51212500,30107.19907999,0
1545680100000,4030.63000000,4043.03000000,4001.64000000,4022.43000000,6.61642000,1545680399999,26539.81714592,34,0.49074200,1971.24931128,0
1545680400000,4006.89000000,4020.03000000,4001.54000000,4007.99000000,0.95476700,1545680699999,3828.64755217,11,0.16766800,674.00253766,0
1545680700000,4010.34000000,4022.43000000,4010.33000000,4011.04000000,11.52271600,1545680999999,46301.05278273,67,10.95870900,44037.75768508,0
1545681000000,4020.00000000,4020.00000000,4013.92000000,4020.00000000,6.28205400,1545681299999,25236.05363618,27,3.34472700,13445.80179374,0
1545681300000,4020.00000000,4030.00000000,4018.43000000,4030.00000000,6.92543400,1545681599999,27893.27687058,41,6.78484400,27327.39768736,0
1545681600000,4025.30000000,4050.00000000,4024.10000000,4046.24000000,1.76803400,1545681899999,7123.40535165,27,1.43415600,5779.84689185,0
1545681900000,4048.99000000,4049.00000000,4030.39000000,4030.39000000,0.64424300,1545682199999,2603.43710756,14,0.34180000,1381.47039304,0
1545682200000,4027.69000000,4043.78000000,4027.69000000,4042.99000000,1.58730600,1545682499999,6412.26565098,25,1.12024300,4528.95776596,0
1545682500000,4042.99000000,4049.63000000,4042.98000000,4043.32000000,1.25927300,1545682799999,5091.38299558,19,0.68763200,2780.18259551,0
1545682800000,4043.32000000,4048.80000000,4034.04000000,4048.80000000,0.54492100,1545683099999,2202.53647097,9,0.03148700,127.48456560,0
1545683100000,4034.04000000,4040.65000000,4034.04000000,4040.65000000,1.05830600,1545683399999,4270.12218164,10,0.13214000,533.93149100,0
1545683400000,4030.19000000,4030.19000000,4024.00000000,4027.00000000,0.75346600,1545683699999,3033.44525706,9,0.01034000,41.63918000,0
1545683700000,4024.05000000,4024.99000000,4024.00000000,4024.98000000,0.27595300,1545683999999,1110.62881148,9,0.19423400,781.78891643,0
1545684000000,4024.98000000,4024.99000000,4010.62000000,4010.62000000,1.50637700,1545684299999,6044.20871338,10,0.04153800,167.18961924,0
1545684300000,4013.01000000,4042.81000000,4013.01000000,4033.49000000,1.56355100,1545684599999,6305.71305249,25,0.86083300,3474.71622851,0
1545684600000,4034.17000000,4034.17000000,4027.09000000,4034.17000000,4.26687600,1545684899999,17184.89766947,7,0.25167300,1015.29166641,0
1545684900000,4034.09000000,4034.09000000,4027.40000000,4027.40000000,0.11665900,1545685199999,470.14857248,6,0.04725200,190.61882068,0
1545685200000,4022.97000000,4027.41000000,4022.97000000,4027.41000000,0.30770000,1545685499999,1239.10515708,10,0.27579200,1110.64673280,0
1545685500000,4027.47000000,4041.93000000,4027.40000000,4041.93000000,0.70981300,1545685799999,2861.71174560,15,0.22407300,905.43643311,0
1545685800000,4041.93000000,4041.93000000,4041.93000000,4041.93000000,0.15548500,1545686099999,628.45948605,4,0.15548500,628.45948605,0
1545686100000,4048.56000000,4048.58000000,4031.11000000,4043.68000000,1.67997300,1545686399999,6793.61603501,22,1.24730900,5044.88413157,0
1545686400000,4038.94000000,4050.00000000,4037.31000000,4037.31000000,6.85411900,1545686699999,27714.69020548,34,2.17491900,8799.86364289,0
1545686700000,4040.07000000,4050.21000000,4040.00000000,4043.99000000,0.38268300,1545686999999,1546.62255196,13,0.20326100,821.75075188,0
1545687000000,4043.99000000,4044.00000000,4040.00000000,4041.23000000,0.93171500,1545687299999,3764.29173708,11,0.01244800,50.33971115,0
1545687300000,4045.62000000,4046.11000000,4039.77000000,4046.11000000,0.28077800,1545687599999,1135.51872541,7,0.27179700,1099.23753684,0
1545687600000,4044.26000000,4057.60000000,4043.08000000,4043.08000000,0.65853700,1545687899999,2669.49792461,15,0.48947700,1985.40102750,0
1545687900000,4043.21000000,4050.58000000,4043.21000000,4050.45000000,5.29816000,1545688199999,21429.54337929,34,1.04001600,4211.25506138,0
1545688200000,4049.05000000,4065.04000000,4049.05000000,4065.03000000,0.66810600,1545688499999,2714.25350094,12,0.31167300,1266.10542957,0
1545688500000,4065.04000000,4069.99000000,4060.08000000,4062.38000000,1.09186800,1545688799999,4438.79064272,31,1.01209700,4114.84332298,0
1545688800000,4069.99000000,4070.00000000,4061.31000000,4061.31000000,0.63598100,1545689099999,2586.11726479,18,0.55134800,2242.24153027,0
1545689100000,4059.83000000,4069.01000000,4059.83000000,4066.73000000,0.23645300,1545689399999,962.04994555,9,0.23334800,949.44417340,0
1545689400000,4060.46000000,4063.31000000,4053.61000000,4063.31000000,0.34050700,1545689699999,1381.41897737,16,0.12712500,515.64384606,0
1545689700000,4056.04000000,4069.15000000,4056.04000000,4069.01000000,0.60310300,1545689999999,2449.94138767,16,0.19448900,790.18480297,0
1545690000000,4069.01000000,4071.00000000,4069.01000000,4071.00000000,17.25026200,1545690299999,70225.71902810,59,17.25026200,70225.71902810,0
1545690300000,4069.01000000,4077.05000000,4063.55000000,4077.00000000,1.23058200,1545690599999,5007.01308970,22,0.10474900,427.02904057,0
1545690600000,4069.49000000,4076.91000000,4069.35000000,4075.00000000,3.21500800,1545690899999,13085.97898479,9,0.48460800,1974.88454212,0
1545690900000,4072.72000000,4072.72000000,4049.63000000,4052.50000000,0.98256300,1545691199999,3991.12921000,32,0.69007700,2804.23576841,0
1545691200000,4055.00000000,4068.62000000,4051.55000000,4054.80000000,2.23612800,1545691499999,9079.71927011,26,2.00979500,8162.01813129,0
1545691500000,4054.80000000,4054.80000000,4054.80000000,4054.80000000,0.06039400,1545691799999,244.88559120,1,0.00000000,0.00000000,0
1545691800000,4058.33000000,4060.39000000,4055.39000000,4060.39000000,0.11583500,1545692099999,470.13078478,8,0.08659500,351.46027618,0
1545692100000,4060.57000000,4060.57000000,4060.57000000,4060.57000000,0.00558800,1545692399999,22.69046516,1,0.00558800,22.69046516,0
1545692400000,4055.05000000,4060.06000000,4051.30000000,4059.85000000,3.99002200,1545692699999,16171.46380505,71,0.63738600,2586.77579205,0
1545692700000,4051.99000000,4060.00000000,4051.99000000,4060.00000000,2.67099400,1545692999999,10837.38062344,31,1.80705000,7336.61255355,0
1545693000000,4060.00000000,4060.00000000,4060.00000000,4060.00000000,0.26259300,1545693299999,1066.12758000,3,0.26259300,1066.12758000,0
1545693300000,4064.06000000,4071.84000000,4062.38000000,4062.38000000,3.17178900,1545693599999,12894.71402352,28,2.57486400,10467.73619168,0
1545693600000,4062.69000000,4062.69000000,4049.00000000,4052.80000000,0.19567100,1545693899999,794.10902357,14,0.07262900,294.49709369,0
1545693900000,4040.34000000,4049.06000000,4039.64000000,4047.00000000,2.01080300,1545694199999,8131.17241190,23,1.17479000,4752.67606831,0
1545694200000,4047.00000000,4047.00000000,4040.55000000,4046.96000000,0.25381000,1545694499999,1026.87872617,13,0.24887500,1006.92439912,0
1545694500000,4044.80000000,4047.92000000,4034.71000000,4036.69000000,3.43358900,1545694799999,13888.60364033,34,1.21921200,4931.92276524,0
1545694800000,4036.83000000,4042.51000000,4035.88000000,4042.51000000,1.76601700,1545695099999,7138.56933042,11,1.63727600,6618.62708624,0
1545695100000,4038.50000000,4041.98000000,4026.98000000,4028.10000000,2.34307200,1545695399999,9456.21597374,49,2.16109900,8722.37878660,0
1545695400000,4035.39000000,4035.39000000,4014.02000000,4020.84000000,2.58902800,1545695699999,10423.00351387,45,1.09993800,4431.59549999,0
1545695700000,4025.54000000,4036.75000000,4025.54000000,4032.50000000,0.95960300,1545695999999,3868.23604661,31,0.68155300,2747.82107217,0
1545696000000,4033.50000000,4039.04000000,4032.50000000,4032.50000000,0.50179300,1545696299999,2024.82840728,22,0.21590500,871.34084816,0
1545696300000,4032.50000000,4038.34000000,4023.44000000,4031.16000000,1.29077500,1545696599999,5207.14080349,29,0.80064600,3230.69561099,0
1545696600000,4024.12000000,4029.08000000,4017.17000000,4025.76000000,3.38964700,1545696899999,13631.85738222,71,2.43962600,9813.57675247,0
1545696900000,4023.34000000,4023.34000000,3975.51000000,3975.54000000,5.60443800,1545697199999,22407.72847814,102,2.87927200,11537.00573180,0
1545697200000,3975.55000000,3975.55000000,3818.90000000,3835.83000000,28.42064500,1545697499999,110767.40669118,348,8.15135100,31485.46638298,0
1545697500000,3842.39000000,3878.22000000,3812.03000000,3860.94000000,11.36636500,1545697799999,43760.74942568,235,7.74183400,29807.44568217,0
1545697800000,3860.94000000,3867.20000000,3813.09000000,3862.75000000,5.46442400,1545698099999,21009.22703279,142,2.59994500,10007.89558480,0
1545698100000,3862.74000000,3862.74000000,3812.01000000,3827.34000000,3.22382800,1545698399999,12375.07974776,112,1.35765100,5221.29071936,0
1545698400000,3831.17000000,3863.83000000,3820.63000000,3859.94000000,9.27159500,1545698699999,35730.78408964,119,5.96067900,22994.12734557,0
1545698700000,3848.24000000,3859.92000000,3800.01000000,3822.60000000,8.55371100,1545698999999,32792.50625380,135,1.57436000,6035.24721482,0
1545699000000,3822.60000000,3831.42000000,3788.00000000,3798.31000000,19.18499600,1545699299999,73084.32867874,236,7.75171500,29596.50342206,0
1545699300000,3793.84000000,3822.83000000,3791.09000000,3816.56000000,8.34317800,1545699599999,31739.76228193,128,3.91699400,14939.94320180,0
1545699600000,3816.56000000,3833.62000000,3812.38000000,3820.92000000,6.63931000,1545699899999,25355.28888600,67,1.68212900,6423.53799126,0
1545699900000,3820.51000000,3835.39000000,3813.58000000,3814.96000000,1.59046400,1545700199999,6082.25735367,49,1.20670800,4615.25418710,0
1545700200000,3811.34000000,3832.95000000,3811.26000000,3814.41000000,2.00871000,1545700499999,7676.78727983,39,0.92530600,3542.26212628,0
1545700500000,3823.21000000,3823.21000000,3805.84000000,3813.98000000,3.09313500,1545700799999,11796.14935672,50,1.50996400,5760.29849782,0
1545700800000,3817.92000000,3830.45000000,3814.02000000,3827.56000000,1.84351300,1545701099999,7051.91168410,40,1.42795500,5463.26721411,0
1545701100000,3827.34000000,3844.28000000,3760.00000000,3835.93000000,25.02140600,1545701399999,95320.55855823,142,10.20134400,38914.80672544,0
1545701400000,3837.55000000,3842.11000000,3821.29000000,3833.29000000,6.75482500,1545701699999,25878.57955426,73,2.70824300,10369.28864170,0
1545701700000,3838.69000000,3838.69000000,3823.70000000,3830.00000000,3.85493600,1545701999999,14766.57713597,41,3.05874700,11716.48727369,0
1545702000000,3829.96000000,3830.00000000,3811.18000000,3825.56000000,4.07424400,1545702299999,15583.30598953,28,0.55077500,2109.01280856,0
1545702300000,3825.56000000,3831.00000000,3825.56000000,3831.00000000,3.16021500,1545702599999,12104.82940012,22,3.14965100,12064.38766148,0
1545702600000,3825.79000000,3825.79000000,3823.39000000,3824.30000000,0.57231200,1545702899999,2188.49215541,15,0.48783800,1865.41248334,0
1545702900000,3825.00000000,3827.05000000,3818.98000000,3820.00000000,1.66810800,1545703199999,6377.29067152,76,1.49244600,5706.02473217,0
1545703200000,3820.00000000,3821.32000000,3794.27000000,3821.32000000,5.00625300,1545703499999,19058.11113486,130,3.07580300,11713.23136322,0
1545703500000,3823.21000000,3853.42000000,3820.79000000,3842.31000000,1.73841200,1545703799999,6673.09384828,70,1.34475100,5161.10018168,0
1545703800000,3842.31000000,3843.16000000,3828.03000000,3837.04000000,1.40678000,1545704099999,5394.02508250,47,0.98622300,3781.90313325,0
1545704100000,3837.04000000,3837.04000000,3830.66000000,3830.91000000,0.15292000,1545704399999,585.99469526,10,0.02808600,107.75615190,0
1545704400000,3831.26000000,3831.26000000,3815.00000000,3815.64000000,2.87412200,1545704699999,10999.33015592,40,0.76446400,2924.37900923,0
1545704700000,3815.77000000,3822.47000000,3807.25000000,3807.25000000,0.73798300,1545704999999,2817.32397048,22,0.57649300,2201.42212701,0
1545705000000,3812.00000000,3820.94000000,3807.26000000,3812.71000000,0.90781900,1545705299999,3460.54542082,20,0.60272800,2298.38017016,0
1545705300000,3820.94000000,3827.38000000,3820.94000000,3825.00000000,0.53303900,1545705599999,2038.86672137,14,0.07656900,292.96265993,0
1545705600000,3825.00000000,3834.92000000,3825.00000000,3834.92000000,2.46816800,1545705899999,9450.57254440,17,2.29265500,8778.89559818,0
1545705900000,3832.52000000,3834.21000000,3829.14000000,3829.14000000,1.74759900,1545706199999,6699.11235779,14,1.16514000,4467.33805777,0
1545706200000,3825.14000000,3830.95000000,3825.14000000,3828.00000000,1.51768400,1545706499999,5811.13287387,27,1.37832700,5277.78152132,0
1545706500000,3830.91000000,3830.91000000,3817.07000000,3820.38000000,1.40884100,1545706799999,5385.85784777,18,0.18743500,716.45400126,0
1545706800000,3823.68000000,3830.95000000,3823.68000000,3830.95000000,0.16852100,1545707099999,645.08663731,10,0.14041000,537.53302395,0
1545707100000,3830.95000000,3834.21000000,3827.30000000,3830.32000000,2.02170800,1545707399999,7748.60110555,30,2.01166500,7710.13852458,0
1545707400000,3832.21000000,3832.21000000,3815.58000000,3815.58000000,8.79076200,1545707699999,33606.53732661,29,0.48704600,1864.66646090,0
1545707700000,3828.12000000,3828.12000000,3824.00000000,3824.00000000,1.11860400,1545707999999,4278.06070966,13,0.00000000,0.00000000,0
1545708000000,3824.00000000,3829.40000000,3812.59000000,3812.59000000,0.82817000,1545708299999,3163.87885635,29,0.56949600,2176.50741115,0
1545708300000,3818.10000000,3824.07000000,3802.00000000,3802.00000000,5.08743800,1545708599999,19392.52466742,45,0.17811200,679.15874313,0
1545708600000,3804.47000000,3834.18000000,3800.00000000,3811.31000000,15.06703600,1545708899999,57425.96198072,90,14.00523000,53385.80294591,0
1545708900000,3811.31000000,3811.31000000,3798.68000000,3798.68000000,2.79400600,1545709199999,10644.63739596,24,2.25923900,8610.51779416,0
1545709200000,3803.36000000,3811.26000000,3791.18000000,3802.03000000,1.58077400,1545709499999,6005.00538073,41,0.54330300,2063.31884516,0
1545709500000,3805.53000000,3811.31000000,3797.34000000,3797.34000000,0.49116500,1545709799999,1870.18982508,12,0.33392800,1271.84852447,0
1545709800000,3796.79000000,3796.79000000,3660.00000000,3744.27000000,55.26787300,1545710099999,205717.42053985,263,21.95385400,81289.87911117,0
1545710100000,3743.22000000,3743.22000000,3730.50000000,3730.51000000,5.95997600,1545710399999,22265.91858514,88,5.48553600,20493.74677009,0
1545710400000,3733.51000000,3750.75000000,3700.19000000,3745.04000000,11.02305200,1545710699999,41169.42867133,92,6.01309700,22488.48219027,0
1545710700000,3744.04000000,3752.09000000,3700.32000000,3752.09000000,2.94487900,1545710999999,11006.10308685,37,1.60436800,6006.96910771,0
1545711000000,3752.08000000,3752.08000000,3739.00000000,3741.00000000,2.07733800,1545711299999,7770.22713087,18,0.02739200,102.67962086,0
1545711300000,3742.00000000,3754.27000000,3742.00000000,3753.00000000,1.84750700,1545711599999,6923.63920145,35,0.88101500,3306.19733130,0
1545711600000,3754.93000000,3765.13000000,3750.87000000,3765.13000000,1.59457000,1545711899999,5992.39035959,33,1.23038700,4624.21714882,0
1545711900000,3765.10000000,3765.11000000,3724.99000000,3756.31000000,8.34279400,1545712199999,31186.44248379,45,4.10731600,15321.53982791,0
1545712200000,3756.31000000,3756.31000000,3752.46000000,3752.46000000,0.04275400,1545712499999,160.54618824,3,0.01024900,38.49842119,0
1545712500000,3758.34000000,3762.89000000,3752.46000000,3756.02000000,0.31995900,1545712799999,1202.10725315,9,0.29336700,1102.22722983,0
1545712800000,3756.02000000,3768.89000000,3753.99000000,3756.24000000,1.23544900,1545713099999,4647.59290837,30,0.62725200,2358.23643595,0
1545713100000,3762.04000000,3767.98000000,3756.00000000,3757.59000000,0.35793300,1545713399999,1347.05451042,20,0.17751400,668.50899381,0
1545713400000,3757.59000000,3772.59000000,3756.00000000,3770.66000000,0.18322300,1545713699999,689.91489512,21,0.09478400,357.04125961,0
1545713700000,3770.66000000,3780.63000000,3758.78000000,3771.39000000,0.94287600,1545713999999,3551.20623928,41,0.75955600,2861.61030437,0
1545714000000,3767.34000000,3782.47000000,3759.71000000,3781.35000000,0.86146400,1545714299999,3250.03200960,55,0.48112400,1816.32418614,0
1545714300000,3776.87000000,3782.89000000,3770.00000000,3776.13000000,3.80628600,1545714599999,14382.58751740,39,2.39693900,9064.08396326,0
1545714600000,3776.13000000,3779.78000000,3770.00000000,3777.86000000,1.09100400,1545714899999,4118.50764865,28,0.94210900,3556.56713603,0
1545714900000,3776.17000000,3791.41000000,3772.55000000,3787.78000000,2.10551300,1545715199999,7970.41669358,39,1.46401700,5544.96947873,0
1545715200000,3787.78000000,3801.97000000,3787.78000000,3799.00000000,1.57145000,1545715499999,5961.77376656,27,1.54536000,5862.89814546,0
1545715500000,3800.97000000,3804.30000000,3785.99000000,3799.87000000,5.38930500,1545715799999,20440.02992538,61,2.35064700,8914.13466340,0
1545715800000,3794.25000000,3794.45000000,3781.73000000,3781.73000000,4.46352000,1545716099999,16917.78713326,41,1.33983100,5071.80507773,0
1545716100000,3781.72000000,3795.95000000,3781.72000000,3789.13000000,6.83132400,1545716399999,25880.38348644,38,6.20588400,23509.26915525,0
1545716400000,3794.29000000,3794.30000000,3787.12000000,3794.04000000,1.90682100,1545716699999,7233.08564443,28,1.21441400,4607.51723365,0
1545716700000,3791.51000000,3791.51000000,3778.24000000,3782.24000000,1.78352500,1545716999999,6742.90353659,34,0.31184600,1178.78286018,0
1545717000000,3789.84000000,3789.90000000,3775.00000000,3789.90000000,0.94931900,1545717299999,3590.50482454,18,0.80207300,3033.64878502,0
1545717300000,3789.90000000,3790.00000000,3784.33000000,3784.33000000,0.53239200,1545717599999,2017.69305158,16,0.52825600,2002.04106270,0
1545717600000,3790.00000000,3799.00000000,3786.43000000,3793.79000000,5.68831300,1545717899999,21572.87133098,29,3.01121400,11415.95181216,0
1545717900000,3787.16000000,3791.96000000,3784.35000000,3784.35000000,1.10660200,1545718199999,4190.62533661,6,0.00276300,10.47718548,0
1545718200000,3784.35000000,3795.12000000,3777.26000000,3784.53000000,1.57016900,1545718499999,5936.74622028,17,1.47804000,5588.71527261,0
1545718500000,3784.51000000,3784.51000000,3777.48000000,3777.48000000,0.16131100,1545718799999,609.73234284,6,0.05095200,192.82835352,0
1545718800000,3770.00000000,3780.00000000,3758.91000000,3769.82000000,1.27026200,1545719099999,4788.14326201,23,0.79679000,3004.22614232,0
1545719100000,3769.82000000,3788.35000000,3768.00000000,3788.35000000,0.93633500,1545719399999,3529.42957465,17,0.90097700,3396.13463389,0
1545719400000,3781.60000000,3781.60000000,3774.32000000,3774.32000000,0.13718600,1545719699999,518.27830050,4,0.03676900,138.90729522,0
1545719700000,3771.67000000,3775.07000000,3763.86000000,3763.86000000,2.59740600,1545719999999,9778.23937551,12,0.08193100,309.22007025,0
1545720000000,3774.23000000,3774.23000000,3760.20000000,3767.49000000,0.26845600,1545720299999,1010.06295047,19,0.14716800,553.88698210,0
1545720300000,3766.94000000,3767.98000000,3759.69000000,3767.78000000,0.26252100,1545720599999,988.63971746,9,0.23597200,888.82370765,0
1545720600000,3771.35000000,3780.58000000,3769.68000000,3770.55000000,0.13359600,1545720899999,504.23328682,8,0.04944500,186.85167972,0
1545720900000,3779.66000000,3781.61000000,3779.66000000,3781.61000000,0.70877400,1545721199999,2680.22949549,5,0.70877400,2680.22949549,0
1545721200000,3781.61000000,3791.58000000,3778.24000000,3778.25000000,0.97643600,1545721499999,3694.98830438,71,0.08346200,316.15634240,0
1545721500000,3784.66000000,3793.34000000,3778.25000000,3793.34000000,0.64311400,1545721799999,2435.42155455,30,0.41632000,1576.10580150,0
1545721800000,3784.53000000,3793.74000000,3782.65000000,3793.74000000,0.40321000,1545722099999,1527.68991585,28,0.07158500,271.18118036,0
1545722100000,3792.58000000,3792.58000000,3787.33000000,3790.46000000,0.41896700,1545722399999,1586.84582603,8,0.36886700,1397.09997916,0
1545722400000,3787.35000000,3791.08000000,3778.23000000,3788.64000000,17.33432000,1545722699999,65672.25909776,41,3.07029500,11625.96723612,0
1545722700000,3789.81000000,3796.77000000,3781.16000000,3788.17000000,1.17763900,1545722999999,4458.45435597,15,1.12234400,4249.26919992,0
1545723000000,3787.71000000,3788.17000000,3783.63000000,3788.17000000,0.03095500,1545723299999,117.22591261,6,0.00855500,32.40763473,0
1545723300000,3788.17000000,3816.99000000,3788.17000000,3814.72000000,5.24560400,1545723599999,19927.13248843,47,2.52446300,9598.32244886,0
1545723600000,3814.72000000,3819.42000000,3805.00000000,3805.00000000,0.84414800,1545723899999,3215.62742552,33,0.38138800,1453.51184456,0
1545723900000,3805.01000000,3820.70000000,3795.93000000,3802.65000000,3.85676400,1545724199999,14689.59366372,56,1.76005900,6711.06019895,0
1545724200000,3796.51000000,3796.51000000,3776.29000000,3777.81000000,0.74083900,1545724499999,2805.03835601,49,0.66263800,2509.14453991,0
1545724500000,3777.81000000,3777.81000000,3760.01000000,3760.28000000,0.77078800,1545724799999,2903.11885740,39,0.31257300,1177.90129429,0
1545724800000,3765.18000000,3772.47000000,3752.35000000,3772.47000000,0.52206400,1545725099999,1963.04146416,27,0.26912000,1011.82639267,0
1545725100000,3768.99000000,3778.15000000,3768.99000000,3778.15000000,0.50621700,1545725399999,1912.39763382,9,0.01176800,44.44782496,0
1545725400000,3778.00000000,3778.00000000,3761.31000000,3773.62000000,1.07156800,1545725699999,4041.51017568,18,0.40473600,1525.89046083,0
1545725700000,3777.47000000,3778.65000000,3766.35000000,3778.65000000,0.17210400,1545725999999,649.72678416,8,0.03142900,118.75919085,0
1545726000000,3772.70000000,3772.70000000,3761.25000000,3766.95000000,1.31725500,1545726299999,4961.60888068,28,0.96881900,3649.87590256,0
1545726300000,3766.95000000,3766.95000000,3761.30000000,3761.30000000,0.00581100,1545726599999,21.85703295,2,0.00579000,21.77792700,0
1545726600000,3758.22000000,3764.67000000,3750.00000000,3757.40000000,0.59071600,1545726899999,2219.17764592,34,0.22794700,856.86595415,0
1545726900000,3757.40000000,3776.31000000,3756.93000000,3764.60000000,1.76546600,1545727199999,6646.37123230,31,1.15175500,4339.33029564,0
1545727200000,3758.80000000,3768.84000000,3756.87000000,3761.71000000,0.63927800,1545727499999,2402.71768913,7,0.07423500,279.46938336,0
1545727500000,3764.02000000,3764.02000000,3735.95000000,3740.13000000,4.91370300,1545727799999,18409.61154608,53,2.46069400,9205.69232358,0
1545727800000,3740.13000000,3754.99000000,3736.00000000,3746.93000000,1.01437900,1545728099999,3796.83838902,30,0.30768800,1153.10059125,0
1545728100000,3751.53000000,3751.53000000,3738.59000000,3751.34000000,0.86305400,1545728399999,3233.95970792,20,0.16070500,602.36896077,0
1545728400000,3743.20000000,3755.31000000,3738.80000000,3750.58000000,2.76191000,1545728699999,10344.47738058,27,1.36973100,5135.99723872,0
1545728700000,3758.90000000,3763.31000000,3744.17000000,3750.34000000,6.99803100,1545728999999,26234.38676441,31,4.22884400,15843.96679338,0
1545729000000,3750.63000000,3758.53000000,3742.82000000,3758.53000000,0.94540900,1545729299999,3546.10681429,14,0.74234400,2784.59188719,0
1545729300000,3752.47000000,3761.15000000,3740.25000000,3761.15000000,0.41499000,1545729599999,1555.59325356,21,0.27157900,1018.53077690,0
1545729600000,3761.15000000,3772.46000000,3761.15000000,3769.79000000,0.15173400,1545729899999,571.88089088,19,0.04048600,152.56302953,0
1545729900000,3772.41000000,3773.66000000,3767.60000000,3767.60000000,0.19945400,1545730199999,752.24283346,12,0.10426700,393.41125961,0
1545730200000,3773.34000000,3774.44000000,3770.62000000,3770.62000000,0.08210500,1545730499999,309.69776632,4,0.03973600,149.94036754,0
1545730500000,3768.90000000,3768.90000000,3759.45000000,3762.36000000,0.15595700,1545730799999,587.00548755,7,0.03663700,137.73496965,0
1545730800000,3768.00000000,3768.00000000,3762.00000000,3762.38000000,0.28582800,1545731099999,1075.91031143,15,0.21502300,809.44439694,0
1545731100000,3762.07000000,3768.02000000,3760.62000000,3768.02000000,0.35343400,1545731399999,1329.40000318,12,0.02297700,86.57779554,0
1545731400000,3775.05000000,3800.00000000,3775.05000000,3793.24000000,5.50617900,1545731699999,20870.68883529,48,4.43218300,16795.66007409,0
1545731700000,3787.96000000,3794.83000000,3782.42000000,3785.84000000,0.91323700,1545731999999,3458.65931588,23,0.56384300,2136.28844679,0
1545732000000,3788.45000000,3788.45000000,3780.00000000,3780.00000000,0.48248800,1545732299999,1826.64612634,18,0.12918200,488.84580342,0
1545732300000,3780.00000000,3792.86000000,3770.87000000,3770.87000000,1.01779700,1545732599999,3848.53932871,29,0.90693000,3429.82414454,0
1545732600000,3773.10000000,3773.10000000,3765.19000000,3765.19000000,0.06712300,1545732899999,253.14916872,7,0.02643300,99.73435230,0
1545732900000,3774.13000000,3776.58000000,3774.13000000,3775.05000000,0.08405900,1545733199999,317.30027907,6,0.05016000,189.31036080,0
1545733200000,3768.09000000,3772.57000000,3766.56000000,3772.57000000,0.22167000,1545733499999,835.11015793,6,0.02635300,99.41853721,0
1545733500000,3772.57000000,3779.15000000,3769.56000000,3778.92000000,0.02731200,1545733799999,103.01961732,4,0.00696700,26.32791912,0
1545733800000,3769.45000000,3769.45000000,3752.35000000,3752.35000000,0.75205700,1545734099999,2830.00432582,23,0.00533900,20.12509355,0
1545734100000,3755.33000000,3755.33000000,3749.22000000,3752.97000000,0.39902800,1545734399999,1497.67268525,11,0.37743700,1416.70504165,0
1545734400000,3759.57000000,3767.13000000,3745.96000000,3758.66000000,3.05369600,1545734699999,11463.58900811,29,2.29431500,8612.47393101,0
1545734700000,3758.63000000,3758.63000000,3758.63000000,3758.63000000,0.01781700,1545734999999,66.96751071,2,0.01781700,66.96751071,0
1545735000000,3762.23000000,3762.24000000,3756.42000000,3756.42000000,0.31851900,1545735299999,1196.92916570,11,0.29459800,1107.07184288,0
1545735300000,3753.20000000,3753.20000000,3746.68000000,3750.00000000,0.37827900,1545735599999,1418.54731864,17,0.35432000,1328.70011028,0
1545735600000,3750.00000000,3769.94000000,3750.00000000,3769.94000000,1.10047300,1545735899999,4138.36872835,14,1.10047300,4138.36872835,0
1545735900000,3767.36000000,3767.71000000,3756.56000000,3765.02000000,1.23276200,1545736199999,4638.60975327,14,0.63545000,2393.88289214,0
1545736200000,3765.02000000,3765.02000000,3765.01000000,3765.01000000,0.25753400,1545736499999,969.62061700,5,0.00000000,0.00000000,0
1545736500000,3754.04000000,3754.62000000,3754.00000000,3754.00000000,0.46996400,1545736799999,1764.24945714,3,0.00623500,23.41005570,0
1545736800000,3749.26000000,3759.13000000,3745.84000000,3754.03000000,0.55542300,1545737099999,2082.79478067,13,0.11626500,436.74856299,0
1545737100000,3746.55000000,3749.71000000,3705.36000000,3705.36000000,13.18070700,1545737399999,48953.36177229,159,8.40632900,31230.59898948,0
1545737400000,3719.19000000,3735.94000000,3708.95000000,3735.94000000,3.19859100,1545737699999,11917.27984442,50,1.32306700,4925.56318817,0
1545737700000,3735.94000000,3781.82000000,3735.94000000,3777.06000000,1.39069300,1545737999999,5231.96737352,59,0.83435800,3140.78171582,0
1545738000000,3770.18000000,3770.18000000,3745.76000000,3759.73000000,1.73097300,1545738299999,6499.78057271,23,0.08201900,308.39759002,0
1545738300000,3759.80000000,3765.06000000,3753.36000000,3758.69000000,4.77579700,1545738599999,17952.77559512,31,4.28380000,16103.49753977,0
1545738600000,3753.68000000,3753.68000000,3750.52000000,3750.52000000,0.04338800,1545738899999,162.85619904,3,0.02743500,102.98221080,0
1545738900000,3756.42000000,3765.96000000,3756.42000000,3758.51000000,0.01908300,1545739199999,71.71558065,4,0.01627800,61.17296010,0
1545739200000,3758.51000000,3758.51000000,3737.77000000,3745.82000000,2.78257700,1545739499999,10416.00931753,30,0.11871000,444.96926237,0
1545739500000,3750.93000000,3750.93000000,3742.87000000,3745.82000000,0.21489500,1545739799999,804.86014715,4,0.17402000,651.87033590,0
1545739800000,3750.93000000,3750.93000000,3748.00000000,3748.00000000,0.05579100,1545740099999,209.15651007,5,0.01558100,58.43112981,0
1545740100000,3748.00000000,3758.93000000,3747.44000000,3754.97000000,1.74505100,1545740399999,6557.31330040,17,0.13840700,519.50355304,0
1545740400000,3761.23000000,3764.96000000,3761.23000000,3764.94000000,0.74134600,1545740699999,2790.72779180,5,0.74134600,2790.72779180,0
1545740700000,3758.40000000,3762.75000000,3758.40000000,3762.74000000,0.23279700,1545740999999,875.08195413,6,0.18696900,702.82070579,0
1545741000000,3762.75000000,3763.36000000,3762.74000000,3762.74000000,2.19693600,1545741299999,8267.79094804,8,0.11576200,435.58396340,0
1545741300000,3760.43000000,3760.43000000,3752.27000000,3752.27000000,0.20688300,1545741599999,777.23728282,7,0.00000000,0.00000000,0
1545741600000,3752.11000000,3762.74000000,3752.11000000,3760.59000000,1.72725500,1545741899999,6498.36650774,19,1.66546600,6266.23656223,0
1545741900000,3762.74000000,3762.74000000,3757.75000000,3762.74000000,1.93982000,1545742199999,7299.00866753,17,1.93404700,7277.31517678,0
1545742200000,3762.74000000,3779.92000000,3762.74000000,3772.30000000,2.72475400,1545742499999,10254.89928462,39,2.57985800,9707.94367837,0
1545742500000,3769.90000000,3770.52000000,3759.24000000,3770.52000000,2.26072400,1545742799999,8504.26301912,14,0.18064400,681.00915005,0
1545742800000,3773.43000000,3781.82000000,3760.01000000,3764.63000000,0.95755100,1545743099999,3614.30205334,20,0.71141300,2687.72613696,0
1545743100000,3760.04000000,3764.48000000,3760.00000000,3764.48000000,0.83726800,1545743399999,3148.20929372,4,0.01474000,55.48843520,0
1545743400000,3765.02000000,3767.75000000,3761.75000000,3767.75000000,0.75173600,1545743699999,2831.23434309,8,0.04775000,179.74942589,0
1545743700000,3767.75000000,3767.75000000,3759.59000000,3766.00000000,0.57327800,1545743999999,2156.03243438,21,0.48993300,1842.45926060,0
1545744000000,3759.26000000,3774.58000000,3751.70000000,3774.58000000,1.52220200,1545744299999,5729.75803990,30,1.35381800,5096.15879542,0
1545744300000,3769.81000000,3769.88000000,3767.44000000,3769.88000000,0.06718900,1545744599999,253.21952946,5,0.01250900,47.14840676,0
1545744600000,3767.72000000,3799.96000000,3766.79000000,3766.79000000,0.66655500,1545744899999,2518.36773482,35,0.54922800,2074.93807090,0
1545744900000,3768.76000000,3770.15000000,3765.20000000,3765.20000000,0.12735300,1545745199999,480.07000513,6,0.11445000,431.45541206,0
1545745200000,3767.80000000,3769.48000000,3761.52000000,3766.15000000,0.46436500,1545745499999,1749.63693128,13,0.31599100,1190.51835208,0
1545745500000,3766.15000000,3782.19000000,3764.43000000,3768.59000000,0.31463200,1545745799999,1187.22306374,16,0.09714400,366.44767436,0
1545745800000,3766.92000000,3772.79000000,3756.27000000,3761.79000000,0.50301900,1545746099999,1893.39133706,11,0.04116900,155.02769915,0
1545746100000,3764.43000000,3764.43000000,3750.55000000,3750.55000000,0.64698400,1545746399999,2431.86206207,39,0.39446600,1482.93549261,0
1545746400000,3756.00000000,3758.53000000,3748.69000000,3756.64000000,0.61994000,1545746699999,2326.55022973,20,0.23224000,872.12042925,0
1545746700000,3754.64000000,3754.64000000,3748.69000000,3748.69000000,0.04324400,1545746999999,162.34126937,3,0.00000000,0.00000000,0
1545747000000,3753.89000000,3757.56000000,3749.02000000,3754.09000000,0.37303800,1545747299999,1400.70594874,18,0.33847300,1271.12107244,0
1545747300000,3750.41000000,3750.41000000,3726.73000000,3743.84000000,2.17139400,1545747599999,8114.53762523,58,0.81017400,3025.08912070,0
1545747600000,3744.33000000,3757.10000000,3731.02000000,3744.43000000,0.22260500,1545747899999,833.31888497,18,0.08936200,334.64729427,0
1545747900000,3755.07000000,3768.94000000,3749.59000000,3763.56000000,2.37445800,1545748199999,8930.95994665,39,1.88024100,7072.85724793,0
1545748200000,3762.47000000,3765.20000000,3759.07000000,3759.70000000,0.26862400,1545748499999,1010.15693341,12,0.06430300,241.92300068,0
1545748500000,3766.90000000,3766.91000000,3758.76000000,3761.85000000,0.24846600,1545748799999,935.25752835,11,0.20068000,755.64142299,0
1545748800000,3761.85000000,3761.85000000,3755.27000000,3755.99000000,0.60097100,1545749099999,2258.10645748,17,0.37787800,1420.25743301,0
1545749100000,3757.06000000,3761.63000000,3748.75000000,3748.75000000,2.65628100,1545749399999,9974.13678327,18,0.22356700,840.81088000,0
1545749400000,3756.40000000,3758.38000000,3746.60000000,3756.35000000,3.80195300,1545749699999,14272.55119744,30,2.43031700,9129.20047595,0
1545749700000,3750.58000000,3750.58000000,3741.39000000,3741.39000000,1.47439500,1545749999999,5521.04072868,30,0.26532300,993.09409688,0
1545750000000,3742.00000000,3756.72000000,3732.32000000,3756.72000000,4.51946300,1545750299999,16965.95771525,31,3.78435400,14214.57557525,0
1545750300000,3744.46000000,3751.12000000,3740.27000000,3740.52000000,4.59216700,1545750599999,17180.79103972,16,0.45376400,1700.77178638,0
1545750600000,3735.71000000,3742.18000000,3721.00000000,3735.97000000,1.60823800,1545750899999,6007.61190423,28,0.98270900,3673.61401839,0
1545750900000,3734.34000000,3734.34000000,3685.00000000,3699.72000000,7.29621300,1545751199999,27006.28542920,126,3.80368700,14073.55009552,0
1545751200000,3693.20000000,3757.08000000,3682.77000000,3744.97000000,1.95243300,1545751499999,7231.26507600,73,1.23623000,4572.48652361,0
1545751500000,3744.97000000,3766.37000000,3737.50000000,3739.14000000,3.62400000,1545751799999,13615.04823045,61,2.61242200,9827.19865838,0
1545751800000,3731.51000000,3732.38000000,3712.59000000,3725.00000000,4.67895400,1545752099999,17416.81576575,55,2.62146900,9761.19567166,0
1545752100000,3725.00000000,3725.00000000,3707.14000000,3709.96000000,3.38098200,1545752399999,12566.72248583,39,1.13514700,4223.58056132,0
1545752400000,3711.15000000,3729.63000000,3708.82000000,3727.34000000,0.91272200,1545752699999,3398.75366933,30,0.61948000,2306.89325276,0
1545752700000,3727.21000000,3727.21000000,3661.00000000,3714.89000000,22.26987400,1545752999999,82501.26525999,66,7.52258000,27899.16739987,0
1545753000000,3716.09000000,3750.26000000,3716.09000000,3729.73000000,1.17822300,1545753299999,4397.64592427,40,0.79472300,2966.66462132,0
1545753300000,3729.73000000,3729.73000000,3717.43000000,3721.14000000,4.98133500,1545753599999,18575.39289489,24,0.58103800,2166.00794547,0
1545753600000,3725.15000000,3752.34000000,3725.15000000,3734.51000000,5.67115900,1545753899999,21248.44841322,32,4.64485100,17414.94605216,0
1545753900000,3740.15000000,3746.18000000,3738.63000000,3746.18000000,10.10342000,1545754199999,37807.24395981,11,10.03614800,37555.32547586,0
1545754200000,3746.03000000,3746.20000000,3739.94000000,3745.17000000,0.72393700,1545754499999,2710.97272251,12,0.53565000,2006.64050938,0
1545754500000,3746.04000000,3763.36000000,3746.04000000,3750.60000000,4.21005200,1545754799999,15828.84534208,53,0.84672500,3180.33530677,0
1545754800000,3752.21000000,3765.04000000,3740.00000000,3740.00000000,1.28127300,1545755099999,4804.61486058,34,0.59975600,2250.05493576,0
1545755100000,3739.74000000,3740.00000000,3734.14000000,3740.00000000,3.64118100,1545755399999,13617.70906634,43,3.60628800,13487.32151609,0
1545755400000,3740.00000000,3746.98000000,3739.93000000,3739.93000000,6.24009900,1545755699999,23338.17939666,25,6.01815100,22508.04918182,0
1545755700000,3746.98000000,3756.18000000,3746.98000000,3756.11000000,1.19277800,1545755999999,4479.36578096,12,1.16080500,4359.56326969,0
1545756000000,3756.06000000,3756.07000000,3734.15000000,3750.24000000,9.92911500,1545756299999,37144.23489664,38,1.32808600,4975.48170461,0
1545756300000,3750.24000000,3752.45000000,3745.95000000,3745.95000000,1.50285300,1545756599999,5629.74576433,13,1.48208600,5551.89642640,0
1545756600000,3745.99000000,3745.99000000,3745.98000000,3745.99000000,1.05676800,1545756899999,3958.63243180,8,0.00000000,0.00000000,0
1545756900000,3745.22000000,3750.99000000,3734.89000000,3750.99000000,0.37163200,1545757199999,1390.72303819,11,0.13819700,517.78138330,0
1545757200000,3740.80000000,3740.80000000,3738.23000000,3738.23000000,0.13311700,1545757499999,497.88019551,4,0.10112600,378.29047958,0
1545757500000,3735.00000000,3735.00000000,3714.08000000,3719.78000000,2.66836600,1545757799999,9939.74603765,56,0.91150700,3388.19072733,0
1545757800000,3718.77000000,3722.64000000,3698.28000000,3702.39000000,5.60320600,1545758099999,20799.84950137,35,2.84141100,10570.69408037,0
1545758100000,3702.38000000,3720.41000000,3696.45000000,3699.62000000,1.75694600,1545758399999,6515.30145013,32,1.01080000,3749.07305626,0
1545758400000,3699.00000000,3718.59000000,3699.00000000,3718.59000000,0.76081300,1545758699999,2817.97486355,11,0.29010900,1076.48737820,0
1545758700000,3718.88000000,3721.10000000,3705.50000000,3715.37000000,1.49135900,1545758999999,5542.93905121,28,0.95026400,3530.76074220,0
1545759000000,3708.17000000,3728.70000000,3708.17000000,3728.70000000,0.16101600,1545759299999,598.35194649,16,0.10817000,402.09831982,0
1545759300000,3730.51000000,3732.32000000,3730.00000000,3730.00000000,0.02480500,1545759599999,92.53027170,3,0.02480500,92.53027170,0
1545759600000,3727.70000000,3727.70000000,3694.68000000,3702.34000000,5.98350800,1545759899999,22165.14938041,26,0.04121500,152.78938522,0
1545759900000,3700.00000000,3717.89000000,3687.59000000,3717.59000000,5.61509100,1545760199999,20807.68846512,41,4.29952200,15949.11234921,0
1545760200000,3713.10000000,3713.10000000,3700.18000000,3705.08000000,0.35601400,1545760499999,1319.60294129,15,0.18477500,684.77674476,0
1545760500000,3714.17000000,3714.17000000,3697.12000000,3697.12000000,0.47729500,1545760799999,1769.26669556,15,0.15419200,571.29753413,0
1545760800000,3706.18000000,3706.19000000,3694.21000000,3704.63000000,0.44418600,1545761099999,1645.45798868,10,0.39027200,1445.99997672,0
1545761100000,3710.39000000,3721.47000000,3700.77000000,3721.47000000,2.94016900,1545761399999,10902.89605680,31,1.18763500,4416.48081815,0
1545761400000,3715.73000000,3715.73000000,3694.40000000,3714.73000000,2.19897300,1545761699999,8134.98065744,12,0.01365000,50.68833299,0
1545761700000,3711.65000000,3714.59000000,3704.48000000,3704.48000000,0.39739300,1545761999999,1474.74338928,9,0.32399200,1202.52597108,0
1545762000000,3704.44000000,3713.00000000,3704.44000000,3713.00000000,0.26068900,1545762299999,966.98066325,8,0.26068900,966.98066325,0
1545762300000,3713.00000000,3723.29000000,3712.74000000,3717.54000000,3.98061500,1545762599999,14782.47541620,33,3.53329100,13119.74994204,0
1545762600000,3723.11000000,3737.76000000,3717.56000000,3725.71000000,6.55153600,1545762899999,24448.21238615,57,2.74962800,10253.18521733,0
1545762900000,3727.84000000,3727.84000000,3724.24000000,3727.84000000,0.21096100,1545763199999,786.17795233,8,0.15495200,577.49952833,0
1545763200000,3727.83000000,3741.37000000,3727.83000000,3741.37000000,0.53631800,1545763499999,2003.51176761,21,0.30472900,1138.17757042,0
1545763500000,3741.34000000,3741.34000000,3728.82000000,3734.24000000,1.70481800,1545763799999,6370.08443768,27,1.56046600,5830.89249140,0
1545763800000,3734.07000000,3734.07000000,3719.85000000,3732.02000000,0.61671400,1545764099999,2299.05155137,19,0.33184500,1238.30623266,0
1545764100000,3730.87000000,3738.81000000,3726.45000000,3736.20000000,0.46683600,1545764399999,1743.64577016,11,0.13048900,487.30527999,0
1545764400000,3741.39000000,3750.00000000,3738.56000000,3741.89000000,19.37141800,1545764699999,72640.77354991,28,19.21142100,72042.11330206,0
1545764700000,3744.59000000,3750.00000000,3741.89000000,3750.00000000,1.26640500,1545764999999,4744.74136586,19,0.60872600,2282.49317670,0
1545765000000,3750.00000000,3758.54000000,3745.70000000,3748.12000000,20.87798900,1545765299999,78412.24999733,86,0.57636200,2161.71770128,0
1545765300000,3755.76000000,3760.00000000,3731.53000000,3735.09000000,6.33577300,1545765599999,23722.99551358,53,1.34366600,5030.98712715,0
1545765600000,3736.21000000,3738.92000000,3722.12000000,3734.86000000,2.16686600,1545765899999,8089.15198255,32,1.77955500,6645.50653377,0
1545765900000,3734.85000000,3734.85000000,3729.66000000,3729.66000000,1.07005200,1545766199999,3996.36697106,12,0.26247900,980.28371565,0
1545766200000,3731.53000000,3739.13000000,3729.66000000,3739.13000000,0.49553700,1545766499999,1851.39711426,16,0.40015200,1495.07210352,0
1545766500000,3738.82000000,3742.27000000,3735.20000000,3742.27000000,0.56497600,1545766799999,2112.23667825,18,0.35412100,1324.48977324,0
1545766800000,3742.26000000,3750.84000000,3739.37000000,3743.73000000,0.51496500,1545767099999,1928.30922412,15,0.31770200,1189.77584449,0
1545767100000,3747.11000000,3747.11000000,3737.88000000,3737.88000000,0.18847100,1545767399999,705.42090699,5,0.07599600,284.65451003,0
1545767400000,3734.56000000,3748.52000000,3732.58000000,3740.99000000,1.36887200,1545767699999,5126.90955048,17,1.16931600,4381.20695521,0
1545767700000,3735.42000000,3741.00000000,3735.00000000,3735.00000000,0.80960500,1545767999999,3027.75873835,15,0.25272700,945.21319626,0
1545768000000,3741.24000000,3789.40000000,3741.24000000,3780.00000000,5.53337300,1545768299999,20817.49982380,60,5.29037000,19900.62274586,0
1545768300000,3780.00000000,3791.16000000,3775.90000000,3784.28000000,5.20810000,1545768599999,19735.32262985,27,4.44223600,16838.95591746,0
1545768600000,3785.00000000,3785.00000000,3785.00000000,3785.00000000,0.00634000,1545768899999,23.99690000,2,0.00000000,0.00000000,0
1545768900000,3784.68000000,3794.92000000,3776.94000000,3794.92000000,2.76971900,1545769199999,10498.04780786,23,2.46853700,9360.06547393,0
1545769200000,3798.67000000,3822.27000000,3798.67000000,3817.96000000,4.81768700,1545769499999,18394.08518762,45,2.43279800,9288.46528193,0
1545769500000,3810.96000000,3810.96000000,3793.06000000,3801.38000000,5.57675400,1545769799999,21225.60899815,30,0.17126000,650.00301594,0
1545769800000,3804.92000000,3806.70000000,3758.00000000,3778.42000000,4.99195500,1545770099999,18881.64333802,42,0.89686500,3377.14309748,0
1545770100000,3775.96000000,3775.96000000,3747.66000000,3761.55000000,5.94444400,1545770399999,22346.99130361,40,0.27211900,1023.90175153,0
1545770400000,3762.21000000,3767.57000000,3762.21000000,3767.57000000,0.52229800,1545770699999,1966.36777758,9,0.52229800,1966.36777758,0
1545770700000,3768.59000000,3783.74000000,3768.59000000,3783.74000000,0.06339500,1545770999999,239.17980916,3,0.02654200,100.19392664,0
1545771000000,3783.74000000,3783.74000000,3762.87000000,3762.87000000,1.31050800,1545771299999,4936.10331994,19,0.05391300,203.94317466,0
1545771300000,3775.20000000,3775.20000000,3775.20000000,3775.20000000,0.09878200,1545771599999,372.92180640,3,0.09878200,372.92180640,0
1545771600000,3789.01000000,3794.10000000,3772.92000000,3778.96000000,5.21520600,1545771899999,19732.26678153,26,1.57789300,5985.37035934,0
1545771900000,3773.88000000,3785.91000000,3773.88000000,3785.91000000,1.38136200,1545772199999,5228.98227714,14,0.06749200,254.78870544,0
1545772200000,3785.91000000,3785.91000000,3785.91000000,3785.91000000,0.07676100,1545772499999,290.61023751,3,0.07676100,290.61023751,0
1545772500000,3780.35000000,3780.35000000,3778.76000000,3778.76000000,0.21283800,1545772799999,804.38448581,7,0.18378100,694.57565752,0
1545772800000,3776.65000000,3776.65000000,3767.97000000,3776.05000000,0.73000900,1545773099999,2751.49944626,15,0.56671500,2135.94756396,0
1545773100000,3777.43000000,3781.46000000,3774.61000000,3776.05000000,0.68866100,1545773399999,2601.70961577,21,0.58253200,2200.87413281,0
1545773400000,3776.05000000,3792.00000000,3770.74000000,3787.43000000,0.68645600,1545773699999,2595.36841336,36,0.43013500,1625.62674856,0
1545773700000,3785.22000000,3793.22000000,3780.06000000,3780.06000000,1.50169800,1545773999999,5686.02332603,20,0.47921800,1816.45561646,0
1545774000000,3791.92000000,3791.96000000,3777.07000000,3777.07000000,1.46385000,1545774299999,5546.92285153,11,1.13983100,4322.18293308,0
1545774300000,3778.74000000,3787.02000000,3778.74000000,3787.02000000,0.45402600,1545774599999,1717.25827494,9,0.22414300,848.34371900,0
1545774600000,3787.53000000,3787.53000000,3779.50000000,3784.27000000,1.54739500,1545774899999,5852.46509047,34,1.37511400,5200.99899562,0
1545774900000,3786.92000000,3790.07000000,3779.54000000,3790.07000000,1.02158400,1545775199999,3867.71690870,19,0.23820300,902.02236848,0
1545775200000,3786.52000000,3796.79000000,3781.57000000,3796.79000000,0.78125000,1545775499999,2956.17560228,14,0.10412300,395.06125491,0
1545775500000,3796.78000000,3806.18000000,3795.95000000,3804.81000000,0.82242500,1545775799999,3123.84155592,29,0.81083200,3079.83510757,0
1545775800000,3794.41000000,3801.63000000,3794.40000000,3797.55000000,1.23993300,1545776099999,4707.89468991,9,0.17821100,677.48661620,0
1545776100000,3803.32000000,3809.92000000,3800.21000000,3808.40000000,0.39449700,1545776399999,1501.56585469,35,0.07611200,289.60915004,0
1545776400000,3804.33000000,3815.61000000,3802.85000000,3815.61000000,4.49434800,1545776699999,17111.31035419,68,0.70697800,2694.08243325,0
1545776700000,3808.34000000,3818.31000000,3807.41000000,3809.16000000,3.89583300,1545776999999,14851.52486717,53,0.73035900,2787.81549101,0
1545777000000,3810.43000000,3811.94000000,3807.41000000,3807.51000000,1.37009600,1545777299999,5217.92825164,9,0.30410900,1159.22430044,0
1545777300000,3810.86000000,3810.86000000,3781.86000000,3781.86000000,2.09070300,1545777599999,7941.79308534,49,0.83369700,3166.38559906,0
1545777600000,3787.14000000,3789.60000000,3775.03000000,3779.63000000,2.88104700,1545777899999,10896.32293386,42,1.28465400,4864.71896931,0
1545777900000,3787.86000000,3787.86000000,3785.50000000,3787.78000000,0.63614500,1545778199999,2409.38410882,8,0.53417500,2023.37667382,0
1545778200000,3785.50000000,3785.50000000,3774.44000000,3774.44000000,2.55476400,1545778499999,9649.63464956,24,1.69414200,6394.44394866,0
1545778500000,3772.59000000,3779.11000000,3761.53000000,3766.27000000,1.32392500,1545778799999,4984.52921935,37,0.31061500,1170.67481952,0
1545778800000,3769.07000000,3787.08000000,3769.07000000,3777.48000000,0.40482500,1545779099999,1532.10347120,10,0.37493800,1419.20566223,0
1545779100000,3777.49000000,3777.49000000,3761.62000000,3771.14000000,0.86186400,1545779399999,3250.07618914,24,0.44233400,1668.94271996,0
1545779400000,3771.14000000,3775.15000000,3754.19000000,3754.57000000,1.95202700,1545779699999,7335.20881177,18,0.02047600,77.22326863,0
1545779700000,3756.01000000,3764.85000000,3743.23000000,3748.89000000,2.08002600,1545779999999,7806.80710923,31,0.62630500,2349.68736267,0
1545780000000,3750.83000000,3758.67000000,3745.55000000,3748.84000000,0.81884100,1545780299999,3071.80610760,25,0.51487000,1931.32540963,0
1545780300000,3751.95000000,3751.96000000,3737.39000000,3737.39000000,1.18680700,1545780599999,4440.03782480,14,0.06878500,258.07830255,0
1545780600000,3751.72000000,3751.72000000,3745.63000000,3751.42000000,0.16611800,1545780899999,623.00019951,7,0.13146700,493.21037438,0
1545780900000,3764.83000000,3768.02000000,3757.01000000,3757.01000000,0.24756900,1545781199999,931.07207336,13,0.08270500,311.12039902,0
1545781200000,3759.99000000,3764.62000000,3754.21000000,3759.07000000,0.63387400,1545781499999,2381.23956877,18,0.13203900,496.68860328,0
1545781500000,3764.96000000,3765.20000000,3764.96000000,3765.20000000,0.01892300,1545781799999,71.24497864,2,0.01892300,71.24497864,0
1545781800000,3765.20000000,3765.20000000,3760.14000000,3760.14000000,2.71231900,1545782099999,10212.40987728,2,0.00000000,0.00000000,0
1545782100000,3766.19000000,3780.00000000,3766.19000000,3780.00000000,0.05407400,1545782399999,203.85096771,16,0.05035400,189.81745371,0
1545782400000,3778.09000000,3781.72000000,3765.07000000,3770.27000000,0.53821200,1545782699999,2029.81741339,28,0.23096700,870.64348516,0
1545782700000,3770.27000000,3770.27000000,3753.76000000,3755.48000000,0.32681500,1545782999999,1228.67897064,16,0.19357400,727.29806596,0
1545783000000,3763.11000000,3768.88000000,3755.46000000,3768.88000000,0.36555700,1545783299999,1375.44509644,10,0.34186200,1286.45947174,0
1545783300000,3766.80000000,3769.24000000,3762.74000000,3769.24000000,0.51686900,1545783599999,1946.75263905,16,0.46906800,1766.86542041,0
1545783600000,3766.89000000,3766.89000000,3764.86000000,3764.86000000,0.31743700,1545783899999,1195.72618625,8,0.29648900,1116.84144921,0
1545783900000,3768.71000000,3775.01000000,3768.71000000,3775.01000000,1.05355200,1545784199999,3976.89666964,5,1.04654900,3950.50439351,0
1545784200000,3776.38000000,3782.80000000,3763.87000000,3765.90000000,2.59257500,1545784499999,9780.65810310,23,1.27180500,4803.63821072,0
1545784500000,3767.69000000,3775.88000000,3767.69000000,3775.88000000,5.20784700,1545784799999,19628.43422296,61,5.19089300,19564.41795344,0
1545784800000,3780.00000000,3793.04000000,3772.16000000,3772.17000000,1.13655100,1545785099999,4296.94379985,39,0.46522800,1761.98098877,0
1545785100000,3779.54000000,3779.54000000,3778.52000000,3779.54000000,0.15135000,1545785399999,571.98945499,6,0.15135000,571.98945499,0
1545785400000,3781.51000000,3789.89000000,3775.31000000,3775.47000000,0.21493200,1545785699999,812.92952936,16,0.11026100,417.27316323,0
1545785700000,3777.41000000,3782.24000000,3774.17000000,3778.10000000,2.91813200,1545785999999,11022.19044023,43,2.86789500,10832.51964199,0
1545786000000,3776.13000000,3791.01000000,3772.17000000,3789.86000000,0.75069500,1545786299999,2836.23182204,21,0.25032100,947.38452904,0
1545786300000,3787.18000000,3810.00000000,3787.18000000,3801.17000000,18.52109100,1545786599999,70505.16989306,64,8.91485200,33911.38966116,0
1545786600000,3809.25000000,3813.50000000,3792.53000000,3797.40000000,1.32768100,1545786899999,5051.41470896,28,0.09764700,371.08785652,0
1545786900000,3807.08000000,3810.90000000,3793.90000000,3793.90000000,1.34865800,1545787199999,5122.41250212,15,0.21512000,819.07928640,0
1545787200000,3806.87000000,3845.38000000,3806.87000000,3845.38000000,12.15537800,1545787499999,46677.75102908,39,11.69031600,44894.65955047,0
1545787500000,3834.91000000,3845.38000000,3830.34000000,3845.38000000,2.44987600,1545787799999,9407.17586456,29,1.42270900,5467.84636217,0
1545787800000,3845.37000000,3846.44000000,3837.53000000,3837.53000000,10.63706900,1545788099999,40902.11120060,82,10.25230300,39423.65494137,0
1545788100000,3841.82000000,3868.13000000,3841.82000000,3862.00000000,21.43252500,1545788399999,82560.19515953,74,17.71288800,68194.62795288,0
1545788400000,3853.49000000,3853.49000000,3840.21000000,3843.04000000,10.85208400,1545788699999,41722.62574324,42,8.62042800,33136.80788212,0
1545788700000,3837.47000000,3842.06000000,3823.05000000,3842.06000000,1.25455500,1545788999999,4804.13392033,18,0.17136200,656.65337042,0
1545789000000,3826.12000000,3826.14000000,3826.12000000,3826.14000000,0.09094300,1545789299999,347.95991340,2,0.00000000,0.00000000,0
1545789300000,3836.46000000,3842.05000000,3824.02000000,3834.11000000,1.04632700,1545789599999,4015.89124916,21,0.90659500,3480.89917781,0
1545789600000,3834.09000000,3841.94000000,3825.83000000,3825.83000000,0.67868100,1545789899999,2602.85905560,18,0.44467300,1706.07633077,0
1545789900000,3833.60000000,3833.60000000,3821.01000000,3821.01000000,1.06348600,1545790199999,4070.00286749,25,0.08495000,325.51944800,0
1545790200000,3825.71000000,3844.00000000,3825.71000000,3843.86000000,4.32948100,1545790499999,16630.30328801,45,2.67118300,10266.26781614,0
1545790500000,3851.26000000,3869.33000000,3847.00000000,3849.00000000,13.51663100,1545790799999,52195.08101493,39,11.80639700,45610.57260263,0
1545790800000,3854.69000000,3854.69000000,3841.72000000,3843.05000000,0.96393900,1545791099999,3707.56921390,33,0.66766900,2568.10323768,0
1545791100000,3837.04000000,3846.95000000,3837.04000000,3846.95000000,0.46267300,1545791399999,1778.72367652,17,0.23362900,898.53215072,0
1545791400000,3846.48000000,3852.28000000,3846.48000000,3852.26000000,0.61831600,1545791699999,2381.37410743,9,0.40841100,1572.79176463,0
1545791700000,3851.30000000,3855.00000000,3847.00000000,3855.00000000,8.06495900,1545791999999,31084.42820619,52,8.03186300,30957.10789419,0
1545792000000,3855.00000000,3869.18000000,3833.60000000,3833.60000000,13.70576200,1545792299999,52863.83792243,152,10.31990900,39819.57583026,0
1545792300000,3833.60000000,3838.99000000,3813.57000000,3813.79000000,3.21722400,1545792599999,12289.37087703,64,1.46754100,5606.02394544,0
1545792600000,3817.67000000,3839.94000000,3817.67000000,3839.94000000,1.14114900,1545792899999,4373.84662378,41,0.80365500,3081.51899148,0
1545792900000,3844.99000000,3845.00000000,3839.92000000,3839.95000000,0.72184000,1545793199999,2772.73632061,10,0.66729000,2563.26432061,0
1545793200000,3841.24000000,3842.11000000,3833.33000000,3838.58000000,0.61023700,1545793499999,2343.34657392,23,0.28260000,1085.42377999,0
1545793500000,3841.83000000,3845.14000000,3836.69000000,3836.69000000,0.19111700,1545793799999,734.68755175,4,0.19111700,734.68755175,0
1545793800000,3841.26000000,3844.56000000,3834.98000000,3834.98000000,0.81104900,1545794099999,3116.27650314,6,0.49009900,1883.68468114,0
1545794100000,3834.98000000,3835.33000000,3830.06000000,3834.93000000,0.30360500,1545794399999,1164.18061618,18,0.07670000,294.07925595,0
1545794400000,3835.61000000,3836.20000000,3835.61000000,3836.20000000,0.04262400,1545794699999,163.51398643,2,0.04262400,163.51398643,0
1545794700000,3836.20000000,3844.00000000,3836.20000000,3844.00000000,0.06000000,1545794999999,230.43924101,7,0.03533200,135.67773756,0
1545795000000,3840.00000000,3840.00000000,3832.00000000,3832.00000000,0.91037700,1545795299999,3492.76027208,18,0.85054400,3263.15352790,0
1545795300000,3837.34000000,3837.34000000,3832.24000000,3837.15000000,0.80591300,1545795599999,3092.02562135,14,0.72873200,2796.24950591,0
1545795600000,3833.62000000,3839.95000000,3832.24000000,3839.12000000,1.03187600,1545795899999,3958.91463862,23,0.82456300,3164.27954930,0
1545795900000,3832.40000000,3838.21000000,3826.86000000,3826.86000000,0.38401900,1545796199999,1472.07547429,11,0.14073700,540.17349201,0
1545796200000,3831.05000000,3831.05000000,3831.05000000,3831.05000000,0.00959500,1545796499999,36.75892475,1,0.00000000,0.00000000,0
1545796500000,3837.00000000,3837.45000000,3837.00000000,3837.00000000,2.44208700,1545796799999,9370.30192083,24,0.07135600,273.80707383,0
1545796800000,3831.27000000,3831.27000000,3810.95000000,3810.95000000,2.35774200,1545797099999,9003.41992736,25,0.31917800,1221.14891019,0
1545797100000,3815.12000000,3823.48000000,3813.20000000,3816.70000000,3.02636700,1545797399999,11549.95712092,28,1.14869400,4387.94370049,0
1545797400000,3821.62000000,3821.65000000,3809.92000000,3816.48000000,0.54263900,1545797699999,2071.80811625,12,0.41396000,1581.44562329,0
1545797700000,3816.44000000,3821.07000000,3814.34000000,3821.07000000,0.56072600,1545797999999,2140.95329577,9,0.17905800,683.89072509,0
1545798000000,3821.06000000,3824.88000000,3815.24000000,3824.88000000,0.16734500,1545798299999,639.39736630,19,0.06899200,263.66813175,0
1545798300000,3825.00000000,3827.00000000,3825.00000000,3826.50000000,0.06816600,1545798599999,260.84580400,3,0.05936600,227.17260400,0
1545798600000,3827.02000000,3833.00000000,3826.51000000,3826.86000000,0.30102500,1545798899999,1152.91665740,35,0.04640400,177.85078891,0
1545798900000,3826.86000000,3831.76000000,3821.30000000,3821.31000000,0.65002300,1545799199999,2486.93717537,17,0.03189400,122.21015344,0
1545799200000,3821.31000000,3825.86000000,3814.61000000,3825.86000000,1.05414200,1545799499999,4025.90405428,29,0.27717400,1060.28923584,0
1545799500000,3820.75000000,3829.02000000,3816.69000000,3820.18000000,1.02589200,1545799799999,3921.14948379,34,0.30715600,1175.11848702,0
1545799800000,3820.18000000,3832.96000000,3815.66000000,3825.02000000,1.71904000,1545800099999,6573.42099113,30,1.08343500,4144.73800118,0
1545800100000,3821.46000000,3823.87000000,3815.89000000,3823.87000000,0.25846300,1545800399999,987.47675552,15,0.02434300,93.01537027,0
1545800400000,3823.74000000,3823.74000000,3814.53000000,3821.34000000,0.30589600,1545800699999,1168.84664054,12,0.20579600,786.70967784,0
1545800700000,3821.00000000,3829.96000000,3820.38000000,3823.24000000,0.66972200,1545800999999,2562.11167806,17,0.09163800,350.67111189,0
1545801000000,3822.26000000,3828.96000000,3818.18000000,3821.34000000,0.01689500,1545801299999,64.58885280,5,0.00335000,12.82103310,0
1545801300000,3815.00000000,3821.30000000,3815.00000000,3818.59000000,0.23335800,1545801599999,891.38058972,13,0.17335100,662.22517480,0
1545801600000,3818.02000000,3832.97000000,3813.63000000,3832.97000000,2.12836000,1545801899999,8136.24345653,38,0.61718700,2364.47392497,0
1545801900000,3827.63000000,3828.36000000,3823.54000000,3828.36000000,0.04534900,1545802199999,173.59823884,5,0.01498400,57.36414624,0
1545802200000,3827.21000000,3833.00000000,3821.83000000,3830.00000000,8.29263500,1545802499999,31722.59585187,38,8.20056200,31370.53261215,0
1545802500000,3830.00000000,3833.00000000,3825.10000000,3833.00000000,5.74455700,1545802799999,22006.06087414,35,3.68452200,14114.69136168,0
1545802800000,3833.00000000,3833.00000000,3825.39000000,3829.10000000,1.24359500,1545803099999,4764.72888355,28,1.03831500,3978.21231774,0
1545803100000,3830.35000000,3844.26000000,3826.66000000,3843.33000000,8.30149700,1545803399999,31838.09447680,82,3.68380200,14135.72236559,0
1545803400000,3832.22000000,3832.22000000,3824.94000000,3827.39000000,0.53020500,1545803699999,2029.47239650,21,0.39475200,1511.07886567,0
1545803700000,3825.73000000,3835.52000000,3822.70000000,3822.89000000,0.54740200,1545803999999,2095.07869344,23,0.13134400,502.40779429,0
1545804000000,3827.49000000,3839.19000000,3822.93000000,3831.42000000,1.29771600,1545804299999,4972.09669236,40,0.68040400,2607.42159221,0
1545804300000,3831.52000000,3838.64000000,3822.32000000,3829.61000000,1.90355700,1545804599999,7289.83630265,36,1.33519900,5113.24244231,0
1545804600000,3829.61000000,3836.15000000,3815.54000000,3818.12000000,14.59436900,1545804899999,55849.70921451,74,5.82304300,22332.77998177,0
1545804900000,3826.66000000,3830.84000000,3818.13000000,3822.31000000,5.59229500,1545805199999,21378.32670907,52,2.35299500,9000.07813973,0
1545805200000,3830.68000000,3830.68000000,3830.66000000,3830.66000000,0.43877700,1545805499999,1680.81376144,6,0.43877700,1680.81376144,0
1545805500000,3834.71000000,3834.71000000,3826.77000000,3834.71000000,4.85991100,1545805799999,18612.98493800,28,4.84212100,18544.86074435,0
1545805800000,3830.66000000,3830.66000000,3819.57000000,3825.99000000,1.98035200,1545806099999,7583.88177170,9,0.04144100,158.56436169,0
1545806100000,3823.54000000,3834.63000000,3823.54000000,3825.53000000,0.63416100,1545806399999,2426.19841642,20,0.63416100,2426.19841642,0
1545806400000,3825.50000000,3825.50000000,3812.71000000,3816.26000000,1.05810300,1545806699999,4040.69525695,21,0.68231700,2604.99958204,0
1545806700000,3813.23000000,3816.20000000,3812.00000000,3816.20000000,11.74691900,1545806999999,44810.33859600,25,0.40073000,1528.45405006,0
1545807000000,3812.00000000,3812.00000000,3792.53000000,3797.05000000,1.63597200,1545807299999,6218.48577673,24,0.36154600,1372.11690259,0
1545807300000,3797.03000000,3811.81000000,3797.03000000,3806.77000000,0.55208000,1545807599999,2099.80315040,15,0.49802000,1894.06897772,0
1545807600000,3798.60000000,3798.60000000,3777.90000000,3781.88000000,2.35015600,1545807899999,8896.33381896,40,0.34793800,1317.48967681,0
1545807900000,3776.96000000,3778.67000000,3773.05000000,3778.67000000,0.29608400,1545808199999,1117.47295443,11,0.28573800,1078.40501990,0
1545808200000,3778.67000000,3778.67000000,3778.11000000,3778.11000000,0.24902300,1545808499999,940.96211461,6,0.23849100,901.16516217,0
1545808500000,3778.11000000,3790.68000000,3773.38000000,3784.82000000,1.31028900,1545808799999,4948.21873046,20,0.82997900,3135.41839686,0
1545808800000,3790.63000000,3790.63000000,3773.61000000,3775.69000000,0.12144300,1545809099999,458.55597627,3,0.01465200,55.54031076,0
1545809100000,3775.69000000,3775.69000000,3775.60000000,3775.60000000,0.95040200,1545809399999,3588.39446681,16,0.68540200,2587.83661681,0
1545809400000,3772.59000000,3772.59000000,3757.85000000,3758.01000000,3.14636500,1545809699999,11825.91768564,25,0.21957100,826.75219160,0
1545809700000,3758.02000000,3765.58000000,3758.02000000,3765.58000000,0.06478600,1545809999999,243.48970972,4,0.00035000,1.31795300,0
1545810000000,3765.11000000,3787.85000000,3765.11000000,3787.85000000,0.55406300,1545810299999,2092.88228709,19,0.48970900,1849.65177667,0
1545810300000,3790.30000000,3796.19000000,3789.28000000,3790.99000000,7.67549800,1545810599999,29093.65846572,37,7.44038800,28201.90057684,0
1545810600000,3791.15000000,3793.04000000,3773.15000000,3773.15000000,2.11727100,1545810899999,8020.59509988,44,1.67372000,6345.64633448,0
1545810900000,3788.18000000,3788.18000000,3783.20000000,3783.20000000,0.00104100,1545811199999,3.94037932,3,0.00104100,3.94037932,0
1545811200000,3776.35000000,3782.52000000,3762.82000000,3770.53000000,0.89256600,1545811499999,3369.65763529,22,0.04897700,184.78354667,0
1545811500000,3770.53000000,3772.22000000,3764.07000000,3764.07000000,3.10793600,1545811799999,11700.36313982,26,0.43398900,1635.18884868,0
1545811800000,3768.80000000,3772.41000000,3766.41000000,3766.41000000,0.65500200,1545812099999,2467.14745840,18,0.05367500,202.29232758,0
1545812100000,3769.52000000,3769.90000000,3764.00000000,3764.00000000,0.50995600,1545812399999,1920.09480162,10,0.46902300,1765.95308534,0
1545812400000,3764.00000000,3767.45000000,3665.00000000,3753.81000000,20.75176900,1545812699999,77342.50952407,91,4.45878500,16484.69380343,0
1545812700000,3752.12000000,3754.60000000,3750.00000000,3750.00000000,0.07055700,1545812999999,264.72809597,5,0.00035300,1.32537380,0
1545813000000,3750.63000000,3757.57000000,3741.01000000,3752.00000000,2.54847200,1545813299999,9557.26708512,45,0.97862500,3670.78009201,0
1545813300000,3748.85000000,3752.00000000,3740.28000000,3746.38000000,2.05032500,1545813599999,7690.83805300,43,1.75042700,6567.21281467,0
1545813600000,3746.62000000,3746.62000000,3741.49000000,3744.46000000,0.34692600,1545813899999,1298.91544541,13,0.32108500,1202.18980350,0
1545813900000,3739.48000000,3743.79000000,3733.45000000,3743.52000000,3.41029300,1545814199999,12749.89518917,19,0.13919400,520.76376662,0
1545814200000,3743.52000000,3768.63000000,3743.52000000,3760.32000000,0.30108200,1545814499999,1131.17714542,26,0.16046000,602.79890093,0
1545814500000,3760.32000000,3760.32000000,3756.19000000,3756.19000000,0.00038200,1545814799999,1.43499674,2,0.00035000,1.31466650,0
1545814800000,3756.74000000,3761.40000000,3751.17000000,3761.40000000,0.20369600,1545815099999,765.52539760,11,0.17693500,665.10609883,0
1545815100000,3760.25000000,3761.52000000,3747.40000000,3747.40000000,3.56276800,1545815399999,13352.99438731,39,3.27291000,12265.14890440,0
1545815400000,3747.40000000,3767.00000000,3747.40000000,3758.43000000,1.49612500,1545815699999,5616.55110691,23,1.44036300,5406.95721955,0
1545815700000,3759.29000000,3761.36000000,3753.74000000,3756.50000000,0.80634300,1545815999999,3028.84914517,14,0.70883600,2662.67331744,0
1545816000000,3756.50000000,3761.49000000,3749.30000000,3751.67000000,0.29820200,1545816299999,1119.54451162,15,0.06206200,233.02355220,0
1545816300000,3752.28000000,3757.58000000,3744.62000000,3746.12000000,0.70079700,1545816599999,2626.74037796,26,0.07472200,280.61609058,0
1545816600000,3749.78000000,3756.11000000,3742.79000000,3751.44000000,1.64799000,1545816899999,6171.93326369,25,1.47963500,5541.10088007,0
1545816900000,3752.18000000,3752.91000000,3752.18000000,3752.91000000,0.05241800,1545817199999,196.69479079,2,0.01783500,66.93314985,0
1545817200000,3752.08000000,3752.86000000,3744.00000000,3744.00000000,2.84345900,1545817499999,10646.30403398,16,0.02815700,105.66036908,0
1545817500000,3741.40000000,3744.63000000,3721.94000000,3721.94000000,0.64341900,1545817799999,2400.37017605,41,0.29913200,1116.47941560,0
1545817800000,3719.68000000,3733.30000000,3716.48000000,3730.55000000,1.18952100,1545818099999,4431.44911556,22,0.13468000,502.35927919,0
1545818100000,3728.79000000,3728.79000000,3728.79000000,3728.79000000,0.04016400,1545818399999,149.76312156,2,0.00000000,0.00000000,0
1545818400000,3718.92000000,3743.86000000,3716.11000000,3743.86000000,1.41289600,1545818699999,5263.39825000,43,0.27228200,1014.84252051,0
1545818700000,3744.41000000,3744.42000000,3725.28000000,3726.59000000,1.03226000,1545818999999,3852.42929806,43,0.69103800,2579.49131054,0
1545819000000,3729.20000000,3735.72000000,3728.15000000,3734.55000000,0.87615300,1545819299999,3269.10087420,29,0.50024700,1866.65656139,0
1545819300000,3740.52000000,3740.52000000,3725.26000000,3733.95000000,0.28795800,1545819599999,1073.23042586,9,0.03293400,122.97085554,0
1545819600000,3733.39000000,3750.99000000,3733.39000000,3742.32000000,0.51156300,1545819899999,1912.58524343,13,0.34805300,1301.96984441,0
1545819900000,3740.76000000,3746.43000000,3735.51000000,3736.26000000,0.85455900,1545820199999,3195.26894595,34,0.05974600,223.60212826,0
1545820200000,3730.95000000,3735.14000000,3728.93000000,3728.93000000,0.73247300,1545820499999,2732.10583418,12,0.09227300,344.56164418,0
1545820500000,3727.07000000,3740.31000000,3725.56000000,3735.26000000,1.02498200,1545820799999,3829.94032681,18,0.68636600,2565.72470490,0
1545820800000,3735.99000000,3743.01000000,3730.46000000,3734.11000000,1.21898100,1545821099999,4555.58856870,39,0.52660300,1967.86432939,0
1545821100000,3733.79000000,3741.48000000,3733.79000000,3736.68000000,0.20289800,1545821399999,758.71828456,16,0.09255300,346.26881950,0
1545821400000,3736.84000000,3738.49000000,3732.29000000,3738.49000000,0.50156900,1545821699999,1874.07733884,20,0.05584400,208.77223556,0
1545821700000,3737.76000000,3756.79000000,3737.75000000,3741.25000000,9.03628300,1545821999999,33810.06755230,90,4.56409300,17074.63188075,0
1545822000000,3745.89000000,3745.89000000,3738.37000000,3742.27000000,1.57572200,1545822299999,5891.88292090,28,1.47596300,5518.63031274,0
1545822300000,3742.55000000,3742.64000000,3733.35000000,3741.09000000,0.41083200,1545822599999,1535.42186817,24,0.09277000,346.75328766,0
1545822600000,3741.08000000,3741.09000000,3736.78000000,3741.09000000,0.24460700,1545822899999,914.84045672,23,0.16699400,624.58995391,0
1545822900000,3748.98000000,3751.83000000,3742.50000000,3742.50000000,0.51138000,1545823199999,1914.67959384,7,0.06251900,234.38348097,0
1545823200000,3746.12000000,3746.12000000,3741.34000000,3742.11000000,1.32349100,1545823499999,4952.26714610,7,0.00432400,16.18819120,0
1545823500000,3742.11000000,3742.11000000,3742.11000000,3742.11000000,0.00000000,1545823799999,0.00000000,0,0.00000000,0.00000000,0
1545823800000,3742.11000000,3742.11000000,3734.32000000,3740.81000000,0.29811300,1545824099999,1115.02537625,11,0.24758300,925.93655795,0
1545824100000,3749.15000000,3755.92000000,3740.98000000,3743.42000000,1.30259100,1545824399999,4889.55307183,16,1.23751500,4645.96446231,0
1545824400000,3741.09000000,3745.82000000,3737.52000000,3741.60000000,1.04814700,1545824699999,3919.19172439,31,0.25247700,944.90451587,0
1545824700000,3741.60000000,3745.82000000,3737.74000000,3744.57000000,1.74615600,1545824999999,6533.10155995,27,0.86297600,3231.91984898,0
1545825000000,3743.05000000,3743.72000000,3738.00000000,3743.12000000,1.43244200,1545825299999,5361.00447414,30,1.22446400,4582.80947806,0
1545825300000,3742.20000000,3745.82000000,3740.42000000,3745.82000000,0.47452000,1545825599999,1776.25291448,17,0.46621100,1745.16022103,0
1545825600000,3745.41000000,3745.41000000,3742.89000000,3742.89000000,5.47176500,1545825899999,20481.03743763,30,0.47730500,1786.52871318,0
1545825900000,3742.89000000,3742.89000000,3742.15000000,3742.89000000,0.49374200,1545826199999,1848.00285872,11,0.46874200,1754.43060872,0
1545826200000,3742.89000000,3742.89000000,3742.87000000,3742.89000000,0.16702600,1545826499999,625.15818222,3,0.16702600,625.15818222,0
1545826500000,3742.89000000,3742.89000000,3742.87000000,3742.89000000,0.64794000,1545826799999,2425.16775096,15,0.64794000,2425.16775096,0
1545826800000,3742.89000000,3747.97000000,3742.89000000,3743.77000000,0.16626600,1545827099999,622.40384323,9,0.11829500,442.81145256,0
1545827100000,3745.52000000,3761.52000000,3745.52000000,3759.36000000,1.90850000,1545827399999,7175.89642171,34,1.55767200,5857.89621340,0
1545827400000,3759.36000000,3759.36000000,3753.43000000,3753.82000000,2.58081200,1545827699999,9695.42450533,23,1.06450000,3995.57209840,0
1545827700000,3759.83000000,3770.74000000,3758.77000000,3765.69000000,0.63254500,1545827999999,2381.78667330,19,0.55025600,2072.32763607,0
1545828000000,3765.69000000,3765.69000000,3763.60000000,3763.60000000,0.93076600,1545828299999,3504.87072396,6,0.86710600,3265.23474936,0
1545828300000,3760.28000000,3766.92000000,3760.28000000,3763.18000000,0.36715600,1545828599999,1382.18214934,9,0.31793700,1196.94461186,0
1545828600000,3764.64000000,3764.64000000,3751.26000000,3753.17000000,0.85101200,1545828899999,3195.69956561,18,0.27570800,1036.04448083,0
1545828900000,3756.95000000,3767.08000000,3753.20000000,3767.08000000,0.23832400,1545829199999,895.92597850,18,0.09629200,362.18032406,0
1545829200000,3759.93000000,3762.56000000,3755.88000000,3762.53000000,0.53686200,1545829499999,2017.98806161,14,0.11722300,441.02973996,0
1545829500000,3761.92000000,3762.53000000,3754.87000000,3755.61000000,0.58522300,1545829799999,2200.28286949,26,0.46546500,1750.40800381,0
1545829800000,3755.61000000,3761.30000000,3748.49000000,3758.37000000,1.33853800,1545830099999,5024.08065705,28,0.73298500,2752.94433545,0
1545830100000,3758.37000000,3769.30000000,3751.18000000,3769.30000000,1.14554100,1545830399999,4311.45137694,45,0.82858200,3119.87200460,0
1545830400000,3768.82000000,3768.82000000,3755.53000000,3758.01000000,1.32836000,1545830699999,4997.61305663,41,0.63480300,2389.23419827,0
1545830700000,3758.04000000,3782.42000000,3758.04000000,3770.76000000,4.52501600,1545830999999,17055.95263590,43,4.36369300,16447.70447530,0
1545831000000,3770.76000000,3779.13000000,3763.71000000,3763.71000000,1.08403900,1545831299999,4087.66484367,34,0.48334400,1823.61530321,0
1545831300000,3766.71000000,3769.38000000,3763.71000000,3768.83000000,0.43061200,1545831599999,1622.48416583,9,0.34766200,1310.06550383,0
1545831600000,3768.83000000,3780.22000000,3768.83000000,3776.49000000,0.32064300,1545831899999,1211.63820024,11,0.29331900,1108.60250533,0
1545831900000,3776.59000000,3777.49000000,3768.83000000,3768.83000000,4.22440600,1545832199999,15925.92552427,24,0.25628400,967.32202873,0
1545832200000,3765.00000000,3765.00000000,3759.76000000,3759.76000000,0.76865800,1545832499999,2893.98312431,3,0.00000000,0.00000000,0
1545832500000,3763.61000000,3769.13000000,3763.61000000,3764.13000000,0.63004700,1545832799999,2373.76167168,21,0.42968400,1618.56747749,0
1545832800000,3764.10000000,3764.10000000,3743.22000000,3744.06000000,1.91869400,1545833099999,7198.59696121,39,0.57839300,2170.50319593,0
1545833100000,3744.06000000,3744.06000000,3731.12000000,3731.12000000,0.90916000,1545833399999,3398.43423265,32,0.77738900,2906.06936407,0
1545833400000,3730.59000000,3744.93000000,3730.59000000,3737.60000000,0.29761100,1545833699999,1111.90824243,14,0.29761100,1111.90824243,0
1545833700000,3742.59000000,3742.59000000,3731.76000000,3737.24000000,3.52513600,1545833999999,13177.26656152,13,0.31103600,1161.19773316,0
1545834000000,3739.09000000,3749.81000000,3723.29000000,3738.36000000,1.56981800,1545834299999,5882.40813840,20,1.50340700,5634.78930959,0
1545834300000,3734.54000000,3734.94000000,3728.91000000,3734.94000000,0.31672100,1545834599999,1181.54535536,13,0.09845800,367.35208244,0
1545834600000,3734.94000000,3738.97000000,3734.94000000,3738.97000000,0.04253500,1545834899999,158.98637946,3,0.04253500,158.98637946,0
1545834900000,3741.58000000,3745.28000000,3733.90000000,3734.01000000,0.68617400,1545835199999,2567.12171443,20,0.64879500,2427.40387170,0
1545835200000,3731.26000000,3734.01000000,3689.73000000,3689.73000000,17.46012900,1545835499999,64614.56994847,85,0.72434800,2692.40357859,0
1545835500000,3689.73000000,3711.35000000,3682.53000000,3708.92000000,10.34643100,1545835799999,38238.20108115,85,7.90942700,29199.87709538,0
1545835800000,3703.04000000,3714.32000000,3682.54000000,3712.82000000,7.57083700,1545836099999,28041.16478580,76,2.52698800,9355.54954895,0
1545836100000,3715.96000000,3715.96000000,3697.58000000,3713.10000000,2.74871600,1545836399999,10180.99134130,25,0.70040300,2599.85950460,0
1545836400000,3708.58000000,3711.11000000,3696.84000000,3709.91000000,0.56167600,1545836699999,2080.92040373,30,0.20794400,770.73390665,0
1545836700000,3712.19000000,3730.46000000,3710.00000000,3722.49000000,1.07214300,1545836999999,3992.16172978,46,0.57640100,2147.29337797,0
1545837000000,3722.49000000,3728.51000000,3722.48000000,3725.51000000,1.36135700,1545837299999,5068.00182651,21,0.00626200,23.34356048,0
1545837300000,3722.56000000,3727.36000000,3720.00000000,3720.00000000,27.50365600,1545837599999,102374.07641028,35,0.13793500,514.11933300,0
1545837600000,3721.94000000,3732.16000000,3721.94000000,3724.78000000,0.61056800,1545837899999,2276.45403310,21,0.20674200,770.37594122,0
1545837900000,3725.00000000,3751.80000000,3715.20000000,3740.37000000,4.85154900,1545838199999,18135.03295640,48,3.04461900,11397.59232666,0
1545838200000,3741.01000000,3741.01000000,3733.56000000,3738.75000000,0.80870800,1545838499999,3022.09482981,14,0.19276800,719.87371019,0
1545838500000,3738.74000000,3738.75000000,3737.75000000,3737.75000000,1.62989300,1545838799999,6093.71590611,15,1.58451800,5924.11549986,0
1545838800000,3737.75000000,3737.75000000,3724.19000000,3724.19000000,0.90464400,1545839099999,3375.05425772,13,0.09392700,350.73647133,0
1545839100000,3724.07000000,3727.57000000,3721.48000000,3726.14000000,0.10504300,1545839399999,391.40309266,9,0.07747700,288.76897841,0
1545839400000,3721.48000000,3723.84000000,3720.30000000,3723.84000000,0.21160900,1545839699999,787.85882446,6,0.17137700,638.18052768,0
1545839700000,3725.00000000,3736.46000000,3721.24000000,3728.99000000,0.36879700,1545839999999,1376.09396428,13,0.26971500,1006.63921835,0
1545840000000,3735.55000000,3735.55000000,3722.30000000,3722.43000000,1.15713300,1545840299999,4312.63576470,19,0.36394300,1356.99490149,0
1545840300000,3722.31000000,3725.00000000,3719.69000000,3724.56000000,1.06254000,1545840599999,3955.41477318,16,0.48812400,1818.11487192,0
1545840600000,3724.56000000,3724.82000000,3719.68000000,3721.35000000,0.52738100,1545840899999,1962.86840260,8,0.35630200,1326.28913429,0
1545840900000,3724.99000000,3747.47000000,3720.01000000,3742.38000000,30.71345600,1545841199999,114632.98824006,74,30.01393000,112021.02714946,0
1545841200000,3742.38000000,3745.04000000,3727.61000000,3735.01000000,1.79219000,1545841499999,6702.44902858,29,0.33644800,1256.69823993,0
1545841500000,3735.01000000,3748.69000000,3735.01000000,3743.81000000,0.27208400,1545841799999,1017.76361519,13,0.21148200,790.87056103,0
1545841800000,3741.93000000,3752.35000000,3738.40000000,3740.16000000,1.31172200,1545842099999,4910.97228739,22,0.41619200,1559.40617109,0
1545842100000,3743.98000000,3745.92000000,3737.50000000,3745.92000000,0.36322500,1545842399999,1360.10715658,13,0.30947800,1158.87845014,0
1545842400000,3753.13000000,3753.13000000,3745.67000000,3748.18000000,0.21973900,1545842699999,823.70978476,9,0.08266700,309.96608438,0
1545842700000,3750.68000000,3767.37000000,3750.68000000,3767.37000000,4.19099000,1545842999999,15738.93867952,51,0.59654600,2243.88236287,0
1545843000000,3762.71000000,3762.71000000,3752.00000000,3759.98000000,0.99654700,1545843299999,3744.08489005,32,0.57139000,2147.68982388,0
1545843300000,3754.38000000,3754.38000000,3746.53000000,3746.53000000,4.44338400,1545843599999,16656.64868474,10,0.00000000,0.00000000,0
1545843600000,3752.57000000,3759.99000000,3746.55000000,3759.99000000,0.84426400,1545843899999,3169.43233061,14,0.54419500,2044.80391918,0
1545843900000,3760.00000000,3762.19000000,3754.17000000,3754.17000000,4.33964100,1545844199999,16312.48793284,44,0.72050300,2708.06502172,0
1545844200000,3755.43000000,3765.03000000,3754.23000000,3755.38000000,2.34991400,1545844499999,8840.45799203,17,2.02531000,7621.79629299,0
1545844500000,3755.61000000,3755.61000000,3735.94000000,3741.76000000,0.76771900,1545844799999,2875.69676027,44,0.38939200,1459.11630463,0
1545844800000,3747.10000000,3753.72000000,3741.33000000,3747.51000000,2.68368300,1545845099999,10061.30913343,23,2.63642900,9884.19429729,0
1545845100000,3751.70000000,3755.52000000,3748.76000000,3748.76000000,0.10709500,1545845399999,401.88755259,9,0.06715800,252.17332447,0
1545845400000,3748.76000000,3748.76000000,3738.25000000,3738.25000000,3.42644300,1545845699999,12817.98065514,19,0.00000000,0.00000000,0
1545845700000,3738.25000000,3750.00000000,3738.25000000,3750.00000000,0.23167600,1545845999999,867.38869974,7,0.23167600,867.38869974,0
1545846000000,3745.51000000,3745.51000000,3743.07000000,3743.07000000,0.04223500,1545846299999,158.13592398,3,0.02089900,78.27378246,0
1545846300000,3736.24000000,3750.00000000,3736.24000000,3748.96000000,0.34420800,1545846599999,1289.75566428,18,0.14196000,531.95643496,0
1545846600000,3758.37000000,3767.76000000,3757.79000000,3758.95000000,0.69149500,1545846899999,2599.78622604,27,0.32556900,1224.14244043,0
1545846900000,3754.10000000,3760.15000000,3750.14000000,3758.33000000,0.43581800,1545847199999,1636.89944344,23,0.17375300,652.71620891,0
1545847200000,3758.30000000,3765.20000000,3755.26000000,3763.88000000,0.43756800,1545847499999,1645.14465992,10,0.43092200,1620.18547400,0
1545847500000,3753.72000000,3753.72000000,3743.80000000,3749.57000000,3.18353700,1545847799999,11940.46781178,27,0.06629800,248.54084048,0
1545847800000,3748.91000000,3753.34000000,3745.04000000,3750.03000000,1.31871500,1545848099999,4942.90172478,7,0.03718200,139.55668788,0
1545848100000,3753.39000000,3756.43000000,3750.00000000,3755.99000000,3.24967800,1545848399999,12186.95397553,30,0.21013600,788.54185027,0
1545848400000,3755.60000000,3755.60000000,3745.00000000,3751.76000000,0.14198400,1545848699999,532.65823835,9,0.08540300,320.54199079,0
1545848700000,3751.74000000,3751.74000000,3746.06000000,3751.74000000,0.10412800,1545848999999,390.49733160,11,0.07980400,299.35663464,0
1545849000000,3751.74000000,3753.83000000,3750.78000000,3751.91000000,1.71257500,1545849299999,6425.67321955,20,0.36227800,1359.72107841,0
1545849300000,3754.79000000,3759.79000000,3752.52000000,3752.52000000,0.11462900,1545849599999,430.38817517,11,0.00035000,1.31592650,0
1545849600000,3752.52000000,3755.17000000,3745.00000000,3745.00000000,1.93457700,1545849899999,7252.94119223,22,0.78957200,2964.20160133,0
1545849900000,3744.06000000,3751.00000000,3744.06000000,3746.50000000,0.19418800,1545850199999,727.55377409,18,0.10747500,402.42482226,0
1545850200000,3742.57000000,3748.15000000,3742.57000000,3748.15000000,0.13146300,1545850499999,492.35801381,9,0.10478400,392.50998878,0
1545850500000,3751.76000000,3755.18000000,3751.76000000,3755.18000000,0.19583700,1545850799999,735.31165227,10,0.05580000,209.44751061,0
1545850800000,3757.05000000,3765.20000000,3757.05000000,3765.20000000,0.22209200,1545851099999,836.04746420,4,0.02295100,86.24177100,0
1545851100000,3765.20000000,3806.59000000,3765.20000000,3788.94000000,11.02614100,1545851399999,41773.05872541,99,9.40462400,35626.92206210,0
1545851400000,3788.94000000,3796.65000000,3782.34000000,3791.16000000,1.20932900,1545851699999,4581.99201913,41,0.55279600,2096.05268257,0
1545851700000,3791.16000000,3800.73000000,3782.60000000,3788.14000000,1.09245500,1545851999999,4148.85148437,26,0.26642000,1010.03242414,0
1545852000000,3788.30000000,3789.39000000,3783.61000000,3788.11000000,0.16799900,1545852299999,636.04487415,21,0.14164800,536.26444106,0
1545852300000,3787.93000000,3798.67000000,3781.64000000,3798.66000000,0.19357300,1545852599999,733.93690074,15,0.12907400,489.50248478,0
1545852600000,3798.67000000,3821.99000000,3798.67000000,3811.15000000,5.23833600,1545852899999,19949.29616516,69,2.65937200,10138.93036216,0
1545852900000,3811.15000000,3811.19000000,3797.03000000,3801.19000000,6.15460400,1545853199999,23424.30880651,47,1.10168400,4192.59747033,0
1545853200000,3798.30000000,3800.00000000,3789.73000000,3791.62000000,1.81516700,1545853499999,6893.27840113,18,0.27355900,1037.82389157,0
1545853500000,3789.32000000,3795.10000000,3785.59000000,3795.10000000,1.84780300,1545853799999,6995.92787390,11,0.09983600,378.77347908,0
1545853800000,3794.80000000,3801.66000000,3786.45000000,3791.69000000,0.60838200,1545854099999,2307.90461394,24,0.30552100,1160.83637156,0
1545854100000,3792.23000000,3800.20000000,3791.17000000,3796.80000000,1.60641400,1545854399999,6102.70923366,16,0.78819900,2993.62314873,0
1545854400000,3801.13000000,3807.83000000,3792.51000000,3792.51000000,0.44792500,1545854699999,1702.25253071,18,0.15487300,589.37782611,0
1545854700000,3792.69000000,3800.77000000,3785.00000000,3785.00000000,1.89744300,1545854999999,7188.35492199,34,0.15642600,593.98732408,0
1545855000000,3783.72000000,3794.11000000,3783.64000000,3794.11000000,0.46690300,1545855299999,1768.62330705,13,0.40274700,1525.73179969,0
1545855300000,3788.35000000,3794.11000000,3786.30000000,3794.11000000,1.05911700,1545855599999,4017.83115863,12,0.98467100,3735.73515736,0
1545855600000,3792.51000000,3800.00000000,3792.22000000,3793.58000000,2.12147100,1545855899999,8048.94252209,25,1.94833000,7392.08362077,0
1545855900000,3793.58000000,3794.67000000,3786.57000000,3794.32000000,1.43685600,1545856199999,5446.85999169,26,0.51474900,1952.79254669,0
1545856200000,3792.60000000,3792.60000000,3768.72000000,3769.04000000,4.92498800,1545856499999,18612.75892263,40,0.51583500,1954.07145868,0
1545856500000,3775.32000000,3780.34000000,3773.26000000,3778.61000000,0.31277900,1545856799999,1181.83753647,15,0.15286700,577.73939217,0
1545856800000,3778.61000000,3785.04000000,3772.04000000,3780.59000000,0.25572300,1545857099999,966.39159496,14,0.10079300,380.81416684,0
1545857100000,3776.69000000,3783.65000000,3775.54000000,3782.47000000,0.69253400,1545857399999,2619.02061809,17,0.10859300,410.14034770,0
1545857400000,3782.47000000,3782.47000000,3774.78000000,3775.25000000,0.50627200,1545857699999,1914.04905675,11,0.10109700,381.67210934,0
1545857700000,3775.96000000,3777.27000000,3761.53000000,3761.53000000,1.22504700,1545857999999,4611.45926646,29,0.66419100,2500.00905262,0
1545858000000,3761.52000000,3764.22000000,3749.99000000,3760.36000000,4.89998600,1545858299999,18398.85438101,43,3.72096000,13971.70648055,0
1545858300000,3751.90000000,3767.69000000,3750.67000000,3762.37000000,0.12033000,1545858599999,451.82156639,10,0.09373800,352.05104159,0
1545858600000,3766.80000000,3774.62000000,3762.40000000,3773.63000000,0.39206700,1545858899999,1478.70400260,10,0.35285200,1331.10457268,0
1545858900000,3764.99000000,3764.99000000,3733.53000000,3744.00000000,3.38334300,1545859199999,12666.68513152,59,0.90688000,3396.60380067,0
1545859200000,3754.34000000,3754.34000000,3740.03000000,3741.50000000,1.93492400,1545859499999,7246.69429254,33,0.30300200,1135.24466143,0
1545859500000,3741.50000000,3758.58000000,3741.50000000,3756.20000000,1.76595700,1545859799999,6631.57483068,15,1.67050800,6274.00431280,0
1545859800000,3756.58000000,3767.05000000,3753.82000000,3767.05000000,0.32410600,1545860099999,1217.60993438,15,0.27957800,1050.30518526,0
1545860100000,3767.05000000,3773.89000000,3764.79000000,3764.79000000,1.29171800,1545860399999,4867.09481728,26,0.43899300,1655.03335616,0
1545860400000,3769.77000000,3778.15000000,3763.93000000,3772.08000000,1.38067700,1545860699999,5205.31455880,36,0.10555000,398.20091719,0
1545860700000,3772.08000000,3780.00000000,3766.43000000,3768.88000000,0.33895700,1545860999999,1278.17014094,14,0.08673000,327.34920646,0
1545861000000,3769.96000000,3776.68000000,3764.75000000,3771.99000000,2.72837200,1545861299999,10284.55971252,28,0.03592400,135.52599797,0
1545861300000,3770.01000000,3776.40000000,3764.74000000,3772.70000000,0.60672000,1545861599999,2287.11357115,23,0.40935200,1543.37470341,0
1545861600000,3778.35000000,3791.95000000,3778.35000000,3782.44000000,6.46194200,1545861899999,24492.86204803,22,6.46194200,24492.86204803,0
1545861900000,3781.70000000,3784.17000000,3775.92000000,3775.92000000,0.74007400,1545862199999,2797.15479253,16,0.09800900,370.34602900,0
1545862200000,3778.98000000,3783.05000000,3778.98000000,3783.05000000,0.09446100,1545862499999,357.19200082,2,0.09446100,357.19200082,0
1545862500000,3783.05000000,3834.71000000,3783.05000000,3826.00000000,3.64800900,1545862799999,13929.49842644,62,2.52827800,9665.97746786,0
1545862800000,3828.96000000,3828.96000000,3810.06000000,3810.65000000,10.98065100,1545863099999,41944.98577382,119,3.27874200,12511.22942461,0
1545863100000,3805.92000000,3817.35000000,3798.82000000,3811.83000000,1.61843000,1545863399999,6161.61894486,19,0.42353400,1613.84228567,0
1545863400000,3803.08000000,3803.08000000,3796.45000000,3796.79000000,4.68200000,1545863699999,17776.97224624,28,0.57503300,2183.27324355,0
1545863700000,3794.92000000,3805.34000000,3792.70000000,3805.34000000,0.87951500,1545863999999,3337.38360273,13,0.23481000,892.19068965,0
1545864000000,3797.98000000,3814.18000000,3792.99000000,3808.81000000,1.33453100,1545864299999,5072.33875370,29,0.40912500,1559.10194027,0
1545864300000,3806.52000000,3818.40000000,3806.52000000,3816.40000000,0.40716300,1545864599999,1552.98026441,14,0.36636500,1397.24954836,0
1545864600000,3817.99000000,3817.99000000,3812.95000000,3817.03000000,0.13703800,1545864899999,522.75827880,13,0.01282100,48.95044979,0
1545864900000,3817.52000000,3821.32000000,3804.14000000,3804.19000000,0.78125700,1545865199999,2980.45529312,25,0.31210900,1191.83465104,0
1545865200000,3809.91000000,3809.91000000,3798.14000000,3809.87000000,1.43087400,1545865499999,5439.06129592,37,0.64013000,2433.37468777,0
1545865500000,3809.87000000,3809.87000000,3804.13000000,3808.59000000,0.77611600,1545865799999,2956.26470795,23,0.61916600,2358.77805633,0
1545865800000,3808.59000000,3821.28000000,3808.59000000,3821.03000000,0.33097600,1545866099999,1263.31207344,18,0.18123100,692.02476753,0
1545866100000,3821.03000000,3827.02000000,3811.03000000,3811.03000000,1.35394000,1545866399999,5170.07772579,39,0.57670600,2203.31910440,0
1545866400000,3810.44000000,3825.72000000,3810.44000000,3819.95000000,0.78061700,1545866699999,2984.10041663,23,0.13693400,523.02637305,0
1545866700000,3821.15000000,3821.15000000,3812.81000000,3815.05000000,0.19035800,1545866999999,726.44718154,10,0.11316700,432.02554318,0
1545867000000,3811.68000000,3815.89000000,3796.80000000,3802.57000000,1.57033100,1545867299999,5971.98325209,41,1.52277100,5791.18354009,0
1545867300000,3802.57000000,3805.39000000,3795.09000000,3803.56000000,0.41854100,1545867599999,1591.02309029,19,0.35262600,1340.51842989,0
1545867600000,3800.01000000,3810.00000000,3800.01000000,3806.53000000,0.91861600,1545867899999,3498.68486497,14,0.39898000,1519.18892529,0
1545867900000,3806.53000000,3815.96000000,3799.30000000,3802.50000000,0.44289600,1545868199999,1684.43293954,19,0.35362000,1345.06098745,0
1545868200000,3802.50000000,3805.41000000,3802.50000000,3805.41000000,0.06520400,1545868499999,248.02680444,9,0.03896200,148.20459822,0
1545868500000,3805.41000000,3814.07000000,3805.41000000,3814.07000000,0.66519200,1545868799999,2535.46028113,28,0.54410300,2074.56091282,0
1545868800000,3806.60000000,3806.60000000,3788.55000000,3796.80000000,2.03920500,1545869099999,7759.38814113,33,0.11148900,423.21393609,0
1545869100000,3792.80000000,3795.10000000,3787.45000000,3787.45000000,0.80474400,1545869399999,3049.83365255,21,0.57987900,2197.29514356,0
1545869400000,3787.82000000,3787.82000000,3783.72000000,3786.00000000,4.17028100,1545869699999,15789.17575947,29,3.80437900,14403.87795245,0
1545869700000,3786.02000000,3792.11000000,3785.96000000,3792.11000000,0.09581400,1545869999999,363.08896161,6,0.09581400,363.08896161,0
1545870000000,3789.71000000,3794.69000000,3788.01000000,3788.01000000,1.63093000,1545870299999,6181.53771080,25,1.16501800,4416.49262595,0
1545870300000,3787.10000000,3790.00000000,3787.10000000,3788.23000000,0.19915100,1545870599999,754.71623885,11,0.19915100,754.71623885,0
1545870600000,3788.23000000,3804.91000000,3788.23000000,3794.00000000,1.01242000,1545870899999,3844.18793829,16,0.92077000,3496.17969229,0
1545870900000,3800.75000000,3805.00000000,3800.75000000,3803.70000000,1.19097900,1545871199999,4531.47660774,36,1.18207600,4497.61226664,0
1545871200000,3803.70000000,3813.45000000,3802.00000000,3805.57000000,14.30790800,1545871499999,54408.66319358,108,14.22694100,54100.65572054,0
1545871500000,3806.66000000,3813.07000000,3804.62000000,3807.77000000,0.79203700,1545871799999,3016.50781168,21,0.65790400,2505.79835740,0
1545871800000,3811.34000000,3811.34000000,3811.34000000,3811.34000000,0.00034500,1545872099999,1.31491230,1,0.00034500,1.31491230,0
1545872100000,3807.17000000,3814.11000000,3797.41000000,3811.14000000,2.27753500,1545872399999,8677.34755240,32,0.69547600,2652.38889174,0
1545872400000,3811.14000000,3845.18000000,3811.14000000,3829.69000000,5.39424900,1545872699999,20682.17881843,58,4.99147200,19138.18056578,0
1545872700000,3836.61000000,3836.61000000,3817.05000000,3822.36000000,9.32483700,1545872999999,35769.89737853,27,0.23199300,888.05480683,0
1545873000000,3816.78000000,3824.18000000,3808.07000000,3808.25000000,0.58197900,1545873299999,2219.57542336,25,0.50161500,1913.14169563,0
1545873300000,3809.04000000,3811.42000000,3790.00000000,3790.00000000,1.03616800,1545873599999,3938.19111458,27,0.51838300,1968.32108334,0
1545873600000,3790.00000000,3797.23000000,3790.00000000,3797.23000000,0.36971100,1545873899999,1401.68406628,9,0.10897200,413.27912764,0
1545873900000,3792.92000000,3796.05000000,3783.80000000,3783.85000000,3.49307900,1545874199999,13228.49769463,37,0.11792900,447.11375064,0
1545874200000,3784.35000000,3788.35000000,3762.40000000,3772.57000000,2.26857600,1545874499999,8575.89363698,36,0.14397100,544.00357473,0
1545874500000,3771.02000000,3771.02000000,3759.59000000,3766.38000000,0.23557300,1545874799999,886.90325431,26,0.09311000,350.60848709,0
1545874800000,3768.76000000,3774.89000000,3759.68000000,3764.03000000,0.16521500,1545875099999,622.20313396,14,0.09129400,344.00572346,0
1545875100000,3767.12000000,3772.98000000,3759.99000000,3759.99000000,4.48204700,1545875399999,16854.85689203,37,0.23738700,893.73386891,0
1545875400000,3764.42000000,3770.46000000,3764.42000000,3770.46000000,3.95498100,1545875699999,14890.74317583,19,0.00436500,16.45805790,0
1545875700000,3761.93000000,3770.46000000,3756.01000000,3756.01000000,0.42074600,1545875999999,1583.33784434,18,0.25456800,958.83974044,0
1545876000000,3756.00000000,3756.00000000,3738.27000000,3750.83000000,16.53235000,1545876299999,61942.88595335,54,10.11275800,37869.52928548,0
1545876300000,3748.93000000,3754.18000000,3723.00000000,3723.00000000,1.92105800,1545876599999,7167.73360731,43,0.44344100,1658.07860479,0
1545876600000,3724.71000000,3739.92000000,3723.29000000,3733.72000000,1.15952000,1545876899999,4328.14571892,24,1.13007500,4218.30244197,0
1545876900000,3739.92000000,3749.18000000,3736.42000000,3749.18000000,0.55352600,1545877199999,2071.09860889,13,0.42684800,1597.33275617,0
1545877200000,3736.87000000,3741.56000000,3733.99000000,3733.99000000,0.10884200,1545877499999,406.97348901,12,0.02671700,99.91730528,0
1545877500000,3737.85000000,3750.52000000,3737.84000000,3750.00000000,1.23521200,1545877799999,4631.16237631,22,1.16564000,4370.83270415,0
1545877800000,3747.72000000,3747.72000000,3738.17000000,3747.48000000,3.28435400,1545878099999,12294.66849941,37,3.21049300,12018.38120818,0
1545878100000,3747.48000000,3748.69000000,3743.01000000,3743.01000000,0.06645700,1545878399999,248.89846280,5,0.02646000,99.18929183,0
1545878400000,3747.73000000,3747.73000000,3747.64000000,3747.66000000,1.45476900,1545878699999,5451.98798485,21,1.45476900,5451.98798485,0
1545878700000,3743.01000000,3752.35000000,3731.17000000,3752.35000000,1.01924300,1545878999999,3814.81256185,22,0.50125300,1877.16761589,0
1545879000000,3751.11000000,3752.35000000,3751.11000000,3751.94000000,0.03830300,1545879299999,143.71240281,4,0.01305100,48.95806061,0
1545879300000,3751.84000000,3763.36000000,3751.84000000,3763.36000000,0.79776000,1545879599999,2993.67365466,20,0.70171700,2633.33064218,0
1545879600000,3760.56000000,3764.85000000,3757.67000000,3757.68000000,1.07431400,1545879899999,4038.07634142,13,0.15531200,584.46613804,0
1545879900000,3748.00000000,3756.32000000,3748.00000000,3756.32000000,0.44830200,1545880199999,1683.14839700,11,0.44298900,1663.19255648,0
1545880200000,3750.56000000,3750.56000000,3747.13000000,3747.22000000,0.05842500,1545880499999,218.96780892,6,0.05310100,198.99982748,0
1545880500000,3745.86000000,3745.86000000,3741.00000000,3741.00000000,3.67290600,1545880799999,13740.52560756,5,0.05737600,214.80197376,0
1545880800000,3743.76000000,3754.36000000,3743.76000000,3754.36000000,0.05002600,1545881099999,187.54991631,11,0.04470900,167.60568980,0
1545881100000,3754.36000000,3754.36000000,3754.36000000,3754.36000000,0.00000000,1545881399999,0.00000000,0,0.00000000,0.00000000,0
1545881400000,3753.26000000,3755.99000000,3753.26000000,3755.54000000,0.30682600,1545881699999,1151.65669380,6,0.00677000,25.42398056,0
1545881700000,3755.54000000,3755.70000000,3750.19000000,3755.70000000,0.39486500,1545881999999,1482.71813530,12,0.33724500,1266.59104650,0
1545882000000,3755.70000000,3755.70000000,3752.79000000,3752.79000000,0.23583200,1545882299999,885.10377369,6,0.02692700,101.12717874,0
1545882300000,3754.34000000,3754.34000000,3750.19000000,3750.19000000,2.25771800,1545882599999,8472.76103769,11,0.02052500,77.04559982,0
1545882600000,3742.98000000,3743.23000000,3733.84000000,3735.76000000,1.06168200,1545882899999,3968.84956415,11,0.02693500,100.72339587,0
1545882900000,3735.00000000,3739.62000000,3731.50000000,3731.50000000,2.62878500,1545883199999,9825.14496908,21,2.47878500,9265.41068349,0
1545883200000,3735.29000000,3747.39000000,3733.72000000,3743.64000000,0.58687400,1545883499999,2197.26419924,15,0.27747200,1038.03236156,0
1545883500000,3747.79000000,3754.14000000,3742.75000000,3754.14000000,0.63304300,1545883799999,2373.42388672,13,0.55908800,2096.59391916,0
1545883800000,3745.00000000,3745.00000000,3745.00000000,3745.00000000,0.01863000,1545884099999,69.76935000,1,0.00000000,0.00000000,0
1545884100000,3745.02000000,3745.02000000,3736.84000000,3736.84000000,1.66979000,1545884399999,6240.64908639,13,0.01622100,60.74365017,0
1545884400000,3744.63000000,3760.00000000,3744.63000000,3757.59000000,1.21394400,1545884699999,4558.33185813,17,1.09435000,4108.71544765,0
1545884700000,3753.60000000,3753.61000000,3751.23000000,3752.85000000,0.56234700,1545884999999,2110.75786407,4,0.00489400,18.36644790,0
1545885000000,3747.05000000,3747.05000000,3746.00000000,3746.00000000,0.50474400,1545885299999,1890.80180160,7,0.47543200,1780.96827200,0
1545885300000,3745.46000000,3750.47000000,3745.46000000,3750.47000000,0.45439300,1545885599999,1703.93132037,9,0.45439300,1703.93132037,0
1545885600000,3749.55000000,3750.47000000,3749.55000000,3750.47000000,0.20716100,1545885899999,776.92414863,5,0.20716100,776.92414863,0
1545885900000,3750.47000000,3753.28000000,3750.45000000,3753.28000000,0.39435000,1545886199999,1479.54727526,8,0.37687300,1414.00031107,0
1545886200000,3753.10000000,3753.10000000,3741.53000000,3741.82000000,2.12399100,1545886499999,7947.69996276,15,0.13676400,511.98196434,0
1545886500000,3743.41000000,3751.05000000,3743.41000000,3745.04000000,0.47787800,1545886799999,1792.07678676,5,0.47787800,1792.07678676,0
1545886800000,3745.04000000,3750.00000000,3743.53000000,3743.53000000,1.48885400,1545887099999,5582.82480192,15,1.46485300,5492.97633839,0
1545887100000,3742.99000000,3745.40000000,3714.30000000,3725.45000000,2.89828400,1545887399999,10812.54226416,47,1.31636600,4911.42597092,0
1545887400000,3728.50000000,3728.50000000,3716.30000000,3721.08000000,2.73206000,1545887699999,10164.53101141,30,0.41606000,1548.71014668,0
1545887700000,3725.33000000,3726.44000000,3699.12000000,3721.46000000,3.69259500,1545887999999,13675.59011574,59,1.91570700,7094.68440619,0
1545888000000,3702.07000000,3717.80000000,3681.00000000,3717.74000000,7.22391200,1545888299999,26747.35554210,70,2.22121900,8245.38826485,0
1545888300000,3717.29000000,3728.68000000,3715.48000000,3721.48000000,1.83576900,1545888599999,6830.79572177,49,1.60977500,5990.34012639,0
1545888600000,3720.50000000,3720.50000000,3709.56000000,3709.56000000,0.57313800,1545888899999,2129.82676651,16,0.21021800,780.38716394,0
1545888900000,3714.83000000,3724.85000000,3712.86000000,3718.27000000,0.60261600,1545889199999,2240.97168164,17,0.52486200,1951.78725681,0
1545889200000,3712.56000000,3712.56000000,3706.70000000,3712.56000000,0.66121100,1545889499999,2451.74163559,13,0.49871300,1849.08626854,0
1545889500000,3712.56000000,3728.70000000,3712.56000000,3728.70000000,0.24417900,1545889799999,908.96524095,10,0.24417900,908.96524095,0
1545889800000,3725.35000000,3729.04000000,3723.48000000,3726.31000000,0.24051500,1545890099999,896.28511921,9,0.13019100,485.33688049,0
1545890100000,3728.92000000,3731.58000000,3723.15000000,3723.15000000,1.11804500,1545890399999,4169.55641232,14,0.29555400,1102.38230808,0
1545890400000,3727.46000000,3737.76000000,3720.64000000,3737.76000000,1.38442700,1545890699999,5161.94612725,24,0.91714700,3422.97798120,0
1545890700000,3743.04000000,3743.04000000,3738.96000000,3739.58000000,3.67164300,1545890999999,13742.82739957,13,0.01539800,57.61719805,0
1545891000000,3741.39000000,3745.01000000,3741.39000000,3745.01000000,1.81141300,1545891299999,6780.47298579,10,1.79884300,6733.39921569,0
1545891300000,3745.01000000,3745.01000000,3745.01000000,3745.01000000,0.00000000,1545891599999,0.00000000,0,0.00000000,0.00000000,0
1545891600000,3740.00000000,3740.00000000,3733.52000000,3733.60000000,0.72065300,1545891899999,2694.44179369,10,0.27896300,1043.05262628,0
1545891900000,3733.52000000,3734.98000000,3721.25000000,3734.98000000,10.21109600,1545892199999,38021.28222411,33,0.37186500,1387.32599280,0
1545892200000,3733.90000000,3744.98000000,3728.54000000,3743.00000000,0.67758100,1545892499999,2532.78299005,18,0.42230600,1579.52593714,0
1545892500000,3737.53000000,3737.53000000,3736.54000000,3737.53000000,0.13619600,1545892799999,508.95058114,6,0.12336000,460.97564606,0
1545892800000,3741.23000000,3743.39000000,3741.23000000,3743.39000000,0.09064300,1545893099999,339.19832150,8,0.00000000,0.00000000,0
1545893100000,3740.72000000,3740.72000000,3731.96000000,3733.25000000,0.75916300,1545893399999,2835.46375309,8,0.00000000,0.00000000,0
1545893400000,3739.99000000,3740.00000000,3729.15000000,3729.15000000,1.51448600,1545893699999,5663.01817186,15,0.94802900,3545.62653740,0
1545893700000,3740.00000000,3743.00000000,3740.00000000,3742.34000000,0.88263600,1545893999999,3301.73955654,8,0.88263600,3301.73955654,0
1545894000000,3737.72000000,3749.51000000,3737.71000000,3749.51000000,4.25515700,1545894299999,15952.88154177,10,4.20315700,15758.52023377,0
1545894300000,3749.51000000,3750.47000000,3739.66000000,3740.02000000,5.76034800,1545894599999,21572.87387115,47,3.96843500,14869.84040472,0
1545894600000,3749.17000000,3750.52000000,3744.44000000,3750.23000000,1.63930000,1545894899999,6147.41964647,10,1.43736400,5390.75856429,0
1545894900000,3750.52000000,3756.01000000,3746.23000000,3749.60000000,1.14891100,1545895199999,4311.74544404,21,0.25704200,964.50194333,0
1545895200000,3749.60000000,3749.60000000,3744.12000000,3744.12000000,1.17336100,1545895499999,4395.35569170,8,0.00955700,35.82823730,0
1545895500000,3744.12000000,3746.08000000,3732.89000000,3732.89000000,0.78585400,1545895799999,2939.50648651,21,0.54082300,2023.05090230,0
1545895800000,3732.89000000,3735.63000000,3729.15000000,3730.51000000,0.25506400,1545896099999,952.04640503,11,0.11216300,418.89215813,0
1545896100000,3735.63000000,3739.83000000,3735.63000000,3739.83000000,0.40539000,1545896399999,1515.12949210,6,0.39587100,1479.53956933,0
1545896400000,3740.01000000,3740.01000000,3740.00000000,3740.00000000,0.49470600,1545896699999,1850.20161434,6,0.00000000,0.00000000,0
1545896700000,3741.68000000,3744.32000000,3741.68000000,3744.23000000,0.10452500,1545896999999,391.20715678,4,0.05870700,219.66280776,0
1545897000000,3744.23000000,3744.23000000,3743.33000000,3743.33000000,0.04758300,1545897299999,178.15353399,3,0.00906900,33.94825977,0
1545897300000,3741.69000000,3742.74000000,3741.68000000,3742.74000000,0.18939300,1545897599999,708.71093829,3,0.05872100,219.77743554,0
1545897600000,3742.74000000,3753.91000000,3742.74000000,3753.91000000,0.13878400,1545897899999,520.25036065,3,0.13337900,499.96047710,0
1545897900000,3751.09000000,3754.35000000,3747.02000000,3748.61000000,1.69904600,1545898199999,6377.42123186,9,1.53166800,5749.84499578,0
1545898200000,3749.49000000,3760.44000000,3748.62000000,3759.27000000,0.27869500,1545898499999,1046.59197459,11,0.18706000,702.99486954,0
1545898500000,3759.13000000,3767.04000000,3748.65000000,3758.46000000,6.77053700,1545898799999,25458.01370528,30,5.57178300,20960.84135462,0
1545898800000,3759.19000000,3761.42000000,3755.47000000,3761.42000000,0.32057400,1545899099999,1204.97714114,10,0.23288300,875.65622137,0
1545899100000,3761.42000000,3761.42000000,3755.56000000,3755.56000000,0.26072700,1545899399999,980.14316716,8,0.00001900,0.07146698,0
1545899400000,3752.81000000,3752.81000000,3748.61000000,3748.61000000,0.73553800,1545899699999,2760.22252996,6,0.10265100,385.22764629,0
1545899700000,3748.62000000,3751.18000000,3748.62000000,3748.62000000,0.11258900,1545899999999,422.10158166,5,0.00965200,36.20638936,0
1545900000000,3748.61000000,3748.61000000,3748.61000000,3748.61000000,0.00393100,1545900299999,14.73578591,2,0.00300800,11.27581888,0
1545900300000,3745.03000000,3748.69000000,3745.00000000,3748.69000000,0.71531200,1545900599999,2678.94661085,8,0.02294000,85.99278078,0
1545900600000,3739.71000000,3741.39000000,3735.93000000,3740.32000000,3.42729200,1545900899999,12810.18828934,14,0.00386300,14.44885616,0
1545900900000,3737.76000000,3737.76000000,3728.70000000,3728.70000000,0.51717200,1545901199999,1929.51591616,13,0.10312700,385.26968876,0
1545901200000,3728.67000000,3733.63000000,3727.00000000,3733.63000000,0.36241400,1545901499999,1351.70889059,13,0.30451500,1135.84888377,0
1545901500000,3736.95000000,3736.95000000,3736.95000000,3736.95000000,0.19144800,1545901799999,715.43160360,4,0.19144800,715.43160360,0
1545901800000,3736.95000000,3736.95000000,3736.95000000,3736.95000000,0.00000000,1545902099999,0.00000000,0,0.00000000,0.00000000,0
1545902100000,3748.32000000,3748.69000000,3748.32000000,3748.69000000,0.00586800,1545902399999,21.99622734,2,0.00586800,21.99622734,0
1545902400000,3748.69000000,3763.79000000,3748.69000000,3755.83000000,1.23294300,1545902699999,4623.67493469,15,1.19864400,4494.86618162,0
1545902700000,3755.83000000,3755.83000000,3750.36000000,3750.36000000,0.39914600,1545902999999,1497.50146278,7,0.25944700,973.01965092,0
1545903000000,3749.66000000,3749.66000000,3744.40000000,3744.40000000,0.15058100,1545903299999,564.24030844,8,0.08834000,331.18510804,0
1545903300000,3746.40000000,3746.45000000,3744.06000000,3744.06000000,1.38019600,1545903599999,5167.58536039,7,0.01503900,56.34241810,0
1545903600000,3744.06000000,3745.67000000,3744.06000000,3745.67000000,0.15245900,1545903899999,570.87565307,2,0.15245900,570.87565307,0
1545903900000,3749.23000000,3749.25000000,3736.43000000,3736.43000000,0.31654200,1545904199999,1186.47135614,8,0.08605400,322.59332322,0
1545904200000,3740.37000000,3740.37000000,3740.37000000,3740.37000000,0.03467300,1545904499999,129.68984901,3,0.03467300,129.68984901,0
1545904500000,3738.48000000,3753.89000000,3738.46000000,3745.30000000,0.44951500,1545904799999,1683.89790929,7,0.23022300,863.88235753,0
1545904800000,3751.24000000,3756.82000000,3751.24000000,3751.66000000,0.72734300,1545905099999,2729.41530277,6,0.04313600,161.83768178,0
1545905100000,3748.19000000,3748.25000000,3748.19000000,3748.25000000,0.01714700,1545905399999,64.27107169,4,0.00000000,0.00000000,0
1545905400000,3749.00000000,3759.68000000,3749.00000000,3759.68000000,0.18146800,1545905699999,680.77507792,9,0.06325900,237.46791251,0
1545905700000,3761.52000000,3767.05000000,3756.75000000,3759.41000000,0.59587900,1545905999999,2241.22258126,23,0.23544300,885.72662128,0
1545906000000,3753.70000000,3756.23000000,3749.99000000,3756.23000000,0.23784700,1545906299999,892.90534951,9,0.14096600,529.39495164,0
1545906300000,3752.99000000,3752.99000000,3752.99000000,3752.99000000,0.07158000,1545906599999,268.63902420,7,0.03967100,148.88486629,0
1545906600000,3753.00000000,3753.00000000,3741.98000000,3743.22000000,0.98305300,1545906899999,3682.95155703,10,0.11369300,426.29372732,0
1545906900000,3743.22000000,3743.22000000,3743.22000000,3743.22000000,0.00000000,1545907199999,0.00000000,0,0.00000000,0.00000000,0
1545907200000,3743.22000000,3743.22000000,3737.76000000,3737.76000000,0.03442200,1545907499999,128.69138712,6,0.01327500,49.62659625,0
1545907500000,3737.76000000,3737.76000000,3737.76000000,3737.76000000,1.69922000,1545907799999,6351.27654720,16,1.69922000,6351.27654720,0
1545907800000,3735.94000000,3735.94000000,3733.04000000,3733.04000000,0.08177500,1545908099999,305.28008019,3,0.00000000,0.00000000,0
1545908100000,3737.76000000,3739.62000000,3726.89000000,3728.19000000,0.11330100,1545908399999,423.31704053,11,0.09982900,373.06450224,0
1545908400000,3727.10000000,3732.66000000,3725.99000000,3732.14000000,0.09142000,1545908699999,341.05320171,8,0.07764800,289.68369319,0
1545908700000,3732.14000000,3743.39000000,3732.14000000,3743.39000000,0.12318200,1545908999999,460.75982582,10,0.06650300,248.72516869,0
1545909000000,3745.61000000,3747.69000000,3745.61000000,3747.69000000,0.12922700,1545909299999,484.13624619,7,0.04918400,184.32638496,0
1545909300000,3742.14000000,3752.13000000,3737.85000000,3752.13000000,0.12680800,1545909599999,474.45319687,10,0.05324100,199.28707453,0
1545909600000,3741.50000000,3742.02000000,3733.69000000,3740.44000000,0.29501100,1545909899999,1102.54018444,8,0.07417600,277.56281260,0
1545909900000,3740.44000000,3740.44000000,3740.44000000,3740.44000000,0.00000000,1545910199999,0.00000000,0,0.00000000,0.00000000,0
1545910200000,3736.21000000,3736.21000000,3731.73000000,3731.73000000,0.06006800,1545910499999,224.31422338,6,0.02264500,84.56068331,0
1545910500000,3730.86000000,3735.96000000,3730.86000000,3731.36000000,0.07337600,1545910799999,273.95982577,6,0.03742300,139.70978898,0
1545910800000,3731.78000000,3735.66000000,3731.78000000,3735.66000000,0.20852900,1545911099999,778.91550760,8,0.20319200,758.98805689,0
1545911100000,3737.29000000,3742.27000000,3716.11000000,3716.11000000,1.26954500,1545911399999,4733.75783543,24,0.71852400,2684.61428150,0
1545911400000,3723.86000000,3742.25000000,3723.86000000,3742.25000000,0.38741800,1545911699999,1445.36708889,15,0.36467200,1360.27099679,0
1545911700000,3745.09000000,3750.00000000,3739.01000000,3743.27000000,0.37911900,1545911999999,1419.20854795,21,0.28638800,1072.15475392,0
1545912000000,3748.84000000,3752.20000000,3748.69000000,3752.20000000,0.45834800,1545912299999,1718.95130878,10,0.45834800,1718.95130878,0
1545912300000,3748.02000000,3752.20000000,3748.02000000,3752.20000000,0.03236200,1545912599999,121.41733516,3,0.00000000,0.00000000,0
1545912600000,3749.64000000,3749.64000000,3743.05000000,3743.05000000,0.17474600,1545912899999,655.04152286,6,0.09355900,350.81256876,0
1545912900000,3743.05000000,3743.05000000,3742.72000000,3743.05000000,0.09289800,1545913199999,347.71748079,4,0.09289800,347.71748079,0
1545913200000,3743.05000000,3747.94000000,3743.05000000,3747.94000000,0.85851700,1545913499999,3213.48640411,9,0.85851700,3213.48640411,0
1545913500000,3747.85000000,3752.31000000,3745.33000000,3752.30000000,0.33734300,1545913799999,1264.77522385,9,0.14168800,531.47239783,0
1545913800000,3747.90000000,3755.94000000,3746.62000000,3751.73000000,0.42638500,1545914099999,1599.56099041,17,0.30993800,1163.11382219,0
1545914100000,3752.03000000,3755.00000000,3748.51000000,3748.86000000,0.97915600,1545914399999,3674.99398501,15,0.20296700,762.11456748,0
1545914400000,3748.86000000,3748.86000000,3748.86000000,3748.86000000,0.00000000,1545914699999,0.00000000,0,0.00000000,0.00000000,0
1545914700000,3741.85000000,3749.13000000,3738.24000000,3746.00000000,1.60346800,1545914999999,6000.46423498,15,0.44505200,1667.86637587,0
1545915000000,3746.00000000,3746.00000000,3742.28000000,3742.28000000,0.89014100,1545915299999,3334.36893096,7,0.00000000,0.00000000,0
1545915300000,3742.91000000,3742.91000000,3742.55000000,3742.55000000,0.62757000,1545915599999,2348.92651518,2,0.00000000,0.00000000,0
1545915600000,3742.55000000,3745.81000000,3742.47000000,3745.81000000,0.40299400,1545915899999,1508.23320140,3,0.01204900,45.13326469,0
1545915900000,3742.28000000,3749.49000000,3742.28000000,3749.49000000,10.59413700,1545916199999,39720.72731994,12,10.21642000,38305.91887329,0
1545916200000,3746.10000000,3749.49000000,3746.10000000,3746.80000000,4.29967000,1545916499999,16117.72518416,20,0.18295900,685.91615702,0
1545916500000,3750.00000000,3759.07000000,3750.00000000,3755.42000000,13.01048900,1545916799999,48837.16984787,33,4.51241200,16928.33260303,0
1545916800000,3753.41000000,3753.41000000,3753.41000000,3753.41000000,0.04255600,1545917099999,159.73011596,3,0.00000000,0.00000000,0
1545917100000,3753.00000000,3760.39000000,3753.00000000,3760.39000000,0.19089000,1545917399999,717.57411966,12,0.04815800,180.87618314,0
1545917400000,3759.08000000,3772.30000000,3750.27000000,3772.30000000,0.61149600,1545917699999,2298.98273944,18,0.07361200,277.16052672,0
1545917700000,3772.30000000,3778.60000000,3765.79000000,3766.16000000,1.90189200,1545917999999,7175.19174857,28,1.69075900,6379.07882934,0
1545918000000,3755.62000000,3755.62000000,3754.46000000,3754.46000000,2.67833700,1545918299999,10057.18027775,16,0.08927700,335.20567359,0
1545918300000,3754.46000000,3757.15000000,3754.46000000,3755.00000000,1.79765500,1545918599999,6750.56247586,7,0.04366900,163.96879789,0
1545918600000,3755.00000000,3762.92000000,3750.00000000,3762.92000000,13.88140200,1545918899999,52097.83419051,29,0.80923500,3044.24272504,0
1545918900000,3754.83000000,3755.36000000,3754.83000000,3755.36000000,0.02763600,1545919199999,103.77921438,8,0.00000000,0.00000000,0
1545919200000,3755.36000000,3755.85000000,3750.00000000,3750.00000000,2.73119500,1545919499999,10256.96550460,11,2.63781000,9906.66525136,0
1545919500000,3750.00000000,3750.00000000,3745.04000000,3746.72000000,3.80640300,1545919799999,14273.25333744,30,0.18721300,701.43656292,0
1545919800000,3748.25000000,3750.00000000,3745.15000000,3745.15000000,1.42552600,1545920099999,5345.65246875,11,0.02593900,97.22585675,0
1545920100000,3745.15000000,3745.15000000,3737.76000000,3737.76000000,10.18157900,1545920399999,38109.49092839,31,2.02052900,7566.60051927,0
1545920400000,3735.95000000,3741.53000000,3735.15000000,3740.00000000,0.47345100,1545920699999,1770.08067363,9,0.01487000,55.63640240,0
1545920700000,3740.00000000,3745.61000000,3740.00000000,3745.61000000,0.08160400,1545920999999,305.58694199,3,0.06915900,259.04264199,0
1545921000000,3750.95000000,3750.95000000,3740.55000000,3740.55000000,1.78627900,1545921299999,6684.92904236,8,0.00000000,0.00000000,0
1545921300000,3740.55000000,3748.21000000,3740.55000000,3743.39000000,2.07973300,1545921599999,7794.35062225,21,1.99825700,7489.37816240,0
1545921600000,3743.39000000,3748.32000000,3743.39000000,3748.32000000,0.02131700,1545921899999,79.82380370,3,0.00373500,13.99997520,0
1545921900000,3748.32000000,3750.17000000,3747.28000000,3748.32000000,2.31951200,1545922199999,8694.29298928,9,0.05101300,191.23281760,0
1545922200000,3748.32000000,3751.74000000,3748.32000000,3749.47000000,2.16077100,1545922499999,8100.04286771,17,2.12617000,7970.27216322,0
1545922500000,3751.26000000,3751.26000000,3747.80000000,3747.80000000,0.07918500,1545922799999,296.87912304,4,0.01976700,74.13572456,0
1545922800000,3747.80000000,3747.80000000,3747.80000000,3747.80000000,0.00000000,1545923099999,0.00000000,0,0.00000000,0.00000000,0
1545923100000,3747.80000000,3747.80000000,3743.44000000,3743.49000000,0.73027200,1545923399999,2734.43028654,5,0.16660800,624.33718200,0
1545923400000,3742.06000000,3745.15000000,3740.00000000,3740.00000000,7.76275100,1545923699999,29050.09825639,11,1.03996900,3894.83424155,0
1545923700000,3745.15000000,3745.15000000,3735.00000000,3738.25000000,8.04641400,1545923999999,30080.54531546,32,0.14196200,530.61500191,0
1545924000000,3736.15000000,3741.47000000,3726.89000000,3726.89000000,6.10865400,1545924299999,22797.43933671,26,0.55608300,2078.46287228,0
1545924300000,3725.09000000,3745.34000000,3720.11000000,3738.27000000,4.58896400,1545924599999,17152.50445080,35,4.32557000,16170.08161995,0
1545924600000,3743.11000000,3743.11000000,3728.66000000,3728.66000000,8.60633900,1545924899999,32112.14446081,34,0.06163800,230.11407690,0
1545924900000,3726.00000000,3733.73000000,3725.00000000,3733.73000000,3.83953500,1545925199999,14303.81846701,19,0.26695700,995.59645129,0
1545925200000,3726.72000000,3729.83000000,3723.22000000,3729.83000000,12.64437100,1545925499999,47118.38701691,67,0.71993200,2681.80717308,0
1545925500000,3732.54000000,3735.97000000,3730.06000000,3735.97000000,0.05800300,1545925799999,216.49100491,6,0.04999600,186.57709312,0
1545925800000,3735.97000000,3738.22000000,3728.71000000,3738.11000000,1.49072600,1545926099999,5562.35016299,15,1.43129800,5340.35068016,0
1545926100000,3734.47000000,3741.77000000,3734.47000000,3741.77000000,0.69549300,1545926399999,2601.92394657,6,0.69014900,2581.96693889,0
1545926400000,3741.77000000,3741.77000000,3741.77000000,3741.77000000,0.08678700,1545926699999,324.73699299,1,0.08678700,324.73699299,0
1545926700000,3740.02000000,3747.58000000,3740.02000000,3747.58000000,0.00641300,1545926999999,24.00879662,2,0.00318100,11.92105198,0
1545927000000,3746.59000000,3761.31000000,3746.59000000,3761.31000000,2.94911400,1545927299999,11065.52962725,35,2.59600200,9740.67880369,0
1545927300000,3762.93000000,3762.93000000,3747.90000000,3747.90000000,0.62976300,1545927599999,2365.54503814,17,0.11934100,447.82937301,0
1545927600000,3748.08000000,3753.88000000,3747.08000000,3747.08000000,6.20319800,1545927899999,23257.02641570,22,2.00000000,7507.29116431,0
1545927900000,3747.08000000,3751.51000000,3747.08000000,3750.00000000,3.34493400,1545928199999,12543.31376633,30,0.08888300,333.12251633,0
1545928200000,3750.00000000,3750.20000000,3749.90000000,3750.20000000,12.82111900,1545928499999,48079.19701240,50,0.08452000,316.94154800,0
1545928500000,3750.00000000,3750.00000000,3750.00000000,3750.00000000,7.36311100,1545928799999,27611.66625000,27,0.00000000,0.00000000,0
1545928800000,3746.74000000,3746.88000000,3740.00000000,3745.38000000,10.29314300,1545929099999,38537.46017078,58,0.00000000,0.00000000,0
1545929100000,3745.00000000,3750.65000000,3745.00000000,3745.53000000,17.78530000,1545929399999,66685.99255559,125,0.02400000,89.96210030,0
1545929400000,3745.53000000,3746.73000000,3745.00000000,3745.00000000,2.98739800,1545929699999,11187.92165178,28,0.03035200,113.71368826,0
1545929700000,3745.24000000,3745.33000000,3745.00000000,3745.32000000,2.39863400,1545929999999,8983.30041167,13,0.00000000,0.00000000,0
1545930000000,3745.33000000,3745.33000000,3745.00000000,3745.00000000,8.51585000,1545930299999,31892.51189528,49,0.01728000,64.71536624,0
1545930300000,3745.00000000,3745.00000000,3740.00000000,3740.00000000,10.09521000,1545930599999,37756.33467112,77,0.05718400,214.03033412,0
1545930600000,3740.00000000,3742.48000000,3736.36000000,3736.36000000,8.16824400,1545930899999,30548.92426752,36,0.09330600,349.18913088,0
1545930900000,3736.36000000,3736.63000000,3735.09000000,3736.56000000,2.15204900,1545931199999,8041.09314940,23,0.01418000,52.97970599,0
1545931200000,3742.40000000,3745.00000000,3742.40000000,3742.40000000,2.26515700,1545931499999,8482.66746076,18,0.04265400,159.62832960,0
1545931500000,3741.75000000,3745.75000000,3741.75000000,3745.75000000,0.14154700,1545931799999,530.14413349,5,0.06194200,231.96370474,0
1545931800000,3745.75000000,3747.98000000,3740.00000000,3747.78000000,1.73816700,1545932099999,6511.55592281,16,1.59269100,5967.12898725,0
1545932100000,3748.44000000,3748.44000000,3744.55000000,3745.35000000,4.90273500,1545932399999,18358.87683176,8,0.03673100,137.67155256,0
1545932400000,3742.34000000,3747.80000000,3741.06000000,3741.11000000,0.82314100,1545932699999,3079.86743114,5,0.01334000,49.99565200,0
1545932700000,3747.17000000,3753.44000000,3745.66000000,3745.66000000,4.59071500,1545932999999,17205.50523377,23,2.15759200,8091.85309820,0
1545933000000,3745.66000000,3746.86000000,3740.00000000,3740.00000000,20.11618800,1545933299999,75283.66891488,89,0.02000000,74.93720000,0
1545933300000,3743.68000000,3746.86000000,3743.06000000,3746.44000000,2.15101900,1545933599999,8053.90684663,16,0.45016800,1686.47938871,0
1545933600000,3745.66000000,3749.62000000,3740.00000000,3740.00000000,14.59940400,1545933899999,54613.40126171,58,1.47383000,5522.20109900,0
1545933900000,3737.71000000,3740.00000000,3725.10000000,3730.82000000,56.11988500,1545934199999,209566.39909582,100,4.05397300,15118.44123231,0
1545934200000,3735.59000000,3744.50000000,3735.59000000,3737.38000000,4.35420600,1545934499999,16284.58788992,39,0.16306300,609.88591203,0
1545934500000,3744.13000000,3751.61000000,3742.57000000,3742.57000000,1.97431800,1545934799999,7390.03137278,24,0.10999000,412.43746682,0
1545934800000,3746.68000000,3750.16000000,3735.00000000,3735.00000000,8.86956500,1545935099999,33194.75786596,67,0.17115000,641.44154666,0
1545935100000,3740.71000000,3744.47000000,3735.00000000,3735.01000000,21.29003900,1545935399999,79619.80063485,54,14.22586400,53227.47213517,0
1545935400000,3735.26000000,3742.57000000,3735.26000000,3742.00000000,11.11087000,1545935699999,41564.23548223,30,9.14717800,34225.63552791,0
1545935700000,3743.87000000,3744.34000000,3740.07000000,3740.07000000,1.94876700,1545935999999,7291.07699700,27,0.29598100,1108.01129865,0
1545936000000,3740.07000000,3740.36000000,3738.06000000,3738.06000000,5.64083700,1545936299999,21096.69711620,16,0.10797400,403.86163064,0
1545936300000,3738.06000000,3740.88000000,3733.26000000,3738.19000000,15.72886300,1545936599999,58775.50262217,24,2.07338400,7741.07571122,0
1545936600000,3735.01000000,3739.54000000,3731.80000000,3731.80000000,0.29868700,1545936899999,1114.96471046,8,0.01562200,58.38147890,0
1545936900000,3731.80000000,3738.06000000,3727.83000000,3735.00000000,14.87115000,1545937199999,55504.69083456,45,3.20944900,11996.78600343,0
1545937200000,3738.05000000,3738.05000000,3701.78000000,3703.26000000,62.61581700,1545937499999,233034.79898921,135,0.80070000,2973.12092776,0
1545937500000,3698.22000000,3698.22000000,3606.78000000,3626.00000000,68.76962000,1545937799999,249797.42343536,460,47.21831200,171347.06595856,0
1545937800000,3626.00000000,3626.00000000,3600.27000000,3600.27000000,30.90292100,1545938099999,111729.85801495,133,2.12722400,7700.56431365,0
1545938100000,3600.81000000,3623.57000000,3593.10000000,3622.96000000,26.08943300,1545938399999,93984.89487508,108,13.31699800,48026.35835698,0
1545938400000,3615.01000000,3623.39000000,3605.28000000,3606.47000000,11.40530400,1545938699999,41206.35988737,89,6.19112800,22357.63541813,0
1545938700000,3606.87000000,3614.88000000,3602.10000000,3610.58000000,17.37904900,1545938999999,62676.53661166,44,0.50631100,1828.25906769,0
1545939000000,3607.23000000,3608.23000000,3584.56000000,3597.43000000,21.92164500,1545939299999,78802.16097677,136,6.87370800,24709.90261282,0
1545939300000,3592.68000000,3612.78000000,3592.14000000,3607.10000000,8.10048200,1545939599999,29136.66474703,99,3.04936700,10973.02980346,0
1545939600000,3607.10000000,3618.21000000,3605.01000000,3611.41000000,34.17258900,1545939899999,123400.64872308,77,15.66378700,56567.01364918,0
1545939900000,3610.89000000,3618.01000000,3608.97000000,3617.73000000,5.93694700,1545940199999,21434.45884931,40,0.67795600,2450.85794856,0
1545940200000,3610.78000000,3615.87000000,3608.42000000,3610.00000000,10.17129000,1545940499999,36722.19852779,70,1.10018100,3975.72950024,0
1545940500000,3610.00000000,3613.37000000,3595.97000000,3607.35000000,17.85756600,1545940799999,64378.67762316,133,2.80364600,10107.39226884,0
1545940800000,3607.35000000,3610.77000000,3600.00000000,3604.57000000,7.41055000,1545941099999,26714.16179910,96,2.03184000,7328.67980227,0
1545941100000,3600.16000000,3609.02000000,3593.36000000,3596.34000000,6.65860300,1545941399999,24002.64669966,42,5.18902700,18717.08331012,0
1545941400000,3596.34000000,3596.34000000,3580.00000000,3590.18000000,28.04848700,1545941699999,100570.31488995,159,20.16296800,72310.32962821,0
1545941700000,3588.93000000,3598.68000000,3588.93000000,3589.49000000,12.16962000,1545941999999,43752.85735499,74,7.75609400,27900.89228570,0
1545942000000,3595.99000000,3596.00000000,3589.51000000,3591.03000000,2.47807800,1545942299999,8906.06791989,37,1.73393100,6233.89109449,0
1545942300000,3589.57000000,3590.91000000,3585.32000000,3590.91000000,5.22673500,1545942599999,18761.01889157,23,3.79591900,13630.53604854,0
1545942600000,3590.91000000,3594.95000000,3587.57000000,3594.85000000,7.93929800,1545942899999,28527.43151513,75,6.27056300,22535.75680797,0
1545942900000,3594.85000000,3601.01000000,3593.25000000,3599.12000000,16.60327200,1545943199999,59738.09381427,47,15.57187200,56029.04125258,0
1545943200000,3595.21000000,3595.21000000,3585.00000000,3585.00000000,6.10349000,1545943499999,21904.43896483,27,0.22552700,809.19845155,0
1545943500000,3589.96000000,3591.37000000,3570.00000000,3577.62000000,11.11502700,1545943799999,39783.30274437,87,2.17990400,7798.59615214,0
1545943800000,3596.55000000,3596.55000000,3576.55000000,3586.13000000,6.34113200,1545944099999,22744.38470465,38,5.08050800,18225.24799581,0
1545944100000,3586.13000000,3586.13000000,3580.00000000,3583.81000000,7.66431300,1545944399999,27456.74070687,48,0.02927000,104.88356489,0
1545944400000,3580.00000000,3588.72000000,3579.00000000,3588.72000000,7.47054300,1545944699999,26750.38888149,32,0.37748300,1352.37127329,0
1545944700000,3585.00000000,3607.97000000,3582.76000000,3594.20000000,37.52823200,1545944999999,134825.66870768,97,25.68523100,92292.31703863,0
1545945000000,3595.74000000,3600.00000000,3593.47000000,3596.05000000,2.04945100,1545945299999,7375.05117461,30,1.61490300,5812.96075729,0
1545945300000,3599.99000000,3603.43000000,3595.24000000,3603.43000000,1.28512700,1545945599999,4626.85803254,11,1.21859100,4387.64514390,0
1545945600000,3600.79000000,3601.13000000,3595.00000000,3595.00000000,1.49465900,1545945899999,5374.00171294,10,0.12949900,466.22128338,0
1545945900000,3600.72000000,3604.98000000,3595.00000000,3595.00000000,9.16262100,1545946199999,32993.85449357,50,4.53209700,16332.37434697,0
1545946200000,3595.00000000,3595.06000000,3585.00000000,3586.00000000,12.79876200,1545946499999,45939.63148528,47,5.00834800,17989.47306878,0
1545946500000,3586.00000000,3592.96000000,3585.00000000,3587.75000000,25.70723600,1545946799999,92183.45173583,79,21.06111400,75526.58799328,0
1545946800000,3587.75000000,3599.88000000,3587.75000000,3596.00000000,2.41109700,1545947099999,8656.87667061,11,0.46196500,1660.91013641,0
1545947100000,3596.00000000,3598.37000000,3590.00000000,3590.01000000,9.24028300,1545947399999,33206.01601462,62,2.09127800,7523.57805094,0
1545947400000,3593.48000000,3593.48000000,3585.00000000,3588.99000000,13.44000600,1545947699999,48244.65788718,100,6.34258800,22776.46532598,0
1545947700000,3588.99000000,3592.30000000,3585.81000000,3585.81000000,3.04406700,1545947999999,10923.16481090,15,0.91884000,3300.64700543,0
1545948000000,3585.00000000,3591.58000000,3585.00000000,3586.20000000,8.62753200,1545948299999,30958.10217536,62,4.44202500,15950.60824695,0
1545948300000,3591.41000000,3593.36000000,3586.21000000,3588.90000000,0.39781300,1545948599999,1427.61746388,10,0.09672900,347.45710794,0
1545948600000,3587.99000000,3591.72000000,3586.15000000,3591.72000000,2.01293300,1545948899999,7225.21378475,36,0.01211300,43.50650436,0
1545948900000,3591.72000000,3592.36000000,3586.15000000,3588.40000000,1.05186200,1545949199999,3776.48292209,15,0.22677700,814.55742805,0
1545949200000,3588.18000000,3591.71000000,3588.18000000,3591.71000000,0.95652200,1545949499999,3433.84151137,11,0.00861900,30.95586195,0
1545949500000,3588.00000000,3592.38000000,3580.00000000,3581.15000000,14.43902800,1545949799999,51810.22778201,95,5.18105300,18610.22643217,0
1545949800000,3581.15000000,3588.04000000,3575.00000000,3588.04000000,11.66242800,1545950099999,41725.03635005,61,5.65888700,20239.30712645,0
1545950100000,3587.82000000,3587.83000000,3579.00000000,3579.00000000,1.54124000,1545950399999,5528.07614723,16,1.32383100,4749.07513123,0
1545950400000,3575.23000000,3581.13000000,3571.18000000,3571.41000000,2.42235500,1545950699999,8659.36844135,26,0.46494300,1663.53037778,0
1545950700000,3578.42000000,3587.46000000,3577.61000000,3587.46000000,1.03555300,1545950999999,3708.95125003,22,0.93335800,3343.28087290,0
1545951000000,3585.49000000,3596.93000000,3579.84000000,3590.93000000,1.56858900,1545951299999,5626.15731941,31,0.67950800,2437.56435929,0
1545951300000,3586.47000000,3590.93000000,3586.46000000,3586.46000000,3.48794800,1545951599999,12523.31662051,30,3.10066700,11134.27555821,0
1545951600000,3586.46000000,3586.46000000,3580.50000000,3586.00000000,0.74070700,1545951899999,2655.87335318,22,0.68637500,2461.33754374,0
1545951900000,3586.00000000,3587.82000000,3580.98000000,3580.98000000,0.92796500,1545952199999,3327.29479742,16,0.35546500,1274.86226652,0
1545952200000,3586.28000000,3593.66000000,3578.82000000,3578.82000000,2.96488800,1545952499999,10642.20156660,25,2.63320700,9454.46084090,0
1545952500000,3573.76000000,3588.26000000,3561.27000000,3568.65000000,18.93869500,1545952799999,67538.26101477,152,13.05496500,46554.14801696,0
1545952800000,3571.99000000,3581.71000000,3561.97000000,3573.32000000,5.22855200,1545953099999,18655.57623251,81,0.98291500,3511.94195614,0
1545953100000,3566.30000000,3573.24000000,3561.85000000,3573.24000000,2.64450500,1545953399999,9441.90064431,57,2.33304700,8330.38986791,0
1545953400000,3573.31000000,3592.34000000,3573.31000000,3583.99000000,12.43331500,1545953699999,44615.16298387,71,11.20287300,40212.25814491,0
1545953700000,3585.28000000,3588.00000000,3582.95000000,3582.95000000,0.57734500,1545953999999,2069.45787184,8,0.49931500,1789.88028334,0
1545954000000,3582.95000000,3592.41000000,3582.95000000,3592.06000000,0.43822300,1545954299999,1572.24019909,12,0.43822300,1572.24019909,0
1545954300000,3592.06000000,3592.06000000,3586.02000000,3591.10000000,1.85506100,1545954599999,6660.47203583,25,1.57506900,5655.95161804,0
1545954600000,3591.10000000,3591.17000000,3591.10000000,3591.17000000,0.32635800,1545954899999,1172.00705830,2,0.32635800,1172.00705830,0
1545954900000,3591.17000000,3598.37000000,3586.04000000,3591.91000000,5.07885400,1545955199999,18242.61024124,39,4.93822900,17738.29397008,0
1545955200000,3595.22000000,3597.56000000,3587.00000000,3587.00000000,4.99880400,1545955499999,17964.85622889,26,2.76431900,9938.98541859,0
1545955500000,3593.27000000,3619.91000000,3593.27000000,3604.30000000,15.14862700,1545955799999,54606.35242054,97,12.48549200,45000.22023627,0
1545955800000,3597.01000000,3610.45000000,3591.80000000,3610.45000000,2.55427100,1545956099999,9193.44846920,37,1.89740400,6831.70599506,0
1545956100000,3609.00000000,3610.06000000,3606.00000000,3606.01000000,2.66349500,1545956399999,9613.93109057,8,2.23351700,8063.13038102,0
1545956400000,3609.47000000,3610.42000000,3604.19000000,3609.00000000,1.62618800,1545956699999,5867.83544739,12,0.96011700,3465.09808782,0
1545956700000,3606.00000000,3610.43000000,3605.00000000,3605.00000000,1.37633000,1545956999999,4966.75237543,8,0.97221000,3508.70301193,0
1545957000000,3604.86000000,3604.86000000,3600.57000000,3601.27000000,3.00405800,1545957299999,10817.78723897,15,0.00000000,0.00000000,0
1545957300000,3594.12000000,3595.92000000,3594.12000000,3595.92000000,3.57225900,1545957599999,12839.80404168,2,0.00000000,0.00000000,0
1545957600000,3601.11000000,3601.26000000,3601.11000000,3601.26000000,0.02212000,1545957899999,79.65779745,2,0.02212000,79.65779745,0
1545957900000,3601.26000000,3609.28000000,3601.26000000,3609.28000000,0.34840400,1545958199999,1256.79819738,12,0.28379200,1024.11358626,0
1545958200000,3609.28000000,3612.92000000,3603.61000000,3612.92000000,1.51566000,1545958499999,5471.81752453,22,0.71455200,2581.58878817,0
1545958500000,3608.47000000,3608.87000000,3528.00000000,3608.01000000,32.42703500,1545958799999,115871.25318937,85,11.74244700,41705.52826054,0
1545958800000,3604.87000000,3608.87000000,3602.81000000,3604.64000000,0.71685700,1545959099999,2584.21897799,15,0.16105200,580.99091749,0
1545959100000,3604.64000000,3608.88000000,3604.64000000,3605.81000000,1.09464900,1545959399999,3949.10165687,20,0.66441300,2397.76396831,0
1545959400000,3608.61000000,3612.74000000,3608.61000000,3612.74000000,3.53448600,1545959699999,12763.15112428,18,3.53448600,12763.15112428,0
1545959700000,3605.82000000,3605.82000000,3599.89000000,3599.89000000,3.90933600,1545959999999,14077.51138534,27,0.14020600,505.24493954,0
1545960000000,3599.89000000,3599.89000000,3598.56000000,3598.56000000,0.15667000,1545960299999,563.87143540,4,0.03094000,111.38059660,0
1545960300000,3598.57000000,3598.57000000,3598.56000000,3598.57000000,0.09920200,1545960599999,356.98438975,3,0.00406300,14.62098991,0
1545960600000,3604.83000000,3607.02000000,3602.67000000,3602.67000000,0.07034400,1545960899999,253.60329588,10,0.02751300,99.14193147,0
1545960900000,3595.74000000,3602.12000000,3595.74000000,3602.12000000,0.20825000,1545961199999,749.06824257,8,0.01903000,68.53386732,0
1545961200000,3600.25000000,3600.25000000,3598.13000000,3600.16000000,2.30026000,1545961499999,8277.23538726,10,0.01521300,54.76923408,0
1545961500000,3600.00000000,3600.16000000,3595.89000000,3600.16000000,0.50816600,1545961799999,1827.50958769,7,0.04193200,150.95144596,0
1545961800000,3600.07000000,3600.07000000,3595.31000000,3595.31000000,1.34691800,1545962099999,4843.01150285,13,0.01679000,60.41702850,0
1545962100000,3599.75000000,3600.16000000,3589.73000000,3593.96000000,4.96079700,1545962399999,17841.34531513,22,1.56227500,5623.09420740,0
1545962400000,3595.95000000,3611.53000000,3594.97000000,3603.00000000,8.70515400,1545962699999,31361.91258052,55,6.88461800,24802.89351195,0
1545962700000,3603.00000000,3603.00000000,3603.00000000,3603.00000000,0.00000000,1545962999999,0.00000000,0,0.00000000,0.00000000,0
1545963000000,3601.42000000,3601.42000000,3600.68000000,3600.68000000,0.04113900,1545963299999,148.13836008,2,0.00000000,0.00000000,0
1545963300000,3603.00000000,3603.00000000,3603.00000000,3603.00000000,0.29628300,1545963599999,1067.50764900,10,0.29628300,1067.50764900,0
1545963600000,3603.00000000,3603.00000000,3600.68000000,3600.68000000,6.17823100,1545963899999,22255.23193200,33,5.98107000,21545.18911956,0
1545963900000,3600.70000000,3602.98000000,3595.00000000,3602.97000000,3.19449300,1545964199999,11495.46995907,15,0.17625700,634.55360310,0
1545964200000,3602.28000000,3605.47000000,3596.65000000,3605.47000000,1.97022900,1545964499999,7099.54394215,19,1.93941100,6988.70238245,0
1545964500000,3605.47000000,3606.04000000,3603.38000000,3606.04000000,1.55635300,1545964799999,5612.03574136,13,1.22806800,4428.41402241,0
1545964800000,3603.20000000,3603.20000000,3603.20000000,3603.20000000,0.30845600,1545965099999,1111.42865920,3,0.24351500,877.43324800,0
1545965100000,3600.07000000,3600.07000000,3600.02000000,3600.02000000,8.13866200,1545965399999,29299.35298714,16,7.99838400,28794.34236768,0
1545965400000,3603.20000000,3603.21000000,3601.96000000,3602.83000000,0.38155600,1545965699999,1374.78264882,14,0.18119100,652.82748082,0
1545965700000,3602.83000000,3606.42000000,3602.83000000,3606.42000000,2.10778000,1545965999999,7597.65342426,21,2.03563000,7337.70923976,0
1545966000000,3606.42000000,3606.42000000,3606.42000000,3606.42000000,4.82125000,1545966299999,17387.45242500,28,4.82125000,17387.45242500,0
1545966300000,3606.34000000,3606.42000000,3602.76000000,3604.38000000,0.29240100,1545966599999,1053.87769414,12,0.07865100,283.47743498,0
1545966600000,3604.44000000,3609.30000000,3602.76000000,3609.30000000,1.56190600,1545966899999,5636.37282803,15,1.43208100,5168.64451103,0
1545966900000,3606.90000000,3608.56000000,3601.84000000,3602.12000000,0.35210500,1545967199999,1268.57889439,10,0.02303600,83.12678816,0
1545967200000,3605.31000000,3605.90000000,3605.31000000,3605.90000000,0.03544400,1545967499999,127.79618105,3,0.03544400,127.79618105,0
1545967500000,3606.01000000,3606.63000000,3601.87000000,3604.93000000,4.65653500,1545967799999,16780.04236625,30,0.43740200,1576.99097486,0
1545967800000,3601.87000000,3605.81000000,3600.00000000,3604.97000000,0.83793800,1545968099999,3020.80654943,10,0.81183200,2926.82492512,0
1545968100000,3597.87000000,3597.87000000,3597.87000000,3597.87000000,0.02217000,1545968399999,79.76477790,2,0.00000000,0.00000000,0
1545968400000,3597.87000000,3601.85000000,3595.00000000,3599.00000000,3.70316700,1545968699999,13333.45216142,12,2.78263400,10019.67655727,0
1545968700000,3599.00000000,3605.85000000,3599.00000000,3605.80000000,0.08233600,1545968999999,296.44647907,6,0.08233600,296.44647907,0
1545969000000,3600.06000000,3604.57000000,3594.18000000,3597.78000000,0.30360600,1545969299999,1092.06965659,21,0.19506000,701.75526362,0
1545969300000,3600.69000000,3600.69000000,3594.19000000,3594.19000000,0.26853100,1545969599999,966.20090709,13,0.07459300,268.57577945,0
1545969600000,3594.18000000,3596.59000000,3591.16000000,3591.16000000,3.64614800,1545969899999,13102.20635882,29,1.78180500,6403.80717000,0
1545969900000,3598.79000000,3600.85000000,3591.49000000,3594.20000000,0.11983100,1545970199999,431.10752565,9,0.10100200,363.46157700,0
1545970200000,3594.00000000,3594.20000000,3592.16000000,3592.16000000,0.13496900,1545970499999,485.01191417,6,0.08273000,297.34435200,0
1545970500000,3595.15000000,3598.84000000,3592.09000000,3595.00000000,0.21154800,1545970799999,760.56732488,6,0.13536900,486.91019465,0
1545970800000,3595.00000000,3600.70000000,3592.40000000,3593.46000000,0.57364200,1545971099999,2063.14674844,12,0.52279300,1880.44321792,0
1545971100000,3598.35000000,3598.36000000,3592.93000000,3592.93000000,0.18027100,1545971399999,647.88065957,5,0.03307100,119.00125242,0
1545971400000,3594.12000000,3598.40000000,3594.12000000,3598.40000000,2.97900900,1545971699999,10706.96368456,6,0.01109100,39.90985440,0
1545971700000,3598.40000000,3598.49000000,3595.80000000,3595.80000000,0.16063000,1545971999999,578.01452783,6,0.01221900,43.96994715,0
1545972000000,3595.80000000,3595.80000000,3591.22000000,3591.22000000,0.47332200,1545972299999,1700.81542326,5,0.00000000,0.00000000,0
1545972300000,3592.69000000,3592.69000000,3589.26000000,3592.00000000,3.84890200,1545972599999,13814.79769081,4,0.01242300,44.63198787,0
1545972600000,3595.31000000,3595.34000000,3591.32000000,3592.00000000,0.51723900,1545972899999,1858.19919988,28,0.43675900,1569.11503988,0
1545972900000,3592.00000000,3597.73000000,3590.81000000,3593.63000000,3.58345100,1545973199999,12886.38227063,53,3.58342800,12886.29965463,0
1545973200000,3589.83000000,3593.39000000,3588.40000000,3593.39000000,4.17516400,1545973499999,14983.01898859,7,0.00465500,16.72723045,0
1545973500000,3591.61000000,3596.00000000,3591.61000000,3596.00000000,0.19502200,1545973799999,700.72074393,6,0.03994500,143.61465795,0
1545973800000,3596.00000000,3597.68000000,3595.02000000,3597.68000000,0.05580900,1545974099999,200.68209218,3,0.00713000,25.65145840,0
1545974100000,3597.67000000,3598.50000000,3593.70000000,3593.70000000,0.58199200,1545974399999,2093.50127802,13,0.51267400,1844.39318142,0
1545974400000,3598.48000000,3601.45000000,3595.38000000,3599.37000000,2.42207800,1545974699999,8717.04777295,25,2.11435900,7609.28311909,0
1545974700000,3597.01000000,3601.33000000,3597.01000000,3601.33000000,0.20853300,1545974999999,750.27346312,7,0.05059700,182.17609176,0
1545975000000,3601.41000000,3605.25000000,3600.32000000,3600.35000000,0.16152500,1545975299999,581.88654910,8,0.13402700,482.82171484,0
1545975300000,3600.06000000,3600.06000000,3597.00000000,3597.00000000,0.32305200,1545975599999,1162.17892630,8,0.03652100,131.47054966,0
1545975600000,3597.00000000,3605.33000000,3597.00000000,3600.42000000,0.52431900,1545975899999,1887.24655724,12,0.49721300,1789.74621925,0
1545975900000,3601.00000000,3601.00000000,3599.17000000,3599.43000000,0.09127900,1545976199999,328.65330535,6,0.09127900,328.65330535,0
1545976200000,3597.02000000,3598.13000000,3593.05000000,3598.13000000,0.95605100,1545976499999,3435.78246064,9,0.01737300,62.50802129,0
1545976500000,3598.61000000,3598.61000000,3592.14000000,3592.14000000,0.49514300,1545976799999,1779.16203423,15,0.38056900,1367.49709647,0
1545976800000,3592.74000000,3597.45000000,3592.74000000,3595.38000000,0.04436000,1545977099999,159.48847124,4,0.04436000,159.48847124,0
1545977100000,3597.31000000,3598.85000000,3592.53000000,3598.85000000,3.36583800,1545977399999,12094.06777682,15,0.08452700,304.11143987,0
1545977400000,3598.85000000,3598.86000000,3595.14000000,3597.13000000,1.45650000,1545977699999,5239.59680438,18,1.41881400,5104.06321537,0
1545977700000,3597.13000000,3597.13000000,3597.12000000,3597.13000000,0.28906900,1545977999999,1039.81731579,8,0.28906900,1039.81731579,0
1545978000000,3595.14000000,3597.13000000,3595.14000000,3595.14000000,0.93250900,1545978299999,3353.56963197,18,0.65864900,2369.00459157,0
1545978300000,3595.14000000,3595.58000000,3595.14000000,3595.58000000,1.78965900,1545978599999,6434.33730799,21,0.60024600,2158.23105517,0
1545978600000,3595.58000000,3595.58000000,3592.33000000,3592.33000000,0.66563300,1545978899999,2393.05505204,8,0.57980100,2084.71818348,0
1545978900000,3592.56000000,3595.57000000,3589.85000000,3589.85000000,0.08183300,1545979199999,294.07053221,5,0.05680600,204.22735626,0
1545979200000,3590.00000000,3595.56000000,3585.01000000,3585.03000000,12.27443200,1545979499999,44015.53148947,39,0.09729500,349.42778236,0
1545979500000,3585.00000000,3592.21000000,3576.16000000,3582.62000000,4.09435900,1545979799999,14673.26752398,40,4.02520800,14425.83286276,0
1545979800000,3582.61000000,3585.00000000,3580.87000000,3580.87000000,0.89055300,1545980099999,3191.87025284,11,0.71728800,2571.43081229,0
1545980100000,3585.00000000,3588.04000000,3585.00000000,3588.04000000,1.64485700,1545980399999,5896.82203348,14,1.64485700,5896.82203348,0
1545980400000,3593.95000000,3605.53000000,3593.95000000,3598.58000000,7.96473700,1545980699999,28682.64875635,36,7.95084100,28632.63776723,0
1545980700000,3597.37000000,3601.30000000,3594.09000000,3601.30000000,0.17304500,1545980999999,622.56487955,11,0.04626400,166.41388053,0
1545981000000,3602.95000000,3606.44000000,3602.95000000,3602.95000000,24.63254700,1545981299999,88763.56229740,87,3.98221800,14361.45942685,0
1545981300000,3603.96000000,3611.94000000,3603.96000000,3608.95000000,1.48226100,1545981599999,5346.84334392,13,0.38932800,1405.43370500,0
1545981600000,3610.41000000,3616.40000000,3610.41000000,3616.40000000,18.44002500,1545981899999,66617.92548479,135,7.02182200,25377.34212527,0
1545981900000,3614.65000000,3614.65000000,3611.08000000,3611.08000000,40.88526500,1545982199999,147640.27791557,187,0.29581600,1068.48147568,0
1545982200000,3611.08000000,3611.86000000,3601.41000000,3602.10000000,86.40121600,1545982499999,311854.93984939,217,0.33155500,1197.33489423,0
1545982500000,3602.10000000,3605.89000000,3600.75000000,3605.89000000,2.82636600,1545982799999,10179.82405272,19,0.01200000,43.27068000,0
1545982800000,3600.01000000,3600.01000000,3600.01000000,3600.01000000,0.04000000,1545983099999,144.00040000,1,0.00000000,0.00000000,0
1545983100000,3605.18000000,3605.18000000,3601.59000000,3601.59000000,0.13030000,1545983399999,469.31356709,2,0.00735100,26.50167818,0
1545983400000,3605.18000000,3605.18000000,3602.38000000,3604.81000000,11.93708900,1545983699999,43017.31492259,67,0.04974700,179.32848455,0
1545983700000,3603.72000000,3604.88000000,3602.28000000,3602.28000000,4.58943800,1545983999999,16537.44345735,47,0.00002700,0.09732987,0
1545984000000,3600.35000000,3602.51000000,3594.71000000,3602.51000000,11.85355000,1545984299999,42667.77382268,43,0.15259300,548.67777880,0
1545984300000,3599.79000000,3607.26000000,3599.79000000,3607.26000000,1.37086900,1545984599999,4938.74332983,19,0.23411600,844.28191773,0
1545984600000,3607.26000000,3610.99000000,3604.90000000,3605.34000000,4.44797300,1545984899999,16041.83229308,45,0.32402400,1170.04663976,0
1545984900000,3605.34000000,3610.00000000,3605.34000000,3610.00000000,2.01662300,1545985199999,7271.59399850,18,0.07721700,278.75337000,0
1545985200000,3610.00000000,3610.47000000,3607.53000000,3607.98000000,2.49107600,1545985499999,8989.30961190,23,0.13334700,481.38650991,0
1545985500000,3607.00000000,3610.47000000,3604.86000000,3607.23000000,1.55469400,1545985799999,5609.16103542,18,0.84835100,3062.01373050,0
1545985800000,3605.25000000,3607.28000000,3605.25000000,3605.26000000,0.61107200,1545986099999,2203.53136891,7,0.23150800,835.10612680,0
1545986100000,3601.87000000,3606.08000000,3601.87000000,3605.65000000,0.56441700,1545986399999,2034.08770274,6,0.28222600,1017.67240557,0
1545986400000,3607.20000000,3610.47000000,3607.14000000,3610.47000000,0.34412700,1545986699999,1241.52099391,7,0.34412700,1241.52099391,0
1545986700000,3610.47000000,3610.47000000,3606.48000000,3606.48000000,0.06304400,1545986999999,227.36700492,2,0.00002000,0.07220940,0
1545987000000,3615.05000000,3616.13000000,3610.00000000,3611.44000000,1.88704600,1545987299999,6823.33944275,24,0.22821800,825.11573712,0
1545987300000,3611.51000000,3619.91000000,3610.67000000,3619.91000000,0.37704500,1545987599999,1362.74105607,29,0.36671900,1325.40471831,0
1545987600000,3619.91000000,3636.03000000,3619.40000000,3621.59000000,14.30158200,1545987899999,51902.10122961,98,13.32798000,48375.21693280,0
1545987900000,3617.82000000,3618.69000000,3607.45000000,3607.45000000,0.41710300,1545988199999,1506.53597497,18,0.20398000,736.52921609,0
1545988200000,3607.67000000,3611.45000000,3606.22000000,3607.21000000,1.22296500,1545988499999,4414.62803066,28,0.77603800,2800.64045505,0
1545988500000,3606.86000000,3608.74000000,3602.95000000,3603.23000000,0.84756200,1545988799999,3055.40352791,21,0.80321200,2895.55121180,0
1545988800000,3608.49000000,3611.04000000,3608.49000000,3611.04000000,0.04716700,1545989099999,170.22311156,5,0.04716700,170.22311156,0
1545989100000,3611.04000000,3614.10000000,3606.52000000,3610.29000000,2.51938100,1545989399999,9101.27579245,44,2.49170900,9001.43161909,0
1545989400000,3610.84000000,3611.15000000,3609.98000000,3611.15000000,0.32078800,1545989699999,1158.10566089,7,0.28974400,1046.00593605,0
1545989700000,3611.22000000,3611.93000000,3611.22000000,3611.93000000,0.05857500,1545989999999,211.54585606,3,0.03093200,111.72090160,0
1545990000000,3616.30000000,3616.30000000,3607.14000000,3614.00000000,3.36845300,1545990299999,12179.65252215,12,0.66702900,2410.63662444,0
1545990300000,3613.99000000,3614.00000000,3612.73000000,3612.73000000,0.06307100,1545990599999,227.89318766,3,0.02749200,99.35586699,0
1545990600000,3614.76000000,3620.93000000,3614.76000000,3620.93000000,0.65166900,1545990899999,2359.62803881,8,0.14390300,521.04289643,0
1545990900000,3622.57000000,3627.47000000,3622.57000000,3627.47000000,0.07851000,1545991199999,284.70500702,3,0.06200000,224.89637632,0
1545991200000,3627.47000000,3627.47000000,3616.25000000,3616.25000000,1.56318600,1545991499999,5662.67844622,26,0.04420100,160.24964637,0
1545991500000,3616.26000000,3616.26000000,3612.59000000,3615.40000000,0.17260400,1545991799999,623.94885452,7,0.10750600,388.67719240,0
1545991800000,3613.76000000,3613.76000000,3612.63000000,3612.63000000,0.01427600,1545992099999,51.59003324,2,0.01427200,51.57558272,0
1545992100000,3612.29000000,3612.63000000,3610.94000000,3610.94000000,0.42585100,1545992399999,1538.32561805,13,0.09384700,338.91800753,0
1545992400000,3610.94000000,3618.00000000,3610.94000000,3618.00000000,0.45092800,1545992699999,1630.89007138,11,0.45092800,1630.89007138,0
1545992700000,3609.80000000,3617.82000000,3609.80000000,3617.82000000,0.47291800,1545992999999,1707.18370690,3,0.00552500,19.98845550,0
1545993000000,3618.79000000,3618.79000000,3618.79000000,3618.79000000,1.51441900,1545993299999,5480.36433301,4,1.51441900,5480.36433301,0
1545993300000,3618.03000000,3618.03000000,3618.03000000,3618.03000000,0.02116700,1545993599999,76.58284101,1,0.02116700,76.58284101,0
1545993600000,3613.17000000,3613.17000000,3613.17000000,3613.17000000,0.01105200,1545993899999,39.93275484,1,0.00000000,0.00000000,0
1545993900000,3613.17000000,3613.17000000,3607.60000000,3607.60000000,0.20084700,1545994199999,724.88769830,4,0.00000000,0.00000000,0
1545994200000,3607.60000000,3607.60000000,3607.60000000,3607.60000000,0.00000000,1545994499999,0.00000000,0,0.00000000,0.00000000,0
1545994500000,3614.07000000,3614.08000000,3614.07000000,3614.08000000,0.01465000,1545994799999,52.94623050,3,0.01465000,52.94623050,0
1545994800000,3614.08000000,3618.03000000,3609.74000000,3613.83000000,3.85662400,1545995099999,13942.62087386,23,3.83506700,13864.76452928,0
1545995100000,3617.32000000,3617.32000000,3610.84000000,3610.84000000,0.04651600,1545995399999,168.22594290,3,0.04126100,149.25097870,0
1545995400000,3616.48000000,3616.48000000,3611.71000000,3616.27000000,0.18218100,1545995699999,658.42477387,7,0.04512200,163.17424498,0
1545995700000,3616.27000000,3616.27000000,3616.27000000,3616.27000000,0.06070200,1545995999999,219.51482154,6,0.06070200,219.51482154,0
1545996000000,3618.68000000,3625.15000000,3618.68000000,3625.15000000,2.36625500,1545996299999,8576.72028071,11,2.34696400,8506.88666780,0
1545996300000,3625.14000000,3628.60000000,3622.06000000,3622.06000000,0.22920100,1545996599999,831.25354692,9,0.13003200,471.76179878,0
1545996600000,3622.06000000,3622.06000000,3622.06000000,3622.06000000,0.02163500,1545996899999,78.36326810,1,0.00000000,0.00000000,0
1545996900000,3625.59000000,3628.40000000,3625.59000000,3628.40000000,0.20316900,1545997199999,737.11105591,5,0.20316900,737.11105591,0
1545997200000,3625.57000000,3631.87000000,3625.57000000,3625.69000000,2.99143000,1545997499999,10853.39596259,29,0.14623000,530.79941292,0
1545997500000,3625.69000000,3630.41000000,3625.69000000,3627.82000000,9.67863500,1545997799999,35137.03152638,44,9.53745300,34624.84915911,0
1545997800000,3630.89000000,3631.34000000,3627.82000000,3631.34000000,2.78197900,1545998099999,10095.13410375,19,2.77396900,10066.07526555,0
1545998100000,3631.00000000,3634.22000000,3631.00000000,3634.22000000,0.51241000,1545998399999,1860.74604505,9,0.45961600,1668.88103437,0
1545998400000,3635.31000000,3640.00000000,3615.00000000,3620.24000000,38.64748900,1545998699999,140286.13272325,232,10.09339200,36725.38719319,0
1545998700000,3620.24000000,3621.00000000,3615.00000000,3615.00000000,9.21459600,1545998999999,33328.09635350,71,0.00000000,0.00000000,0
1545999000000,3615.00000000,3618.70000000,3615.00000000,3617.99000000,3.62450300,1545999299999,13113.28260658,31,3.39580100,12286.52487658,0
1545999300000,3614.81000000,3614.81000000,3605.00000000,3605.00000000,8.04326800,1545999599999,29016.16585144,44,0.02382000,85.95447000,0
1545999600000,3605.00000000,3610.00000000,3604.28000000,3610.00000000,6.31698100,1545999899999,22790.55957599,63,2.15579900,7778.68823014,0
1545999900000,3610.00000000,3610.10000000,3605.00000000,3605.00000000,11.18438300,1546000199999,40367.35071500,25,0.00000000,0.00000000,0
1546000200000,3610.42000000,3612.28000000,3602.95000000,3602.95000000,2.88983300,1546000499999,10421.73487442,8,0.54097600,1954.11080236,0
1546000500000,3601.87000000,3608.03000000,3601.87000000,3608.03000000,0.15284000,1546000799999,551.37341958,7,0.13339600,481.21897392,0
1546000800000,3612.00000000,3615.00000000,3610.96000000,3615.00000000,8.12700000,1546001099999,29378.95019072,60,0.03045100,109.98901200,0
1546001100000,3615.10000000,3618.32000000,3615.00000000,3615.00000000,2.44146900,1546001399999,8832.20607653,26,1.83433000,6637.18241779,0
1546001400000,3615.00000000,3617.78000000,3615.00000000,3615.00000000,3.72165900,1546001699999,13454.15868500,22,0.13000000,470.31140000,0
1546001700000,3614.50000000,3614.50000000,3614.50000000,3614.50000000,0.02436600,1546001999999,88.07090700,2,0.02436600,88.07090700,0
1546002000000,3613.61000000,3615.15000000,3612.00000000,3612.00000000,11.72285800,1546002299999,42365.75530325,41,6.97224700,25193.53075025,0
1546002300000,3612.00000000,3612.00000000,3610.00000000,3610.00000000,0.17732900,1546002599999,640.28596244,5,0.00000000,0.00000000,0
1546002600000,3615.00000000,3615.96000000,3615.00000000,3615.00000000,0.14712000,1546002899999,531.86001504,4,0.02209900,79.90910004,0
1546002900000,3615.00000000,3619.76000000,3611.58000000,3611.58000000,4.00674000,1546003199999,14484.46391449,45,0.06357000,230.10809000,0
1546003200000,3611.58000000,3611.58000000,3607.63000000,3608.16000000,6.53417200,1546003499999,23589.88448875,46,0.00000000,0.00000000,0
1546003500000,3608.49000000,3608.49000000,3605.00000000,3605.00000000,4.41211200,1546003799999,15907.07817557,17,0.02463600,88.87492239,0
1546003800000,3601.72000000,3608.40000000,3601.72000000,3608.40000000,0.68615400,1546004099999,2472.20067561,20,0.47281700,1703.82053597,0
1546004100000,3608.40000000,3610.25000000,3608.40000000,3610.25000000,0.02909700,1546004399999,105.03445355,2,0.02207500,79.69626875,0
1546004400000,3610.00000000,3610.00000000,3609.99000000,3610.00000000,8.00000000,1546004699999,28879.99961200,30,0.69655800,2514.57399200,0
1546004700000,3610.00000000,3610.00000000,3610.00000000,3610.00000000,0.00000000,1546004999999,0.00000000,0,0.00000000,0.00000000,0
1546005000000,3610.25000000,3618.66000000,3607.98000000,3607.98000000,7.81504800,1546005299999,28261.97687004,17,7.42613200,26855.69964569,0
1546005300000,3612.24000000,3612.24000000,3609.93000000,3609.93000000,0.12018100,1546005599999,433.86412182,2,0.00827900,29.90573496,0
1546005600000,3606.91000000,3619.24000000,3606.90000000,3615.39000000,0.96937700,1546005899999,3502.07059130,20,0.58663000,2120.15414330,0
1546005900000,3615.40000000,3615.90000000,3610.00000000,3615.00000000,12.92453400,1546006199999,46719.80653038,35,0.34044700,1230.80267740,0
1546006200000,3610.09000000,3612.72000000,3610.00000000,3610.00000000,5.80296200,1546006499999,20948.72545936,36,0.00000000,0.00000000,0
1546006500000,3605.57000000,3615.00000000,3605.57000000,3610.16000000,8.25012100,1546006799999,29823.00842965,50,0.05158800,186.31961592,0
1546006800000,3610.22000000,3615.63000000,3610.00000000,3615.63000000,3.35120000,1546007099999,12097.99913389,28,0.04142100,149.69680562,0
1546007100000,3614.30000000,3614.30000000,3614.29000000,3614.30000000,0.07442400,1546007399999,268.99026720,5,0.07442400,268.99026720,0
1546007400000,3615.56000000,3615.56000000,3614.30000000,3615.56000000,0.56203500,1546007699999,2031.45272170,11,0.04765100,172.28444956,0
1546007700000,3614.30000000,3615.48000000,3610.00000000,3610.00000000,7.31849600,1546007999999,26421.43525455,19,0.36360900,1313.67772758,0
1546008000000,3610.00000000,3611.47000000,3605.41000000,3611.47000000,5.94060400,1546008299999,21446.15953432,20,0.77000000,2780.53383473,0
1546008300000,3607.47000000,3610.00000000,3607.47000000,3610.00000000,0.07966500,1546008599999,287.50933253,7,0.01128000,40.69587120,0
1546008600000,3610.91000000,3610.91000000,3610.00000000,3610.00000000,0.02433300,1546008899999,87.85973668,2,0.01934800,69.86388668,0
1546008900000,3610.91000000,3611.32000000,3610.91000000,3611.32000000,0.01948200,1546009199999,70.35494906,4,0.00001100,0.03972001,0
1546009200000,3611.37000000,3616.96000000,3611.32000000,3616.96000000,1.14750700,1546009499999,4147.04796709,16,0.53854900,1947.90031951,0
1546009500000,3616.96000000,3616.96000000,3616.96000000,3616.96000000,0.13663800,1546009799999,494.21418048,2,0.13663800,494.21418048,0
1546009800000,3616.96000000,3619.58000000,3616.95000000,3617.73000000,4.53655300,1546010099999,16416.55837707,80,3.79549600,13734.26551272,0
1546010100000,3617.89000000,3620.83000000,3617.75000000,3620.00000000,4.29396200,1546010399999,15547.27805835,7,4.19479000,15188.48467127,0
1546010400000,3617.89000000,3630.14000000,3617.89000000,3630.14000000,11.84969200,1546010699999,42907.88778973,23,10.71340800,38783.33657562,0
1546010700000,3629.93000000,3636.25000000,3622.30000000,3626.12000000,11.36261400,1546010999999,41241.15636152,57,1.84788200,6717.38144703,0
1546011000000,3624.99000000,3683.94000000,3618.95000000,3680.39000000,15.45122800,1546011299999,56687.88165991,115,4.10389800,15011.44081837,0
1546011300000,3680.39000000,3859.79000000,3680.39000000,3820.18000000,144.55459900,1546011599999,548270.32038264,483,73.41977400,277540.67053840,0
1546011600000,3804.36000000,3858.88000000,3797.30000000,3830.49000000,32.39447900,1546011899999,124054.63244495,192,6.73742600,25774.38050293,0
1546011900000,3827.73000000,3850.07000000,3817.52000000,3817.52000000,28.38173500,1546012199999,108853.17525815,143,5.11326100,19643.54921883,0
1546012200000,3817.93000000,3841.80000000,3808.90000000,3821.64000000,12.86178300,1546012499999,49289.30952988,111,6.75968200,25882.39874017,0
1546012500000,3821.65000000,3830.64000000,3815.00000000,3822.72000000,33.46655500,1546012799999,128103.38604539,124,0.75754400,2899.38214223,0
1546012800000,3829.44000000,3899.00000000,3822.73000000,3877.76000000,36.20332800,1546013099999,140448.53948860,232,19.61059500,76052.27271720,0
1546013100000,3872.95000000,3875.60000000,3856.43000000,3856.43000000,7.89911500,1546013399999,30534.51708073,83,3.03840100,11748.34755026,0
1546013400000,3862.99000000,3875.65000000,3862.99000000,3865.47000000,5.12106100,1546013699999,19816.08160592,60,4.36064200,16872.60435476,0
1546013700000,3871.70000000,3877.38000000,3846.00000000,3846.00000000,23.71472100,1546013999999,91694.72286847,60,2.33975400,9046.44368238,0
1546014000000,3847.60000000,3853.44000000,3841.02000000,3853.44000000,5.46103000,1546014299999,20999.33684682,21,0.20979100,808.06564754,0
1546014300000,3847.19000000,3853.17000000,3840.53000000,3845.00000000,4.93335800,1546014599999,18971.81162963,25,1.60985100,6192.27783982,0
1546014600000,3845.00000000,3851.65000000,3845.00000000,3851.65000000,0.37529700,1546014899999,1444.25267512,13,0.06477200,249.37088704,0
1546014900000,3845.83000000,3855.92000000,3845.83000000,3854.72000000,10.03775100,1546015199999,38673.81927271,40,0.98481900,3795.39166531,0
1546015200000,3854.72000000,3854.72000000,3843.91000000,3843.95000000,6.32798400,1546015499999,24356.84427322,17,0.04009700,154.13013475,0
1546015500000,3848.48000000,3888.00000000,3846.17000000,3852.22000000,35.46494500,1546015799999,136999.91380350,53,21.96560200,84825.98561726,0
1546015800000,3852.22000000,3854.74000000,3845.00000000,3846.16000000,26.19503200,1546016099999,100827.79125567,31,12.83003100,49416.05593550,0
1546016100000,3845.01000000,3859.06000000,3845.00000000,3859.06000000,5.97585200,1546016399999,23004.25126467,15,0.78944700,3045.25093034,0
1546016400000,3855.29000000,3869.46000000,3845.00000000,3845.00000000,17.69027400,1546016699999,68092.17079171,35,7.47158000,28789.40625598,0
1546016700000,3840.39000000,3848.00000000,3835.33000000,3848.00000000,2.69647300,1546016999999,10361.21288091,22,1.93871300,7449.69416247,0
1546017000000,3845.00000000,3846.81000000,3831.44000000,3832.23000000,15.32204300,1546017299999,58820.80922101,50,0.95514500,3666.21446752,0
1546017300000,3832.23000000,3843.04000000,3832.23000000,3842.29000000,4.68577100,1546017599999,17998.14323230,12,0.37228500,1428.48931785,0
1546017600000,3845.00000000,3845.00000000,3835.00000000,3835.71000000,38.02739400,1546017899999,146016.14074311,33,0.44315300,1701.73577801,0
1546017900000,3835.96000000,3840.00000000,3835.83000000,3840.00000000,0.25749100,1546018199999,987.90440828,6,0.01040300,39.91870369,0
1546018200000,3841.00000000,3855.73000000,3841.00000000,3855.73000000,5.54130300,1546018499999,21347.73122825,27,5.37974500,20726.51433687,0
1546018500000,3851.44000000,3856.97000000,3851.44000000,3852.01000000,7.67144900,1546018799999,29563.01843093,11,5.02756300,19380.25013509,0
1546018800000,3857.32000000,3863.10000000,3851.84000000,3859.66000000,7.27121000,1546019099999,28035.35587599,21,3.07834800,11883.12091537,0
1546019100000,3859.00000000,3861.58000000,3850.00000000,3850.00000000,6.64982200,1546019399999,25641.88719228,23,1.64461800,6350.67005500,0
1546019400000,3850.00000000,3853.31000000,3850.00000000,3851.07000000,4.52046000,1546019699999,17404.82171058,16,0.88774400,3418.85238758,0
1546019700000,3847.92000000,3853.60000000,3846.34000000,3853.35000000,4.08930100,1546019999999,15739.90710377,8,1.18607500,4569.14327542,0
1546020000000,3860.00000000,3864.01000000,3853.60000000,3853.60000000,22.37330300,1546020299999,86335.01693127,26,18.01341800,69527.03583298,0
1546020300000,3856.12000000,3856.12000000,3853.37000000,3856.11000000,0.72084000,1546020599999,2779.41881851,9,0.19068900,735.31380170,0
1546020600000,3856.11000000,3856.11000000,3850.00000000,3855.50000000,3.18074100,1546020899999,12249.09149926,17,0.35649900,1374.64354131,0
1546020900000,3850.00000000,3856.00000000,3850.00000000,3855.03000000,4.77548500,1546021199999,18404.87608258,15,3.69937900,14260.91353866,0
1546021200000,3855.72000000,3855.72000000,3855.02000000,3855.71000000,1.39251800,1546021499999,5369.09957142,9,1.38714400,5348.38269208,0
1546021500000,3855.00000000,3857.25000000,3855.00000000,3857.25000000,2.27310100,1546021799999,8764.40475842,18,0.65000000,2507.20308642,0
1546021800000,3855.01000000,3857.99000000,3851.08000000,3851.08000000,0.83894900,1546022099999,3235.92758334,11,0.68839900,2655.67767499,0
1546022100000,3853.01000000,3858.85000000,3850.00000000,3851.31000000,5.54607000,1546022399999,21362.16481032,17,0.02850500,109.99651925,0
1546022400000,3851.43000000,3869.57000000,3851.42000000,3867.00000000,13.07935400,1546022699999,50500.91434084,61,10.27424400,39662.45734329,0
1546022700000,3868.23000000,3868.23000000,3850.00000000,3850.00000000,6.19578000,1546022999999,23906.24485459,36,0.05612500,217.04646252,0
1546023000000,3850.00000000,3861.50000000,3840.00000000,3861.50000000,8.71954000,1546023299999,33549.23750501,15,0.16159600,622.43303051,0
1546023300000,3860.01000000,3867.00000000,3858.50000000,3860.89000000,6.92284000,1546023599999,26737.74787009,23,1.42645300,5515.37730808,0
1546023600000,3866.88000000,3883.80000000,3861.88000000,3873.30000000,3.02836800,1546023899999,11733.67575989,34,0.78750700,3053.51083991,0
1546023900000,3878.18000000,3960.68000000,3865.47000000,3925.41000000,64.24349500,1546024199999,252175.39263717,172,24.00169500,94205.51794369,0
1546024200000,3915.58000000,3925.38000000,3905.00000000,3905.00000000,11.29116900,1546024499999,44180.49736370,65,1.75622300,6880.73376660,0
1546024500000,3911.99000000,3917.86000000,3903.93000000,3903.93000000,21.51187200,1546024799999,84135.63567903,64,6.25606800,24480.20294074,0
1546024800000,3908.55000000,3913.78000000,3905.00000000,3913.78000000,0.92573000,1546025099999,3620.03843828,10,0.76547000,2993.97522839,0
1546025100000,3913.67000000,3913.78000000,3907.50000000,3907.50000000,0.41248200,1546025399999,1613.07784121,7,0.11322200,443.12010745,0
1546025400000,3917.14000000,3927.60000000,3907.50000000,3907.50000000,0.96333300,1546025699999,3773.92163739,29,0.61840300,2423.41614054,0
1546025700000,3907.50000000,3918.96000000,3904.00000000,3918.96000000,18.19673100,1546025999999,71128.87229404,30,17.72508500,69285.29627629,0
1546026000000,3908.24000000,3908.24000000,3899.44000000,3903.02000000,11.08985000,1546026299999,43249.60574432,16,0.05585900,218.24727436,0
1546026300000,3903.03000000,3903.03000000,3867.31000000,3875.48000000,6.74879700,1546026599999,26230.03196682,43,4.36944900,16975.16245267,0
1546026600000,3875.48000000,3882.31000000,3869.56000000,3870.67000000,2.12967100,1546026899999,8263.38672616,19,1.73704300,6743.18623771,0
1546026900000,3874.37000000,3880.99000000,3874.37000000,3880.99000000,0.79393600,1546027199999,3076.40795526,3,0.07729200,299.86394098,0
1546027200000,3880.67000000,3880.67000000,3873.41000000,3878.42000000,4.36810900,1546027499999,16928.17132276,20,0.15561300,603.30869646,0
1546027500000,3873.42000000,3873.42000000,3871.13000000,3871.84000000,0.09192700,1546027799999,355.97933538,10,0.00282000,10.91822220,0
1546027800000,3871.13000000,3882.54000000,3870.72000000,3879.80000000,1.60269200,1546028099999,6205.12492538,8,0.04031100,156.34103502,0
1546028100000,3882.53000000,3883.11000000,3877.07000000,3878.61000000,4.04220000,1546028399999,15672.50079769,11,0.05152800,200.06970871,0
1546028400000,3874.06000000,3885.15000000,3872.92000000,3883.52000000,0.83055500,1546028699999,3218.06433076,10,0.09640000,374.38711113,0
1546028700000,3883.52000000,3883.91000000,3878.18000000,3878.18000000,1.09982100,1546028999999,4270.83152133,8,0.05606000,217.56697843,0
1546029000000,3871.92000000,3892.01000000,3871.92000000,3887.10000000,5.01734700,1546029299999,19478.86665947,17,0.28394000,1103.56546715,0
1546029300000,3887.10000000,3906.54000000,3886.30000000,3906.54000000,2.37950700,1546029599999,9266.78281051,17,1.32200500,5141.68147350,0
1546029600000,3905.00000000,3905.00000000,3899.59000000,3904.42000000,10.70333500,1546029899999,41771.13558554,24,3.48251900,13594.09756335,0
1546029900000,3904.42000000,3904.42000000,3890.88000000,3890.88000000,0.99517500,1546030199999,3883.90984307,8,0.01229200,47.82669696,0
1546030200000,3891.22000000,3897.34000000,3891.22000000,3895.00000000,1.53097600,1546030499999,5963.30855996,11,0.14594300,568.17567765,0
1546030500000,3900.90000000,3908.98000000,3900.00000000,3908.59000000,11.97801800,1546030799999,46753.35632872,16,11.75570500,45885.70270932,0
1546030800000,3903.10000000,3910.31000000,3895.00000000,3895.00000000,4.26722700,1546031099999,16628.58208969,21,0.83400300,3252.70954756,0
1546031100000,3895.00000000,3900.34000000,3895.00000000,3895.18000000,0.32311800,1546031399999,1258.70096272,4,0.04830400,188.30043272,0
1546031400000,3895.18000000,3895.18000000,3895.18000000,3895.18000000,0.00000000,1546031699999,0.00000000,0,0.00000000,0.00000000,0
1546031700000,3900.29000000,3902.61000000,3886.51000000,3897.14000000,11.26923300,1546031999999,43884.28535865,33,4.31333900,16815.93034193,0
1546032000000,3897.13000000,3897.13000000,3895.65000000,3895.89000000,0.48415800,1546032299999,1886.13752366,10,0.31018400,1208.37515290,0
1546032300000,3897.73000000,3915.11000000,3897.73000000,3912.69000000,2.57318900,1546032599999,10054.40207319,23,1.01009500,3945.06979305,0
1546032600000,3904.21000000,3910.64000000,3895.13000000,3904.04000000,5.37349200,1546032899999,20966.22938456,30,0.74250800,2901.30668133,0
1546032900000,3904.03000000,3910.59000000,3897.24000000,3903.09000000,0.12058400,1546033199999,470.76508950,5,0.06241000,243.71066765,0
1546033200000,3905.58000000,3905.58000000,3899.65000000,3905.58000000,0.23658700,1546033499999,923.38214713,6,0.10202400,398.32983330,0
1546033500000,3905.26000000,3905.26000000,3900.96000000,3905.00000000,1.27829300,1546033799999,4986.97110686,6,0.09230000,360.43249034,0
1546033800000,3900.98000000,3900.98000000,3892.06000000,3898.62000000,3.76606500,1546034099999,14682.16448006,16,0.25100000,978.71594111,0
1546034100000,3898.00000000,3899.54000000,3887.69000000,3887.69000000,1.48344000,1546034399999,5769.42260393,8,0.16222600,632.51810740,0
1546034400000,3893.84000000,3893.85000000,3893.23000000,3893.23000000,0.23317400,1546034699999,907.84920057,6,0.23317400,907.84920057,0
1546034700000,3888.06000000,3895.34000000,3888.06000000,3894.16000000,1.10077800,1546034999999,4281.02046777,7,0.11882200,462.74185417,0
1546035000000,3894.16000000,3897.94000000,3894.16000000,3894.16000000,0.72459800,1546035299999,2821.71944768,5,0.00500000,19.48970000,0
1546035300000,3894.16000000,3895.74000000,3892.04000000,3895.74000000,1.79934400,1546035599999,7008.39268686,10,1.72700000,6726.78235302,0
1546035600000,3894.22000000,3897.11000000,3892.56000000,3897.08000000,2.15842100,1546035899999,8410.52884874,17,2.01344800,7846.01637851,0
1546035900000,3891.24000000,3895.00000000,3886.48000000,3894.31000000,1.59986600,1546036199999,6220.53940126,10,0.24676600,960.94916890,0
1546036200000,3894.27000000,3894.27000000,3878.64000000,3878.64000000,0.56586300,1546036499999,2194.96438277,9,0.03064500,118.92874137,0
1546036500000,3878.64000000,3890.19000000,3878.64000000,3883.71000000,0.54679200,1546036799999,2126.96108456,7,0.21103300,820.91024747,0
1546036800000,3883.79000000,3890.59000000,3880.01000000,3880.01000000,1.38488800,1546037099999,5380.00072821,13,0.63347300,2464.00812167,0
1546037100000,3889.99000000,3890.00000000,3880.00000000,3880.00000000,4.21314400,1546037399999,16348.09471392,26,0.15659200,608.43487000,0
1546037400000,3874.01000000,3874.01000000,3870.06000000,3870.06000000,0.13690800,1546037699999,530.08449701,3,0.00000000,0.00000000,0
1546037700000,3874.99000000,3880.31000000,3870.00000000,3870.00000000,2.05496100,1546037999999,7961.74926512,20,0.30000000,1163.81722604,0
1546038000000,3874.00000000,3874.55000000,3855.40000000,3856.83000000,11.35162100,1546038299999,43882.75283529,52,2.28976700,8852.76150105,0
1546038300000,3861.42000000,3878.56000000,3861.42000000,3869.60000000,6.89089600,1546038599999,26683.75306045,32,3.76213100,14577.73904699,0
1546038600000,3870.22000000,3894.69000000,3869.83000000,3886.34000000,7.42648700,1546038899999,28755.66010629,18,1.34043300,5202.71178535,0
1546038900000,3886.56000000,3888.63000000,3882.45000000,3882.45000000,0.22846400,1546039199999,888.09375840,5,0.15622200,607.43832591,0
1546039200000,3884.19000000,3887.19000000,3881.00000000,3881.00000000,3.40961500,1546039499999,13251.34061675,7,2.95896200,11502.04749678,0
1546039500000,3875.63000000,3881.00000000,3875.63000000,3881.00000000,0.49156500,1546039799999,1907.52931261,10,0.25933700,1006.25244461,0
1546039800000,3881.40000000,3889.71000000,3876.16000000,3876.16000000,16.92566100,1546040099999,65779.52224100,21,15.48303900,60179.45856176,0
1546040100000,3870.91000000,3883.00000000,3870.91000000,3883.00000000,1.33166200,1546040399999,5169.00774659,17,0.34520300,1339.63967763,0
1546040400000,3883.00000000,3885.04000000,3882.84000000,3885.04000000,3.22095000,1546040699999,12506.72450704,12,0.02417800,93.93249712,0
1546040700000,3884.00000000,3886.47000000,3878.03000000,3886.47000000,0.08004700,1546040999999,310.92861820,4,0.06068300,235.83444528,0
1546041000000,3878.03000000,3878.03000000,3874.44000000,3874.44000000,1.00000000,1546041299999,3874.52309105,3,0.00000000,0.00000000,0
1546041300000,3880.13000000,3895.91000000,3880.13000000,3885.33000000,18.29191700,1546041599999,71155.89672928,26,8.19763000,31911.18972016,0
1546041600000,3891.71000000,3898.84000000,3891.71000000,3891.86000000,0.72187900,1546041899999,2813.39119428,9,0.64999600,2533.64340435,0
1546041900000,3890.00000000,3891.21000000,3890.00000000,3891.21000000,0.73041400,1546042199999,2841.36014623,10,0.68935100,2681.62507623,0
1546042200000,3894.26000000,3908.95000000,3893.91000000,3903.40000000,2.13442500,1546042499999,8315.99250942,18,1.96679900,7661.62825472,0
1546042500000,3913.96000000,3923.74000000,3897.75000000,3904.00000000,5.35191500,1546042799999,20915.90135920,33,0.87605800,3429.97817212,0
1546042800000,3904.53000000,3906.48000000,3897.99000000,3897.99000000,1.22106800,1546043099999,4767.59112730,8,0.95889100,3744.01867623,0
1546043100000,3903.60000000,3903.99000000,3896.99000000,3896.99000000,7.97944900,1546043399999,31120.06617522,15,2.12083600,8279.51761913,0
1546043400000,3898.78000000,3898.78000000,3898.78000000,3898.78000000,0.00002000,1546043699999,0.07797560,1,0.00002000,0.07797560,0
1546043700000,3901.00000000,3901.00000000,3900.00000000,3900.00000000,0.37094900,1546043999999,1446.94760800,5,0.00000000,0.00000000,0
1546044000000,3900.00000000,3900.00000000,3898.66000000,3898.66000000,0.61803700,1546044299999,2410.29286696,8,0.03058900,119.25611074,0
1546044300000,3894.45000000,3900.00000000,3891.91000000,3896.74000000,1.21617500,1546044599999,4739.50426209,20,0.34553000,1346.68642221,0
1546044600000,3892.04000000,3897.21000000,3887.57000000,3896.24000000,0.41320800,1546044899999,1608.63570162,16,0.10058800,391.93035028,0
1546044900000,3896.26000000,3902.34000000,3896.26000000,3902.34000000,0.24407300,1546045199999,952.09805858,10,0.24407300,952.09805858,0
1546045200000,3897.23000000,3903.52000000,3897.23000000,3897.25000000,5.19042800,1546045499999,20258.42344108,6,5.16962600,20177.35295522,0
1546045500000,3893.88000000,3895.32000000,3888.67000000,3895.32000000,0.08626500,1546045799999,335.58927743,7,0.03445200,134.08130784,0
1546045800000,3895.32000000,3895.32000000,3888.93000000,3895.27000000,0.44254500,1546046099999,1721.66560288,9,0.09805700,381.96092684,0
1546046100000,3888.99000000,3888.99000000,3885.20000000,3887.64000000,1.03884100,1546046399999,4036.46076380,10,0.00000000,0.00000000,0
1546046400000,3887.47000000,3895.32000000,3887.47000000,3895.32000000,1.52520300,1546046699999,5940.51655888,20,1.51374300,5895.92946874,0
1546046700000,3892.00000000,3895.32000000,3892.00000000,3892.01000000,1.13261700,1546046999999,4411.71688890,13,1.07561800,4189.87630776,0
1546047000000,3892.00000000,3895.31000000,3892.00000000,3892.00000000,0.02580000,1546047299999,100.45226080,3,0.01168000,45.49722080,0
1546047300000,3892.00000000,3900.00000000,3892.00000000,3893.12000000,5.32300800,1546047599999,20740.86249520,27,4.77928200,18620.68225918,0
1546047600000,3893.12000000,3904.89000000,3893.12000000,3904.72000000,2.69157400,1546047899999,10510.02839524,7,2.68644200,10490.01354392,0
1546047900000,3900.01000000,3911.00000000,3900.01000000,3902.32000000,7.22448000,1546048199999,28218.92923914,35,6.15153300,24025.60405744,0
1546048200000,3899.86000000,3907.50000000,3897.67000000,3902.85000000,4.65164500,1546048499999,18135.26930432,14,0.07521700,293.67222195,0
1546048500000,3901.04000000,3901.04000000,3896.09000000,3896.09000000,0.14136500,1546048799999,551.32031536,3,0.10645700,415.29301528,0
1546048800000,3896.51000000,3901.15000000,3891.16000000,3897.66000000,0.36400800,1546049099999,1416.64961429,10,0.16979500,660.74483942,0
1546049100000,3897.66000000,3901.13000000,3896.58000000,3896.58000000,2.55755100,1546049399999,9972.62620440,12,1.56122700,6090.36290691,0
1546049400000,3893.98000000,3898.38000000,3892.51000000,3892.51000000,0.36674600,1546049699999,1429.22975763,11,0.33531200,1306.83113694,0
1546049700000,3896.21000000,3897.23000000,3888.02000000,3888.02000000,1.20242300,1546049999999,4684.40054950,13,0.83339800,3246.98244788,0
1546050000000,3890.00000000,3891.38000000,3881.75000000,3881.75000000,3.86019500,1546050299999,15010.15219096,24,2.80688100,10918.81738888,0
1546050300000,3881.11000000,3889.26000000,3881.11000000,3882.24000000,0.62324500,1546050599999,2419.75099294,19,0.22321900,866.72457033,0
1546050600000,3884.55000000,3886.44000000,3874.44000000,3874.44000000,1.00417500,1546050899999,3894.89103560,16,0.07064000,274.40461200,0
1546050900000,3876.04000000,3876.53000000,3876.04000000,3876.04000000,0.83857700,1546051199999,3250.36483965,10,0.01285900,49.84199836,0
1546051200000,3876.04000000,3881.19000000,3872.24000000,3872.24000000,0.35109900,1546051499999,1360.70368868,9,0.06540800,253.50737617,0
1546051500000,3882.45000000,3882.45000000,3882.44000000,3882.44000000,0.36582800,1546051799999,1420.30551677,3,0.02564500,99.56543025,0
1546051800000,3882.45000000,3888.06000000,3882.44000000,3882.44000000,0.69883000,1546052099999,2713.99801151,8,0.68975500,2678.74178220,0
1546052100000,3880.31000000,3886.50000000,3880.31000000,3886.50000000,0.03587700,1546052399999,139.32483143,3,0.01792400,69.66162600,0
1546052400000,3883.74000000,3883.74000000,3878.70000000,3881.26000000,0.58870300,1546052699999,2284.89880100,15,0.02389600,92.75200840,0
1546052700000,3881.80000000,3884.85000000,3881.64000000,3884.43000000,1.05947800,1546052999999,4112.64919716,8,0.02317800,90.01593504,0
1546053000000,3884.48000000,3890.49000000,3884.48000000,3890.46000000,0.35077500,1546053299999,1363.56921793,8,0.03644800,141.80002617,0
1546053300000,3890.46000000,3895.50000000,3886.24000000,3886.24000000,0.03624100,1546053599999,140.92632854,6,0.00591200,23.02128808,0
1546053600000,3887.07000000,3890.00000000,3887.07000000,3887.13000000,1.05580800,1546053899999,4106.93901137,20,1.00216900,3898.43741000,0
1546053900000,3890.00000000,3893.69000000,3890.00000000,3890.61000000,0.27444800,1546054199999,1068.55054975,8,0.22979500,894.68561018,0
1546054200000,3890.61000000,3890.61000000,3888.26000000,3888.26000000,0.14721500,1546054499999,572.52932383,6,0.04748300,184.73783463,0
1546054500000,3888.30000000,3893.48000000,3888.30000000,3893.48000000,0.03202500,1546054799999,124.56137260,2,0.03202500,124.56137260,0
1546054800000,3894.17000000,3895.59000000,3894.17000000,3895.00000000,0.27693000,1546055099999,1078.64649276,8,0.27693000,1078.64649276,0
1546055100000,3894.80000000,3894.80000000,3888.97000000,3888.97000000,0.01438400,1546055399999,55.95912794,2,0.00346200,13.48379760,0
1546055400000,3888.97000000,3889.00000000,3888.97000000,3889.00000000,0.03078400,1546055699999,119.71822522,4,0.00575800,22.39286200,0
1546055700000,3888.26000000,3892.22000000,3888.26000000,3892.22000000,0.21244900,1546055999999,826.84087210,3,0.19803200,770.78382768,0
1546056000000,3888.26000000,3890.59000000,3883.17000000,3883.17000000,0.26864200,1546056299999,1044.17651188,7,0.22052800,857.34150762,0
1546056300000,3882.00000000,3883.16000000,3882.00000000,3883.16000000,0.14884300,1546056599999,577.97236372,7,0.07833700,304.18628476,0
1546056600000,3877.21000000,3877.21000000,3874.50000000,3874.50000000,0.34779100,1546056899999,1347.55401894,8,0.33532700,1299.22847350,0
1546056900000,3874.50000000,3883.16000000,3874.50000000,3883.16000000,0.82065700,1546057199999,3183.89365984,12,0.82065700,3183.89365984,0
1546057200000,3883.16000000,3883.16000000,3883.16000000,3883.16000000,0.23921400,1546057499999,928.90623624,1,0.23921400,928.90623624,0
1546057500000,3883.16000000,3883.17000000,3883.16000000,3883.17000000,1.76737800,1546057799999,6863.02820251,3,1.76737800,6863.02820251,0
1546057800000,3877.04000000,3882.83000000,3876.87000000,3882.83000000,0.03359600,1546058099999,130.30118352,4,0.00859600,33.37680668,0
1546058100000,3882.84000000,3887.46000000,3878.06000000,3883.58000000,2.52295200,1546058399999,9797.19377842,13,2.45019600,9514.52250216,0
1546058400000,3883.58000000,3883.58000000,3879.88000000,3879.88000000,0.20275300,1546058699999,787.39575564,5,0.00000000,0.00000000,0
1546058700000,3880.11000000,3887.14000000,3879.88000000,3882.54000000,3.80158900,1546058999999,14765.33582159,33,1.10827800,4307.05967732,0
1546059000000,3882.54000000,3896.10000000,3870.11000000,3889.95000000,10.68361200,1546059299999,41535.34966596,99,5.00002600,19466.36427699,0
1546059300000,3889.95000000,3894.62000000,3889.95000000,3894.62000000,0.29763400,1546059599999,1158.45029301,6,0.29763400,1158.45029301,0
1546059600000,3890.00000000,3890.00000000,3890.00000000,3890.00000000,0.24000000,1546059899999,933.60000000,3,0.10000000,389.00000000,0
1546059900000,3890.00000000,3890.00000000,3881.91000000,3881.91000000,1.36465900,1546060199999,5306.43258925,10,1.29784900,5046.91161546,0
1546060200000,3881.91000000,3882.43000000,3877.97000000,3882.43000000,0.17812200,1546060499999,691.42052978,5,0.09936200,385.68129818,0
1546060500000,3882.43000000,3884.06000000,3882.43000000,3883.27000000,0.12302800,1546060799999,477.78616736,8,0.12302800,477.78616736,0
1546060800000,3880.45000000,3889.99000000,3880.45000000,3882.18000000,10.51491200,1546061099999,40897.94790907,10,10.45000000,40645.98874449,0
1546061100000,3882.76000000,3883.10000000,3882.16000000,3882.19000000,5.27605700,1546061399999,20482.54112232,10,0.03746500,145.46510512,0
1546061400000,3877.47000000,3877.47000000,3877.45000000,3877.45000000,1.03973800,1546061699999,4031.53892246,7,0.00000000,0.00000000,0
1546061700000,3883.30000000,3888.00000000,3883.30000000,3887.18000000,0.68878400,1546061999999,2677.25935209,23,0.48121900,1870.34833894,0
1546062000000,3881.48000000,3889.39000000,3881.48000000,3885.00000000,12.81329900,1546062299999,49786.96925191,17,8.79066300,34173.10839191,0
1546062300000,3883.26000000,3883.26000000,3878.08000000,3878.08000000,0.75898700,1546062599999,2944.96851253,19,0.00000000,0.00000000,0
1546062600000,3879.26000000,3879.26000000,3877.54000000,3877.54000000,0.70215600,1546062899999,2722.65600592,3,0.00000000,0.00000000,0
1546062900000,3877.54000000,3877.54000000,3877.38000000,3877.38000000,1.05172100,1546063199999,4077.95878202,11,0.21188500,821.59256290,0
1546063200000,3877.38000000,3877.38000000,3877.38000000,3877.38000000,0.04195100,1546063499999,162.65996838,4,0.03350700,129.91937166,0
1546063500000,3877.38000000,3885.65000000,3873.39000000,3873.39000000,1.98468900,1546063799999,7702.06810641,13,1.09393900,4249.27522934,0
1546063800000,3877.57000000,3882.79000000,3877.57000000,3882.79000000,0.04849500,1546064099999,188.24538009,3,0.03603100,139.90076473,0
1546064100000,3882.79000000,3882.79000000,3882.79000000,3882.79000000,0.00000000,1546064399999,0.00000000,0,0.00000000,0.00000000,0
1546064400000,3885.91000000,3890.00000000,3882.91000000,3890.00000000,1.63043800,1546064699999,6337.86388859,17,1.05539000,4104.85710000,0
1546064700000,3889.39000000,3889.39000000,3889.39000000,3889.39000000,0.00382500,1546064999999,14.87691675,3,0.00000000,0.00000000,0
1546065000000,3890.00000000,3893.71000000,3890.00000000,3893.71000000,2.59420900,1546065299999,10093.51453396,21,2.59420900,10093.51453396,0
1546065300000,3890.00000000,3890.00000000,3881.49000000,3881.49000000,0.14936100,1546065599999,580.20807455,6,0.00000000,0.00000000,0
1546065600000,3883.54000000,3883.54000000,3883.54000000,3883.54000000,0.02448000,1546065899999,95.06905920,1,0.00000000,0.00000000,0
1546065900000,3890.41000000,3890.41000000,3886.62000000,3886.62000000,0.03839400,1546066199999,149.32224334,4,0.02568400,99.91857894,0
1546066200000,3890.24000000,3892.81000000,3886.63000000,3891.99000000,0.04038300,1546066499999,157.04217203,5,0.01567100,60.99577147,0
1546066500000,3887.03000000,3894.18000000,3887.03000000,3894.18000000,1.89253100,1546066799999,7365.84120825,12,0.31652600,1232.46260967,0
1546066800000,3892.00000000,3896.39000000,3890.00000000,3896.39000000,1.71896100,1546067099999,6691.87932608,23,1.00554700,3916.09445709,0
1546067100000,3900.00000000,3900.00000000,3893.20000000,3893.20000000,0.64555200,1546067399999,2517.24047626,13,0.58979700,2300.11573768,0
1546067400000,3887.04000000,3888.55000000,3880.30000000,3888.55000000,0.13170400,1546067699999,511.56865086,4,0.02497000,97.09709350,0
1546067700000,3886.96000000,3889.13000000,3886.96000000,3887.00000000,0.49140900,1546067999999,1910.75602334,9,0.36279900,1410.84861995,0
1546068000000,3887.00000000,3889.03000000,3887.00000000,3888.75000000,1.20532000,1546068299999,4686.88237473,20,0.88319200,3434.65021900,0
1546068300000,3881.70000000,3888.75000000,3881.70000000,3888.75000000,0.04618200,1546068599999,179.41523625,3,0.02135700,83.05203375,0
1546068600000,3883.97000000,3889.21000000,3882.10000000,3889.21000000,2.14012700,1546068899999,8322.98645322,12,2.08231700,8098.53806132,0
1546068900000,3889.21000000,3892.51000000,3885.02000000,3892.51000000,0.34780100,1546069199999,1352.38206869,9,0.27431300,1066.87971893,0
1546069200000,3892.51000000,3900.00000000,3892.51000000,3900.00000000,1.43586700,1546069499999,5599.08562501,9,1.36230200,5312.56492266,0
1546069500000,3898.00000000,3898.00000000,3898.00000000,3898.00000000,0.31606700,1546069799999,1232.02916600,2,0.00000000,0.00000000,0
1546069800000,3898.00000000,3900.00000000,3898.00000000,3900.00000000,1.65540200,1546070099999,6456.05053400,8,1.65540200,6456.05053400,0
1546070100000,3900.00000000,3915.41000000,3900.00000000,3908.27000000,1.01244200,1546070399999,3963.23470637,20,0.11284300,441.06251768,0
1546070400000,3899.50000000,3900.84000000,3899.38000000,3900.80000000,0.55543900,1546070699999,2166.12762368,5,0.15062700,587.56967752,0
1546070700000,3896.96000000,3900.85000000,3896.96000000,3898.82000000,18.39934400,1546070999999,71772.47647918,25,18.36501200,71638.59393166,0
1546071000000,3898.57000000,3898.57000000,3898.57000000,3898.57000000,0.00352900,1546071299999,13.75805353,1,0.00352900,13.75805353,0
1546071300000,3898.05000000,3901.92000000,3898.02000000,3898.08000000,0.47889800,1546071599999,1867.80648725,8,0.47889800,1867.80648725,0
1546071600000,3900.50000000,3900.50000000,3900.50000000,3900.50000000,4.11424900,1546071899999,16047.62822450,41,4.11424900,16047.62822450,0
1546071900000,3900.48000000,3900.48000000,3899.97000000,3899.97000000,1.21000600,1546072199999,4719.02434406,6,0.21000600,819.03434406,0
1546072200000,3900.00000000,3900.50000000,3900.00000000,3900.50000000,1.02404000,1546072499999,3994.26801774,6,1.02404000,3994.26801774,0
1546072500000,3899.00000000,3900.50000000,3899.00000000,3900.50000000,1.35170100,1546072799999,5272.27975050,13,1.35170100,5272.27975050,0
1546072800000,3900.50000000,3900.50000000,3900.00000000,3900.50000000,3.08002600,1546073099999,12013.64000300,19,3.08002600,12013.64000300,0
1546073100000,3900.49000000,3900.50000000,3894.54000000,3894.54000000,0.12299900,1546073399999,479.63202143,11,0.08199400,319.81755748,0
1546073400000,3894.56000000,3894.56000000,3894.21000000,3894.21000000,0.75248300,1546073699999,2930.53226678,12,0.00000000,0.00000000,0
1546073700000,3894.55000000,3900.50000000,3894.55000000,3900.50000000,3.61266500,1546073999999,14091.03306665,33,3.58695900,13990.91976435,0
1546074000000,3900.50000000,3938.27000000,3900.50000000,3921.31000000,13.34595000,1546074299999,52193.12921103,56,11.38260400,44485.69904886,0
1546074300000,3920.35000000,3920.35000000,3913.15000000,3914.44000000,0.21385300,1546074599999,837.41141568,9,0.17754300,695.32470363,0
1546074600000,3913.67000000,3913.67000000,3898.96000000,3903.09000000,1.71127500,1546074899999,6677.09616487,25,0.62488800,2439.09802091,0
1546074900000,3895.42000000,3899.71000000,3883.49000000,3886.00000000,1.56881800,1546075199999,6103.10936886,23,0.70448600,2741.68456964,0
1546075200000,3886.80000000,3894.06000000,3886.00000000,3889.49000000,0.74040300,1546075499999,2881.43544934,15,0.51972700,2023.76137764,0
1546075500000,3889.50000000,3892.64000000,3889.50000000,3889.51000000,0.08031700,1546075799999,312.42202982,6,0.00917100,35.69940144,0
1546075800000,3889.51000000,3894.91000000,3889.49000000,3889.49000000,1.32163200,1546076099999,5143.65406964,14,0.74539500,2902.37916517,0
1546076100000,3886.00000000,3889.58000000,3881.02000000,3889.50000000,11.03062500,1546076399999,42846.90605716,58,10.97064600,42613.90500626,0
1546076400000,3888.76000000,3894.80000000,3888.76000000,3892.22000000,1.02496100,1546076699999,3988.53419115,7,0.00842500,32.81124227,0
1546076700000,3892.22000000,3895.47000000,3892.22000000,3895.47000000,1.13612100,1546076999999,4422.84214162,9,0.95353900,3711.59943808,0
1546077000000,3895.21000000,3897.68000000,3887.57000000,3887.57000000,1.06310800,1546077299999,4142.59781208,7,0.91551800,3568.23748474,0
1546077300000,3889.78000000,3889.78000000,3889.59000000,3889.59000000,0.14455600,1546077599999,562.27691223,3,0.00000000,0.00000000,0
1546077600000,3887.10000000,3889.60000000,3884.71000000,3885.33000000,0.29217000,1546077899999,1135.69649540,6,0.04370300,169.94909570,0
1546077900000,3885.33000000,3885.33000000,3875.05000000,3881.08000000,0.52635200,1546078199999,2041.67425449,23,0.22037800,855.98176772,0
1546078200000,3875.90000000,3875.90000000,3875.90000000,3875.90000000,0.13938600,1546078499999,540.24619740,1,0.00000000,0.00000000,0
1546078500000,3874.93000000,3874.93000000,3827.00000000,3857.67000000,24.25855900,1546078799999,93591.13410185,121,7.18570300,27709.51242148,0
1546078800000,3861.72000000,3866.54000000,3854.82000000,3860.79000000,1.79150500,1546079099999,6914.99345166,37,0.96505800,3726.22241299,0
1546079100000,3860.79000000,3860.79000000,3839.47000000,3854.00000000,11.32041100,1546079399999,43596.75529160,39,0.16518300,636.00586148,0
1546079400000,3852.60000000,3863.65000000,3839.92000000,3863.65000000,6.87945900,1546079699999,26468.55377809,68,2.54555500,9810.29155826,0
1546079700000,3857.58000000,3865.46000000,3857.58000000,3858.72000000,2.76928500,1546079999999,10690.13223348,19,1.91409600,7390.95235213,0
1546080000000,3858.71000000,3859.66000000,3850.47000000,3850.47000000,1.48727800,1546080299999,5736.51380642,18,0.00314700,12.11742909,0
1546080300000,3850.00000000,3855.08000000,3848.28000000,3851.63000000,0.35521100,1546080599999,1367.72729271,16,0.26953000,1037.78166512,0
1546080600000,3849.44000000,3855.01000000,3846.48000000,3847.58000000,0.77285600,1546080899999,2974.93172666,12,0.30816000,1186.73755212,0
1546080900000,3848.96000000,3848.96000000,3847.27000000,3847.27000000,0.15938700,1546081199999,613.22463444,3,0.00000000,0.00000000,0
1546081200000,3847.28000000,3858.28000000,3846.46000000,3858.28000000,3.67101000,1546081499999,14128.33873238,17,0.52256500,2012.59099738,0
1546081500000,3863.95000000,3865.41000000,3863.16000000,3863.97000000,0.61200600,1546081799999,2364.82930030,8,0.36066000,1393.63589668,0
1546081800000,3865.48000000,3865.48000000,3865.48000000,3865.48000000,0.00259800,1546082099999,10.04251704,1,0.00259800,10.04251704,0
1546082100000,3865.48000000,3866.99000000,3860.46000000,3860.95000000,1.68050600,1546082399999,6494.08785201,9,1.62878700,6294.40751648,0
1546082400000,3866.99000000,3866.99000000,3866.99000000,3866.99000000,0.07973600,1546082699999,308.33831464,2,0.01305700,50.49128843,0
1546082700000,3861.33000000,3861.33000000,3861.33000000,3861.33000000,0.04654300,1546082999999,179.71788219,1,0.00000000,0.00000000,0
1546083000000,3861.04000000,3865.82000000,3860.76000000,3864.55000000,0.17279600,1546083299999,667.71596509,13,0.02726800,105.41317976,0
1546083300000,3865.48000000,3865.82000000,3862.59000000,3862.59000000,0.02506300,1546083599999,96.87901819,4,0.02187400,84.56006268,0
1546083600000,3865.82000000,3873.27000000,3865.82000000,3873.27000000,0.01316200,1546083899999,50.93874344,7,0.01316200,50.93874344,0
1546083900000,3867.45000000,3867.45000000,3867.29000000,3867.29000000,0.10327100,1546084199999,399.38716719,2,0.00000000,0.00000000,0
1546084200000,3870.99000000,3870.99000000,3864.00000000,3866.00000000,0.45883700,1546084499999,1773.28890544,9,0.40200400,1553.61799384,0
1546084500000,3866.71000000,3869.07000000,3864.98000000,3864.98000000,1.09013400,1546084799999,4216.84314031,12,1.01717800,3934.80370011,0
1546084800000,3864.98000000,3864.98000000,3864.11000000,3864.11000000,0.12193600,1546085099999,471.18276506,4,0.11869900,458.67182480,0
1546085100000,3864.11000000,3868.35000000,3860.70000000,3863.12000000,2.49153700,1546085399999,9633.57412908,18,2.45276100,9483.82121708,0
1546085400000,3863.12000000,3863.12000000,3858.00000000,3860.47000000,0.05098800,1546085699999,196.82189834,4,0.02419200,93.44293034,0
1546085700000,3858.00000000,3858.00000000,3852.02000000,3857.84000000,0.65940600,1546085999999,2543.09843374,22,0.61740900,2381.14372417,0
1546086000000,3857.84000000,3860.51000000,3857.84000000,3860.50000000,6.85729400,1546086299999,26471.13613276,41,6.33795400,24467.60550716,0
1546086300000,3860.50000000,3876.56000000,3860.00000000,3876.56000000,12.98370700,1546086599999,50124.20456887,35,12.95704500,50021.05070516,0
1546086600000,3876.56000000,3878.65000000,3869.88000000,3869.88000000,4.54805300,1546086899999,17635.55637521,21,2.97285900,11530.13762351,0
1546086900000,3870.25000000,3870.25000000,3869.88000000,3869.88000000,0.30604700,1546087199999,1184.36838151,3,0.29735200,1150.71655776,0
1546087200000,3875.74000000,3886.95000000,3874.72000000,3881.09000000,4.23036100,1546087499999,16440.99774416,33,0.16217700,629.88711315,0
1546087500000,3882.32000000,3883.27000000,3882.32000000,3883.25000000,0.13674800,1546087799999,530.98539966,3,0.13674800,530.98539966,0
1546087800000,3877.46000000,3880.75000000,3877.46000000,3880.75000000,0.37656500,1546088099999,1461.16852490,2,0.32000000,1241.84000000,0
1546088100000,3877.46000000,3877.46000000,3877.46000000,3877.46000000,0.00008800,1546088399999,0.34121648,1,0.00000000,0.00000000,0
1546088400000,3877.94000000,3878.36000000,3877.46000000,3877.46000000,0.34501500,1546088699999,1337.90527740,14,0.24508000,950.41131230,0
1546088700000,3877.46000000,3877.46000000,3872.56000000,3872.56000000,0.05160100,1546088999999,199.82828706,2,0.00000000,0.00000000,0
1546089000000,3872.56000000,3877.21000000,3872.56000000,3873.01000000,0.70959100,1546089299999,2750.96052522,9,0.65000000,2520.18132365,0
1546089300000,3877.41000000,3877.88000000,3877.41000000,3877.87000000,2.74583600,1546089599999,10647.91719166,9,2.72007000,10548.00875368,0
1546089600000,3873.96000000,3877.82000000,3865.03000000,3867.34000000,4.03481900,1546089899999,15600.66072755,24,3.88402300,15017.34008801,0
1546089900000,3867.35000000,3874.31000000,3867.35000000,3868.86000000,5.06642900,1546090199999,19628.49361024,9,5.04136100,19531.54688044,0
1546090200000,3869.33000000,3874.30000000,3867.81000000,3874.30000000,0.64737900,1546090499999,2507.26362982,13,0.58759600,2276.02664989,0
1546090500000,3874.30000000,3880.97000000,3873.50000000,3880.97000000,4.15513200,1546090799999,16098.54813986,34,4.13923100,16036.95561636,0
1546090800000,3880.40000000,3886.19000000,3874.14000000,3886.19000000,5.21122200,1546091099999,20244.69868351,8,4.23116300,16442.05265285,0
1546091100000,3886.97000000,3889.38000000,3881.71000000,3886.27000000,0.31749800,1546091399999,1234.19721837,11,0.25068300,974.69443987,0
1546091400000,3886.20000000,3886.20000000,3878.65000000,3884.94000000,1.75477300,1546091699999,6807.65299656,17,1.54736900,6002.03437000,0
1546091700000,3878.50000000,3884.93000000,3878.49000000,3878.53000000,0.25131300,1546091999999,974.96304559,7,0.03195700,124.13839496,0
1546092000000,3879.14000000,3885.64000000,3879.14000000,3885.64000000,10.41466800,1546092299999,40463.30617992,21,10.16741300,39503.94452570,0
1546092300000,3891.53000000,3893.62000000,3880.13000000,3880.13000000,3.01372800,1546092599999,11725.40881421,17,2.11221100,8222.52523687,0
1546092600000,3878.27000000,3878.40000000,3871.94000000,3871.94000000,0.90980100,1546092899999,3523.95702679,14,0.49279700,1909.02480529,0
1546092900000,3871.94000000,3871.94000000,3871.94000000,3871.94000000,0.00000000,1546093199999,0.00000000,0,0.00000000,0.00000000,0
1546093200000,3872.34000000,3872.34000000,3861.60000000,3861.60000000,4.74988100,1546093499999,18356.46763645,18,0.62868500,2433.59719524,0
1546093500000,3860.00000000,3864.52000000,3858.70000000,3864.33000000,1.25521700,1546093799999,4845.23931120,12,0.82579400,3187.66741656,0
1546093800000,3863.39000000,3876.66000000,3863.39000000,3876.66000000,1.88234800,1546094099999,7276.30280921,28,1.88067000,7269.81901721,0
1546094100000,3876.66000000,3876.66000000,3876.66000000,3876.66000000,0.00000000,1546094399999,0.00000000,0,0.00000000,0.00000000,0
1546094400000,3867.34000000,3868.61000000,3860.48000000,3868.00000000,0.35037500,1546094699999,1354.02584835,13,0.13580000,525.28066891,0
1546094700000,3867.92000000,3869.27000000,3867.92000000,3869.27000000,0.21589800,1546094999999,835.36074516,8,0.21589800,835.36074516,0
1546095000000,3874.18000000,3874.19000000,3867.01000000,3869.92000000,0.52245900,1546095299999,2023.06772402,9,0.48700500,1885.96675148,0
1546095300000,3869.92000000,3869.92000000,3869.92000000,3869.92000000,0.00000000,1546095599999,0.00000000,0,0.00000000,0.00000000,0
1546095600000,3869.92000000,3872.94000000,3861.79000000,3868.38000000,0.81703100,1546095899999,3160.30144360,14,0.12214400,472.09297580,0
1546095900000,3871.65000000,3871.65000000,3865.22000000,3865.75000000,0.61916800,1546096199999,2394.24637140,8,0.11366800,440.08271220,0
1546096200000,3873.29000000,3878.97000000,3873.29000000,3878.97000000,3.55981400,1546096499999,13803.05132813,24,2.99856700,11628.64013838,0
1546096500000,3875.71000000,3881.05000000,3874.26000000,3880.64000000,0.09660200,1546096799999,374.55302920,9,0.08404900,325.91944342,0
1546096800000,3881.29000000,3894.33000000,3879.62000000,3885.20000000,28.24785700,1546097099999,109733.86651869,63,28.02661600,108874.84840911,0
1546097100000,3880.34000000,3883.06000000,3876.80000000,3879.70000000,5.39309600,1546097399999,20939.58109946,16,5.32357200,20670.02125618,0
1546097400000,3879.00000000,3879.00000000,3868.46000000,3870.10000000,3.48289000,1546097699999,13499.02205632,21,0.30593800,1185.86656892,0
1546097700000,3870.10000000,3877.93000000,3865.54000000,3877.24000000,0.17598600,1546097999999,681.76423373,11,0.16497700,639.19913877,0
1546098000000,3873.43000000,3874.92000000,3873.43000000,3874.00000000,0.34214200,1546098299999,1325.42601470,6,0.00549800,21.30431016,0
1546098300000,3874.00000000,3876.08000000,3874.00000000,3876.08000000,0.73134700,1546098599999,2834.12179752,6,0.42476900,1646.43862552,0
1546098600000,3876.75000000,3883.06000000,3874.00000000,3877.84000000,12.87881300,1546098899999,49951.07934590,40,9.82709800,38118.26154998,0
1546098900000,3874.04000000,3879.45000000,3871.06000000,3871.06000000,0.68644600,1546099199999,2658.94110669,9,0.14621900,566.50240013,0
1546099200000,3871.07000000,3871.07000000,3821.34000000,3821.34000000,8.49916500,1546099499999,32667.17245390,81,1.53748200,5922.96663525,0
1546099500000,3822.21000000,3835.08000000,3812.77000000,3835.00000000,9.05910200,1546099799999,34684.51258814,69,2.71403600,10392.31324622,0
1546099800000,3840.00000000,3840.00000000,3834.15000000,3834.15000000,13.33167400,1546100099999,51127.98853786,34,3.29784200,12647.71421869,0
1546100100000,3836.24000000,3836.24000000,3834.15000000,3834.15000000,0.38450900,1546100399999,1475.00001590,7,0.36563200,1402.62276635,0
1546100400000,3833.88000000,3850.00000000,3831.54000000,3848.08000000,8.89629400,1546100699999,34133.39278109,41,8.85941300,33991.86776997,0
1546100700000,3846.16000000,3850.00000000,3842.90000000,3850.00000000,4.71514700,1546100999999,18134.98078097,26,4.62616400,17793.01514588,0
1546101000000,3843.81000000,3843.83000000,3841.10000000,3843.00000000,0.36132100,1546101299999,1388.63149021,13,0.04157200,159.77373427,0
1546101300000,3846.21000000,3846.85000000,3837.32000000,3842.32000000,0.82264800,1546101599999,3160.69143292,16,0.80184900,3080.82930463,0
1546101600000,3843.00000000,3844.58000000,3839.71000000,3839.71000000,1.10648400,1546101899999,4253.39612256,10,0.31774500,1221.34118800,0
1546101900000,3839.71000000,3839.71000000,3832.41000000,3832.41000000,0.48836000,1546102199999,1874.05928238,13,0.46115200,1769.70810474,0
1546102200000,3836.58000000,3836.58000000,3828.65000000,3828.65000000,2.58816400,1546102499999,9910.85050726,10,0.20624800,791.28376536,0
1546102500000,3832.97000000,3836.57000000,3828.67000000,3836.57000000,1.32692100,1546102799999,5090.40845580,18,1.30933500,5023.07746518,0
1546102800000,3836.57000000,3836.57000000,3834.03000000,3836.57000000,2.97091300,1546103099999,11397.85867538,29,2.95966200,11354.70917771,0
1546103100000,3836.45000000,3836.57000000,3833.82000000,3836.57000000,17.21245600,1546103399999,66036.73094925,28,17.20327500,66001.53264783,0
1546103400000,3831.82000000,3841.15000000,3831.82000000,3831.92000000,2.47858300,1546103699999,9501.32619170,12,0.01316400,50.51231838,0
1546103700000,3839.04000000,3839.05000000,3830.08000000,3837.67000000,0.60099200,1546103999999,2303.05946184,11,0.12170400,466.93172931,0
1546104000000,3839.17000000,3839.17000000,3837.66000000,3837.66000000,0.05690000,1546104299999,218.42502392,3,0.05690000,218.42502392,0
1546104300000,3833.38000000,3834.46000000,3822.37000000,3829.37000000,2.37166000,1546104599999,9079.47415679,38,1.07650900,4127.03672536,0
1546104600000,3824.32000000,3835.39000000,3816.80000000,3833.56000000,13.62441200,1546104899999,52140.60350577,30,11.16820500,42749.22264151,0
1546104900000,3831.46000000,3845.74000000,3831.46000000,3840.00000000,8.08022000,1546105199999,31027.88934696,28,0.02991000,114.82726032,0
1546105200000,3835.01000000,3840.00000000,3835.00000000,3840.00000000,4.57777400,1546105499999,17575.76379270,35,0.16692600,640.99584000,0
1546105500000,3840.00000000,3840.00000000,3835.00000000,3840.00000000,0.52944200,1546105799999,2031.95500281,10,0.02788900,107.09376000,0
1546105800000,3840.75000000,3845.66000000,3840.75000000,3842.40000000,1.56632900,1546106099999,6023.17367958,15,1.52996600,5883.45248838,0
1546106100000,3840.00000000,3842.31000000,3840.00000000,3842.31000000,2.05921900,1546106399999,7907.40762612,26,0.00261000,10.02842910,0
1546106400000,3842.31000000,3844.23000000,3836.89000000,3840.00000000,2.22230600,1546106699999,8534.03976914,30,0.05909200,227.16322764,0
1546106700000,3841.42000000,3841.42000000,3841.42000000,3841.42000000,0.05726900,1546106999999,219.99428198,2,0.05726900,219.99428198,0
1546107000000,3839.53000000,3841.40000000,3838.06000000,3841.40000000,0.46528600,1546107299999,1786.40287640,19,0.27872200,1070.34013460,0
1546107300000,3841.40000000,3844.23000000,3838.02000000,3844.16000000,0.94494200,1546107599999,3630.14274988,11,0.13161200,505.93561803,0
1546107600000,3844.16000000,3846.15000000,3838.72000000,3843.57000000,3.32308200,1546107899999,12776.47735103,25,3.15244500,12121.37382239,0
1546107900000,3841.80000000,3841.80000000,3840.00000000,3840.00000000,2.22155900,1546108199999,8530.95742661,15,0.00000000,0.00000000,0
1546108200000,3840.00000000,3842.87000000,3840.00000000,3840.00000000,3.84076100,1546108499999,14749.38016884,23,0.30000000,1152.85792884,0
1546108500000,3846.01000000,3846.74000000,3840.00000000,3844.37000000,0.48162400,1546108799999,1851.55519844,7,0.32880000,1264.70245979,0
1546108800000,3843.75000000,3843.75000000,3797.00000000,3822.13000000,36.52484100,1546109099999,139699.94827753,88,3.34439700,12756.03521398,0
1546109100000,3835.62000000,3835.62000000,3825.00000000,3825.00000000,4.20892800,1546109399999,16124.35544816,21,3.00000000,11492.75934886,0
1546109400000,3830.84000000,3836.20000000,3829.00000000,3836.20000000,2.11092800,1546109699999,8086.39067910,19,0.83425600,3196.70102361,0
1546109700000,3835.86000000,3839.93000000,3835.00000000,3839.93000000,2.63088200,1546109999999,10099.99564938,11,2.37634300,9123.64258452,0
1546110000000,3835.01000000,3835.01000000,3831.44000000,3831.45000000,4.55001200,1546110299999,17447.42672427,31,0.00000000,0.00000000,0
1546110300000,3830.00000000,3835.03000000,3830.00000000,3830.00000000,2.38858400,1546110599999,9148.29076879,18,0.00279300,10.71123879,0
1546110600000,3830.00000000,3830.00000000,3830.00000000,3830.00000000,8.31603400,1546110899999,31850.41022000,67,0.00000000,0.00000000,0
1546110900000,3830.00000000,3830.00000000,3825.00000000,3830.00000000,7.76522100,1546111199999,29727.72371724,47,0.12958000,496.09314260,0
1546111200000,3830.00000000,3830.00000000,3830.00000000,3830.00000000,3.14032800,1546111499999,12027.45624000,10,0.00000000,0.00000000,0
1546111500000,3830.00000000,3830.73000000,3830.00000000,3830.00000000,0.32142500,1546111799999,1231.08006537,6,0.03056900,117.10158537,0
1546111800000,3830.73000000,3834.17000000,3830.00000000,3830.07000000,0.92563300,1546112099999,3545.30832742,16,0.28433100,1089.05029341,0
1546112100000,3838.77000000,3838.96000000,3833.21000000,3833.21000000,4.82938600,1546112399999,18523.75408702,17,0.77661500,2981.30078407,0
1546112400000,3837.35000000,3839.15000000,3833.42000000,3833.42000000,7.15379900,1546112699999,27463.52181816,53,7.07827400,27174.00277266,0
1546112700000,3837.90000000,3838.29000000,3836.14000000,3837.52000000,0.25083500,1546112999999,962.48498731,8,0.08391900,322.10201507,0
1546113000000,3838.29000000,3839.15000000,3837.26000000,3838.97000000,1.07800800,1546113299999,4137.47640027,8,0.18175700,697.67089343,0
1546113300000,3838.88000000,3840.00000000,3838.88000000,3840.00000000,2.78007200,1546113599999,10674.88683016,39,0.07593600,291.53117160,0
1546113600000,3840.00000000,3840.84000000,3840.00000000,3840.84000000,0.41828800,1546113899999,1606.30795359,8,0.00523400,20.10177891,0
1546113900000,3842.31000000,3850.00000000,3842.31000000,3850.00000000,0.57159000,1546114199999,2200.09785029,14,0.56135900,2160.76886319,0
1546114200000,3845.05000000,3874.78000000,3845.05000000,3868.17000000,7.66037400,1546114499999,29653.40307136,30,7.05410400,27310.77296946,0
1546114500000,3868.81000000,3871.32000000,3851.25000000,3859.12000000,3.31273800,1546114799999,12810.40507914,37,1.21798200,4705.24089807,0
1546114800000,3853.22000000,3859.67000000,3853.22000000,3858.36000000,0.14989700,1546115099999,578.09856827,6,0.06737100,260.02982757,0
1546115100000,3858.36000000,3860.00000000,3857.83000000,3859.05000000,7.04696000,1546115399999,27195.09226381,11,0.01444700,55.74172692,0
1546115400000,3860.00000000,3861.24000000,3845.34000000,3852.05000000,14.03109000,1546115699999,54123.41378965,41,4.01268600,15493.80454938,0
1546115700000,3855.00000000,3856.66000000,3855.00000000,3856.66000000,1.83276100,1546115999999,7065.30736328,5,0.00825800,31.84829828,0
1546116000000,3856.65000000,3856.65000000,3851.26000000,3856.65000000,0.16596600,1546116299999,640.04624432,4,0.16104400,621.09034260,0
1546116300000,3859.00000000,3865.00000000,3856.66000000,3857.47000000,0.64631600,1546116599999,2495.69334819,18,0.27553400,1064.77870229,0
1546116600000,3857.47000000,3857.47000000,3850.00000000,3855.59000000,5.73228000,1546116899999,22097.65694019,22,0.10298800,397.04207271,0
1546116900000,3856.59000000,3856.59000000,3853.60000000,3855.01000000,0.17694300,1546117199999,682.38171913,5,0.16998500,655.56245115,0
1546117200000,3862.17000000,3862.17000000,3857.70000000,3857.71000000,0.20307100,1546117499999,783.45326460,7,0.00276000,10.65958920,0
1546117500000,3857.71000000,3861.59000000,3857.71000000,3861.59000000,0.23168700,1546117799999,893.79745965,5,0.23067900,889.90888797,0
1546117800000,3861.59000000,3867.26000000,3861.20000000,3867.26000000,0.28578000,1546118099999,1104.43844200,11,0.18214900,704.21206680,0
1546118100000,3871.76000000,3927.51000000,3871.76000000,3899.63000000,66.07159200,1546118399999,257817.12429720,251,32.44962300,126630.84639384,0
1546118400000,3898.11000000,3917.70000000,3890.00000000,3910.48000000,4.23516400,1546118699999,16543.54391444,38,1.73354900,6782.82475698,0
1546118700000,3913.04000000,3923.48000000,3903.18000000,3908.19000000,8.75520200,1546118999999,34308.21039050,107,7.96175800,31207.40265021,0
1546119000000,3911.46000000,3920.56000000,3895.06000000,3901.74000000,0.80045400,1546119299999,3127.91127512,20,0.39253700,1534.87746427,0
1546119300000,3901.74000000,3904.28000000,3890.97000000,3904.28000000,0.53900200,1546119599999,2101.04100865,14,0.39404200,1536.26518231,0
1546119600000,3901.99000000,3914.44000000,3898.00000000,3914.44000000,1.44438500,1546119899999,5636.10267645,23,1.07361500,4189.98940738,0
1546119900000,3912.84000000,3916.90000000,3900.28000000,3916.90000000,4.50587400,1546120199999,17614.24242804,20,2.25330600,8823.91364048,0
1546120200000,3910.68000000,3916.00000000,3910.68000000,3910.80000000,2.96471000,1546120499999,11606.80180360,47,0.00000000,0.00000000,0
1546120500000,3910.80000000,3915.69000000,3910.77000000,3910.77000000,2.42429900,1546120799999,9481.80854268,31,0.76920000,3009.09466679,0
1546120800000,3910.77000000,3918.16000000,3910.77000000,3910.77000000,1.70716100,1546121099999,6678.95409637,27,0.12036900,471.52578176,0
1546121100000,3912.87000000,3912.87000000,3900.06000000,3907.05000000,0.45793500,1546121399999,1789.06532702,17,0.13787300,539.01898041,0
1546121400000,3907.05000000,3911.37000000,3903.29000000,3903.29000000,5.45176500,1546121699999,21302.37996376,18,5.38917600,21057.82685150,0
1546121700000,3908.39000000,3909.47000000,3905.40000000,3909.47000000,0.66036700,1546121999999,2579.63511331,6,0.19532200,763.44837031,0
1546122000000,3909.47000000,3915.44000000,3909.47000000,3909.48000000,1.52573300,1546122299999,5973.14735927,14,1.13554000,4445.96614823,0
1546122300000,3909.48000000,3909.48000000,3909.48000000,3909.48000000,0.00000000,1546122599999,0.00000000,0,0.00000000,0.00000000,0
1546122600000,3911.36000000,3912.57000000,3904.17000000,3904.17000000,0.39285500,1546122899999,1536.15427962,7,0.28551000,1116.93131633,0
1546122900000,3907.70000000,3912.57000000,3901.14000000,3901.53000000,0.24257000,1546123199999,946.94951318,6,0.07410900,289.70754476,0
1546123200000,3897.35000000,3912.29000000,3897.35000000,3902.33000000,4.71487800,1546123499999,18445.56528974,8,4.21594400,16493.99381232,0
1546123500000,3902.41000000,3902.56000000,3902.41000000,3902.56000000,0.09186000,1546123799999,358.48702316,5,0.00000000,0.00000000,0
1546123800000,3902.56000000,3902.56000000,3902.56000000,3902.56000000,0.00000000,1546124099999,0.00000000,0,0.00000000,0.00000000,0
1546124100000,3898.86000000,3900.00000000,3890.06000000,3890.06000000,2.67291800,1546124399999,10399.39502954,14,0.15998200,623.78163681,0
1546124400000,3892.82000000,3900.00000000,3892.82000000,3900.00000000,0.63007500,1546124699999,2456.22229982,7,0.49739200,1939.68393420,0
1546124700000,3900.00000000,3900.00000000,3892.84000000,3892.87000000,0.26812800,1546124999999,1044.45862631,8,0.13115800,511.20168190,0
1546125000000,3902.88000000,3902.88000000,3902.88000000,3902.88000000,0.00281800,1546125299999,10.99831584,1,0.00281800,10.99831584,0
1546125300000,3896.50000000,3909.00000000,3896.48000000,3909.00000000,1.30251300,1546125599999,5086.59479535,25,0.67422100,2635.14421167,0
1546125600000,3903.07000000,3912.29000000,3903.07000000,3908.72000000,0.57831600,1546125899999,2261.55108085,18,0.50937400,1992.31279973,0
1546125900000,3912.53000000,3919.27000000,3908.30000000,3913.25000000,1.07926200,1546126199999,4220.71721879,22,0.29278600,1145.87094753,0
1546126200000,3909.00000000,3914.52000000,3908.64000000,3914.52000000,0.40202300,1546126499999,1572.31883792,14,0.14788800,578.81252048,0
1546126500000,3908.77000000,3908.85000000,3903.90000000,3903.90000000,0.66232700,1546126799999,2586.58641464,3,0.00000000,0.00000000,0
1546126800000,3913.36000000,3933.92000000,3800.01000000,3810.39000000,9.16205900,1546127099999,35704.81671143,118,1.93151100,7519.51700847,0
1546127100000,3815.19000000,3815.19000000,3706.09000000,3739.72000000,49.72351700,1546127399999,186794.80374012,418,11.02100300,41347.69269761,0
1546127400000,3731.90000000,3753.18000000,3706.72000000,3735.01000000,12.46226400,1546127699999,46510.25160608,142,7.10523700,26522.55882020,0
1546127700000,3739.99000000,3746.45000000,3719.29000000,3730.62000000,1.76664400,1546127999999,6600.90124691,48,0.82004700,3060.68263881,0
1546128000000,3732.91000000,3758.26000000,3721.19000000,3749.08000000,8.11474500,1546128299999,30418.72947761,35,6.48123100,24305.00303476,0
1546128300000,3749.31000000,3756.41000000,3736.38000000,3752.77000000,1.21018100,1546128599999,4540.86440103,17,1.15374100,4328.95277063,0
1546128600000,3748.00000000,3748.00000000,3712.11000000,3712.11000000,13.68931000,1546128899999,51060.35903900,111,0.86638400,3242.15436738,0
1546128900000,3712.11000000,3739.99000000,3690.00000000,3730.56000000,26.64168800,1546129199999,98889.78627497,272,20.08019100,74560.52638115,0
1546129200000,3732.70000000,3739.94000000,3685.00000000,3730.47000000,12.96493600,1546129499999,48153.93458340,82,5.45870300,20224.05373263,0
1546129500000,3726.62000000,3732.68000000,3720.01000000,3731.57000000,2.93704500,1546129799999,10945.37040823,37,0.92906900,3462.45504736,0
1546129800000,3720.00000000,3734.72000000,3720.00000000,3730.68000000,2.33635300,1546130099999,8698.86465539,24,0.43135900,1609.73610219,0
1546130100000,3729.06000000,3738.13000000,3729.06000000,3733.00000000,0.55880900,1546130399999,2086.65042382,19,0.33712400,1259.36333750,0
1546130400000,3733.00000000,3736.36000000,3726.05000000,3726.05000000,1.35152300,1546130699999,5044.49985611,28,0.03302700,123.29253233,0
1546130700000,3728.52000000,3739.67000000,3728.52000000,3732.78000000,2.56875400,1546130999999,9600.49213734,30,1.94146400,7257.93798166,0
1546131000000,3733.65000000,3734.74000000,3724.21000000,3725.25000000,10.83978600,1546131299999,40449.26483954,26,10.25506800,38269.80834435,0
1546131300000,3730.27000000,3730.27000000,3720.98000000,3722.99000000,0.46641000,1546131599999,1736.22090341,5,0.11249700,419.29227815,0
1546131600000,3726.45000000,3728.59000000,3721.83000000,3721.83000000,0.20803500,1546131899999,775.14074186,12,0.08521400,317.68238778,0
1546131900000,3721.83000000,3729.39000000,3721.83000000,3727.99000000,0.47346200,1546132199999,1765.32067916,7,0.41981400,1565.56074640,0
1546132200000,3727.99000000,3740.00000000,3727.00000000,3732.82000000,6.34754500,1546132499999,23674.70782299,45,6.23996400,23273.67198991,0
1546132500000,3727.84000000,3734.57000000,3727.84000000,3734.57000000,21.80462800,1546132799999,81406.53962580,127,21.79121500,81356.53810788,0
1546132800000,3735.77000000,3735.77000000,3730.55000000,3735.77000000,2.05386600,1546133099999,7672.75633950,5,2.05106000,7662.28841620,0
1546133100000,3734.00000000,3736.73000000,3734.00000000,3736.73000000,1.12898000,1546133399999,4218.55552489,8,1.08629100,4059.15479889,0
1546133400000,3736.73000000,3741.86000000,3736.72000000,3741.86000000,2.75892000,1546133699999,10309.61942614,26,2.70359600,10102.62192596,0
1546133700000,3741.86000000,3741.86000000,3741.86000000,3741.86000000,0.18853100,1546133999999,705.45660766,8,0.00000000,0.00000000,0
1546134000000,3739.64000000,3739.64000000,3739.64000000,3739.64000000,0.00331400,1546134299999,12.39316696,1,0.00000000,0.00000000,0
1546134300000,3739.64000000,3739.64000000,3739.52000000,3739.52000000,0.60418000,1546134599999,2259.35939360,2,0.00000000,0.00000000,0
1546134600000,3740.02000000,3740.03000000,3735.49000000,3740.03000000,1.88303700,1546134899999,7042.03927109,19,0.11453200,428.35311596,0
1546134900000,3740.01000000,3740.01000000,3740.01000000,3740.01000000,1.25507800,1546135199999,4694.00427078,1,1.25507800,4694.00427078,0
1546135200000,3735.53000000,3740.00000000,3731.79000000,3738.00000000,1.08511300,1546135499999,4052.19737287,9,0.00479100,17.91834000,0
1546135500000,3736.85000000,3739.00000000,3736.85000000,3739.00000000,2.01651200,1546135799999,7539.10738627,12,1.72705500,6457.44999582,0
1546135800000,3740.00000000,3743.33000000,3737.72000000,3737.72000000,0.26970700,1546136099999,1008.56094586,7,0.08285900,310.16838733,0
1546136100000,3743.33000000,3752.17000000,3740.58000000,3742.75000000,0.42519800,1546136399999,1593.63816606,21,0.33782400,1266.67125046,0
1546136400000,3742.75000000,3743.58000000,3742.75000000,3743.58000000,0.00667700,1546136699999,24.99584832,3,0.00667300,24.98087732,0
1546136700000,3740.89000000,3740.89000000,3737.72000000,3737.73000000,1.08639100,1546136999999,4063.48583749,12,0.90179900,3373.53086111,0
1546137000000,3737.74000000,3741.04000000,3737.74000000,3741.04000000,0.11989700,1546137299999,448.53044408,2,0.11716100,438.30398744,0
1546137300000,3743.55000000,3744.34000000,3743.04000000,3743.05000000,2.86340700,1546137599999,10718.20752148,25,2.32854600,8715.92862493,0
1546137600000,3743.04000000,3744.30000000,3743.04000000,3744.30000000,0.08512600,1546137899999,318.71641746,3,0.06856700,256.73541810,0
1546137900000,3748.80000000,3748.85000000,3742.60000000,3742.60000000,0.27612000,1546138199999,1034.83728300,5,0.22996600,862.10132260,0
1546138200000,3742.60000000,3746.10000000,3741.57000000,3741.57000000,0.87184000,1546138499999,3262.46740985,11,0.61309900,2294.10211611,0
1546138500000,3741.57000000,3742.03000000,3740.34000000,3742.03000000,1.91626200,1546138799999,7169.26559161,26,1.91626200,7169.26559161,0
1546138800000,3740.34000000,3746.86000000,3737.72000000,3745.83000000,3.86181700,1546139099999,14463.40281422,24,3.22959100,12099.92497754,0
1546139100000,3744.76000000,3744.76000000,3744.00000000,3744.00000000,0.03433900,1546139399999,128.57536048,2,0.01334800,49.98505648,0
1546139400000,3744.01000000,3744.01000000,3736.43000000,3736.43000000,3.93850000,1546139699999,14720.34480638,26,2.33008100,8706.22444770,0
1546139700000,3740.20000000,3740.38000000,3736.60000000,3736.60000000,0.09583200,1546139999999,358.21457676,4,0.03440100,128.67150216,0
1546140000000,3736.60000000,3738.56000000,3736.60000000,3736.60000000,2.77533600,1546140299999,10370.53619076,22,0.05643200,210.97335338,0
1546140300000,3736.60000000,3736.60000000,3736.60000000,3736.60000000,0.73338700,1546140599999,2740.37386420,9,0.00000000,0.00000000,0
1546140600000,3731.96000000,3731.96000000,3731.95000000,3731.96000000,0.49910100,1546140899999,1862.62333036,22,0.29654100,1106.67915036,0
1546140900000,3731.96000000,3735.00000000,3731.46000000,3735.00000000,0.58318100,1546141199999,2177.69720260,15,0.58001700,2165.89086316,0
1546141200000,3735.00000000,3735.00000000,3731.46000000,3733.43000000,1.87934400,1546141499999,7018.43766825,26,1.86346300,6959.17835199,0
1546141500000,3731.91000000,3735.00000000,3731.91000000,3735.00000000,0.60199200,1546141799999,2248.34360385,12,0.57075700,2131.77739500,0
1546141800000,3737.26000000,3741.14000000,3737.26000000,3741.12000000,1.61699100,1546142099999,6046.35815528,22,0.93015400,3478.75286168,0
1546142100000,3735.99000000,3741.08000000,3735.99000000,3740.89000000,1.59937100,1546142399999,5975.57724736,20,1.59937100,5975.57724736,0
1546142400000,3735.14000000,3740.86000000,3735.01000000,3739.56000000,0.28202000,1546142699999,1054.29156043,7,0.18217700,681.37001097,0
1546142700000,3739.56000000,3739.56000000,3739.56000000,3739.56000000,0.00000000,1546142999999,0.00000000,0,0.00000000,0.00000000,0
1546143000000,3739.61000000,3745.50000000,3739.60000000,3745.50000000,0.68730900,1546143299999,2573.44310934,7,0.53925400,2019.77585217,0
1546143300000,3747.34000000,3747.80000000,3741.74000000,3747.80000000,2.57202300,1546143599999,9637.12209243,17,2.50799500,9397.54596371,0
1546143600000,3746.37000000,3746.37000000,3740.23000000,3740.23000000,0.98387500,1546143899999,3679.94559849,16,0.91985700,3440.50355435,0
1546143900000,3744.38000000,3744.38000000,3744.38000000,3744.38000000,0.00447800,1546144199999,16.76733364,1,0.00447800,16.76733364,0
1546144200000,3744.38000000,3748.16000000,3744.38000000,3748.16000000,0.12293000,1546144499999,460.76123320,2,0.12293000,460.76123320,0
1546144500000,3749.99000000,3755.95000000,3744.50000000,3755.95000000,8.25229600,1546144799999,30978.58506088,45,8.23400100,30910.07943338,0
1546144800000,3756.04000000,3756.04000000,3750.28000000,3750.28000000,0.39378900,1546145099999,1477.42246278,5,0.10926200,410.36271146,0
1546145100000,3752.83000000,3756.43000000,3747.65000000,3756.43000000,2.24076900,1546145399999,8408.31519106,13,1.93725800,7270.32365837,0
1546145400000,3757.13000000,3758.27000000,3752.40000000,3758.11000000,0.52176200,1546145699999,1960.40980495,10,0.49187100,1848.24681655,0
1546145700000,3756.70000000,3769.32000000,3756.70000000,3769.32000000,3.82764800,1546145999999,14397.80361645,32,3.82764800,14397.80361645,0
1546146000000,3769.32000000,3769.32000000,3761.37000000,3762.19000000,0.70314400,1546146299999,2646.44236956,17,0.26381000,992.47548121,0
1546146300000,3765.10000000,3765.10000000,3759.67000000,3759.67000000,2.98177600,1546146599999,11216.32531103,19,2.98177600,11216.32531103,0
1546146600000,3759.67000000,3759.71000000,3752.41000000,3752.41000000,2.93707900,1546146899999,11036.53075766,11,2.08504600,7839.05481438,0
1546146900000,3758.65000000,3760.88000000,3758.65000000,3759.74000000,0.00668400,1546147199999,25.13297227,3,0.00668400,25.13297227,0
1546147200000,3753.83000000,3753.83000000,3743.29000000,3749.02000000,2.88832900,1546147499999,10823.30389695,9,0.74975900,2811.64742724,0
1546147500000,3756.72000000,3757.59000000,3756.72000000,3757.59000000,0.01731700,1546147799999,65.05794078,4,0.01731700,65.05794078,0
1546147800000,3751.96000000,3757.58000000,3751.96000000,3757.58000000,0.12611400,1546148099999,473.19694900,4,0.00325000,12.21213500,0
1546148100000,3757.33000000,3757.33000000,3757.33000000,3757.33000000,1.84498500,1546148399999,6932.21749005,2,1.84498500,6932.21749005,0
1546148400000,3757.58000000,3759.96000000,3757.58000000,3759.96000000,0.56558300,1546148699999,2126.47661815,4,0.56558300,2126.47661815,0
1546148700000,3758.61000000,3758.61000000,3752.01000000,3752.01000000,0.49247100,1546148999999,1848.87994247,10,0.23330300,876.36747303,0
1546149000000,3754.34000000,3762.84000000,3754.34000000,3758.18000000,2.86502200,1546149299999,10768.18902414,9,0.26942500,1012.23336553,0
1546149300000,3764.57000000,3764.57000000,3759.00000000,3759.00000000,0.65463400,1546149599999,2463.63266655,6,0.63636500,2394.95949555,0
1546149600000,3759.03000000,3762.13000000,3759.00000000,3760.52000000,1.33530100,1546149899999,5021.72320261,13,1.31630900,4950.33227461,0
1546149900000,3760.52000000,3766.11000000,3760.52000000,3766.11000000,7.81245300,1546150199999,29382.82286979,36,7.50346400,28220.14725923,0
1546150200000,3764.06000000,3764.06000000,3764.05000000,3764.05000000,1.14224100,1546150499999,4299.45268204,4,1.14224100,4299.45268204,0
1546150500000,3764.04000000,3764.15000000,3759.05000000,3760.55000000,32.12399600,1546150799999,120805.90349171,48,1.42628700,5366.55342775,0
1546150800000,3758.73000000,3758.73000000,3754.84000000,3754.84000000,0.47379600,1546151099999,1780.70596854,5,0.43131000,1621.17783630,0
1546151100000,3754.84000000,3754.84000000,3754.84000000,3754.84000000,0.00000000,1546151399999,0.00000000,0,0.00000000,0.00000000,0
1546151400000,3754.86000000,3760.54000000,3754.85000000,3760.54000000,0.54469000,1546151699999,2045.61940474,6,0.06849600,257.58194784,0
1546151700000,3761.02000000,3761.02000000,3761.02000000,3761.02000000,0.03418200,1546151999999,128.55918564,1,0.00000000,0.00000000,0
1546152000000,3761.14000000,3763.80000000,3760.82000000,3763.80000000,0.13712500,1546152299999,515.79847622,3,0.02795000,105.19821000,0
1546152300000,3763.80000000,3763.80000000,3763.42000000,3763.42000000,4.50322400,1546152599999,16947.62734656,4,4.50322400,16947.62734656,0
1546152600000,3763.42000000,3764.05000000,3755.53000000,3762.55000000,0.80697200,1546152899999,3035.03358041,10,0.55601600,2092.54116455,0
1546152900000,3762.55000000,3762.55000000,3762.55000000,3762.55000000,0.00000000,1546153199999,0.00000000,0,0.00000000,0.00000000,0
1546153200000,3756.78000000,3759.00000000,3755.86000000,3759.00000000,0.15464400,1546153499999,581.16573616,4,0.09804000,368.53236000,0
1546153500000,3758.99000000,3759.00000000,3755.49000000,3755.49000000,0.19430500,1546153799999,730.20484042,3,0.14105300,530.21748694,0
1546153800000,3759.00000000,3762.18000000,3755.50000000,3755.50000000,0.06029900,1546154099999,226.76031051,4,0.04697300,176.71451751,0
1546154100000,3755.50000000,3756.27000000,3750.57000000,3756.27000000,0.16924500,1546154399999,635.11893497,5,0.04928200,185.11047190,0
1546154400000,3754.08000000,3760.62000000,3754.05000000,3760.62000000,0.48577100,1546154699999,1824.75738226,6,0.02923800,109.95300756,0
1546154700000,3764.78000000,3764.78000000,3759.14000000,3759.14000000,1.52158700,1546154999999,5721.09080475,15,1.35881000,5109.14745961,0
1546155000000,3759.14000000,3763.34000000,3759.13000000,3763.34000000,0.68625800,1546155299999,2580.79942653,11,0.49235200,1851.06522049,0
1546155300000,3762.99000000,3763.00000000,3756.17000000,3757.84000000,0.17946100,1546155599999,674.71040837,4,0.06386900,240.33863100,0
1546155600000,3758.89000000,3763.00000000,3758.89000000,3763.00000000,0.33939900,1546155899999,1276.93008525,3,0.28390400,1068.33048470,0
1546155900000,3759.42000000,3763.00000000,3757.81000000,3758.15000000,0.42853300,1546156199999,1611.17113861,8,0.13797700,519.20705500,0
1546156200000,3758.15000000,3758.15000000,3758.15000000,3758.15000000,0.00000000,1546156499999,0.00000000,0,0.00000000,0.00000000,0
1546156500000,3758.15000000,3758.15000000,3758.15000000,3758.15000000,0.82450100,1546156799999,3098.59843315,4,0.00000000,0.00000000,0
1546156800000,3760.02000000,3760.02000000,3760.02000000,3760.02000000,0.13515000,1546157099999,508.16670300,4,0.08322800,312.93894456,0
1546157100000,3761.38000000,3762.85000000,3756.61000000,3756.61000000,0.20618700,1546157399999,775.48068167,8,0.14339800,539.54304986,0
1546157400000,3760.19000000,3760.19000000,3756.00000000,3756.00000000,0.30429900,1546157699999,1143.36416683,4,0.09257400,348.08175937,0
1546157700000,3756.00000000,3756.00000000,3756.00000000,3756.00000000,0.00000000,1546157999999,0.00000000,0,0.00000000,0.00000000,0
1546158000000,3760.00000000,3760.00000000,3755.82000000,3755.82000000,1.24670500,1546158299999,4682.51582726,3,0.00004100,0.15416000,0
1546158300000,3760.19000000,3761.47000000,3757.65000000,3757.65000000,0.18811300,1546158599999,707.55462229,3,0.18112800,681.30743704,0
1546158600000,3757.00000000,3762.82000000,3755.82000000,3762.82000000,0.16682500,1546158899999,626.63332617,6,0.09302400,349.42216768,0
1546158900000,3762.82000000,3762.82000000,3762.82000000,3762.82000000,0.00000000,1546159199999,0.00000000,0,0.00000000,0.00000000,0
1546159200000,3756.85000000,3756.85000000,3756.85000000,3756.85000000,0.43238100,1546159499999,1624.39055985,9,0.00000000,0.00000000,0
1546159500000,3756.85000000,3761.68000000,3756.85000000,3761.68000000,0.04411800,1546159799999,165.89847418,3,0.03182000,119.69665760,0
1546159800000,3756.86000000,3756.86000000,3754.37000000,3754.37000000,0.69251800,1546160099999,2600.53649234,8,0.00000000,0.00000000,0
1546160100000,3758.60000000,3813.50000000,3758.60000000,3795.50000000,27.98002400,1546160399999,106036.77485718,159,22.74243100,86152.90945915,0
1546160400000,3795.50000000,3795.50000000,3777.99000000,3789.32000000,6.42179600,1546160699999,24321.94322738,33,1.40843900,5332.91671339,0
1546160700000,3788.06000000,3788.06000000,3784.85000000,3784.85000000,0.35242400,1546160999999,1334.85967959,8,0.02188900,82.84658165,0
1546161000000,3784.84000000,3793.23000000,3784.84000000,3790.77000000,0.29544900,1546161299999,1119.43045597,8,0.29544900,1119.43045597,0
1546161300000,3790.77000000,3790.77000000,3790.77000000,3790.77000000,0.00000000,1546161599999,0.00000000,0,0.00000000,0.00000000,0
1546161600000,3787.18000000,3846.47000000,3787.18000000,3845.46000000,33.29084900,1546161899999,127419.05804574,108,15.08797100,57687.46955943,0
1546161900000,3846.48000000,3857.09000000,3836.60000000,3844.27000000,11.01837400,1546162199999,42336.11470069,81,5.34229900,20534.59130411,0
1546162200000,3850.68000000,3852.56000000,3829.40000000,3838.71000000,1.10827600,1546162499999,4264.38895977,20,0.16639300,640.83475263,0
1546162500000,3834.00000000,3834.00000000,3814.35000000,3832.00000000,3.77080400,1546162799999,14422.94188497,28,1.27489600,4881.18483440,0
1546162800000,3832.00000000,3840.52000000,3829.39000000,3840.00000000,20.84525400,1546163099999,79926.94083758,88,20.84225400,79915.45266758,0
1546163100000,3838.01000000,3839.44000000,3837.30000000,3837.30000000,0.08804700,1546163399999,337.91001272,5,0.00000000,0.00000000,0
1546163400000,3837.45000000,3838.00000000,3837.45000000,3838.00000000,0.18136000,1546163699999,696.05008525,2,0.18136000,696.05008525,0
1546163700000,3838.00000000,3840.87000000,3831.95000000,3840.00000000,12.04848500,1546163999999,46244.08996754,34,11.70175100,44915.00479020,0
1546164000000,3834.95000000,3839.99000000,3834.95000000,3839.99000000,2.44231000,1546164299999,9366.18713450,19,0.01000000,38.39990000,0
1546164300000,3833.66000000,3833.79000000,3833.65000000,3833.79000000,0.15208500,1546164599999,583.04842090,3,0.00000000,0.00000000,0
1546164600000,3831.81000000,3831.81000000,3830.00000000,3830.00000000,0.65010000,1546164899999,2490.25076101,7,0.00000000,0.00000000,0
1546164900000,3829.72000000,3829.72000000,3829.72000000,3829.72000000,0.39856600,1546165199999,1526.39618152,1,0.00000000,0.00000000,0
1546165200000,3829.72000000,3829.72000000,3829.72000000,3829.72000000,0.00000000,1546165499999,0.00000000,0,0.00000000,0.00000000,0
1546165500000,3830.98000000,3830.98000000,3830.98000000,3830.98000000,0.28744700,1546165799999,1101.20370806,1,0.00000000,0.00000000,0
1546165800000,3832.70000000,3834.86000000,3826.39000000,3827.63000000,4.00751200,1546166099999,15364.37029113,19,2.69860100,10348.12134978,0
1546166100000,3827.63000000,3827.63000000,3827.63000000,3827.63000000,0.32992900,1546166399999,1262.84613827,3,0.00000000,0.00000000,0
1546166400000,3826.04000000,3828.15000000,3826.04000000,3828.15000000,0.05093100,1546166699999,194.87241361,3,0.00396700,15.18627105,0
1546166700000,3828.15000000,3828.15000000,3828.15000000,3828.15000000,0.00000000,1546166999999,0.00000000,0,0.00000000,0.00000000,0
1546167000000,3821.36000000,3822.74000000,3820.00000000,3820.00000000,0.56043100,1546167299999,2142.11512537,10,0.01570600,59.99692000,0
1546167300000,3820.00000000,3840.87000000,3820.00000000,3840.87000000,0.80390200,1546167599999,3078.24703560,16,0.71840200,2751.63703560,0
1546167600000,3845.61000000,3845.61000000,3835.48000000,3835.48000000,0.11947500,1546167899999,458.84880491,2,0.00000000,0.00000000,0
1546167900000,3835.00000000,3847.85000000,3829.80000000,3829.80000000,1.21265300,1546168199999,4648.57148649,9,1.20375300,4614.45454649,0
1546168200000,3837.80000000,3840.90000000,3830.06000000,3830.06000000,0.87294500,1546168499999,3351.25426909,16,0.73864100,2836.44540877,0
1546168500000,3831.28000000,3831.28000000,3831.28000000,3831.28000000,0.46842600,1546168799999,1794.67116528,2,0.00000000,0.00000000,0
1546168800000,3836.86000000,3836.86000000,3836.86000000,3836.86000000,0.03903700,1546169099999,149.77950382,1,0.03903700,149.77950382,0
1546169100000,3834.00000000,3834.00000000,3834.00000000,3834.00000000,0.00315200,1546169399999,12.08476800,1,0.00000000,0.00000000,0
1546169400000,3834.00000000,3834.00000000,3834.00000000,3834.00000000,0.10434800,1546169699999,400.07023200,2,0.00000000,0.00000000,0
1546169700000,3834.00000000,3834.00000000,3834.00000000,3834.00000000,0.00000000,1546169999999,0.00000000,0,0.00000000,0.00000000,0
1546170000000,3832.01000000,3832.01000000,3820.09000000,3827.19000000,7.44219500,1546170299999,28485.82352260,73,0.97212100,3720.41743948,0
1546170300000,3827.19000000,3827.19000000,3822.06000000,3826.00000000,0.91093300,1546170599999,3485.61571416,8,0.46454800,1777.91346012,0
1546170600000,3826.00000000,3826.00000000,3826.00000000,3826.00000000,0.37483500,1546170899999,1434.11871000,2,0.00000000,0.00000000,0
1546170900000,3826.00000000,3826.00000000,3826.00000000,3826.00000000,0.96287000,1546171199999,3683.94062000,5,0.00000000,0.00000000,0
1546171200000,3829.40000000,3856.94000000,3825.92000000,3830.22000000,6.24620500,1546171499999,23949.84884626,40,5.84960800,22430.72165190,0
1546171500000,3835.89000000,3863.01000000,3835.89000000,3853.20000000,15.32871300,1546171799999,59072.16474628,86,14.11084300,54379.64478768,0
1546171800000,3841.47000000,3843.00000000,3823.14000000,3823.14000000,1.26818000,1546172099999,4861.83213072,17,0.01653600,63.51957144,0
1546172100000,3823.14000000,3826.52000000,3743.51000000,3787.86000000,44.36979700,1546172399999,167642.65385841,260,31.00647400,117147.62803549,0
1546172400000,3789.74000000,3797.81000000,3780.55000000,3788.30000000,1.71387800,1546172699999,6482.09481660,10,0.16226400,615.74401118,0
1546172700000,3797.77000000,3804.59000000,3789.65000000,3790.27000000,0.55204400,1546172999999,2095.35699138,14,0.22220100,844.17056893,0
1546173000000,3796.63000000,3797.42000000,3790.93000000,3793.53000000,0.29378600,1546173299999,1114.64771792,19,0.20288200,769.96796387,0
1546173300000,3791.79000000,3800.19000000,3791.78000000,3800.19000000,0.17891600,1546173599999,679.07712085,8,0.13395000,508.57562910,0
1546173600000,3800.18000000,3810.63000000,3800.18000000,3805.52000000,3.82670000,1546173899999,14561.32131760,14,3.82670000,14561.32131760,0
1546173900000,3805.20000000,3812.57000000,3805.12000000,3810.70000000,0.40237900,1546174199999,1532.88514881,9,0.37091400,1413.15453081,0
1546174200000,3811.59000000,3811.59000000,3811.58000000,3811.58000000,1.50213300,1546174499999,5725.50485014,2,1.50213300,5725.50485014,0
1546174500000,3810.79000000,3810.79000000,3810.79000000,3810.79000000,0.14329800,1546174799999,546.07858542,3,0.14329800,546.07858542,0
1546174800000,3814.98000000,3822.28000000,3810.28000000,3820.89000000,2.04452300,1546175099999,7808.41486377,28,1.88884400,7213.95304103,0
1546175100000,3817.61000000,3821.50000000,3815.54000000,3821.50000000,0.35882900,1546175399999,1370.10047185,5,0.33052900,1262.12068985,0
1546175400000,3816.37000000,3818.34000000,3815.70000000,3815.70000000,0.21070100,1546175699999,804.11993876,6,0.17414900,664.64847236,0
1546175700000,3818.33000000,3818.33000000,3810.07000000,3811.31000000,0.96702900,1546175999999,3689.30905144,17,0.93266900,3558.33458019,0
1546176000000,3806.56000000,3814.80000000,3806.56000000,3814.80000000,2.60211100,1546176299999,9926.33006124,7,2.57813200,9835.05255900,0
1546176300000,3810.79000000,3810.79000000,3789.72000000,3801.41000000,3.37879100,1546176599999,12838.13661463,32,3.30768600,12567.97422983,0
1546176600000,3802.36000000,3813.06000000,3802.36000000,3813.06000000,0.76536800,1546176899999,2916.67236591,17,0.36828300,1402.56343581,0
1546176900000,3813.06000000,3814.54000000,3791.24000000,3797.47000000,1.43092100,1546177199999,5454.90531872,25,1.30759200,4985.79723645,0
1546177200000,3797.46000000,3803.58000000,3797.46000000,3803.58000000,0.29086600,1546177499999,1105.44130748,8,0.28376600,1078.46095248,0
1546177500000,3805.99000000,3805.99000000,3796.74000000,3805.29000000,0.11984100,1546177799999,455.84680333,7,0.07001200,266.41642762,0
1546177800000,3799.00000000,3799.00000000,3794.16000000,3794.17000000,0.29114500,1546178099999,1105.92338533,7,0.23164500,880.01935500,0
1546178100000,3796.33000000,3796.33000000,3790.00000000,3795.04000000,0.34316100,1546178399999,1301.02224243,7,0.29132900,1104.29564480,0
1546178400000,3797.56000000,3798.37000000,3771.45000000,3780.93000000,0.18272100,1546178699999,691.26900698,13,0.07559500,285.81955162,0
1546178700000,3790.63000000,3807.61000000,3784.98000000,3802.08000000,3.09779700,1546178999999,11774.63736810,21,0.06423500,243.86299061,0
1546179000000,3804.23000000,3804.23000000,3804.23000000,3804.23000000,0.01901300,1546179299999,72.32982499,1,0.01901300,72.32982499,0
1546179300000,3802.14000000,3802.14000000,3802.12000000,3802.12000000,0.09007400,1546179599999,342.47325134,4,0.00000000,0.00000000,0
1546179600000,3800.31000000,3803.93000000,3798.17000000,3798.17000000,2.31680800,1546179899999,8804.15850095,16,0.03446700,131.01144931,0
1546179900000,3798.91000000,3798.91000000,3798.91000000,3798.91000000,0.05294400,1546180199999,201.12949104,1,0.00000000,0.00000000,0
1546180200000,3799.27000000,3810.25000000,3799.27000000,3810.25000000,0.63234700,1546180499999,2408.07663611,10,0.61469900,2341.02711915,0
1546180500000,3811.00000000,3814.07000000,3810.47000000,3810.47000000,0.11782900,1546180799999,449.27879090,7,0.08605000,328.16902190,0
1546180800000,3807.01000000,3810.13000000,3807.01000000,3810.13000000,0.04309100,1546181099999,164.11718135,3,0.02735900,104.22530003,0
1546181100000,3808.21000000,3810.64000000,3803.00000000,3803.00000000,0.43719800,1546181399999,1663.89000020,7,0.01047500,39.91645400,0
1546181400000,3803.13000000,3806.32000000,3803.13000000,3806.32000000,1.59538400,1546181699999,6072.43609928,11,0.00000000,0.00000000,0
1546181700000,3804.90000000,3814.78000000,3804.90000000,3813.99000000,1.09666100,1546181999999,4178.75406962,12,0.20063100,765.00422742,0
1546182000000,3811.89000000,3833.33000000,3811.89000000,3832.80000000,0.99832000,1546182299999,3815.38586542,21,0.94915900,3626.95054207,0
1546182300000,3825.92000000,3825.92000000,3813.19000000,3822.30000000,0.97771300,1546182599999,3733.59991921,17,0.55411100,2115.47073830,0
1546182600000,3821.01000000,3821.01000000,3815.44000000,3815.44000000,0.03852000,1546182899999,147.03954387,2,0.01235100,47.19329451,0
1546182900000,3818.04000000,3823.53000000,3818.04000000,3818.09000000,1.75070600,1546183199999,6689.88988389,13,1.05233100,4023.42736809,0
1546183200000,3823.53000000,3826.51000000,3814.98000000,3814.98000000,0.81107200,1546183499999,3102.12063917,11,0.72409600,2770.14483450,0
1546183500000,3814.99000000,3814.99000000,3814.98000000,3814.98000000,0.40816000,1546183799999,1557.12257667,7,0.00000000,0.00000000,0
1546183800000,3813.11000000,3816.63000000,3808.40000000,3816.63000000,0.07454100,1546184099999,284.16234390,6,0.03397500,129.52553823,0
1546184100000,3813.77000000,3813.77000000,3806.83000000,3806.84000000,0.18512900,1546184399999,704.92464685,4,0.02612900,99.63829685,0
1546184400000,3804.40000000,3808.19000000,3800.37000000,3808.19000000,1.71965600,1546184699999,6536.19107967,16,0.03427800,130.53713682,0
1546184700000,3808.19000000,3813.13000000,3806.57000000,3806.57000000,0.14812700,1546184999999,564.18338832,10,0.05632600,214.62982940,0
1546185000000,3806.57000000,3815.37000000,3803.27000000,3815.37000000,2.78077400,1546185299999,10600.40243308,8,2.03945900,7780.97237222,0
1546185300000,3815.33000000,3815.33000000,3800.56000000,3800.56000000,1.94403600,1546185599999,7401.62360277,35,0.04011200,152.94204946,0
1546185600000,3800.56000000,3808.42000000,3800.56000000,3808.42000000,0.26907400,1546185899999,1022.98223308,5,0.04457400,169.75651308,0
1546185900000,3808.42000000,3809.00000000,3803.22000000,3803.22000000,1.42296100,1546186199999,5419.76963226,16,0.36238900,1380.12951538,0
1546186200000,3803.22000000,3803.22000000,3803.22000000,3803.22000000,0.00000000,1546186499999,0.00000000,0,0.00000000,0.00000000,0
1546186500000,3808.94000000,3812.27000000,3808.94000000,3812.27000000,2.69664300,1546186799999,10271.64358278,40,2.69664300,10271.64358278,0
1546186800000,3810.00000000,3810.00000000,3805.70000000,3805.70000000,0.03568400,1546187099999,135.84325100,2,0.00945400,36.01974000,0
1546187100000,3806.00000000,3806.00000000,3799.38000000,3799.38000000,4.97772900,1546187399999,18928.36875063,17,0.00000000,0.00000000,0
1546187400000,3797.00000000,3799.38000000,3797.00000000,3799.37000000,0.78752400,1546187699999,2990.80996096,12,0.78752400,2990.80996096,0
1546187700000,3799.37000000,3799.38000000,3799.37000000,3799.38000000,0.26862300,1546187999999,1020.60046852,6,0.26862300,1020.60046852,0
1546188000000,3799.38000000,3799.38000000,3796.96000000,3796.96000000,0.03696000,1546188299999,140.34264750,3,0.00005700,0.21656466,0
1546188300000,3796.99000000,3797.23000000,3794.70000000,3797.23000000,0.07184700,1546188599999,272.72900718,4,0.00264700,10.05126781,0
1546188600000,3800.98000000,3807.34000000,3800.98000000,3807.34000000,1.21958700,1546188899999,4638.71650758,16,0.90697700,3450.32053118,0
1546188900000,3807.09000000,3810.00000000,3807.09000000,3810.00000000,0.03000000,1546189199999,114.22362414,2,0.03000000,114.22362414,0
1546189200000,3809.76000000,3813.65000000,3809.76000000,3813.64000000,1.90967100,1546189499999,7276.82945373,19,1.59396300,6073.36522305,0
1546189500000,3808.72000000,3808.72000000,3808.72000000,3808.72000000,0.02605500,1546189799999,99.23619960,1,0.00000000,0.00000000,0
1546189800000,3808.72000000,3808.72000000,3808.72000000,3808.72000000,0.00000000,1546190099999,0.00000000,0,0.00000000,0.00000000,0
1546190100000,3808.82000000,3808.82000000,3806.41000000,3806.41000000,0.88701100,1546190399999,3378.45213385,11,0.00543700,20.69545117,0
1546190400000,3804.41000000,3808.67000000,3803.48000000,3808.67000000,0.25773200,1546190699999,980.42092822,3,0.02605500,99.23489685,0
1546190700000,3808.16000000,3813.42000000,3806.30000000,3812.84000000,0.21746000,1546190999999,828.13250987,6,0.04980900,189.91575030,0
1546191000000,3815.30000000,3815.85000000,3815.30000000,3815.85000000,0.36724100,1546191299999,1401.27750850,4,0.36724100,1401.27750850,0
1546191300000,3813.03000000,3824.90000000,3812.37000000,3824.90000000,2.19687000,1546191599999,8399.72129918,15,2.14826300,8214.39746551,0
1546191600000,3819.05000000,3824.00000000,3815.75000000,3824.00000000,2.27020500,1546191899999,8663.91663365,13,0.27020500,1032.25447600,0
1546191900000,3823.91000000,3826.99000000,3823.91000000,3826.99000000,4.84216500,1546192199999,18525.24180984,26,4.84216500,18525.24180984,0
1546192200000,3825.00000000,3826.67000000,3819.06000000,3819.06000000,1.80041800,1546192499999,6886.19979900,11,1.13077800,4325.44424926,0
1546192500000,3826.49000000,3826.52000000,3817.12000000,3817.12000000,4.50756100,1546192799999,17223.15679181,31,1.65797600,6340.51512069,0
1546192800000,3823.99000000,3826.42000000,3823.99000000,3826.42000000,2.66538700,1546193099999,10198.61157899,5,2.55095400,9760.88306199,0
1546193100000,3825.00000000,3826.41000000,3824.99000000,3824.99000000,0.08512500,1546193399999,325.60919658,6,0.02239200,85.65609891,0
1546193400000,3820.77000000,3823.92000000,3818.38000000,3818.41000000,0.46393200,1546193699999,1772.22122968,6,0.12175000,465.50146000,0
1546193700000,3818.41000000,3818.41000000,3811.82000000,3811.88000000,0.42663000,1546193999999,1627.96808904,20,0.14544300,554.40508423,0
1546194000000,3811.88000000,3815.00000000,3806.00000000,3809.44000000,3.64405100,1546194299999,13891.37274884,32,3.50178600,13349.66132735,0
1546194300000,3815.00000000,3815.00000000,3815.00000000,3815.00000000,1.76265600,1546194599999,6724.53264000,33,1.76265600,6724.53264000,0
1546194600000,3808.96000000,3808.96000000,3808.96000000,3808.96000000,0.01821100,1546194899999,69.36497056,1,0.00000000,0.00000000,0
1546194900000,3809.11000000,3814.77000000,3809.11000000,3809.11000000,0.06107600,1546195199999,232.79802236,4,0.02700000,102.99879000,0
1546195200000,3804.43000000,3804.43000000,3799.98000000,3800.00000000,54.54110400,1546195499999,207299.27705518,128,35.99835300,136793.73995927,0
1546195500000,3801.93000000,3811.94000000,3801.93000000,3811.94000000,0.09855500,1546195799999,375.36016275,9,0.06934500,264.11851346,0
1546195800000,3812.00000000,3819.41000000,3811.78000000,3819.41000000,1.13212100,1546196099999,4319.99626470,14,1.06041400,4046.65114702,0
1546196100000,3819.39000000,3819.41000000,3812.00000000,3812.00000000,1.25775300,1546196399999,4802.34130688,13,1.19651700,4568.85896124,0
1546196400000,3814.97000000,3814.97000000,3809.66000000,3810.00000000,19.63770000,1546196699999,74819.61072795,88,19.63770000,74819.61072795,0
1546196700000,3810.00000000,3814.99000000,3810.00000000,3811.00000000,8.62846000,1546196999999,32876.74548053,47,7.58586200,28903.12538435,0
1546197000000,3814.99000000,3822.45000000,3814.99000000,3814.99000000,20.74407700,1546197299999,79140.88921020,134,20.30578300,77468.69479585,0
1546197300000,3816.42000000,3816.42000000,3815.28000000,3815.28000000,0.04822400,1546197599999,184.03876536,3,0.00374800,14.29966944,0
1546197600000,3821.01000000,3821.02000000,3812.30000000,3812.30000000,1.07273100,1546197899999,4094.89102162,5,0.54452900,2080.65581958,0
1546197900000,3812.30000000,3816.67000000,3812.30000000,3816.67000000,0.05992700,1546198199999,228.63118527,3,0.05594500,213.45060667,0
1546198200000,3818.46000000,3820.47000000,3818.46000000,3820.47000000,0.97250200,1546198499999,3714.19176264,4,0.97250200,3714.19176264,0
1546198500000,3820.47000000,3820.47000000,3812.98000000,3820.42000000,20.31021100,1546198799999,77518.33745196,9,10.31021100,39388.24879072,0
1546198800000,3819.59000000,3830.22000000,3819.59000000,3830.22000000,4.00162600,1546199099999,15300.31272335,30,3.99822300,15287.27848469,0
1546199100000,3829.61000000,3829.61000000,3814.91000000,3824.26000000,2.26388500,1546199399999,8661.16185284,17,1.13476500,4338.92409303,0
1546199400000,3816.09000000,3816.09000000,3750.85000000,3795.35000000,19.15591900,1546199699999,72300.55752157,107,12.52580900,47247.43457906,0
1546199700000,3797.22000000,3816.64000000,3797.22000000,3809.06000000,3.05634100,1546199999999,11654.94189236,36,2.74851800,10482.35933449,0
1546200000000,3804.85000000,3804.85000000,3788.61000000,3793.26000000,0.45002500,1546200299999,1708.04272595,24,0.03896300,147.94642554,0
1546200300000,3799.48000000,3807.84000000,3799.48000000,3801.10000000,0.46024900,1546200599999,1750.93841362,11,0.39149300,1489.58943053,0
1546200600000,3806.69000000,3812.37000000,3806.69000000,3808.60000000,10.62433200,1546200899999,40462.96405828,23,0.62433200,2376.96405828,0
1546200900000,3812.35000000,3816.00000000,3804.67000000,3816.00000000,1.66440000,1546201199999,6337.04681297,10,0.41837400,1596.23386619,0
1546201200000,3816.00000000,3822.28000000,3816.00000000,3822.28000000,0.09133300,1546201499999,348.97544700,9,0.07908800,302.24413487,0
1546201500000,3817.17000000,3817.56000000,3814.42000000,3814.42000000,0.40295500,1546201799999,1537.20117704,5,0.00000000,0.00000000,0
1546201800000,3820.23000000,3820.70000000,3810.95000000,3820.70000000,0.17297600,1546202099999,659.68055565,8,0.07100300,270.77863891,0
1546202100000,3819.96000000,3821.96000000,3816.00000000,3821.96000000,0.38787900,1546202399999,1480.88771052,7,0.20733900,791.94688744,0
1546202400000,3823.34000000,3823.50000000,3816.00000000,3816.00000000,2.33472600,1546202699999,8917.58597252,28,0.72250300,2759.83614811,0
1546202700000,3816.00000000,3816.00000000,3816.00000000,3816.00000000,0.00000000,1546202999999,0.00000000,0,0.00000000,0.00000000,0
1546203000000,3810.95000000,3810.95000000,3810.95000000,3810.95000000,0.61567200,1546203299999,2346.29520840,6,0.00000000,0.00000000,0
1546203300000,3812.87000000,3812.87000000,3810.95000000,3810.95000000,1.35374600,1546203599999,5159.25301055,9,0.00000000,0.00000000,0
1546203600000,3811.74000000,3817.70000000,3811.74000000,3817.70000000,0.56956800,1546203899999,2171.32048003,5,0.31337800,1194.79080943,0
1546203900000,3817.67000000,3821.99000000,3815.77000000,3816.36000000,0.30557800,1546204199999,1167.01957148,9,0.30557800,1167.01957148,0
1546204200000,3818.65000000,3818.66000000,3818.41000000,3818.41000000,0.14919800,1546204499999,569.73299509,3,0.14919800,569.73299509,0
1546204500000,3826.11000000,3826.37000000,3819.08000000,3822.65000000,0.12605800,1546204799999,481.83957727,11,0.06860400,262.24106338,0
1546204800000,3827.61000000,3854.99000000,3816.86000000,3827.82000000,11.95179000,1546205099999,45847.21509792,60,3.56018200,13699.42201574,0
1546205100000,3824.20000000,3825.42000000,3817.19000000,3819.71000000,11.46381700,1546205399999,43792.15851685,25,0.36837000,1408.30934131,0
1546205400000,3819.73000000,3827.65000000,3819.73000000,3826.07000000,7.92045200,1546205699999,30266.99288495,55,7.91383000,30241.65205635,0
1546205700000,3822.88000000,3822.88000000,3805.32000000,3805.32000000,0.07262600,1546205999999,277.08404355,10,0.02486700,94.68722745,0
1546206000000,3800.01000000,3818.07000000,3782.81000000,3810.07000000,2.61850800,1546206299999,9970.74296952,48,2.16288200,8238.82344793,0
1546206300000,3809.95000000,3809.95000000,3804.11000000,3807.73000000,1.59477100,1546206599999,6073.75915100,12,1.59191400,6062.88046639,0
1546206600000,3809.06000000,3815.00000000,3807.51000000,3815.00000000,0.16163900,1546206899999,615.68069735,13,0.02495700,95.21095500,0
1546206900000,3815.00000000,3821.43000000,3811.43000000,3821.43000000,0.13658300,1546207199999,521.14694965,6,0.07975700,304.55820847,0
1546207200000,3823.48000000,3823.49000000,3816.34000000,3816.34000000,0.18434800,1546207499999,704.61031906,6,0.13443100,513.99465188,0
1546207500000,3817.51000000,3817.51000000,3807.97000000,3807.97000000,5.16146700,1546207799999,19661.61163031,7,0.02613600,99.77444136,0
1546207800000,3814.68000000,3814.68000000,3814.68000000,3814.68000000,0.02091600,1546208099999,79.78784688,1,0.02091600,79.78784688,0
1546208100000,3814.68000000,3818.92000000,3809.50000000,3818.84000000,0.79638800,1546208399999,3035.85929707,9,0.20305500,775.44767716,0
1546208400000,3815.16000000,3826.07000000,3812.08000000,3826.07000000,0.61980200,1546208699999,2367.16358103,13,0.31675200,1211.73034256,0
1546208700000,3826.07000000,3832.32000000,3826.07000000,3826.07000000,46.88427700,1546208999999,179478.68696046,114,5.31768000,20346.85870695,0
1546209000000,3822.31000000,3822.78000000,3822.31000000,3822.77000000,0.31380600,1546209299999,1199.57351832,6,0.07696200,294.17285828,0
1546209300000,3815.82000000,3817.23000000,3811.54000000,3817.23000000,0.41192900,1546209599999,1571.37490511,4,0.02171300,82.88351499,0
1546209600000,3817.23000000,3817.23000000,3817.23000000,3817.23000000,0.00000000,1546209899999,0.00000000,0,0.00000000,0.00000000,0
1546209900000,3819.65000000,3819.65000000,3819.65000000,3819.65000000,0.03682900,1546210199999,140.67388985,1,0.03682900,140.67388985,0
1546210200000,3819.65000000,3824.95000000,3817.00000000,3817.00000000,0.18234900,1546210499999,696.83083857,9,0.09535000,364.52705897,0
1546210500000,3817.04000000,3817.04000000,3815.03000000,3815.03000000,0.06102900,1546210799999,232.86422877,3,0.00000000,0.00000000,0
1546210800000,3822.59000000,3822.59000000,3822.59000000,3822.59000000,0.00310900,1546211099999,11.88443231,1,0.00310900,11.88443231,0
1546211100000,3817.25000000,3822.20000000,3817.25000000,3822.20000000,0.01162500,1546211399999,44.39820720,3,0.00458100,17.50949820,0
1546211400000,3814.28000000,3817.24000000,3814.25000000,3817.24000000,2.91389500,1546211699999,11114.46306143,40,2.87204800,10954.79271531,0
1546211700000,3818.00000000,3818.00000000,3813.07000000,3813.07000000,0.76707700,1546211999999,2925.38457832,6,0.00000000,0.00000000,0
1546212000000,3820.79000000,3820.79000000,3820.00000000,3820.00000000,0.12341800,1546212299999,471.45913000,3,0.00300000,11.46237000,0
1546212300000,3819.45000000,3823.71000000,3813.08000000,3823.71000000,0.62913700,1546212599999,2399.52144879,11,0.08632300,329.68628199,0
1546212600000,3816.77000000,3816.77000000,3811.01000000,3811.01000000,0.14769200,1546212899999,563.53147132,5,0.00000000,0.00000000,0
1546212900000,3820.98000000,3838.90000000,3820.98000000,3827.92000000,5.18983900,1546213199999,19844.88522051,30,0.69694400,2671.17582163,0
1546213200000,3833.19000000,3833.19000000,3828.56000000,3829.24000000,0.98034800,1546213499999,3754.23874165,13,0.19341700,740.74601950,0
1546213500000,3824.82000000,3830.00000000,3819.17000000,3819.17000000,0.53163100,1546213799999,2032.53776979,12,0.10008800,383.32379746,0
1546213800000,3824.66000000,3825.71000000,3824.66000000,3825.71000000,0.04173800,1546214099999,159.65555788,4,0.02085600,79.78900776,0
1546214100000,3821.55000000,3827.38000000,3821.55000000,3821.66000000,2.31320000,1546214399999,8841.77572694,13,0.04176300,159.84287094,0
1546214400000,3832.27000000,3833.85000000,3822.53000000,3822.53000000,0.73144500,1546214699999,2802.00152927,16,0.24972200,955.87039598,0
1546214700000,3828.19000000,3831.47000000,3828.19000000,3831.45000000,0.24401900,1546214999999,934.73564091,9,0.24401900,934.73564091,0
1546215000000,3830.00000000,3830.00000000,3823.61000000,3823.61000000,0.85649600,1546215299999,3277.67133757,5,0.06336200,242.27157682,0
1546215300000,3821.32000000,3821.32000000,3820.54000000,3820.54000000,0.05221500,1546215599999,199.50986892,2,0.02609600,99.70081184,0
1546215600000,3820.54000000,3820.54000000,3817.83000000,3820.54000000,0.21275400,1546215899999,812.74803513,5,0.18137300,692.94071190,0
1546215900000,3814.82000000,3827.12000000,3814.81000000,3827.12000000,0.66792700,1546216199999,2551.93506349,11,0.54394200,2078.94031364,0
1546216200000,3826.00000000,3826.00000000,3817.15000000,3817.15000000,0.39596200,1546216499999,1514.34333330,4,0.11000000,420.74560000,0
1546216500000,3824.07000000,3825.00000000,3824.07000000,3825.00000000,0.48515700,1546216799999,1855.70855250,5,0.48515700,1855.70855250,0
1546216800000,3825.00000000,3825.00000000,3825.00000000,3825.00000000,0.16175900,1546217099999,618.72817500,2,0.00000000,0.00000000,0
1546217100000,3825.00000000,3825.00000000,3820.89000000,3821.00000000,0.41802200,1546217399999,1597.77839947,8,0.00000000,0.00000000,0
1546217400000,3821.00000000,3826.76000000,3821.00000000,3821.34000000,0.54315700,1546217699999,2077.84037131,9,0.43138200,1650.71455264,0
1546217700000,3821.33000000,3822.60000000,3816.79000000,3822.26000000,3.55019800,1546217999999,13567.63371654,51,2.30463400,8807.71194316,0
1546218000000,3819.15000000,3824.47000000,3818.89000000,3824.47000000,0.32390200,1546218299999,1237.24697062,8,0.09247800,353.40522966,0
1546218300000,3827.79000000,3829.41000000,3787.06000000,3806.95000000,3.16091700,1546218599999,12021.37397185,71,2.50278700,9516.06617505,0
1546218600000,3805.32000000,3807.22000000,3805.32000000,3805.36000000,0.01298200,1546218899999,49.41546660,3,0.00000000,0.00000000,0
1546218900000,3808.96000000,3809.44000000,3800.39000000,3804.62000000,0.19437400,1546219199999,739.54155328,8,0.13872000,527.63961464,0
1546219200000,3805.82000000,3805.82000000,3804.63000000,3804.63000000,0.09589000,1546219499999,364.88107882,6,0.06441200,245.11751917,0
1546219500000,3804.63000000,3804.63000000,3798.91000000,3798.91000000,0.16576600,1546219799999,630.46272646,3,0.00000000,0.00000000,0
1546219800000,3790.83000000,3804.27000000,3777.26000000,3804.27000000,3.35204400,1546220099999,12675.08487070,26,1.66124500,6285.43733204,0
1546220100000,3802.58000000,3804.64000000,3797.51000000,3801.90000000,5.33753500,1546220399999,20297.13320303,32,5.26601700,20025.48936917,0
1546220400000,3801.90000000,3802.71000000,3794.08000000,3796.36000000,0.30433600,1546220699999,1155.83724738,11,0.06095800,231.60874367,0
1546220700000,3796.36000000,3799.34000000,3794.95000000,3796.57000000,1.11906800,1546220999999,4251.43800748,9,0.09904900,376.22134588,0
1546221000000,3793.25000000,3795.21000000,3788.88000000,3789.11000000,0.17896800,1546221299999,678.34152821,6,0.10526400,398.92487345,0
1546221300000,3794.73000000,3795.68000000,3788.95000000,3788.95000000,0.37423300,1546221599999,1420.00616028,4,0.34262100,1300.22987288,0
1546221600000,3795.38000000,3795.38000000,3784.76000000,3793.09000000,1.13063500,1546221899999,4287.72967821,21,1.04906800,3978.73890183,0
1546221900000,3793.97000000,3798.07000000,3789.29000000,3795.93000000,0.79196400,1546222199999,3004.15585496,19,0.57065300,2165.46473273,0
1546222200000,3792.79000000,3798.07000000,3792.79000000,3798.07000000,0.64913200,1546222499999,2462.03641684,5,0.54752400,2076.65861052,0
1546222500000,3798.10000000,3798.10000000,3788.00000000,3788.24000000,0.49711400,1546222799999,1883.38493623,9,0.04135900,156.75490386,0
1546222800000,3788.24000000,3792.57000000,3788.00000000,3788.00000000,0.90734400,1546223099999,3437.11511461,9,0.28352200,1074.04938128,0
1546223100000,3785.56000000,3791.83000000,3785.56000000,3791.83000000,0.09111200,1546223399999,345.46079984,3,0.02894500,109.75451935,0
1546223400000,3787.24000000,3791.27000000,3784.77000000,3784.77000000,0.20537100,1546223699999,777.91983165,10,0.06164900,233.72720006,0
1546223700000,3776.96000000,3781.74000000,3765.07000000,3781.59000000,1.97298400,1546223999999,7449.81916045,25,0.47359700,1787.03368619,0
1546224000000,3777.98000000,3783.42000000,3776.75000000,3782.50000000,10.41826200,1546224299999,39385.45776772,63,0.33096800,1251.92652023,0
1546224300000,3778.60000000,3781.73000000,3770.31000000,3770.99000000,9.10564400,1546224599999,34402.43798086,59,1.43236100,5411.04616802,0
1546224600000,3773.38000000,3777.01000000,3771.31000000,3771.31000000,2.86416200,1546224899999,10805.56823495,27,0.10703000,404.25337667,0
1546224900000,3770.32000000,3771.31000000,3754.88000000,3768.93000000,10.60306400,1546225199999,39933.36482496,88,4.77006200,17970.48445153,0
1546225200000,3769.63000000,3772.78000000,3766.72000000,3766.72000000,0.44922200,1546225499999,1692.56289722,9,0.10110900,381.25661160,0
1546225500000,3770.99000000,3774.61000000,3768.06000000,3774.61000000,0.82058600,1546225799999,3097.33924003,10,0.81721000,3084.61826947,0
1546225800000,3776.00000000,3780.43000000,3773.29000000,3780.43000000,0.24501300,1546226099999,924.68621737,10,0.05493700,207.47434733,0
1546226100000,3780.43000000,3783.00000000,3776.19000000,3781.85000000,0.11400100,1546226399999,430.84206256,8,0.05266400,199.16850754,0
1546226400000,3776.20000000,3782.92000000,3776.19000000,3782.92000000,1.56552700,1546226699999,5920.11565629,5,1.25707100,4755.32711433,0
1546226700000,3779.94000000,3783.68000000,3775.76000000,3782.27000000,0.63855900,1546226999999,2413.70380107,28,0.39874700,1508.16941668,0
1546227000000,3782.89000000,3783.70000000,3776.72000000,3782.53000000,0.39921900,1546227299999,1509.11771402,25,0.09520000,360.10719563,0
1546227300000,3783.72000000,3783.72000000,3780.25000000,3780.25000000,0.05622900,1546227599999,212.73596713,2,0.05080400,192.22811088,0
1546227600000,3783.70000000,3788.52000000,3783.70000000,3788.52000000,0.07758600,1546227899999,293.68939843,9,0.07758600,293.68939843,0
1546227900000,3788.52000000,3788.52000000,3788.52000000,3788.52000000,0.00000000,1546228199999,0.00000000,0,0.00000000,0.00000000,0
1546228200000,3779.71000000,3779.71000000,3777.04000000,3777.04000000,0.97149900,1546228499999,3669.78994370,4,0.00000000,0.00000000,0
1546228500000,3778.64000000,3783.32000000,3778.64000000,3783.32000000,0.59565900,1546228799999,2251.09789874,9,0.07107700,268.89137026,0
1546228800000,3778.69000000,3783.32000000,3778.69000000,3783.32000000,0.32554500,1546229099999,1231.38311440,4,0.00341700,12.92760444,0
1546229100000,3789.24000000,3791.21000000,3783.73000000,3783.73000000,0.17784700,1546229399999,673.71103495,10,0.10879000,412.34810916,0
1546229400000,3788.74000000,3788.74000000,3783.86000000,3783.86000000,0.27868100,1546229699999,1055.31309880,4,0.17368100,658.00779880,0
1546229700000,3788.91000000,3788.91000000,3781.29000000,3785.04000000,2.30952100,1546229999999,8748.20380556,15,0.13203600,500.22100170,0
1546230000000,3784.92000000,3788.35000000,3783.90000000,3785.37000000,0.12931300,1546230299999,489.41984513,15,0.12931300,489.41984513,0
1546230300000,3781.33000000,3787.11000000,3776.45000000,3777.01000000,2.48811000,1546230599999,9401.03625170,42,0.54999800,2080.95502200,0
1546230600000,3778.06000000,3784.29000000,3777.61000000,3777.80000000,0.23509600,1546230899999,888.17026154,12,0.00543200,20.55301526,0
1546230900000,3777.80000000,3792.75000000,3777.80000000,3786.38000000,13.80585400,1546231199999,52236.79322140,78,10.88561400,41202.26654917,0
1546231200000,3785.08000000,3790.81000000,3785.08000000,3790.81000000,0.35120700,1546231499999,1330.41287843,9,0.21954800,832.07242299,0
1546231500000,3790.64000000,3790.86000000,3785.28000000,3785.28000000,0.86644900,1546231799999,3282.91599273,21,0.83480600,3163.13837769,0
1546231800000,3785.69000000,3785.69000000,3785.69000000,3785.69000000,0.00723800,1546232099999,27.40082422,1,0.00000000,0.00000000,0
1546232100000,3789.38000000,3789.38000000,3789.38000000,3789.38000000,0.00882800,1546232399999,33.45264664,1,0.00882800,33.45264664,0
1546232400000,3788.56000000,3790.26000000,3782.35000000,3782.35000000,1.03997500,1546232699999,3935.65795729,17,0.30596800,1159.21861546,0
1546232700000,3784.15000000,3788.77000000,3781.66000000,3788.77000000,0.25692600,1546232999999,972.33701365,11,0.12375100,468.56007400,0
1546233000000,3785.87000000,3787.87000000,3782.73000000,3786.62000000,0.62240700,1546233299999,2356.46890700,19,0.21849800,827.31442130,0
1546233300000,3786.63000000,3790.25000000,3786.62000000,3787.57000000,2.18939800,1546233599999,8294.09468481,13,1.48895000,5641.76403118,0
1546233600000,3787.57000000,3787.59000000,3780.39000000,3780.39000000,0.24629900,1546233899999,932.65550323,9,0.10964600,415.29197518,0
1546233900000,3784.84000000,3784.84000000,3780.46000000,3784.43000000,0.60275300,1546234199999,2281.10628524,11,0.56049900,2121.36672840,0
1546234200000,3784.43000000,3784.43000000,3784.43000000,3784.43000000,0.00000000,1546234499999,0.00000000,0,0.00000000,0.00000000,0
1546234500000,3778.91000000,3779.95000000,3773.84000000,3773.84000000,0.46700400,1546234799999,1764.79256057,7,0.34739000,1313.11683050,0
1546234800000,3777.03000000,3777.03000000,3775.72000000,3777.03000000,0.27419600,1546235099999,1035.62805343,6,0.18715400,706.86780817,0
1546235100000,3776.78000000,3777.38000000,3773.84000000,3773.84000000,0.07742300,1546235399999,292.44538629,4,0.07738600,292.30575421,0
1546235400000,3776.65000000,3777.47000000,3776.65000000,3777.47000000,3.51232000,1546235699999,13266.58259647,13,3.51232000,13266.58259647,0
1546235700000,3782.97000000,3782.98000000,3780.00000000,3780.00000000,0.21225900,1546235999999,802.96026180,3,0.20861000,789.16704180,0
1546236000000,3779.07000000,3779.07000000,3779.07000000,3779.07000000,0.03434700,1546236299999,129.79971729,1,0.00000000,0.00000000,0
1546236300000,3777.00000000,3777.00000000,3777.00000000,3777.00000000,0.46345900,1546236599999,1750.48464300,7,0.46345900,1750.48464300,0
1546236600000,3782.44000000,3782.63000000,3782.41000000,3782.63000000,0.26732700,1546236899999,1011.14833920,4,0.26732700,1011.14833920,0
1546236900000,3784.19000000,3786.75000000,3784.19000000,3786.75000000,1.27678000,1546237199999,4834.70674873,9,1.27678000,4834.70674873,0
1546237200000,3786.75000000,3786.75000000,3785.68000000,3785.68000000,1.50453500,1546237499999,5697.24822814,12,1.46873000,5561.69869090,0
1546237500000,3780.75000000,3783.84000000,3779.77000000,3783.33000000,0.44799700,1546237799999,1693.57331234,5,0.05761700,217.99823172,0
1546237800000,3783.33000000,3786.26000000,3783.33000000,3786.26000000,0.55154000,1546238099999,2087.30091697,10,0.14431500,546.16542294,0
1546238100000,3785.88000000,3786.24000000,3785.88000000,3786.24000000,0.42779600,1546238399999,1619.73632940,9,0.13062000,494.55667116,0
1546238400000,3786.62000000,3786.79000000,3783.49000000,3786.79000000,1.74660900,1546238699999,6613.63087158,32,1.73341700,6563.67778054,0
1546238700000,3786.35000000,3786.99000000,3785.11000000,3786.99000000,1.72022700,1546238999999,6514.00043122,24,1.72022700,6514.00043122,0
1546239000000,3787.00000000,3787.00000000,3787.00000000,3787.00000000,0.25061200,1546239299999,949.06764400,2,0.25061200,949.06764400,0
1546239300000,3787.00000000,3787.00000000,3787.00000000,3787.00000000,2.91133300,1546239599999,11025.21807100,25,2.91133300,11025.21807100,0
1546239600000,3787.32000000,3787.32000000,3783.96000000,3786.71000000,0.77343700,1546239899999,2928.59085767,10,0.58502100,2215.63070912,0
1546239900000,3786.71000000,3787.98000000,3783.62000000,3787.98000000,6.88696100,1546240199999,26082.39423333,53,6.34632200,24036.81781809,0
1546240200000,3787.98000000,3791.21000000,3787.98000000,3791.05000000,0.24473200,1546240499999,927.21981608,6,0.24473200,927.21981608,0
1546240500000,3791.20000000,3793.16000000,3786.01000000,3793.16000000,0.45179900,1546240799999,1713.23772259,7,0.42461100,1610.17720760,0
1546240800000,3792.61000000,3792.61000000,3792.61000000,3792.61000000,0.26785500,1546241099999,1015.86955155,2,0.26785500,1015.86955155,0
1546241100000,3786.53000000,3792.96000000,3786.53000000,3787.06000000,0.73874800,1546241399999,2800.77975021,8,0.54450600,2065.26806490,0
1546241400000,3790.84000000,3790.84000000,3790.84000000,3790.84000000,0.17445300,1546241699999,661.32341052,1,0.17445300,661.32341052,0
1546241700000,3787.06000000,3787.06000000,3782.68000000,3782.68000000,0.43384300,1546241999999,1641.94504052,10,0.20140500,762.15212796,0
1546242000000,3789.03000000,3789.19000000,3789.03000000,3789.19000000,2.07473400,1546242299999,7861.55350239,9,1.96474000,7444.76643747,0
1546242300000,3787.99000000,3789.00000000,3787.99000000,3787.99000000,0.56682300,1546242599999,2147.58027639,23,0.47609100,1803.88836771,0
1546242600000,3787.99000000,3787.99000000,3785.00000000,3785.00000000,0.26734600,1546242899999,1012.11527045,7,0.07045500,266.88283545,0
1546242900000,3784.91000000,3787.99000000,3784.91000000,3787.99000000,0.29980000,1546243199999,1135.42996780,4,0.29980000,1135.42996780,0
1546243200000,3787.13000000,3787.13000000,3780.19000000,3785.07000000,0.83437900,1546243499999,3158.15310601,5,0.77266600,2924.69789662,0
1546243500000,3780.21000000,3782.73000000,3775.00000000,3775.00000000,4.31533500,1546243799999,16310.67995390,14,0.01080600,40.87618038,0
1546243800000,3771.66000000,3777.66000000,3771.63000000,3777.66000000,0.39559900,1546244099999,1494.02619666,9,0.33406800,1261.95267331,0
1546244100000,3777.76000000,3777.76000000,3777.75000000,3777.76000000,1.51791000,1546244399999,5734.29945748,23,1.51791000,5734.29945748,0
1546244400000,3777.76000000,3778.54000000,3775.82000000,3778.54000000,1.98179900,1546244699999,7487.04403064,25,1.97175200,7449.10836710,0
1546244700000,3778.54000000,3778.54000000,3778.53000000,3778.54000000,4.93403900,1546244999999,18643.46361740,29,4.93403900,18643.46361740,0
1546245000000,3784.00000000,3784.00000000,3783.00000000,3783.00000000,0.02000000,1546245299999,75.67000000,4,0.00000000,0.00000000,0
1546245300000,3783.00000000,3783.00000000,3783.00000000,3783.00000000,0.17557800,1546245599999,664.21157400,5,0.16897000,639.21351000,0
1546245600000,3781.61000000,3781.61000000,3781.61000000,3781.61000000,0.05000000,1546245899999,189.08050000,1,0.00000000,0.00000000,0
1546245900000,3783.00000000,3783.00000000,3780.39000000,3780.39000000,0.18511500,1546246199999,700.13861996,9,0.11275100,426.53426142,0
1546246200000,3780.38000000,3780.38000000,3780.22000000,3780.22000000,0.51812700,1546246499999,1958.68868411,6,0.00000000,0.00000000,0
1546246500000,3780.22000000,3780.29000000,3780.22000000,3780.29000000,0.05096000,1546246799999,192.64167118,7,0.00000000,0.00000000,0
1546246800000,3784.13000000,3784.93000000,3780.28000000,3780.28000000,0.05954000,1546247099999,225.16625265,5,0.02000000,75.68613280,0
1546247100000,3779.76000000,3779.76000000,3778.16000000,3778.16000000,1.23488800,1546247399999,4666.07016128,6,0.00000000,0.00000000,0
1546247400000,3779.02000000,3779.76000000,3778.35000000,3778.35000000,2.30477900,1546247699999,8709.67409132,11,0.02542200,96.08905872,0
1546247700000,3778.35000000,3778.35000000,3777.90000000,3777.90000000,1.35380000,1546247999999,5115.11911860,9,0.00000000,0.00000000,0
1546248000000,3777.90000000,3781.11000000,3777.90000000,3780.00000000,6.01756600,1546248299999,22740.20468007,47,0.02848200,107.69357502,0
1546248300000,3781.86000000,3782.11000000,3780.00000000,3782.11000000,1.08261900,1546248599999,4092.32619672,14,0.01109400,41.95570431,0
1546248600000,3782.14000000,3782.14000000,3780.03000000,3781.94000000,1.55587700,1546248899999,5883.67238585,25,1.23551100,4672.61385887,0
1546248900000,3780.79000000,3805.00000000,3780.79000000,3802.92000000,14.29996600,1546249199999,54172.81816011,83,13.93421800,52782.17299149,0
1546249200000,3796.15000000,3801.79000000,3796.00000000,3796.00000000,0.62151000,1546249499999,2360.77118522,8,0.34760800,1320.99877592,0
1546249500000,3795.07000000,3815.24000000,3795.07000000,3808.97000000,10.08531400,1546249799999,38374.73936554,34,1.03799100,3950.24635383,0
1546249800000,3808.70000000,3808.70000000,3805.00000000,3808.43000000,0.91086200,1546250099999,3468.31984925,4,0.72439700,2758.81952461,0
1546250100000,3805.01000000,3805.01000000,3800.00000000,3800.00000000,1.19569200,1546250399999,4543.62978036,9,0.80002000,3040.07600000,0
1546250400000,3798.02000000,3802.46000000,3795.00000000,3795.00000000,4.08776300,1546250699999,15513.31526666,8,0.02724100,103.58281286,0
1546250700000,3795.00000000,3798.91000000,3795.00000000,3798.91000000,1.21553000,1546250999999,4613.06059025,4,0.03177500,120.71036525,0
1546251000000,3800.12000000,3800.12000000,3798.91000000,3798.91000000,0.10710400,1546251299999,406.92442817,2,0.10710400,406.92442817,0
1546251300000,3798.91000000,3800.13000000,3798.91000000,3800.13000000,0.13077300,1546251599999,496.95438097,4,0.09963900,378.64113355,0
1546251600000,3800.00000000,3801.99000000,3800.00000000,3801.99000000,0.82606400,1546251899999,3140.47496321,9,0.03920000,149.03800800,0
1546251900000,3802.00000000,3803.81000000,3797.15000000,3803.81000000,1.57456000,1546252199999,5987.25733960,27,1.57071800,5972.66868930,0
1546252200000,3803.81000000,3804.59000000,3797.84000000,3804.59000000,8.32003900,1546252499999,31645.45720388,75,7.83030800,29785.14635995,0
1546252500000,3803.81000000,3804.59000000,3797.93000000,3803.73000000,2.26907800,1546252799999,8626.74115184,26,1.12542300,4281.00438057,0
1546252800000,3808.68000000,3808.68000000,3808.14000000,3808.14000000,0.00616000,1546253099999,23.45962146,2,0.00616000,23.45962146,0
1546253100000,3802.54000000,3808.93000000,3802.54000000,3808.93000000,1.06962600,1546253399999,4073.76852866,11,1.03820100,3954.27370916,0
1546253400000,3802.54000000,3802.54000000,3800.00000000,3800.00000000,1.70462900,1546253699999,6477.69019469,20,0.06258000,237.90318846,0
1546253700000,3800.00000000,3800.00000000,3800.00000000,3800.00000000,0.45081900,1546253999999,1713.11220000,12,0.00000000,0.00000000,0
1546254000000,3800.00000000,3800.50000000,3800.00000000,3800.50000000,1.90861600,1546254299999,7252.78143900,18,0.08127800,308.89703900,0
1546254300000,3800.50000000,3800.50000000,3724.04000000,3724.07000000,37.34821400,1546254599999,140717.80307290,185,9.68578500,36322.86892256,0
1546254600000,3734.83000000,3758.73000000,3707.30000000,3737.25000000,53.54484100,1546254899999,200123.70804537,201,24.63283500,91901.43638879,0
1546254900000,3733.64000000,3747.29000000,3733.64000000,3745.46000000,0.74599400,1546255199999,2789.66761214,11,0.17122300,640.36852710,0
1546255200000,3744.13000000,3746.32000000,3740.35000000,3741.44000000,0.34282600,1546255499999,1283.44508823,9,0.22371400,837.85610541,0
1546255500000,3745.27000000,3752.10000000,3739.21000000,3746.98000000,23.10560200,1546255799999,86408.22156231,64,8.62787600,32263.18074998,0
1546255800000,3749.95000000,3749.95000000,3746.98000000,3746.98000000,0.86735300,1546256099999,3250.33318584,10,0.11208400,420.30939580,0
1546256100000,3749.94000000,3749.94000000,3744.68000000,3744.68000000,1.79352600,1546256399999,6719.35579095,14,0.06233200,233.73745659,0
1546256400000,3749.70000000,3749.70000000,3744.20000000,3744.21000000,2.88084600,1546256699999,10789.16989825,23,0.06926200,259.71172140,0
1546256700000,3744.21000000,3744.21000000,3735.01000000,3742.00000000,1.20386000,1546256999999,4500.41024854,20,0.22705700,849.59120856,0
1546257000000,3742.00000000,3749.68000000,3742.00000000,3744.54000000,0.62714800,1546257299999,2347.32670086,11,0.61259000,2292.81368754,0
1546257300000,3746.04000000,3746.69000000,3739.42000000,3741.43000000,7.82212500,1546257599999,29273.95938863,26,4.47851800,16756.33620403,0
1546257600000,3742.00000000,3745.76000000,3735.06000000,3735.34000000,2.07565800,1546257899999,7755.22372167,10,0.26585000,994.75505075,0
1546257900000,3739.46000000,3740.66000000,3737.37000000,3737.37000000,1.84367400,1546258199999,6891.88075555,31,0.08441600,315.77155456,0
1546258200000,3737.38000000,3750.99000000,3737.37000000,3742.60000000,5.74703700,1546258499999,21526.52581903,32,1.46849500,5508.01167885,0
1546258500000,3743.15000000,3752.04000000,3743.15000000,3751.28000000,8.53360800,1546258799999,31944.33093675,40,0.21753000,815.95139812,0
1546258800000,3745.75000000,3745.75000000,3741.93000000,3741.93000000,0.12600100,1546259099999,471.66416195,7,0.00000000,0.00000000,0
1546259100000,3741.93000000,3741.93000000,3740.00000000,3740.00000000,0.39547900,1546259399999,1479.09189074,7,0.00000000,0.00000000,0
1546259400000,3740.00000000,3747.93000000,3740.00000000,3747.93000000,1.98645600,1546259699999,7436.57327773,12,0.08187600,306.60450962,0
1546259700000,3745.34000000,3745.34000000,3745.34000000,3745.34000000,0.36665500,1546259999999,1373.24763770,2,0.00000000,0.00000000,0
1546260000000,3750.07000000,3750.07000000,3745.21000000,3750.07000000,0.14777500,1546260299999,554.04473603,8,0.12536800,470.12581556,0
1546260300000,3747.73000000,3750.07000000,3747.73000000,3750.07000000,0.55071400,1546260599999,2065.03080154,4,0.47154800,1768.33800836,0
1546260600000,3750.07000000,3753.82000000,3749.78000000,3749.78000000,4.34905600,1546260899999,16321.99709535,24,0.70765600,2653.79706712,0
1546260900000,3754.26000000,3759.21000000,3754.26000000,3759.21000000,1.36911200,1546261199999,5146.06418977,13,1.30152600,4892.01720195,0
1546261200000,3752.83000000,3757.93000000,3751.66000000,3752.94000000,0.99949200,1546261499999,3750.58955555,13,0.11854000,445.46274974,0
1546261500000,3757.80000000,3759.82000000,3755.01000000,3757.54000000,1.03053300,1546261799999,3872.51003880,17,0.39002200,1465.88948641,0
1546261800000,3757.54000000,3757.54000000,3755.00000000,3755.00000000,1.50000300,1546262099999,5632.51127262,2,0.00000000,0.00000000,0
1546262100000,3755.00000000,3755.00000000,3755.00000000,3755.00000000,0.00000000,1546262399999,0.00000000,0,0.00000000,0.00000000,0
1546262400000,3755.00000000,3756.42000000,3750.00000000,3756.42000000,5.52337100,1546262699999,20725.47894022,40,0.04175900,156.74507605,0
1546262700000,3756.42000000,3756.42000000,3750.01000000,3755.66000000,0.23729900,1546262999999,890.61907229,8,0.10422900,391.49351284,0
1546263000000,3755.63000000,3759.65000000,3750.00000000,3750.00000000,2.77148300,1546263299999,10402.03741495,17,0.89859300,3375.61069303,0
1546263300000,3751.42000000,3756.12000000,3751.42000000,3756.12000000,0.14389800,1546263599999,540.35971256,5,0.11444200,429.85788504,0
1546263600000,3752.81000000,3752.81000000,3752.80000000,3752.80000000,0.23752000,1546263899999,891.36585415,2,0.00000000,0.00000000,0
1546263900000,3757.95000000,3757.95000000,3752.89000000,3752.89000000,0.24425800,1546264199999,917.73285538,6,0.20943400,787.04221402,0
1546264200000,3752.89000000,3758.05000000,3752.89000000,3757.27000000,1.01679500,1546264499999,3820.07959218,11,0.61321000,2304.46277102,0
1546264500000,3755.00000000,3755.74000000,3750.00000000,3755.73000000,1.20103800,1546264799999,4509.52149617,18,0.73534900,2761.77269436,0
1546264800000,3750.02000000,3755.73000000,3750.00000000,3750.01000000,2.30430500,1546265099999,8648.98954278,30,0.09694000,363.99977493,0
1546265100000,3753.60000000,3755.96000000,3750.01000000,3750.06000000,2.79608000,1546265399999,10497.48874698,25,2.69079100,10102.65191064,0
1546265400000,3750.01000000,3750.01000000,3750.01000000,3750.01000000,0.02985000,1546265699999,111.93779850,6,0.00000000,0.00000000,0
1546265700000,3750.01000000,3750.01000000,3750.00000000,3750.00000000,3.38217700,1546265999999,12683.16382449,42,0.00000000,0.00000000,0
1546266000000,3750.00000000,3750.10000000,3750.00000000,3750.00000000,0.77968700,1546266299999,2923.82673240,12,0.00000000,0.00000000,0
1546266300000,3750.00000000,3750.00000000,3750.00000000,3750.00000000,0.24953200,1546266599999,935.74500000,1,0.00000000,0.00000000,0
1546266600000,3753.42000000,3760.34000000,3753.42000000,3760.34000000,0.97069300,1546266899999,3649.00006972,16,0.72035200,2707.90535233,0
1546266900000,3760.33000000,3760.33000000,3760.33000000,3760.33000000,0.01079800,1546267199999,40.60404334,1,0.01079800,40.60404334,0
1546267200000,3759.99000000,3760.00000000,3759.99000000,3760.00000000,1.14569900,1546267499999,4307.82782400,2,1.14569900,4307.82782400,0
1546267500000,3760.00000000,3760.00000000,3760.00000000,3760.00000000,0.00000000,1546267799999,0.00000000,0,0.00000000,0.00000000,0
1546267800000,3760.00000000,3793.47000000,3760.00000000,3774.39000000,19.69699000,1546268099999,74373.72474753,98,5.21860500,19691.18365995,0
1546268100000,3778.65000000,3782.29000000,3773.40000000,3782.29000000,0.74903200,1546268399999,2828.63765981,23,0.27170600,1027.14078629,0
1546268400000,3784.14000000,3799.10000000,3740.93000000,3748.27000000,16.95096600,1546268699999,63763.78510648,125,11.33395500,42578.48503904,0
1546268700000,3750.47000000,3777.40000000,3750.47000000,3760.26000000,11.20940100,1546268999999,42182.83902061,121,7.88817900,29698.97973548,0
1546269000000,3755.53000000,3762.30000000,3755.39000000,3755.53000000,0.63140500,1546269299999,2372.93799132,10,0.32000000,1203.45427079,0
1546269300000,3761.36000000,3762.20000000,3757.94000000,3762.20000000,0.26919800,1546269599999,1012.59855456,9,0.20261700,762.16401432,0
1546269600000,3767.69000000,3769.57000000,3767.69000000,3769.57000000,0.07607100,1546269899999,286.71535163,2,0.02106800,79.37769292,0
1546269900000,3769.57000000,3769.58000000,3762.21000000,3767.86000000,0.34864300,1546270199999,1313.53356476,8,0.15385400,579.72476524,0
1546270200000,3767.61000000,3773.45000000,3767.59000000,3769.00000000,0.26641900,1546270499999,1004.21477397,5,0.14081900,530.91635797,0
1546270500000,3773.43000000,3773.43000000,3767.65000000,3767.65000000,0.96923400,1546270799999,3656.93801926,13,0.13578300,512.33662033,0
1546270800000,3767.65000000,3767.65000000,3765.03000000,3765.03000000,2.90343100,1546271099999,10932.40590848,6,0.36023300,1357.18913730,0
1546271100000,3767.00000000,3767.65000000,3767.00000000,3767.65000000,0.68312300,1546271399999,2573.72016751,13,0.68312300,2573.72016751,0
1546271400000,3767.31000000,3767.65000000,3767.31000000,3767.31000000,0.79541700,1546271699999,2996.64096598,10,0.20944300,789.09451430,0
1546271700000,3766.57000000,3766.57000000,3765.95000000,3765.95000000,0.14987400,1546271999999,564.46495106,5,0.07417400,279.38156318,0
1546272000000,3771.92000000,3793.08000000,3757.90000000,3761.60000000,3.88253400,1546272299999,14698.10777809,43,3.32291600,12583.50834149,0
1546272300000,3763.26000000,3768.53000000,3758.98000000,3758.98000000,1.82287400,1546272599999,6863.97879544,23,0.69518500,2614.40773516,0
1546272600000,3764.63000000,3764.63000000,3764.63000000,3764.63000000,0.00529300,1546272899999,19.92618659,1,0.00529300,19.92618659,0
1546272900000,3758.99000000,3758.99000000,3753.75000000,3755.37000000,0.82746000,1546273199999,3109.78225351,13,0.12366100,464.39280957,0
1546273200000,3755.37000000,3758.12000000,3751.92000000,3758.12000000,0.28063200,1546273499999,1053.83971948,11,0.25136300,944.02477300,0
1546273500000,3758.03000000,3760.00000000,3757.58000000,3760.00000000,0.01354400,1546273799999,50.90212426,3,0.00292200,10.98672000,0
1546273800000,3757.51000000,3757.73000000,3756.46000000,3756.47000000,0.44814700,1546274099999,1683.46698962,11,0.40626600,1526.13259235,0
1546274100000,3760.00000000,3760.00000000,3759.04000000,3760.00000000,7.26092000,1546274399999,27301.05662048,66,7.26092000,27301.05662048,0
1546274400000,3760.00000000,3760.00000000,3760.00000000,3760.00000000,1.34487500,1546274699999,5056.73000000,24,1.34487500,5056.73000000,0
1546274700000,3759.99000000,3760.00000000,3753.96000000,3753.97000000,0.73898400,1546274999999,2776.32879979,10,0.29120000,1094.91158800,0
1546275000000,3753.96000000,3753.96000000,3742.80000000,3750.00000000,6.43866600,1546275299999,24143.47556377,49,3.63615600,13636.35153414,0
1546275300000,3753.19000000,3756.12000000,3751.94000000,3751.95000000,1.55898800,1546275599999,5853.98289217,24,1.31623800,4943.19845017,0
1546275600000,3751.99000000,3756.12000000,3751.99000000,3756.12000000,1.58360200,1546275899999,5947.85684520,14,1.45471800,5464.08806836,0
1546275900000,3756.12000000,3759.99000000,3737.34000000,3751.84000000,9.92872100,1546276199999,37153.93493208,88,7.44801800,27865.28348283,0
1546276200000,3751.84000000,3759.88000000,3744.79000000,3744.79000000,4.95484200,1546276499999,18589.35676661,35,1.27128700,4775.72237746,0
1546276500000,3747.95000000,3749.09000000,3742.61000000,3746.99000000,0.89650000,1546276799999,3360.09325475,21,0.82251600,3083.00489395,0
1546276800000,3742.39000000,3750.53000000,3742.16000000,3746.25000000,2.30619400,1546277099999,8644.58437609,8,2.16515900,8116.77834042,0
1546277100000,3746.88000000,3746.88000000,3743.87000000,3745.10000000,0.04257200,1546277399999,159.40510734,3,0.00278000,10.41632640,0
1546277400000,3744.83000000,3751.24000000,3744.83000000,3751.22000000,0.33586700,1546277699999,1259.13227155,8,0.06053000,226.98388073,0
1546277700000,3749.65000000,3750.82000000,3749.65000000,3750.00000000,1.01985000,1546277999999,3824.44282880,4,0.01985000,74.44282880,0
1546278000000,3750.00000000,3750.04000000,3746.85000000,3750.04000000,1.47538000,1546278299999,5532.31415568,10,1.29266000,4847.47450076,0
1546278300000,3750.44000000,3750.44000000,3748.80000000,3748.80000000,8.70119900,1546278599999,32619.05951472,6,0.00286800,10.75626192,0
1546278600000,3750.51000000,3750.51000000,3749.60000000,3749.60000000,0.00981800,1546278899999,36.81640654,2,0.00981800,36.81640654,0
1546278900000,3749.47000000,3749.47000000,3744.31000000,3744.37000000,0.13273900,1546279199999,497.60985470,7,0.11622000,435.71692908,0
1546279200000,3743.74000000,3750.00000000,3743.73000000,3747.25000000,0.62806500,1546279499999,2354.43959565,8,0.30916000,1158.69470316,0
1546279500000,3746.91000000,3746.91000000,3741.50000000,3741.50000000,3.18495500,1546279799999,11924.79386845,19,1.18171200,4425.60300104,0
1546279800000,3745.71000000,3746.20000000,3737.41000000,3746.20000000,1.79773700,1546280099999,6731.73345318,19,1.59650400,5978.93831628,0
1546280100000,3745.00000000,3745.00000000,3741.43000000,3745.00000000,8.06422500,1546280399999,30200.33447172,90,8.01152100,30003.14614500,0
1546280400000,3747.49000000,3752.54000000,3747.49000000,3750.00000000,5.35122600,1546280699999,20071.20350838,72,5.35122600,20071.20350838,0
1546280700000,3750.00000000,3750.00000000,3749.62000000,3749.62000000,4.28576300,1546280999999,16071.50770666,34,4.28576300,16071.50770666,0
1546281000000,3750.00000000,3754.00000000,3749.76000000,3754.00000000,2.74251000,1546281299999,10286.31157122,34,2.74251000,10286.31157122,0
1546281300000,3754.00000000,3755.98000000,3754.00000000,3755.98000000,3.77581400,1546281599999,14174.49189996,54,3.77581400,14174.49189996,0
1546281600000,3755.98000000,3755.98000000,3751.54000000,3752.70000000,0.63201300,1546281899999,2372.90504243,12,0.17579600,660.17952457,0
1546281900000,3752.70000000,3757.00000000,3750.66000000,3750.66000000,3.59164900,1546282199999,13473.86312323,14,0.40000000,1502.36581681,0
1546282200000,3749.37000000,3749.37000000,3749.37000000,3749.37000000,0.93063800,1546282499999,3489.30619806,8,0.02460100,92.23825137,0
1546282500000,3745.96000000,3753.94000000,3745.96000000,3753.94000000,1.39717200,1546282799999,5244.47851009,6,1.39442900,5234.20334181,0
1546282800000,3753.46000000,3753.94000000,3747.56000000,3747.56000000,0.45804100,1546283099999,1719.01688592,8,0.43406600,1629.16913492,0
1546283100000,3747.32000000,3747.32000000,3743.00000000,3743.00000000,0.18707900,1546283399999,700.56934013,7,0.11511000,430.89897079,0
1546283400000,3741.41000000,3746.11000000,3738.60000000,3746.00000000,24.37889000,1546283699999,91260.78780757,54,24.33643100,91102.01487834,0
1546283700000,3741.85000000,3743.12000000,3741.83000000,3741.83000000,4.02330500,1546283999999,15054.98738600,24,0.05295500,198.15602135,0
1546284000000,3738.33000000,3738.33000000,3737.29000000,3738.32000000,0.32028100,1546284299999,1197.23168604,10,0.20141100,752.94069581,0
1546284300000,3738.32000000,3743.12000000,3738.32000000,3743.12000000,0.33111400,1546284599999,1238.57756048,4,0.10621900,397.59046328,0
1546284600000,3738.33000000,3745.99000000,3738.32000000,3745.99000000,0.59682700,1546284899999,2231.49219779,13,0.20771300,776.74940761,0
1546284900000,3741.85000000,3745.24000000,3733.71000000,3733.71000000,1.65563900,1546285199999,6189.03385158,16,0.02569000,96.21521560,0
1546285200000,3732.17000000,3738.54000000,3667.08000000,3677.00000000,28.04153000,1546285499999,103541.57333189,146,19.44211000,71642.24156918,0
1546285500000,3675.43000000,3678.71000000,3623.24000000,3666.99000000,22.37144400,1546285799999,81626.63475763,210,16.03890500,58512.61164079,0
1546285800000,3667.02000000,3707.07000000,3660.01000000,3687.62000000,24.65974700,1546286099999,90791.43617486,151,19.77449000,72828.97673373,0
1546286100000,3692.11000000,3692.11000000,3680.00000000,3691.54000000,4.74835800,1546286399999,17499.75817048,55,1.70464200,6281.91056460,0
1546286400000,3688.08000000,3688.08000000,3683.84000000,3685.00000000,0.77533200,1546286699999,2857.43316545,11,0.00318200,11.72567000,0
1546286700000,3680.00000000,3687.05000000,3660.52000000,3683.84000000,3.11889000,1546286999999,11460.71432203,46,1.01621800,3734.71478285,0
1546287000000,3683.20000000,3684.60000000,3674.61000000,3680.30000000,6.44743800,1546287299999,23726.54641103,66,1.74685000,6429.59802891,0
1546287300000,3678.71000000,3683.25000000,3675.00000000,3675.00000000,1.61310900,1546287599999,5929.79573512,35,0.18083400,665.35728049,0
1546287600000,3675.00000000,3677.07000000,3675.00000000,3675.00000000,4.16912000,1546287899999,15326.15947449,28,2.72122500,10005.11528236,0
1546287900000,3675.00000000,3681.34000000,3675.00000000,3678.62000000,2.10250600,1546288199999,7731.24139480,41,0.99313500,3654.29773670,0
1546288200000,3675.02000000,3680.54000000,3675.00000000,3680.54000000,0.83936600,1546288499999,3085.40435855,13,0.38175500,1403.67723922,0
1546288500000,3680.54000000,3685.99000000,3680.05000000,3682.07000000,0.20086600,1546288799999,739.46425894,4,0.04893400,180.34690234,0
1546288800000,3680.13000000,3685.91000000,3678.47000000,3678.62000000,8.85445600,1546289099999,32602.53722072,36,3.89057200,14335.85245356,0
1546289100000,3682.49000000,3688.00000000,3680.57000000,3688.00000000,0.47249200,1546289399999,1741.24162172,11,0.25203100,928.76628304,0
1546289400000,3683.66000000,3683.66000000,3676.94000000,3680.00000000,10.98607300,1546289699999,40402.12900796,53,1.17390500,4320.21313144,0
1546289700000,3680.00000000,3682.33000000,3680.00000000,3680.00000000,0.95273700,1546289999999,3506.24463818,10,0.08807400,324.28479818,0
1546290000000,3680.00000000,3685.00000000,3680.00000000,3680.00000000,15.53728400,1546290299999,57220.94705754,44,10.59712400,39034.14089468,0
1546290300000,3685.09000000,3685.09000000,3680.00000000,3680.47000000,0.11546500,1546290599999,425.07667590,5,0.07285000,268.24724746,0
1546290600000,3680.00000000,3684.91000000,3680.00000000,3680.00000000,4.40059400,1546290899999,16198.57900610,17,0.53991000,1988.84385210,0
1546290900000,3681.98000000,3685.00000000,3681.66000000,3684.29000000,6.24429900,1546291199999,23006.44973114,64,6.23971400,22989.56932004,0
1546291200000,3681.97000000,3682.00000000,3680.00000000,3680.00000000,4.91932500,1546291499999,18112.71346238,15,0.74397900,2739.32340474,0
1546291500000,3682.00000000,3682.00000000,3680.00000000,3680.00000000,13.93684300,1546291799999,51287.66473400,76,0.04124700,151.87145400,0
1546291800000,3680.00000000,3680.42000000,3679.00000000,3680.42000000,8.07653300,1546292099999,29721.02176957,65,0.12519700,460.77754274,0
1546292100000,3671.42000000,3678.00000000,3671.42000000,3678.00000000,0.17669100,1546292399999,649.68387424,4,0.17669100,649.68387424,0
1546292400000,3677.99000000,3677.99000000,3669.51000000,3669.51000000,2.02904400,1546292699999,7452.95319144,23,1.04279300,3833.47803317,0
1546292700000,3670.00000000,3675.33000000,3669.00000000,3669.00000000,5.43116500,1546292999999,19935.01486422,25,1.10993700,4078.20112517,0
1546293000000,3668.00000000,3676.87000000,3666.00000000,3676.87000000,1.58684700,1546293299999,5825.49850311,19,1.26397500,4639.66383737,0
1546293300000,3672.26000000,3677.63000000,3672.26000000,3677.63000000,0.17529200,1546293599999,644.43994141,3,0.13447700,494.55664951,0
1546293600000,3672.48000000,3677.55000000,3669.92000000,3669.92000000,3.05254100,1546293899999,11206.50454717,30,2.54357500,9338.04070964,0
1546293900000,3671.42000000,3672.58000000,3669.92000000,3672.58000000,3.16512500,1546294199999,11622.98195790,26,3.03581200,11148.35798964,0
1546294200000,3672.09000000,3672.09000000,3666.37000000,3666.37000000,0.27479500,1546294499999,1008.45314637,9,0.18575900,682.01422705,0
1546294500000,3670.96000000,3671.00000000,3666.14000000,3671.00000000,1.10735800,1546294799999,4063.41999600,17,0.75526400,2772.57379896,0
1546294800000,3670.59000000,3671.25000000,3668.26000000,3668.26000000,0.89575400,1546295099999,3286.14924493,12,0.00865700,31.75612682,0
1546295100000,3674.24000000,3674.24000000,3667.80000000,3674.23000000,1.98578900,1546295399999,7286.97695182,20,1.81090800,6645.51982169,0
1546295400000,3668.29000000,3673.84000000,3668.29000000,3673.84000000,0.54901900,1546295699999,2016.28223015,12,0.40954100,1504.58150627,0
1546295700000,3673.84000000,3677.00000000,3673.84000000,3676.99000000,0.35130500,1546295999999,1291.54174429,6,0.10654100,391.54451629,0
1546296000000,3677.00000000,3687.04000000,3677.00000000,3686.39000000,0.61941500,1546296299999,2280.28146420,13,0.59749600,2199.62107853,0
1546296300000,3687.44000000,3687.44000000,3680.01000000,3682.59000000,0.64879000,1546296599999,2388.59096249,9,0.06994900,257.72844915,0
1546296600000,3685.64000000,3685.64000000,3685.64000000,3685.64000000,0.06671000,1546296899999,245.86904440,10,0.06671000,245.86904440,0
1546296900000,3679.01000000,3690.75000000,3679.00000000,3690.75000000,1.12202300,1546297199999,4134.50624662,15,1.05791400,3898.44006480,0
1546297200000,3690.67000000,3696.02000000,3677.55000000,3692.16000000,1.01660300,1546297499999,3750.99378627,26,0.45000000,1660.94749385,0
1546297500000,3689.27000000,3706.81000000,3685.44000000,3693.15000000,1.21401000,1546297799999,4490.62145516,19,0.80666700,2987.97538023,0
1546297800000,3693.17000000,3703.79000000,3693.17000000,3693.24000000,6.40333500,1546298099999,23698.33127379,87,0.58851000,2179.71745290,0
1546298100000,3693.24000000,3693.24000000,3693.24000000,3693.24000000,0.00000000,1546298399999,0.00000000,0,0.00000000,0.00000000,0
1546298400000,3697.71000000,3697.72000000,3697.71000000,3697.72000000,0.14020300,1546298699999,518.43065453,6,0.07826300,289.39387773,0
1546298700000,3697.72000000,3703.63000000,3692.49000000,3703.63000000,0.21639900,1546298999999,799.54964880,7,0.13437900,496.28156531,0
1546299000000,3692.16000000,3702.80000000,3692.16000000,3692.16000000,5.37438900,1546299299999,19844.83589906,41,0.16263200,602.19376960,0
1546299300000,3692.16000000,3695.79000000,3692.16000000,3695.79000000,3.71218200,1546299599999,13706.02934163,32,0.01637700,60.52595283,0
1546299600000,3692.16000000,3692.16000000,3692.16000000,3692.16000000,8.49675100,1546299899999,31371.36417216,74,0.00000000,0.00000000,0
1546299900000,3690.00000000,3695.00000000,3689.99000000,3689.99000000,13.78854500,1546300199999,50924.56158396,42,5.07932400,18752.81466396,0
1546300200000,3687.99000000,3687.99000000,3687.99000000,3687.99000000,0.20593700,1546300499999,759.49359663,3,0.20593700,759.49359663,0
1546300500000,3682.13000000,3692.00000000,3682.13000000,3692.00000000,6.11105000,1546300799999,22561.71224504,21,6.09721200,22510.75241716,0
